
> vantage_movers_server@1.0.0 test C:\Users\Pinda\Proyectos\vantage\vantage-main-server
> node --import tsx --import ./ops/test-setup.ts --test "src/**/*.test.ts" "api/queues/**/*.test.ts" "scripts/api/*.test.ts" "scripts/migrations/cancellation-correlation-snapshots.lib.test.ts" "scripts/migrations/wordpress-form-submission-receipts.lib.test.ts" "scripts/migrations/extension-user-roles-sales-backfill.lib.test.ts" "scripts/migrations/extension-user-roles-array.lib.test.ts" "scripts/migrations/form-lead-unknown-state-local.lib.test.ts" "scripts/prototypes/lead-conversion-and-granot-search/**/*.test.ts" "scripts/prototypes/job-number-timeline/**/*.test.ts"

✔ consumer accepts only { receipt_id } (5.5411ms)
✔ vercel.json registers queue/v2beta topic granot-lifecycle-events* (4.5777ms)
✔ consumer accepts only { job_id } (7.1038ms)
✔ vercel.json registers queue/v2beta topic sales-intelligence-events* (7.7193ms)
✔ loadVantageApiConfig requires VANTAGE_API_SECRET (3.1234ms)
✔ loadVantageApiConfig defaults to production and never echoes the secret (0.7834ms)
✔ production write guard (0.798ms)
✔ buildVantageApiUrl joins path and query (0.7305ms)
✔ historical analysis stamps only surviving Booking job evidence (2.1752ms)
✔ historical analysis leaves missing Booking links as remainder (1.1572ms)
✔ historical analysis does not infer a job from a Booking without job fields (5.1543ms)
✔ already-stamped historical rows are not remainder and are not reapplied (2.9737ms)
✔ inventory summary lists remainder ids only (1.9548ms)
✔ roles-array report maps leftover singular role per spec §3.3 (3.0088ms)
✔ already-has-roles rows do not bump token_version and will not apply (0.5166ms)
✔ roles-array summary counts convert versus already-has-roles (0.6465ms)
✔ sales backfill remaps the three production Employee emails and increments token_version (11.9174ms)
✔ sales backfill is a no-op when those emails are already Sales (0.5928ms)
✔ sales backfill leaves jbell, kylm, and ringram unchanged (0.4974ms)
✔ sales backfill summary counts remap versus leave-alone rows (0.5876ms)
✔ September 2026 window is the Florida-stamped calendar month (5.2137ms)
✔ filter is Form Leads in the month with a not_found state (2.2694ms)
✔ classify marks long_distance unknown-state rows for update (0.5791ms)
✔ classify skips rows that are already local (0.2898ms)
✔ summary counts needs_update versus already_local (0.4528ms)
✔ unique idempotency index is named and unique (2.8866ms)
✔ report-first index inventory names present vs missing (0.5347ms)
✔ CLI unknown flags fail closed (3.8113ms)
✔ CLI production gate (0.7207ms)
✔ CLI render requires --job-no (0.3251ms)
✔ CLI and load stay zero-mutation (4.9888ms)
✔ CLI render uses the production module (0.7579ms)
✔ Discover score (47.4217ms)
✔ activity grouping preserves every event id (140.535ms)
✔ proof notes alias Job Numbers and pick required shapes (14.9463ms)
✔ collection count deltas stay empty when counts match (1.9415ms)
✔ percentile uses the ceiling rank (0.4598ms)
✔ observation Job filter remaps equivalentNormalizedJobFilter onto identity.normalized_job_no (2.0455ms)
✔ successful text is accepted, sent, or delivered (1.9265ms)
✔ conversion rate is zero when the cohort is empty (1.9558ms)
✔ two successful messages for one Lead count once (0.5576ms)
✔ SMS booked rate is booked among successfully texted Leads, not all Leads (0.8298ms)
✔ receiver-agent booked and cancelled both use received Leads as the denominator (0.6746ms)
✔ blank Job Number is rejected before any search (6.7982ms)
✔ Booked / Releas without booking_status_changed is rejected (1.2745ms)
✔ equivalent Job Numbers resolve to the same hit set (59.0099ms)
✔ event class keeps route_event_class, not payload event_type aliases (0.5708ms)
✔ booking_status_changed Booked and Releas are two granularities (0.6022ms)
✔ Priority 5 is not Booked (0.3675ms)
✔ latest Decision attempt only, and commands attach by observation provenance (0.6065ms)
✔ a command on another Job does not leak into this Job's timeline seed (0.84ms)
✔ matching roles set authenticates even when order differs (1.7261ms)
✔ set mismatch, missing roles, missing version, email drift, inactive, and deleted fail (0.5203ms)
✔ leftover employee stored role matches Sales plus Customer Service claims (0.4182ms)
✔ refresh rejects a stale token_version (0.3747ms)
✔ issueTokens writes roles and token_version onto the access token (8.7727ms)
✔ PublicExtensionUser is id, email, and roles (0.7494ms)
✔ getExtensionUserFromAccessToken uses the matcher through an injected lookup (3.394ms)
✔ access token includes roles and token_version (16.0168ms)
✔ singular role tokens and missing claims fail access verify (4.9964ms)
✔ isAccessTokenPayload requires current roles and numeric token_version (0.3246ms)
✔ refresh token still signs and verifies sub plus token_version (2.3913ms)
✔ hasExtensionRole Owner checks pass for Owner unions and fail for Sales plus Customer Service (0.5618ms)
✔ lead sheet headers include booked date on Forms and Calls tabs (2.2508ms)
✔ call sheet headers omit owner-hidden descriptive and location columns (0.5265ms)
✔ lead sheet configuration includes duplicate and form fill surfaces (0.3199ms)
✔ source label mapping accepts Granot compact BestRelocation labels (0.5636ms)
✔ top10_leads sheet label is Top 10 Forms while legacy labels still resolve (0.6345ms)
✔ 10 Best inbound labels resolve to tbm_leads (0.3227ms)
✔ GetMovers labels resolve to get_movers_leads (0.5445ms)
✔ Paid Overflow labels resolve to paid_overflow (0.3387ms)
✔ lead sheet source company labels are precise by lead type (0.5419ms)
✔ getBookingReconciliationConfig defaults rematch reasons to matching_unavailable and no_match (4.2459ms)
✔ parseBookingReconciliationReasons rejects unknown values (1.3113ms)
✔ getBookingReconciliationConfig reads configured delays and limits (0.9458ms)
{"level":"info","time":"2026-09-18T18:05:14.971Z","service":"vantage-main-server","env":"development","msg":"operations_registry.compatibility_read","observability_level":"info","category":"admin","workflow":"operations_registry"}
{"level":"info","time":"2026-09-18T18:05:35.065Z","service":"vantage-main-server","env":"development","msg":"operations_registry.compatibility_read","observability_level":"info","category":"admin","workflow":"operations_registry"}
{"level":"info","time":"2026-09-18T18:05:55.240Z","service":"vantage-main-server","env":"development","msg":"operations_registry.compatibility_read","observability_level":"info","category":"admin","workflow":"operations_registry"}
{"level":"info","time":"2026-09-18T18:06:15.343Z","service":"vantage-main-server","env":"development","msg":"operations_registry.compatibility_read","observability_level":"info","category":"admin","workflow":"operations_registry"}
✔ simple-rate sources return their configured CPL for both form and call leads (80548.0338ms)
{"level":"info","time":"2026-09-18T18:06:35.473Z","service":"vantage-main-server","env":"development","msg":"operations_registry.compatibility_read","observability_level":"info","category":"admin","workflow":"operations_registry"}
{"level":"info","time":"2026-09-18T18:06:55.607Z","service":"vantage-main-server","env":"development","msg":"operations_registry.compatibility_read","observability_level":"info","category":"admin","workflow":"operations_registry"}
{"level":"info","time":"2026-09-18T18:07:15.708Z","service":"vantage-main-server","env":"development","msg":"operations_registry.compatibility_read","observability_level":"info","category":"admin","workflow":"operations_registry"}
{"level":"info","time":"2026-09-18T18:07:35.820Z","service":"vantage-main-server","env":"development","msg":"operations_registry.compatibility_read","observability_level":"info","category":"admin","workflow":"operations_registry"}
{"level":"info","time":"2026-09-18T18:07:55.956Z","service":"vantage-main-server","env":"development","msg":"operations_registry.compatibility_read","observability_level":"info","category":"admin","workflow":"operations_registry"}
✔ best_relocation_leads splits form CPL by local vs long_distance but not call CPL (100714.7403ms)
✔ not_provided always reports CPL 0 without querying CplRate (30277.1032ms)
{"level":"info","time":"2026-09-18T18:08:46.582Z","service":"vantage-main-server","env":"development","msg":"operations_registry.compatibility_read","observability_level":"info","category":"admin","workflow":"operations_registry"}
{"level":"info","time":"2026-09-18T18:09:06.665Z","service":"vantage-main-server","env":"development","msg":"operations_registry.compatibility_read","observability_level":"info","category":"admin","workflow":"operations_registry"}
{"level":"info","time":"2026-09-18T18:09:26.690Z","service":"vantage-main-server","env":"development","msg":"operations_registry.compatibility_read","observability_level":"info","category":"admin","workflow":"operations_registry"}
✔ legacy source labels are normalized before CPL lookup (60207.1848ms)
{"level":"info","time":"2026-09-18T18:09:46.710Z","service":"vantage-main-server","env":"development","msg":"operations_registry.compatibility_read","observability_level":"info","category":"admin","workflow":"operations_registry"}
{"level":"info","time":"2026-09-18T18:09:56.731Z","service":"vantage-main-server","env":"development","msg":"operations_registry.compatibility_read","observability_level":"info","category":"admin","workflow":"operations_registry"}
✔ falls back to canonical defaults when Mongo is unreachable (20039.267ms)
✔ missing Redis URL or token returns a null client (4.1412ms)
✔ UPSTASH_* names construct a client and KV_* aliases do too (26.4727ms)
✔ read-only token, KV_URL, and REDIS_URL are not used for the client (5.2369ms)
✔ test runner never publishes Daily Operations Redis writes (1.6865ms)
✔ TEST_MODE also keeps Daily Operations Redis publish off (21.7886ms)
✔ missing credentials keep publish off even outside the TEST_MODE flag (2.1674ms)
✔ Redis stream key uses VERCEL_ENV production or preview, otherwise local (2.1645ms)
✔ collection names use the test prefix in the test runner (2.1809ms)
✔ parseEmployeeBookingAutoMatchRules preserves Exact Job Booking Attach order (3.808ms)
✔ parseEmployeeBookingAutoMatchRules accepts none (0.6625ms)
✔ parseEmployeeBookingAutoMatchRules rejects duplicates (1.1232ms)
✔ parseEmployeeBookingAutoMatchRules rejects retired phone, LID, and email rules (0.7151ms)
✔ getEmployeeBookingMatchingConfig defaults to Exact Job Booking Attach (0.9206ms)
✔ getEmployeeBookingMatchingConfig reads env values (0.6791ms)
✔ snapshotEmployeeBookingAutoMatchPolicy uses parsed config, not a raw env string (0.675ms)
✔ Google service account env var name constants match the production / test names (1.5208ms)
✔ Google service account env var selectors swap to the *_TEST_* names in test mode (0.8585ms)
✔ completion redirect must match configured trusted admin origin (2.8865ms)
✔ localhost completion redirect is rejected in production (0.5066ms)
✔ production detection follows NODE_ENV and VERCEL_ENV (0.7358ms)
✔ owner email allowlist keeps the primary identity and unions extras (1.7603ms)
✔ owner email allowlist rejects blank or duplicate extras (1.231ms)
✔ [AC-31] foundation execution mode is historical without activation and permanent before cutoff (1.9987ms)
✔ [AC-31] foundation channel never changes execution mode (0.7079ms)
✔ lifecycle flags default to processing true, shadow true, and all effects false (2.0099ms)
✔ malformed lifecycle flag values fail closed (0.9853ms)
✔ blank Granot webhook secret is treated as missing configuration (4.1398ms)
✔ lifecycle queue topic is environment scoped (0.8069ms)
✔ lifecycle queue publishing stays off in the test runner and unapproved environments (0.6879ms)
✔ lead messaging mode defaults invalid and missing values to disabled (2.7818ms)
✔ lead messaging credentials use only definite environment variables (2.2167ms)
✔ lead messaging queue topic is environment scoped and test-safe (0.7975ms)
✔ Granot create-if-missing SMS stays off unless the env flag is an explicit boolean true (1.6064ms)
✔ quiet-hours scheduling is off unless the env flag is exactly true (1.6991ms)
✔ lead messaging abuse guards have safe defaults and env overrides (1.1275ms)
✔ a successful confirmation text is accepted, sent, or delivered (0.4188ms)
✔ observability is disabled inside the test runner even with opt-in flags (2.9917ms)
✔ node test runner disables observability writes even when explicitly allowed (1.1758ms)
✔ bootstrap test runner marker survives env cleanup (1.5247ms)
✔ ALLOW_TEST_OBSERVABILITY is ignored on Vercel runtimes (1.1103ms)
✔ zip-state and auth capture flags are off while observability is disabled (1.1687ms)
✔ node test runner always forces test observability collections (1.8686ms)
✔ write mode parses values while test runner still blocks collection writes (1.1876ms)
✔ collection names follow runtime TEST_MODE by default (27.5179ms)
✔ collection mode production/test override TEST_MODE (0.8665ms)
✔ collection prefix is applied to default names (0.7521ms)
✔ custom collection mode cannot override forced test collections in the test runner (2.0466ms)
✔ event min level and info capture gate persistence (0.8979ms)
✔ owner-visible info events can bypass general info suppression (11.5561ms)
✔ email mode defaults to log_only and immediate levels default to critical (1.4257ms)
✔ owner events parse from csv (1.3523ms)
✔ config validation keeps test collections under custom mode in the test runner (1.5722ms)
✔ Google reporting delivery kill switch is fail-closed (2.7257ms)
✔ Google reporting delivery kill switch accepts only explicit true (0.4623ms)
✔ isTestMode is true only for the literal string 'true' after trim/lowercasing (2.5914ms)
✔ shouldWriteSourceLeadSheets is false by default and only true for the literal 'true' (1.0139ms)
✔ getMongoDatabaseName swaps between the prod and test databases on TEST_MODE (0.6966ms)
✔ getRuntimeSheetContainerEnvVar prefixes TEST_ in test mode and is identity otherwise (0.571ms)
✔ getRequiredEnv throws when the env var is missing or blank, with the var name in the message (1.2912ms)
✔ sheet container id helpers route through the TEST_-prefixed env var in test mode (0.9851ms)
✔ getSourceLeadSheetContainerId returns undefined for not_provided (no source sheet env var) (0.6085ms)
✔ getSourceLeadSheetContainerId returns undefined for paid_overflow (Master Sheets only) (0.9969ms)
✔ getSheetSyncMode defaults to legacy and parses known values (2.9592ms)
✔ queue topic is env-scoped and overridable (1.0848ms)
✔ budgets default below documented Google limits and parse overrides (1.108ms)
✔ drain guardrails default to fast queue draining and parse overrides (1.0563ms)
✔ shouldPublishSheetSyncQueue stays off outside production Vercel (1.103ms)
✔ isVercelFunctionRuntimeEnv requires hosted runtime markers (0.8694ms)
✔ shouldPublishSheetSyncQueue is always off during the test runner (0.669ms)
✔ shouldPublishSheetSyncQueue keeps test runner guard after env cleanup (36.5878ms)
✔ coalescing keys follow the design doc shape (1.4638ms)
✔ delete resources supersede their matching upsert keys (1.476ms)
✔ priority ordering: deletes > booking > cancellation > create > update (2.267ms)
✔ maps Initial Price cubic feet onto the Drop Downs Linehaul ranges (1.9631ms)
✔ treats Binding Estimate Fee as automatic, not an owner dropdown (0.5517ms)
✔ rules for a Service stay inside that Service (1.4243ms)
{"level":"info","time":"2026-09-18T18:04:52.346Z","service":"vantage-main-server","env":"development","msg":"logger.test.circular","data":{"name":"ring","self":"[Circular]"}}
✔ logger does not throw when an object passed to info() contains a circular reference (3.7931ms)
✔ logger does not throw when an object passed to info() contains BigInt values (0.4812ms)
✔ logger does not throw when err key is a non-Error value (0.6574ms)
✔ logger does not throw when given undefined or null payloads (0.3536ms)
✔ logger exposes the pino API the codebase relies on (0.2728ms)
{"level":"info","time":"2026-09-18T18:04:52.350Z","service":"vantage-main-server","env":"development","msg":"logger.test.bigint","pos":1234567890123456789,"neg":-9876543210123456789}
{"level":"error","time":"2026-09-18T18:04:52.350Z","service":"vantage-main-server","env":"development","err":"plain string error","msg":"logger.test.string_err"}
{"level":"error","time":"2026-09-18T18:04:52.350Z","service":"vantage-main-server","env":"development","err":{"code":"E_BAD","details":{"a":1}},"msg":"logger.test.object_err"}
{"level":"error","time":"2026-09-18T18:04:52.351Z","service":"vantage-main-server","env":"development","err":null,"msg":"logger.test.null_err"}
{"level":"error","time":"2026-09-18T18:04:52.351Z","service":"vantage-main-server","env":"development","msg":"logger.test.undefined_err"}
{"level":"info","time":"2026-09-18T18:04:52.351Z","service":"vantage-main-server","env":"development","msg":"plain string message"}
{"level":"info","time":"2026-09-18T18:04:52.351Z","service":"vantage-main-server","env":"development","msg":"logger.test.empty"}
{"level":"warn","time":"2026-09-18T18:04:52.351Z","service":"vantage-main-server","env":"development","msg":"logger.test.warn_no_data"}
✔ requireApiSecret accepts the global API secret on any v1 route (6.8492ms)
✔ requireApiSecret accepts a source-scoped key for its configured route (3.8981ms)
✔ requireApiSecret accepts a source-scoped key for configured call lead route (1.6011ms)
✔ requireApiSecret rejects a scoped key on a different route (3.3525ms)
✔ requireApiSecret rejects a scoped key for a different source company (1.521ms)
✔ requireApiSecret rejects Sales plus Customer Service Bearer on form-lead data routes (1.4134ms)
✔ requireApiSecret allows Sales plus Customer Service Bearer on Tariff Adjustment Submit (0.7498ms)
✔ requireApiSecret rejects Sales-only Bearer on tariff, form-lead, and Enrichment apply routes (32.5429ms)
✔ requireApiSecret allows Customer Service Bearer on Tariff Adjustment Submit (1.175ms)
✔ requireApiSecret rejects Customer Service Bearer on form-lead data routes (0.9895ms)
✔ requireApiSecret allows Owner Bearer on Tariff Adjustment Submit (0.5395ms)
✔ requireApiSecret rejects unknown secrets (1.6451ms)
✔ [AC-01] both valid secrets store header_secret and still validate the body (6.002ms)
✔ [AC-01] one valid form authenticates; missing, wrong, nonscalar, and mismatched dual secrets do not (0.8918ms)
✔ [AC-01][AC-35] middleware deletes the body credential before 500, 401, and success (2.4082ms)
✔ [AC-01] nonscalar header or body forms are unauthorized and still strip the body key (1.006ms)
✔ [AC-01][AC-35] delete helper removes the body credential without exposing it (1.043ms)
✔ [AC-08][AC-12] CallLead defaults quoted/post_to_granot false and has exact provenance paths (55.4077ms)
✔ [AC-12] Call quoted and ingested snapshot/origin are immutable after insert (14.0049ms)
✔ [AC-12] new Call rows reject legacy_unknown and malformed provenance (17.247ms)
✔ [AC-12] CallLead receiver-agent enum gains granot_username_match (0.4287ms)
✔ [AC-07] CallLead declares the three exact S08 indexes and no unique Lead Job index (2.5478ms)
✔ [AC-14] RingCentral original caller evidence is required and immutable (59.9403ms)
✔ CancelledLead persists the four correlation snapshot fields (28.053ms)
✔ CancelledLead correlation snapshots are immutable after insert (41.4497ms)
✔ CancelledLead snapshot index is named and not auto-unique (2.4099ms)
✔ [AC-21] command execution model keeps unique origin/idempotency and command_id indexes (3.1759ms)
✔ [AC-32] origin enum accepts the four command origins and nested applied result (1.5871ms)
✔ [AC-21] legacy top-level refs/warnings derive the stored applied result without rewrite (0.6677ms)
✔ [AC-32] EntityChange model uses the named collection and four exact indexes (6.1417ms)
✔ [AC-32] EntityChange requires adjacent nonnegative revisions and matching changed_paths (54.0364ms)
✔ [AC-32] contact/address and delete fields are reference_only with no raw values (9.5988ms)
✔ [AC-32] EntityChange serialization omits payload, headers, secrets, and unmasked contact (64.8449ms)
✔ [AC-32] EntityChange save and query hooks reject post-insert mutation (10.0968ms)
✔ [AC-10] [AC-11] FormLead declares exact origin, snapshot, job, and provenance paths (62.3781ms)
✔ [AC-03] Form Job Number is distinct from Tracking Reference ref_no (3.4878ms)
✔ [AC-10] ingested Form snapshots and origin are immutable after insert (68.4768ms)
✔ [AC-10] new Form rows cannot use legacy_unknown or legacy_baseline (4.9519ms)
✔ [AC-07][AC-08] trusted Form may omit move size/date without inventing facts (16.3256ms)
✔ [AC-12] FormLead receiver-agent enum gains granot_username_match and keeps compatibility (0.4159ms)
✔ [AC-07] FormLead declares the four exact S08 indexes and no unique Lead Job index (3.3269ms)
✔ [AC-38] GranotAutomationSource declares an optional CRM reference and non-unique lookup index (3.044ms)
▶ GranotBookingDiscrepancy
  ✔ [AC-26][AC-35][AC-36] fixes Booking reasons and exact partial indexes (28.5242ms)
  ✔ [AC-26][AC-36] rejects Release reasons and unsafe resolved/evidence mutation (86.6462ms)
✔ GranotBookingDiscrepancy (120.9018ms)
▶ GranotBookingReconciliationCase model
  ✔ [AC-20] declares the exact six named indexes and open partial uniqueness (5.5799ms)
  ✔ [AC-18] validates exact defaults, enums, evidence shape, and bounded context (81.5117ms)
  ✔ [AC-20] rejects mutation of existing evidence IDs and every resolved-row write (4.0671ms)
✔ GranotBookingReconciliationCase model (93.8404ms)
✔ GranotCrmSource keeps the operational CSV collection and model name (5.5522ms)
✔ legacy and new rows default to disabled deferred observation-only policy (24.8132ms)
✔ declares the three named lifecycle indexes without removing CSV uniqueness (14.7829ms)
✔ normalized labels use NFKC, trim, collapse, lowercase, and reject empty/control/bidi (5.3131ms)
✔ model writes reject illegal Call/Form/mixed/ambiguous routes (32.3492ms)
✔ referral_booking and deferred reject Lead routes and non-observation policies (5.5552ms)
✔ enabled source_scoped_lead requires active same-company matching-channel refs and policy version (1.342ms)
✔ disabled rows may keep reviewed policy but still reject structurally illegal routes (0.5715ms)
✔ client-supplied normalized labels that disagree with the server fail closed (0.4664ms)
✔ [AC-31] Activation model is write-once with a unique key index (9.3452ms)
✔ [AC-31] Activation rejects unknown keys and post-insert mutation (79.9473ms)
✔ [AC-05] Observation model uses the named collection and mongoose name (7.9711ms)
✔ [AC-05][AC-06][AC-25][AC-29] declares exactly six named indexes and unique receipt_id only (11.8606ms)
✔ [AC-05][AC-06][AC-25] frozen Observation enums are not widened (0.8894ms)
✔ [AC-05] Observation documents reject unknown kinds, results, and issue codes (144.8933ms)
✔ [AC-05] Observation documents omit processing, target, policy, and effect fields (5.6418ms)
✔ [AC-05] model save and query hooks reject post-insert Observation mutation (29.9046ms)
✔ [AC-02] receipt keeps the physical collection and mongoose model name (10.998ms)
✔ [AC-02] declares only the five named Section 9.1 indexes (3.455ms)
✔ [AC-02] unique operation-id index is partial and payload hash index is never unique (4.1992ms)
✔ [AC-02] webhook receipts require route_event_class and forbid channel_operation_kind (61.3223ms)
✔ [AC-02] extension and automation receipts require operation kind and operation id (18.3525ms)
✔ [AC-02] operation-id validation rejects empty, overlong, control, bidi, and wrong-channel shapes (9.7568ms)
✔ [AC-02] last_error.message is capped at 500 characters (5.625ms)
✔ [AC-02] legacy capture-shaped create is rejected after compatibility retirement (3.7726ms)
✔ [AC-02] model save rejects post-insert evidence mutation (21.5988ms)
✔ [AC-02] query updates reject non-processing operators and evidence paths (1.1564ms)
✔ [AC-02] replace and delete query hooks reject evidence mutation (7.3601ms)
✔ [AC-32] Record Link model declares the three named indexes including partial unique job (7.0764ms)
✔ [AC-32] Record Link establishment defaults and snapshot normalize back to the Job Number (20.908ms)
✔ [AC-23][AC-32] disputed active links remain lookup-visible and correction supersession is narrowly allowlisted (2.2363ms)
✔ [AC-32] Record Link query hooks reject replace and delete (5.9175ms)
▶ GranotReleaseDiscrepancy
  ✔ [AC-27][AC-35][AC-36] fixes Release reasons and separate indexes (5.2283ms)
  ✔ [AC-27][AC-36] accepts only Release reason rows (55.3168ms)
✔ GranotReleaseDiscrepancy (63.6836ms)
▶ GranotReleaseReconciliationCase model
  ✔ [AC-25][AC-36] requires deterministic Booking identity and declares the five Release indexes (56.0002ms)
  ✔ [AC-35][AC-36] strips forbidden transport fields and enforces revisions plus immutable guards (68.7228ms)
✔ GranotReleaseReconciliationCase model (127.6873ms)
✔ LeadConversation unique recording index is the only unique index (3.4248ms)
✔ LeadConversation schema declares the seven contract indexes (2.286ms)
✔ LeadConversation validates a complete seeded conversation (41.948ms)
✔ LeadConversation rejects an invented match method (8.6848ms)
✔ LeadMessage validates normalized FormLead relationship and message snapshot (45.7085ms)
✔ LeadMessage unique SID index excludes unsent documents (0.8034ms)
✔ LeadMessage rejects unsupported lifecycle states (21.2581ms)
✔ LeadMessageRateLimit validates atomic reservation buckets (16.0223ms)
✔ RingCentral assignments enforce one active assignment per route with a supported partial index (35.0303ms)
✔ [AC-02] Decision model uses the named collection and four named indexes (6.1513ms)
✔ [AC-02] Decision defaults empty arrays and rejects invented outcomes (65.2304ms)
✔ [AC-02] Decision documents omit copied contact and payload fields (3.6622ms)
✔ [AC-28] Referral Decision preserves exact reviewed source policy without a Lead Source Scope (13.2862ms)
✔ [AC-02] Decision save and query hooks reject post-insert mutation (8.3599ms)
✔ [AC-21] all four aggregates default to nonnegative integer domain_revision 0 (66.359ms)
✔ [AC-21] invalid revisions and one-sided last-change metadata fail validation (47.6677ms)
✔ [AC-21] __v is not the lifecycle revision contract (6.6112ms)
✔ [AC-32] genuinely new aggregates receive a server history boundary and ignore client supply (4.0839ms)
✔ [AC-32] change_history_started_at is write-once outside the migration seam (6.2924ms)
✔ [AC-32] existing public/admin DTOs cannot set lifecycle revision metadata (120.8757ms)
✔ [AC-21] Booking unique normalized-Job index is named and is not a unique Lead Job index (3.1748ms)
✔ [AC-32] historical schemas remain readable and do not gain revision fields (0.7605ms)
✔ booking reconciliation cron requires CRON_SECRET (67.9097ms)
✔ booking reconciliation cron rejects wrong secret (24.2978ms)
✔ Owner can read the conversation list without transcript text (86.2349ms)
✔ by-lead list does not include transcript or summary text (44.323ms)
✔ Owner detail includes the redacted transcript (12.3157ms)
✔ audio-url writes an audit row and is Owner-only (76.7779ms)
✔ CPL correction drain requires configured cron authentication (294.394ms)
✔ CPL correction drain rejects an invalid cron secret (10.2584ms)
✔ Owner snapshot includes yesterday_by_now, company zeros, and wordpress_form (158.2443ms)
✔ Admin without Owner is 403 on every Daily Operations method (223.6814ms)
✔ missing API secret is 401 (6.7504ms)
✔ events page is newest-first and forwards cursor, lane, and limit (9.3667ms)
✔ Owner live SSE emits snapshot then Redis event; lane query is ignored (15.2678ms)
✔ Owner live SSE with Last-Event-ID skips snapshot (7.1018ms)
✔ Owner rebuild returns counters-replaced, events not deleted (46.8246ms)
✔ close cron rejects missing secret header and missing CRON_SECRET (146.01ms)
✔ [AC-33] Form and Call apply routes remain registered on the v1 surface (8.6495ms)
✔ [AC-33] Owner Form apply captures a statement and never a quoted patch (373.088ms)
✔ [AC-35] Admin, secret, and unauthenticated apply create no receipt (469.8112ms)
✔ [AC-02] strict Zod rejects unknown outer keys, invalid IDs, and booking action on snapshot apply (103.0029ms)
✔ [AC-33] Call enrichment accepts a bounded batch in input order and rejects duplicate operation IDs (194.9782ms)
✔ [AC-33] booked reconciliation permits only booking_action_apply (29.8763ms)
✔ [AC-33] no extension apply path imports or invokes the legacy patch services (0.8516ms)
✔ [AC-35] validation errors omit raw statement values (11.2439ms)
✔ Owner can list Extension Users (335.5643ms)
✔ Admin cannot list, create, PATCH, or DELETE Extension Users (189.0136ms)
✔ Owner can create an Extension User with roles (33.7248ms)
✔ Owner cannot create an Extension User with empty roles or leftover employee (25.6189ms)
✔ create rejects an invalid payload and a duplicate email (82.5735ms)
✔ Owner can PATCH and DELETE an Extension User (28.0351ms)
✔ PATCH treats an empty password as omitted and requires another field (98.5768ms)
✔ unknown Extension User id is 404 and invalid ObjectId is 400 (117.8009ms)
✔ Granot automation exposes the durable admin run contract (11.3948ms)
✔ Granot run schema carries immutable plan and durable control fields (32.8466ms)
✔ Granot source catalog persists exact labels and ships all requested defaults (2.3427ms)
✔ Granot source schema requires one or two unique supported workflows (6.7917ms)
✔ [AC-35] run details project lifecycle receipt IDs without raw statements or payloads (47.7966ms)
✔ Granot queue contention defers to a durable continuation (20.7903ms)
✔ [AC-38] Granot CRM source update accepts create_if_missing and rejects client normalized labels (17.6731ms)
✔ [AC-38] Granot CRM source mutations require a 10-1000 character reason (1.6665ms)
✔ [AC-38] Registry projections and update schemas omit payload and contact fields (0.6027ms)
✔ Owner Granot create schema accepts one_feed intent and rejects unknown keys (9.2525ms)
✔ Owner Granot create schema rejects a short reason and raw lifecycle fields (1.0283ms)
✔ outbound SMS Owner schema no longer accepts daily_cap (1.5603ms)
✔ [AC-37] Owner requeue route returns 200 {ok:true,data} (270.498ms)
✔ [AC-37] Admin without Owner cannot requeue (18.1066ms)
✔ [AC-37] invalid requeue body is GRANOT_VALIDATION_FAILED (10.7783ms)
✔ [AC-18] [AC-19] read list applies the exact default queue for Owner/Admin (69.5673ms)
✔ [AC-25][AC-35] read list forwards the explicit Release discriminants (49.9486ms)
✔ [AC-35] unsigned lifecycle reads are denied before projection (6.9107ms)
✔ [AC-35] strict case filters reject unknown keys with a safe 400 (10.3596ms)
✔ [AC-35] [AC-39] case detail has safe 404 and exact read envelope (49.3703ms)
✔ creating observation is Owner-only and returns the Booked statement for a booking case (98.8069ms)
✔ creating observation returns the Release statement for a cancellation intake (9.9905ms)
✔ [AC-35] candidate browser is Owner-only for source and all scope and performs a read (33.4889ms)
✔ [AC-40] Lead timeline validates model/ID and preserves generic missing Lead envelope (61.2485ms)
✔ [AC-20] Job timeline is readable by Admin and strictly bounds pagination (26.4694ms)
✔ [AC-35][AC-36] discrepancy list/detail are signed reads with strict filters (46.775ms)
{"level":"info","time":"2026-09-18T18:05:16.623Z","service":"vantage-main-server","env":"development","msg":"granot_lifecycle.owner_command.applied","observability_level":"info","category":"admin","workflow":"granot_lifecycle"}
{"level":"info","time":"2026-09-18T18:05:16.679Z","service":"vantage-main-server","env":"development","msg":"granot_lifecycle.owner_command.applied","observability_level":"info","category":"admin","workflow":"granot_lifecycle"}
{"level":"info","time":"2026-09-18T18:05:16.681Z","service":"vantage-main-server","env":"development","msg":"granot_lifecycle.booking_discrepancy.resolved","observability_level":"info","category":"admin","workflow":"granot_lifecycle"}
{"level":"info","time":"2026-09-18T18:05:16.819Z","service":"vantage-main-server","env":"development","msg":"granot_lifecycle.owner_command.applied","observability_level":"info","category":"admin","workflow":"granot_lifecycle"}
{"level":"info","time":"2026-09-18T18:05:16.820Z","service":"vantage-main-server","env":"development","msg":"granot_lifecycle.booking_discrepancy.resolved","observability_level":"info","category":"admin","workflow":"granot_lifecycle"}
✔ [AC-23][AC-36] discrepancy commands are Owner-only, strict, and route-own identity (254.2034ms)
{"level":"info","time":"2026-09-18T18:05:16.871Z","service":"vantage-main-server","env":"development","msg":"granot_lifecycle.owner_command.applied","observability_level":"info","category":"admin","workflow":"granot_lifecycle"}
{"level":"info","time":"2026-09-18T18:05:16.874Z","service":"vantage-main-server","env":"development","msg":"granot_lifecycle.booking_case.resolved","observability_level":"info","category":"admin","workflow":"granot_lifecycle"}
✔ [AC-21] [AC-22] Owner confirm route requires one idempotency header and returns 201 (23.0045ms)
✔ [AC-22] Admin cannot invoke confirm Booking (38.9305ms)
{"level":"info","time":"2026-09-18T18:05:16.947Z","service":"vantage-main-server","env":"development","msg":"granot_lifecycle.owner_command.applied","observability_level":"info","category":"admin","workflow":"granot_lifecycle"}
{"level":"info","time":"2026-09-18T18:05:16.949Z","service":"vantage-main-server","env":"development","msg":"granot_lifecycle.booking_case.resolved","observability_level":"info","category":"admin","workflow":"granot_lifecycle"}
✔ [AC-21] [AC-24] Owner update route is strict, idempotent-envelope only, and returns 200 (83.3502ms)
{"level":"info","time":"2026-09-18T18:05:17.018Z","service":"vantage-main-server","env":"development","msg":"granot_lifecycle.owner_command.applied","observability_level":"info","category":"admin","workflow":"granot_lifecycle"}
{"level":"info","time":"2026-09-18T18:05:17.020Z","service":"vantage-main-server","env":"development","msg":"granot_lifecycle.booking_case.resolved","observability_level":"info","category":"admin","workflow":"granot_lifecycle"}
✔ [AC-28] Owner Referral create route accepts only revision plus official fields (52.7444ms)
{"level":"info","time":"2026-09-18T18:05:17.089Z","service":"vantage-main-server","env":"development","msg":"granot_lifecycle.owner_command.applied","observability_level":"info","category":"admin","workflow":"granot_lifecycle"}
{"level":"info","time":"2026-09-18T18:05:17.091Z","service":"vantage-main-server","env":"development","msg":"granot_lifecycle.booking_case.resolved","observability_level":"info","category":"admin","workflow":"granot_lifecycle"}
✔ [AC-20] [AC-32] Owner No Action accepts optional reason metadata and Admin is denied (76.5471ms)
{"level":"info","time":"2026-09-18T18:05:17.147Z","service":"vantage-main-server","env":"development","msg":"granot_lifecycle.owner_command.applied","observability_level":"info","category":"admin","workflow":"granot_lifecycle"}
{"level":"info","time":"2026-09-18T18:05:17.149Z","service":"vantage-main-server","env":"development","msg":"granot_lifecycle.booking_case.resolved","observability_level":"info","category":"admin","workflow":"granot_lifecycle"}
{"level":"warn","time":"2026-09-18T18:05:17.164Z","service":"vantage-main-server","env":"development","msg":"granot_lifecycle.owner_command.conflict","observability_level":"warn","category":"admin","workflow":"granot_lifecycle"}
{"level":"warn","time":"2026-09-18T18:05:17.224Z","service":"vantage-main-server","env":"development","msg":"granot_lifecycle.owner_command.conflict","observability_level":"warn","category":"admin","workflow":"granot_lifecycle"}
✔ [AC-R9] Owner booking-case confirm-cancellation succeeds and rejects create-missing posture (131.1737ms)
{"level":"info","time":"2026-09-18T18:05:17.271Z","service":"vantage-main-server","env":"development","msg":"granot_lifecycle.owner_command.applied","observability_level":"info","category":"admin","workflow":"granot_lifecycle"}
{"level":"info","time":"2026-09-18T18:05:17.272Z","service":"vantage-main-server","env":"development","msg":"granot_lifecycle.release_case.resolved","observability_level":"info","category":"admin","workflow":"granot_lifecycle"}
{"level":"info","time":"2026-09-18T18:05:17.276Z","service":"vantage-main-server","env":"development","msg":"granot_lifecycle.owner_command.applied","observability_level":"info","category":"admin","workflow":"granot_lifecycle"}
{"level":"info","time":"2026-09-18T18:05:17.277Z","service":"vantage-main-server","env":"development","msg":"granot_lifecycle.release_case.resolved","observability_level":"info","category":"admin","workflow":"granot_lifecycle"}
{"level":"info","time":"2026-09-18T18:05:17.331Z","service":"vantage-main-server","env":"development","msg":"granot_lifecycle.owner_command.applied","observability_level":"info","category":"admin","workflow":"granot_lifecycle"}
{"level":"info","time":"2026-09-18T18:05:17.332Z","service":"vantage-main-server","env":"development","msg":"granot_lifecycle.release_case.resolved","observability_level":"info","category":"admin","workflow":"granot_lifecycle"}
✔ [AC-25] [AC-32] Release Owner routes are strict, idempotent, and use exact statuses (88.7748ms)
✔ Owner can search webhook receipts; Admin cannot; unsigned is denied (46.2438ms)
✔ receipt search booking_action=release with lead_created is 400; booking_action alone implies booking_status_changed (92.6947ms)
✔ Owner can open the live webhook SSE stream; Admin cannot (51.7324ms)
✔ [AC-31][AC-35] Owner and Admin can read the health envelope without raw payload keys (91.8655ms)
✔ returns 500 when CRON_SECRET is not configured (114.9998ms)
✔ returns 401 when the secret does not match (63.9479ms)
{"level":"info","time":"2026-09-18T18:05:18.576Z","service":"vantage-main-server","env":"development","msg":"granot_lifecycle.cron.run.completed","trigger":"cron","skipped":false,"scanned":1,"claimed":1,"completed":1,"retried":0,"dead_lettered":0,"recovered":0,"lease_lost":0}
{"level":"info","time":"2026-09-18T18:05:18.577Z","service":"vantage-main-server","env":"development","msg":"granot_lifecycle.cron.run.completed","observability_level":"info","category":"cron","workflow":"granot_lifecycle"}
✔ processing-enabled cron returns a bounded summary and no payload values (16.4526ms)
✔ vercel.json registers the five-minute lifecycle drain cron (3.581ms)
✔ [AC-01] missing configuration returns 500 and reaches neither capture nor publisher (1288.7221ms)
✔ [AC-01] missing, wrong, nonscalar, and mismatched dual secrets return exact 401 and create no receipt (205.9903ms)
✔ [AC-01][AC-35] JSON body, form body, and header secrets authenticate and strip the credential before capture (48.2188ms)
✔ [AC-01] both valid secrets attach header_secret after the body is also validated (6.6524ms)
✔ [AC-02] unused Granot field additions or omissions are captured as-is and still return 202 (7.825ms)
✔ [AC-02] capture happens before 202 and uses the invoked route class (90.1162ms)
{"level":"error","time":"2026-09-18T18:05:16.396Z","service":"vantage-main-server","env":"development","msg":"granot_lifecycle.capture.failed","error_code":"technical_failure","observation_channel":"granot_webhook","route_event_class":"priority_updated"}
{"level":"error","time":"2026-09-18T18:05:16.397Z","service":"vantage-main-server","env":"development","msg":"granot_lifecycle.capture.failed","observability_level":"error","category":"mongo","workflow":"granot_lifecycle_capture"}
✔ [AC-01] capture failure returns safe 503, creates no publish, and stays distinct from queue failure (11.5741ms)
{"level":"error","time":"2026-09-18T18:05:16.445Z","service":"vantage-main-server","env":"development","msg":"granot_lifecycle.queue.publish_failed","error_code":"technical_failure","receipt_id":"rece…pt-2","observation_channel":"granot_webhook","route_event_class":"lead_created"}
✔ [AC-02] publish failure cannot change 202 or the accepted receipt (47.0724ms)
✔ Owner Job Number timeline read returns the assembler DTO (164.1071ms)
✔ Admin cannot read the owner Job Number timeline (31.7599ms)
✔ typed miss returns not_found without an event list (8.6473ms)
✔ Owner recent official booking examples return only Job Numbers (10.4285ms)
{"level":"error","time":"2026-09-18T18:05:19.634Z","service":"vantage-main-server","env":"development","err":{"type":"Error","message":"mongo connection string leaked","stack":"Error: mongo connection string leaked\n    at read (C:\\Users\\Pinda\\Proyectos\\vantage\\vantage-main-server\\src\\routes\\job-number-timeline-admin.routes.test.ts:205:15)\n    at <anonymous> (C:\\Users\\Pinda\\Proyectos\\vantage\\vantage-main-server\\src\\routes\\job-number-timeline-admin.routes.ts:85:26)\n    at process.processTicksAndRejections (node:internal/process/task_queues:104:5)"},"request_id":"req-jnt-1789754719599","msg":"job-number-timeline.admin.unhandled"}
✔ unhandled timeline read failure does not echo error.message (50.1576ms)
✔ Admin cannot read recent official booking examples (14.2938ms)
✔ lead-source-setups schema rejects unknown keys and derived internals (8.9458ms)
✔ lead-source-setups schema requires a 10-1000 character reason (1.3534ms)
✔ projection query schemas reject unknown keys (1.8498ms)
✔ error envelope parity uses RegistryError.toHttpBody and Zod unrecognized keys (2.6267ms)
✔ returns 500 when CRON_SECRET is not configured (198.0407ms)
✔ returns 401 when the cron secret does not match (11.7413ms)
✔ accepts the x-cron-secret header (7.2477ms)
✔ [AC-17] a disabled Call Log sync never claims the lease (8.1678ms)
✔ [AC-17] lease contention is a bounded skip, not an HTTP 500 (7.4931ms)
✔ [AC-17] a successful run returns the bounded lease/cursor summary (6.3775ms)
{"level":"error","time":"2026-09-18T18:05:20.138Z","service":"vantage-main-server","env":"development","msg":"ringcentral.cron.call_log_sync.failed","errorName":"Error"}
✔ [AC-17] a genuine failure stays safe and non-sensitive (9.3279ms)
✔ [AC-17] vercel.json schedules the Call Log sync every 30 minutes (2.781ms)
✔ CSI-04 admin routes: Owner guard, flag-off 404, scope, validation, idempotency, error mapping; reads never call a writer (855.4818ms)
✔ admin router is mounted in v1.routes.ts after the CSI boundary router (1.5285ms)
✔ real v1 guard + CSI boundary keeps Owner and scoped service authority separate (429.7137ms)
✔ CSI cron routes: cron auth, flag-off and lease_held skips, never a provider body (465.217ms)
{"level":"error","time":"2026-09-18T18:05:35.953Z","service":"vantage-main-server","env":"development","msg":"sales_intelligence.cron.call_log_reconcile.failed","errorName":"Error"}
✔ CSI cron routes: a throwing service maps to a bounded 500 without provider content (164.2008ms)
✔ vercel.json registers the CSI-03 crons and the queue consumer trigger (a handler file alone is not registration) (1.2101ms)
✔ app.ts mounts the CSI cron router before the v1 guard like the other cron routers (44.6676ms)
✔ returns 500 when CRON_SECRET is not configured (103.5501ms)
✔ returns 401 when the secret does not match (12.0415ms)
✔ skips the drain (no DB work) when mode is not queued (13.8889ms)
✔ accepts a bearer token matching CRON_SECRET (50.4345ms)
✔ source label mapping create rejects unknown keys (5.1755ms)
✔ source label mapping create rejects a client-supplied normalized_label (0.903ms)
✔ source label mapping mutations require a 10-1000 character reason (2.8594ms)
✔ label resolution preview rejects unknown keys and is read-only shape (2.543ms)
✔ error envelope parity uses RegistryError.toHttpBody and Zod unrecognized keys (2.7941ms)
{"level":"info","time":"2026-09-18T18:05:27.715Z","service":"vantage-main-server","env":"development","msg":"tariff_adjustment.append.succeeded","actor_kind":"user","actor_role":"owner","actor_email":"owner@example.invalid","appended":2,"tab_name":"Master"}
✔ Owner can append two Tariff Adjustment rows (389.3084ms)
{"level":"info","time":"2026-09-18T18:05:27.757Z","service":"vantage-main-server","env":"development","msg":"tariff_adjustment.append.succeeded","actor_kind":"user","actor_role":"sales+customer_service","actor_email":"employee@example.invalid","appended":2,"tab_name":"Master"}
✔ Employee can append two Tariff Adjustment rows (23.0136ms)
{"level":"info","time":"2026-09-18T18:05:27.770Z","service":"vantage-main-server","env":"development","msg":"tariff_adjustment.append.succeeded","actor_kind":"user","actor_role":"customer_service","actor_email":"customer_service@example.invalid","appended":2,"tab_name":"Master"}
✔ Customer Service can append two Tariff Adjustment rows (11.0083ms)
{"level":"info","time":"2026-09-18T18:05:27.782Z","service":"vantage-main-server","env":"development","msg":"tariff_adjustment.append.succeeded","actor_kind":"secret","appended":2,"tab_name":"Master"}
✔ x-api-secret actors can append two Tariff Adjustment rows (12.0817ms)
✔ rejects customer and job identifiers (12.0555ms)
{"level":"warn","time":"2026-09-18T18:05:27.795Z","service":"vantage-main-server","env":"development","msg":"tariff_adjustment.append.failed","actor_kind":"user","actor_role":"sales+customer_service","actor_email":"employee@example.invalid","error":"[\n  {\n    \"code\": \"unrecognized_keys\",\n    \"keys\": [\n      \"job_no\"\n    ],\n    \"path\": [],\n    \"message\": \"Unrecognized key: \\\"job_no\\\"\"\n  }\n]"}
{"level":"info","time":"2026-09-18T18:05:27.810Z","service":"vantage-main-server","env":"development","msg":"tariff_adjustment.append.succeeded","actor_kind":"user","actor_role":"owner","actor_email":"owner@example.invalid","appended":2,"tab_name":"Master"}
✔ stamps today's date when effective_date is omitted (13.6174ms)
{"level":"info","time":"2026-09-18T18:05:27.819Z","service":"vantage-main-server","env":"development","msg":"tariff_adjustment.append.succeeded","actor_kind":"user","actor_role":"owner","actor_email":"owner@example.invalid","appended":1,"tab_name":"Master"}
✔ Owner can append a Linehaul-only payload (9.3447ms)
{"level":"info","time":"2026-09-18T18:05:27.827Z","service":"vantage-main-server","env":"development","msg":"tariff_adjustment.append.succeeded","actor_kind":"user","actor_role":"owner","actor_email":"owner@example.invalid","appended":2,"tab_name":"Master"}
✔ Owner can append Linehaul plus an owner-written service (6.1774ms)
{"level":"info","time":"2026-09-18T18:05:27.834Z","service":"vantage-main-server","env":"development","msg":"tariff_adjustment.append.succeeded","actor_kind":"user","actor_role":"owner","actor_email":"owner@example.invalid","appended":3,"tab_name":"Master"}
✔ Owner can append three matching rows (7.1177ms)
{"level":"warn","time":"2026-09-18T18:05:27.844Z","service":"vantage-main-server","env":"development","msg":"tariff_adjustment.append.failed","actor_kind":"user","actor_role":"owner","actor_email":"owner@example.invalid","error":"[\n  {\n    \"origin\": \"array\",\n    \"code\": \"too_small\",\n    \"minimum\": 1,\n    \"inclusive\": true,\n    \"path\": [\n      \"rows\"\n    ],\n    \"message\": \"Too small: expected array to have >=1 items\"\n  },\n  {\n    \"code\": \"custom\",\n    \"path\": [\n      \"rows\"\n    ],\n    \"message\": \"rows must include at least one Linehaul\"\n  }\n]"}
✔ rejects an empty rows array (10.9447ms)
{"level":"warn","time":"2026-09-18T18:05:27.854Z","service":"vantage-main-server","env":"development","msg":"tariff_adjustment.append.failed","actor_kind":"user","actor_role":"owner","actor_email":"owner@example.invalid","error":"[\n  {\n    \"code\": \"custom\",\n    \"path\": [\n      \"rows\"\n    ],\n    \"message\": \"rows must include at least one Linehaul\"\n  }\n]"}
✔ rejects a payload with no Linehaul row (8.3673ms)
{"level":"warn","time":"2026-09-18T18:05:27.878Z","service":"vantage-main-server","env":"development","msg":"tariff_adjustment.append.failed","actor_kind":"user","actor_role":"owner","actor_email":"owner@example.invalid","error":"[\n  {\n    \"code\": \"custom\",\n    \"path\": [\n      \"rows\"\n    ],\n    \"message\": \"pickup_zone must be identical on all Tariff Adjustment rows\"\n  }\n]"}
✔ rejects three rows with a mismatched pickup_zone (23.5191ms)
✔ Operations Registry entities expose complete lifecycle CRUD surfaces (9.848ms)
✔ GET /api/v1/admin/agents is browse only — catalog list is /catalog/agents (0.779ms)
✔ admin analytics receiver-agent reports have GET routes (0.9226ms)
✔ Owner Extension User routes are registered (0.7335ms)
✔ Owner conversation read routes are registered (0.5772ms)
✔ employee booking reconciliation routes are registered (0.4461ms)
✔ Tariff Adjustment Submit route is registered (0.4725ms)
✔ Granot form-lead resolution route is registered before the id route (0.5914ms)
✔ Granot sync expected filter enforces fill-only and empty receiver fields (2.4979ms)
✔ Lead Source projection and setup routes are registered next to overview (0.9981ms)
✔ legacy CPL rates remain read-only after temporal schedule cutover (0.5443ms)
✔ temporal CPL schedule and correction routes are registered (0.4259ms)
✔ admin browse builds filters, pagination, sorting, and response shape (18.5979ms)
✔ admin form lead browse q includes snapshot contact paths (3.1794ms)
✔ admin form lead browse name email and phone include snapshot paths (1.8452ms)
✔ admin duplicate form lead browse uses the same contact paths (10.1126ms)
✔ admin form lead browse excludes duplicates by default (1.8234ms)
✔ admin form lead browse filters past move dates relative to timestamp (1.5527ms)
✔ admin form lead browse can invert the past move date filter (1.1313ms)
✔ admin form lead browse filters receiver agent by ObjectId equality (3.2669ms)
✔ admin form lead browse matches source_granularity_key exactly and does not substring-match source_company (4.5052ms)
✔ admin form lead browse still accepts source_company as bookmark compatibility (8.8132ms)
✔ admin booked lead browse filters source company slugs on the source field (4.7188ms)
✔ admin booked lead browse resolves legacy source company labels onto source (1.4678ms)
✔ admin booked lead browse filters leadless bookings (1.9883ms)
✔ admin agents browse returns metrics for list rows (2.6166ms)
✔ admin agents browse applies date range to booked lead metrics (2.6176ms)
✔ admin agents browse matches catalog names case-insensitively (1.2715ms)
✔ admin agents browse matches allocations on normalized_name when display name differs (1.008ms)
✔ admin agents browse returns zero metric fields for agents without bookings (0.9521ms)
✔ admin form lead browse can filter to duplicates only (0.7677ms)
✔ admin call lead browse q and phone include snapshot contact paths (1.4371ms)
✔ admin call lead browse Manual attach filters (name/email/phone without q) include snapshot paths (1.7625ms)
✔ admin call lead browse excludes duplicates by default (1.0505ms)
✔ admin call lead browse can filter to duplicates only (0.9439ms)
✔ admin form lead browse no_sync true is exact true, not presence (1.2178ms)
✔ admin form lead browse no_sync false uses $ne true so missing-field rows count (0.9811ms)
✔ admin form lead browse omit does not mention no_sync (0.7808ms)
✔ admin call lead browse no_sync true is exact true, not presence (0.7776ms)
✔ admin call lead browse no_sync false uses $ne true so missing-field rows count (1.0502ms)
✔ admin call lead browse omit does not mention no_sync (1.8335ms)
✔ admin detail lookup returns normalized production record (1.7914ms)
✔ admin agent detail returns metrics consistent with browse enrichment (1.9579ms)
✔ admin historical browse uses historical models and remains read-only (3.3975ms)
✔ global admin search form leads include Granot snapshot contact paths (5.1607ms)
✔ global admin search returns grouped results (1.8648ms)
✔ admin agents export includes booking metric columns (2.0819ms)
✔ admin CSV export uses browse rows and escapes CSV body (1.3544ms)
✔ csv helper emits text/csv-compatible header and rows (0.3394ms)
✔ getAdminFacets production builds a structured catalog from first-class collections (53.9875ms)
✔ getAdminFacets historical builds distinct rows and overlays production identity (5.0643ms)
✔ getAdminFacets historical empty granularity distincts do not fail (2.3342ms)
✔ getAdminFacets combined keeps registry owner_label and historical-only extras (3.8975ms)
✔ registry facets invalidation evicts the production and historical catalog caches (3.6366ms)
✔ getSheetSyncHealth aggregates job counts and derives backlog age (6.1831ms)
✔ listSheetSyncJobs builds a filtered, paginated query (2.056ms)
✔ retrySheetSyncJobs re-queues failed jobs by default and reports the count (15.2392ms)
✔ retrySheetSyncJobs starts an admin drain instead of publishing a queue wake-up (6.5157ms)
✔ retrySheetSyncJobs is a no-op when nothing matches (2.4951ms)
✔ agent browse metrics match keys are lowercased strings, not regexes (11.5182ms)
✔ agent browse metrics count distinct bookings and take this agent's binder share (2.1661ms)
✔ agent browse metrics date range filters book_date and skips Agent createdAt (1.8382ms)
✔ agent browse metrics omit a date match when from/to are absent (1.389ms)
✔ lookupAgentBrowseMetrics uses name or normalized_name and returns zeros when unmatched (0.6564ms)
✔ even Binder split uses integer cents and gives the leftover cent to the primary Agent (4.1763ms)
✔ Best Relocation allocation resolves an existing inactive agent (3.639ms)
✔ primary booking allocation becomes Best Relocation receiver attribution (0.7497ms)
✔ primary booking allocation does not replace existing receiver attribution (0.4755ms)
✔ automatic CRM username receiver matching excludes inactive Agents (3.9001ms)
✔ findAgentByGranotCrmUsername prefers embedded granot_identity username (3.0079ms)
✔ findAgentByGranotCrmUsername never reads the retained flat compatibility field (0.5979ms)
✔ CRM username receiver match never overwrites an existing receiver (0.4765ms)
✔ analytics validation accepts report filters and rejects invalid report names (8.521ms)
✔ sourceGranularityMatch filters derived key only and wins over source_company (3.5332ms)
✔ analytics booked lead filters start with a leading date match (1.1281ms)
✔ booked lead source attribution falls back to the employee source snapshot (2.0557ms)
✔ leadMatch matches historical slug options and channel-scoped company slugs (7.4966ms)
✔ combined source analytics merge by stable text dimension instead of ids (26.2801ms)
✔ combined revenue trend merges rows by date period (2.406ms)
✔ combined source analytics merge parent metrics and keep company-only extras as leaves (155.3279ms)
✔ combined receiver-agent analytics merge production rows and keep historical warning metadata (0.768ms)
✔ combined SMS conversion merge keeps production rows and historical warning metadata (0.7113ms)
✔ analytics CSV export uses the selected report rows (9.1706ms)
✔ source hierarchy CSV rows emit leaves or a childless company, never both (0.6237ms)
✔ combined hierarchy CSV does not duplicate its production contribution (0.3589ms)
✔ lead cost excludes duplicate form leads and unmatched call leads (13.6547ms)
✔ overviewQuerySchema accepts database_scope (3.2518ms)
✔ rollingLast7DaysWindow spans seven days ending now (19.8478ms)
✔ mergeOverviewAllTime merges combined totals and clears production-only lead cost (7.6257ms)
✔ mergeOverviewAllTime keeps lead cost for production scope (0.9364ms)
✔ mergeOverviewAllTime clears lead cost for historical scope (0.3181ms)
✔ receiver-agent analytics use persisted CPL without rate-period status (7.0131ms)
✔ SMS booked rate uses successfully texted Leads as the denominator (3.3724ms)
✔ an empty texted-lead cohort is a zero rate, not missing data (0.6673ms)
✔ historical scope does not read Lead Messages (2.1975ms)
✔ production SMS conversion matches successful statuses and official booked refs (7.1572ms)
✔ source hierarchy uses registry labels and rolls additive child metrics (18.7364ms)
✔ source hierarchy retains unknown granularity in parent totals (0.6944ms)
✔ source hierarchy folds normalized company and granularity collisions (0.6223ms)
✔ nestSourceCompanyRows seeds catalog children including zeros (0.9344ms)
✔ company-only source rows use domain labels and never create children (0.4386ms)
✔ historical source performance stays company-only without registry data (56.1652ms)
✔ historical funnel recomputes company rates and has no children (2.8211ms)
✔ normalizes observed sheet move sizes into the model enum (4.2094ms)
✔ restores leading zeroes dropped from formatted ZIP cells (0.7189ms)
✔ decodes Google Sheets serial timestamps as owner-facing UTC components (1.1623ms)
✔ call parser accepts a combined Google Sheets serial timestamp (1.1337ms)
✔ parsers preserve source-row provenance and skip formula sentinels (9.1193ms)
✔ duplicate booking jobs collapse into split allocations without doubling deposit (50.9768ms)
✔ plan orders leads, attached booking, and cancellation with response bindings (11.7751ms)
✔ refund discovery keeps contradictory LID evidence below auto-cancel threshold (7.4009ms)
✔ live apply refuses to send the secret to an unpinned host (7.1984ms)
✔ booking preflight uses filtered admin lookup and skips an existing job (5.2364ms)
✔ call preflight recognizes the route's bare-array response (6.1009ms)
✔ unique Tracking Reference adopts the existing Form Lead and does not create (6.2221ms)
✔ two Form Leads sharing a Tracking Reference become an ambiguous conflict (0.6424ms)
✔ phone + name + same New York day adopts when Tracking Reference misses (20.1135ms)
✔ two phone + name + date Form Leads conflict instead of creating (2.0306ms)
✔ no identity and no phone-name-date match stays a create (0.6061ms)
✔ pre-cutoff Form Leads are ignored by phone-name-date adoption (0.7307ms)
✔ canonical adoption remaps remaining creates and leaves receipt outcomes alone (2.3823ms)
✔ Best Relocation import capability requires the Best Relocation source (4.6703ms)
✔ ordinary booking requests do not receive import capability (0.513ms)
✔ Best Relocation call lookup is source-scoped before mutation (23.8821ms)
✔ Form Lead + id attaches with booking_origin owner_booking and no case (2.4837ms)
✔ Owner Call Lead unique job attaches with booking_origin owner_booking (44.6121ms)
✔ Owner Call Lead with no Call Lead row is pending owner_booking no_match (0.6941ms)
✔ Owner Call Lead with two job matches is pending multiple_matches, not a 409 (0.384ms)
✔ Best Relocation import Call Lead still uses the from-source resolver (0.6972ms)
✔ letter prefixes are equivalent to the same Granot digit core (4.3127ms)
✔ equivalent job filter matches exact, core, and letter-prefixed variants (2.8718ms)
✔ equivalent snapshot filter remaps to the indexed cancellation snapshot field (0.6675ms)
✔ atomic employee Lead claim does not rewrite the existing CPL (4.4597ms)
✔ concurrent booking claims allow only one booking to claim a lead (7.7753ms)
✔ reconciliation mirror can preserve Lead source CPL (1.283ms)
✔ import Call Lead resolver still 409s when two Call Leads share a job (10.287ms)
✔ Owner leadless create opens owner_booking case and sets booking_origin (46.5748ms)
✔ Best Relocation import leadless keeps external_sheet_ingestion and no booking_origin (3.5365ms)
✔ owner snapshot uses Call phone or customer phone, else not provided (2.5318ms)
✔ evaluateOwnerCallLeadMatch links a unique Call Lead Job Number (4.6599ms)
✔ evaluateOwnerCallLeadMatch is pending multiple_matches for two Call Leads with the same job (0.8379ms)
✔ evaluateOwnerCallLeadMatch is pending no_match when no Call Lead has the job (0.6178ms)
✔ evaluateOwnerCallLeadMatch does not attach on phone of a different Call Lead (1.0974ms)
✔ Owner pending case snapshot fills spec §4.6 fields and origin owner_booking (1.9512ms)
✔ Referral Booking create does not open a Booking Lead Reconciliation Case (1.9935ms)
✔ cancellation snapshots stamp four fields from a surviving Booking (7.8857ms)
✔ cancellation snapshots normalize job_no when Booking normalized field is missing (3.5607ms)
✔ cancellation snapshots stay null without a recoverable Booking job (0.8821ms)
✔ cancellation snapshots refuse silent inference from contact-shaped fields (0.3471ms)
✔ create-path stamp keeps ObjectId lead ref (0.8935ms)
✔ getBookedLeadForCancellation allows explicitly authorized imported leadless booking (11.8351ms)
✔ CancelledLead validates an unresolved employee Booking without Lead metadata (10.1576ms)
✔ active catalog list excludes inactive rows by default (6.7382ms)
✔ agent resolution rejects inactive or unknown names (2.4386ms)
✔ agent resolution can include an existing inactive agent (2.6602ms)
✔ merchant resolution returns canonical display name (1.3898ms)
✔ list projection keeps cost cents and does not treat them as leaked summary text (6.3721ms)
✔ list projection still rejects a top-level transcript or summary field (2.0497ms)
✔ redactTranscript redacts a Luhn-valid card spoken as digit groups plus CVV, expiry, SSN, and routing (4.9472ms)
✔ redactTranscript does not redact a job number, spoken phone, or cubic-feet figure (0.5108ms)
✔ an unvalidated 16-digit sequence that fails Luhn is left alone (0.3442ms)
✔ spoken digit runs of seven or more are redacted without changing existing payment rules (0.5109ms)
✔ parseConversationArtifact splits summary and transcript (2.7373ms)
✔ buildSeededTranscript redacts before the text is stored (1.9816ms)
✔ hasCrmMismatch is true only when the section contradicts CRM (38.52ms)
✔ Gateway adapter sends configured model, makes one call, keeps timing optional and never logs warnings (3934.3602ms)
✔ Gateway errors do not expose provider bodies and do not internally retry (60.766ms)
✔ Blob bytes/digest validated and missing billing never becomes estimated actual cost (1.0439ms)
{"level":"info","time":"2026-09-18T18:06:01.252Z","service":"vantage-main-server","env":"development","msg":"operations_registry.compatibility_read","observability_level":"info","category":"admin","workflow":"operations_registry"}
✔ listCplRates seeds any missing slots and returns all 14 rates (110.881ms)
{"level":"info","time":"2026-09-18T18:05:58.066Z","service":"vantage-main-server","env":"development","msg":"crm.form_lead.submit.started","leadId":"6aad7d867f09d877e2266def","endpoint":"https://lead.hellomoving.com/LEADSGWHTTP.lidgw?&API_ID=[redacted]&MOVERREF=[redacted]","payload":{"label":"Main Site Forms","firstname":"J***","lastname":"C***","ozip":"sha256:ce6d2151873f","dzip":"sha256:9a1f53dc5d98","email":"j***@example.com","phone1":"***2222","movesize":"2 Bedrooms","movedte":"5/28/2026","notes":"sha256:81da1dce6ae7","leadno":"sha256:7b6d8986d052"}}
✔ submitFormLeadToCrm POSTs to the Granot lead gateway with the urlencoded payload (31.9794ms)
✔ submitFormLeadToCrm reports ok=true with the response body and payload on HTTP 200 (6.6757ms)
✔ submitFormLeadToCrm reports ok=false with response body on HTTP error (5.3819ms)
✔ submitFormLeadToCrm catches network errors and returns ok=false with status 0 and an error message (8.5836ms)
✔ submitFormLeadToCrm forwards companyLabel as the Granot label (3.9247ms)
{"level":"info","time":"2026-09-18T18:05:58.068Z","service":"vantage-main-server","env":"development","msg":"crm.form_lead.submit.started","observability_level":"info","category":"crm","workflow":"crm_submit","source_company":"not_provided","entity_id":"6aad7d867f09d877e2266def"}
{"level":"info","time":"2026-09-18T18:05:58.075Z","service":"vantage-main-server","env":"development","msg":"crm.form_lead.submit.completed","leadId":"6aad7d867f09d877e2266def","endpoint":"https://lead.hellomoving.com/LEADSGWHTTP.lidgw?&API_ID=[redacted]&MOVERREF=[redacted]","status":200,"responseText":"OK"}
{"level":"info","time":"2026-09-18T18:05:58.075Z","service":"vantage-main-server","env":"development","msg":"crm.form_lead.submit.completed","observability_level":"info","category":"crm","workflow":"crm_submit","source_company":"not_provided","entity_id":"6aad7d867f09d877e2266def"}
{"level":"info","time":"2026-09-18T18:05:58.082Z","service":"vantage-main-server","env":"development","msg":"crm.form_lead.submit.started","leadId":"6aad7d867f09d877e2266df0","endpoint":"https://lead.hellomoving.com/LEADSGWHTTP.lidgw?&API_ID=[redacted]&MOVERREF=[redacted]","payload":{"label":"Main Site Forms","firstname":"J***","lastname":"C***","ozip":"sha256:ce6d2151873f","dzip":"sha256:9a1f53dc5d98","email":"j***@example.com","phone1":"***2222","movesize":"2 Bedrooms","movedte":"5/28/2026","notes":"sha256:81da1dce6ae7","leadno":"sha256:7b6d8986d052"}}
{"level":"info","time":"2026-09-18T18:05:58.082Z","service":"vantage-main-server","env":"development","msg":"crm.form_lead.submit.started","observability_level":"info","category":"crm","workflow":"crm_submit","source_company":"not_provided","entity_id":"6aad7d867f09d877e2266df0"}
{"level":"info","time":"2026-09-18T18:05:58.083Z","service":"vantage-main-server","env":"development","msg":"crm.form_lead.submit.completed","leadId":"6aad7d867f09d877e2266df0","endpoint":"https://lead.hellomoving.com/LEADSGWHTTP.lidgw?&API_ID=[redacted]&MOVERREF=[redacted]","status":200,"responseText":"Granot accepted lead 42"}
{"level":"info","time":"2026-09-18T18:05:58.083Z","service":"vantage-main-server","env":"development","msg":"crm.form_lead.submit.completed","observability_level":"info","category":"crm","workflow":"crm_submit","source_company":"not_provided","entity_id":"6aad7d867f09d877e2266df0"}
{"level":"info","time":"2026-09-18T18:05:58.086Z","service":"vantage-main-server","env":"development","msg":"crm.form_lead.submit.started","leadId":"6aad7d867f09d877e2266df1","endpoint":"https://lead.hellomoving.com/LEADSGWHTTP.lidgw?&API_ID=[redacted]&MOVERREF=[redacted]","payload":{"label":"Main Site Forms","firstname":"J***","lastname":"C***","ozip":"sha256:ce6d2151873f","dzip":"sha256:9a1f53dc5d98","email":"j***@example.com","phone1":"***2222","movesize":"2 Bedrooms","movedte":"5/28/2026","notes":"sha256:81da1dce6ae7","leadno":"sha256:7b6d8986d052"}}
{"level":"info","time":"2026-09-18T18:05:58.087Z","service":"vantage-main-server","env":"development","msg":"crm.form_lead.submit.started","observability_level":"info","category":"crm","workflow":"crm_submit","source_company":"not_provided","entity_id":"6aad7d867f09d877e2266df1"}
{"level":"info","time":"2026-09-18T18:05:58.088Z","service":"vantage-main-server","env":"development","msg":"crm.form_lead.submit.http_error","leadId":"6aad7d867f09d877e2266df1","endpoint":"https://lead.hellomoving.com/LEADSGWHTTP.lidgw?&API_ID=[redacted]&MOVERREF=[redacted]","status":400,"responseText":"bad request"}
{"level":"error","time":"2026-09-18T18:05:58.088Z","service":"vantage-main-server","env":"development","msg":"crm.form_lead.submit.http_error","observability_level":"error","category":"crm","workflow":"crm_submit","source_company":"not_provided","entity_id":"6aad7d867f09d877e2266df1"}
{"level":"info","time":"2026-09-18T18:05:58.092Z","service":"vantage-main-server","env":"development","msg":"crm.form_lead.submit.started","leadId":"6aad7d867f09d877e2266df2","endpoint":"https://lead.hellomoving.com/LEADSGWHTTP.lidgw?&API_ID=[redacted]&MOVERREF=[redacted]","payload":{"label":"Main Site Forms","firstname":"J***","lastname":"C***","ozip":"sha256:ce6d2151873f","dzip":"sha256:9a1f53dc5d98","email":"j***@example.com","phone1":"***2222","movesize":"2 Bedrooms","movedte":"5/28/2026","notes":"sha256:81da1dce6ae7","leadno":"sha256:7b6d8986d052"}}
{"level":"info","time":"2026-09-18T18:05:58.092Z","service":"vantage-main-server","env":"development","msg":"crm.form_lead.submit.started","observability_level":"info","category":"crm","workflow":"crm_submit","source_company":"not_provided","entity_id":"6aad7d867f09d877e2266df2"}
{"level":"error","time":"2026-09-18T18:05:58.092Z","service":"vantage-main-server","env":"development","err":{"type":"Error","message":"ECONNRESET","stack":"Error: ECONNRESET\n    at <anonymous> (C:\\Users\\Pinda\\Proyectos\\vantage\\vantage-main-server\\src\\services\\crm\\crm.service.test.ts:126:11)\n    at globalThis.fetch (C:\\Users\\Pinda\\Proyectos\\vantage\\vantage-main-server\\src\\services\\crm\\crm.service.test.ts:43:12)\n    at submitFormLeadToCrm (C:\\Users\\Pinda\\Proyectos\\vantage\\vantage-main-server\\src\\services\\crm\\crm.service.ts:74:28)\n    at async TestContext.<anonymous> (C:\\Users\\Pinda\\Proyectos\\vantage\\vantage-main-server\\src\\services\\crm\\crm.service.test.ts:129:18)\n    at async Test.run (node:internal/test_runner/test:1332:7)\n    at async Test.processPendingSubtests (node:internal/test_runner/test:911:7)"},"msg":"crm.form_lead.submit.failed","leadId":"6aad7d867f09d877e2266df2","endpoint":"https://lead.hellomoving.com/LEADSGWHTTP.lidgw?&API_ID=[redacted]&MOVERREF=[redacted]","msg":"CRM form lead submission failed"}
{"level":"error","time":"2026-09-18T18:05:58.098Z","service":"vantage-main-server","env":"development","msg":"crm.form_lead.submit.failed","observability_level":"error","category":"crm","workflow":"crm_submit","source_company":"not_provided","entity_id":"6aad7d867f09d877e2266df2"}
{"level":"info","time":"2026-09-18T18:05:58.101Z","service":"vantage-main-server","env":"development","msg":"crm.form_lead.submit.started","leadId":"6aad7d867f09d877e2266df3","endpoint":"https://lead.hellomoving.com/LEADSGWHTTP.lidgw?&API_ID=[redacted]&MOVERREF=[redacted]","payload":{"label":"BestRelocation","firstname":"J***","lastname":"C***","ozip":"sha256:ce6d2151873f","dzip":"sha256:9a1f53dc5d98","email":"j***@example.com","phone1":"***2222","movesize":"2 Bedrooms","movedte":"5/28/2026","notes":"sha256:81da1dce6ae7","leadno":"sha256:7b6d8986d052"}}
{"level":"info","time":"2026-09-18T18:05:58.101Z","service":"vantage-main-server","env":"development","msg":"crm.form_lead.submit.started","observability_level":"info","category":"crm","workflow":"crm_submit","source_company":"not_provided","entity_id":"6aad7d867f09d877e2266df3"}
{"level":"info","time":"2026-09-18T18:05:58.102Z","service":"vantage-main-server","env":"development","msg":"crm.form_lead.submit.completed","leadId":"6aad7d867f09d877e2266df3","endpoint":"https://lead.hellomoving.com/LEADSGWHTTP.lidgw?&API_ID=[redacted]&MOVERREF=[redacted]","status":200,"responseText":"OK"}
{"level":"info","time":"2026-09-18T18:05:58.102Z","service":"vantage-main-server","env":"development","msg":"crm.form_lead.submit.completed","observability_level":"info","category":"crm","workflow":"crm_submit","source_company":"not_provided","entity_id":"6aad7d867f09d877e2266df3"}
✔ CRM env var name constants are stable and match what is read at module load (1.6588ms)
✔ CRM_FORM_LEAD_ENDPOINT is the Granot lead gateway URL with API_ID and MOVERREF params (0.7276ms)
✔ crmEndpointForLog redacts API_ID and MOVERREF values from the endpoint URL (0.4645ms)
✔ crmEndpointForLog defaults to the module-loaded CRM_FORM_LEAD_ENDPOINT and never leaks credentials (0.3957ms)
✔ splitNameForCrm returns empty firstname and lastname for blank input (44.0312ms)
✔ splitNameForCrm duplicates a single token into firstname and lastname (0.3903ms)
✔ splitNameForCrm takes the first and last token for multi-word names (0.2748ms)
✔ formatCrmMoveDate preserves the UTC calendar date as unpadded M/D/YYYY (0.5ms)
✔ buildCrmFormLeadPayload defaults label to CRM_FORM_LEAD_LABEL when blank (52.4363ms)
✔ [AC-03] buildCrmFormLeadPayload uses the provider ref_no as Granot leadno (1.8307ms)
✔ [AC-03] Form Job Number parity does not reinterpret ref_no as CRM leadno (9.6135ms)
✔ [AC-03] buildCrmFormLeadPayload carries lid in notes without using it for identity (1.2131ms)
✔ [AC-03] buildCrmFormLeadPayload leaves leadno blank for the not-provided sentinel (0.9579ms)
✔ buildCrmFormLeadPayload maps lead fields onto the Granot wire shape (10.144ms)
✔ [AC-08] CRM payload does not invent an absent trusted Granot move date (1.7843ms)
✔ summarizeCrmPayloadForLog masks PII and fingerprints identifiers and locations (3.031ms)
✔ summarizeCrmPayloadForLog handles blank PII fields without throwing (2.0023ms)
✔ upsertCustomerFromBookingContact matches by phone when provided (4.0605ms)
✔ upsertCustomerFromBookingContact falls back to lead phone when customer phone is blank (0.7298ms)
✔ upsertCustomerFromBookingContact matches by normalized name when phone is absent (0.6951ms)
✔ upsertCustomerFromLead allows name-only leads (0.8537ms)
✔ close sets yesterday status closed when it is still open (55.387ms)
✔ close is a no-op when yesterday is already closed (0.9315ms)
✔ close also seals older open days, not only yesterday (0.9537ms)
✔ 2026-06-01T03:00:00.000Z maps to the NY day 2026-05-31 (19.6296ms)
✔ first day seed has 24 hourly buckets and known Source Company slugs (2.9601ms)
✔ metric_touches expand hourly.* onto the NY hour and always bump revision (0.5479ms)
✔ already-expanded hourly paths stay as written (0.3457ms)
✔ dotted increments apply onto a seeded day including hourly buckets (0.7745ms)
✔ previousEasternDayKey walks the NY calendar, not UTC midnight (0.7114ms)
✔ florida timestamp bounds are UTC wall-clock of the day key (1.0705ms)
✔ eastern instant bounds start at NY midnight, not UTC midnight (39.8866ms)
✔ sumHourlyThrough is pace 0..currentNyHour, not the full day (51.6936ms)
✔ first open emits snapshot then tails Redis envelopes as event plus metrics (5.0589ms)
✔ valid Last-Event-ID skips snapshot and continues from the cursor (2.3388ms)
✔ invalid Last-Event-ID is treated as first open and emits snapshot (1.6994ms)
✔ missing Redis uses Mongo tail oldest-after-cursor and still emits facts (1.464ms)
✔ a burst of facts in one wake keeps every touch in the metrics frame (1.5549ms)
✔ Redis throw degrades to Mongo tail for that loop (1.7329ms)
✔ replica-lag skip retries the same Redis id and does not drop the event (1.7404ms)
✔ lane query is ignored — one socket emits every Daily Operations Event (3.1932ms)
✔ heartbeat fires after 15s idle and has no id (3.8297ms)
✔ parseDailyOperationsXread reads object and flat-array field shapes (1.4006ms)
✔ test runner never constructs an Upstash client for the live isolate (0.604ms)
✔ rebuild of an open day replaces counters and never deletes events (5.5517ms)
✔ rebuild refuses a closed day and leaves counters and events alone (1.9374ms)
✔ rebuild of a missing open day still writes seeded counters (2.048ms)
✔ rebuild rejects a deleteEvents hook so events stay append-only (1.0719ms)
{"level":"warn","time":"2026-09-18T18:05:56.191Z","service":"vantage-main-server","env":"development","msg":"daily_operations.redis.xadd_failed","kind":"form_lead.created","day":"2026-05-31","err":{"type":"Error","message":"upstash unavailable","stack":"Error: upstash unavailable\n    at Object.xadd (C:\\Users\\Pinda\\Proyectos\\vantage\\vantage-main-server\\src\\services\\dailyOperations\\recordDailyOperationsFact.test.ts:254:15)\n    at publishRedisDoorbell (C:\\Users\\Pinda\\Proyectos\\vantage\\vantage-main-server\\src\\services\\dailyOperations\\recordDailyOperationsFact.ts:200:34)\n    at recordDailyOperationsFact (C:\\Users\\Pinda\\Proyectos\\vantage\\vantage-main-server\\src\\services\\dailyOperations\\recordDailyOperationsFact.ts:307:11)\n    at async TestContext.<anonymous> (C:\\Users\\Pinda\\Proyectos\\vantage\\vantage-main-server\\src\\services\\dailyOperations\\recordDailyOperationsFact.test.ts:249:18)\n    at async Test.run (node:internal/test_runner/test:1332:7)\n    at async Test.processPendingSubtests (node:internal/test_runner/test:911:7)"}}
✔ unique dedupe_key insert increments the named metric_touches (7.0029ms)
✔ duplicate dedupe_key is a no-op: no second increment and no XADD (2.8849ms)
✔ closed day skips increment and records empty metric_touches (1.6099ms)
✔ missing Redis client still persists the event and day increment (0.9371ms)
✔ test runner never constructs a publish that would call Upstash (0.7632ms)
✔ Redis XADD failure is swallowed and does not fail the fact (8.6547ms)
✔ successful XADD stores redis_stream_id and only envelope fields (2.7263ms)
✔ writer never throws when stores fail (2.475ms)
✔ test sink captures when stores are not injected (0.7712ms)
✔ granot.minted increments decisions only and sheet sync increments only its own panel counter (0.6274ms)
{"level":"error","time":"2026-09-18T18:05:56.203Z","service":"vantage-main-server","env":"development","msg":"daily_operations.record_fact_failed","kind":"form_lead.created","err":{"type":"Error","message":"mongo down","stack":"Error: mongo down\n    at Object.insertEvent (C:\\Users\\Pinda\\Proyectos\\vantage\\vantage-main-server\\src\\services\\dailyOperations\\recordDailyOperationsFact.test.ts:326:15)\n    at recordDailyOperationsFact (C:\\Users\\Pinda\\Proyectos\\vantage\\vantage-main-server\\src\\services\\dailyOperations\\recordDailyOperationsFact.ts:261:35)\n    at TestContext.<anonymous> (C:\\Users\\Pinda\\Proyectos\\vantage\\vantage-main-server\\src\\services\\dailyOperations\\recordDailyOperationsFact.test.ts:323:24)\n    at Test.runInAsyncScope (node:async_hooks:227:14)\n    at Test.run (node:internal/test_runner/test:1325:25)\n    at Test.processPendingSubtests (node:internal/test_runner/test:911:18)\n    at Test.postRun (node:internal/test_runner/test:1465:19)\n    at Test.run (node:internal/test_runner/test:1390:12)\n    at async Test.processPendingSubtests (node:internal/test_runner/test:911:7)"}}
{"level":"info","time":"2026-09-18T18:06:08.439Z","service":"vantage-main-server","env":"development","msg":"call_lead.create.sheet_sync.disabled","resource":"source_lead","leadModel":"CallLead","leadId":"507f1f77bcf86cd799439011"}
✔ Form create increments leads.form + origin + company once (70.7014ms)
✔ Duplicate Form increments leads.duplicate_form only (1.243ms)
✔ reused WordPress lead does not call the writer (0.8146ms)
✔ zip 33101 + state not_found counts the Lead and records exception.zip_missing (1.616ms)
✔ Call unmatched increments leads.unmatched_call only (1.4856ms)
✔ Call zip present + blank state is a zip miss and still counts the Lead (3.0385ms)
✔ quiet hours at 02:14 ET record text.deferred with 8:00 AM send_at and no messages.successful (2.4551ms)
✔ 07:00 ET send records text.sent only (0.9927ms)
✔ first sent/delivered after deferred records text.sent once (1.8493ms)
✔ status callback terminal fail records text.failed (0.5735ms)
✔ unapplied status callback does not call the writer (0.3731ms)
✔ dispatchOrQueue skipped path records text.skipped (2.9819ms)
✔ completeCallLeadIngestion records call_lead.created once via the sink (4.0542ms)
✔ CRM HTTP fail records exception.crm_failed (14.1645ms)
✔ RingCentral adoption conflict records exception.adoption_conflict and not a Call Lead create (2.0921ms)
✔ duplicate booking submission helper is not used — skip is kind duplicate at finalize (0.8749ms)
✔ employee pending booking increments employee_pending and not a kind bucket (0.6519ms)
✔ cancellation.created uses cancellation:<id>:created (0.8989ms)
✔ writer sink captures without stores and does not require Mongo (0.4216ms)
✔ zipMissSides treats not_found and blank as a miss only when a zip is present (0.2796ms)
{"level":"info","time":"2026-09-18T18:06:08.440Z","service":"vantage-main-server","env":"development","msg":"lead.call.created","observability_level":"info","category":"lead","workflow":"call_lead_create","source_company":"tbm_leads","entity_id":"507f1f77bcf86cd799439011"}
{"level":"info","time":"2026-09-18T18:06:08.450Z","service":"vantage-main-server","env":"development","msg":"crm.form_lead.submit.started","leadId":"507f1f77bcf86cd799439011","endpoint":"https://lead.hellomoving.com/LEADSGWHTTP.lidgw?&API_ID=[redacted]&MOVERREF=[redacted]","payload":{"label":"Main Site Forms","firstname":"J***","lastname":"C***","ozip":"sha256:ce6d2151873f","dzip":"sha256:9a1f53dc5d98","email":"j***@example.com","phone1":"***2222","movesize":"14","movedte":"","notes":"","leadno":""}}
{"level":"info","time":"2026-09-18T18:06:08.450Z","service":"vantage-main-server","env":"development","msg":"crm.form_lead.submit.started","observability_level":"info","category":"crm","workflow":"crm_submit","source_company":"tbm_leads","entity_id":"507f1f77bcf86cd799439011"}
{"level":"info","time":"2026-09-18T18:06:08.454Z","service":"vantage-main-server","env":"development","msg":"crm.form_lead.submit.http_error","leadId":"507f1f77bcf86cd799439011","endpoint":"https://lead.hellomoving.com/LEADSGWHTTP.lidgw?&API_ID=[redacted]&MOVERREF=[redacted]","status":400,"responseText":"bad request"}
{"level":"error","time":"2026-09-18T18:06:08.454Z","service":"vantage-main-server","env":"development","msg":"crm.form_lead.submit.http_error","observability_level":"error","category":"crm","workflow":"crm_submit","source_company":"tbm_leads","entity_id":"507f1f77bcf86cd799439011"}
{"level":"info","time":"2026-09-18T18:06:08.457Z","service":"vantage-main-server","env":"development","msg":"ringcentral.ingest.processed","action":"dry_run","writeMode":"dry_run","duplicate":false,"duplicateReason":"unique","ingestionSource":"webhook","telephonySessionId":"u20-session","callLogId":null,"sourceCompany":"main_site","durationSeconds":180,"callLeadId":null}
✔ applyBestRelocationPlan is not a Daily Operations hook site (202.0507ms)
✔ persistLeadMessageIntent is not a Daily Operations hook site (32.3355ms)
✔ completeFormLeadIngestion hooks after the reused-lead return (114.4201ms)
✔ duplicate booking finalize returns before the Daily Operations writer (167.5443ms)
✔ Sheet Sync job outcomes record one deduped fact per job and outcome with a metric touch (2.6086ms)
✔ the drainer records Sheet Sync facts on synced and failed jobs, never on coalesced duplicates or deferrals (373.3247ms)
✔ completeCallLeadIngestion is the only Call Lead volume hook (197.4983ms)
✔ lead_created capture increments webhook class only (6.3482ms)
✔ priority_updated capture increments webhook class only (0.8705ms)
✔ Booked payload at capture increments class and booked once (1.1384ms)
✔ Release payload at capture increments class and release once (0.6953ms)
✔ Releas token classifies as release (0.731ms)
✔ unclassified booking_status_changed increments class only (1.0496ms)
✔ granot.minted touches decisions.minted only and does not increment leads.* (2.3517ms)
✔ outcome card parent_receipt_id pairs to the receipt card (1.4095ms)
✔ linked outcome uses parent_receipt_id and decisions.linked (1.142ms)
✔ synchronize conflict pending does not record granot.linked (0.6647ms)
✔ processor maps observe / pending_match / unmatched and skips mint/link (1.0199ms)
✔ intake opened increments intakes.opened; refresh does not (1.1343ms)
✔ process-time Booked increments booked only when capture did not classify (0.9373ms)
✔ Booked increments those buckets once when capture already classified (0.6468ms)
✔ dead letter uses exception:dead_letter:<receiptId> (0.6363ms)
✔ receipt kind and dedupe follow spec §14 (0.3713ms)
✔ captureChannelOperationReceipt is not a Daily Operations hook site (32.6495ms)
✔ createLeadFromGranot finalize records granot.minted after existing after-commit work (40.5743ms)
✔ synchronizeLeadFromGranot pending carries outcome and provenance (78.6548ms)
✔ logProcessingCompletion records observe/pending/unmatched when no lead finalize ran (48.0415ms)
✔ dead letter hook is the drainer entered seam, not the 202 path (122.8624ms)
✔ webhook capture hooks after persist and before return (50.9402ms)
✔ missing open day returns seeded zeros, not 404 (7.0205ms)
✔ sheet_sync touches increment the day and surface on the snapshot; pre-hook days read zero (2.3415ms)
✔ missing yesterday yields null totals so the UI can show a dash (1.0618ms)
✔ yesterday_by_now is hourly 0..currentNyHour, not the full yesterday (1.3864ms)
✔ day_before and day_before_by_now come from the third NY day; missing day is null (1.5909ms)
✔ every SOURCE_COMPANIES slug is present including zeros (1.1546ms)
✔ wordpress_form is a present key even when zero (1.4053ms)
✔ intakes.still_open and texts.held_now are live queries, not day increments (0.9083ms)
✔ GET snapshot does not mutate loaded day documents (0.7544ms)
✔ events cursor is occurred_at ISO plus event id, parsed at the last colon (0.584ms)
✔ events page is newest-first for the NY day and returns next_cursor (0.9134ms)
✔ test runner reports redis.configured false without constructing a client (0.6961ms)
{"level":"info","time":"2026-09-18T18:06:10.197Z","service":"vantage-main-server","env":"development","msg":"domain_command.applied","observability_level":"info","category":"admin","workflow":"canonical_domain_command","entity_id":"lead-admin"}
✔ [AC-21] command execution model has durable origin/idempotency uniqueness (2.735ms)
✔ invalid command context fails before database access (2.1411ms)
✔ external ingestion rejects human executors and incomplete provenance (0.8988ms)
✔ [AC-21] four origins validate exactly; Granot and RingCentral identities cannot be client-forged (9.4213ms)
✔ [AC-21] replay returns stored applied result; checksum reuse conflicts; compatibility adapter is one-way (4.1082ms)
✔ [AC-21] failed command leaves no successful execution outcome (1.1882ms)
✔ [AC-21] stable now and preallocated IDs survive a transaction callback retry (1.9648ms)
✔ [AC-32] observation_channel must agree with the initiator path (0.6674ms)
✔ [AC-21] compatibility API-secret and scoped-key system actors validate for vantage_admin (2.58ms)
✔ owner idempotency key helper preserves the 8-200 printable envelope (1.1739ms)
✔ call-lead command validates DTO without an unsupported ingestion field (8.7064ms)
{"level":"info","time":"2026-09-18T18:06:10.200Z","service":"vantage-main-server","env":"development","msg":"domain_command.applied","observability_level":"info","category":"admin","workflow":"canonical_domain_command","entity_id":"lead-1","run_id":"run-1"}
{"level":"info","time":"2026-09-18T18:06:10.202Z","service":"vantage-main-server","env":"development","msg":"domain_command.replayed","observability_level":"info","category":"admin","workflow":"canonical_domain_command","entity_id":"lead-1","run_id":"run-1"}
{"level":"info","time":"2026-09-18T18:06:10.206Z","service":"vantage-main-server","env":"development","msg":"domain_command.applied","observability_level":"info","category":"admin","workflow":"canonical_domain_command","entity_id":"lead-retry","run_id":"run-1"}
{"level":"info","time":"2026-09-18T18:06:10.209Z","service":"vantage-main-server","env":"development","msg":"domain_command.applied","observability_level":"info","category":"admin","workflow":"canonical_domain_command","entity_id":"lead-secret"}
{"level":"info","time":"2026-09-18T18:06:10.210Z","service":"vantage-main-server","env":"development","msg":"domain_command.applied","observability_level":"info","category":"admin","workflow":"canonical_domain_command","entity_id":"lead-scoped"}
✔ [AC-21] transaction-bound internals do not open nested transactions or finalize Sheets (906.537ms)
✔ canonical command modules do not depend on transport or Google adapters (239.7086ms)
✔ durable actor factories mint the fixed Granot and RingCentral identities (0.6201ms)
✔ [AC-32] existing write context factory hashes payload and never stores credentials (0.5443ms)
✔ [AC-32] v1 write routes enter existing adapters and do not patch models (68.5045ms)
✔ runExistingUpdateSourceOwnedLead still uses updateSourceOwnedLead and pending source_lead update (77.921ms)
✔ [AC-32] existing write adapters persist Changes inside the executor and keep later commands disabled (88.0183ms)
﹣ [AC-21] [AC-32] replica existing write commits Command/Change/revision/outbox; replay and rollback do not (2.6052ms) # Replica-set proof requires TEST_MODE=true before process start.
✔ [AC-32] contact and address paths are reference_only; low-risk paths stay stored (63.1627ms)
✔ [AC-32] Change builders omit raw contact values and emit deterministic paths (116.2523ms)
✔ [AC-32] no-op field collection emits no Change descriptors (0.708ms)
✔ FORM and CALL CHANGE_PATHS include no_sync so a flip is not a silent no-op (0.682ms)
✔ collectDocumentFieldChanges reports no_sync when it flips and no-ops when unchanged (3.5604ms)
✔ existing write context maps an Owner extension user to an owner actor (37.1299ms)
✔ existing write context maps Owner plus Sales to an owner actor (0.8965ms)
✔ existing write context rejects sales extension user (3.7114ms)
✔ existing write context rejects customer_service extension user (0.4304ms)
✔ existing write context rejects sales+customer_service extension user (0.2759ms)
﹣ [AC-21] replica executor: exact stored-result replay, checksum conflict, and no second mutation (7.625ms) # Replica-set proof is opt-in via GRANOT_LIFECYCLE_REPLICA_TESTS=true.
﹣ [AC-21] replica executor: same-key commit race has one winner and exact replay of the stored result (0.7216ms) # Replica-set proof is opt-in via GRANOT_LIFECYCLE_REPLICA_TESTS=true.
﹣ [AC-21] replica executor: expected-revision loser is DOMAIN_REVISION_CONFLICT with no Decision/Command (2.4954ms) # Replica-set proof is opt-in via GRANOT_LIFECYCLE_REPLICA_TESTS=true.
﹣ [AC-32] replica executor: Receipt/Observation/Decision causal IDs persist; rollback leaves zero partial rows (1.1596ms) # Replica-set proof is opt-in via GRANOT_LIFECYCLE_REPLICA_TESTS=true.
﹣ [AC-21] replica executor: stable now and preallocated IDs survive callback retry (2.8046ms) # Replica-set proof is opt-in via GRANOT_LIFECYCLE_REPLICA_TESTS=true.
﹣ [AC-32] replica executor: persist failure rolls back Decision, aggregate, and Command (0.7831ms) # Replica-set proof is opt-in via GRANOT_LIFECYCLE_REPLICA_TESTS=true.
﹣ [AC-32] replica executor: post-commit finalize never runs on rollback (1.098ms) # Replica-set proof is opt-in via GRANOT_LIFECYCLE_REPLICA_TESTS=true.
﹣ [AC-32] replica executor: no Sheet/queue/email/CRM call occurs before commit (0.5112ms) # Replica-set proof is opt-in via GRANOT_LIFECYCLE_REPLICA_TESTS=true.
✔ canonical JSON is stable across object insertion order (95.3827ms)
✔ canonical JSON rejects unsupported values (1.1807ms)
✔ effective capability requires all three gates (2.0821ms)
✔ provider failures classify and retry deterministically (1.1579ms)
✔ fenced in-memory leases reject stale epochs (1.1574ms)
✔ model-backed lease schema carries unique scope and fencing epoch (0.9668ms)
✔ run fake enforces status graph, lease fencing, and monotonic checkpoints (1.157ms)
✔ system actors remain distinct and metadata is sanitized (1.7006ms)
✔ listBookingLeadReconciliationCases returns admin-facing summary fields (6.5426ms)
✔ getBookingLeadReconciliationCase returns detail fields consumed by admin (1.5667ms)
✔ searchBookingLeadCandidates returns compact case-aware results with a cursor (4.6131ms)
✔ searchBookingLeadCandidates Call q and contact filters include snapshot paths (42.153ms)
✔ searchBookingLeadCandidates returns Granot and ingested contact snapshots (7.6869ms)
✔ dismissing an owner_booking pending case leaves the Booking Leadless (3.7741ms)
✔ reopenBookingLeadReconciliation guards status and live booking before rematch (0.9876ms)
✔ assembleEmployeeBookingOptions joins active granularities to active companies (6.3534ms)
✔ assembleEmployeeBookingOptions ignores unknown company ids (0.6007ms)
✔ candidate query detects the 26th matching lead instead of proving false uniqueness (7.7642ms)
✔ candidate snapshots keep Granot and ingested contact for owner display (1.3657ms)
✔ candidate query tags a unique Form Lead Job Number as job_no (1.0434ms)
✔ evaluateEmployeeBookingMatch auto-links a unique Call Lead Job Number (7.2232ms)
✔ evaluateEmployeeBookingMatch auto-links a unique Form Lead Job Number on form channel (1.6975ms)
✔ evaluateEmployeeBookingMatch treats two Call Leads with the same Job Number as multiple_matches (1.816ms)
✔ evaluateEmployeeBookingMatch leaves same-phone no-job as pending no_match (1.3181ms)
✔ evaluateEmployeeBookingMatch never auto-links LID, email, or phone under Exact Job Booking Attach (0.9469ms)
✔ evaluateEmployeeBookingMatch never auto-links when candidate query overflowed (0.8231ms)
✔ evaluateEmployeeBookingMatch returns channel_conflict for opposite-channel-only Job Number (54.8699ms)
✔ evaluateEmployeeBookingMatch respects none policy (0.7102ms)
✔ evaluateEmployeeBookingMatch treats contradictory phone/name signals as a hard conflict (1.2858ms)
✔ evaluateEmployeeBookingMatch blocks Job Number and Phone pointing to different Leads (0.7016ms)
✔ evaluateEmployeeBookingMatch does not auto-link a different same-company granularity (1.215ms)
✔ evaluateEmployeeBookingMatch rematch attaches only after a unique job appears (1.2881ms)
✔ test-mode migration apply remains available with --apply (2.0277ms)
✔ production migration apply requires explicit confirmation (0.9625ms)
✔ test mode cannot apply to the production database without production confirmation (0.3235ms)
✔ production migration apply rejects an unexpected connected database (0.3158ms)
✔ production migration apply accepts explicit confirmation on the production database (0.2867ms)
✔ collectNormalizedCollisions groups normalized duplicates (20.8851ms)
✔ reportHasBlockingCollisions flags booking identity collisions (2.2346ms)
✔ submission collision preflight ignores bookings outside the partial unique index scope (0.47ms)
✔ deriveTrustedOwnerActor rejects bare api secret actor (2.4378ms)
✔ deriveTrustedOwnerActor accepts trusted owner headers with primary secret (1.4207ms)
✔ deriveTrustedOwnerActor accepts owner users directly (0.3717ms)
✔ deriveTrustedOwnerActor rejects non-owner users and bare secrets (0.4677ms)
✔ assertExactWarningOverrides requires exact current overrideable warnings (0.4988ms)
✔ assertAllowedCaseAction allows only valid transitions (0.6216ms)
✔ assertLiveBookingState blocks cancelled and invalid booking states (0.918ms)
✔ applyCursorFilter uses date plus id tie-break (4.7905ms)
✔ decodeDateIdCursor rejects malformed dates and object ids (0.8015ms)
{"level":"info","time":"2026-09-18T18:06:13.910Z","service":"vantage-main-server","env":"development","msg":"mongo.dns.servers_configured","servers":["8.8.8.8","1.1.1.1"]}
✔ cold rematch connects to Mongo before attempting a lease or model operation (52.0069ms)
✔ rematch snapshots Exact Job Booking Attach, not the retired five-rule list (2.7451ms)
✔ rematch evaluator attaches only when a unique Call Lead job appears (2.466ms)
✔ call lead enrichment prefers source-compatible Job Number matches when the row has a Job Number (16.2408ms)
✔ call lead enrichment blocks sync when phone matches only across assigned source companies (2.9743ms)
✔ syncCallLeadEnrichment does not write when source match is conflict (2.34ms)
✔ call lead enrichment can claim an unassigned phone-matched call lead source (1.8324ms)
✔ preview does not write live phone, name, or email (1.9109ms)
✔ conflicting stored Job Number is not overwritten (2.5186ms)
✔ row Job on Lead A plus Granot phone equal to Lead B ANI selects A (26.902ms)
✔ contact-only Granot card diff is updateable (4.4117ms)
✔ preview phone rung does not query granot_contact_snapshot (1.1203ms)
✔ parseEnrichmentRow enriches valid cities while ignoring zero and comma placeholders (3.766ms)
✔ AppError defaults to INTERNAL code and 500 status when no options are given (2.0076ms)
✔ AppError preserves code, statusCode, internalMessage, cause, and metadata from options (1.8453ms)
✔ AppError.toLog returns a safe, structured summary of public fields plus log-only context (0.5218ms)
✔ AppError.toLog omits cause/internalMessage/metadata when they are not provided (0.306ms)
✔ AppError.toLog handles string causes and unserializable causes without throwing (0.6199ms)
✔ AppError does NOT expose internalMessage or cause via its public message field (0.3449ms)
✔ BadRequestError defaults to 400 and BAD_REQUEST code (2.6176ms)
✔ ValidationError defaults to 400 and VALIDATION code (1.8752ms)
✔ UnauthorizedError defaults to 401 and UNAUTHORIZED code (0.4134ms)
✔ NotFoundError defaults to 404 and NOT_FOUND code (0.4108ms)
✔ ConflictError defaults to 409 and CONFLICT code (0.3623ms)
✔ IntegrationError defaults to 502 and INTEGRATION code (0.3125ms)
✔ subclasses allow callers to override the default statusCode without losing the code (0.2891ms)
✔ subclasses carry their constructor name (useful for log filters) (0.3818ms)
✔ subclasses are all instanceof AppError and Error (39.6135ms)
✔ createExtensionUser persists canonical roles and never returns the secret (4.413ms)
✔ createExtensionUser rejects a duplicate email (1.3395ms)
✔ listExtensionUsers returns roles and dual-reads leftover employee (0.6158ms)
✔ toAdminExtensionUser dual-reads leftover employee as Sales plus Customer Service (0.4037ms)
✔ updateExtensionUser bumps token_version only on actual email, password, or roles change (1.5151ms)
✔ updateExtensionUser rejects a duplicate email with the create message (0.4993ms)
✔ updateExtensionUser returns not found for a missing id (0.4697ms)
✔ deleteExtensionUser removes the row so the email can be reused (0.7025ms)
✔ deleteExtensionUser returns not found for a missing id (0.5366ms)
✔ fetchDriveFileMetadata maps 404 distinctly from 403 access denied (11.0412ms)
✔ fetchDriveFileMetadata maps provider failures to integration errors (1.6797ms)
✔ Google refresh tokens round-trip through authenticated encryption (9.2959ms)
✔ encrypted Google refresh tokens are bound to the owner identity (1.568ms)
✔ OAuth state is stored as a deterministic SHA-256 digest (0.685ms)
✔ Google Drive folder IDs can be read from IDs or shared URLs (0.4301ms)
✔ invalid Google Drive folder IDs are rejected (0.7238ms)
✔ a requested folder is created under the normalized configured parent (1.5486ms)
✔ public Google OAuth config excludes server secrets (3.2978ms)
✔ sanitized Google Drive connection status excludes configured owner email (0.4428ms)
✔ sanitized Google Drive connection status excludes refresh credentials (0.4246ms)
✔ Picker bootstrap allowlist rejects unexpected response fields (1.077ms)
✔ reporting ownership marker round-trips and matches destination ID (0.6942ms)
✔ allowed OAuth scopes reject overgrant and extra scopes (3.1084ms)
✔ OAuth scope normalization is order-insensitive (1.9133ms)
✔ Google userinfo.email URI is treated as the email scope (0.3868ms)
✔ google drive owner auth accepts the signed owner admin proxy (15.1234ms)
✔ google drive owner auth rejects scoped API keys (2.0531ms)
✔ google drive owner auth accepts an allowlisted extra owner email (1.86ms)
✔ google drive owner auth rejects a signed owner outside the allowlist (5.1096ms)
✔ google drive owner auth requires signed owner matching configured identity (1.7639ms)
✔ sanitized google drive API errors do not expose configured owner email (1.4263ms)
✔ callback failure logs use stable categories without provider text (1.05ms)
✔ drive metadata validation rejects wrong mime types (3.444ms)
✔ drive metadata validation rejects trashed files (1.1087ms)
✔ drive metadata validation rejects non-owned files (2.3003ms)
✔ picker nonce and selection references hash to stable digests (1.3287ms)
✔ invalid picker selection preserves nonce until metadata validates (23.8706ms)
✔ picker nonce replay is rejected after successful verification (3.909ms)
✔ concurrent valid picker verifications issue at most one selection reference (2.5385ms)
✔ invalid selection reference metadata preserves reference until validation passes (15.6124ms)
✔ denylisted workbook preserves reference until denylist clears (10.3426ms)
✔ denylist configuration fails closed without consuming reference (2.2027ms)
✔ selection reference replay is rejected after successful consume (1.1817ms)
✔ concurrent valid selection reference consumes yield at most one winner (1.0388ms)
✔ extractStateCodeFromGoogleGeocodeResponse uses postal address state code (2.368ms)
✔ extractStateCodeFromGoogleGeocodeResponse converts state component name (0.4843ms)
✔ Form Lead that is not a Duplicate Lead expects Master Leads Forms (3.7542ms)
✔ Duplicate Form Lead expects Master Leads Duplicates (0.7537ms)
✔ Bad Lead expects the primary tab and Bad Leads (0.4085ms)
✔ Call Lead that is not a Duplicate Lead expects Master Leads Calls (0.3749ms)
✔ Duplicate Call Lead expects Master Leads Duplicate Calls (0.2795ms)
✔ Unmatched Call Lead is not expected on Master Leads (0.257ms)
✔ ordinary No-Sync Form Lead skips Master Leads with no_sync (0.2161ms)
✔ ordinary No-Sync Call Lead skips Master Leads with no_sync (0.2265ms)
✔ No-Sync + Bad Lead still expects today's Bad tabs (0.3121ms)
✔ No-Sync + Duplicate Call Lead still expects Duplicate Calls (0.3655ms)
✔ Booking expects Master Booked Booked Deals (0.3267ms)
✔ Cancellation expects Master Booked Cancelled Deals (0.2971ms)
✔ formatDateOnly returns ISO date prefix (3.5847ms)
✔ formatTimestamp uses owner-facing UTC clock components (0.5185ms)
✔ booleanCell maps booleans to sheet strings (0.3727ms)
✔ localCell maps values to local/long_distance (0.326ms)
✔ optionalLocalCell returns empty string when blank (20.5471ms)
✔ bookedCell, bookedDateCell, cancelledCell, quotedCell map booleans to labels (2.6647ms)
✔ overThresholdCell returns label or blank (0.5101ms)
✔ formatNumber stringifies finite numbers and elides null/undefined/NaN (3.0325ms)
✔ primaryBookingAgent returns first agent name snapshot (0.6987ms)
✔ splitCell only flags true splits when there are at least two named allocations with non-zero amounts (1.4526ms)
✔ formLeadToRow projects fields in the documented header order (1.2059ms)
✔ formLeadToRow defaults missing ref_no to 'not provided' (1.6734ms)
✔ lead projections use exact GetMovers source labels (0.7523ms)
✔ formLeadToRow clears booking reporting columns after booking deletion (0.397ms)
✔ callLeadToRow projects fields in the documented header order (0.4986ms)
✔ callLeadToRow clears booking reporting columns after booking deletion (0.9774ms)
✔ bookedLeadToRow projects allocations, customer, and lead ref (1.388ms)
✔ bookedLeadToRow writes form source label from canonical slug (0.4266ms)
✔ bookedLeadToRow writes call source label from canonical slug (0.3264ms)
✔ bookedLeadToRow resolves legacy source labels before writing (0.2634ms)
✔ bookedLeadToRow projects referral customer name and blank lead ref (0.3485ms)
✔ bookedLeadToRow projects leadless booking source label and blank lead ref (29.0766ms)
✔ cancelledLeadToRow projects cancellation fields (1.3444ms)
✔ cancelledLeadToRow leaves cancel_date blank when missing (0.3775ms)
✔ rowsFromValues maps Mongo ID cells and keeps evidence columns (6.5378ms)
✔ found Form Lead returns Master Leads Forms evidence and a sheet link (4.0023ms)
✔ missing Form Lead stays missing and can attach an open Sheet Sync job (0.8756ms)
✔ Form Lead on Duplicates when Forms was expected is wrong_tab (0.8449ms)
✔ unmatched Call Lead is not_expected and does not read tabs (0.6849ms)
✔ ordinary No-Sync Form Lead is not_expected and does not read tabs (0.6455ms)
✔ ordinary No-Sync Call Lead is not_expected and does not read tabs (0.6379ms)
✔ No-Sync + Bad Lead uses today's Bad expected tabs, not the no_sync skip (1.5049ms)
✔ No-Sync + Duplicate Call Lead uses today's Duplicate Calls tab, not the no_sync skip (0.9804ms)
✔ ordinary Call missing from Calls is still missing (0.8208ms)
✔ unknown Mongo id is not_found (0.4817ms)
✔ Bad Lead found on Forms but missing Bad Leads is still found with a missing tab (0.7762ms)
✔ Booking found on Booked Deals (0.7687ms)
✔ preserves request order and dedupes ids (0.7585ms)
✔ ensureTabsAndHeaders expands an undersized existing grid without shrinking it (5.8759ms)
✔ Master Leads provisions a dedicated Duplicate Calls tab (1.9944ms)
✔ Duplicate Calls tab reuses the Calls headers (0.8614ms)
✔ duplicate-call sync targets resolve to the Calls headers (0.3353ms)
✔ duplicate-call master target ensures the Master Leads tab set (0.4905ms)
✔ Master Leads provisions Bad Leads with form headers (0.2816ms)
✔ Bad Leads master target ensures the Master Leads tab set (0.2507ms)
✔ buildGranotCrmCsvObjectKeys creates latest/meta/history paths (10.9917ms)
✔ buildRegistryKey follows CRM origin host (0.9407ms)
✔ parseGranotCsv normalizes headers and skips total rows (5.2666ms)
✔ [AC-03] form identity vocabulary excludes lids while allowing Mongo id as a secondary lookup (7.3725ms)
✔ [AC-03] form planning gives exact FormLead.ref_no priority over every fallback (2.6681ms)
✔ exact identity wins but surfaces a source-company mismatch warning (1.0909ms)
✔ duplicate exact FormLead.ref_no candidates are a conflict (0.9268ms)
✔ [AC-03] form planning falls back only after FormLead.ref_no has no match (1.8488ms)
✔ [AC-03] form planning resolves an ObjectId ref_no only after exact field lookup misses (1.1482ms)
✔ fallback ties resolve by source company then quoted prior (0.5971ms)
✔ fallback refuses a sole candidate from a different source company (0.8015ms)
✔ fallback does not select a lead from name alone (0.6246ms)
✔ fallback scores only candidates that pass the source-company gate (0.7201ms)
✔ form patch has extension parity and fills only missing locations (8.1207ms)
✔ [AC-33] form planning labels Booked Jobs and Follow Up sections separately (1.4671ms)
✔ apply deployment gate is explicit (0.833ms)
✔ form patch never overwrites an existing receiver (0.7899ms)
✔ source report parsing returns both Granot lead sections with job numbers (34.2003ms)
✔ source report parsing finds Granot's nested tables after centered headings (34.3604ms)
✔ content hashes ignore per-login Granot session tokens (15.1746ms)
✔ collected rows map to existing call-lead endpoint payloads (8.7562ms)
✔ call-lead payloads never expose or interpret Granot ref_no (7.5225ms)
✔ collector follows the Granot report flow and records absent sources (30.2773ms)
✔ collector retries the full flow when the source page expires the session (26.0692ms)
✔ collector rejects impossible date windows before contacting Granot (1.2667ms)
✔ [AC-33] Form Follow Up statement keeps raw Priority, separate user/rep, and location aliases (3.028ms)
✔ [AC-33] Form Booked statement is booking_action_apply with raw Booked evidence (1.2571ms)
✔ [AC-33] Call enrichment statement does not collapse user/rep (0.5529ms)
✔ [AC-33] Call Booked statement keeps raw Booked and does not infer Release (0.4963ms)
✔ [AC-02] oversized ${run_id}:${action_id} is rejected before plan lock (1.1694ms)
✔ [AC-02] schema-v1 plans fail closed as RUN_REPLAN_REQUIRED (0.5345ms)
✔ [AC-02] sealing a collected plan stores schema v2 lifecycle_apply before checksum (1.1497ms)
✔ pending lifecycle outcomes keep the run applying (0.5376ms)
✔ run-group creation inserts two correlated compatible queued children (7.1329ms)
✔ run-group validation completes before any child insertion (2.7309ms)
✔ call plan previews convert Mongo ObjectIds before checksumming (3.505ms)
✔ form expected filters do not cast empty strings as ObjectIds (0.4308ms)
✔ [AC-02] applyRun has no runtime path to legacy Form/Call/Booked mutation services (73.6564ms)
✔ source IDs canonicalize case before lookup and duplicate validation (4.6593ms)
✔ source partitioning keeps only compatible IDs in each child snapshot (0.6803ms)
✔ [AC-38] unavailable resolve issues keep INVALID_GRANOT_SOURCES and per-source codes (0.4654ms)
✔ run-group resolve asks each source only for operations its Registry routes permit (0.8706ms)
✔ a source with no matching Registry route still fails the asked operation (0.4791ms)
✔ [AC-38] resolve never treats label or supported_operations as semantic authority (0.6116ms)
✔ source partitioning rejects an empty selected workflow (0.4026ms)
﹣ [AC-21] replica CAS: one winner increments once; loser is DOMAIN_REVISION_CONFLICT (2.0461ms) # Replica-set proof is opt-in via GRANOT_LIFECYCLE_REPLICA_TESTS=true.
✔ [AC-21] CAS primitive requires { _id, domain_revision } and names DOMAIN_REVISION_CONFLICT (5.6288ms)
✔ [AC-37][AC-38] Unit 30 rollout alert codes stay frozen (6.5367ms)
✔ [AC-37] oldest due fires only after 15 minutes plus 10 minutes continuity (4.4444ms)
✔ [AC-31] insufficient data never recovers an active alert (0.4146ms)
✔ [AC-37] any current dead letter fires and zero is ok (0.511ms)
✔ [AC-37] capture 503 and claim-recovery windows use exact thresholds (32.1749ms)
✔ [AC-31] empty p95 and source-rate samples are insufficient_data, not success (0.6175ms)
✔ [AC-31] p95 uses deterministic nearest-rank and the 10-minute threshold (3.0928ms)
✔ [AC-38] RingCentral lease and enabled-source ambiguity rate stay bounded (0.759ms)
✔ [AC-37] repeated evaluation does not fan out: only open/clear transitions emit (0.5115ms)
✔ [AC-05] planner conversion keeplisted Priority/Quoted/move paths and drops derived metadata (24.9991ms)
✔ [AC-05] quoted:false is rejected and no write path sets it false (3.0453ms)
✔ snapshot-only Call plan converts and keeps live phone off contact_changed_paths (0.8586ms)
✔ [AC-10] [AC-12] contact leaves stay on current-contact paths; snapshot is not a contact leaf (0.4647ms)
✔ [AC-11] FormLead destination_zip is allowed and CallLead delivery_zip is required instead (0.6482ms)
✔ [AC-32] forbidden metadata, extra paths, and unsorted path lists are rejected (2.5467ms)
✔ [AC-32] contact hash is stable and omits values from the checksum helper output (7.6226ms)
﹣ [AC-02] concurrent automation operation ID + same hash yields one receipt (2.6916ms) # Replica-set proof requires TEST_MODE=true before process start.
﹣ [AC-02] concurrent automation operation ID + different hash has one winner and 409 (0.7037ms) # Replica-set proof requires TEST_MODE=true before process start.
﹣ [AC-02][AC-33] automation apply captures one receipt, replays it, and writes zero forbidden collections (0.5221ms) # Replica-set proof requires TEST_MODE=true before process start.
✔ [AC-02][AC-33] automation apply captures granot_http_automation then claimAndProcessOrPoll (6.1451ms)
✔ [AC-02] exact replay returns the stored terminal receipt without another capture (0.6709ms)
✔ [AC-02] accepted_for_processing yields a nonterminal receipt for the same operation ID (0.6125ms)
✔ pending_match stays accepted_for_processing until a terminal Decision exists (0.5716ms)
✔ dead-lettered receipts become bounded technical_failure (0.6659ms)
✔ processing disabled leaves the durable receipt recoverable (0.5247ms)
✔ [AC-38] missing automation reference is visible and unavailable for apply (1.8402ms)
✔ [AC-38] invalid referenced Registry row is missing_reference, not a label fallback (0.4713ms)
✔ [AC-38] multiple normalized Registry matches make the automation source ambiguous (0.3551ms)
✔ [AC-38] disabled, lifecycle-disabled, or deferred Registry rows cannot be applied (0.3236ms)
✔ [AC-38] Call routes cannot satisfy a form_leads apply selection (0.3938ms)
✔ [AC-09] ready Form policy permits form_leads and never uses supported_operations as authority (1.6152ms)
﹣ [AC-21][AC-22][AC-23][AC-32] replica confirm is atomic, replay-safe, exact, and source-preserving (2.8793ms) # Replica-set proof requires TEST_MODE=true before process start.
﹣ [AC-22][AC-23] inactive catalog failure leaves the whole effect set invisible (0.6985ms) # Replica-set proof requires TEST_MODE=true before process start.
﹣ [AC-21] simultaneous confirms produce one winner and no duplicate effects (0.4742ms) # Replica-set proof requires TEST_MODE=true before process start.
﹣ [AC-20][AC-21][AC-24][AC-32] replica update fully replaces official fields with one causal chain (1.3008ms) # Replica-set proof requires TEST_MODE=true before process start.
﹣ [AC-20][AC-21][AC-32] replica No Action resolves only case and Command with exact replay (1.07ms) # Replica-set proof requires TEST_MODE=true before process start.
﹣ [AC-24][AC-32] replica update rolls back atomically after every persisted write boundary (1.0276ms) # Replica-set proof requires TEST_MODE=true before process start.
﹣ [AC-21] replica update versus No Action has one case-revision winner (0.6449ms) # Replica-set proof requires TEST_MODE=true before process start.
﹣ Confirm omit selected_lead with unique high suggestion attaches and queues booking_chain (0.4781ms) # Replica-set proof requires TEST_MODE=true before process start.
﹣ Confirm omit selected_lead with medium-only suggestion creates a Leadless Booking (0.6068ms) # Replica-set proof requires TEST_MODE=true before process start.
﹣ Confirm Owner-selected medium attaches that Lead (0.6966ms) # Replica-set proof requires TEST_MODE=true before process start.
﹣ Confirm lost claim fails closed and does not fall through to Leadless (0.5426ms) # Replica-set proof requires TEST_MODE=true before process start.
﹣ Update Existing Booking on a Granot Leadless Booking writes official fields and Master Booked only (0.9076ms) # Replica-set proof requires TEST_MODE=true before process start.
▶ selectBookingIntakeLatestAction
  ✔ returns undefined for empty evidence (1.6533ms)
  ✔ returns priority_5 when that is the only action (0.4425ms)
  ✔ ignores priority_5 when booked or release evidence exists (0.2991ms)
  ✔ selects the temporally latest booked or release action (0.4265ms)
  ✔ tie-breaks same captured_at with higher Observation id hex (0.3361ms)
✔ selectBookingIntakeLatestAction (5.6438ms)
﹣ [AC-R9] Confirm Cancellation succeeds only for AC-R3 posture and replays (3.3865ms) # Replica-set proof requires TEST_MODE=true before process start.
﹣ [AC-R9] create-missing + latest Release writes no Cancellation (1.0184ms) # Replica-set proof requires TEST_MODE=true before process start.
﹣ [AC-R9] latest Booked on review mode is GRANOT_CASE_REVISION_CONFLICT and writes no Cancellation (0.6007ms) # Replica-set proof requires TEST_MODE=true before process start.
﹣ [AC-R9] booking commands disabled is POLICY_BLOCKED even when release command flags are true (1.3838ms) # Replica-set proof requires TEST_MODE=true before process start.
﹣ [AC-RRF-01][AC-RRF-06] Release-first Referral review No Action closes the case only (0.7253ms) # Replica-set proof requires TEST_MODE=true before process start.
﹣ [AC-RRF-02] Release-first Referral review Update keeps one Booking (0.4719ms) # Replica-set proof requires TEST_MODE=true before process start.
﹣ [AC-RRF-03] Release-first review latest Booked Cancel is GRANOT_CASE_REVISION_CONFLICT (0.4042ms) # Replica-set proof requires TEST_MODE=true before process start.
﹣ [AC-RRF-03] Release-first review latest Release Cancel creates Cancellation without a Lead (0.4722ms) # Replica-set proof requires TEST_MODE=true before process start.
﹣ [AC-RRF-05] Release-first Referral review dead Registry is GRANOT_POLICY_BLOCKED (0.531ms) # Replica-set proof requires TEST_MODE=true before process start.
﹣ [AC-RRF-01] Release-first Referral review job mismatch or pre-activation is GRANOT_IDENTITY_CONFLICT (0.6321ms) # Replica-set proof requires TEST_MODE=true before process start.
▶ assertBookingIntakeCancelAllowed
  ✔ allows open review_existing_booking with latest Release (2.4848ms)
  ✔ rejects create_missing_booking even when latest action is Release (1.2111ms)
  ✔ rejects create_referral_booking even when latest action is Release (0.3901ms)
  ✔ rejects review_existing_booking when latest action is Booked (0.3655ms)
  ✔ rejects a resolved review case even when latest action is Release (0.3256ms)
✔ assertBookingIntakeCancelAllowed (7.3956ms)
▶ isAcceptedReferralPolicyAction
  ✔ [AC-RRF-01] review_existing_booking + first action release → accept (0.5814ms)
  ✔ [AC-RRF-02] review_existing_booking + first action booked → accept (0.5421ms)
  ✔ [AC-RRF-01] create_referral_booking + first action booked → accept (0.263ms)
  ✔ [AC-RRF-01] first action priority_5 / missing / unknown / empty → reject (0.323ms)
✔ isAcceptedReferralPolicyAction (2.342ms)
✔ [AC-P1] Priority 5 then Booked selects the preceding Priority Update (6.339ms)
✔ [AC-P2] Booked that carries Priority 5 with no preceding Priority Update (0.8377ms)
✔ [AC-P3] Booked without valid canonical 5 is booked_without_priority_5 (1.7059ms)
✔ [AC-P4] later Priority 5 is read-time only and does not become preceding (1.0722ms)
✔ equal temporal tuple is neither preceding nor later (0.6364ms)
✔ other jobs are ignored and lead_created Priority 5 is not preceding (0.631ms)
✔ latest older Priority 5 wins when several precede Booked (0.4548ms)
✔ throws without a Booked creating Observation or Job Number (0.9652ms)
✔ isCanonicalPriorityFive requires valid canonical 5 (1.0609ms)
✔ wire and list projections keep IDs, times, route, and Priority only (5.1319ms)
﹣ [AC-28][AC-32] replica simultaneous Referral evidence opens one lead-free case and preserves Decision source policy (4.2965ms) # Replica-set proof requires TEST_MODE=true before process start.
﹣ [AC-18][AC-20][AC-32][AC-36] replica races converge, replay dedupes, and resolved rows advance max+1 (1.0838ms) # Replica-set proof requires TEST_MODE=true before process start.
﹣ [AC-20] replica candidate refresh splits owner and evidence revisions (0.6207ms) # Replica-set proof requires TEST_MODE=true before process start.
﹣ [AC-20][AC-32] replica transaction rolls back case create, refresh, and Decision failures (0.6761ms) # Replica-set proof requires TEST_MODE=true before process start.
﹣ [AC-P8] replica persists pairing on Booked open, replay is a no-op, later Priority 5 does not write (0.7018ms) # Replica-set proof requires TEST_MODE=true before process start.
﹣ [AC-R1] replica later Releas appends Release evidence on the same open Booked case (0.6307ms) # Replica-set proof requires TEST_MODE=true before process start.
﹣ [AC-R2] replica Releas first opens create-missing; later Booked refreshes the same case (17.9126ms) # Replica-set proof requires TEST_MODE=true before process start.
﹣ [AC-R7] replica later Releas after resolve opens sequence+1 create-missing; no Release case (0.7366ms) # Replica-set proof requires TEST_MODE=true before process start.
﹣ [AC-R7] replica later Releas after resolve opens sequence+1 review when Booking is still active (0.9276ms) # Replica-set proof requires TEST_MODE=true before process start.
﹣ [AC-R8] replica exact Release Observation replay is a no-op (2.2052ms) # Replica-set proof requires TEST_MODE=true before process start.
{"level":"info","time":"2026-09-18T18:06:33.772Z","service":"vantage-main-server","env":"development","msg":"granot_lifecycle.booking_case.opened","observability_level":"info","category":"booking","workflow":"granot_booking_reconciliation"}
✔ [AC-35] candidate browser preserves source scope metadata and override warning (4.3343ms)
▶ Booking Reconciliation classification
  ✔ [AC-18] Priority 5 never opens or refreshes a Booking case (88.8657ms)
  ✔ [AC-18a] Referral Priority 5 only remains not_booking_evidence (0.9611ms)
  ✔ [AC-19] actual Booked opens create-missing or review-existing and never treats ambiguity as no-case (0.7773ms)
  ✔ [AC-28][AC-39] delegates employee work, routes cancellation, and owns Referral cases (1.259ms)
  ✔ [AC-40] excludes Bad/Duplicate or ambiguous suggestions (0.9124ms)
  ✔ [AC-18][AC-19] projects only canonical eligible candidates and bounds refresh to 24 hours (0.8909ms)
✔ Booking Reconciliation classification (95.1817ms)
▶ Booking Reconciliation persistence
  ✔ [AC-19] atomically opens one create-missing case with causal evidence and Decision (18.8747ms)
  ✔ does not increment booked again when capture already classified Booked (2.3894ms)
  ✔ [AC-20] refreshes new evidence without staling case revision and dedupes Observation replay (4.3072ms)
  ✔ Observation replay does not increment Daily Operations intake again (3.1359ms)
  ✔ [AC-28] opens and refreshes a Referral case without Source Scope or Lead suggestion (2.5714ms)
  ✔ [AC-20] allocates next sequence after a resolved case and never reopens it (5.1086ms)
  ✔ [AC-P1][AC-P8] persists Booked pairing snapshot, replay is a no-op, later Priority 5 does not write (4.185ms)
  ✔ [AC-P1] persist snapshot is priority_5_then_booked and evidence is Booked only (2.6492ms)
  ✔ [AC-P5] Releas/Release with no official Booking opens a booked booking case with release evidence (4.8704ms)
  ✔ [AC-R1] later Releas appends Release evidence on the same open Booked case (24.0837ms)
  ✔ [AC-R2] Releas first opens create-missing; later Booked refreshes the same case (2.6822ms)
  ✔ [AC-R3] official active Booking + Releas opens review_existing_booking with release evidence (1.6298ms)
  ✔ [AC-R4] officially cancelled Booking + Releas is already_current and writes no booking case (1.7577ms)
  ✔ [AC-R5] officially cancelled Booking + Booked still opens booked_after_official_cancellation (0.6156ms)
  ✔ [AC-R6] identity conflict on Release opens a release_* discrepancy and no booking case (1.0738ms)
  ✔ [AC-P2][AC-P3][AC-P4] second Booked refreshes evidence and pairing snapshot (5.3314ms)
  ✔ [AC-39] fails closed when expected employee reconciliation work is absent (0.7178ms)
  ✔ actual Booked on a Granot official Leadless Booking opens review_existing_booking (1.0092ms)
✔ Booking Reconciliation persistence (89.5077ms)
{"level":"info","time":"2026-09-18T18:06:33.784Z","service":"vantage-main-server","env":"development","msg":"granot_lifecycle.booking_case.opened","observability_level":"info","category":"booking","workflow":"granot_booking_reconciliation"}
{"level":"info","time":"2026-09-18T18:06:33.787Z","service":"vantage-main-server","env":"development","msg":"granot_lifecycle.booking_case.opened","observability_level":"info","category":"booking","workflow":"granot_booking_reconciliation"}
{"level":"info","time":"2026-09-18T18:06:33.788Z","service":"vantage-main-server","env":"development","msg":"granot_lifecycle.booking_case.refreshed","observability_level":"info","category":"booking","workflow":"granot_booking_reconciliation"}
{"level":"info","time":"2026-09-18T18:06:33.791Z","service":"vantage-main-server","env":"development","msg":"granot_lifecycle.booking_case.opened","observability_level":"info","category":"booking","workflow":"granot_booking_reconciliation"}
{"level":"info","time":"2026-09-18T18:06:33.792Z","service":"vantage-main-server","env":"development","msg":"granot_lifecycle.booking_case.refreshed","observability_level":"info","category":"booking","workflow":"granot_booking_reconciliation"}
{"level":"info","time":"2026-09-18T18:06:33.794Z","service":"vantage-main-server","env":"development","msg":"granot_lifecycle.booking_case.opened","observability_level":"info","category":"booking","workflow":"granot_booking_reconciliation"}
{"level":"info","time":"2026-09-18T18:06:33.795Z","service":"vantage-main-server","env":"development","msg":"granot_lifecycle.booking_case.refreshed","observability_level":"info","category":"booking","workflow":"granot_booking_reconciliation"}
{"level":"info","time":"2026-09-18T18:06:33.797Z","service":"vantage-main-server","env":"development","msg":"granot_lifecycle.booking_case.opened","observability_level":"info","category":"booking","workflow":"granot_booking_reconciliation"}
{"level":"info","time":"2026-09-18T18:06:33.800Z","service":"vantage-main-server","env":"development","msg":"granot_lifecycle.booking_case.opened","observability_level":"info","category":"booking","workflow":"granot_booking_reconciliation"}
{"level":"info","time":"2026-09-18T18:06:33.804Z","service":"vantage-main-server","env":"development","msg":"granot_lifecycle.booking_case.opened","observability_level":"info","category":"booking","workflow":"granot_booking_reconciliation"}
{"level":"info","time":"2026-09-18T18:06:33.805Z","service":"vantage-main-server","env":"development","msg":"granot_lifecycle.booking_case.refreshed","observability_level":"info","category":"booking","workflow":"granot_booking_reconciliation"}
{"level":"info","time":"2026-09-18T18:06:33.807Z","service":"vantage-main-server","env":"development","msg":"granot_lifecycle.booking_case.opened","observability_level":"info","category":"booking","workflow":"granot_booking_reconciliation"}
{"level":"info","time":"2026-09-18T18:06:33.810Z","service":"vantage-main-server","env":"development","msg":"granot_lifecycle.booking_case.opened","observability_level":"info","category":"booking","workflow":"granot_booking_reconciliation"}
{"level":"info","time":"2026-09-18T18:06:33.836Z","service":"vantage-main-server","env":"development","msg":"granot_lifecycle.booking_case.opened","observability_level":"info","category":"booking","workflow":"granot_booking_reconciliation"}
{"level":"info","time":"2026-09-18T18:06:33.837Z","service":"vantage-main-server","env":"development","msg":"granot_lifecycle.booking_case.refreshed","observability_level":"info","category":"booking","workflow":"granot_booking_reconciliation"}
{"level":"info","time":"2026-09-18T18:06:33.839Z","service":"vantage-main-server","env":"development","msg":"granot_lifecycle.booking_case.opened","observability_level":"info","category":"booking","workflow":"granot_booking_reconciliation"}
{"level":"info","time":"2026-09-18T18:06:33.839Z","service":"vantage-main-server","env":"development","msg":"granot_lifecycle.booking_case.refreshed","observability_level":"info","category":"booking","workflow":"granot_booking_reconciliation"}
{"level":"info","time":"2026-09-18T18:06:33.841Z","service":"vantage-main-server","env":"development","msg":"granot_lifecycle.booking_case.opened","observability_level":"info","category":"booking","workflow":"granot_booking_reconciliation"}
{"level":"info","time":"2026-09-18T18:06:33.847Z","service":"vantage-main-server","env":"development","msg":"granot_lifecycle.booking_case.opened","observability_level":"info","category":"booking","workflow":"granot_booking_reconciliation"}
{"level":"info","time":"2026-09-18T18:06:33.849Z","service":"vantage-main-server","env":"development","msg":"granot_lifecycle.booking_case.refreshed","observability_level":"info","category":"booking","workflow":"granot_booking_reconciliation"}
{"level":"info","time":"2026-09-18T18:06:33.853Z","service":"vantage-main-server","env":"development","msg":"granot_lifecycle.booking_case.opened","observability_level":"info","category":"booking","workflow":"granot_booking_reconciliation"}
✔ [AC-01][AC-35] capture writes a complete v2 webhook receipt with proven auth and no later fields (55.7526ms)
✔ [AC-01][AC-35] header allowlist keeps only the five bounded names (15.775ms)
✔ [AC-02][AC-35] hashes the credential-redacted payload after allowlisting headers (17.3841ms)
✔ [AC-02] identical webhook deliveries stay distinct receipts and may share the diagnostic hash (5.9586ms)
✔ [AC-01] capture refuses an unproven authentication method before persist (1.4937ms)
✔ [AC-02][AC-33][AC-35] extension channel capture stores one browser_extension receipt and redacts credentials (1.6674ms)
✔ [AC-02] same extension operation ID + same hash replays the existing receipt (1.2405ms)
✔ [AC-02] same extension operation ID + different hash is GRANOT_OPERATION_IDEMPOTENCY_CONFLICT (1.0484ms)
✔ webhook capture records a Daily Operations receipt fact after persist (1.1442ms)
✔ booking_status_changed Booked payload records granot.booked at capture (1.3054ms)
✔ identical webhook deliveries increment Daily Operations once per receipt (1.1783ms)
✔ extension channel capture does not record a Daily Operations fact (0.571ms)
✔ Booked webhook capture increments class and booked once (0.7691ms)
✔ unclassified booking_status_changed increments class only (0.8282ms)
✔ channel capture replay does not increment Daily Operations (0.8381ms)
✔ [AC-02] automation channel capture stores one granot_http_automation receipt (0.7045ms)
✔ [AC-02] same automation operation ID + different kind is GRANOT_OPERATION_IDEMPOTENCY_CONFLICT (0.9998ms)
✔ Owner selected_lead attaches even when the suggestion is medium (3.0541ms)
✔ no selected_lead and a unique high suggestion auto-attaches (0.4818ms)
✔ no selected_lead and a medium-only suggestion stays Leadless (0.2487ms)
✔ no selected_lead and no suggestion stays Leadless (0.2146ms)
✔ source_scoped_contact never auto-attaches even if confidence were high (0.248ms)
✔ Sheet intents distinguish attached Confirm from Leadless Confirm and Update (0.5035ms)
✔ Referral is not a Granot official Leadless Booking (0.3672ms)
﹣ Connect happy path attaches the Lead, writes EntityChange, and queues booking_chain (2.3041ms) # Replica-set proof is opt-in via GRANOT_LIFECYCLE_REPLICA_TESTS=true.
﹣ Connect already_satisfied on the exact same Lead writes no new Change (0.7309ms) # Replica-set proof is opt-in via GRANOT_LIFECYCLE_REPLICA_TESTS=true.
﹣ Connect exact Idempotency-Key replay returns the durable result (0.4112ms) # Replica-set proof is opt-in via GRANOT_LIFECYCLE_REPLICA_TESTS=true.
﹣ Connect rejects Referral, cancelled, already-booked Lead, and stale revision (0.4966ms) # Replica-set proof is opt-in via GRANOT_LIFECYCLE_REPLICA_TESTS=true.
﹣ Connect flag-off is POLICY_BLOCKED (0.3608ms) # Replica-set proof is opt-in via GRANOT_LIFECYCLE_REPLICA_TESTS=true.
✔ Connect sheet intent is booking_chain / booked_lead.connect_lead (2.7832ms)
✔ only Granot official Leadless Bookings without an open case are connectable (0.5085ms)
✔ Connect rejects owner_booking and employee_booking Leadless and any open case (0.5544ms)
✔ Eligible Connect Leads exclude Duplicate, Bad, cancelled, booked, and unmatched Call Leads (0.3632ms)
✔ Source assignment prefers Record Link scope, then employee snapshot, then booking source slug (0.423ms)
✔ Lead matches booking source on company id, granularity, or slug (0.3014ms)
✔ evaluateConnectPreconditions attaches an eligible unbooked Lead (0.2554ms)
✔ already_satisfied when the Booking already has this exact Lead (0.2827ms)
✔ IDENTITY_CONFLICT when the Booking already has a different Lead (0.273ms)
✔ IDENTITY_CONFLICT when another Booking already owns the Lead (0.3172ms)
✔ Referral, cancelled, Duplicate, Bad, and unmatched Call Leads are rejected (22.6566ms)
✔ stale booking revision fails closed (0.6945ms)
✔ out-of-scope without override is rejected; with reason it connects (0.525ms)
✔ empty Connect q does not dump the book (17.689ms)
✔ Connect Form q hits snapshot paths and omits ineligible Leads (36.2257ms)
✔ Connect Call q hits snapshot paths and excludes unmatched Call Leads (3.357ms)
✔ Connect Call q for Granot-only phone hits snapshot phone paths (1.6107ms)
✔ Connect candidates fail closed on Referral, cancelled, and open-case Bookings (2.062ms)
﹣ [AC-08] replica concurrent same-Observation replay commits one atomic Form creation chain (3.2828ms) # Replica-set proof requires TEST_MODE=true before process start.
﹣ [AC-08][AC-09] replica Call phone is pending, Job-only is not_applicable, and fabricates no telephony (0.8895ms) # Replica-set proof requires TEST_MODE=true before process start.
﹣ [AC-08] replica Call creation rejects missing or multiple active route assignments (0.9504ms) # Replica-set proof requires TEST_MODE=true before process start.
﹣ [AC-07][AC-08] replica competing scoped Call phone identity creates nothing (0.5763ms) # Replica-set proof requires TEST_MODE=true before process start.
﹣ Race A: existing RingCentral Call Lead synchronizes even with adoption off (0.743ms) # Replica-set proof requires TEST_MODE=true before process start.
﹣ [AC-08] replica exact replay returns stored refs; checksum conflict creates no partial state (0.7852ms) # Replica-set proof requires TEST_MODE=true before process start.
﹣ [AC-08] replica rollback after reserved-link identity race leaves zero orphan effects (0.6093ms) # Replica-set proof requires TEST_MODE=true before process start.
﹣ [AC-07][AC-08] replica concurrent same-job writers keep one Lead and one active link (0.5848ms) # Replica-set proof requires TEST_MODE=true before process start.
﹣ [AC-07][AC-08] replica processor race replans the loser through Unit 18 (0.6186ms) # Replica-set proof requires TEST_MODE=true before process start.
﹣ [AC-08] replica rolls back Lead/link/Change/Decision/Command/outbox stage failures (0.971ms) # Replica-set proof requires TEST_MODE=true before process start.
✔ [AC-08] idempotency key is observation-scoped and stable (30.3961ms)
✔ [AC-08] checksum covers Observation, model, source-scope, policy version, and creation semantics (30.93ms)
✔ [AC-08] checksum never includes raw transport envelope or secret-bearing headers (1.4275ms)
✔ [AC-08] command envelope rejects invalid Observation, missing provenance, and wrong idempotency key (4.0339ms)
✔ create_if_missing SMS handoff requires the resolved Lead Source ID from source_scope (1.0006ms)
✔ observation-load create guard allows lead_created only (0.3212ms)
✔ command rejects priority_updated even for Call create_if_missing (0.3739ms)
✔ executeCreation requested_effect stays lead_created (2.5214ms)
✔ both Granot phone-fence sites run without the adoption flag; Job-only still skips (60.2611ms)
✔ booking intake selection prefers the latest Booked evidence (3.5171ms)
✔ booking intake selection falls back to the latest creating evidence (0.5791ms)
✔ booking intake selection prefers latest Release when the case has only Release evidence (0.516ms)
✔ booking intake selection prefers Booked when Booked and Release evidence both exist (1.2957ms)
✔ booking intake creating observation returns the credential-redacted Booked statement (7.7518ms)
✔ booking intake creating observation is absent for missing booking cases (0.5707ms)
✔ [AC-P1] creating observation includes pairing and the preceding Priority 5 snapshot (14.0882ms)
✔ [AC-P3] Booked-without-5 still returns 200 with the Booked statement and no paired snapshot (0.8639ms)
✔ Release-only booking case creating observation is preferred_release with null pairing (1.4594ms)
✔ Booked plus Release booking case creating observation stays preferred_booked (1.6841ms)
✔ [AC-P6] historical Priority-5-only remains latest_creating with null pairing (0.7227ms)
✔ cancellation intake selection prefers the latest Release evidence (0.4769ms)
✔ cancellation intake creating observation returns the credential-redacted Release statement (1.7921ms)
✔ intake creating observation uses the booking statement when both collections could match (1.6924ms)
✔ intake creating observation is absent when neither case exists (0.4885ms)
{"level":"info","time":"2026-09-18T18:06:41.067Z","service":"vantage-main-server","env":"development","msg":"granot_lifecycle.processing.completed","receipt_id":"6aad…7258","observation_id":"6aad…7259","decision_id":"6aad…725c","attempt":1,"execution_mode":"historical_shadow","outcome":"linked","reason_code":"record_link_established","duration_ms":9}
✔ [AC-33] equivalent webhook and extension statements normalize to the same identity and Priority (7.2554ms)
✔ [AC-33] equivalent shadow processor outcomes match and produce zero changed paths (18.9431ms)
✔ [AC-02][AC-33] apply-item envelope unwraps to the statement without a second policy (1.6079ms)
✔ [AC-02][AC-33] equivalent webhook and automation statements share Observation identity (0.8175ms)
✔ [AC-33] equivalent webhook and automation shadow desired-state outcomes match (2.9436ms)
✔ [AC-33] equivalent live webhook, extension, and automation desired states match (52.5843ms)
{"level":"info","time":"2026-09-18T18:06:41.069Z","service":"vantage-main-server","env":"development","msg":"granot_lifecycle.processing.completed","observability_level":"info","category":"mongo","workflow":"granot_lifecycle"}
{"level":"info","time":"2026-09-18T18:06:41.071Z","service":"vantage-main-server","env":"development","msg":"granot_lifecycle.processing.completed","receipt_id":"6aad…725a","observation_id":"6aad…725b","decision_id":"6aad…725e","attempt":1,"execution_mode":"historical_shadow","outcome":"linked","reason_code":"record_link_established","duration_ms":1}
{"level":"info","time":"2026-09-18T18:06:41.071Z","service":"vantage-main-server","env":"development","msg":"granot_lifecycle.processing.completed","observability_level":"info","category":"mongo","workflow":"granot_lifecycle"}
{"level":"info","time":"2026-09-18T18:06:41.077Z","service":"vantage-main-server","env":"development","msg":"granot_lifecycle.processing.completed","receipt_id":"6aad…7260","observation_id":"6aad…7261","decision_id":"6aad…7264","attempt":1,"execution_mode":"historical_shadow","outcome":"linked","reason_code":"record_link_established","duration_ms":1}
{"level":"info","time":"2026-09-18T18:06:41.077Z","service":"vantage-main-server","env":"development","msg":"granot_lifecycle.processing.completed","observability_level":"info","category":"mongo","workflow":"granot_lifecycle"}
{"level":"info","time":"2026-09-18T18:06:41.078Z","service":"vantage-main-server","env":"development","msg":"granot_lifecycle.processing.completed","receipt_id":"6aad…7262","observation_id":"6aad…7263","decision_id":"6aad…7266","attempt":1,"execution_mode":"historical_shadow","outcome":"linked","reason_code":"record_link_established","duration_ms":0}
{"level":"info","time":"2026-09-18T18:06:41.078Z","service":"vantage-main-server","env":"development","msg":"granot_lifecycle.processing.completed","observability_level":"info","category":"mongo","workflow":"granot_lifecycle"}
{"level":"info","time":"2026-09-18T18:06:41.116Z","service":"vantage-main-server","env":"development","msg":"granot_lifecycle.processing.completed","receipt_id":"6aad…7268","observation_id":"6aad…7269","decision_id":"6aad…726a","attempt":1,"execution_mode":"live","outcome":"applied","reason_code":"lead_state_changed","duration_ms":36}
{"level":"info","time":"2026-09-18T18:06:41.117Z","service":"vantage-main-server","env":"development","msg":"granot_lifecycle.processing.completed","observability_level":"info","category":"mongo","workflow":"granot_lifecycle"}
{"level":"info","time":"2026-09-18T18:06:41.129Z","service":"vantage-main-server","env":"development","msg":"granot_lifecycle.processing.completed","receipt_id":"6aad…726c","observation_id":"6aad…726d","decision_id":"6aad…726e","attempt":1,"execution_mode":"live","outcome":"applied","reason_code":"lead_state_changed","duration_ms":9}
{"level":"info","time":"2026-09-18T18:06:41.129Z","service":"vantage-main-server","env":"development","msg":"granot_lifecycle.processing.completed","observability_level":"info","category":"mongo","workflow":"granot_lifecycle"}
{"level":"info","time":"2026-09-18T18:06:41.130Z","service":"vantage-main-server","env":"development","msg":"granot_lifecycle.processing.completed","receipt_id":"6aad…7270","observation_id":"6aad…7271","decision_id":"6aad…7272","attempt":1,"execution_mode":"live","outcome":"applied","reason_code":"lead_state_changed","duration_ms":1}
{"level":"info","time":"2026-09-18T18:06:41.130Z","service":"vantage-main-server","env":"development","msg":"granot_lifecycle.processing.completed","observability_level":"info","category":"mongo","workflow":"granot_lifecycle"}
﹣ [AC-36] partial unique index allows one open fingerprint and a resolved history row (2.7129ms) # Replica proof requires testvantagemovers.
﹣ [AC-35][AC-36] No Action is exactly replayable and a revision race has one winner with zero Changes/Sheets (0.8629ms) # Replica proof requires testvantagemovers.
﹣ [AC-26][AC-36] re-evaluation leaves an unchanged current conflict open and exactly replays (0.4831ms) # Replica proof requires testvantagemovers.
﹣ [AC-23][AC-35] correction atomically preserves the old link and Lead scope with two Changes and zero official/Sheet effects (0.685ms) # Replica proof requires testvantagemovers.
﹣ [AC-23][AC-36] correction failure after Change writes rolls back link, discrepancy, Command, and Changes (0.7109ms) # Replica proof requires testvantagemovers.
{"level":"info","time":"2026-09-18T18:06:41.905Z","service":"vantage-main-server","env":"development","msg":"granot_lifecycle.booking_discrepancy.opened","observability_level":"info","category":"admin","workflow":"granot_discrepancy"}
▶ Granot discrepancy fingerprint
  ✔ [AC-35][AC-36] freezes versioned canonical non-PII identity (1.728ms)
  ✔ [AC-26][AC-27][AC-35] includes every null identity key and excludes evidence/display data (0.784ms)
✔ Granot discrepancy fingerprint (4.2602ms)
▶ Granot discrepancy persistence
  ✔ [AC-26][AC-36] opens, refreshes, and exactly deduplicates one fingerprint (5.8124ms)
✔ Granot discrepancy persistence (6.0217ms)
{"level":"info","time":"2026-09-18T18:06:41.907Z","service":"vantage-main-server","env":"development","msg":"granot_lifecycle.booking_discrepancy.refreshed","observability_level":"info","category":"admin","workflow":"granot_discrepancy"}
﹣ [AC-30] replica-set two claimants have one winner (3.298ms) # Replica-set proof requires TEST_MODE=true before process start.
﹣ [AC-30] replica-set expired lease recovers and stale owner cannot finalize (0.6021ms) # Replica-set proof requires TEST_MODE=true before process start.
﹣ [AC-30] replica-set attempt 10 dead-letters with zero Decision (0.4561ms) # Replica-set proof requires TEST_MODE=true before process start.
﹣ [AC-37] replica-set concurrent requeue has one winner and one audit (0.6557ms) # Replica-set proof requires TEST_MODE=true before process start.
﹣ [AC-30] replica-set queue and cron due scan share the claim fence (0.4365ms) # Replica-set proof requires TEST_MODE=true before process start.
{"level":"info","time":"2026-09-18T18:06:45.784Z","service":"vantage-main-server","env":"development","msg":"granot_lifecycle.claim.recovered","observability_level":"info","category":"mongo","workflow":"granot_lifecycle","entity_id":"6aad7d...dba0"}
✔ claim predicate and update match Section 26 exactly (97.6234ms)
✔ [AC-30] foundation terminal processor outcomes complete and reset technical budget (4.7871ms)
✔ [AC-30] foundation pending_match increments match_attempt once and does not consume technical budget (1.9555ms)
✔ [AC-30] foundation pending_match at 24 hours completes and is not scheduled further (1.3759ms)
✔ [AC-30] foundation insufficient_creation_data completes and is never converted to pending match (1.0941ms)
✔ [AC-30] foundation unknown outcome fails closed as a technical contract error (2.696ms)
✔ [AC-30] foundation dependency failure creates no Decision and schedules technical retry (2.4047ms)
✔ [AC-30] foundation consecutive technical failure 10 dead-letters with a safe error (21.3742ms)
✔ two claimants have one winner and an unexpired lease cannot be stolen (1.1794ms)
✔ expired lease recovers and increments the recovery counter only after success (3.6461ms)
✔ stale owner cannot renew or finalize (0.6222ms)
✔ processing disabled skips without claiming (0.6286ms)
✔ [AC-30] foundation historical shadow drain creates no forbidden aggregate effects (0.9045ms)
✔ synchronous loser polls at most five seconds and never starts a second processor (53.8281ms)
✔ synchronous completed work returns the stored processor result (0.7057ms)
✔ queue wakeup parser accepts only { receipt_id } (1.2852ms)
﹣ [AC-02] concurrent same operation ID + same hash yields one receipt (2.2255ms) # Replica-set proof is opt-in via GRANOT_LIFECYCLE_REPLICA_TESTS=true.
﹣ [AC-02] concurrent same operation ID + different hash has one winner and 409 (0.609ms) # Replica-set proof is opt-in via GRANOT_LIFECYCLE_REPLICA_TESTS=true.
✔ [AC-33][AC-35] apply captures a browser_extension receipt then claim/process-or-poll (5.7809ms)
✔ [AC-02] replayed capture still returns the stored processor result (6.5942ms)
✔ [AC-02] accepted_for_processing keeps the same operation ID for refresh (0.6828ms)
✔ [AC-33] expected_target disagreement is a non-syncable conflict and never an override (1.3451ms)
✔ [AC-35] compatibility messages are fixed and never echo payload values (0.2695ms)
✔ [AC-32] temporal comparator treats a missing stored winner as newer (1.8455ms)
✔ [AC-32] temporal comparator compares captured_at before Observation ObjectId (0.5052ms)
✔ [AC-32] equal captured_at uses lowercase 24-character Observation ObjectId hex (0.502ms)
✔ [AC-32] exact same temporal tuple is same and never a second winner (0.5724ms)
✔ [AC-32] no source, channel, or Priority can be encoded in the temporal tuple (7.0212ms)
✔ [AC-39] Booking without a Lead returns Booking Lead Reconciliation delegation only (10.7131ms)
✔ [AC-04] module portion multiple current Bookings are an operational Job conflict (0.761ms)
✔ [AC-07] module portion Record Link model mismatch is a hard conflict (0.9373ms)
✔ missing Record Link Lead is a hard conflict and not a contact fallback (0.6834ms)
✔ [AC-07] module portion Call ladder never queries phone without Source Granularity (1.3776ms)
✔ Booking owner that differs from a contact candidate is conflict evidence, not reassignment (1.8681ms)
﹣ [AC-07] replica identity is read-only across lifecycle and aggregate collections (2.6832ms) # Replica-set proof requires TEST_MODE=true before process start.
﹣ [AC-13] replica cross-field Agent username contradiction returns no suggestion (16.5732ms) # Replica-set proof requires TEST_MODE=true before process start.
﹣ [AC-39] replica Booking without Lead delegates and writes no case (0.9208ms) # Replica-set proof requires TEST_MODE=true before process start.
﹣ replica active Record Link lookup is findOne and writes nothing (0.4119ms) # Replica-set proof requires TEST_MODE=true before process start.
﹣ [AC-04] replica Call Job query is granularity-scoped and read-only (0.4252ms) # Replica-set proof requires TEST_MODE=true before process start.
✔ [AC-09] identity portion missing or invalid route never queries a Lead (3.6182ms)
✔ [AC-29] identity portion deferred policy and provider type never enter a Lead ladder (0.8153ms)
✔ [AC-03] exact Form ref_no match verifies Source Scope and does not post (1.5311ms)
✔ [AC-03] valid 24-character ObjectId compatibility lookup remains a later rung (1.1976ms)
✔ [AC-03] blank or not-provided Form reference is never queried (1.0049ms)
✔ [AC-04] Form ref with conflicting Source Scope is a hard conflict and stops contact fallback (0.7927ms)
✔ [AC-04] Call Job outside resolved Source Granularity is never a global match (1.304ms)
✔ [AC-04] Record Link Source Scope conflict does not continue the Form ladder (0.9004ms)
✔ [AC-04] Booking owner with conflicting Source Scope is conflict evidence (0.747ms)
✔ [AC-07] identity portion returns one deterministic Form target and never queries globally (1.3366ms)
✔ current and immutable Form contact values dedupe to one candidate (0.5094ms)
✔ job-only Record Link is evidence and the Form ladder continues (0.3817ms)
✔ usable Record Link with agreeing scope stops on granot_record_link (0.4202ms)
✔ Duplicate Form Lead is ineligible on exact identity (0.4245ms)
✔ Bad Form Lead is priority_only from strong exact identity and excluded from contact matching (0.5278ms)
✔ inbound letter prefix is the same Job as Granot digits (1.5272ms)
✔ conflicting nonempty Job Numbers are a hard conflict (0.3512ms)
✔ multiple eligible Form contact candidates are ambiguous (1.0736ms)
✔ Call Job rung is scoped and Duplicate Call Leads remain readable (0.5672ms)
✔ Call unique Job wins when Observation phone matches a different Lead (0.5839ms)
✔ Call with no Job on the Lead still binds by operational phone (0.5183ms)
✔ two eligible Call Jobs are a conflict (0.4669ms)
✔ Call phone query omits granot_contact_snapshot (3.7246ms)
✔ Call current and ingested phones dedupe to one Lead (0.5527ms)
✔ [AC-08] multiple scoped Call phone candidates are a creation conflict (0.4778ms)
✔ [AC-13] identity portion equal usernames suggest one active Agent and never mutate (29.4531ms)
✔ [AC-13] identity portion differing user and rep block Agent suggestion (8.2093ms)
✔ [AC-13] more than one active Agent for one username returns no suggestion (1.6139ms)
✔ Referral policy returns leadless context and performs no Lead search (6.6718ms)
✔ [AC-35] portion last_error strips payload, credentials, and contact text (3.9868ms)
✔ [AC-35] portion last_error keeps a bounded safe code and short message (1.3023ms)
✔ unknown error codes collapse to a bounded technical class (0.5709ms)
✔ [AC-10] WordPress submitted contact and Granot snapshot stay separately identifiable and masked (11.7936ms)
✔ [AC-05] all listed Priority forms canonicalize into desired state; only 1/5 enrich and set quoted true (11.1664ms)
✔ [AC-05] leading-zero canonical 5 enriches; no Priority plans quoted false (1.4788ms)
✔ [AC-06] malformed Priority Update is invalid and plans nothing (5.4786ms)
✔ [AC-06] malformed Priority on Lead Created/Booked/Release skips Priority and continues (1.914ms)
✔ [AC-07] matched Lead Created selects one target and never plans a second Lead (6.286ms)
✔ [AC-08] create_if_missing with minimum data authorizes the gated creation command (1.5816ms)
✔ [AC-08] incomplete create_if_missing is exact insufficient_creation_data (1.0208ms)
✔ [AC-09] Local vs long-distance route result controls Form minimum-data eligibility (1.9028ms)
✔ [AC-10] WordPress primary contact and immutable snapshot never enter changed paths (1.4328ms)
✔ [AC-11] WordPress immutable move snapshot and Vantage move_size stay unchanged (1.1471ms)
✔ [AC-12] RingCentral Call qualified contact plans Granot Contact Snapshot only (4.3481ms)
✔ granot_lead_created Call later different Granot phone plans snapshot only (0.7588ms)
✔ Priority 8 Call Lead does not plan Granot Contact Snapshot (0.3971ms)
✔ [AC-13] empty receiver fills from one active Agent at a non-1/5 Priority (0.5137ms)
✔ [AC-13] Agent conflict or existing receiver never overwrites (0.4181ms)
✔ [AC-30] link_only pending match persists the next offset and becomes unmatched at 24h (0.671ms)
✔ [AC-30] incomplete creation data is never scheduled as pending match (0.2403ms)
✔ [AC-32] no-op desired state creates no changed paths (0.8599ms)
✔ Call Lead snapshot formatting-only Granot contact does not remanufacture a change (0.3977ms)
✔ WordPress snapshot formatting-only Granot contact does not remanufacture a change (0.2804ms)
✔ [AC-32] older temporal winner is stale and plans no desired-state effect (0.2906ms)
✔ Bad exact Form target plans only valid Priority; Duplicate has no target (0.4467ms)
✔ letter-prefixed Lead Job matches Granot digits and does not conflict (0.7241ms)
✔ equivalent formatting does not manufacture a Job Number change (0.2874ms)
✔ observation_only policy stays evidence-only (0.2674ms)
✔ Call create_if_missing + priority_updated + unmatched + Job is not eligible (0.3617ms)
✔ Call create_if_missing + lead_created stays eligible (0.2464ms)
✔ Form create_if_missing + lead_created stays eligible (0.2591ms)
✔ Call link_only + priority_updated is not eligible (0.2608ms)
✔ Form create_if_missing + priority_updated is not eligible (0.2925ms)
✔ Call create_if_missing + booking_status_changed is not eligible (0.8602ms)
✔ invalid Call priority_updated never creates even with create_if_missing (0.7951ms)
✔ SSE snapshot then streams newer receipts and heartbeats before closing (10.8272ms)
✔ SSE reconnect with Last-Event-ID skips the snapshot and continues from the cursor (2.7538ms)
✔ [AC-L4] late intake_link emits receipt_updated without advancing the capture cursor (1.4956ms)
✔ SSE does not emit receipt_updated for a brand-new receipt just sent as receipt (1.0751ms)
✔ extractLiveWebhookLead reads name, contact, job, and move fields from a Granot body (2.5615ms)
✔ projectLiveWebhookReceipt keeps webhook lead facts and strips credential keys (8.3864ms)
✔ projectLiveWebhookReceipt ignores extension receipts and unknown event classes (0.5458ms)
✔ live receipt event ids round-trip captured_at and receipt_id (4.6904ms)
✔ [AC-L1] lead_created and priority_updated keep observation_id but never a non-null intake_link (1.6897ms)
✔ [AC-L2] booking_status_changed links the unique booking case that holds the Observation (1.041ms)
✔ [AC-L3] empty, unsupported, or discrepancy-only booking_status_changed never gets an intake_link (0.8168ms)
✔ [AC-L5] two receipts on the same job only link the Observation that is on the case (27.8715ms)
✔ duplicate booking cases for one Observation fail closed and record an operational event (1.1725ms)
✔ missing Observation yields null observation_id and intake_link (1.8957ms)
✔ [AC-35] portion Unit 08 metrics accept only bounded error-code labels (2.2953ms)
✔ [AC-31][AC-35] Section 33 metric names stay exact and receipt labels stay closed (2.1374ms)
✔ [AC-18][AC-19] Booking-case gauge is current cardinality, not an evidence counter (0.6155ms)
✔ [AC-05][AC-06] one receipt upserts one Observation and sequential reprocess reuses it (19.1857ms)
✔ [AC-05] concurrent same-candidate inserts collapse to one stored row (1.133ms)
✔ [AC-05] a differing candidate fails closed and does not overwrite stored evidence (1.3274ms)
✔ [AC-06] invalid and unsupported results persist as completed classifications (0.8088ms)
✔ [AC-05] technical insert failure creates no partial second row (0.4919ms)
✔ [AC-05][AC-29] upsertGranotObservation normalizes an already-read receipt without Registry or aggregate fields (2.6723ms)
✔ [AC-05][AC-06][AC-25][AC-29] every Unit 01 fixture produces the expected normalized facts (12.8447ms)
✔ [AC-05] Priority 0, 1, 5, 8, 05, all-zero, and 12-digit retain raw/canonical/valid without enrichment (1.2332ms)
✔ [AC-06] missing or malformed Priority invalidates Priority Update only (0.7319ms)
✔ [AC-25] exact Booked, Releas, and Release aliases normalize; Released and prefixes do not (0.4275ms)
✔ [AC-29] type=AUTO stays provider context and does not supply source classification (0.4714ms)
✔ [AC-05] webhook, extension, and automation parity fixtures share normalized business fields (1.0126ms)
✔ [AC-06] lead_created payload event type is accepted case-insensitively (0.3182ms)
✔ [AC-06] non-object payload and route/event conflicts persist as terminal invalid vocabulary (0.7496ms)
✔ [AC-06] unsupported Booking Action is not upgraded or downgraded by Priority (0.4176ms)
✔ [AC-05][AC-29] source, identity, contact, move, money, and agent rules cover NFKC, bounds, and invalid dates (88.9982ms)
✔ [AC-05] omitted service_type and unused cubic_rate do not change extracted webhook facts (0.9622ms)
✔ [AC-05] display money never becomes domain command input (0.5506ms)
✔ fixture inventory paths normalize Windows and POSIX separators identically (2.1189ms)
✔ [AC-03][AC-05][AC-06][AC-29] every committed fixture satisfies the strict contract (5.555ms)
✔ [AC-03][AC-05][AC-06][AC-29] invalid fixture authority and metadata combinations are rejected (7.1121ms)
✔ [AC-03] identity fixtures preserve exact-reference priority and blank compatibility boundaries (0.5556ms)
✔ [AC-05] valid Priority fixtures freeze raw and canonical values without false downgrade authority (0.5764ms)
✔ [AC-06] malformed Priority and exact Booking Action aliases retain independent behavior (0.3887ms)
✔ [AC-29] source labels remain separate from provider type and deferred effects (0.4126ms)
✔ [AC-05][AC-06] equivalent statements seed cross-channel normalization parity (0.6424ms)
✔ [AC-03][AC-05][AC-06][AC-29] scanner accepts all schema-validated fixture sources (2075.0608ms)
✔ [AC-03][AC-05][AC-06][AC-29] scanner rejects injected sensitive material with safe locations only (500.0598ms)
✔ [AC-03][AC-05][AC-06][AC-29] scanner rejects raw and prohibited fixture source paths (1.1177ms)
✔ [AC-03][AC-05][AC-06][AC-29] recursive inventory rejects alternate durable fixture sources (51.5949ms)
{"level":"info","time":"2026-09-18T18:06:54.061Z","service":"vantage-main-server","env":"development","msg":"granot_lifecycle.booking_case.opened","observability_level":"info","category":"admin","workflow":"granot_lifecycle"}
✔ [AC-35][AC-37] Unit 30 event catalog is frozen and aliases are one-way (36.8024ms)
✔ [AC-35] sanitizer drops payload, contact, credentials, and free-form reason text (1.1639ms)
✔ [AC-35] sanitizer masks identifiers case-insensitively and retains bounded conflict codes (0.4647ms)
✔ [AC-35] unknown catalog keys are dropped and emission never throws (6.2521ms)
✔ [AC-31][AC-37] apply/replay/conflict stay distinguishable and replay emits no resolve (4.5211ms)
✔ [AC-35] owner command conflicts increment closed codes only (2.6935ms)
{"level":"info","time":"2026-09-18T18:06:54.067Z","service":"vantage-main-server","env":"development","msg":"granot_lifecycle.owner_command.applied","observability_level":"info","category":"admin","workflow":"granot_lifecycle"}
{"level":"info","time":"2026-09-18T18:06:54.068Z","service":"vantage-main-server","env":"development","msg":"granot_lifecycle.booking_case.resolved","observability_level":"info","category":"admin","workflow":"granot_lifecycle"}
{"level":"info","time":"2026-09-18T18:06:54.068Z","service":"vantage-main-server","env":"development","msg":"granot_lifecycle.owner_command.replayed","observability_level":"info","category":"admin","workflow":"granot_lifecycle"}
{"level":"warn","time":"2026-09-18T18:06:54.070Z","service":"vantage-main-server","env":"development","msg":"granot_lifecycle.owner_command.conflict","observability_level":"warn","category":"admin","workflow":"granot_lifecycle"}
{"level":"warn","time":"2026-09-18T18:06:54.071Z","service":"vantage-main-server","env":"development","msg":"granot_lifecycle.owner_command.conflict","observability_level":"warn","category":"admin","workflow":"granot_lifecycle"}
﹣ [AC-31][AC-35][AC-37][AC-38] replica health counts come from Mongo and do not mutate official facts (3.1222ms) # Replica-set proof requires TEST_MODE=true before process start.
{"level":"info","time":"2026-09-18T18:06:55.733Z","service":"vantage-main-server","env":"development","msg":"granot_lifecycle.activation.committed","activation_id":"6aad7d...a525","activated_at":"2026-08-17T16:00:00.000Z","processor_version":"granot-lifecycle-processor-v1","request_id":"req-activation-test"}
✔ [AC-31] foundation Owner activation is write-once and returns a safe projection (32.2127ms)
✔ [AC-31] foundation Admin without Owner cannot activate (0.6324ms)
✔ [AC-31] activation audit failure cannot roll back the committed activation (0.9153ms)
﹣ [AC-31] foundation replica-set concurrent activation has one winner (0.518ms) # Replica-set proof is opt-in via GRANOT_LIFECYCLE_REPLICA_TESTS=true.
✔ [AC-37] Owner requeue moves dead_letter to pending without replacing evidence (2.2399ms)
✔ [AC-37] requeue audit failure cannot roll back the receipt transition (1.1568ms)
✔ [AC-37] requeue of completed or claimed work conflicts and creates no audit (1.4557ms)
✔ [AC-37] missing receipt returns GRANOT_RECEIPT_NOT_FOUND (0.8197ms)
✔ [AC-37] Admin without Owner cannot requeue (0.5544ms)
✔ [AC-35] portion activation projection omits reason and actor PII (0.637ms)
{"level":"info","time":"2026-09-18T18:06:55.760Z","service":"vantage-main-server","env":"development","msg":"granot_lifecycle.activation.committed","activation_id":"6aad7d...a526","activated_at":"2026-08-17T16:00:00.000Z","processor_version":"granot-lifecycle-processor-v1","request_id":"req-activation-test"}
{"level":"info","time":"2026-09-18T18:06:55.763Z","service":"vantage-main-server","env":"development","msg":"granot_lifecycle.manual_requeue.committed","receipt_id":"6aad7d...a527","prior_state":"dead_letter","new_state":"pending","manual_requeue_count":1,"request_id":"req-activation-test"}
{"level":"info","time":"2026-09-18T18:06:55.765Z","service":"vantage-main-server","env":"development","msg":"granot_lifecycle.manual_requeue.committed","receipt_id":"6aad7d...a529","prior_state":"dead_letter","new_state":"pending","manual_requeue_count":1,"request_id":"req-activation-test"}
﹣ [AC-32] replica temporal CAS one winner advances metadata without revision/Change/outbox (3.1512ms) # Replica-set proof requires TEST_MODE=true before process start.
﹣ [AC-32] replica concurrent temporal loser re-evaluates stale and does not persist already_current (0.9467ms) # Replica-set proof requires TEST_MODE=true before process start.
{"level":"info","time":"2026-09-18T18:06:58.849Z","service":"vantage-main-server","env":"development","msg":"granot_lifecycle.processing.completed","receipt_id":"6aad…545d","observation_id":"6aad…545c","decision_id":"6aad…5461","attempt":1,"execution_mode":"live","outcome":"pending_match","reason_code":"pending_source_scoped_match","duration_ms":18}
✔ [AC-18] processor does not invoke Booking reconciliation for Priority 5 (47.5654ms)
✔ [AC-18] Priority 5 with booking cases enabled still applies lead desired-state (138.3564ms)
✔ [AC-18][AC-19] processor invokes Booking reconciliation only in live gate-enabled posture (5.0639ms)
✔ [AC-25][AC-26][AC-27][AC-P5] processor invokes Booking reconciliation for live gate-enabled Release evidence (3.6477ms)
✔ [AC-26][AC-27][AC-36][AC-R6] processor persists Release identity conflict through the discrepancy module (2.5355ms)
✔ [AC-R4] officially cancelled Booking + Release is already_current via Booking reconciliation (3.7942ms)
✔ Release booking-case early-return does not invoke synchronizeLeadFromGranot (3.4684ms)
✔ [AC-02] portion identical webhook evidence in two receipts creates two Decisions (3.5179ms)
✔ [AC-02] portion same observation/attempt replay returns one Decision (2.3089ms)
✔ [AC-02] portion a differing stored Decision is an integrity failure (35.1093ms)
✔ [AC-31] foundation pre-activation receipts stay historical and create no live effects (1.3722ms)
✔ [AC-31] foundation live-shadow Decisions are not promoted and mutate no Record Link (4.6782ms)
✔ [AC-32] portion historical establishment, confirmation, and conflict keep one active link (18.5836ms)
✔ [AC-32] portion invalid, unsupported, and unclassified paths create no link or forbidden effects (3.5055ms)
✔ processing disabled refuses unless a test supplies config (0.6899ms)
✔ [AC-31] foundation live configuration with no match stays pending and mutates no Lead (1.1571ms)
﹣ [AC-32] portion replica-set Decision+link persist atomically and unique job races keep one active link (0.753ms) # Replica-set proof requires TEST_MODE=true before process start.
✔ [AC-07] shadow matched Lead Created records one target and never claims a second Lead (1.563ms)
✔ [AC-08] foundation eligible create_if_missing stays suppressed with no reservation (4.3532ms)
✔ [AC-30] processor emits terminal unmatched at 24 hours (3.1278ms)
✔ [AC-06] malformed Priority on Lead Created continues independent identity work (2.6897ms)
✔ [AC-32] shadow no-op already_current writes no Change, Sheet, or Record Link (2.5115ms)
✔ [AC-32] live test posture advances metadata-only winner and does not emit Change (2.8255ms)
✔ [AC-32] CAS loser re-evaluates as stale and never persists already_current (3.3433ms)
✔ gate snapshot uses real policy facts in stable eight-name order (16.5665ms)
✔ [AC-35] portion Decision metrics use only bounded enum labels (53.9075ms)
✔ [AC-05][AC-07] live authorized matched write invokes synchronizeLeadFromGranot once (4.0451ms)
✔ [AC-32] live applied Decision replays without a second command after the Lead is current (3.134ms)
✔ [AC-32] lost live command race replans as stale and never persists applied (2.9661ms)
✔ [AC-32] already_current exact link does not invoke the command (1.2731ms)
✔ [AC-32] stale classification does not invoke the command (1.4953ms)
✔ [AC-32] inactive Source Company is policy_blocked and never invokes the command (1.6119ms)
✔ [AC-07] live already_current with no active link still invokes association (1.5278ms)
✔ [AC-08] live eligible no-match invokes createLeadFromGranot once with the exact no-patch command (3.053ms)
✔ [AC-08] live authorized Job-only Call invokes creation and multiple candidates block it (2.5509ms)
✔ RingCentral-origin Call Lead plus later Granot Call observation synchronizes and does not create (3.4014ms)
✔ fence identity race replans Call create_if_missing onto the RingCentral Call Lead (2.5234ms)
✔ Call Job versus phone pointing at two Leads is job_number_conflict and never creates (1.3641ms)
✔ [AC-07] live matched Lead Created never invokes createLeadFromGranot (1.7744ms)
✔ [AC-07] identity race winner replans through Unit 18 and never retries blind creation (3.3531ms)
✔ [AC-07] lead-less active link reservation replans as record-link conflict (1.8916ms)
✔ [AC-07] unrelated duplicate-key failures remain technical errors (1.3132ms)
✔ [AC-08] disabled, shadow, incomplete, and route-failure paths create no command (4.127ms)
✔ [AC-09] live Form same states select Local; differing states select long-distance; invalid ZIP/state create no command (5.8579ms)
✔ pending_match records granot.pending_match with parent_receipt_id (1.3645ms)
✔ unmatched records granot.unmatched and created is not minted by the processor (6.3569ms)
✔ same observation/attempt replay does not increment Daily Operations again (2.6131ms)
{"level":"info","time":"2026-09-18T18:06:58.860Z","service":"vantage-main-server","env":"development","msg":"granot_lifecycle.processing.completed","observability_level":"info","category":"mongo","workflow":"granot_lifecycle"}
{"level":"info","time":"2026-09-18T18:06:59.005Z","service":"vantage-main-server","env":"development","msg":"granot_lifecycle.processing.completed","receipt_id":"6aad…5463","observation_id":"6aad…5462","decision_id":"6aad…5468","attempt":1,"execution_mode":"live","outcome":"applied","reason_code":"lead_state_changed","duration_ms":136}
{"level":"info","time":"2026-09-18T18:06:59.006Z","service":"vantage-main-server","env":"development","msg":"granot_lifecycle.processing.completed","observability_level":"info","category":"mongo","workflow":"granot_lifecycle"}
{"level":"info","time":"2026-09-18T18:06:59.008Z","service":"vantage-main-server","env":"development","msg":"granot_lifecycle.processing.completed","receipt_id":"6aad…546b","observation_id":"6aad…546a","decision_id":"6aad…546f","attempt":1,"execution_mode":"live","outcome":"linked","reason_code":"booking_case_opened","duration_ms":1}
{"level":"info","time":"2026-09-18T18:06:59.008Z","service":"vantage-main-server","env":"development","msg":"granot_lifecycle.processing.completed","observability_level":"info","category":"mongo","workflow":"granot_lifecycle"}
{"level":"info","time":"2026-09-18T18:06:59.010Z","service":"vantage-main-server","env":"development","msg":"granot_lifecycle.processing.completed","receipt_id":"6aad…546b","observation_id":"6aad…546a","decision_id":"6aad…5474","attempt":1,"execution_mode":"live","outcome":"pending_match","reason_code":"pending_source_scoped_match","duration_ms":1}
{"level":"info","time":"2026-09-18T18:06:59.011Z","service":"vantage-main-server","env":"development","msg":"granot_lifecycle.processing.completed","observability_level":"info","category":"mongo","workflow":"granot_lifecycle"}
{"level":"info","time":"2026-09-18T18:06:59.013Z","service":"vantage-main-server","env":"development","msg":"granot_lifecycle.processing.completed","receipt_id":"6aad…5476","observation_id":"6aad…5475","decision_id":"6aad…547a","attempt":1,"execution_mode":"live","outcome":"linked","reason_code":"booking_case_opened","duration_ms":1}
{"level":"info","time":"2026-09-18T18:06:59.013Z","service":"vantage-main-server","env":"development","msg":"granot_lifecycle.processing.completed","observability_level":"info","category":"mongo","workflow":"granot_lifecycle"}
{"level":"info","time":"2026-09-18T18:06:59.015Z","service":"vantage-main-server","env":"development","msg":"granot_lifecycle.processing.completed","receipt_id":"6aad…5476","observation_id":"6aad…5475","decision_id":"6aad…547f","attempt":1,"execution_mode":"live","outcome":"pending_match","reason_code":"pending_source_scoped_match","duration_ms":1}
{"level":"info","time":"2026-09-18T18:06:59.015Z","service":"vantage-main-server","env":"development","msg":"granot_lifecycle.processing.completed","observability_level":"info","category":"mongo","workflow":"granot_lifecycle"}
{"level":"info","time":"2026-09-18T18:06:59.017Z","service":"vantage-main-server","env":"development","msg":"granot_lifecycle.processing.completed","receipt_id":"6aad…5481","observation_id":"6aad…5480","decision_id":"6aad…5485","attempt":1,"execution_mode":"live","outcome":"conflict","reason_code":"release_discrepancy_opened","duration_ms":1}
{"level":"info","time":"2026-09-18T18:06:59.017Z","service":"vantage-main-server","env":"development","msg":"granot_lifecycle.processing.completed","observability_level":"info","category":"mongo","workflow":"granot_lifecycle"}
{"level":"info","time":"2026-09-18T18:06:59.020Z","service":"vantage-main-server","env":"development","msg":"granot_lifecycle.processing.completed","receipt_id":"6aad…5488","observation_id":"6aad…5487","decision_id":"6aad…548d","attempt":1,"execution_mode":"live","outcome":"already_current","reason_code":"booking_already_cancelled","duration_ms":1}
{"level":"info","time":"2026-09-18T18:06:59.020Z","service":"vantage-main-server","env":"development","msg":"granot_lifecycle.processing.completed","observability_level":"info","category":"mongo","workflow":"granot_lifecycle"}
{"level":"info","time":"2026-09-18T18:06:59.023Z","service":"vantage-main-server","env":"development","msg":"granot_lifecycle.processing.completed","receipt_id":"6aad…548f","observation_id":"6aad…548e","decision_id":"6aad…5494","attempt":1,"execution_mode":"live","outcome":"linked","reason_code":"booking_case_opened","duration_ms":1}
{"level":"info","time":"2026-09-18T18:06:59.024Z","service":"vantage-main-server","env":"development","msg":"granot_lifecycle.processing.completed","observability_level":"info","category":"mongo","workflow":"granot_lifecycle"}
{"level":"info","time":"2026-09-18T18:06:59.025Z","service":"vantage-main-server","env":"development","msg":"granot_lifecycle.processing.completed","receipt_id":"6aad…548f","observation_id":"6aad…548e","decision_id":"6aad…5499","attempt":1,"execution_mode":"live","outcome":"linked","reason_code":"booking_case_refreshed","duration_ms":1}
{"level":"info","time":"2026-09-18T18:06:59.025Z","service":"vantage-main-server","env":"development","msg":"granot_lifecycle.processing.completed","observability_level":"info","category":"mongo","workflow":"granot_lifecycle"}
{"level":"info","time":"2026-09-18T18:06:59.027Z","service":"vantage-main-server","env":"development","msg":"granot_lifecycle.processing.completed","receipt_id":"6aad…549c","observation_id":"6aad…549b","decision_id":"6aad…54a6","attempt":1,"execution_mode":"historical_shadow","outcome":"linked","reason_code":"record_link_established","duration_ms":1}
{"level":"info","time":"2026-09-18T18:06:59.028Z","service":"vantage-main-server","env":"development","msg":"granot_lifecycle.processing.completed","observability_level":"info","category":"mongo","workflow":"granot_lifecycle"}
{"level":"info","time":"2026-09-18T18:06:59.029Z","service":"vantage-main-server","env":"development","msg":"granot_lifecycle.processing.completed","receipt_id":"6aad…549d","observation_id":"6aad…549e","decision_id":"6aad…54a8","attempt":1,"execution_mode":"historical_shadow","outcome":"linked","reason_code":"record_link_established","duration_ms":1}
{"level":"info","time":"2026-09-18T18:06:59.029Z","service":"vantage-main-server","env":"development","msg":"granot_lifecycle.processing.completed","observability_level":"info","category":"mongo","workflow":"granot_lifecycle"}
{"level":"info","time":"2026-09-18T18:06:59.030Z","service":"vantage-main-server","env":"development","msg":"granot_lifecycle.processing.completed","receipt_id":"6aad…54ab","observation_id":"6aad…54aa","decision_id":"6aad…54af","attempt":1,"execution_mode":"historical_shadow","outcome":"linked","reason_code":"record_link_established","duration_ms":1}
{"level":"info","time":"2026-09-18T18:06:59.030Z","service":"vantage-main-server","env":"development","msg":"granot_lifecycle.processing.completed","observability_level":"info","category":"mongo","workflow":"granot_lifecycle"}
{"level":"info","time":"2026-09-18T18:06:59.068Z","service":"vantage-main-server","env":"development","msg":"granot_lifecycle.processing.completed","receipt_id":"6aad…54bb","observation_id":"6aad…54ba","decision_id":"6aad…54bf","attempt":1,"execution_mode":"historical_shadow","outcome":"linked","reason_code":"record_link_established","duration_ms":1}
{"level":"info","time":"2026-09-18T18:06:59.068Z","service":"vantage-main-server","env":"development","msg":"granot_lifecycle.processing.completed","observability_level":"info","category":"mongo","workflow":"granot_lifecycle"}
{"level":"info","time":"2026-09-18T18:06:59.069Z","service":"vantage-main-server","env":"development","msg":"granot_lifecycle.processing.completed","receipt_id":"6aad…54c2","observation_id":"6aad…54c1","decision_id":"6aad…54c6","attempt":1,"execution_mode":"live_shadow","outcome":"pending_match","reason_code":"pending_source_scoped_match","duration_ms":0}
{"level":"info","time":"2026-09-18T18:06:59.069Z","service":"vantage-main-server","env":"development","msg":"granot_lifecycle.processing.completed","observability_level":"info","category":"mongo","workflow":"granot_lifecycle"}
{"level":"info","time":"2026-09-18T18:06:59.074Z","service":"vantage-main-server","env":"development","msg":"granot_lifecycle.processing.completed","receipt_id":"6aad…54cb","observation_id":"6aad…54ca","decision_id":"6aad…54cc","attempt":1,"execution_mode":"historical_shadow","outcome":"linked","reason_code":"record_link_established","duration_ms":0}
{"level":"info","time":"2026-09-18T18:06:59.075Z","service":"vantage-main-server","env":"development","msg":"granot_lifecycle.processing.completed","observability_level":"info","category":"mongo","workflow":"granot_lifecycle"}
{"level":"info","time":"2026-09-18T18:06:59.075Z","service":"vantage-main-server","env":"development","msg":"granot_lifecycle.processing.completed","receipt_id":"6aad…54ce","observation_id":"6aad…54cf","decision_id":"6aad…54d1","attempt":1,"execution_mode":"historical_shadow","outcome":"linked","reason_code":"record_link_confirmed","duration_ms":0}
{"level":"info","time":"2026-09-18T18:06:59.076Z","service":"vantage-main-server","env":"development","msg":"granot_lifecycle.processing.completed","observability_level":"info","category":"mongo","workflow":"granot_lifecycle"}
{"level":"info","time":"2026-09-18T18:06:59.091Z","service":"vantage-main-server","env":"development","msg":"granot_lifecycle.processing.completed","receipt_id":"6aad…54d4","observation_id":"6aad…54d5","decision_id":"6aad…54d8","attempt":1,"execution_mode":"historical_shadow","outcome":"conflict","reason_code":"record_link_conflict","duration_ms":15}
{"level":"info","time":"2026-09-18T18:06:59.091Z","service":"vantage-main-server","env":"development","msg":"granot_lifecycle.processing.completed","observability_level":"info","category":"mongo","workflow":"granot_lifecycle"}
{"level":"info","time":"2026-09-18T18:06:59.093Z","service":"vantage-main-server","env":"development","msg":"granot_lifecycle.processing.completed","receipt_id":"6aad…54da","observation_id":"6aad…54d9","decision_id":"6aad…54df","attempt":1,"execution_mode":"historical_shadow","outcome":"invalid","reason_code":"invalid_priority_update","duration_ms":1}
{"level":"info","time":"2026-09-18T18:06:59.093Z","service":"vantage-main-server","env":"development","msg":"granot_lifecycle.processing.completed","observability_level":"info","category":"mongo","workflow":"granot_lifecycle"}
{"level":"info","time":"2026-09-18T18:06:59.093Z","service":"vantage-main-server","env":"development","msg":"granot_lifecycle.processing.completed","receipt_id":"6aad…54e1","observation_id":"6aad…54e0","decision_id":"6aad…54e6","attempt":1,"execution_mode":"historical_shadow","outcome":"unsupported","reason_code":"unsupported_booking_action","duration_ms":0}
{"level":"info","time":"2026-09-18T18:06:59.093Z","service":"vantage-main-server","env":"development","msg":"granot_lifecycle.processing.completed","observability_level":"info","category":"mongo","workflow":"granot_lifecycle"}
{"level":"info","time":"2026-09-18T18:06:59.095Z","service":"vantage-main-server","env":"development","msg":"granot_lifecycle.processing.completed","receipt_id":"6aad…54e8","observation_id":"6aad…54e7","decision_id":"6aad…54ea","attempt":1,"execution_mode":"historical_shadow","outcome":"policy_blocked","reason_code":"source_unclassified","duration_ms":1}
{"level":"info","time":"2026-09-18T18:06:59.095Z","service":"vantage-main-server","env":"development","msg":"granot_lifecycle.processing.completed","observability_level":"info","category":"mongo","workflow":"granot_lifecycle"}
{"level":"info","time":"2026-09-18T18:06:59.097Z","service":"vantage-main-server","env":"development","msg":"granot_lifecycle.processing.completed","receipt_id":"6aad…54f2","observation_id":"6aad…54f1","decision_id":"6aad…54f6","attempt":1,"execution_mode":"live","outcome":"pending_match","reason_code":"pending_source_scoped_match","duration_ms":1}
{"level":"info","time":"2026-09-18T18:06:59.097Z","service":"vantage-main-server","env":"development","msg":"granot_lifecycle.processing.completed","observability_level":"info","category":"mongo","workflow":"granot_lifecycle"}
{"level":"info","time":"2026-09-18T18:06:59.099Z","service":"vantage-main-server","env":"development","msg":"granot_lifecycle.processing.completed","receipt_id":"6aad…54f8","observation_id":"6aad…54f7","decision_id":"6aad…54fd","attempt":1,"execution_mode":"live_shadow","outcome":"policy_blocked","reason_code":"shadow_effect_suppressed","duration_ms":0}
{"level":"info","time":"2026-09-18T18:06:59.099Z","service":"vantage-main-server","env":"development","msg":"granot_lifecycle.processing.completed","observability_level":"info","category":"mongo","workflow":"granot_lifecycle"}
{"level":"info","time":"2026-09-18T18:06:59.103Z","service":"vantage-main-server","env":"development","msg":"granot_lifecycle.processing.completed","receipt_id":"6aad…54ff","observation_id":"6aad…54fe","decision_id":"6aad…5503","attempt":1,"execution_mode":"live_shadow","outcome":"policy_blocked","reason_code":"shadow_effect_suppressed","duration_ms":2}
{"level":"info","time":"2026-09-18T18:06:59.103Z","service":"vantage-main-server","env":"development","msg":"granot_lifecycle.processing.completed","observability_level":"info","category":"mongo","workflow":"granot_lifecycle"}
{"level":"info","time":"2026-09-18T18:06:59.107Z","service":"vantage-main-server","env":"development","msg":"granot_lifecycle.processing.completed","receipt_id":"6aad…5505","observation_id":"6aad…5504","decision_id":"6aad…5509","attempt":9,"execution_mode":"live_shadow","outcome":"unmatched","reason_code":"match_window_expired","duration_ms":1}
{"level":"info","time":"2026-09-18T18:06:59.107Z","service":"vantage-main-server","env":"development","msg":"granot_lifecycle.processing.completed","observability_level":"info","category":"mongo","workflow":"granot_lifecycle"}
{"level":"info","time":"2026-09-18T18:06:59.109Z","service":"vantage-main-server","env":"development","msg":"granot_lifecycle.processing.completed","receipt_id":"6aad…550b","observation_id":"6aad…550a","decision_id":"6aad…5510","attempt":1,"execution_mode":"live_shadow","outcome":"policy_blocked","reason_code":"shadow_effect_suppressed","duration_ms":0}
{"level":"info","time":"2026-09-18T18:06:59.109Z","service":"vantage-main-server","env":"development","msg":"granot_lifecycle.processing.completed","observability_level":"info","category":"mongo","workflow":"granot_lifecycle"}
{"level":"info","time":"2026-09-18T18:06:59.113Z","service":"vantage-main-server","env":"development","msg":"granot_lifecycle.processing.completed","receipt_id":"6aad…5512","observation_id":"6aad…5511","decision_id":"6aad…5517","attempt":1,"execution_mode":"live_shadow","outcome":"already_current","reason_code":"desired_state_already_current","duration_ms":1}
{"level":"info","time":"2026-09-18T18:06:59.113Z","service":"vantage-main-server","env":"development","msg":"granot_lifecycle.processing.completed","observability_level":"info","category":"mongo","workflow":"granot_lifecycle"}
{"level":"info","time":"2026-09-18T18:06:59.115Z","service":"vantage-main-server","env":"development","msg":"granot_lifecycle.processing.completed","receipt_id":"6aad…5519","observation_id":"6aad…5518","decision_id":"6aad…5522","attempt":1,"execution_mode":"live","outcome":"already_current","reason_code":"desired_state_already_current","duration_ms":1}
{"level":"info","time":"2026-09-18T18:06:59.116Z","service":"vantage-main-server","env":"development","msg":"granot_lifecycle.processing.completed","observability_level":"info","category":"mongo","workflow":"granot_lifecycle"}
{"level":"info","time":"2026-09-18T18:06:59.118Z","service":"vantage-main-server","env":"development","msg":"granot_lifecycle.processing.completed","receipt_id":"6aad…5524","observation_id":"6aad…5523","decision_id":"6aad…552f","attempt":1,"execution_mode":"live","outcome":"stale","reason_code":"older_than_temporal_winner","duration_ms":2}
{"level":"info","time":"2026-09-18T18:06:59.119Z","service":"vantage-main-server","env":"development","msg":"granot_lifecycle.processing.completed","observability_level":"info","category":"mongo","workflow":"granot_lifecycle"}
{"level":"info","time":"2026-09-18T18:06:59.122Z","service":"vantage-main-server","env":"development","msg":"granot_lifecycle.processing.completed","receipt_id":"6aad…5531","observation_id":"6aad…5530","decision_id":"6aad…5535","attempt":1,"execution_mode":"historical_shadow","outcome":"linked","reason_code":"record_link_established","duration_ms":1}
{"level":"info","time":"2026-09-18T18:06:59.122Z","service":"vantage-main-server","env":"development","msg":"granot_lifecycle.processing.completed","observability_level":"info","category":"mongo","workflow":"granot_lifecycle"}
{"level":"info","time":"2026-09-18T18:06:59.138Z","service":"vantage-main-server","env":"development","msg":"granot_lifecycle.processing.completed","receipt_id":"6aad…5538","observation_id":"6aad…5537","decision_id":"6aad…553c","attempt":1,"execution_mode":"historical_shadow","outcome":"linked","reason_code":"record_link_established","duration_ms":1}
{"level":"info","time":"2026-09-18T18:06:59.190Z","service":"vantage-main-server","env":"development","msg":"granot_lifecycle.processing.completed","observability_level":"info","category":"mongo","workflow":"granot_lifecycle"}
{"level":"info","time":"2026-09-18T18:06:59.194Z","service":"vantage-main-server","env":"development","msg":"granot_lifecycle.processing.completed","receipt_id":"6aad…553f","observation_id":"6aad…553e","decision_id":"6aad…5544","attempt":1,"execution_mode":"live","outcome":"applied","reason_code":"lead_state_changed","duration_ms":2}
{"level":"info","time":"2026-09-18T18:06:59.194Z","service":"vantage-main-server","env":"development","msg":"granot_lifecycle.processing.completed","observability_level":"info","category":"mongo","workflow":"granot_lifecycle"}
{"level":"info","time":"2026-09-18T18:06:59.200Z","service":"vantage-main-server","env":"development","msg":"granot_lifecycle.processing.completed","receipt_id":"6aad…5551","observation_id":"6aad…5550","decision_id":"6aad…555e","attempt":1,"execution_mode":"live","outcome":"stale","reason_code":"older_than_temporal_winner","duration_ms":2}
{"level":"info","time":"2026-09-18T18:06:59.200Z","service":"vantage-main-server","env":"development","msg":"granot_lifecycle.processing.completed","observability_level":"info","category":"mongo","workflow":"granot_lifecycle"}
{"level":"info","time":"2026-09-18T18:06:59.202Z","service":"vantage-main-server","env":"development","msg":"granot_lifecycle.processing.completed","receipt_id":"6aad…5560","observation_id":"6aad…555f","decision_id":"6aad…5569","attempt":1,"execution_mode":"live","outcome":"already_current","reason_code":"desired_state_already_current","duration_ms":1}
{"level":"info","time":"2026-09-18T18:06:59.202Z","service":"vantage-main-server","env":"development","msg":"granot_lifecycle.processing.completed","observability_level":"info","category":"mongo","workflow":"granot_lifecycle"}
{"level":"info","time":"2026-09-18T18:06:59.203Z","service":"vantage-main-server","env":"development","msg":"granot_lifecycle.processing.completed","receipt_id":"6aad…556b","observation_id":"6aad…556a","decision_id":"6aad…5574","attempt":1,"execution_mode":"live","outcome":"stale","reason_code":"older_than_temporal_winner","duration_ms":0}
{"level":"info","time":"2026-09-18T18:06:59.203Z","service":"vantage-main-server","env":"development","msg":"granot_lifecycle.processing.completed","observability_level":"info","category":"mongo","workflow":"granot_lifecycle"}
{"level":"info","time":"2026-09-18T18:06:59.205Z","service":"vantage-main-server","env":"development","msg":"granot_lifecycle.processing.completed","receipt_id":"6aad…5576","observation_id":"6aad…5575","decision_id":"6aad…557b","attempt":1,"execution_mode":"live","outcome":"policy_blocked","reason_code":"target_source_company_inactive","duration_ms":1}
{"level":"info","time":"2026-09-18T18:06:59.205Z","service":"vantage-main-server","env":"development","msg":"granot_lifecycle.processing.completed","observability_level":"info","category":"mongo","workflow":"granot_lifecycle"}
{"level":"info","time":"2026-09-18T18:06:59.207Z","service":"vantage-main-server","env":"development","msg":"granot_lifecycle.processing.completed","receipt_id":"6aad…557d","observation_id":"6aad…557c","decision_id":"6aad…5582","attempt":1,"execution_mode":"live","outcome":"linked","reason_code":"record_link_established","duration_ms":1}
{"level":"info","time":"2026-09-18T18:06:59.207Z","service":"vantage-main-server","env":"development","msg":"granot_lifecycle.processing.completed","observability_level":"info","category":"mongo","workflow":"granot_lifecycle"}
{"level":"info","time":"2026-09-18T18:06:59.209Z","service":"vantage-main-server","env":"development","msg":"granot_lifecycle.processing.completed","receipt_id":"6aad…5585","observation_id":"6aad…5584","decision_id":"6aad…558a","attempt":1,"execution_mode":"live","outcome":"created","reason_code":"lead_created_authorized","duration_ms":1}
{"level":"info","time":"2026-09-18T18:06:59.210Z","service":"vantage-main-server","env":"development","msg":"granot_lifecycle.processing.completed","observability_level":"info","category":"mongo","workflow":"granot_lifecycle"}
{"level":"info","time":"2026-09-18T18:06:59.211Z","service":"vantage-main-server","env":"development","msg":"granot_lifecycle.processing.completed","receipt_id":"6aad…558f","observation_id":"6aad…558e","decision_id":"6aad…5593","attempt":1,"execution_mode":"live","outcome":"created","reason_code":"lead_created_authorized","duration_ms":0}
{"level":"info","time":"2026-09-18T18:06:59.211Z","service":"vantage-main-server","env":"development","msg":"granot_lifecycle.processing.completed","observability_level":"info","category":"mongo","workflow":"granot_lifecycle"}
{"level":"info","time":"2026-09-18T18:06:59.212Z","service":"vantage-main-server","env":"development","msg":"granot_lifecycle.processing.completed","receipt_id":"6aad…558f","observation_id":"6aad…558e","decision_id":"6aad…559c","attempt":1,"execution_mode":"live","outcome":"conflict","reason_code":"multiple_eligible_matches","duration_ms":0}
{"level":"info","time":"2026-09-18T18:06:59.212Z","service":"vantage-main-server","env":"development","msg":"granot_lifecycle.processing.completed","observability_level":"info","category":"mongo","workflow":"granot_lifecycle"}
{"level":"info","time":"2026-09-18T18:06:59.215Z","service":"vantage-main-server","env":"development","msg":"granot_lifecycle.processing.completed","receipt_id":"6aad…559f","observation_id":"6aad…559e","decision_id":"6aad…55a3","attempt":1,"execution_mode":"live","outcome":"applied","reason_code":"lead_state_changed","duration_ms":2}
{"level":"info","time":"2026-09-18T18:06:59.215Z","service":"vantage-main-server","env":"development","msg":"granot_lifecycle.processing.completed","observability_level":"info","category":"mongo","workflow":"granot_lifecycle"}
{"level":"info","time":"2026-09-18T18:06:59.216Z","service":"vantage-main-server","env":"development","msg":"granot_lifecycle.processing.completed","receipt_id":"6aad…55a6","observation_id":"6aad…55a5","decision_id":"6aad…55aa","attempt":1,"execution_mode":"live","outcome":"applied","reason_code":"lead_state_changed","duration_ms":1}
{"level":"info","time":"2026-09-18T18:06:59.216Z","service":"vantage-main-server","env":"development","msg":"granot_lifecycle.processing.completed","observability_level":"info","category":"mongo","workflow":"granot_lifecycle"}
{"level":"info","time":"2026-09-18T18:06:59.218Z","service":"vantage-main-server","env":"development","msg":"granot_lifecycle.processing.completed","receipt_id":"6aad…55ad","observation_id":"6aad…55ac","decision_id":"6aad…55b4","attempt":1,"execution_mode":"live","outcome":"applied","reason_code":"lead_state_changed","duration_ms":1}
{"level":"info","time":"2026-09-18T18:06:59.219Z","service":"vantage-main-server","env":"development","msg":"granot_lifecycle.processing.completed","observability_level":"info","category":"mongo","workflow":"granot_lifecycle"}
{"level":"info","time":"2026-09-18T18:06:59.220Z","service":"vantage-main-server","env":"development","msg":"granot_lifecycle.processing.completed","receipt_id":"6aad…55b7","observation_id":"6aad…55b6","decision_id":"6aad…55bd","attempt":1,"execution_mode":"live","outcome":"conflict","reason_code":"job_number_conflict","duration_ms":1}
{"level":"info","time":"2026-09-18T18:06:59.220Z","service":"vantage-main-server","env":"development","msg":"granot_lifecycle.processing.completed","observability_level":"info","category":"mongo","workflow":"granot_lifecycle"}
{"level":"info","time":"2026-09-18T18:06:59.222Z","service":"vantage-main-server","env":"development","msg":"granot_lifecycle.processing.completed","receipt_id":"6aad…55bf","observation_id":"6aad…55be","decision_id":"6aad…55c5","attempt":1,"execution_mode":"live","outcome":"applied","reason_code":"lead_state_changed","duration_ms":1}
{"level":"info","time":"2026-09-18T18:06:59.222Z","service":"vantage-main-server","env":"development","msg":"granot_lifecycle.processing.completed","observability_level":"info","category":"mongo","workflow":"granot_lifecycle"}
{"level":"info","time":"2026-09-18T18:06:59.225Z","service":"vantage-main-server","env":"development","msg":"granot_lifecycle.processing.completed","receipt_id":"6aad…55c8","observation_id":"6aad…55c7","decision_id":"6aad…55d0","attempt":1,"execution_mode":"live","outcome":"applied","reason_code":"lead_state_changed","duration_ms":2}
{"level":"info","time":"2026-09-18T18:06:59.225Z","service":"vantage-main-server","env":"development","msg":"granot_lifecycle.processing.completed","observability_level":"info","category":"mongo","workflow":"granot_lifecycle"}
{"level":"info","time":"2026-09-18T18:06:59.227Z","service":"vantage-main-server","env":"development","msg":"granot_lifecycle.processing.completed","receipt_id":"6aad…55d3","observation_id":"6aad…55d2","decision_id":"6aad…55da","attempt":1,"execution_mode":"live","outcome":"conflict","reason_code":"record_link_conflict","duration_ms":1}
{"level":"info","time":"2026-09-18T18:06:59.227Z","service":"vantage-main-server","env":"development","msg":"granot_lifecycle.processing.completed","observability_level":"info","category":"mongo","workflow":"granot_lifecycle"}
{"level":"info","time":"2026-09-18T18:06:59.230Z","service":"vantage-main-server","env":"development","msg":"granot_lifecycle.processing.completed","receipt_id":"6aad…55e4","observation_id":"6aad…55e3","decision_id":"6aad…55e9","attempt":1,"execution_mode":"live","outcome":"policy_blocked","reason_code":"global_effect_disabled","duration_ms":1}
{"level":"info","time":"2026-09-18T18:06:59.230Z","service":"vantage-main-server","env":"development","msg":"granot_lifecycle.processing.completed","observability_level":"info","category":"mongo","workflow":"granot_lifecycle"}
{"level":"info","time":"2026-09-18T18:06:59.231Z","service":"vantage-main-server","env":"development","msg":"granot_lifecycle.processing.completed","receipt_id":"6aad…55e4","observation_id":"6aad…55e3","decision_id":"6aad…55ea","attempt":1,"execution_mode":"live_shadow","outcome":"policy_blocked","reason_code":"shadow_effect_suppressed","duration_ms":1}
{"level":"info","time":"2026-09-18T18:06:59.231Z","service":"vantage-main-server","env":"development","msg":"granot_lifecycle.processing.completed","observability_level":"info","category":"mongo","workflow":"granot_lifecycle"}
{"level":"info","time":"2026-09-18T18:06:59.231Z","service":"vantage-main-server","env":"development","msg":"granot_lifecycle.processing.completed","receipt_id":"6aad…55ec","observation_id":"6aad…55eb","decision_id":"6aad…55ed","attempt":1,"execution_mode":"live","outcome":"insufficient_creation_data","reason_code":"missing_creation_contact","duration_ms":0}
{"level":"info","time":"2026-09-18T18:06:59.232Z","service":"vantage-main-server","env":"development","msg":"granot_lifecycle.processing.completed","observability_level":"info","category":"mongo","workflow":"granot_lifecycle"}
{"level":"info","time":"2026-09-18T18:06:59.232Z","service":"vantage-main-server","env":"development","msg":"granot_lifecycle.processing.completed","receipt_id":"6aad…55e4","observation_id":"6aad…55e3","decision_id":"6aad…55f0","attempt":1,"execution_mode":"live","outcome":"insufficient_creation_data","reason_code":"missing_creation_route_data","duration_ms":0}
{"level":"info","time":"2026-09-18T18:06:59.233Z","service":"vantage-main-server","env":"development","msg":"granot_lifecycle.processing.completed","observability_level":"info","category":"mongo","workflow":"granot_lifecycle"}
{"level":"info","time":"2026-09-18T18:06:59.235Z","service":"vantage-main-server","env":"development","msg":"granot_lifecycle.processing.completed","receipt_id":"6aad…55f6","observation_id":"6aad…55f5","decision_id":"6aad…55f7","attempt":1,"execution_mode":"live","outcome":"created","reason_code":"lead_created_authorized","duration_ms":0}
{"level":"info","time":"2026-09-18T18:06:59.235Z","service":"vantage-main-server","env":"development","msg":"granot_lifecycle.processing.completed","observability_level":"info","category":"mongo","workflow":"granot_lifecycle"}
{"level":"info","time":"2026-09-18T18:06:59.236Z","service":"vantage-main-server","env":"development","msg":"granot_lifecycle.processing.completed","receipt_id":"6aad…55fc","observation_id":"6aad…55fb","decision_id":"6aad…55fd","attempt":1,"execution_mode":"live","outcome":"created","reason_code":"lead_created_authorized","duration_ms":1}
{"level":"info","time":"2026-09-18T18:06:59.236Z","service":"vantage-main-server","env":"development","msg":"granot_lifecycle.processing.completed","observability_level":"info","category":"mongo","workflow":"granot_lifecycle"}
{"level":"info","time":"2026-09-18T18:06:59.237Z","service":"vantage-main-server","env":"development","msg":"granot_lifecycle.processing.completed","receipt_id":"6aad…5602","observation_id":"6aad…5601","decision_id":"6aad…5603","attempt":1,"execution_mode":"live","outcome":"insufficient_creation_data","reason_code":"missing_creation_route_data","duration_ms":0}
{"level":"info","time":"2026-09-18T18:06:59.237Z","service":"vantage-main-server","env":"development","msg":"granot_lifecycle.processing.completed","observability_level":"info","category":"mongo","workflow":"granot_lifecycle"}
{"level":"info","time":"2026-09-18T18:06:59.238Z","service":"vantage-main-server","env":"development","msg":"granot_lifecycle.processing.completed","receipt_id":"6aad…5605","observation_id":"6aad…5604","decision_id":"6aad…5606","attempt":1,"execution_mode":"live","outcome":"insufficient_creation_data","reason_code":"missing_creation_route_data","duration_ms":0}
{"level":"info","time":"2026-09-18T18:06:59.239Z","service":"vantage-main-server","env":"development","msg":"granot_lifecycle.processing.completed","observability_level":"info","category":"mongo","workflow":"granot_lifecycle"}
{"level":"info","time":"2026-09-18T18:06:59.240Z","service":"vantage-main-server","env":"development","msg":"granot_lifecycle.processing.completed","receipt_id":"6aad…5608","observation_id":"6aad…5607","decision_id":"6aad…560c","attempt":1,"execution_mode":"live","outcome":"pending_match","reason_code":"pending_source_scoped_match","duration_ms":1}
{"level":"info","time":"2026-09-18T18:06:59.240Z","service":"vantage-main-server","env":"development","msg":"granot_lifecycle.processing.completed","observability_level":"info","category":"mongo","workflow":"granot_lifecycle"}
{"level":"info","time":"2026-09-18T18:06:59.241Z","service":"vantage-main-server","env":"development","msg":"granot_lifecycle.processing.completed","receipt_id":"6aad…560e","observation_id":"6aad…560d","decision_id":"6aad…5612","attempt":9,"execution_mode":"live_shadow","outcome":"unmatched","reason_code":"match_window_expired","duration_ms":0}
{"level":"info","time":"2026-09-18T18:06:59.241Z","service":"vantage-main-server","env":"development","msg":"granot_lifecycle.processing.completed","observability_level":"info","category":"mongo","workflow":"granot_lifecycle"}
{"level":"info","time":"2026-09-18T18:06:59.247Z","service":"vantage-main-server","env":"development","msg":"granot_lifecycle.processing.completed","receipt_id":"6aad…5614","observation_id":"6aad…5613","decision_id":"6aad…5619","attempt":1,"execution_mode":"live","outcome":"created","reason_code":"lead_created_authorized","duration_ms":1}
{"level":"info","time":"2026-09-18T18:06:59.247Z","service":"vantage-main-server","env":"development","msg":"granot_lifecycle.processing.completed","observability_level":"info","category":"mongo","workflow":"granot_lifecycle"}
{"level":"info","time":"2026-09-18T18:06:59.249Z","service":"vantage-main-server","env":"development","msg":"granot_lifecycle.processing.completed","receipt_id":"6aad…561e","observation_id":"6aad…561d","decision_id":"6aad…5622","attempt":1,"execution_mode":"live","outcome":"pending_match","reason_code":"pending_source_scoped_match","duration_ms":2}
{"level":"info","time":"2026-09-18T18:06:59.249Z","service":"vantage-main-server","env":"development","msg":"granot_lifecycle.processing.completed","observability_level":"info","category":"mongo","workflow":"granot_lifecycle"}
✔ Form q for a Granot-only name includes granot_contact_snapshot.name (45.3659ms)
✔ Form q for an ingested-only email includes ingested_contact_snapshot.email (1.103ms)
✔ Form q for a typed phone substring hits live and snapshot phone paths (0.9618ms)
✔ Form q still hits job_no and ref_no (0.8002ms)
✔ Call q includes ingested and Granot snapshot contact paths (1.0984ms)
✔ empty q still pins ranked identity; explicit q still pins nothing (2.0095ms)
✔ Form item with a snapshot returns known_contacts.granot and live contact stays Form submitted (2.7835ms)
✔ Form item without a snapshot omits known_contacts.granot (0.488ms)
✔ listGranotLifecycleCaseCandidates Form q uses snapshot paths, excludes Duplicate/Bad, and maps known_contacts (63.8118ms)
✔ listGranotLifecycleCaseCandidates Call q uses snapshot paths and maps known_contacts (2.3587ms)
✔ listGranotLifecycleCaseCandidates Call q for Granot-only phone hits snapshot phone paths (1.6787ms)
﹣ [AC-18][AC-20][AC-35][AC-39] replica lifecycle reads leave aggregate and effect collection counts unchanged (2.6536ms) # Replica-set proof requires TEST_MODE=true before process start.
✔ [AC-35] Job path normalization rejects empty values (3.3946ms)
✔ [AC-35] the discrepancy queue still masks the contact it never asks anyone to call (0.564ms)
✔ an intake names the customer the Owner has to call, and falls back to how to reach them (0.3008ms)
✔ [AC-23] candidate ranking pins the suggested Lead, then high confidence, and is stable (1.5385ms)
✔ intake case detail hands the Owner the whole contact, not an initial and four digits (0.594ms)
✔ [AC-20] [AC-36] [AC-40] timeline order is stable and evidence is not collapsed (3.1987ms)
✔ [AC-35] lifecycle DTO recursive guard rejects raw transport and credentials (0.7053ms)
✔ list deterministic booking exposes the official id and public-cancel eligibility (0.5457ms)
✔ [AC-31] health flag names match the ten centralized lifecycle flags and do not promote effects (0.4225ms)
✔ [AC-37] due work includes expired claims and excludes unexpired claimed leases (0.6152ms)
✔ [AC-P7] list compact pairing matches the creating Booked class and omits Release rows (2.2207ms)
✔ [AC-P4][AC-P6][AC-P7] detail pairing includes later Priority 5 and is null for historical Priority 5 only (2.899ms)
✔ [AC-R10] default intakes list is booking-only; kind=release still lists historical Release cases (1.2248ms)
✔ list latest_action uses booking-intake selection so later Priority 5 cannot win (0.7458ms)
✔ [AC-R3] pairing is omitted on a Release-only booking case (0.3129ms)
✔ [AC-R3] capabilities matrix follows spec §7 and hides Confirm Cancellation when commands are off (0.5385ms)
{"level":"info","time":"2026-09-18T18:06:57.332Z","service":"vantage-main-server","env":"development","msg":"granot_lifecycle.queue.publish_skipped","receipt_id":"rece…skip","observation_channel":"granot_webhook"}
✔ [AC-35] publisher is skipped in the test runner and never sends a queue message (8.0768ms)
✔ [AC-02][AC-35] publisher sends exactly { receipt_id } when publishing is enabled (7.5683ms)
✔ [AC-35] publish failure is observed safely and does not throw (9.7794ms)
{"level":"info","time":"2026-09-18T18:06:57.343Z","service":"vantage-main-server","env":"development","msg":"granot_lifecycle.queue.published","receipt_id":"rece…pt-1","observation_channel":"granot_webhook"}
{"level":"error","time":"2026-09-18T18:06:57.379Z","service":"vantage-main-server","env":"development","msg":"granot_lifecycle.queue.publish_failed","error_code":"technical_failure","receipt_id":"rece…iled","observation_channel":"granot_webhook"}
{"level":"error","time":"2026-09-18T18:06:57.381Z","service":"vantage-main-server","env":"development","msg":"granot_lifecycle.queue.publish_failed","observability_level":"error","category":"queue","workflow":"granot_lifecycle_queue","entity_id":"receip...iled"}
✔ [AC-02][AC-35] hashes canonical credential-redacted JSON as lowercase SHA-256 hex (3.8248ms)
✔ [AC-35] reports removed credential-key counts only and never values (0.5747ms)
✔ [AC-35] leaves non-credential keys untouched and starts counts at zero (0.4029ms)
✔ [AC-02] identical redacted payloads produce the same hash and remain distinct receipts later (0.4012ms)
✔ [AC-02] received legacy processing translates to pending defaults only (0.4619ms)
✔ [AC-02] refused legacy processing statuses are not translated (0.3397ms)
✔ [AC-02][AC-35] legacy webhook fill uses 34.1 mapping, legacy_unknown, and count-only redaction (3.8147ms)
✔ channel filter excludes browser_extension and granot_http_automation receipts (20.872ms)
✔ ref_no hits an Observation, a pending receipt fallback, and misses others (3.0283ms)
✔ job_no hits an Observation, a pending receipt fallback, and misses others (1.5586ms)
✔ name hits an Observation, a pending receipt fallback, and misses others (33.9625ms)
✔ phone hits an Observation, a pending receipt fallback, and misses others (10.644ms)
✔ email hits an Observation, a pending receipt fallback, and misses others (1.4089ms)
✔ source_company_id and booking_action ignore pending receipts (25.4561ms)
✔ booking_action booked and release are distinct (2.5361ms)
✔ payload event_type cannot reroute route_event_class (1.5599ms)
✔ lead_created and priority_updated never return a booking action on the DTO (1.2648ms)
✔ Owner list returns unmasked contact and credential-redacted granot_statement (1.0998ms)
✔ pending receipt and empty Observation phone or email fill from the redacted payload (1.9604ms)
✔ cursor page is stable newest-first (35.892ms)
✔ intake_case_id joins the booking case by Job Number, including lead_created (0.9663ms)
✔ empty find lists newest webhook receipts first (1.8028ms)
✔ opaque cursor encoder matches the case-list keyset shape (0.7259ms)
﹣ [AC-28][AC-32] replica Referral creation is exact, lead-free, atomic, and replay-safe (6.0278ms) # Replica-set proof requires TEST_MODE=true before process start.
﹣ [AC-28] already-satisfied Referral evidence resolves without a second Booking (1.873ms) # Replica-set proof requires TEST_MODE=true before process start.
﹣ [AC-28] existing Referral Booking supports official update and case-only No Action without a Lead (0.71ms) # Replica-set proof requires TEST_MODE=true before process start.
﹣ [AC-28][AC-32] competing Owners converge and policy drift fails closed (0.7251ms) # Replica-set proof requires TEST_MODE=true before process start.
﹣ [AC-28][AC-32] Referral creation rolls back after every persisted boundary (0.4695ms) # Replica-set proof requires TEST_MODE=true before process start.
✔ [AC-28] Referral Booking exposes the canonical command name (1.5964ms)
✔ [AC-28] Referral Booking rejects non-Owner authority before storage access (2.1224ms)
﹣ [AC-21][AC-25][AC-32] Release No Action resolves only case and Command with exact replay (2.675ms) # Replica-set proof requires TEST_MODE=true before process start.
﹣ [AC-21][AC-25][AC-32] Release Update Booking fully replaces official fields atomically (0.7497ms) # Replica-set proof requires TEST_MODE=true before process start.
﹣ [AC-21][AC-25][AC-26][AC-32] Confirm Cancellation writes one complete causal chain (0.5721ms) # Replica-set proof requires TEST_MODE=true before process start.
﹣ [AC-26][AC-32] a verified current Cancellation resolves already-satisfied without another effect (0.4841ms) # Replica-set proof requires TEST_MODE=true before process start.
﹣ [AC-25][AC-32] verified Referral Booking cancels without fabricating a Lead mirror (0.4454ms) # Replica-set proof requires TEST_MODE=true before process start.
﹣ Confirm Granot Cancellation succeeds on a Granot official Leadless Booking without a Lead mirror (0.5939ms) # Replica-set proof requires TEST_MODE=true before process start.
﹣ [AC-21] all pairwise Release commands have exactly one case-revision winner (0.7029ms) # Replica-set proof requires TEST_MODE=true before process start.
﹣ [AC-32] Cancellation, update, and No Action roll back after every write boundary (0.5951ms) # Replica-set proof requires TEST_MODE=true before process start.
﹣ [AC-25][AC-32][AC-36] Release races converge, replay dedupes, and resolved rows advance max+1 (2.8914ms) # Replica-set proof requires TEST_MODE=true before process start.
﹣ [AC-25][AC-31][AC-32] refresh splits revisions and Decision failure rolls back create and refresh (2.4636ms) # Replica-set proof requires TEST_MODE=true before process start.
﹣ [AC-25][AC-29][AC-40] Booking and Release cases coexist without forbidden side effects (0.7832ms) # Replica-set proof requires TEST_MODE=true before process start.
{"level":"info","time":"2026-09-18T18:07:07.563Z","service":"vantage-main-server","env":"development","msg":"granot_lifecycle.release_case.opened","observability_level":"info","category":"booking","workflow":"granot_release_reconciliation"}
▶ Release Reconciliation classification
  ✔ [AC-25] active deterministic Booking opens Release review even without a Lead (7.4125ms)
  ✔ [AC-26] already officially cancelled Release is already-current and never a case (0.8309ms)
  ✔ [AC-27] missing Booking and exact identity conflicts route to the typed discrepancy seam (0.8096ms)
  ✔ [AC-40] ignores non-Release evidence and never contact-selects a Booking (0.7201ms)
✔ Release Reconciliation classification (13.0419ms)
▶ Release Reconciliation persistence
  ✔ [AC-25] atomically opens and refreshes one Release case with immutable opening Booking revision (8.9034ms)
✔ Release Reconciliation persistence (9.3225ms)
{"level":"info","time":"2026-09-18T18:07:07.567Z","service":"vantage-main-server","env":"development","msg":"granot_lifecycle.release_case.refreshed","observability_level":"info","category":"booking","workflow":"granot_release_reconciliation"}
✔ [AC-35] lifecycle failure logs contain bounded codes and masked identifiers only (3.0065ms)
✔ [AC-30] foundation technical retry uses exact exponential cap and 0-25% jitter (2.0634ms)
✔ [AC-30] foundation pending-match offsets are absolute from captured_at (4.724ms)
✔ [AC-30] foundation still-failed match at or after 24 hours is not scheduled (0.4887ms)
✔ [AC-30] foundation sync poll backoff stays bounded inside five seconds (0.3568ms)
✔ [AC-38] zero, multiple, inactive, and ambiguous runtime matches never pick a row or route (5.7741ms)
✔ [AC-38] policy cache cannot serve a precommit snapshot (0.7762ms)
✔ [AC-09] Best Relocation Form same valid states select local; different select long-distance; invalid select none (1.7219ms)
✔ [AC-29] deferred Paid Overflow and Auto authorize no effect; payload type is not classification input (0.8233ms)
✔ [AC-04] ineligible Source Scope fails gates and provides no reassignment output (1.1083ms)
✔ gate evaluator snapshots every layer in stable order and maps deferred vs policy_blocked (2.1582ms)
✔ [AC-28] reviewed Referral reconciliation treats absent Lead scope gates as not applicable (0.7335ms)
✔ source-policy suite never imports the Twilio adapter (0.7845ms)
✔ twelve policy × effect outcomes are independent for link, enrich, create, and text (0.9721ms)
✔ a later store edit does not mutate an already-returned SourcePolicySnapshot (59.7036ms)
﹣ [AC-05][AC-07][AC-10][AC-11][AC-32] replica WordPress matched write is one causal transaction (54.0135ms) # Replica-set proof requires TEST_MODE=true before process start.
﹣ [AC-12] replica RingCentral Call qualified contact writes snapshot only (1.4921ms) # Replica-set proof requires TEST_MODE=true before process start.
﹣ [AC-12] replica Granot-created Form contact becomes current and keeps origin (0.9299ms) # Replica-set proof requires TEST_MODE=true before process start.
﹣ [AC-13] replica Agent fills only an empty receiver through one active match (1.8067ms) # Replica-set proof requires TEST_MODE=true before process start.
﹣ [AC-05] replica Bad Form stores Priority only and Duplicate never becomes a target (0.6315ms) # Replica-set proof requires TEST_MODE=true before process start.
﹣ [AC-07][AC-32] replica establish, attach, confirm, and duplicate-key race (0.7215ms) # Replica-set proof requires TEST_MODE=true before process start.
﹣ [AC-32] replica revision race has one winner and rolls back the losing transaction (1.0739ms) # Replica-set proof requires TEST_MODE=true before process start.
﹣ [AC-32] replica equal-time Observation tie-break admits only the greater ObjectId (1.2255ms) # Replica-set proof requires TEST_MODE=true before process start.
✔ [AC-32] command refuses shadow or disabled Lead writes before the executor (61.2181ms)
✔ [AC-32] command refuses a failed gate snapshot before the executor (1.1713ms)
✔ [AC-32] Granot command context requires the processor actor and webhook initiator (1.5948ms)
✔ receiver fill derives catalog name snapshot and set_at off the planner (1.4328ms)
✔ Changed in Granot ignores US country-code phone formatting (0.9061ms)
✔ Changed in Granot ignores email case and name capitalization (0.2902ms)
✔ Changed in Granot ignores Granot first/last split of a name-only form submit (0.5188ms)
✔ Changed in Granot stays true when Granot last name adds another person (0.265ms)
✔ Changed in Granot stays true for a different person or reach path (0.315ms)
✔ Call Lead synchronize persists Granot Contact Snapshot and leaves live phone unchanged (2.2332ms)
✔ [AC-07] trusted Granot Form validator may omit move_size and forces post_to_granot=false (7.3727ms)
✔ [AC-07] trusted Granot Form validator rejects caller override of post_to_granot (1.4907ms)
✔ [AC-07] trusted Granot Call validator allows Job Number without phone and forces post_to_granot=false (1.5484ms)
✔ [AC-07] trusted Granot validators reject public lifecycle metadata keys (1.7169ms)
✔ [AC-03][AC-05][AC-06][AC-29] shared lifecycle vocabulary remains exact (1.5989ms)
✔ Form duplicate classification isolates cutoff cohorts and exact granularities (35.597ms)
✔ matched modern production duplicate outcome is preserved (0.486ms)
✔ Call duplicates use earlier non-duplicate anchors in inclusive 90-day exact-granularity window (0.465ms)
✔ Form Fill is time-unbounded and Source Company scoped after Form classification (0.3808ms)
✔ classification fails closed without exact granularity (0.9403ms)
✔ manifest bytes and hash are stable for identical reviewed inputs (71.6271ms)
✔ manifest identity is deterministic when the caller does not supply one (3.025ms)
✔ manifest parser rejects modified bytes (4.5088ms)
✔ rehearsal and production target guards fail closed (2.8852ms)
✔ migration context cannot be enabled outside the canonical local adapter (0.9059ms)
✔ exact normalization applies NFKC, whitespace collapse, and case folding (3.1536ms)
✔ agent parsing removes terminal metadata and preserves slash order (2.4977ms)
✔ agent parsing rejects repeated and unrecognized separators (2.0117ms)
✔ customer parsing preserves compound display text as one customer (0.7451ms)
✔ money parser uses cents and rejects blank, negative, and over-precision (1.2617ms)
✔ integer-cent allocations are exact for one, two, and three agents (1.4515ms)
✔ Eastern parser handles DST and the reviewed malformed-year correction (103.0159ms)
✔ Google serial dates are interpreted as Eastern wall-clock values (0.881ms)
✔ planner produces a schema-valid deterministic manifest for a new source and form lead (176.4607ms)
✔ rollback restores exact values and unsets fields that were originally absent (4.9493ms)
✔ update validation accepts a production nested object path (4.5605ms)
✔ update validation rejects an unknown nested object path (4.4351ms)
✔ recurring source window starts at New York midnight on 2026-04-30 (5.4671ms)
✔ stable managed identity survives row reordering (8.4583ms)
✔ preview never repairs missing managed identities (1.5581ms)
✔ leased identity repair writes empty cells once and verifies read-back (4.6493ms)
✔ copied managed identities block repair instead of falling back to row number (1.0417ms)
✔ malformed managed identities block inspection (0.603ms)
✔ identity repair never overwrites a value added after inspection (2.5984ms)
✔ identity repair uses atomic empty-cell replacement (1.37ms)
✔ application plan is immutable and material changes alter its checksum (47.2557ms)
✔ unmatched booking becomes leadless plus one reconciliation conflict (6.9649ms)
✔ LID_BestRelo remains matching evidence and never becomes an action (3.8293ms)
✔ unmatched refund is blocking and cannot guess a cancellation (5.5997ms)
✔ refund matches below the calibrated threshold never cancel (28.0587ms)
✔ review-only refund evidence does not consume a later corroborated match (7.464ms)
✔ invalid source rows become isolated conflict actions (4.7642ms)
✔ three-way update permits only unchanged canonical source-owned fields (2.2218ms)
✔ persistence schemas enforce receipt uniqueness and required indexes (2.0448ms)
✔ ingestion run graph makes all terminal states immutable (0.6936ms)
✔ heartbeat gates skip before source reads (0.6214ms)
✔ apply worker mutates domain state only through canonical commands (154.3313ms)
✔ read paths use readonly Sheets scope and repair has a separate writer (3.7107ms)
✔ worker final and failure transitions remain lease-fenced (3.5826ms)
✔ pre-cutoff observations never enter the application plan (30.568ms)
✔ refund application window uses Timestamp with exact half-open boundaries (15.6107ms)
✔ one new form lead and one linked refund map to single create actions (25.6754ms)
✔ identical evidence is classified unchanged across replans (4.9382ms)
✔ source evidence reappearance uses the applied baseline, not conflicts (0.3662ms)
✔ missing-source actions preserve canonical refs and never delete (0.4612ms)
✔ bootstrap adoption remaps creates to receipt-only adopt_existing (2.7979ms)
✔ bootstrap adopts nonduplicate calls using DST-aware persisted timestamps (9.9711ms)
✔ apply resumes from checkpoint without replaying successful actions (5.0702ms)
✔ adopt_existing Form Lead supplies the Booking lead_ref without creating a second Lead (4.2022ms)
✔ failed lead dependency blocks dependent booking and continues independently (4.2363ms)
✔ concurrent apply lease acquisition admits only one owner (0.2973ms)
✔ altered plan checksum is rejected before any mutation (3.5658ms)
✔ health signals alert on structural and growth thresholds (1.2285ms)
✔ conflict resolve route delegates booking attach to canonical command (51.7317ms)
✔ ingestion route errors never expose provider or source details (3.8963ms)
✔ WordPress walk-back (56.3825ms)
✔ Lead updated headline omits changed paths (3.0832ms)
✔ Granot-born (1.8073ms)
✔ Latest attempt only (1.3255ms)
✔ Granularity filter (0.789ms)
✔ No contact match (1.1704ms)
✔ Priority 5 is not Booked (1.0467ms)
✔ Case is not a Booking (1.1846ms)
✔ Equivalent Job Number (2.3407ms)
✔ Sheet Sync walk-back (1.6287ms)
✔ Sheet Sync after official Booking (1.4224ms)
✔ Unresolved Lead has no source-lead Sheet Sync (0.7752ms)
✔ orphan cancellation without snapshot is not a first-hop survivor (0.6076ms)
✔ Typed search not_found (0.426ms)
✔ Typed equivalent search (1.0331ms)
✔ blank Job Number is invalid_job_number (0.2637ms)
✔ assemble is a pure function over injected rows (2.5846ms)
✔ text policy skip is not applicable rather than attention (137.8881ms)
✔ open booking intake yields active stage and no official booking (3.7252ms)
✔ resolved finalizing booking case without fact yields attention (2.3646ms)
✔ ordinary booked job has no cancellation attention (4.1042ms)
✔ resolved release case without cancellation yields attention (2.7014ms)
✔ official cancellation determines cancelled outcome (2.9863ms)
✔ contradictory official chronology yields contradictory outcome (3.3233ms)
✔ synced sheet job still reports google destination unverified (2.405ms)
✔ wordpress-born golden includes wordpress receipt limitation (33.9137ms)
✔ later Granot receipt does not clear wordpress receipt limitation (2.3433ms)
✔ ringcentral-born golden bounds confidence with the cursor (2.3707ms)
✔ move completion and multi query appear only as limitations (2.6334ms)
✔ open cancellation intake does not become official cancelled outcome (3.4021ms)
✔ unresolved lead without official fact is unknown and lead unresolved (1.1016ms)
✔ snapshot-only cancellation is a found cancelled page (1.4285ms)
✔ orphan cancellation without snapshot yields orphan attention (0.8826ms)
✔ sheet sync pending too long uses the module default threshold (1.7452ms)
✔ terminal sheet failure yields sheet sync terminal failure (1.2913ms)
✔ disagreeing source scopes yield source scope conflict (1.3812ms)
✔ applied decision without entity change yields processing evidence gap (0.9783ms)
✔ applied decision linked by entity change decision id is not a processing evidence gap (1.0431ms)
✔ Masking (62.1011ms)
✔ module WordPress walk-back matches assemble headlines (50.2537ms)
✔ module Granot-born (3.4491ms)
✔ module latest Decision attempt only (2.2429ms)
✔ module intake is not official Booking (1.6005ms)
✔ module equivalent Job Number (2.0975ms)
✔ module Sheet Sync joins by entity ID (1.9197ms)
✔ module redacts contact, SMS body, and raw payloads (3.5405ms)
✔ module typed search not_found (0.595ms)
✔ module company/granularity mismatch is filtered_out (0.6843ms)
✔ module without now still stamps assembled_at after reads (2.014ms)
✔ module now sets assembled_at after reads (1.6937ms)
✔ normalizeTypedJobNo trims and uppercases (2.6654ms)
✔ jobsEquivalent treats letter prefix as the same Job Number (0.599ms)
✔ recent official booking examples stay capped at three and newest book_date first (4.7372ms)
✔ recent official booking examples skip rows without a Job Number and never copy contact (0.7991ms)
✔ schema_version is job_timeline.v2 on ok pages (40.7009ms)
✔ source receipt and lead creation remain separate events (4.5054ms)
✔ wordpress creation reports no invented receipt event (2.0599ms)
✔ timeline emits wordpress source_received only when the receipt exists (3.594ms)
✔ dual clocks order by occurred time and preserve recorded time (2.0306ms)
✔ related receipt decision change and sheet rows share activity id (2.7859ms)
✔ activity grouping does not remove original evidence events (5.7824ms)
✔ orphan cancellation is not attached without durable job snapshot (2.0717ms)
✔ cancellation snapshot restores exact job correlation (2.3771ms)
✔ event cap returns explicit truncation limitation (64.9955ms)
✔ serialized v2 page contains no forbidden fields or contact (18.8261ms)
✔ golden pages cover origin and official-fact shapes (5.0045ms)
✔ skipped ringcentral ledger row is not a source receipt (2.1109ms)
✔ v1 fields remain populated on enhanced events (1.3389ms)
{"level":"info","time":"2026-09-18T18:07:16.499Z","service":"vantage-main-server","env":"development","msg":"lead_messaging.granot_created.already_sent","observationId":"6aad7dd420715beb572471dc"}
✔ Granot SMS gates evaluate every named gate and report the first blocker (2.3923ms)
✔ link_only never texts even when every other gate passes (0.4083ms)
✔ not_attested blocks even when outbound_sms.enabled is somehow true (0.3642ms)
✔ renderer substitutes allowlisted placeholders and always appends one opt-out (2.4459ms)
✔ sendGranotCreatedLeadConfirmation never throws and reports already_sent on duplicate key (7.349ms)
✔ create_if_missing texting uses the resolved Lead Source ID and never looks up by label (1.0686ms)
✔ Twilio adapter stays un-called on gate decisions and persist/dispatch stubs (5.5957ms)
✔ link_only enrich path sends nothing even when persist/dispatch are provided (56.4707ms)
✔ replaying one observation twice yields at most one persist, bounded by identity (21.0631ms)
{"level":"info","time":"2026-09-18T18:07:16.506Z","service":"vantage-main-server","env":"development","msg":"lead_messaging.granot_created.blocked","observationId":"6aad7dd420715beb572471e5","blockedReason":"source_policy_create_if_missing","leadModel":"FormLead"}
{"level":"info","time":"2026-09-18T18:07:16.548Z","service":"vantage-main-server","env":"development","msg":"lead_messaging.granot_created.blocked","observationId":"6aad7dd420715beb572471e9","blockedReason":"source_policy_create_if_missing","leadModel":"FormLead"}
{"level":"info","time":"2026-09-18T18:07:16.612Z","service":"vantage-main-server","env":"development","msg":"lead_messaging.granot_created.already_sent","observationId":"6aad7dd420715beb572471ed"}
{"level":"error","time":"2026-09-18T18:07:16.547Z","service":"vantage-main-server","env":"development","err":{"type":"Error","message":"quiet-hours scheduling failed","stack":"Error: quiet-hours scheduling failed\n    at dispatch (C:\\Users\\Pinda\\Proyectos\\vantage\\vantage-main-server\\src\\services\\leadMessaging\\leadMessaging.service.test.ts:404:15)\n    at dispatchOrQueuePersistedLeadMessage (C:\\Users\\Pinda\\Proyectos\\vantage\\vantage-main-server\\src\\services\\leadMessaging\\leadMessaging.service.ts:274:44)\n    at TestContext.<anonymous> (C:\\Users\\Pinda\\Proyectos\\vantage\\vantage-main-server\\src\\services\\leadMessaging\\leadMessaging.service.test.ts:395:27)\n    at async Test.run (node:internal/test_runner/test:1332:7)\n    at async Test.processPendingSubtests (node:internal/test_runner/test:911:7)"},"msg":"lead_messaging.post_persist_dispatch_failed","leadMessageId":"6aad7dd442e621b440c9b1b0","leadId":"6aad7dd442e621b440c9b1b2"}
✔ confirmation builder retains the approved server-side copy (2.9709ms)
✔ confirmation builder derives the first name from a combined name (0.6538ms)
✔ overnight deferral stays off until quiet hours are explicitly enabled (0.6373ms)
✔ form-lead SMS send input defers overnight Eastern traffic to 8:00 AM via Twilio (1.5111ms)
✔ Twilio schedule window rejects sendAt values Twilio would 400 (0.9294ms)
✔ overnight deferral fails closed when the Messaging Service SID is missing (0.5465ms)
✔ SMS destinations are normalized to E.164 when safely possible (0.4965ms)
✔ disabled mode is a dispatch-time kill switch (3.5051ms)
✔ test mode is also enforced at dispatch time (1.1126ms)
✔ intent persistence gates strictly on parsed true consent (1.4272ms)
✔ duplicate, disabled, and test modes cannot send (1.739ms)
✔ Granot persist shape shares one capacity reservation and does not require form consent (1.451ms)
✔ destination policy decisions persist as non-retryable skips (0.7251ms)
✔ 429 and definite connection failures are retryable (3.9492ms)
✔ ambiguous timeouts are never automatically retried (0.6794ms)
✔ retry budget stops automatic retries (0.6053ms)
✔ status callbacks do not regress or replace terminal outcomes (0.2812ms)
✔ scheduled provider status can advance to queued, sent, or failed (0.1976ms)
✔ post-persist dispatch never rejects the form-lead create path (127.5043ms)
{"level":"error","time":"2026-09-18T18:07:16.670Z","service":"vantage-main-server","env":"development","err":{"type":"Error","message":"event write failed after Twilio accepted","stack":"Error: event write failed after Twilio accepted\n    at dispatch (C:\\Users\\Pinda\\Proyectos\\vantage\\vantage-main-server\\src\\services\\leadMessaging\\leadMessaging.service.test.ts:423:15)\n    at dispatchOrQueuePersistedLeadMessage (C:\\Users\\Pinda\\Proyectos\\vantage\\vantage-main-server\\src\\services\\leadMessaging\\leadMessaging.service.ts:274:44)\n    at TestContext.<anonymous> (C:\\Users\\Pinda\\Proyectos\\vantage\\vantage-main-server\\src\\services\\leadMessaging\\leadMessaging.service.test.ts:414:33)\n    at async Test.run (node:internal/test_runner/test:1332:7)\n    at async Test.processPendingSubtests (node:internal/test_runner/test:911:7)"},"msg":"lead_messaging.post_persist_dispatch_failed","leadMessageId":"6aad7dd442e621b440c9b1b0","leadId":"6aad7dd442e621b440c9b1b3"}
✔ midnight through 6:59 AM Eastern defers to 8:00 AM the same Eastern day (25.8938ms)
✔ 7:00 AM Eastern and later send immediately (0.9477ms)
✔ immediate Twilio payloads keep the existing from-number send shape (3.161ms)
✔ scheduled Twilio payloads require a Messaging Service and use fixed sendAt (2.1435ms)
✔ status callback validation uses the exact configured URL and primary token (14.1026ms)
✔ builds signed-callback-compatible TwiML that forwards to RingCentral (136.5177ms)
✔ defaults forwarding to the Vantage RingCentral number (0.8605ms)
✔ rejects a forwarding loop (1.8144ms)
✔ completed callback hangs up the parent call (0.9452ms)
✔ lead source catalog seeds legacy companies and resolves granularities (12.5387ms)
✔ all legacy source labels resolve through the lead source catalog (5.9614ms)
✔ lead source catalog seeds production and test databases independently (2.7465ms)
{"level":"info","time":"2026-09-18T18:07:19.372Z","service":"vantage-main-server","env":"development","msg":"call_lead.create.sheet_sync.disabled","resource":"source_lead","leadModel":"CallLead","leadId":"507f1f77bcf86cd799439011"}
✔ rememberBothCallSheetTabsForTombstone includes Calls and Duplicate Calls fallbacks (22.2439ms)
✔ rememberBothCallSheetTabsForTombstone preserves known rows from sheet_sync (1.4548ms)
✔ completeCallLeadIngestion records lead.call.created after commit and skips form-fill when false (25.3332ms)
✔ completeCallLeadIngestion records form-fill only when Form Fill is true (1.9111ms)
✔ completeCallLeadIngestion reports missing CPL after the write, not as a CRM post (2.2382ms)
✔ Admin and Best Relocation origins never set Duplicate Lead; public ingest is vantage_admin (1.3623ms)
✔ [AC-12] RingCentral Call provenance is ringcentral, quoted false, transport stays nested (0.9062ms)
✔ correctCallLead refuses Duplicate Lead on a Booked Call Lead (2.7217ms)
{"level":"info","time":"2026-09-18T18:07:19.374Z","service":"vantage-main-server","env":"development","msg":"lead.call.created","observability_level":"info","category":"lead","workflow":"call_lead_create","source_company":"tbm_leads","entity_id":"507f1f77bcf86cd799439011"}
{"level":"info","time":"2026-09-18T18:07:19.397Z","service":"vantage-main-server","env":"development","msg":"call_lead.create.sheet_sync.disabled","resource":"source_lead","leadModel":"CallLead","leadId":"507f1f77bcf86cd799439011"}
{"level":"info","time":"2026-09-18T18:07:19.397Z","service":"vantage-main-server","env":"development","msg":"lead.call.created","observability_level":"info","category":"lead","workflow":"call_lead_create","source_company":"tbm_leads","entity_id":"507f1f77bcf86cd799439011"}
{"level":"info","time":"2026-09-18T18:07:19.397Z","service":"vantage-main-server","env":"development","msg":"lead.call.form_fill_detected","observability_level":"info","category":"lead","workflow":"call_lead_create","source_company":"tbm_leads","entity_id":"507f1f77bcf86cd799439011"}
{"level":"info","time":"2026-09-18T18:07:19.399Z","service":"vantage-main-server","env":"development","msg":"call_lead.create.sheet_sync.disabled","resource":"source_lead","leadModel":"CallLead","leadId":"507f1f77bcf86cd799439011"}
{"level":"error","time":"2026-09-18T18:07:19.399Z","service":"vantage-main-server","env":"development","msg":"lead.cpl.missing_rate","observability_level":"error","category":"lead","workflow":"lead_cpl_resolution","source_company":"tbm_leads","entity_id":"507f1f77bcf86cd799439011"}
{"level":"info","time":"2026-09-18T18:07:19.400Z","service":"vantage-main-server","env":"development","msg":"lead.call.created","observability_level":"info","category":"lead","workflow":"call_lead_create","source_company":"tbm_leads","entity_id":"507f1f77bcf86cd799439011"}
✔ correctCallLead maps a missing receiver agent to 404 (51.6293ms)
✔ correctCallLead skips Sheet Sync when nothing material changed (5.0759ms)
✔ listRecentCallLeads keeps a Duplicate Lead in the last 200 (1.1894ms)
✔ removeCallLead refuses a Booked Call Lead without cascade (0.9875ms)
✔ refuseToMarkABookedCallAsDuplicate does not mention no_sync (76.0838ms)
✔ correctCallLead does not throw ConflictError when marking no_sync on booked or duplicate (3.1374ms)
✔ Admin Call create stamps no_sync from origin and skips call_lead.create outbox when true (63.1771ms)
✔ Admin Call omit stamps no_sync true; RingCentral client true stamps false (48.355ms)
✔ CallLead schema defaults no_sync to false so missing-field documents stay syncable (0.4591ms)
✔ begin remembers Sheet Sync before commit; complete dispatches and records owner events (83.2735ms)
✔ form duplicate check matches an earlier lead by email within exact granularity (5.3465ms)
✔ form duplicate check matches existing lead by phone within exact granularity (1.0161ms)
✔ form duplicate check does not fall back from exact granularity to company (2.6419ms)
✔ form duplicate check allows single identifier duplicate matches (0.5468ms)
✔ form duplicate check ignores regex candidates that fail exact phone verification (0.9011ms)
✔ form duplicate check skips lookup when no usable identifier exists (0.5739ms)
✔ findFormLeadForEnrichment does not return a Duplicate Lead (3.7759ms)
✔ findFormLeadForEnrichment is not found when the Form Lead is missing (0.7642ms)
✔ correctFormLead refuses quoted and cubic feet on a Duplicate Lead (1.3284ms)
✔ refuseIllegalCorrections does not mention no_sync (18.3265ms)
✔ correctFormLead does not throw ConflictError when marking no_sync on booked, duplicate, or bad (2.5274ms)
✔ correctFormLead refuses Bad Lead on duplicate, Booked, or Cancelled (1.4405ms)
✔ removeFormLead refuses a Booked Form Lead without cascade (1.0843ms)
✔ [AC-10] WordPress and Admin Form create paths derive exact origins (1.0514ms)
✔ Admin Form create omit stores no_sync true and skips form_lead.create outbox (5.4322ms)
✔ Admin Form omit stamps no_sync true; opt-in false and WordPress client true stamp correctly (13.7628ms)
✔ FormLead schema defaults no_sync to false so missing-field documents stay syncable (0.3601ms)
✔ [AC-10] Form updates cannot carry internal snapshot or origin fields (0.5385ms)
✔ lead CPL resolution uses the stored Eastern business calendar day (2.9227ms)
✔ duplicate Call Lead snapshots retain base-period evidence at zero (0.8905ms)
✔ missing rates remain compatibility zero with a cleared period reference (0.6506ms)
✔ [AC-10] Form origin derivation uses trusted entry points and fails closed (3.0889ms)
✔ [AC-12] Call origin derivation uses trusted entry points and fails closed (1.0402ms)
✔ [AC-10] [AC-11] creation provenance captures ingested snapshots with trusted now (2.8066ms)
✔ [AC-12] Call creation provenance forces quoted false and captured_at_ingestion (0.7015ms)
✔ noSyncOnCreate defaults true for vantage_admin and ignores other-origin client true (0.3751ms)
✔ [AC-07] omitForbiddenLeadLifecycleFields strips internal metadata from updates (0.6928ms)
✔ deriveLocal is local only when both states match (2.0406ms)
✔ deriveFormLeadLocal treats not_found on either side as a Local Move (0.4958ms)
✔ deriveFormLeadLocal still classifies two known states (0.3299ms)
✔ normalizeState keeps the not_found sentinel and uppercases codes (1.3543ms)
﹣ [AC-10] [AC-11] replica WordPress Form create captures origin and snapshots atomically (2.8884ms) # Replica-set proof requires TEST_MODE=true before process start.
﹣ [AC-10] replica Form origin/snapshot insert rolls back with the Lead (0.9104ms) # Replica-set proof requires TEST_MODE=true before process start.
﹣ [AC-12] replica RingCentral Call create captures origin, quoted false, and rolls back atomically (0.5425ms) # Replica-set proof requires TEST_MODE=true before process start.
✔ lead source assignment persists owner-created registry sources (3.08ms)
✔ lead source assignment retries a valid fallback alias after exact lookup misses (0.9516ms)
✔ classifies a different legacy source company as conflict (1.6656ms)
✔ classifies a genuinely unassigned Lead as unassigned (0.5073ms)
✔ receipt exists before Lead create on the authorized path (4.0684ms)
✔ duplicates collapse on the idempotency key (2.7761ms)
✔ unauthorized or keyless WordPress create does not write a receipt (0.8463ms)
✔ unattached receipt refuses a second Lead create (1.7963ms)
✔ attach failure does not leave a creatable second Lead (1.2635ms)
✔ capture failure aborts Lead create (0.9484ms)
✔ seed catalog has unique Granot Carrier Codes and DOTs (1.923ms)
✔ seed plan sets missing codes and leaves matching codes alone (1.2511ms)
✔ carrier normalization collapses whitespace and lowercases names (2.4967ms)
✔ carrier CSV parser normalizes headers and rejects duplicate compound identities (1.7511ms)
✔ carrier CSV parser rejects duplicate Granot Carrier Codes (0.6854ms)
✔ carrier list defaults to active rows and applies q across searchable fields (3.3941ms)
✔ patch import creates missing carriers and reactivates changed existing carriers (66.7117ms)
✔ replace import deactivates active carriers missing from the uploaded CSV (2.3479ms)
✔ phone classification: external, company DID, extension, withheld, service code, malformed (3.2791ms)
✔ provider account resolution never fabricates or silently picks between accounts (2.144ms)
✔ window start honors the twelve-hour floor and the cursor overlap (0.7413ms)
✔ coverage: complete rolling window advances cursor and watermark, closes covered gaps (1.064ms)
✔ coverage: partial page failure never advances complete-through and records the missing range (1.9504ms)
✔ coverage: gap repair removes a repaired gap, narrows a partially repaired one, and never drops gaps past the bound (0.9473ms)
✔ import boundary: numberActivity never imports qualification, ingest, convergence or Lead write services (34.9572ms)
✔ normalizeDirectory reduces provider records to the snapshot shape deterministically; digest is order-independent (9.1321ms)
✔ fetcher issues the documented account, extension, phone-number and call-queue reads over the shared client (0.9654ms)
✔ capture-projection dedupe key is the provider uuid, falling back to the receipt id only when the uuid is absent (50.5447ms)
✔ queue topic is env-scoped and never published from a test runner (6.0604ms)
✔ fan-out: flag off means no job and no publish; a non-durable receipt is skipped honestly (3.5084ms)
{"level":"warn","time":"2026-09-18T18:07:31.169Z","service":"vantage-main-server","env":"development","msg":"sales_intelligence.capture.fanout.enqueue_timeout","receiptId":"6aad7de3651192006e197f6f","timeoutMs":20}
✔ fan-out: the acknowledgement waits a bounded time for the job transaction; a slow transaction is reported, not awaited forever (43.9422ms)
✔ fan-out: job is durable before publish; publish failure keeps the enqueued job; enqueue failure is bounded (2.16ms)
✔ publish wake-up: gated, best-effort, never throws (1.291ms)
✔ wake-up payload is exactly { job_id } with a 24-hex id (5.9757ms)
✔ worker: unclaimable job (completed, leased elsewhere, foreign stage) does nothing (2.0819ms)
✔ worker: loads the stored receipt, passes the job id as request_id, completes with a bounded per-session result (3.4861ms)
✔ worker: deterministic per-session failures (account_unresolved) complete the job with the error visible; retryable ones retry with partial result (2.0408ms)
✔ worker: missing receipt is schema_invalid (bounded retries), lease loss during completion is reported not retried (18.2124ms)
{"level":"error","time":"2026-09-18T18:07:31.173Z","service":"vantage-main-server","env":"development","msg":"sales_intelligence.capture.fanout.enqueue_failed","receiptId":"6aad7de3651192006e197f74","errorName":"Error","errorCode":null}
{"level":"error","time":"2026-09-18T18:07:31.174Z","service":"vantage-main-server","env":"development","msg":"sales_intelligence.queue.publish_failed","jobId":"6aad7de3651192006e197f76","errorName":"Error"}
{"level":"warn","time":"2026-09-18T18:07:31.207Z","service":"vantage-main-server","env":"development","msg":"sales_intelligence.capture.projection.lease_lost","jobId":"6aad7de3651192006e197f82"}
✔ terminal party statuses stay in parity with the qualification evaluator (2.3338ms)
✔ inbound queue call projects all directions of evidence: parties, connection, terminal, external number (15.6182ms)
✔ duplicate webhook delivery is a semantic no-op: no revision, fenced per party (3.1508ms)
✔ one party's sequence never suppresses another party in the same delivery (2.2227ms)
✔ out-of-order and late events never regress terminal or connected facts (3.1901ms)
✔ Call Log is authoritative: result/duration survive a late webhook terminal event (5.9637ms)
✔ identical Call Log replay and older lastModifiedTime never create a new revision or regress facts (2.9095ms)
✔ transfer with multiple recordings keeps every leg and recording, counted once as one interaction (1.5333ms)
✔ delayed recording evidence after terminal is surfaced as new recording ids (1.7537ms)
✔ voicemail is provider evidence; connected is not human; outbound unanswered stays unknown (3.0595ms)
✔ internal, withheld and malformed observations keep provider evidence without a customer identity (2.9158ms)
✔ review fix: an unknown short caller id is malformed, never a fabricated extension that makes a customer call Internal (1.2965ms)
✔ review fix: a party event missing `direction` does not turn an outbound customer call into a sticky Internal (2.1608ms)
✔ review fix: a stale Call Log record never regresses leg-level result or duration (1.362ms)
✔ review fix: legs_overflow_count is monotone across records and not double counted on merge (4.5994ms)
✔ session-id only Call Log record resolves to fallback identity and gains the strongest basis when bridged (29.4862ms)
✔ Call Log first, webhook later: the extension party is adopted, not duplicated (1.2734ms)
✔ mergeProjections requires same account and folds evidence without dropping recordings (1.5507ms)
✔ no directory snapshot keeps roles unknown instead of guessing (0.7462ms)
✔ parseSearchTerm: e164, suffix, term and formatting (4.5407ms)
✔ term regex characters are escaped and anchored as a prefix (27.5771ms)
✔ number cursor round trip; garbage is INVALID_INPUT (5.7163ms)
✔ buildNumberSearchFilter: hygiene, attachment, range, term and keyset cursor (3.6681ms)
✔ timeline total order: happened_at desc, kind asc, id desc; isAfterCursor is strict (2.1234ms)
✔ keysetAfterCursor mirrors isAfterCursor for a fixed kind (0.5756ms)
✔ mergeTimeline: k-way merge, dedupe on (kind,id), cursor only when more remain (1.3588ms)
✔ NUMBER_DTO_FIXTURES parse against their schemas; CSI-01 detail data is a subset of the CSI-04 detail data (15.3712ms)
✔ recount replays stored canonical interactions through the CSI-02 counting rules and derives search terms from evidence only (44.4656ms)
✔ recount is idempotent: recounting the rebuilt fields yields the same fields; a fresh recount equals incremental rollups (2.6573ms)
✔ incident severity comparison ranks critical above error and warn (9.9176ms)
✔ event filter keeps exact-match fields exact (15.658ms)
✔ event filter matches lead name partially and case-insensitively (0.9445ms)
✔ event filter escapes regex metacharacters in lead inputs (0.7781ms)
✔ event filter matches phone digits across formatting (1.0339ms)
✔ event filter supports partial phone digit search (0.7257ms)
✔ event filter builds date window and text search (2.0603ms)
✔ facets query schema coerces dates and strips unknown params (0.9566ms)
✔ incident filter applies partial lead matching and q regex OR (3.9566ms)
✔ fingerprint is deterministic for the same inputs (1.9193ms)
✔ fingerprint differs by event key and environment (0.6058ms)
✔ explicit dedupeKey takes precedence over composed fields (0.3118ms)
✔ normalized error messages group transient differences (0.5274ms)
✔ dedupe key is human-readable and stable (0.3665ms)
✔ returns all-null for missing identity (2.8441ms)
✔ trims name/phone and lowercases email (1.3391ms)
✔ empty strings become null (0.3478ms)
✔ returns empty object for nullish or non-object details (3.2133ms)
✔ truncates long strings to 500 characters with ellipsis (1.1318ms)
✔ collapses oversized arrays and deep objects (0.8035ms)
✔ normalizes dates and drops unsupported values (20.1523ms)
✔ replaces details exceeding byte budget with a truncation marker (0.8657ms)
✔ canonicalize sorts object keys and serializes dates deterministically (2.4132ms)
✔ result hash is stable for identical inputs regardless of key order (1.1024ms)
✔ result hash changes when result data changes (0.6841ms)
✔ isOperationalReportKey validates known keys (0.4141ms)
✔ registry denies exact IDs and normalized Google spreadsheet URLs (4.4182ms)
✔ production registry fails closed when required registration is absent (1.3111ms)
✔ spreadsheet normalization is strict and masking does not expose IDs (1.1232ms)
✔ registration groups compose without mutable global state (43.4272ms)
✔ Stage 2 registers both ingestion sources as production-required (1.6466ms)
✔ registry agent list excludes inactive rows by default (26.1693ms)
✔ registry merchant list supports include_inactive (2.0518ms)
{"level":"info","time":"2026-09-18T18:07:34.507Z","service":"vantage-main-server","env":"development","msg":"cpl_correction.completed","observability_level":"info","category":"admin","workflow":"cpl_correction","entity_id":"6aad7de6d6ad73b26a3d8fa0"}
✔ computeCplCorrectionPreviewHash is stable for normalized selection and impact (65.3027ms)
✔ previewCplCorrection returns deterministic hash and bounded sample (5.1709ms)
✔ preview hashes full Lead state and reports full counts beyond its sample (1.816ms)
✔ Form duplicate flags do not invoke Call duplicate-zero CPL semantics (1.2117ms)
✔ createCplCorrection rejects stale preview hash (2.8972ms)
✔ createCplCorrection rejects changed schedule revision (1.063ms)
✔ createCplCorrection commits audit metadata without lead payloads (4.1869ms)
✔ correction jobs exclude Leads inserted after the reviewed preview (7.3229ms)
✔ correction jobs fail visibly when reviewed Lead state changes (2.4899ms)
✔ correction jobs fail when a reviewed Lead disappears (2.5802ms)
✔ processCplCorrectionBatch resumes after expired lease (3.2857ms)
✔ overlapping workers do not double-correct the same lead (2.3895ms)
✔ re-entering a completed batch is a no-op (2.1416ms)
✔ cancellation stops future batches without corrupting completed work (3.3768ms)
✔ partial failure records failed count and resumes remaining leads (3.5029ms)
✔ analytics invalidation seam fires once after successful completion with changes (1.8904ms)
✔ analytics handoff failure does not downgrade completed corrections (2.2501ms)
✔ normalizeCplCorrectionSelection converts inclusive business dates (4.4752ms)
✔ correction windows query pseudo-UTC Lead timestamps across DST (6.7009ms)
{"level":"warn","time":"2026-09-18T18:07:34.511Z","service":"vantage-main-server","env":"development","msg":"cpl_correction.lead_failed","observability_level":"warn","category":"admin","workflow":"cpl_correction","entity_id":"6aad7de6d6ad73b26a3d8fa1"}
{"level":"error","time":"2026-09-18T18:07:34.513Z","service":"vantage-main-server","env":"development","msg":"cpl_correction.reviewed_target_missing","observability_level":"error","category":"admin","workflow":"cpl_correction","entity_id":"6aad7de6d6ad73b26a3d8fa2"}
{"level":"info","time":"2026-09-18T18:07:34.516Z","service":"vantage-main-server","env":"development","msg":"cpl_correction.progress","observability_level":"info","category":"admin","workflow":"cpl_correction","entity_id":"6aad7de6d6ad73b26a3d8fa3"}
{"level":"info","time":"2026-09-18T18:07:34.517Z","service":"vantage-main-server","env":"development","msg":"cpl_correction.completed","observability_level":"info","category":"admin","workflow":"cpl_correction","entity_id":"6aad7de6d6ad73b26a3d8fa3"}
{"level":"info","time":"2026-09-18T18:07:34.520Z","service":"vantage-main-server","env":"development","msg":"cpl_correction.completed","observability_level":"info","category":"admin","workflow":"cpl_correction","entity_id":"6aad7de6d6ad73b26a3d8fa4"}
{"level":"info","time":"2026-09-18T18:07:34.522Z","service":"vantage-main-server","env":"development","msg":"cpl_correction.completed","observability_level":"info","category":"admin","workflow":"cpl_correction","entity_id":"6aad7de6d6ad73b26a3d8fa5"}
{"level":"info","time":"2026-09-18T18:07:34.524Z","service":"vantage-main-server","env":"development","msg":"cpl_correction.progress","observability_level":"info","category":"admin","workflow":"cpl_correction","entity_id":"6aad7de6d6ad73b26a3d8fa6"}
{"level":"info","time":"2026-09-18T18:07:34.525Z","service":"vantage-main-server","env":"development","msg":"cpl_correction.cancelled","observability_level":"info","category":"admin","workflow":"cpl_correction","entity_id":"6aad7de6d6ad73b26a3d8fa6"}
{"level":"warn","time":"2026-09-18T18:07:34.528Z","service":"vantage-main-server","env":"development","msg":"cpl_correction.lead_failed","observability_level":"warn","category":"admin","workflow":"cpl_correction","entity_id":"6aad7de6d6ad73b26a3d8fa7"}
{"level":"info","time":"2026-09-18T18:07:34.528Z","service":"vantage-main-server","env":"development","msg":"cpl_correction.progress","observability_level":"info","category":"admin","workflow":"cpl_correction","entity_id":"6aad7de6d6ad73b26a3d8fa7"}
{"level":"info","time":"2026-09-18T18:07:34.529Z","service":"vantage-main-server","env":"development","msg":"cpl_correction.completed","observability_level":"info","category":"admin","workflow":"cpl_correction","entity_id":"6aad7de6d6ad73b26a3d8fa7"}
{"level":"info","time":"2026-09-18T18:07:34.531Z","service":"vantage-main-server","env":"development","msg":"cpl_correction.completed","observability_level":"info","category":"admin","workflow":"cpl_correction","entity_id":"6aad7de6d6ad73b26a3d8fa8"}
{"level":"info","time":"2026-09-18T18:07:34.533Z","service":"vantage-main-server","env":"development","msg":"cpl_correction.completed","observability_level":"info","category":"admin","workflow":"cpl_correction","entity_id":"6aad7de6d6ad73b26a3d8fa9"}
{"level":"error","time":"2026-09-18T18:07:34.533Z","service":"vantage-main-server","env":"development","msg":"cpl_correction.analytics_handoff_failed","observability_level":"error","category":"admin","workflow":"cpl_correction","entity_id":"6aad7de6d6ad73b26a3d8fa9"}
✔ dollarsToCents accepts canonical non-negative precision (4.1858ms)
✔ dollarsToCents rejects negatives, unsafe values, and more than two decimals (1.6844ms)
✔ business dates convert New York local midnight across spring DST (1.3519ms)
✔ business dates convert New York local midnight across fall DST (0.6761ms)
✔ owner inclusive end converts to next local midnight exclusive (0.6124ms)
✔ business date conversion rejects malformed and impossible dates (0.6146ms)
✔ active schedule validation accepts contiguous periods and explicit zero (1.5328ms)
✔ active schedule validation rejects gaps, overlaps, and missing open end (1.8634ms)
✔ inactive schedules may be incomplete but remain ordered and non-overlapping (1.4897ms)
✔ simple construction ignores unchanged rates and preserves future periods (2.8237ms)
✔ simple construction splits history and replaces future coverage (1.5852ms)
✔ advanced operations add, split, correct, and replace schedules (2.7969ms)
✔ resolver uses inclusive start and exclusive end business timestamp (0.8272ms)
✔ resolver distinguishes missing, duplicate zero, and not applicable (0.4734ms)
✔ advanced command returns safe stale revision state without writes (2.0849ms)
✔ simple command validates every changed granularity before writing atomically (2.4875ms)
✔ simple command ignores unchanged rows and increments changed rows once (2.1174ms)
✔ simple command ignores an unchanged row without revision comparison (0.7368ms)
✔ CplRatePeriod model declares the three schedule lookup indexes (1.3211ms)
✔ toSmsView defaults a missing policy to off and not attested (3.4374ms)
✔ setGranotCrmSourceOutboundSms rejects non-owners and not_attested enable (6.8993ms)
✔ listRecentGranotCrmSourceSms never returns a message body (0.8555ms)
✔ enabling SMS is rejected unless lead_created_policy is create_if_missing (1.9346ms)
✔ editing a template increments template_version and leaves enabled false (1.5004ms)
✔ RegistryError exposes stable registry_code and remediation in HTTP body (3.4997ms)
✔ RegistryError maps registry codes to app log codes without changing legacy error field (0.4657ms)
✔ [AC-38] automation reference write is audited and invalidates caches only after commit (6.0837ms)
✔ [AC-38] replay of the same automation reference is a no-op write (1.6441ms)
✔ [AC-38] audit failure leaves the automation reference unapplied (2.1912ms)
✔ Admin actors cannot write automation references (3.4588ms)
✔ Admin and missing-reason actors cannot mutate Granot CRM source policy (7.4799ms)
✔ [AC-38] Owner create validates inside the transaction and pairs one sanitized granot_crm_source audit (7.9075ms)
✔ [AC-38] audit failure rolls back mutation and does not invalidate caches (2.7961ms)
✔ duplicate request IDs remain a stable replay conflict (18.1969ms)
✔ inactive or mismatched references fail closed and do not write (1.8878ms)
✔ setGranotCrmSourceLifecycleEnabled reuses the audited Owner command (2.3852ms)
✔ read-after-write does not return a cached precommit policy projection (0.7842ms)
﹣ [AC-38] replica-set create commits mutation and audit together then invalidates caches (0.9872ms) # Replica-set proof requires TEST_MODE=true before process start.
✔ changing lead_created_policy away from create_if_missing turns SMS off on the stored document (1.9862ms)
✔ normalizeSourceLabel applies NFKC (12.4273ms)
✔ normalizeSourceLabel collapses internal whitespace (0.5731ms)
✔ normalizeSourceLabel trims (0.4784ms)
✔ normalizeSourceLabel lowercases (0.8211ms)
✔ normalizeSourceLabel folds full-width characters (0.926ms)
✔ normalizeSourceLabel collapses a non-breaking space (0.5694ms)
✔ create rejects a client-supplied normalized_label (2.7541ms)
✔ create rejects a change_reason shorter than 10 or longer than 1000 (1.0024ms)
✔ create validation order: Feed exists, belongs to Lead Source, is active, then collision (5.4796ms)
✔ unique index is defined separately from the service collision check (1.8512ms)
✔ create writes through the registry audit trail (2.5406ms)
✔ there is no in-place destination edit; correction is deactivate then create (5.2273ms)
✔ schema validation rejects a mismatched normalized_label (61.6982ms)
✔ schema validation rejects post-create changes to destination fields (13.6409ms)
✔ resolveLabelToFeed returns not_found without throwing (1.2403ms)
✔ resolveLabelToFeed returns ambiguous when two active mappings collide (1.9279ms)
✔ listLabelMappings filters by Feed, Lead Source, and namespace (11.4088ms)
✔ consultStaticSourceLabelMap increments the instrumented counter (0.4876ms)
✔ derives company_slug and granularity_key like paid_overflow (5.3302ms)
✔ creates one inactive lead source and feed and returns the readiness plan (12.0578ms)
✔ skippable Granot still creates a valid inactive lead source and feed (1.6506ms)
✔ collision on company_slug writes nothing (2.1418ms)
✔ crm_label collision against an active same-channel feed writes nothing (1.5563ms)
✔ alias collision names both sides and writes nothing (1.799ms)
✔ granot label collision writes nothing (1.3811ms)
✔ mid-transaction feed failure leaves none of the three (1.3254ms)
✔ Paid Overflow-shaped setup creates a new first-class feed and leaves paid_overflow alone (1.2094ms)
✔ preview runs the same validation and writes nothing (1.0866ms)
✔ preview reports every collision type without writing (1.4523ms)
✔ translation table maps handling and arrival policy exactly (3.6952ms)
✔ one_feed create is inactive, SMS-off, one any route, lead_model derived from the Feed (18.8339ms)
✔ one_feed Call Feed derives CallLead (2.3142ms)
✔ Owner create accepts an inactive Feed on an inactive Lead Source as a draft (3.554ms)
✔ submitted lead_source_id that disagrees with the Feed is rejected naming both sides (2.9358ms)
✔ watch_only with a non-null destination is rejected (1.5037ms)
✔ duplicate normalized name is rejected before write (1.7849ms)
✔ short reason is rejected after the name check (1.3142ms)
✔ form_by_move_type with two Call Feeds is rejected (2.1499ms)
✔ form_by_move_type with two local Feeds is rejected (4.1887ms)
✔ form_by_move_type with the same Feed twice is rejected (2.2777ms)
✔ form_by_move_type with Feeds from different Lead Sources is rejected (2.0497ms)
✔ form_by_move_type writes two FormLead routes keyed by move type (1.6936ms)
✔ referral_booking translates to referral disposition and observation_only (1.4881ms)
✔ watch_only translates to deferred and observation_only (1.2236ms)
✔ non-Owner actors cannot create a Granot name (0.7855ms)
✔ banned-term constant is the shared six-term list (3.5677ms)
✔ ORS-3 detail projection Owner strings stay inside the language deck (14.6467ms)
✔ translation table covers every code health.ts can emit (4.4306ms)
✔ every translation has a non-empty owner action and deep link (1.0845ms)
✔ unknown codes surface as themselves and are never dropped (1.0052ms)
✔ active RingCentral validation failure uses the stopped-filing sentence (0.3701ms)
✔ assignment inconsistency states the operational cost with the number (0.2874ms)
✔ source registry health reports invalid defaults and deterministic conflicts (5.7874ms)
✔ source registry health reports active granularity under inactive company (1.5363ms)
✔ CPL health discloses invalid active schedules and unresolved production Leads (1.494ms)
✔ runtime health discloses stale cache service and remaining compatibility reads (0.938ms)
✔ label mapping health reports an invalid destination and a collision (0.906ms)
✔ Registry Health renders with an empty mappings collection (0.3023ms)
✔ Granot health findings raise on one fixture each and stay quiet on a healthy source (2.8934ms)
✔ detail returns every connection in one request for §7.2 (25.4078ms)
✔ two move-type feeds keep separate label sets (25.1629ms)
✔ empty states are present sections, never absent (5.413ms)
✔ list and detail stay under the round-trip bound and write nothing (3.8494ms)
✔ Owner-facing finding strings keep implementation words out of copy (3.1556ms)
✔ withRegistryMutation rolls back when audit insert fails (4.9138ms)
✔ withRegistryMutation invalidates caches only after commit (1.145ms)
✔ duplicate mutation request IDs fail as a stable replay conflict (1.4346ms)
✔ granot_crm_source audit failure still rolls back and skips cache invalidation (0.7964ms)
✔ invalidateRegistryCaches deduplicates keys for listeners (0.5652ms)
✔ assignment DTO carries Lead Source and Feed labels from one bounded join (4.4108ms)
✔ reassignment request carrying a company ID is still rejected (4.8161ms)
✔ activation still rejects an inactive or non-call feed (5.4062ms)
✔ dependency preview no longer returns a hardcoded can_deactivate gate (1.0446ms)
✔ RingCentral snapshot resolves historical assignment intervals (3.5379ms)
✔ RingCentral snapshot rejects unknown and interval gaps (0.7319ms)
✔ RingCentral snapshot excludes inactive source targets (1.6358ms)
✔ active RingCentral snapshot number listing excludes closed history (0.5418ms)
✔ cache invalidation discards an in-flight stale refresh (1.2763ms)
✔ M5 account validator shares one RingCentral inventory load across numbers (2.6105ms)
{"level":"info","time":"2026-09-18T18:07:45.605Z","service":"vantage-main-server","env":"development","msg":"operations_registry.compatibility_read","observability_level":"info","category":"admin","workflow":"operations_registry"}
✔ runtime telemetry exposes bounded resolver health and compatibility counters (4.0338ms)
✔ durable compatibility recording falls back locally when persistence is unavailable (2.6379ms)
✔ durable compatibility events merge across process-local telemetry (0.5781ms)
✔ sanitizeRegistrySnapshot redacts secret-like keys (4.1719ms)
✔ sanitizeRegistrySnapshot bounds oversized nested payloads (0.6458ms)
✔ sanitizeRegistrySnapshot returns null for empty snapshots (0.2526ms)
✔ first-class Source Granularity applies draft and revision defaults (25.6975ms)
✔ Source Company defaults sheet projection to derived import (68.6837ms)
✔ source company write schema rejects embedded granularities and active flag (7.9805ms)
✔ owner-created dynamic source resolves by exact identifier (6.1577ms)
✔ active company default resolves only to an active same-channel record (0.88ms)
✔ a company identifier falls through to its default when it is not a granularity alias (0.6005ms)
✔ local classification resolves the matching active granularity before the default (1.8254ms)
✔ fallback aliases choose the unique highest priority candidate (1.1757ms)
✔ an inferred unknown company identifier can resolve as a global alias in one pass (0.5859ms)
✔ equal-priority fallback ambiguity fails deterministically (1.6773ms)
✔ inactive exact records and inactive defaults do not resolve (0.5485ms)
✔ all legacy source-label fixtures preserve company attribution (1.8365ms)
✔ resolves without touching the static map (2.7028ms)
✔ empty collection falls back to the static map and emits exactly one compatibility-read event (1.1983ms)
✔ ambiguous mapping fails closed and does not consult the static map (1.5371ms)
✔ inactive-Feed mapping fails closed and does not fall back to the static map (0.9413ms)
✔ canonical payload normalizes email, role, method, and path (2.9688ms)
✔ verifyRegistryActor accepts a valid owner signature (5.6937ms)
✔ verifyRegistryActor rejects admin role for owner-only mutation (2.409ms)
✔ verifyRegistryActor allows admin read access with valid signature (1.1134ms)
✔ verifyRegistryActor rejects missing signature headers (1.33ms)
✔ verifyRegistryActor rejects expired signatures outside replay window (1.2125ms)
✔ verifyRegistryActor rejects tampered signatures (1.0367ms)
✔ verifyRegistryActor rejects method/path mismatches (1.1306ms)
✔ verifyAdminActorSignature uses constant-time comparison semantics (0.6693ms)
✔ preview unsigned compatibility is disabled in production (1.0736ms)
✔ preview unsigned compatibility never authorizes mutations (0.6153ms)
✔ unsigned preview reads require a unique request ID (0.8042ms)
✔ exported header names match dashboard proxy contract (0.3288ms)
✔ extension owner Bearer auth can read agent catalog without signed proxy headers (0.524ms)
✔ extension owner Bearer auth can create agents without signed proxy headers (0.4069ms)
✔ extension owner Bearer auth cannot mutate non-catalog registry routes (0.6351ms)
✔ extension sales Bearer auth is not a registry actor (0.7045ms)
✔ extension Sales plus Customer Service Bearer auth is not a registry actor (0.6345ms)
✔ booked reconciliation can preview phone/source matched unbooked call lead updates (98.9962ms)
✔ booked reconciliation does not globally phone-match across assigned source companies (48.2994ms)
✔ booked reconciliation warns but allows idempotent sync when phone-matched lead has a different job_no (3.606ms)
✔ booked reconciliation prefers phone/source candidates without conflicting job_no (2.596ms)
✔ Path B phone fallback does not read granot_contact_snapshot as identity (25.137ms)
✔ ownerIdentitySnapshotFromEmail persists snake_case keys required by ReportingDestination (3.7034ms)
✔ ReportingDestination rejects camelCase owner identity snapshots (16.9339ms)
✔ ReportingDestination accepts snake_case owner identity from helper (2.9314ms)
✔ Stage 4 stream resumes without duplicates and preserves checksum state (7.2515ms)
✔ Stage 4 stream validates current page dependencies before and after query (2.3497ms)
✔ Stage 4 source read-through is supplied once as a valid UTC instant (0.8297ms)
✔ manifest builds once and validations are page-targeted across pages (1.7296ms)
✔ resume validates the complete manifest before reopening reader (1.0643ms)
✔ mapped contributing dependency fails before output without O(N) validation (1.47ms)
✔ columnIndexFromLetters matches Google A1 columns including ZZ (6.5563ms)
✔ createHiddenStagingTab stamps markers on a default 26-column Google sheet (6.1471ms)
✔ writeOwnershipAndRunMarkers expands an existing 26-column sheet (1.1311ms)
✔ writeValuesRaw expands a default grid before writing past the last row (2.0319ms)
✔ registered container confirmed 404 is treated as cleaned_not_found (2.2974ms)
✔ 403 access denied remains refetch_blocked and does not complete run (1.2051ms)
✔ transient provider error remains refetch_blocked and does not complete run (0.4322ms)
✔ confirmed 404 completes run when all registered containers are cleaned (0.3453ms)
✔ partial attempt A cleaned then failed B completes only after B is cleaned on next run (0.3078ms)
✔ live harness prerequisites fail closed when OAuth export root is absent (3.0319ms)
✔ live harness rejects service-account credentials including local file env vars (1.8868ms)
✔ live harness skips without calling Google when prerequisites are absent (4.2725ms)
✔ PII-safe evidence masks file IDs and omits sensitive detail keys (0.5326ms)
✔ live harness evidence log contains no raw PII field names (0.796ms)
✔ buildLiveTestRunTag produces unique synthetic tags (0.9714ms)
✔ buildLiveTestAppProperties marks harness_container artifacts for janitor selection (0.4048ms)
✔ transient failure wrapper exhausts injected failures (0.3276ms)
✔ positively marked live test artifact requires export root, age, and marker (0.6834ms)
✔ live test google api factory receives explicit OAuth2Client (1.3824ms)
✔ live test google api factory rejects service-account env indicators (3.8264ms)
✔ needs_janitor cleanup status remains janitor-eligible (1.9005ms)
✔ registry binding rejects copied-marker sibling not registered for run (2.9102ms)
✔ registry binding rejects export root mismatch (1.2635ms)
✔ denylist proof accepts only OPERATIONAL_WORKBOOK rejection code (3.2423ms)
✔ picker parent mismatch fails before destination denylist check (1.1898ms)
✔ export folder env snapshot restores unset variable after early throw path (1.3187ms)
✔ export folder env snapshot restores prior value when variable was set (0.8163ms)
✔ live test run tag format enforces configured prefix pattern (3.5014ms)
✔ direct-child invariant rejects nested artifacts (0.557ms)
✔ known harness run evidence requires harness_container role and markers (1.07ms)
✔ recursive evidence sanitizer redacts nested sensitive values (3.5565ms)
✔ sanitizeLiveTestString redacts embedded Drive URLs and bearer tokens (1.0102ms)
✔ structured cleanup errors mask file IDs instead of concatenating raw IDs (0.8366ms)
✔ service-account indicators include env, local file vars, and credential file names (1.1337ms)
✔ janitor returns no-op when live tests are disabled (1.6376ms)
✔ worker transient hook consumes only configured run (0.5822ms)
✔ janitor selects only positively marked harness_container folders under export root (2.6739ms)
✔ janitor requires persisted harness-run registry authorization (0.6341ms)
✔ janitor honors optional run-tag prefix filter (0.4651ms)
✔ isPositivelyMarkedHarnessContainer rejects non-folder roles and young artifacts (0.3449ms)
✔ isPositivelyMarkedLiveTestArtifact rejects young artifacts (0.2871ms)
✔ promotion plan: fresh reserve when ready and no prior reservation (2.108ms)
✔ promotion plan: takeover recovers applied rename without competing promote (0.4964ms)
✔ promotion plan: takeover of not-applied rename takes new reservation (0.2766ms)
✔ promotion plan: ambiguous google state preserves prior-tab safety (0.2898ms)
✔ promotion reservation filter requires active lease and prior generation (1.9232ms)
✔ promotion lease interleaving: expiry before provider abandons mutate (0.6873ms)
✔ promotion lease interleaving: expiry during provider blocks stale CAS (0.37ms)
✔ promotion lease interleaving: stale response after takeover cannot CAS (0.3371ms)
✔ promotion lease interleaving: takeover recovers applied rename via CAS only (0.3116ms)
✔ promotion lease interleaving: takeover of not-applied rename re-reserves then promotes (0.3995ms)
✔ promotion CAS requires provider_applied, not merely reserved (4.8597ms)
✔ transient TX errors are not classified as stale (0.5321ms)
✔ catalog contains exactly three code-defined @1 datasets and complete contracts (18.3427ms)
✔ owner sorts reject internal and duplicate terms and append ASC tie-breakers (1.6756ms)
✔ deployment allowlist defaults, narrows, and rejects unknown or duplicate tokens (0.6706ms)
✔ strict request contracts reject caller scope and arbitrary dataset filters (12.3858ms)
✔ request bounds and formula-safe labels fail before database work (140.1907ms)
✔ cancel wire contract requires idempotencyKey (admin clients must send it) (3.7491ms)
✔ New York date boundaries are half-open across 23 and 25 hour days (298.1127ms)
✔ rolling windows are strict, bounded, fresh, and DST-aware (361.5612ms)
✔ source performance aggregates all related bookings with approved semantics (1.4135ms)
✔ CPL unresolved semantics exclude resolved zero and not-applicable states (1.2328ms)
✔ source performance grouping uses stable IDs and ignores label drift (3.4675ms)
✔ representative policies retain temporal and outcome or exception variation (5.4ms)
✔ lead detail primary booking is one-row deterministic and prefers active state (58.3001ms)
✔ keyset cursor covers rows once and checksums are deterministic (3.4533ms)
✔ destination port is injectable and fails closed on safety or checksum drift (1.3103ms)
✔ destination verification timestamps must be finite, fresh, and not future-skewed (1.2163ms)
✔ destination validation binds identity and strategy-specific shape (0.8601ms)
✔ unresolved cancellation pipeline scopes through canonical booking attribution (1.6687ms)
✔ every orphan predicate narrows granularities per parent company (0.356ms)
✔ confirmation binds stable destination identity; health refresh stays valid (4.1425ms)
✔ owner destination checksum treats zero available cells as a real capacity, not missing (0.5348ms)
✔ confirmation evidence binds actor, idempotency key, and immutable fingerprint (1.624ms)
✔ concurrent confirmation duplicate keys are recognized without a 500 race (0.2504ms)
✔ snapshot adapter contract records a token and fails closed when unavailable (25.4006ms)
✔ unchanged leadless booking manifest entries retain job and source fingerprints (40.8637ms)
✔ changed leadless booking job or source data invalidates its manifest entry (3.1239ms)
✔ sample evidence is keyed opaque HMAC rather than raw SHA (18.2069ms)
✔ execution package mandates literal RAW spreadsheet writes (9.2471ms)
✔ query budgets reject oversized materialization and page requests before reads (1.3644ms)
✔ estimates distinguish exact and safe upper bounds without truncation (1.079ms)
✔ run failures are fixed safe envelopes and unsafe fields are never exposed (8.5227ms)
✔ reporting lifecycle audit payloads contain only safe identifiers and counts (0.8135ms)
✔ source read-through capture is fenced by active lease owner and epoch (4.206ms)
✔ revision checksum survives Mongo minimize of empty filters (1.84ms)
✔ revision checksum verification detects tampering and bulk mutation is blocked (5.2825ms)
✔ unexpected reporting errors serialize to a generic 500 response (0.9619ms)
✔ reporting routes preserve RegistryError status and reject malformed IDs (1.5793ms)
✔ reporting routes surface destination AppErrors instead of a generic 500 (8.3135ms)
✔ incomplete operational workbook safety fails closed without leaking keys (2.0145ms)
✔ reporting routes expose the deployment kill switch without leaking config (0.6202ms)
✔ run confirmation HMAC uses VANTAGE_API_SECRET when API_SECRET is unset (2.2182ms)
✔ missing reporting confirmation secrets fail closed with a safe 503 (1.2433ms)
✔ persistence models expose required indexes and immutable revision middleware (7.1531ms)
✔ regression 1: queue consumer registers Stage 4 foundation before work (2.979ms)
✔ regression 4: read-back recomputes deterministic content checksum (62.6446ms)
✔ regression 5: published managed tab verified before staging and promotion (4.8359ms)
✔ regression 6: cleanup does not overwrite delivery terminal status (15.5181ms)
✔ regression 7: artifact creation recovers one positively marked artifact (2.5376ms)
✔ regression 8: resume always fully validates persisted manifest entries/maps (1.1077ms)
✔ regression 9: trash requires ownedByMe, MIME, identity, and Drive appProperties (1.2864ms)
✔ regression 11: promotion ambiguity preserves old tab and never deletes by name (2.0324ms)
✔ regression: empty report checksum equals initial accumulator (0.9316ms)
✔ regression 2/3: lease fence helpers abort on false without Google side effects (764.2499ms)
✔ regression 8b: resume validates entries even with no stream checkpoint (0.5753ms)
✔ regression 10: cancel requires and replays idempotency keys (60.6329ms)
✔ regression 2b: destination CAS after promotion updates managed immutable id (6.2386ms)
✔ regression: upper-bound verification never reads estimate headroom (7.2122ms)
✔ regression: title change resolved by immutable sheet ID on resume (1.2849ms)
✔ regression: ambiguous marker tampering refuses promotion (2.4015ms)
✔ regression: destination lineage accepts proven replace_tab advancement (27.3689ms)
✔ regression: phase-aware transition skips advanced status without LEASE_LOST (3.5471ms)
✔ regression: delivery fence rejects forged fence fields and stale epoch predicate (4.2215ms)
✔ regression: stale-worker fence bind loses to lease takeover (4.4402ms)
✔ regression: LeaseLost after promote CAS never terminal-fails run (3.683ms)
✔ regression: retryable provider abandon does not terminal-fail (7.0212ms)
✔ regression: snapshot terminal consistency refuses delivery-completed + run-failed (5.2225ms)
✔ regression: fence bind TX interleaves with lease takeover (60.7603ms)
✔ regression: already-promoted recovery requires content verify not title-only (6.4708ms)
✔ regression: CAS-resume path refuses tampered markers and trailing edits (9.5408ms)
✔ regression: worker maps destination ReportingErrors to destination failures (2.876ms)
✔ regression: Google 400 marker write maps to INTERNAL_FAILURE with provider_status (4.5924ms)
✔ regression: destination stable identity ignores volatile health timestamps (5.2708ms)
✔ acceptance 10: denylist rejects every registered operational workbook id (3.9549ms)
✔ acceptance 11: human-created tab takeover is refused by staging ownership markers (3.4401ms)
✔ acceptance 12: capacity feedback refuses silent truncation (2.0678ms)
✔ acceptance 13/14: bounded RAW writes, idempotent replay, and checksum-safe progress (14.3132ms)
✔ acceptance 13: ambiguous provider timeout replays exact range after read-back (2.559ms)
✔ acceptance 15/16: staging verification/promotion and failed replacement preserves old tab (6.7492ms)
✔ acceptance 17: incomplete snapshot cleanup only trashes positively marked workbooks (2.3153ms)
✔ cleanup janitor never trashes a completed snapshot artifact (0.9826ms)
✔ acceptance 19: PII is excluded from provider failures, checkpoints, and delivery reads (2.3702ms)
✔ RAW semantics reject formula-shaped cells and require literal serialization (1.2666ms)
✔ persisted manifests reject row payloads and validate resume identity (2.08ms)
✔ lease fencing failure codes remain typed and PII-safe (0.7494ms)
✔ operational workbook denylist rejects registered workbook IDs (4.4504ms)
✔ operational workbook denylist fails closed when configuration is incomplete (0.5076ms)
✔ managed tab verification rejects human-created name collisions (1.5447ms)
✔ managed tab verification rejects tabs without a Vantage ownership marker (0.6817ms)
✔ managed tab verification accepts a matching Vantage marker (1.5825ms)
✔ destination snapshot validation rejects operational workbook matches (1.8124ms)
✔ managed tab rename preserves immutable sheet ID and revalidates ownership (0.6209ms)
✔ destination read projection omits connection and actor credentials (1.0216ms)
✔ destination snapshot validation rejects stale health timestamps (0.791ms)
✔ replace-tab capacity subtracts every existing workbook grid (0.9006ms)
✔ replace-tab capacity fails closed without grid metadata (0.5704ms)
✔ reporting observability defines operational alert event keys (8.463ms)
✔ findReportingStuckRuns respects phase age threshold (37.2351ms)
✔ normalizePhoneNumberToE164Like handles common RingCentral number shapes (2.7551ms)
✔ RingCentral inbound target numbers resolve to configured source metadata (1.9089ms)
✔ RingCentral source labels are consistent with source company mapping (0.4887ms)
✔ normalizer preserves telephony facts before registry qualification (1.1677ms)
✔ normalizer uses an explicit provider call start and never notification time (1.9037ms)
✔ candidate folding preserves answeredAt from an older delayed event (11.5691ms)
✔ sample answered inbound event is pending immediately and qualifies after elapsed buffer (1.3433ms)
✔ evaluator rejects outbound calls (1.0932ms)
✔ evaluator rejects inbound calls to unknown numbers (0.803ms)
✔ evaluator keeps live inbound target calls candidate until answered (0.367ms)
✔ evaluator rejects terminal inbound target calls that were not answered (7.2275ms)
✔ evaluator distinguishes live and terminal answered calls under 120 seconds (8.4756ms)
✔ evaluator qualifies inbound target calls answered over 120 seconds (1.058ms)
✔ evaluator rejects missed calls without answered evidence (39.0584ms)
﹣ [AC-17] Unit 21 replica lease, cursor, overlap, and rescan proof (1.3565ms) # Replica-set proof is opt-in via GRANOT_LIFECYCLE_REPLICA_TESTS=true.
✔ [AC-17] lease owner identity is bounded, opaque, and per invocation (2.8068ms)
✔ [AC-17] masked owner is a short stable digest and never leaks the owner (3.1617ms)
✔ [AC-17] singleton key index contract is the exact unique key index (1.571ms)
✔ persisted run failure codes are a bounded, non-sensitive set (0.6196ms)
﹣ [AC-17] Mongo state lease elects exactly one winner (3.1255ms) # Replica-set proof is opt-in via GRANOT_LIFECYCLE_REPLICA_TESTS=true.
{"level":"info","time":"2026-09-18T18:08:10.464Z","service":"vantage-main-server","env":"development","msg":"ringcentral.call_log_sync.lease_contended","leaseOwnerHash":"e0e92466da53"}
✔ [AC-17] the lease loser performs no provider, route, ingest, or state work (37.4301ms)
✔ [AC-17] two overlapping invocations produce exactly one winner (3.4261ms)
✔ [AC-17] the winner claims before any provider or ingest work (2.7582ms)
✔ [AC-17] a complete successful run advances the cursor exactly once (14.0716ms)
✔ [AC-17] every failure stage leaves the cursor unchanged (14.0958ms)
✔ [AC-17] an observed provider throttle is counted and blocks cursor movement (1.0214ms)
✔ [AC-17] a run with no throttling reports zero throttles (1.5259ms)
✔ [AC-17] terminal write failure loses the fence and moves no cursor (1.6848ms)
✔ [AC-17] losing the lease mid-run stops work and writes nothing (33.2812ms)
✔ [AC-17] the lease is renewed while long work remains (10.2357ms)
✔ [AC-17] a failed fenced error write degrades to a PII-safe lease-lost event (2.0485ms)
✔ [AC-17] expired-lease recovery is reported without erasing terminal facts (3.1468ms)
✔ [AC-17] the rolling lookback stays exactly 12 hours for a first run (1.7691ms)
✔ [AC-17] the rolling lookback stays exactly 12 hours at a 30-minute cadence (0.9458ms)
✔ [AC-17] a cursor older than the floor keeps its overlap window (0.6232ms)
✔ [AC-17] the winner's window end is its own claim instant (0.7132ms)
✔ [AC-17] pagination stops at a short page and continues through full pages (0.7285ms)
✔ a newest-first Call Log page ingests oldest-first so same-run Duplicate Leads classify (0.5804ms)
✔ Call Log pages across a newest-first split still ingest oldest-first in one run (0.6341ms)
✔ [AC-17] Call Log telemetry and events carry no caller or provider content (1.1774ms)
✔ [AC-17] emitted lease events expose only a masked owner and bounded fields (0.9785ms)
✔ [AC-17] the run summary itself exposes no caller data (0.9048ms)
{"level":"info","time":"2026-09-18T18:08:10.467Z","service":"vantage-main-server","env":"development","msg":"ringcentral.call_log_sync.lease_contended","observability_level":"info","category":"ringcentral","workflow":"ringcentral_call_log_sync","run_id":"2026-08-18T12:00:00.000Z"}
{"level":"info","time":"2026-09-18T18:08:10.496Z","service":"vantage-main-server","env":"development","msg":"ringcentral.call_log_sync.started","observability_level":"info","category":"ringcentral","workflow":"ringcentral_call_log_sync","run_id":"2026-08-18T12:00:00.000Z"}
{"level":"info","time":"2026-09-18T18:08:10.496Z","service":"vantage-main-server","env":"development","msg":"ringcentral.call_log_sync.lease_contended","leaseOwnerHash":"8cefb43f6f11"}
{"level":"info","time":"2026-09-18T18:08:10.496Z","service":"vantage-main-server","env":"development","msg":"ringcentral.call_log_sync.lease_contended","observability_level":"info","category":"ringcentral","workflow":"ringcentral_call_log_sync","run_id":"2026-08-18T12:00:00.000Z"}
{"level":"info","time":"2026-09-18T18:08:10.497Z","service":"vantage-main-server","env":"development","msg":"ringcentral.call_log_sync.completed","ranAt":"2026-08-18T12:00:00.000Z","windowFrom":"2026-08-18T00:00:00.000Z","windowTo":"2026-08-18T12:00:00.000Z","leaseOwnerHash":"7408b41fbeb6","leaseAcquired":true,"leaseRecovered":false,"leaseLost":false,"skipped":false,"skipReason":null,"runtimeMs":0,"fetchedRecords":0,"candidateRecords":0,"qualifiedRecords":0,"ingestActions":{"lead_created":0,"lead_created_duplicate":0,"lead_adopted":0,"lead_adopted_duplicate":0,"shadow_recorded":0,"dry_run":0,"skipped_already_processed":0},"adoptedRecords":0,"adoptionConflicts":0,"throttledResponses":0,"leadsCreated":0,"duplicatesFlagged":0,"cursorAdvanced":true,"errors":[]}
{"level":"info","time":"2026-09-18T18:08:10.497Z","service":"vantage-main-server","env":"development","msg":"ringcentral.call_log_sync.completed","observability_level":"info","category":"ringcentral","workflow":"ringcentral_call_log_sync","run_id":"2026-08-18T12:00:00.000Z"}
{"level":"info","time":"2026-09-18T18:08:10.498Z","service":"vantage-main-server","env":"development","msg":"ringcentral.call_log_sync.started","observability_level":"info","category":"ringcentral","workflow":"ringcentral_call_log_sync","run_id":"2026-08-18T12:00:00.000Z"}
{"level":"info","time":"2026-09-18T18:08:10.500Z","service":"vantage-main-server","env":"development","msg":"ringcentral.call_log_sync.completed","ranAt":"2026-08-18T12:00:00.000Z","windowFrom":"2026-08-18T00:00:00.000Z","windowTo":"2026-08-18T12:00:00.000Z","leaseOwnerHash":"e0e92466da53","leaseAcquired":true,"leaseRecovered":false,"leaseLost":false,"skipped":false,"skipReason":null,"runtimeMs":30,"fetchedRecords":1,"candidateRecords":1,"qualifiedRecords":1,"ingestActions":{"lead_created":0,"lead_created_duplicate":0,"lead_adopted":0,"lead_adopted_duplicate":0,"shadow_recorded":0,"dry_run":1,"skipped_already_processed":0},"adoptedRecords":0,"adoptionConflicts":0,"throttledResponses":0,"leadsCreated":0,"duplicatesFlagged":0,"cursorAdvanced":true,"errors":[]}
{"level":"info","time":"2026-09-18T18:08:10.500Z","service":"vantage-main-server","env":"development","msg":"ringcentral.call_log_sync.completed","observability_level":"info","category":"ringcentral","workflow":"ringcentral_call_log_sync","run_id":"2026-08-18T12:00:00.000Z"}
{"level":"info","time":"2026-09-18T18:08:10.513Z","service":"vantage-main-server","env":"development","msg":"ringcentral.call_log_sync.started","observability_level":"info","category":"ringcentral","workflow":"ringcentral_call_log_sync","run_id":"2026-08-18T12:00:00.000Z"}
{"level":"info","time":"2026-09-18T18:08:10.514Z","service":"vantage-main-server","env":"development","msg":"ringcentral.call_log_sync.completed","ranAt":"2026-08-18T12:00:00.000Z","windowFrom":"2026-08-18T00:00:00.000Z","windowTo":"2026-08-18T12:00:00.000Z","leaseOwnerHash":"e0e92466da53","leaseAcquired":true,"leaseRecovered":false,"leaseLost":false,"skipped":false,"skipReason":null,"runtimeMs":40,"fetchedRecords":2,"candidateRecords":2,"qualifiedRecords":2,"ingestActions":{"lead_created":0,"lead_created_duplicate":1,"lead_adopted":1,"lead_adopted_duplicate":0,"shadow_recorded":0,"dry_run":0,"skipped_already_processed":0},"adoptedRecords":1,"adoptionConflicts":1,"throttledResponses":0,"leadsCreated":1,"duplicatesFlagged":1,"cursorAdvanced":true,"errors":[]}
{"level":"info","time":"2026-09-18T18:08:10.514Z","service":"vantage-main-server","env":"development","msg":"ringcentral.call_log_sync.completed","observability_level":"info","category":"ringcentral","workflow":"ringcentral_call_log_sync","run_id":"2026-08-18T12:00:00.000Z"}
{"level":"info","time":"2026-09-18T18:08:10.525Z","service":"vantage-main-server","env":"development","msg":"ringcentral.call_log_sync.started","observability_level":"info","category":"ringcentral","workflow":"ringcentral_call_log_sync","run_id":"2026-08-18T12:00:00.000Z"}
{"level":"error","time":"2026-09-18T18:08:10.526Z","service":"vantage-main-server","env":"development","msg":"ringcentral.call_log_sync.failed","leaseOwnerHash":"e0e92466da53","stage":"route_snapshot","errorCode":"route_snapshot_failed","windowFrom":"2026-08-18T00:00:00.000Z","windowTo":"2026-08-18T12:00:00.000Z"}
{"level":"error","time":"2026-09-18T18:08:10.526Z","service":"vantage-main-server","env":"development","msg":"ringcentral.call_log_sync.failed","observability_level":"error","category":"ringcentral","workflow":"ringcentral_call_log_sync","run_id":"2026-08-18T12:00:00.000Z"}
{"level":"info","time":"2026-09-18T18:08:10.526Z","service":"vantage-main-server","env":"development","msg":"ringcentral.call_log_sync.started","observability_level":"info","category":"ringcentral","workflow":"ringcentral_call_log_sync","run_id":"2026-08-18T12:00:00.000Z"}
{"level":"error","time":"2026-09-18T18:08:10.527Z","service":"vantage-main-server","env":"development","msg":"ringcentral.call_log_sync.failed","leaseOwnerHash":"e0e92466da53","stage":"provider_fetch","errorCode":"provider_request_failed","windowFrom":"2026-08-18T00:00:00.000Z","windowTo":"2026-08-18T12:00:00.000Z"}
{"level":"error","time":"2026-09-18T18:08:10.527Z","service":"vantage-main-server","env":"development","msg":"ringcentral.call_log_sync.failed","observability_level":"error","category":"ringcentral","workflow":"ringcentral_call_log_sync","run_id":"2026-08-18T12:00:00.000Z"}
{"level":"info","time":"2026-09-18T18:08:10.527Z","service":"vantage-main-server","env":"development","msg":"ringcentral.call_log_sync.started","observability_level":"info","category":"ringcentral","workflow":"ringcentral_call_log_sync","run_id":"2026-08-18T12:00:00.000Z"}
{"level":"error","time":"2026-09-18T18:08:10.528Z","service":"vantage-main-server","env":"development","msg":"ringcentral.call_log_sync.failed","leaseOwnerHash":"e0e92466da53","stage":"provider_fetch","errorCode":"provider_throttled","windowFrom":"2026-08-18T00:00:00.000Z","windowTo":"2026-08-18T12:00:00.000Z"}
{"level":"error","time":"2026-09-18T18:08:10.528Z","service":"vantage-main-server","env":"development","msg":"ringcentral.call_log_sync.failed","observability_level":"error","category":"ringcentral","workflow":"ringcentral_call_log_sync","run_id":"2026-08-18T12:00:00.000Z"}
{"level":"info","time":"2026-09-18T18:08:10.528Z","service":"vantage-main-server","env":"development","msg":"ringcentral.call_log_sync.started","observability_level":"info","category":"ringcentral","workflow":"ringcentral_call_log_sync","run_id":"2026-08-18T12:00:00.000Z"}
{"level":"error","time":"2026-09-18T18:08:10.528Z","service":"vantage-main-server","env":"development","msg":"ringcentral.call_log_sync.failed","leaseOwnerHash":"e0e92466da53","stage":"ingest","errorCode":"ingest_failed","windowFrom":"2026-08-18T00:00:00.000Z","windowTo":"2026-08-18T12:00:00.000Z"}
{"level":"error","time":"2026-09-18T18:08:10.529Z","service":"vantage-main-server","env":"development","msg":"ringcentral.call_log_sync.failed","observability_level":"error","category":"ringcentral","workflow":"ringcentral_call_log_sync","run_id":"2026-08-18T12:00:00.000Z"}
{"level":"info","time":"2026-09-18T18:08:10.530Z","service":"vantage-main-server","env":"development","msg":"ringcentral.call_log_sync.started","observability_level":"info","category":"ringcentral","workflow":"ringcentral_call_log_sync","run_id":"2026-08-18T12:00:00.000Z"}
{"level":"error","time":"2026-09-18T18:08:10.530Z","service":"vantage-main-server","env":"development","msg":"ringcentral.call_log_sync.failed","leaseOwnerHash":"e0e92466da53","stage":"provider_fetch","errorCode":"provider_throttled","windowFrom":"2026-08-18T00:00:00.000Z","windowTo":"2026-08-18T12:00:00.000Z"}
{"level":"error","time":"2026-09-18T18:08:10.530Z","service":"vantage-main-server","env":"development","msg":"ringcentral.call_log_sync.failed","observability_level":"error","category":"ringcentral","workflow":"ringcentral_call_log_sync","run_id":"2026-08-18T12:00:00.000Z"}
{"level":"info","time":"2026-09-18T18:08:10.531Z","service":"vantage-main-server","env":"development","msg":"ringcentral.call_log_sync.started","observability_level":"info","category":"ringcentral","workflow":"ringcentral_call_log_sync","run_id":"2026-08-18T12:00:00.000Z"}
{"level":"info","time":"2026-09-18T18:08:10.531Z","service":"vantage-main-server","env":"development","msg":"ringcentral.call_log_sync.completed","ranAt":"2026-08-18T12:00:00.000Z","windowFrom":"2026-08-18T00:00:00.000Z","windowTo":"2026-08-18T12:00:00.000Z","leaseOwnerHash":"e0e92466da53","leaseAcquired":true,"leaseRecovered":false,"leaseLost":false,"skipped":false,"skipReason":null,"runtimeMs":30,"fetchedRecords":1,"candidateRecords":1,"qualifiedRecords":1,"ingestActions":{"lead_created":0,"lead_created_duplicate":0,"lead_adopted":0,"lead_adopted_duplicate":0,"shadow_recorded":0,"dry_run":1,"skipped_already_processed":0},"adoptedRecords":0,"adoptionConflicts":0,"throttledResponses":0,"leadsCreated":0,"duplicatesFlagged":0,"cursorAdvanced":true,"errors":[]}
{"level":"info","time":"2026-09-18T18:08:10.531Z","service":"vantage-main-server","env":"development","msg":"ringcentral.call_log_sync.completed","observability_level":"info","category":"ringcentral","workflow":"ringcentral_call_log_sync","run_id":"2026-08-18T12:00:00.000Z"}
{"level":"info","time":"2026-09-18T18:08:10.533Z","service":"vantage-main-server","env":"development","msg":"ringcentral.call_log_sync.started","observability_level":"info","category":"ringcentral","workflow":"ringcentral_call_log_sync","run_id":"2026-08-18T12:00:00.000Z"}
{"level":"warn","time":"2026-09-18T18:08:10.533Z","service":"vantage-main-server","env":"development","msg":"ringcentral.call_log_sync.lease_lost","leaseOwnerHash":"e0e92466da53","stage":"state_write"}
{"level":"warn","time":"2026-09-18T18:08:10.533Z","service":"vantage-main-server","env":"development","msg":"ringcentral.call_log_sync.lease_lost","observability_level":"warn","category":"ringcentral","workflow":"ringcentral_call_log_sync","run_id":"2026-08-18T12:00:00.000Z"}
{"level":"info","time":"2026-09-18T18:08:10.563Z","service":"vantage-main-server","env":"development","msg":"ringcentral.call_log_sync.started","observability_level":"info","category":"ringcentral","workflow":"ringcentral_call_log_sync","run_id":"2026-08-18T12:00:00.000Z"}
{"level":"warn","time":"2026-09-18T18:08:10.574Z","service":"vantage-main-server","env":"development","msg":"ringcentral.call_log_sync.lease_lost","leaseOwnerHash":"e0e92466da53","stage":"lease"}
{"level":"warn","time":"2026-09-18T18:08:10.574Z","service":"vantage-main-server","env":"development","msg":"ringcentral.call_log_sync.lease_lost","observability_level":"warn","category":"ringcentral","workflow":"ringcentral_call_log_sync","run_id":"2026-08-18T12:00:00.000Z"}
{"level":"info","time":"2026-09-18T18:08:10.580Z","service":"vantage-main-server","env":"development","msg":"ringcentral.call_log_sync.started","observability_level":"info","category":"ringcentral","workflow":"ringcentral_call_log_sync","run_id":"2026-08-18T12:00:00.000Z"}
{"level":"info","time":"2026-09-18T18:08:10.584Z","service":"vantage-main-server","env":"development","msg":"ringcentral.call_log_sync.completed","ranAt":"2026-08-18T12:00:00.000Z","windowFrom":"2026-08-18T00:00:00.000Z","windowTo":"2026-08-18T12:00:00.000Z","leaseOwnerHash":"e0e92466da53","leaseAcquired":true,"leaseRecovered":false,"leaseLost":false,"skipped":false,"skipReason":null,"runtimeMs":80,"fetchedRecords":6,"candidateRecords":6,"qualifiedRecords":6,"ingestActions":{"lead_created":0,"lead_created_duplicate":0,"lead_adopted":0,"lead_adopted_duplicate":0,"shadow_recorded":0,"dry_run":6,"skipped_already_processed":0},"adoptedRecords":0,"adoptionConflicts":0,"throttledResponses":0,"leadsCreated":0,"duplicatesFlagged":0,"cursorAdvanced":true,"errors":[]}
{"level":"info","time":"2026-09-18T18:08:10.585Z","service":"vantage-main-server","env":"development","msg":"ringcentral.call_log_sync.completed","observability_level":"info","category":"ringcentral","workflow":"ringcentral_call_log_sync","run_id":"2026-08-18T12:00:00.000Z"}
{"level":"info","time":"2026-09-18T18:08:10.587Z","service":"vantage-main-server","env":"development","msg":"ringcentral.call_log_sync.started","observability_level":"info","category":"ringcentral","workflow":"ringcentral_call_log_sync","run_id":"2026-08-18T12:00:00.000Z"}
{"level":"warn","time":"2026-09-18T18:08:10.587Z","service":"vantage-main-server","env":"development","msg":"ringcentral.call_log_sync.lease_lost","leaseOwnerHash":"e0e92466da53","stage":"route_snapshot"}
{"level":"warn","time":"2026-09-18T18:08:10.587Z","service":"vantage-main-server","env":"development","msg":"ringcentral.call_log_sync.lease_lost","observability_level":"warn","category":"ringcentral","workflow":"ringcentral_call_log_sync","run_id":"2026-08-18T12:00:00.000Z"}
{"level":"info","time":"2026-09-18T18:08:10.589Z","service":"vantage-main-server","env":"development","msg":"ringcentral.call_log_sync.started","observability_level":"info","category":"ringcentral","workflow":"ringcentral_call_log_sync","run_id":"2026-08-18T12:00:00.000Z"}
{"level":"warn","time":"2026-09-18T18:08:10.589Z","service":"vantage-main-server","env":"development","msg":"ringcentral.call_log_sync.lease_recovered","leaseOwnerHash":"e0e92466da53"}
{"level":"warn","time":"2026-09-18T18:08:10.589Z","service":"vantage-main-server","env":"development","msg":"ringcentral.call_log_sync.lease_recovered","observability_level":"warn","category":"ringcentral","workflow":"ringcentral_call_log_sync","run_id":"2026-08-18T12:00:00.000Z"}
{"level":"info","time":"2026-09-18T18:08:10.590Z","service":"vantage-main-server","env":"development","msg":"ringcentral.call_log_sync.completed","ranAt":"2026-08-18T12:00:00.000Z","windowFrom":"2026-08-18T00:00:00.000Z","windowTo":"2026-08-18T12:00:00.000Z","leaseOwnerHash":"e0e92466da53","leaseAcquired":true,"leaseRecovered":true,"leaseLost":false,"skipped":false,"skipReason":null,"runtimeMs":20,"fetchedRecords":0,"candidateRecords":0,"qualifiedRecords":0,"ingestActions":{"lead_created":0,"lead_created_duplicate":0,"lead_adopted":0,"lead_adopted_duplicate":0,"shadow_recorded":0,"dry_run":0,"skipped_already_processed":0},"adoptedRecords":0,"adoptionConflicts":0,"throttledResponses":0,"leadsCreated":0,"duplicatesFlagged":0,"cursorAdvanced":true,"errors":[]}
{"level":"info","time":"2026-09-18T18:08:10.590Z","service":"vantage-main-server","env":"development","msg":"ringcentral.call_log_sync.completed","observability_level":"info","category":"ringcentral","workflow":"ringcentral_call_log_sync","run_id":"2026-08-18T12:00:00.000Z"}
{"level":"info","time":"2026-09-18T18:08:10.591Z","service":"vantage-main-server","env":"development","msg":"ringcentral.call_log_sync.started","observability_level":"info","category":"ringcentral","workflow":"ringcentral_call_log_sync","run_id":"2026-08-18T12:00:00.000Z"}
{"level":"info","time":"2026-09-18T18:08:10.592Z","service":"vantage-main-server","env":"development","msg":"ringcentral.call_log_sync.completed","ranAt":"2026-08-18T12:00:00.000Z","windowFrom":"2026-08-18T00:00:00.000Z","windowTo":"2026-08-18T12:00:00.000Z","leaseOwnerHash":"e0e92466da53","leaseAcquired":true,"leaseRecovered":false,"leaseLost":false,"skipped":false,"skipReason":null,"runtimeMs":20,"fetchedRecords":0,"candidateRecords":0,"qualifiedRecords":0,"ingestActions":{"lead_created":0,"lead_created_duplicate":0,"lead_adopted":0,"lead_adopted_duplicate":0,"shadow_recorded":0,"dry_run":0,"skipped_already_processed":0},"adoptedRecords":0,"adoptionConflicts":0,"throttledResponses":0,"leadsCreated":0,"duplicatesFlagged":0,"cursorAdvanced":true,"errors":[]}
{"level":"info","time":"2026-09-18T18:08:10.592Z","service":"vantage-main-server","env":"development","msg":"ringcentral.call_log_sync.completed","observability_level":"info","category":"ringcentral","workflow":"ringcentral_call_log_sync","run_id":"2026-08-18T12:00:00.000Z"}
{"level":"info","time":"2026-09-18T18:08:10.593Z","service":"vantage-main-server","env":"development","msg":"ringcentral.call_log_sync.started","observability_level":"info","category":"ringcentral","workflow":"ringcentral_call_log_sync","run_id":"2026-08-18T12:00:00.000Z"}
{"level":"info","time":"2026-09-18T18:08:10.593Z","service":"vantage-main-server","env":"development","msg":"ringcentral.call_log_sync.completed","ranAt":"2026-08-18T12:00:00.000Z","windowFrom":"2026-08-18T00:00:00.000Z","windowTo":"2026-08-18T12:00:00.000Z","leaseOwnerHash":"e0e92466da53","leaseAcquired":true,"leaseRecovered":false,"leaseLost":false,"skipped":false,"skipReason":null,"runtimeMs":20,"fetchedRecords":0,"candidateRecords":0,"qualifiedRecords":0,"ingestActions":{"lead_created":0,"lead_created_duplicate":0,"lead_adopted":0,"lead_adopted_duplicate":0,"shadow_recorded":0,"dry_run":0,"skipped_already_processed":0},"adoptedRecords":0,"adoptionConflicts":0,"throttledResponses":0,"leadsCreated":0,"duplicatesFlagged":0,"cursorAdvanced":true,"errors":[]}
{"level":"info","time":"2026-09-18T18:08:10.593Z","service":"vantage-main-server","env":"development","msg":"ringcentral.call_log_sync.completed","observability_level":"info","category":"ringcentral","workflow":"ringcentral_call_log_sync","run_id":"2026-08-18T12:00:00.000Z"}
{"level":"info","time":"2026-09-18T18:08:10.594Z","service":"vantage-main-server","env":"development","msg":"ringcentral.call_log_sync.started","observability_level":"info","category":"ringcentral","workflow":"ringcentral_call_log_sync","run_id":"2026-08-18T12:00:00.000Z"}
{"level":"info","time":"2026-09-18T18:08:10.594Z","service":"vantage-main-server","env":"development","msg":"ringcentral.call_log_sync.completed","ranAt":"2026-08-18T12:00:00.000Z","windowFrom":"2026-08-17T15:45:00.000Z","windowTo":"2026-08-18T12:00:00.000Z","leaseOwnerHash":"e0e92466da53","leaseAcquired":true,"leaseRecovered":false,"leaseLost":false,"skipped":false,"skipReason":null,"runtimeMs":20,"fetchedRecords":0,"candidateRecords":0,"qualifiedRecords":0,"ingestActions":{"lead_created":0,"lead_created_duplicate":0,"lead_adopted":0,"lead_adopted_duplicate":0,"shadow_recorded":0,"dry_run":0,"skipped_already_processed":0},"adoptedRecords":0,"adoptionConflicts":0,"throttledResponses":0,"leadsCreated":0,"duplicatesFlagged":0,"cursorAdvanced":true,"errors":[]}
{"level":"info","time":"2026-09-18T18:08:10.594Z","service":"vantage-main-server","env":"development","msg":"ringcentral.call_log_sync.completed","observability_level":"info","category":"ringcentral","workflow":"ringcentral_call_log_sync","run_id":"2026-08-18T12:00:00.000Z"}
{"level":"info","time":"2026-09-18T18:08:10.595Z","service":"vantage-main-server","env":"development","msg":"ringcentral.call_log_sync.started","observability_level":"info","category":"ringcentral","workflow":"ringcentral_call_log_sync","run_id":"2026-08-18T12:00:00.000Z"}
{"level":"info","time":"2026-09-18T18:08:10.595Z","service":"vantage-main-server","env":"development","msg":"ringcentral.call_log_sync.completed","ranAt":"2026-08-18T12:00:00.000Z","windowFrom":"2026-08-18T00:00:00.000Z","windowTo":"2026-08-18T12:00:00.000Z","leaseOwnerHash":"e0e92466da53","leaseAcquired":true,"leaseRecovered":false,"leaseLost":false,"skipped":false,"skipReason":null,"runtimeMs":20,"fetchedRecords":0,"candidateRecords":0,"qualifiedRecords":0,"ingestActions":{"lead_created":0,"lead_created_duplicate":0,"lead_adopted":0,"lead_adopted_duplicate":0,"shadow_recorded":0,"dry_run":0,"skipped_already_processed":0},"adoptedRecords":0,"adoptionConflicts":0,"throttledResponses":0,"leadsCreated":0,"duplicatesFlagged":0,"cursorAdvanced":true,"errors":[]}
{"level":"info","time":"2026-09-18T18:08:10.595Z","service":"vantage-main-server","env":"development","msg":"ringcentral.call_log_sync.completed","observability_level":"info","category":"ringcentral","workflow":"ringcentral_call_log_sync","run_id":"2026-08-18T12:00:00.000Z"}
{"level":"info","time":"2026-09-18T18:08:10.595Z","service":"vantage-main-server","env":"development","msg":"ringcentral.call_log_sync.started","observability_level":"info","category":"ringcentral","workflow":"ringcentral_call_log_sync","run_id":"2026-08-18T12:00:00.000Z"}
{"level":"info","time":"2026-09-18T18:08:10.596Z","service":"vantage-main-server","env":"development","msg":"ringcentral.call_log_sync.completed","ranAt":"2026-08-18T12:00:00.000Z","windowFrom":"2026-08-18T00:00:00.000Z","windowTo":"2026-08-18T12:00:00.000Z","leaseOwnerHash":"e0e92466da53","leaseAcquired":true,"leaseRecovered":false,"leaseLost":false,"skipped":false,"skipReason":null,"runtimeMs":60,"fetchedRecords":3,"candidateRecords":3,"qualifiedRecords":3,"ingestActions":{"lead_created":0,"lead_created_duplicate":0,"lead_adopted":0,"lead_adopted_duplicate":0,"shadow_recorded":0,"dry_run":3,"skipped_already_processed":0},"adoptedRecords":0,"adoptionConflicts":0,"throttledResponses":0,"leadsCreated":0,"duplicatesFlagged":0,"cursorAdvanced":true,"errors":[]}
{"level":"info","time":"2026-09-18T18:08:10.596Z","service":"vantage-main-server","env":"development","msg":"ringcentral.call_log_sync.completed","observability_level":"info","category":"ringcentral","workflow":"ringcentral_call_log_sync","run_id":"2026-08-18T12:00:00.000Z"}
{"level":"info","time":"2026-09-18T18:08:10.596Z","service":"vantage-main-server","env":"development","msg":"ringcentral.call_log_sync.started","observability_level":"info","category":"ringcentral","workflow":"ringcentral_call_log_sync","run_id":"2026-08-18T12:00:00.000Z"}
{"level":"info","time":"2026-09-18T18:08:10.596Z","service":"vantage-main-server","env":"development","msg":"ringcentral.call_log_sync.completed","ranAt":"2026-08-18T12:00:00.000Z","windowFrom":"2026-08-18T00:00:00.000Z","windowTo":"2026-08-18T12:00:00.000Z","leaseOwnerHash":"e0e92466da53","leaseAcquired":true,"leaseRecovered":false,"leaseLost":false,"skipped":false,"skipReason":null,"runtimeMs":40,"fetchedRecords":2,"candidateRecords":2,"qualifiedRecords":2,"ingestActions":{"lead_created":0,"lead_created_duplicate":0,"lead_adopted":0,"lead_adopted_duplicate":0,"shadow_recorded":0,"dry_run":2,"skipped_already_processed":0},"adoptedRecords":0,"adoptionConflicts":0,"throttledResponses":0,"leadsCreated":0,"duplicatesFlagged":0,"cursorAdvanced":true,"errors":[]}
{"level":"info","time":"2026-09-18T18:08:10.596Z","service":"vantage-main-server","env":"development","msg":"ringcentral.call_log_sync.completed","observability_level":"info","category":"ringcentral","workflow":"ringcentral_call_log_sync","run_id":"2026-08-18T12:00:00.000Z"}
{"level":"info","time":"2026-09-18T18:08:10.597Z","service":"vantage-main-server","env":"development","msg":"ringcentral.call_log_sync.started","observability_level":"info","category":"ringcentral","workflow":"ringcentral_call_log_sync","run_id":"2026-08-18T12:00:00.000Z"}
{"level":"info","time":"2026-09-18T18:08:10.597Z","service":"vantage-main-server","env":"development","msg":"ringcentral.call_log_sync.completed","ranAt":"2026-08-18T12:00:00.000Z","windowFrom":"2026-08-18T00:00:00.000Z","windowTo":"2026-08-18T12:00:00.000Z","leaseOwnerHash":"e0e92466da53","leaseAcquired":true,"leaseRecovered":false,"leaseLost":false,"skipped":false,"skipReason":null,"runtimeMs":60,"fetchedRecords":2,"candidateRecords":2,"qualifiedRecords":2,"ingestActions":{"lead_created":0,"lead_created_duplicate":0,"lead_adopted":0,"lead_adopted_duplicate":0,"shadow_recorded":0,"dry_run":2,"skipped_already_processed":0},"adoptedRecords":0,"adoptionConflicts":0,"throttledResponses":0,"leadsCreated":0,"duplicatesFlagged":0,"cursorAdvanced":true,"errors":[]}
{"level":"info","time":"2026-09-18T18:08:10.597Z","service":"vantage-main-server","env":"development","msg":"ringcentral.call_log_sync.completed","observability_level":"info","category":"ringcentral","workflow":"ringcentral_call_log_sync","run_id":"2026-08-18T12:00:00.000Z"}
{"level":"info","time":"2026-09-18T18:08:10.598Z","service":"vantage-main-server","env":"development","msg":"ringcentral.call_log_sync.started","observability_level":"info","category":"ringcentral","workflow":"ringcentral_call_log_sync","run_id":"2026-08-18T12:00:00.000Z"}
{"level":"error","time":"2026-09-18T18:08:10.598Z","service":"vantage-main-server","env":"development","msg":"ringcentral.call_log_sync.failed","leaseOwnerHash":"e0e92466da53","stage":"ingest","errorCode":"ingest_failed","windowFrom":"2026-08-18T00:00:00.000Z","windowTo":"2026-08-18T12:00:00.000Z"}
{"level":"error","time":"2026-09-18T18:08:10.598Z","service":"vantage-main-server","env":"development","msg":"ringcentral.call_log_sync.failed","observability_level":"error","category":"ringcentral","workflow":"ringcentral_call_log_sync","run_id":"2026-08-18T12:00:00.000Z"}
{"level":"info","time":"2026-09-18T18:08:10.599Z","service":"vantage-main-server","env":"development","msg":"ringcentral.call_log_sync.started","observability_level":"info","category":"ringcentral","workflow":"ringcentral_call_log_sync","run_id":"2026-08-18T12:00:00.000Z"}
{"level":"info","time":"2026-09-18T18:08:10.599Z","service":"vantage-main-server","env":"development","msg":"ringcentral.call_log_sync.completed","ranAt":"2026-08-18T12:00:00.000Z","windowFrom":"2026-08-18T00:00:00.000Z","windowTo":"2026-08-18T12:00:00.000Z","leaseOwnerHash":"e0e92466da53","leaseAcquired":true,"leaseRecovered":false,"leaseLost":false,"skipped":false,"skipReason":null,"runtimeMs":30,"fetchedRecords":1,"candidateRecords":1,"qualifiedRecords":1,"ingestActions":{"lead_created":0,"lead_created_duplicate":0,"lead_adopted":0,"lead_adopted_duplicate":0,"shadow_recorded":0,"dry_run":1,"skipped_already_processed":0},"adoptedRecords":0,"adoptionConflicts":0,"throttledResponses":0,"leadsCreated":0,"duplicatesFlagged":0,"cursorAdvanced":true,"errors":[]}
{"level":"info","time":"2026-09-18T18:08:10.599Z","service":"vantage-main-server","env":"development","msg":"ringcentral.call_log_sync.completed","observability_level":"info","category":"ringcentral","workflow":"ringcentral_call_log_sync","run_id":"2026-08-18T12:00:00.000Z"}
{"level":"info","time":"2026-09-18T18:08:10.600Z","service":"vantage-main-server","env":"development","msg":"ringcentral.call_log_sync.started","observability_level":"info","category":"ringcentral","workflow":"ringcentral_call_log_sync","run_id":"2026-08-18T12:00:00.000Z"}
{"level":"info","time":"2026-09-18T18:08:10.600Z","service":"vantage-main-server","env":"development","msg":"ringcentral.call_log_sync.completed","ranAt":"2026-08-18T12:00:00.000Z","windowFrom":"2026-08-18T00:00:00.000Z","windowTo":"2026-08-18T12:00:00.000Z","leaseOwnerHash":"e0e92466da53","leaseAcquired":true,"leaseRecovered":false,"leaseLost":false,"skipped":false,"skipReason":null,"runtimeMs":30,"fetchedRecords":1,"candidateRecords":1,"qualifiedRecords":1,"ingestActions":{"lead_created":0,"lead_created_duplicate":0,"lead_adopted":1,"lead_adopted_duplicate":0,"shadow_recorded":0,"dry_run":0,"skipped_already_processed":0},"adoptedRecords":1,"adoptionConflicts":0,"throttledResponses":0,"leadsCreated":0,"duplicatesFlagged":0,"cursorAdvanced":true,"errors":[]}
{"level":"info","time":"2026-09-18T18:08:10.600Z","service":"vantage-main-server","env":"development","msg":"ringcentral.call_log_sync.completed","observability_level":"info","category":"ringcentral","workflow":"ringcentral_call_log_sync","run_id":"2026-08-18T12:00:00.000Z"}
✔ qualifies an inbound answered call over 120s to a mapped toll-free (9.0552ms)
✔ qualifies a GetMovers inbound call log record (1.2397ms)
✔ rejects a call under 120 seconds (0.5243ms)
✔ rejects an outbound call (0.5183ms)
✔ rejects a call to an unmapped number (2.5678ms)
✔ rejects a missed (unanswered) call (0.4761ms)
✔ matches target number across call legs and picks the inbound caller (0.5745ms)
✔ aggregates a multi-party session and qualifies the canonical queue party over 120s (2.9605ms)
✔ uses answered agent lifecycle timing when the target queue leg disconnects early (1.8464ms)
✔ rejects a session that disconnected under 120 seconds (0.4964ms)
✔ a live (non-terminal) call over 120s qualifies but is not ingest-eligible (0.4635ms)
✔ an outbound-only session is not a lead (0.3141ms)
﹣ [AC-14][AC-15][AC-16] Unit 20 replica adoption, conflict continuation, races, and rollback (1.9741ms) # Replica-set proof is opt-in via GRANOT_LIFECYCLE_REPLICA_TESTS=true.
✔ [AC-14] one exact immutable-phone candidate is selected without guessing (9.0955ms)
✔ [AC-16] zero and multiple candidates remain explicit outcomes (0.8551ms)
✔ [AC-14][AC-16] candidate window is inclusive at exactly plus/minus 12 hours (0.4408ms)
✔ [AC-14][AC-16] exact boundaries qualify and one millisecond outside does not (0.9399ms)
✔ [AC-16] missing call start fails adoption closed without querying candidates (0.6361ms)
✔ [AC-16] Job-only/missing-phone input is never an adoption candidate (0.6807ms)
✔ adoption match key stays exact Source Granularity plus ingested phone (2.5206ms)
✔ [AC-16] different Source Granularity with the same phone is not an adoption candidate (0.5676ms)
✔ [AC-14] current-contact drift cannot replace immutable creation phone (0.4572ms)
✔ [AC-14] telephony session wins over call-log identity (2.9635ms)
✔ [AC-14] adoption statuses are terminal replay outcomes (0.498ms)
✔ [AC-14] call-log race fence is declared unique and sparse (0.316ms)
✔ recording adapter uses fixed account endpoints and discards contentUri (64.1608ms)
✔ streaming client shares JWT refresh once, returns headers and forbids redirects (1.9384ms)
✔ recording deadline bounds stalled token acquisition and unauthorized refresh (1.223ms)
{"level":"info","time":"2026-09-18T18:08:14.820Z","service":"vantage-main-server","env":"development","msg":"ringcentral.ingest.skipped_already_processed","telephonySessionId":"u20-session","callLogId":null,"previousStatus":"lead_adopted","ingestionSource":"webhook"}
✔ [AC-14] telephony replay returns before adoption candidate work (5.3335ms)
✔ [AC-14][AC-15] adoption occurs before duplicate classification and suppresses create (2.2342ms)
✔ [AC-16] no adoption candidate continues through normal ingest (1.0725ms)
✔ [AC-14] webhook and Call Log descriptors enter equivalent convergence (0.8203ms)
✔ [AC-14] call-log-only create fails closed before candidate or Lead work without indexes (1.6023ms)
✔ adoption off still creates a RingCentral-origin Call Lead (documented Race B twin) (1.6368ms)
✔ RingCentral ingest lock stays gated on the adoption flag (1.1316ms)
{"level":"info","time":"2026-09-18T18:08:14.826Z","service":"vantage-main-server","env":"development","msg":"ringcentral.ingest.processed","action":"dry_run","writeMode":"dry_run","duplicate":false,"duplicateReason":"unique","ingestionSource":"webhook","telephonySessionId":"u20-session","callLogId":null,"sourceCompany":"main_site","durationSeconds":180,"callLeadId":null}
{"level":"info","time":"2026-09-18T18:08:14.830Z","service":"vantage-main-server","env":"development","msg":"ringcentral.ingest.processed","action":"lead_created","writeMode":"create","duplicate":false,"duplicateReason":"unique","ingestionSource":"webhook","telephonySessionId":"u20-session","callLogId":null,"sourceCompany":"main_site","durationSeconds":180,"callLeadId":"507f1f77bcf86cd799439099"}
✔ first call from a caller is unique (3.2937ms)
✔ a second call from the same caller + source within the window is a duplicate (1.1258ms)
✔ the same telephony session is not counted as its own duplicate (0.771ms)
✔ [AC-15] the same call-log identity is not counted as its own duplicate (0.8081ms)
✔ a call with no caller phone cannot be classified as a duplicate (1.6215ms)
✔ phone numbers in different formats still match as duplicates (60.976ms)
✔ duplicate lookup uses the earlier-only 90-day window (46.063ms)
✔ same caller and source exactly 90 days apart is a duplicate (3.2108ms)
✔ same caller and source more than 90 days apart is unique (0.5817ms)
✔ different source is scoped out by the duplicate lookup (0.6135ms)
✔ [AC-15] adopted Lead id is excluded from duplicate classification (0.7864ms)
✔ [AC-15][AC-16] unresolved Granot candidates do not create false duplicates (0.599ms)
✔ [AC-15] adopted Granot candidate from another physical call remains eligible (0.536ms)
✔ [AC-15] future Leads are outside the earlier-only duplicate window (0.5134ms)
✔ builder: mode all is the account telephony path with no direction filter and no withRecordings; inbound builder is byte-for-byte unchanged (15.8289ms)
✔ classification: owned+matching managed by health; owned inbound-only and foreign same-address subscriptions are never managed (1.3931ms)
✔ plan/apply: noop when healthy, create when none owned, foreign same-address subscription is reported and untouched (3.3015ms)
✔ renewal: expiring owned subscription is renewed; renewing a foreign id is refused before any provider call (1.5445ms)
✔ repair: blacklisted owned subscription is deleted, marked and recreated; a foreign id is never deleted or replaced (11.1564ms)
✔ health edges: unknown expiry is renew-due; unknown or missing status is reported and never repaired (review finding 6) (65.3179ms)
✔ ownership evidence fails closed: create without a recordable store surfaces the created id instead of orphaning it (review finding 7) (1.8717ms)
✔ provider adapter builds the exact RingCentral subscription requests over the shared client (81.1073ms)
{"level":"info","time":"2026-09-18T18:08:20.693Z","service":"vantage-main-server","env":"development","msg":"ringcentral.webhook.received","receivedAt":"2026-09-18T18:08:20.692Z","method":"POST","validationTokenPresent":true,"contentType":"application/json","userAgent":"node","eventHeaders":{},"subscriptionId":null,"telephonySessionId":null,"partyId":null,"event":"/restapi/v1.0/account/~/telephony/sessions"}
{"level":"info","time":"2026-09-18T18:08:20.695Z","service":"vantage-main-server","env":"development","msg":"ringcentral.webhook.capture.mongo_unavailable_logged","capture":{"provider":"ringcentral","receivedAt":{},"validationTokenPresent":true,"headers":{"host":"127.0.0.1:54778","connection":"keep-alive","content-type":"application/json","validation-token":"synthetic-validation","accept":"*/*","accept-language":"*","sec-fetch-mode":"cors","user-agent":"node","accept-encoding":"gzip, deflate","content-length":"80"},"rawBody":{"uuid":"echo-1","event":"/restapi/v1.0/account/~/telephony/sessions","body":{}},"normalizedPreview":{"subscriptionId":null,"event":"/restapi/v1.0/account/~/telephony/sessions","uuid":"echo-1","timestamp":null,"telephonySessionId":null,"sessionId":null,"partyId":null,"direction":null,"statusCode":null,"fromPhoneNumber":null,"fromName":null,"toPhoneNumber":null,"toName":null,"extensionId":null,"extensionNumber":null},"uuid":"echo-1","event":"/restapi/v1.0/account/~/telephony/sessions"}}
{"level":"info","time":"2026-09-18T18:08:20.697Z","service":"vantage-main-server","env":"development","msg":"ringcentral.webhook.processing.disabled","subscriptionId":null,"telephonySessionId":null}
{"level":"info","time":"2026-09-18T18:08:20.764Z","service":"vantage-main-server","env":"development","msg":"ringcentral.webhook.received","receivedAt":"2026-09-18T18:08:20.764Z","method":"POST","validationTokenPresent":false,"contentType":"application/json","userAgent":"node","eventHeaders":{},"subscriptionId":null,"telephonySessionId":null,"partyId":null,"event":null}
{"level":"info","time":"2026-09-18T18:08:20.764Z","service":"vantage-main-server","env":"development","msg":"ringcentral.webhook.capture.mongo_unavailable_logged","capture":{"provider":"ringcentral","receivedAt":{},"validationTokenPresent":false,"headers":{"host":"127.0.0.1:54778","connection":"keep-alive","content-type":"application/json","accept":"*/*","accept-language":"*","sec-fetch-mode":"cors","user-agent":"node","accept-encoding":"gzip, deflate","content-length":"27"},"rawBody":{"uuid":"echo-2","body":{}},"normalizedPreview":{"subscriptionId":null,"event":null,"uuid":"echo-2","timestamp":null,"telephonySessionId":null,"sessionId":null,"partyId":null,"direction":null,"statusCode":null,"fromPhoneNumber":null,"fromName":null,"toPhoneNumber":null,"toName":null,"extensionId":null,"extensionNumber":null},"uuid":"echo-2"}}
{"level":"info","time":"2026-09-18T18:08:20.765Z","service":"vantage-main-server","env":"development","msg":"ringcentral.webhook.processing.disabled","subscriptionId":null,"telephonySessionId":null}
✔ validation echo: the route echoes Validation-Token on a 200 and fans out only a durable receipt (390.7708ms)
✔ phone equality is Likely; exact session authorizes only that interaction and account (3.6622ms)
✔ overlaps are ambiguous; nonoverlapping moves and outside-overlap events stay independent (2.3737ms)
✔ unique current Attached outranks candidates; competing Attached blocks; reject and detach persist (0.8409ms)
✔ Form and Call windows include boundaries; later snapshots never backdate identity (12.7738ms)
✔ actual attachment queue and five-minute cron registrations, disabled worker skips without Mongo (3.5444ms)
✔ Owner attachment routes and cron recovery: authority, scope, flag, strict payload, CAS mapping and read-only GET (587.9148ms)
✔ eligibility: all five accepted contexts, both Lead models, exclusions and absent upstream inputs (30.2671ms)
✔ media stream hashes actual bytes, uses immutable account key and cleans transient file (85.797ms)
✔ media rejects declared and streamed oversize, mismatched length/type and arbitrary audio (303.8474ms)
✔ Retry-After seconds, HTTP date and default (14.2783ms)
✔ text-only transcript retains unknown speakers and unavailable timing (78.8959ms)
✔ provider timing and actual speaker survive cross-boundary payment redaction (1.6252ms)
✔ invalid provider timing is unavailable; pricing is configured and rounded to integer cents (0.6735ms)
✔ CSI-12 five-minute cron, authentication, flag-off and default recovery/queue wiring (372.2629ms)
✔ CSI-11 queue stages, cron schedule, auth, flag-off and lease-held wiring (235.0555ms)
✔ CSI-11 modules never import qualification, Lead writers, budgets, STT or LLMs (2.987ms)
✔ CSI route templates expand only the closed run paths and methods (3.7818ms)
✔ Owner analysis commands bind exact output and source evidence (34.3459ms)
✔ published DTO fixtures preserve undated and review-only rows and unknown coverage (2.385ms)
✔ accepted policy defaults and invalid schedules (87.2586ms)
✔ strict commands allow undated independent actions and reject operational injection (58.6867ms)
✔ Grok review: empty channels/evidence and duplicate assessment are rejected; no locator gate (20.114ms)
✔ all CSI model accessors honor isolated database routing without suffix collections (85.2282ms)
✔ signed run token requires scoped principal, live run, dataset, nonce, expiry, subject and tool (21.8485ms)
✔ 30/15/1440 clocks, Friday close, Sunday, DST and independent weekly calendar (59.579ms)
✔ day-only waits end at close; Attention next opening; explicit Sunday honoured; ambiguity undated (18.6285ms)
✔ all three actions including undated; snooze preserves contractual overdue and other reasons (43.598ms)
✔ inbound human versus missed/provider connected; attempts fulfill callback only and retain outcome (26.1761ms)
✔ wait coexistence, official closure precedence, planning denies stale and Owner effects (17.6942ms)
✔ worker, cron and recovery registrations exist without enabling production flags (2.0104ms)
✔ call lead browse q includes Granot snapshot name (11.0372ms)
✔ call lead browse phone matches the typed string on live and snapshot paths (1.2356ms)
✔ Call Lead Search phone ORs live, ingested, and Granot snapshot paths (6.0453ms)
✔ Call Lead Search name ORs ingested and Granot name paths (1.4628ms)
✔ Call Lead Search email ORs ingested and Granot email paths (0.7576ms)
✔ Call Lead Search keeps OR across phone, name, and email (0.721ms)
✔ form lead browse q includes Granot snapshot name (15.2119ms)
✔ form lead browse name includes ingested and Granot name paths (1.4608ms)
✔ form lead browse email includes ingested and Granot email paths (0.9842ms)
✔ form lead browse phone matches the typed string on live and snapshot paths (1.0516ms)
✔ form lead browse empty query finds all leads including duplicates (3.5682ms)
✔ form lead browse result card omits snapshot objects (2.8104ms)
✔ form lead search excludes duplicate quarantine leads by default (6.8249ms)
✔ form lead search includes duplicate quarantine leads when requested (0.7768ms)
{"level":"info","time":"2026-09-18T18:08:15.276Z","service":"vantage-main-server","env":"development","msg":"sheet_sync.drain.quota_deferral","spreadsheetId":"sheet-1","tabName":"Calls","writes":1}
✔ batches existing-row updates and new-row appends into one call each (9.7334ms)
✔ deletes rows in descending order in a single batchUpdate (4.2293ms)
✔ missing delete rows are an idempotent success (no API call) (2.1758ms)
✔ defers all writes when the read-quota reservation is denied (2.3532ms)
✔ partial failure: update call fails but appends still succeed (2.9539ms)
✔ append batches are split by configured row guardrail (1.5764ms)
✔ buildTabRowMap maps Mongo IDs to 1-based row numbers (0.5952ms)
✔ QuotaLimiter grants within budget and denies (with rollback) past it (1.2384ms)
{"level":"info","time":"2026-09-18T18:08:15.422Z","service":"vantage-main-server","env":"development","msg":"sheet_sync.drain.call_lead.created_on_unmatched.skipped","leadId":"6aad7e0f1568798a59bb8c64"}
✔ jobPlanner registers mongoose models required for booked-lead populate (4.317ms)
✔ planJobWrites turns a tombstone's previous_targets into delete writes (20.0955ms)
✔ planJobWrites skips tombstone targets with unknown headers (0.8486ms)
✔ planJobWrites limits retrying tombstones to target_hints (1.3428ms)
✔ planJobWrites returns a single empty plan when a tombstone has no targets (0.9854ms)
✔ planJobWrites dual-writes bad form leads to Forms and Master Bad Leads (4.2341ms)
✔ planJobWrites deletes stale Master Bad Leads row when bad_lead is cleared (1.4048ms)
✔ planJobWrites deletes stale Calls row when duplicate call lead lacks sheet_sync metadata (1.7107ms)
✔ ordinary No-Sync Form deletes Forms only and does not upsert (26.3705ms)
✔ ordinary No-Sync Call deletes Calls only and does not upsert (1.4915ms)
✔ Booking Chain + ordinary No-Sync Call upserts Booked Deals and deletes Calls (2.0695ms)
✔ Unmatched Call without no_sync stays an empty plan with no deletes (2.2594ms)
✔ no_sync + bad_lead matches today's Bad Form dual-write (1.7535ms)
✔ no_sync + Call duplicate matches today's Duplicate Calls plan (1.4386ms)
✔ Form Duplicate upserts Duplicates and does not delete leftover Forms (1.0748ms)
✔ no_sync + Form duplicate matches today's Form Duplicate plan (1.3344ms)
✔ clear no_sync on an ordinary Form upserts Forms (1.5287ms)
✔ isNoSyncLead is false for missing / false / null (1.5652ms)
✔ noSyncAppliesToNormalTabs is false when duplicate or bad_lead (0.5453ms)
{"level":"info","time":"2026-09-18T18:08:25.739Z","service":"vantage-main-server","env":"development","msg":"sheet_sync.outbox.enqueued","coalescingKey":"source_lead:FormLead:6aad7e19f135591a2b990ac5","resource":"source_lead","operation":"form_lead.create","jobId":"6aad7e19f135591a2b990ac6","dueAt":"2026-09-18T18:08:28.738Z","priority":60}
✔ enqueueSheetSyncJob writes a coalescing upsert keyed by entity (24.9096ms)
✔ enqueueSheetSyncJob threads the caller session for atomic commit (2.9745ms)
✔ enqueueSheetSyncTombstone cancels the superseded upsert then writes the delete (6.8697ms)
✔ persistSheetSyncIntent only writes the outbox in queued mode (2.439ms)
{"level":"info","time":"2026-09-18T18:08:25.761Z","service":"vantage-main-server","env":"development","msg":"sheet_sync.outbox.enqueued","coalescingKey":"booking_chain:b1","resource":"booking_chain","operation":"booked_lead.update","jobId":"6aad7e19f135591a2b990ac7","dueAt":"2026-09-18T18:08:28.761Z","priority":80}
{"level":"info","time":"2026-09-18T18:08:25.767Z","service":"vantage-main-server","env":"development","msg":"sheet_sync.outbox.upsert_superseded_by_delete","supersededKey":"source_lead:CallLead:lead-1","cancelled":1}
{"level":"info","time":"2026-09-18T18:08:25.769Z","service":"vantage-main-server","env":"development","msg":"sheet_sync.outbox.tombstone_enqueued","coalescingKey":"delete_source_lead:CallLead:lead-1","resource":"delete_source_lead","operation":"call_lead.delete","jobId":"6aad7e19f135591a2b990ac8","mongoId":"lead-1"}
{"level":"info","time":"2026-09-18T18:08:25.772Z","service":"vantage-main-server","env":"development","msg":"sheet_sync.outbox.enqueued","coalescingKey":"source_lead:CallLead:lead-9","resource":"source_lead","operation":"call_lead.update","jobId":"6aad7e19f135591a2b990ac9","dueAt":"2026-09-18T18:08:28.772Z","priority":50}
✔ syncSourceLead evaluates no_sync before unmatched and deletes ordinary tabs without the facade (16.9426ms)
✔ projects tariff rows into Timestamp through Carrier columns (3.1326ms)
✔ resolves a Granot Carrier Code to the Moving Carrier name and DOT (2.046ms)
✔ appends both service rows with resolved Carrier and never upserts by identifier (3.9761ms)
✔ appends Linehaul plus a free-text Service row (1.2157ms)
✔ refuses an empty append (0.8471ms)
✔ hasBbbRedaction detects BBB PII redaction tokens (1.6532ms)
✔ listTestimonialsQuerySchema coerces pagination and boolean filters (6.2468ms)
✔ buildTestimonialFilter applies only provided query flags (2.3591ms)
✔ adminTestimonialsQuerySchema coerces admin filters and sort direction (8.2621ms)
✔ buildAdminTestimonialFilter applies reviewer, rating, customer, and date filters (1.7078ms)
✔ listTestimonials returns paginated landing-page items (1.9518ms)
✔ listAdminTestimonials returns admin fields and applies requested sort (1.7973ms)
✔ listAdminTestimonialReviewerNames returns sorted unique non-empty names (22.3627ms)
{"level":"warn","time":"2026-09-18T18:08:29.801Z","service":"vantage-main-server","env":"development","msg":"source_lead.update.booking_missing","operation":"call_lead.update","leadModel":"CallLead","leadId":"6aad7e1dedeeb226b25a6af4","bookingId":"6aad7e1dedeeb226b25a6af5"}
✔ booked call lead refreshes attached booking customer and local (24.254ms)
✔ booked form lead refreshes attached booking customer and local (9.0128ms)
✔ unbooked lead keeps source lead sync target (3.6647ms)
✔ stale booking reference falls back to source lead sync (4.7218ms)
✔ mismatched booking reference falls back to source lead sync (3.236ms)
{"level":"warn","time":"2026-09-18T18:08:29.806Z","service":"vantage-main-server","env":"development","msg":"source_lead.update.booking_mismatch","operation":"call_lead.update","leadModel":"CallLead","leadId":"6aad7e1dedeeb226b25a6af6","bookingId":"6aad7e1dedeeb226b25a6af7","bookingLeadModel":"FormLead","bookingLeadId":"6aad7e1dedeeb226b25a6af8"}
✔ V1ServiceError preserves the original (message, statusCode = 400) constructor signature (1.9572ms)
✔ V1ServiceError is an AppError (single instanceof handles both legacy and typed throws) (0.4668ms)
✔ V1ServiceError keeps its historical `name` so existing log filters match (0.2578ms)
✔ V1ServiceError maps its statusCode onto a stable error code for logs (0.3736ms)
✔ parseFloridaCalendarDate stores YYYY-MM-DD as Florida calendar midnight UTC (10.4575ms)
✔ formatFloridaCalendarDate renders stored calendar dates without local timezone drift (3.6845ms)
✔ floridaCalendarToday uses the America/New_York calendar day (2.1479ms)
✔ floridaCalendarDateInputValue returns YYYY-MM-DD in Florida time (0.4143ms)
✔ toFloridaTimestamp stores Eastern daylight time clock components (0.5125ms)
✔ toFloridaTimestamp stores Eastern standard time clock components (0.326ms)
✔ easternDateTimeParts reads America/New_York wall clock in standard and daylight time (3.3144ms)
✔ easternWallClockToUtc maps 8:00 AM Eastern to the matching UTC instant (0.7835ms)
✔ escapeSheetTitleForRange wraps plain titles in single quotes (1.6474ms)
✔ escapeSheetTitleForRange doubles single quotes inside a sheet title (0.4687ms)
✔ escapeSheetTitleForRange preserves whitespace and non-quote punctuation (0.2733ms)
✔ extractRowNumberFromRange parses single-cell updates (0.3576ms)
✔ extractRowNumberFromRange parses appended row ranges (0.2867ms)
✔ extractRowNumberFromRange returns undefined for missing or malformed input (0.2639ms)
✔ generateLeadId returns unique established-format identifiers (3.6584ms)
✔ parseGranotCityState accepts multi-word cities and normalizes state (2.605ms)
✔ Granot location parsing rejects placeholder and malformed values (0.8189ms)
✔ isObjectIdString accepts 24-char hex ids (2.1851ms)
✔ toObjectId parses hex strings (0.8289ms)
✔ toObjectIdOrUndefined maps empty values to undefined (0.3116ms)
✔ job-number-timeline loader does not value-import ObjectId from mongodb (0.9081ms)
✔ newObjectIdHex returns a distinct 24-char hex id (2.0295ms)
✔ normalizePhoneNumberForStorage strips US formatting and leading country code (1.8439ms)
✔ normalizePhoneNumberForStorage preserves unrecognized phone values (0.4425ms)
✔ normalizePhoneNumberForStorage preserves explicit foreign numbers (0.2866ms)
✔ normalizePhoneNumberForMatch keeps existing last-ten-digits matching behavior (0.3284ms)
✔ normalizePhoneNumberForMatch uses full foreign number digits (0.2248ms)
✔ rep promise and customer callback request stay distinct kinds (57.4639ms)
✔ multiple commitments accept an undated action without inventing a due date (3.2945ms)
✔ voicemail with unknown speaker is valid and is not human conversation (1.8947ms)
✔ contact restriction is schema-valid without closing Outreach (3.9187ms)
✔ owner-instruction disagreement cites the exact instruction revision (3.4675ms)
✔ rejects extra operational fields on the envelope and nested objects (5.9002ms)
✔ rejects malformed evidence references (11.8088ms)
✔ rejects unknown finding kinds, duplicate keys, and dangling finding_keys (2.2448ms)
✔ schema validation does not authorize evidence or apply business effects (1.247ms)
✔ enforces document 10 engineering bounds (50.8147ms)
✔ createCallLeadSchema accepts a job_no-only call lead (9.4034ms)
✔ updateFormLeadSchema accepts canonical pickup and delivery cities (3.7358ms)
✔ createCallLeadSchema rejects call leads without phone_number or job_no (2.0464ms)
✔ createBookedLeadFromSourceSchema accepts CallLead booking with only call_job_no (3.5515ms)
✔ createReferralBookingSchema accepts owner-facing referral booking fields (3.1628ms)
✔ createReferralBookingSchema accepts optional customer_phone (0.9785ms)
✔ createBookedLeadFromSourceSchema accepts optional customer contact fields (5.261ms)
✔ createCustomerSchema accepts name-only customers (1.1656ms)
✔ createReferralBookingSchema rejects server-owned referral source fields (1.3153ms)
✔ createLeadlessBookingSchema accepts owner-facing leadless booking fields (4.8273ms)
✔ createLeadlessBookingSchema accepts booking without customer contact fields (0.7397ms)
✔ createLeadlessBookingSchema rejects server-owned leadless flags (0.6119ms)
✔ createBookedLeadSchema accepts FormLead booking by Mongo id without job_no (4.4547ms)
✔ createBookedLeadFromSourceSchema accepts transient CallLead booking phone (0.5518ms)
✔ createBookedLeadFromSourceSchema accepts CallLead booking with only phone on Best Relocation import (0.4298ms)
✔ createBookedLeadFromSourceSchema rejects Owner Call Lead booking with only phone (0.5107ms)
✔ createBookedLeadFromSourceSchema rejects CallLead booking without job or phone (0.4846ms)
✔ createFormLeadSchema does not accept duplicate from clients (3.6029ms)
✔ createFormLeadSchema does not accept bad_lead from clients (0.7218ms)
✔ createFormLeadSchema accepts optional lid from clients (0.7989ms)
✔ createFormLeadSchema accepts Best Relocation UUID identity and sheet flags (2.4015ms)
✔ createFormLeadSchema rejects malformed lid values (0.9695ms)
✔ updateFormLeadSchema accepts duplicate for backfill and admin patches (1.6721ms)
✔ updateFormLeadSchema accepts and clears bad_lead reasons (1.6077ms)
✔ createFormLeadSchema accepts optional wordpress_submission_key (1.2591ms)
✔ createFormLeadSchema defaults post_to_granot to false when omitted (0.51ms)
✔ createFormLeadSchema defaults an omitted or blank ref_no (0.9231ms)
✔ createFormLeadSchema accepts first and last name without name (0.586ms)
✔ createFormLeadSchema rejects payloads without any name fields (0.7626ms)
✔ createFormLeadSchema accepts post_to_granot boolean false (0.5379ms)
✔ createFormLeadSchema accepts post_to_granot string false (0.313ms)
✔ createFormLeadSchema accepts boolean sms_consent (0.8375ms)
✔ createFormLeadSchema coerces string sms_consent values (0.646ms)
✔ createFormLeadSchema accepts typo emails as plain strings (0.3046ms)
✔ createCallLeadSchema does not accept server-owned flags from clients (0.5636ms)
✔ createCallLeadSchema accepts imported qualification flags (0.5376ms)
✔ createCallLeadSchema accepts optional first and last name (0.5818ms)
✔ createCallLeadSchema accepts Best Relocation Inbounds webhook payload (0.7324ms)
✔ bookedCallLeadReconciliationBatchSchema accepts Booked Jobs CRM rows (2.915ms)
✔ CallLead model validates job_no-only identity (24.7221ms)
✔ CallLead model stores form_fill when computed by the service (2.7328ms)
✔ BookedLead model validates phone-only CallLead bookings without job_no (12.4195ms)
✔ BookedLead model validates leadless referral bookings (3.5051ms)
✔ BookedLead model validates leadless bookings without lead linkage (3.3552ms)
✔ BookedLead model still requires lead linkage for non-referral bookings (6.9816ms)
✔ FormLead model stores duplicate quarantine flag (6.0644ms)
✔ FormLead model stores bad_lead enum values (3.2172ms)
✔ FormLead model and update validation support lossless legacy bad-tab provenance (2.731ms)
✔ FormLead model rejects unknown bad_lead values (4.229ms)
✔ FormLead model defaults missing state fields to not_found (2.5537ms)
✔ CallLead model rejects identity-less documents (3.3538ms)
✔ FormLead model accepts receiver_agent provenance fields (4.0528ms)
✔ FormLead model rejects an unknown receiver_agent_source value (3.8023ms)
✔ CallLead model accepts receiver_agent provenance fields (2.3319ms)
✔ updateFormLeadSchema accepts receiver_agent linking fields (0.7421ms)
✔ updateCallLeadSchema accepts receiver_agent linking fields (2.5276ms)
✔ searchFormLeadsSchema accepts typo emails as plain strings (1.2409ms)
✔ searchFormLeadsSchema accepts include_duplicates to search quarantined leads (0.3229ms)
✔ resolveGranotFormLeadSchema keeps provider refs and requires a Granot source (1.0233ms)
✔ granotFormLeadSyncSchema separates the patch from its source precondition (7.5208ms)
✔ browseFormLeadsQuerySchema allows an empty query (view all) with defaults (1.4781ms)
✔ browseFormLeadsQuerySchema accepts a standalone source_company filter (0.4813ms)
✔ browseFormLeadsQuerySchema coerces booked and limit query strings (0.4852ms)
✔ browseFormLeadsQuerySchema rejects unknown keys (0.4329ms)
✔ browseCallLeadsQuerySchema accepts job_no and full-text q (2.9575ms)
✔ [AC-07] [AC-10] public/admin Form create and patch reject internal lifecycle metadata (11.8404ms)
✔ [AC-12] public/admin Call create and patch reject internal lifecycle metadata (7.8016ms)
✔ create and update Form and Call schemas accept optional no_sync (1.9236ms)
✔ [AC-07] ordinary Form create still requires move_size; ordinary Call still requires phone or job_no (0.9055ms)
✔ create and update Cancellation schemas reject client-supplied correlation snapshots (7.1856ms)
✔ reconciliation list query accepts owner_booking origin (6.1577ms)
✔ create-and-attach validates Form Lead fields for its selected model (6.3748ms)
✔ create-and-attach requires Phone or Job Number for a Call Lead (3.4299ms)
✔ [AC-31] foundation activation input is strict and bounded (13.6647ms)
✔ [AC-37] requeue reason is strict 10-500 and rejects unknown keys (3.0002ms)
✔ [AC-35] portion lifecycle error envelopes stay raw-free (0.63ms)
✔ [AC-34] extension apply item requires lowercase UUID v4 and raw statement scalars (6.4119ms)
✔ [AC-02] batch rejects duplicate operation IDs and more than 100 items (2.3393ms)
✔ [AC-23][AC-35][AC-36] discrepancy filters and Owner bodies are strict and revision guarded (10.6176ms)
✔ receipt search query is strict, normalizes identity, and implies booking_status_changed (6.5754ms)
✔ [AC-18] [AC-19] case list query is strict, bounded, and validates date order (4.1871ms)
✔ [AC-35] candidate and timeline queries reject unsafe cursor/contact shapes (3.69ms)
✔ [AC-40] Lead timeline accepts only the exact model union and ObjectId (1.6425ms)
✔ [AC-22] confirm Booking input is strict and validates exact official cents (6.0612ms)
✔ Connect Booking to Lead input is strict and requires selected_lead (4.0825ms)
✔ Connect candidate query allows empty q and rejects unknown keys (2.9679ms)
✔ [AC-28] Referral Booking input accepts only case revision and strict official details (3.7437ms)
✔ [AC-22] confirm Booking accepts one or two unique Agents and rejects a matching secondary (1.5635ms)
✔ [AC-24] update Booking is a strict complete replacement with both revisions (3.6582ms)
✔ [AC-20] Booking No Action reasons are independently optional and strict (2.7317ms)
✔ [AC-25] Confirm Cancellation accepts only strict official fields with exact date and cents (2.7735ms)
✔ lead message admin query applies bounded pagination (9.4494ms)
✔ manual retry requires explicit confirmation (2.0285ms)
✔ Simple CPL validation requires revisions and cents-precise nonnegative amounts (11.0466ms)
✔ Advanced CPL validation accepts only explicit discriminated commands (2.5323ms)
✔ Correction preview validates an inclusive ordered business-date window (2.0894ms)
✔ catalog update accepts Granot username correction with optional reason (9.9352ms)
✔ catalog update rejects reason-only payloads (8.3751ms)
✔ Source Company writes reject embedded granularities and compatibility defaults (5.2615ms)
✔ Source Granularity create requires a first-class company ObjectId (3.4801ms)
✔ Source Granularity update rejects immutable identity fields (2.4426ms)
✔ source activation and resolution preview parse contract fields (2.314ms)
✔ createTariffAdjustmentsSchema accepts two shared-field service rows (12.1633ms)
✔ createTariffAdjustmentsSchema accepts a Linehaul-only payload (0.6632ms)
✔ createTariffAdjustmentsSchema accepts Linehaul plus an owner-written service (0.6318ms)
✔ createTariffAdjustmentsSchema accepts three matching rows (1.3019ms)
✔ createTariffAdjustmentsSchema allows omitted effective_date when all rows omit it (0.7306ms)
✔ createTariffAdjustmentsSchema rejects an empty rows array (4.6391ms)
✔ createTariffAdjustmentsSchema rejects more than 20 rows (1.5722ms)
✔ createTariffAdjustmentsSchema requires at least one Linehaul row (0.5789ms)
✔ createTariffAdjustmentsSchema requires shared fields to match (0.5314ms)
✔ createTariffAdjustmentsSchema rejects three rows with a mismatched pickup_zone (1.1504ms)
✔ createTariffAdjustmentsSchema requires a 5-digit ZIP and a carrier (2.3869ms)
✔ createTariffAdjustmentsSchema rejects a Service and Rule that are not a Drop Downs pair (0.9265ms)
✔ createTariffAdjustmentsSchema rejects customer and job identifiers (3.6314ms)
ℹ tests 2506
ℹ suites 13
ℹ pass 2392
ℹ fail 0
ℹ cancelled 0
ℹ skipped 114
ℹ todo 0
ℹ duration_ms 311105.6302
