
> vantage_movers_server@1.0.0 test C:\Users\Pinda\Proyectos\vantage\vantage-main-server
> node --import tsx --import ./ops/test-setup.ts --test "src/**/*.test.ts" "api/queues/**/*.test.ts" "scripts/api/*.test.ts" "scripts/migrations/cancellation-correlation-snapshots.lib.test.ts" "scripts/migrations/wordpress-form-submission-receipts.lib.test.ts" "scripts/migrations/extension-user-roles-sales-backfill.lib.test.ts" "scripts/migrations/extension-user-roles-array.lib.test.ts" "scripts/migrations/form-lead-unknown-state-local.lib.test.ts" "scripts/prototypes/lead-conversion-and-granot-search/**/*.test.ts" "scripts/prototypes/job-number-timeline/**/*.test.ts"

✔ consumer accepts only { receipt_id } (4.6534ms)
✔ vercel.json registers queue/v2beta topic granot-lifecycle-events* (1.1129ms)
✔ consumer accepts only { job_id } (25.3721ms)
✔ vercel.json registers queue/v2beta topic sales-intelligence-events* (19.0225ms)
✔ loadVantageApiConfig requires VANTAGE_API_SECRET (2.2507ms)
✔ loadVantageApiConfig defaults to production and never echoes the secret (0.5678ms)
✔ production write guard (0.812ms)
✔ buildVantageApiUrl joins path and query (0.6829ms)
✔ historical analysis stamps only surviving Booking job evidence (2.8582ms)
✔ historical analysis leaves missing Booking links as remainder (0.4136ms)
✔ historical analysis does not infer a job from a Booking without job fields (0.2718ms)
✔ already-stamped historical rows are not remainder and are not reapplied (0.2761ms)
✔ inventory summary lists remainder ids only (1.9123ms)
✔ roles-array report maps leftover singular role per spec §3.3 (26.7087ms)
✔ already-has-roles rows do not bump token_version and will not apply (0.9285ms)
✔ roles-array summary counts convert versus already-has-roles (1.0446ms)
✔ sales backfill remaps the three production Employee emails and increments token_version (2.8684ms)
✔ sales backfill is a no-op when those emails are already Sales (0.6913ms)
✔ sales backfill leaves jbell, kylm, and ringram unchanged (1.0617ms)
✔ sales backfill summary counts remap versus leave-alone rows (0.8532ms)
✔ September 2026 window is the Florida-stamped calendar month (3.7832ms)
✔ filter is Form Leads in the month with a not_found state (2.0376ms)
✔ classify marks long_distance unknown-state rows for update (0.5434ms)
✔ classify skips rows that are already local (0.3094ms)
✔ summary counts needs_update versus already_local (0.4755ms)
✔ unique idempotency index is named and unique (3.5976ms)
✔ report-first index inventory names present vs missing (0.7935ms)
✔ CLI unknown flags fail closed (3.0129ms)
✔ CLI production gate (0.7718ms)
✔ CLI render requires --job-no (0.3792ms)
✔ CLI and load stay zero-mutation (1.567ms)
✔ CLI render uses the production module (1.2388ms)
✔ Discover score (36.3512ms)
✔ activity grouping preserves every event id (63.7791ms)
✔ proof notes alias Job Numbers and pick required shapes (17.2545ms)
✔ collection count deltas stay empty when counts match (1.6932ms)
✔ percentile uses the ceiling rank (0.4805ms)
✔ observation Job filter remaps equivalentNormalizedJobFilter onto identity.normalized_job_no (29.2316ms)
✔ successful text is accepted, sent, or delivered (1.7107ms)
✔ conversion rate is zero when the cohort is empty (1.5519ms)
✔ two successful messages for one Lead count once (0.4547ms)
✔ SMS booked rate is booked among successfully texted Leads, not all Leads (0.8506ms)
✔ receiver-agent booked and cancelled both use received Leads as the denominator (0.6407ms)
✔ blank Job Number is rejected before any search (5.5739ms)
✔ Booked / Releas without booking_status_changed is rejected (1.3527ms)
✔ equivalent Job Numbers resolve to the same hit set (28.4764ms)
✔ event class keeps route_event_class, not payload event_type aliases (2.5329ms)
✔ booking_status_changed Booked and Releas are two granularities (1.0633ms)
✔ Priority 5 is not Booked (0.7241ms)
✔ latest Decision attempt only, and commands attach by observation provenance (0.5515ms)
✔ a command on another Job does not leak into this Job's timeline seed (0.4037ms)
✔ matching roles set authenticates even when order differs (1.9644ms)
✔ set mismatch, missing roles, missing version, email drift, inactive, and deleted fail (0.6947ms)
✔ leftover employee stored role matches Sales plus Customer Service claims (0.364ms)
✔ refresh rejects a stale token_version (0.4274ms)
✔ issueTokens writes roles and token_version onto the access token (12.7012ms)
✔ PublicExtensionUser is id, email, and roles (0.6662ms)
✔ getExtensionUserFromAccessToken uses the matcher through an injected lookup (3.7376ms)
✔ access token includes roles and token_version (20.0942ms)
✔ singular role tokens and missing claims fail access verify (4.1001ms)
✔ isAccessTokenPayload requires current roles and numeric token_version (0.4317ms)
✔ refresh token still signs and verifies sub plus token_version (7.634ms)
✔ hasExtensionRole Owner checks pass for Owner unions and fail for Sales plus Customer Service (1.9779ms)
✔ lead sheet headers include booked date on Forms and Calls tabs (2.257ms)
✔ call sheet headers omit owner-hidden descriptive and location columns (0.5362ms)
✔ lead sheet configuration includes duplicate and form fill surfaces (0.3715ms)
✔ source label mapping accepts Granot compact BestRelocation labels (0.5069ms)
✔ top10_leads sheet label is Top 10 Forms while legacy labels still resolve (0.5546ms)
✔ 10 Best inbound labels resolve to tbm_leads (0.3216ms)
✔ GetMovers labels resolve to get_movers_leads (0.3385ms)
✔ Paid Overflow labels resolve to paid_overflow (0.3209ms)
✔ lead sheet source company labels are precise by lead type (0.495ms)
✔ getBookingReconciliationConfig defaults rematch reasons to matching_unavailable and no_match (4.9194ms)
✔ parseBookingReconciliationReasons rejects unknown values (2.8769ms)
✔ getBookingReconciliationConfig reads configured delays and limits (1.1556ms)
{"level":"info","time":"2026-09-18T21:17:10.789Z","service":"vantage-main-server","env":"development","msg":"operations_registry.compatibility_read","observability_level":"info","category":"admin","workflow":"operations_registry"}
{"level":"info","time":"2026-09-18T21:17:30.836Z","service":"vantage-main-server","env":"development","msg":"operations_registry.compatibility_read","observability_level":"info","category":"admin","workflow":"operations_registry"}
{"level":"info","time":"2026-09-18T21:17:50.889Z","service":"vantage-main-server","env":"development","msg":"operations_registry.compatibility_read","observability_level":"info","category":"admin","workflow":"operations_registry"}
{"level":"info","time":"2026-09-18T21:18:10.954Z","service":"vantage-main-server","env":"development","msg":"operations_registry.compatibility_read","observability_level":"info","category":"admin","workflow":"operations_registry"}
✔ simple-rate sources return their configured CPL for both form and call leads (80246.1629ms)
{"level":"info","time":"2026-09-18T21:18:30.995Z","service":"vantage-main-server","env":"development","msg":"operations_registry.compatibility_read","observability_level":"info","category":"admin","workflow":"operations_registry"}
{"level":"info","time":"2026-09-18T21:18:51.060Z","service":"vantage-main-server","env":"development","msg":"operations_registry.compatibility_read","observability_level":"info","category":"admin","workflow":"operations_registry"}
{"level":"info","time":"2026-09-18T21:19:11.146Z","service":"vantage-main-server","env":"development","msg":"operations_registry.compatibility_read","observability_level":"info","category":"admin","workflow":"operations_registry"}
{"level":"info","time":"2026-09-18T21:19:31.190Z","service":"vantage-main-server","env":"development","msg":"operations_registry.compatibility_read","observability_level":"info","category":"admin","workflow":"operations_registry"}
{"level":"info","time":"2026-09-18T21:19:51.196Z","service":"vantage-main-server","env":"development","msg":"operations_registry.compatibility_read","observability_level":"info","category":"admin","workflow":"operations_registry"}
✔ best_relocation_leads splits form CPL by local vs long_distance but not call CPL (100231.0541ms)
✔ not_provided always reports CPL 0 without querying CplRate (30025.0141ms)
{"level":"info","time":"2026-09-18T21:20:41.234Z","service":"vantage-main-server","env":"development","msg":"operations_registry.compatibility_read","observability_level":"info","category":"admin","workflow":"operations_registry"}
{"level":"info","time":"2026-09-18T21:21:01.259Z","service":"vantage-main-server","env":"development","msg":"operations_registry.compatibility_read","observability_level":"info","category":"admin","workflow":"operations_registry"}
{"level":"info","time":"2026-09-18T21:21:21.284Z","service":"vantage-main-server","env":"development","msg":"operations_registry.compatibility_read","observability_level":"info","category":"admin","workflow":"operations_registry"}
✔ legacy source labels are normalized before CPL lookup (60064.4773ms)
{"level":"info","time":"2026-09-18T21:21:41.312Z","service":"vantage-main-server","env":"development","msg":"operations_registry.compatibility_read","observability_level":"info","category":"admin","workflow":"operations_registry"}
{"level":"info","time":"2026-09-18T21:21:51.317Z","service":"vantage-main-server","env":"development","msg":"operations_registry.compatibility_read","observability_level":"info","category":"admin","workflow":"operations_registry"}
✔ falls back to canonical defaults when Mongo is unreachable (20025.1334ms)
✔ missing Redis URL or token returns a null client (3.9703ms)
✔ UPSTASH_* names construct a client and KV_* aliases do too (6.2304ms)
✔ read-only token, KV_URL, and REDIS_URL are not used for the client (3.362ms)
✔ test runner never publishes Daily Operations Redis writes (1.0032ms)
✔ TEST_MODE also keeps Daily Operations Redis publish off (1.3198ms)
✔ missing credentials keep publish off even outside the TEST_MODE flag (0.8025ms)
✔ Redis stream key uses VERCEL_ENV production or preview, otherwise local (0.9192ms)
✔ collection names use the test prefix in the test runner (2.9469ms)
✔ parseEmployeeBookingAutoMatchRules preserves Exact Job Booking Attach order (3.8106ms)
✔ parseEmployeeBookingAutoMatchRules accepts none (0.5607ms)
✔ parseEmployeeBookingAutoMatchRules rejects duplicates (0.9988ms)
✔ parseEmployeeBookingAutoMatchRules rejects retired phone, LID, and email rules (0.5963ms)
✔ getEmployeeBookingMatchingConfig defaults to Exact Job Booking Attach (0.8531ms)
✔ getEmployeeBookingMatchingConfig reads env values (0.6323ms)
✔ snapshotEmployeeBookingAutoMatchPolicy uses parsed config, not a raw env string (0.5956ms)
✔ Google service account env var name constants match the production / test names (1.6442ms)
✔ Google service account env var selectors swap to the *_TEST_* names in test mode (1.0407ms)
✔ completion redirect must match configured trusted admin origin (2.4031ms)
✔ localhost completion redirect is rejected in production (0.5461ms)
✔ production detection follows NODE_ENV and VERCEL_ENV (0.6696ms)
✔ owner email allowlist keeps the primary identity and unions extras (1.9349ms)
✔ owner email allowlist rejects blank or duplicate extras (0.5385ms)
✔ [AC-31] foundation execution mode is historical without activation and permanent before cutoff (1.8833ms)
✔ [AC-31] foundation channel never changes execution mode (0.4197ms)
✔ lifecycle flags default to processing true, shadow true, and all effects false (1.6405ms)
✔ malformed lifecycle flag values fail closed (0.9957ms)
✔ blank Granot webhook secret is treated as missing configuration (2.6297ms)
✔ lifecycle queue topic is environment scoped (0.9312ms)
✔ lifecycle queue publishing stays off in the test runner and unapproved environments (0.9337ms)
✔ lead messaging mode defaults invalid and missing values to disabled (2.6621ms)
✔ lead messaging credentials use only definite environment variables (2.0957ms)
✔ lead messaging queue topic is environment scoped and test-safe (0.9012ms)
✔ Granot create-if-missing SMS stays off unless the env flag is an explicit boolean true (2.274ms)
✔ quiet-hours scheduling is off unless the env flag is exactly true (2.7357ms)
✔ lead messaging abuse guards have safe defaults and env overrides (1.4962ms)
✔ a successful confirmation text is accepted, sent, or delivered (0.5586ms)
✔ observability is disabled inside the test runner even with opt-in flags (4.1787ms)
✔ node test runner disables observability writes even when explicitly allowed (0.9483ms)
✔ bootstrap test runner marker survives env cleanup (1.1138ms)
✔ ALLOW_TEST_OBSERVABILITY is ignored on Vercel runtimes (1.2562ms)
✔ zip-state and auth capture flags are off while observability is disabled (1.1723ms)
✔ node test runner always forces test observability collections (0.9633ms)
✔ write mode parses values while test runner still blocks collection writes (0.8813ms)
✔ collection names follow runtime TEST_MODE by default (0.8705ms)
✔ collection mode production/test override TEST_MODE (0.9702ms)
✔ collection prefix is applied to default names (0.8772ms)
✔ custom collection mode cannot override forced test collections in the test runner (2.3383ms)
✔ event min level and info capture gate persistence (1.1249ms)
✔ owner-visible info events can bypass general info suppression (0.8897ms)
✔ email mode defaults to log_only and immediate levels default to critical (0.9862ms)
✔ owner events parse from csv (0.8152ms)
✔ config validation keeps test collections under custom mode in the test runner (0.9635ms)
✔ Google reporting delivery kill switch is fail-closed (2.0628ms)
✔ Google reporting delivery kill switch accepts only explicit true (0.4143ms)
✔ isTestMode is true only for the literal string 'true' after trim/lowercasing (5.9457ms)
✔ shouldWriteSourceLeadSheets is false by default and only true for the literal 'true' (1.1203ms)
✔ getMongoDatabaseName swaps between the prod and test databases on TEST_MODE (0.8214ms)
✔ getRuntimeSheetContainerEnvVar prefixes TEST_ in test mode and is identity otherwise (1.0053ms)
✔ getRequiredEnv throws when the env var is missing or blank, with the var name in the message (1.3196ms)
✔ sheet container id helpers route through the TEST_-prefixed env var in test mode (0.9336ms)
✔ getSourceLeadSheetContainerId returns undefined for not_provided (no source sheet env var) (0.231ms)
✔ getSourceLeadSheetContainerId returns undefined for paid_overflow (Master Sheets only) (0.2098ms)
✔ getSheetSyncMode defaults to legacy and parses known values (3.0434ms)
✔ queue topic is env-scoped and overridable (1.1014ms)
✔ budgets default below documented Google limits and parse overrides (2.7093ms)
✔ drain guardrails default to fast queue draining and parse overrides (0.9617ms)
✔ shouldPublishSheetSyncQueue stays off outside production Vercel (1.0313ms)
✔ isVercelFunctionRuntimeEnv requires hosted runtime markers (0.8605ms)
✔ shouldPublishSheetSyncQueue is always off during the test runner (1.1582ms)
✔ shouldPublishSheetSyncQueue keeps test runner guard after env cleanup (0.8227ms)
✔ coalescing keys follow the design doc shape (0.9799ms)
✔ delete resources supersede their matching upsert keys (1.1188ms)
✔ priority ordering: deletes > booking > cancellation > create > update (0.6802ms)
✔ maps Initial Price cubic feet onto the Drop Downs Linehaul ranges (2.6138ms)
✔ treats Binding Estimate Fee as automatic, not an owner dropdown (0.5751ms)
✔ rules for a Service stay inside that Service (1.519ms)
{"level":"info","time":"2026-09-18T21:16:51.753Z","service":"vantage-main-server","env":"development","msg":"logger.test.circular","data":{"name":"ring","self":"[Circular]"}}
✔ logger does not throw when an object passed to info() contains a circular reference (3.5408ms)
✔ logger does not throw when an object passed to info() contains BigInt values (0.4611ms)
✔ logger does not throw when err key is a non-Error value (0.7178ms)
✔ logger does not throw when given undefined or null payloads (0.4123ms)
✔ logger exposes the pino API the codebase relies on (0.3473ms)
{"level":"info","time":"2026-09-18T21:16:51.756Z","service":"vantage-main-server","env":"development","msg":"logger.test.bigint","pos":1234567890123456789,"neg":-9876543210123456789}
{"level":"error","time":"2026-09-18T21:16:51.757Z","service":"vantage-main-server","env":"development","err":"plain string error","msg":"logger.test.string_err"}
{"level":"error","time":"2026-09-18T21:16:51.757Z","service":"vantage-main-server","env":"development","err":{"code":"E_BAD","details":{"a":1}},"msg":"logger.test.object_err"}
{"level":"error","time":"2026-09-18T21:16:51.757Z","service":"vantage-main-server","env":"development","err":null,"msg":"logger.test.null_err"}
{"level":"error","time":"2026-09-18T21:16:51.757Z","service":"vantage-main-server","env":"development","msg":"logger.test.undefined_err"}
{"level":"info","time":"2026-09-18T21:16:51.758Z","service":"vantage-main-server","env":"development","msg":"plain string message"}
{"level":"info","time":"2026-09-18T21:16:51.758Z","service":"vantage-main-server","env":"development","msg":"logger.test.empty"}
{"level":"warn","time":"2026-09-18T21:16:51.758Z","service":"vantage-main-server","env":"development","msg":"logger.test.warn_no_data"}
✔ requireApiSecret accepts the global API secret on any v1 route (4.5426ms)
✔ requireApiSecret accepts a source-scoped key for its configured route (4.1242ms)
✔ requireApiSecret accepts a source-scoped key for configured call lead route (1.7119ms)
✔ requireApiSecret rejects a scoped key on a different route (4.0683ms)
✔ requireApiSecret rejects a scoped key for a different source company (2.5019ms)
✔ requireApiSecret rejects Sales plus Customer Service Bearer on form-lead data routes (16.6207ms)
✔ requireApiSecret allows Sales plus Customer Service Bearer on Tariff Adjustment Submit (0.8983ms)
✔ requireApiSecret rejects Sales-only Bearer on tariff, form-lead, and Enrichment apply routes (1.0583ms)
✔ requireApiSecret allows Customer Service Bearer on Tariff Adjustment Submit (0.7237ms)
✔ requireApiSecret rejects Customer Service Bearer on form-lead data routes (5.585ms)
✔ requireApiSecret allows Owner Bearer on Tariff Adjustment Submit (1.1376ms)
✔ requireApiSecret rejects unknown secrets (33.4652ms)
✔ [AC-01] both valid secrets store header_secret and still validate the body (3.8847ms)
✔ [AC-01] one valid form authenticates; missing, wrong, nonscalar, and mismatched dual secrets do not (0.9148ms)
✔ [AC-01][AC-35] middleware deletes the body credential before 500, 401, and success (1.8903ms)
✔ [AC-01] nonscalar header or body forms are unauthorized and still strip the body key (0.6551ms)
✔ [AC-01][AC-35] delete helper removes the body credential without exposing it (0.6338ms)
✔ [AC-08][AC-12] CallLead defaults quoted/post_to_granot false and has exact provenance paths (29.188ms)
✔ [AC-12] Call quoted and ingested snapshot/origin are immutable after insert (4.8151ms)
✔ [AC-12] new Call rows reject legacy_unknown and malformed provenance (15.6942ms)
✔ [AC-12] CallLead receiver-agent enum gains granot_username_match (15.2209ms)
✔ [AC-07] CallLead declares the three exact S08 indexes and no unique Lead Job index (2.3238ms)
✔ [AC-14] RingCentral original caller evidence is required and immutable (6.5162ms)
✔ CancelledLead persists the four correlation snapshot fields (16.2637ms)
✔ CancelledLead correlation snapshots are immutable after insert (6.8896ms)
✔ CancelledLead snapshot index is named and not auto-unique (1.581ms)
✔ [AC-21] command execution model keeps unique origin/idempotency and command_id indexes (2.5944ms)
✔ [AC-32] origin enum accepts the four command origins and nested applied result (1.5415ms)
✔ [AC-21] legacy top-level refs/warnings derive the stored applied result without rewrite (0.7889ms)
✔ [AC-32] EntityChange model uses the named collection and four exact indexes (8.1725ms)
✔ [AC-32] EntityChange requires adjacent nonnegative revisions and matching changed_paths (68.3209ms)
✔ [AC-32] contact/address and delete fields are reference_only with no raw values (15.5822ms)
✔ [AC-32] EntityChange serialization omits payload, headers, secrets, and unmasked contact (37.2598ms)
✔ [AC-32] EntityChange save and query hooks reject post-insert mutation (11.5452ms)
✔ [AC-10] [AC-11] FormLead declares exact origin, snapshot, job, and provenance paths (48.0368ms)
✔ [AC-03] Form Job Number is distinct from Tracking Reference ref_no (3.2091ms)
✔ [AC-10] ingested Form snapshots and origin are immutable after insert (10.9586ms)
✔ [AC-10] new Form rows cannot use legacy_unknown or legacy_baseline (10.0674ms)
✔ [AC-07][AC-08] trusted Form may omit move size/date without inventing facts (27.8306ms)
✔ [AC-12] FormLead receiver-agent enum gains granot_username_match and keeps compatibility (0.3227ms)
✔ [AC-07] FormLead declares the four exact S08 indexes and no unique Lead Job index (5.0608ms)
✔ [AC-38] GranotAutomationSource declares an optional CRM reference and non-unique lookup index (2.1982ms)
▶ GranotBookingDiscrepancy
  ✔ [AC-26][AC-35][AC-36] fixes Booking reasons and exact partial indexes (2.9392ms)
  ✔ [AC-26][AC-36] rejects Release reasons and unsafe resolved/evidence mutation (24.8692ms)
✔ GranotBookingDiscrepancy (29.8981ms)
▶ GranotBookingReconciliationCase model
  ✔ [AC-20] declares the exact six named indexes and open partial uniqueness (11.0552ms)
  ✔ [AC-18] validates exact defaults, enums, evidence shape, and bounded context (40.9866ms)
  ✔ [AC-20] rejects mutation of existing evidence IDs and every resolved-row write (4.0132ms)
✔ GranotBookingReconciliationCase model (58.5602ms)
✔ GranotCrmSource keeps the operational CSV collection and model name (9.7271ms)
✔ legacy and new rows default to disabled deferred observation-only policy (17.7763ms)
✔ declares the three named lifecycle indexes without removing CSV uniqueness (2.3227ms)
✔ normalized labels use NFKC, trim, collapse, lowercase, and reject empty/control/bidi (1.4105ms)
✔ model writes reject illegal Call/Form/mixed/ambiguous routes (31.7657ms)
✔ referral_booking and deferred reject Lead routes and non-observation policies (12.563ms)
✔ enabled source_scoped_lead requires active same-company matching-channel refs and policy version (1.1269ms)
✔ disabled rows may keep reviewed policy but still reject structurally illegal routes (0.4154ms)
✔ client-supplied normalized labels that disagree with the server fail closed (0.37ms)
✔ [AC-31] Activation model is write-once with a unique key index (5.5315ms)
✔ [AC-31] Activation rejects unknown keys and post-insert mutation (40.0696ms)
✔ [AC-05] Observation model uses the named collection and mongoose name (6.2749ms)
✔ [AC-05][AC-06][AC-25][AC-29] declares exactly six named indexes and unique receipt_id only (3.9614ms)
✔ [AC-05][AC-06][AC-25] frozen Observation enums are not widened (0.4643ms)
✔ [AC-05] Observation documents reject unknown kinds, results, and issue codes (45.9091ms)
✔ [AC-05] Observation documents omit processing, target, policy, and effect fields (4.4931ms)
✔ [AC-05] model save and query hooks reject post-insert Observation mutation (14.5098ms)
✔ [AC-02] receipt keeps the physical collection and mongoose model name (4.2707ms)
✔ [AC-02] declares only the five named Section 9.1 indexes (2.3692ms)
✔ [AC-02] unique operation-id index is partial and payload hash index is never unique (1.2708ms)
✔ [AC-02] webhook receipts require route_event_class and forbid channel_operation_kind (44.417ms)
✔ [AC-02] extension and automation receipts require operation kind and operation id (24.2016ms)
✔ [AC-02] operation-id validation rejects empty, overlong, control, bidi, and wrong-channel shapes (11.4099ms)
✔ [AC-02] last_error.message is capped at 500 characters (16.7677ms)
✔ [AC-02] legacy capture-shaped create is rejected after compatibility retirement (3.1156ms)
✔ [AC-02] model save rejects post-insert evidence mutation (6.8853ms)
✔ [AC-02] query updates reject non-processing operators and evidence paths (1.1629ms)
✔ [AC-02] replace and delete query hooks reject evidence mutation (5.2693ms)
✔ [AC-32] Record Link model declares the three named indexes including partial unique job (5.4035ms)
✔ [AC-32] Record Link establishment defaults and snapshot normalize back to the Job Number (17.9472ms)
✔ [AC-23][AC-32] disputed active links remain lookup-visible and correction supersession is narrowly allowlisted (1.8565ms)
✔ [AC-32] Record Link query hooks reject replace and delete (9.1838ms)
▶ GranotReleaseDiscrepancy
  ✔ [AC-27][AC-35][AC-36] fixes Release reasons and separate indexes (3.2019ms)
  ✔ [AC-27][AC-36] accepts only Release reason rows (24.3177ms)
✔ GranotReleaseDiscrepancy (30.0466ms)
▶ GranotReleaseReconciliationCase model
  ✔ [AC-25][AC-36] requires deterministic Booking identity and declares the five Release indexes (47.3147ms)
  ✔ [AC-35][AC-36] strips forbidden transport fields and enforces revisions plus immutable guards (13.1051ms)
✔ GranotReleaseReconciliationCase model (62.4979ms)
✔ LeadConversation unique recording index is the only unique index (3.6545ms)
✔ LeadConversation schema declares the seven contract indexes (2.2064ms)
✔ LeadConversation validates a complete seeded conversation (20.5314ms)
✔ LeadConversation rejects an invented match method (5.384ms)
✔ LeadMessage validates normalized FormLead relationship and message snapshot (26.0051ms)
✔ LeadMessage unique SID index excludes unsent documents (0.9346ms)
✔ LeadMessage rejects unsupported lifecycle states (4.1026ms)
✔ LeadMessageRateLimit validates atomic reservation buckets (10.7805ms)
✔ RingCentral assignments enforce one active assignment per route with a supported partial index (3.5587ms)
✔ [AC-02] Decision model uses the named collection and four named indexes (6.7618ms)
✔ [AC-02] Decision defaults empty arrays and rejects invented outcomes (25.7164ms)
✔ [AC-02] Decision documents omit copied contact and payload fields (3.3484ms)
✔ [AC-28] Referral Decision preserves exact reviewed source policy without a Lead Source Scope (11.5175ms)
✔ [AC-02] Decision save and query hooks reject post-insert mutation (7.0498ms)
✔ [AC-21] all four aggregates default to nonnegative integer domain_revision 0 (108.0337ms)
✔ [AC-21] invalid revisions and one-sided last-change metadata fail validation (55.9933ms)
✔ [AC-21] __v is not the lifecycle revision contract (8.0336ms)
✔ [AC-32] genuinely new aggregates receive a server history boundary and ignore client supply (1.7437ms)
✔ [AC-32] change_history_started_at is write-once outside the migration seam (14.7981ms)
✔ [AC-32] existing public/admin DTOs cannot set lifecycle revision metadata (50.5886ms)
✔ [AC-21] Booking unique normalized-Job index is named and is not a unique Lead Job index (2.6532ms)
✔ [AC-32] historical schemas remain readable and do not gain revision fields (0.5369ms)
✔ booking reconciliation cron requires CRON_SECRET (75.4894ms)
✔ booking reconciliation cron rejects wrong secret (9.4548ms)
✔ Owner can read the conversation list without transcript text (97.7435ms)
✔ by-lead list does not include transcript or summary text (15.4495ms)
✔ Owner detail includes the redacted transcript (14.5823ms)
✔ audio-url writes an audit row and is Owner-only (48.7856ms)
✔ CPL correction drain requires configured cron authentication (173.1912ms)
✔ CPL correction drain rejects an invalid cron secret (52.2431ms)
✔ Owner snapshot includes yesterday_by_now, company zeros, and wordpress_form (74.2235ms)
✔ Admin without Owner is 403 on every Daily Operations method (126.1263ms)
✔ missing API secret is 401 (6.2743ms)
✔ events page is newest-first and forwards cursor, lane, and limit (10.1872ms)
✔ Owner live SSE emits snapshot then Redis event; lane query is ignored (79.8462ms)
✔ Owner live SSE with Last-Event-ID skips snapshot (17.3173ms)
✔ Owner rebuild returns counters-replaced, events not deleted (7.0987ms)
✔ close cron rejects missing secret header and missing CRON_SECRET (86.3112ms)
✔ [AC-33] Form and Call apply routes remain registered on the v1 surface (6.8743ms)
✔ [AC-33] Owner Form apply captures a statement and never a quoted patch (151.5052ms)
✔ [AC-35] Admin, secret, and unauthenticated apply create no receipt (167.1378ms)
✔ [AC-02] strict Zod rejects unknown outer keys, invalid IDs, and booking action on snapshot apply (57.6634ms)
✔ [AC-33] Call enrichment accepts a bounded batch in input order and rejects duplicate operation IDs (15.9958ms)
✔ [AC-33] booked reconciliation permits only booking_action_apply (13.4937ms)
✔ [AC-33] no extension apply path imports or invokes the legacy patch services (0.759ms)
✔ [AC-35] validation errors omit raw statement values (6.8363ms)
✔ Owner can list Extension Users (172.1592ms)
✔ Admin cannot list, create, PATCH, or DELETE Extension Users (154.8531ms)
✔ Owner can create an Extension User with roles (11.2463ms)
✔ Owner cannot create an Extension User with empty roles or leftover employee (107.3723ms)
✔ create rejects an invalid payload and a duplicate email (94.4725ms)
✔ Owner can PATCH and DELETE an Extension User (33.8176ms)
✔ PATCH treats an empty password as omitted and requires another field (53.5771ms)
✔ unknown Extension User id is 404 and invalid ObjectId is 400 (145.1756ms)
✔ Granot automation exposes the durable admin run contract (1.8976ms)
✔ Granot run schema carries immutable plan and durable control fields (16.4479ms)
✔ Granot source catalog persists exact labels and ships all requested defaults (2.1322ms)
✔ Granot source schema requires one or two unique supported workflows (4.6191ms)
✔ [AC-35] run details project lifecycle receipt IDs without raw statements or payloads (17.0803ms)
✔ Granot queue contention defers to a durable continuation (31.825ms)
✔ [AC-38] Granot CRM source update accepts create_if_missing and rejects client normalized labels (17.112ms)
✔ [AC-38] Granot CRM source mutations require a 10-1000 character reason (2.0588ms)
✔ [AC-38] Registry projections and update schemas omit payload and contact fields (0.717ms)
✔ Owner Granot create schema accepts one_feed intent and rejects unknown keys (5.4646ms)
✔ Owner Granot create schema rejects a short reason and raw lifecycle fields (1.5906ms)
✔ outbound SMS Owner schema no longer accepts daily_cap (1.4059ms)
✔ [AC-37] Owner requeue route returns 200 {ok:true,data} (203.7691ms)
✔ [AC-37] Admin without Owner cannot requeue (44.9511ms)
✔ [AC-37] invalid requeue body is GRANOT_VALIDATION_FAILED (10.9776ms)
✔ [AC-18] [AC-19] read list applies the exact default queue for Owner/Admin (44.315ms)
✔ [AC-25][AC-35] read list forwards the explicit Release discriminants (8.4704ms)
✔ [AC-35] unsigned lifecycle reads are denied before projection (5.099ms)
✔ [AC-35] strict case filters reject unknown keys with a safe 400 (8.1032ms)
✔ [AC-35] [AC-39] case detail has safe 404 and exact read envelope (62.7335ms)
✔ creating observation is Owner-only and returns the Booked statement for a booking case (52.1853ms)
✔ creating observation returns the Release statement for a cancellation intake (5.3145ms)
✔ [AC-35] candidate browser is Owner-only for source and all scope and performs a read (28.2338ms)
✔ [AC-40] Lead timeline validates model/ID and preserves generic missing Lead envelope (10.4748ms)
✔ [AC-20] Job timeline is readable by Admin and strictly bounds pagination (44.9266ms)
✔ [AC-35][AC-36] discrepancy list/detail are signed reads with strict filters (51.4975ms)
{"level":"info","time":"2026-09-18T21:17:21.924Z","service":"vantage-main-server","env":"development","msg":"granot_lifecycle.owner_command.applied","observability_level":"info","category":"admin","workflow":"granot_lifecycle"}
{"level":"info","time":"2026-09-18T21:17:22.001Z","service":"vantage-main-server","env":"development","msg":"granot_lifecycle.owner_command.applied","observability_level":"info","category":"admin","workflow":"granot_lifecycle"}
{"level":"info","time":"2026-09-18T21:17:22.002Z","service":"vantage-main-server","env":"development","msg":"granot_lifecycle.booking_discrepancy.resolved","observability_level":"info","category":"admin","workflow":"granot_lifecycle"}
{"level":"info","time":"2026-09-18T21:17:22.062Z","service":"vantage-main-server","env":"development","msg":"granot_lifecycle.owner_command.applied","observability_level":"info","category":"admin","workflow":"granot_lifecycle"}
{"level":"info","time":"2026-09-18T21:17:22.063Z","service":"vantage-main-server","env":"development","msg":"granot_lifecycle.booking_discrepancy.resolved","observability_level":"info","category":"admin","workflow":"granot_lifecycle"}
✔ [AC-23][AC-36] discrepancy commands are Owner-only, strict, and route-own identity (242.8703ms)
{"level":"info","time":"2026-09-18T21:17:22.074Z","service":"vantage-main-server","env":"development","msg":"granot_lifecycle.owner_command.applied","observability_level":"info","category":"admin","workflow":"granot_lifecycle"}
{"level":"info","time":"2026-09-18T21:17:22.074Z","service":"vantage-main-server","env":"development","msg":"granot_lifecycle.booking_case.resolved","observability_level":"info","category":"admin","workflow":"granot_lifecycle"}
✔ [AC-21] [AC-22] Owner confirm route requires one idempotency header and returns 201 (16.0844ms)
✔ [AC-22] Admin cannot invoke confirm Booking (4.4492ms)
{"level":"info","time":"2026-09-18T21:17:22.130Z","service":"vantage-main-server","env":"development","msg":"granot_lifecycle.owner_command.applied","observability_level":"info","category":"admin","workflow":"granot_lifecycle"}
{"level":"info","time":"2026-09-18T21:17:22.131Z","service":"vantage-main-server","env":"development","msg":"granot_lifecycle.booking_case.resolved","observability_level":"info","category":"admin","workflow":"granot_lifecycle"}
✔ [AC-21] [AC-24] Owner update route is strict, idempotent-envelope only, and returns 200 (76.2127ms)
{"level":"info","time":"2026-09-18T21:17:22.220Z","service":"vantage-main-server","env":"development","msg":"granot_lifecycle.owner_command.applied","observability_level":"info","category":"admin","workflow":"granot_lifecycle"}
{"level":"info","time":"2026-09-18T21:17:22.233Z","service":"vantage-main-server","env":"development","msg":"granot_lifecycle.booking_case.resolved","observability_level":"info","category":"admin","workflow":"granot_lifecycle"}
✔ [AC-28] Owner Referral create route accepts only revision plus official fields (102.46ms)
{"level":"info","time":"2026-09-18T21:17:22.279Z","service":"vantage-main-server","env":"development","msg":"granot_lifecycle.owner_command.applied","observability_level":"info","category":"admin","workflow":"granot_lifecycle"}
{"level":"info","time":"2026-09-18T21:17:22.280Z","service":"vantage-main-server","env":"development","msg":"granot_lifecycle.booking_case.resolved","observability_level":"info","category":"admin","workflow":"granot_lifecycle"}
✔ [AC-20] [AC-32] Owner No Action accepts optional reason metadata and Admin is denied (29.4398ms)
{"level":"info","time":"2026-09-18T21:17:22.304Z","service":"vantage-main-server","env":"development","msg":"granot_lifecycle.owner_command.applied","observability_level":"info","category":"admin","workflow":"granot_lifecycle"}
{"level":"info","time":"2026-09-18T21:17:22.305Z","service":"vantage-main-server","env":"development","msg":"granot_lifecycle.booking_case.resolved","observability_level":"info","category":"admin","workflow":"granot_lifecycle"}
{"level":"warn","time":"2026-09-18T21:17:22.311Z","service":"vantage-main-server","env":"development","msg":"granot_lifecycle.owner_command.conflict","observability_level":"warn","category":"admin","workflow":"granot_lifecycle"}
{"level":"warn","time":"2026-09-18T21:17:22.346Z","service":"vantage-main-server","env":"development","msg":"granot_lifecycle.owner_command.conflict","observability_level":"warn","category":"admin","workflow":"granot_lifecycle"}
✔ [AC-R9] Owner booking-case confirm-cancellation succeeds and rejects create-missing posture (169.7331ms)
{"level":"info","time":"2026-09-18T21:17:22.472Z","service":"vantage-main-server","env":"development","msg":"granot_lifecycle.owner_command.applied","observability_level":"info","category":"admin","workflow":"granot_lifecycle"}
{"level":"info","time":"2026-09-18T21:17:22.472Z","service":"vantage-main-server","env":"development","msg":"granot_lifecycle.release_case.resolved","observability_level":"info","category":"admin","workflow":"granot_lifecycle"}
{"level":"info","time":"2026-09-18T21:17:22.499Z","service":"vantage-main-server","env":"development","msg":"granot_lifecycle.owner_command.applied","observability_level":"info","category":"admin","workflow":"granot_lifecycle"}
{"level":"info","time":"2026-09-18T21:17:22.499Z","service":"vantage-main-server","env":"development","msg":"granot_lifecycle.release_case.resolved","observability_level":"info","category":"admin","workflow":"granot_lifecycle"}
{"level":"info","time":"2026-09-18T21:17:22.564Z","service":"vantage-main-server","env":"development","msg":"granot_lifecycle.owner_command.applied","observability_level":"info","category":"admin","workflow":"granot_lifecycle"}
{"level":"info","time":"2026-09-18T21:17:22.564Z","service":"vantage-main-server","env":"development","msg":"granot_lifecycle.release_case.resolved","observability_level":"info","category":"admin","workflow":"granot_lifecycle"}
✔ [AC-25] [AC-32] Release Owner routes are strict, idempotent, and use exact statuses (134.4784ms)
✔ Owner can search webhook receipts; Admin cannot; unsigned is denied (46.3518ms)
✔ receipt search booking_action=release with lead_created is 400; booking_action alone implies booking_status_changed (33.523ms)
✔ Owner can open the live webhook SSE stream; Admin cannot (15.1457ms)
✔ [AC-31][AC-35] Owner and Admin can read the health envelope without raw payload keys (58.1134ms)
✔ returns 500 when CRON_SECRET is not configured (73.6003ms)
✔ returns 401 when the secret does not match (11.08ms)
{"level":"info","time":"2026-09-18T21:17:21.493Z","service":"vantage-main-server","env":"development","msg":"granot_lifecycle.cron.run.completed","trigger":"cron","skipped":false,"scanned":1,"claimed":1,"completed":1,"retried":0,"dead_lettered":0,"recovered":0,"lease_lost":0}
{"level":"info","time":"2026-09-18T21:17:21.495Z","service":"vantage-main-server","env":"development","msg":"granot_lifecycle.cron.run.completed","observability_level":"info","category":"cron","workflow":"granot_lifecycle"}
✔ processing-enabled cron returns a bounded summary and no payload values (14.6876ms)
✔ vercel.json registers the five-minute lifecycle drain cron (4.1848ms)
✔ [AC-01] missing configuration returns 500 and reaches neither capture nor publisher (125.4359ms)
✔ [AC-01] missing, wrong, nonscalar, and mismatched dual secrets return exact 401 and create no receipt (121.6652ms)
✔ [AC-01][AC-35] JSON body, form body, and header secrets authenticate and strip the credential before capture (44.3736ms)
✔ [AC-01] both valid secrets attach header_secret after the body is also validated (27.1771ms)
✔ [AC-02] unused Granot field additions or omissions are captured as-is and still return 202 (27.9809ms)
✔ [AC-02] capture happens before 202 and uses the invoked route class (36.5078ms)
{"level":"error","time":"2026-09-18T21:17:19.490Z","service":"vantage-main-server","env":"development","msg":"granot_lifecycle.capture.failed","error_code":"technical_failure","observation_channel":"granot_webhook","route_event_class":"priority_updated"}
{"level":"error","time":"2026-09-18T21:17:19.492Z","service":"vantage-main-server","env":"development","msg":"granot_lifecycle.capture.failed","observability_level":"error","category":"mongo","workflow":"granot_lifecycle_capture"}
✔ [AC-01] capture failure returns safe 503, creates no publish, and stays distinct from queue failure (12.2709ms)
{"level":"error","time":"2026-09-18T21:17:19.521Z","service":"vantage-main-server","env":"development","msg":"granot_lifecycle.queue.publish_failed","error_code":"technical_failure","receipt_id":"rece…pt-2","observation_channel":"granot_webhook","route_event_class":"lead_created"}
✔ [AC-02] publish failure cannot change 202 or the accepted receipt (29.7228ms)
✔ Owner Job Number timeline read returns the assembler DTO (194.3574ms)
✔ Admin cannot read the owner Job Number timeline (11.9371ms)
✔ typed miss returns not_found without an event list (10.9786ms)
✔ Owner recent official booking examples return only Job Numbers (26.5999ms)
{"level":"error","time":"2026-09-18T21:17:21.525Z","service":"vantage-main-server","env":"development","err":{"type":"Error","message":"mongo connection string leaked","stack":"Error: mongo connection string leaked\n    at read (C:\\Users\\Pinda\\Proyectos\\vantage\\vantage-main-server\\src\\routes\\job-number-timeline-admin.routes.test.ts:205:15)\n    at <anonymous> (C:\\Users\\Pinda\\Proyectos\\vantage\\vantage-main-server\\src\\routes\\job-number-timeline-admin.routes.ts:85:26)\n    at process.processTicksAndRejections (node:internal/process/task_queues:104:5)"},"request_id":"req-jnt-1789766241482","msg":"job-number-timeline.admin.unhandled"}
✔ unhandled timeline read failure does not echo error.message (69.5799ms)
✔ Admin cannot read recent official booking examples (11.8831ms)
✔ lead-source-setups schema rejects unknown keys and derived internals (29.0958ms)
✔ lead-source-setups schema requires a 10-1000 character reason (1.7198ms)
✔ projection query schemas reject unknown keys (2.0688ms)
✔ error envelope parity uses RegistryError.toHttpBody and Zod unrecognized keys (2.7875ms)
✔ returns 500 when CRON_SECRET is not configured (66.4771ms)
✔ returns 401 when the cron secret does not match (12.4436ms)
✔ accepts the x-cron-secret header (9.6052ms)
✔ [AC-17] a disabled Call Log sync never claims the lease (38.0421ms)
✔ [AC-17] lease contention is a bounded skip, not an HTTP 500 (33.8648ms)
✔ [AC-17] a successful run returns the bounded lease/cursor summary (38.7448ms)
{"level":"error","time":"2026-09-18T21:17:22.061Z","service":"vantage-main-server","env":"development","msg":"ringcentral.cron.call_log_sync.failed","errorName":"Error"}
✔ [AC-17] a genuine failure stays safe and non-sensitive (9.4268ms)
✔ [AC-17] vercel.json schedules the Call Log sync every 30 minutes (2.6004ms)
✔ CSI-04 admin routes: Owner guard, flag-off 404, scope, validation, idempotency, error mapping; reads never call a writer (668.6191ms)
✔ admin router is mounted in v1.routes.ts after the CSI boundary router (1.5544ms)
✔ real v1 guard + CSI boundary keeps Owner and scoped service authority separate (527.1953ms)
✔ CSI cron routes: cron auth, flag-off and lease_held skips, never a provider body (459.9149ms)
{"level":"error","time":"2026-09-18T21:17:30.719Z","service":"vantage-main-server","env":"development","msg":"sales_intelligence.cron.call_log_reconcile.failed","errorName":"Error"}
✔ CSI cron routes: a throwing service maps to a bounded 500 without provider content (47.0357ms)
✔ vercel.json registers the CSI-03 crons and the queue consumer trigger (a handler file alone is not registration) (1.1044ms)
✔ app.ts mounts the CSI cron router before the v1 guard like the other cron routers (11.0382ms)
✔ returns 500 when CRON_SECRET is not configured (83.7203ms)
✔ returns 401 when the secret does not match (9.5261ms)
✔ skips the drain (no DB work) when mode is not queued (10.3454ms)
✔ accepts a bearer token matching CRON_SECRET (8.7007ms)
✔ source label mapping create rejects unknown keys (5.3894ms)
✔ source label mapping create rejects a client-supplied normalized_label (1.1884ms)
✔ source label mapping mutations require a 10-1000 character reason (4.5927ms)
✔ label resolution preview rejects unknown keys and is read-only shape (1.724ms)
✔ error envelope parity uses RegistryError.toHttpBody and Zod unrecognized keys (2.449ms)
{"level":"info","time":"2026-09-18T21:17:26.812Z","service":"vantage-main-server","env":"development","msg":"tariff_adjustment.append.succeeded","actor_kind":"user","actor_role":"owner","actor_email":"owner@example.invalid","appended":2,"tab_name":"Master"}
✔ Owner can append two Tariff Adjustment rows (207.9794ms)
{"level":"info","time":"2026-09-18T21:17:26.856Z","service":"vantage-main-server","env":"development","msg":"tariff_adjustment.append.succeeded","actor_kind":"user","actor_role":"sales+customer_service","actor_email":"employee@example.invalid","appended":2,"tab_name":"Master"}
✔ Employee can append two Tariff Adjustment rows (15.0503ms)
{"level":"info","time":"2026-09-18T21:17:26.866Z","service":"vantage-main-server","env":"development","msg":"tariff_adjustment.append.succeeded","actor_kind":"user","actor_role":"customer_service","actor_email":"customer_service@example.invalid","appended":2,"tab_name":"Master"}
✔ Customer Service can append two Tariff Adjustment rows (8.3864ms)
{"level":"info","time":"2026-09-18T21:17:26.874Z","service":"vantage-main-server","env":"development","msg":"tariff_adjustment.append.succeeded","actor_kind":"secret","appended":2,"tab_name":"Master"}
✔ x-api-secret actors can append two Tariff Adjustment rows (7.1992ms)
{"level":"warn","time":"2026-09-18T21:17:26.882Z","service":"vantage-main-server","env":"development","msg":"tariff_adjustment.append.failed","actor_kind":"user","actor_role":"sales+customer_service","actor_email":"employee@example.invalid","error":"[\n  {\n    \"code\": \"unrecognized_keys\",\n    \"keys\": [\n      \"job_no\"\n    ],\n    \"path\": [],\n    \"message\": \"Unrecognized key: \\\"job_no\\\"\"\n  }\n]"}
✔ rejects customer and job identifiers (9.1665ms)
{"level":"info","time":"2026-09-18T21:17:26.892Z","service":"vantage-main-server","env":"development","msg":"tariff_adjustment.append.succeeded","actor_kind":"user","actor_role":"owner","actor_email":"owner@example.invalid","appended":2,"tab_name":"Master"}
✔ stamps today's date when effective_date is omitted (7.592ms)
{"level":"info","time":"2026-09-18T21:17:26.917Z","service":"vantage-main-server","env":"development","msg":"tariff_adjustment.append.succeeded","actor_kind":"user","actor_role":"owner","actor_email":"owner@example.invalid","appended":1,"tab_name":"Master"}
✔ Owner can append a Linehaul-only payload (43.9577ms)
{"level":"info","time":"2026-09-18T21:17:26.945Z","service":"vantage-main-server","env":"development","msg":"tariff_adjustment.append.succeeded","actor_kind":"user","actor_role":"owner","actor_email":"owner@example.invalid","appended":2,"tab_name":"Master"}
✔ Owner can append Linehaul plus an owner-written service (9.7827ms)
{"level":"info","time":"2026-09-18T21:17:26.957Z","service":"vantage-main-server","env":"development","msg":"tariff_adjustment.append.succeeded","actor_kind":"user","actor_role":"owner","actor_email":"owner@example.invalid","appended":3,"tab_name":"Master"}
✔ Owner can append three matching rows (9.5853ms)
{"level":"warn","time":"2026-09-18T21:17:26.965Z","service":"vantage-main-server","env":"development","msg":"tariff_adjustment.append.failed","actor_kind":"user","actor_role":"owner","actor_email":"owner@example.invalid","error":"[\n  {\n    \"origin\": \"array\",\n    \"code\": \"too_small\",\n    \"minimum\": 1,\n    \"inclusive\": true,\n    \"path\": [\n      \"rows\"\n    ],\n    \"message\": \"Too small: expected array to have >=1 items\"\n  },\n  {\n    \"code\": \"custom\",\n    \"path\": [\n      \"rows\"\n    ],\n    \"message\": \"rows must include at least one Linehaul\"\n  }\n]"}
✔ rejects an empty rows array (7.4446ms)
{"level":"warn","time":"2026-09-18T21:17:26.971Z","service":"vantage-main-server","env":"development","msg":"tariff_adjustment.append.failed","actor_kind":"user","actor_role":"owner","actor_email":"owner@example.invalid","error":"[\n  {\n    \"code\": \"custom\",\n    \"path\": [\n      \"rows\"\n    ],\n    \"message\": \"rows must include at least one Linehaul\"\n  }\n]"}
✔ rejects a payload with no Linehaul row (6.1208ms)
{"level":"warn","time":"2026-09-18T21:17:26.978Z","service":"vantage-main-server","env":"development","msg":"tariff_adjustment.append.failed","actor_kind":"user","actor_role":"owner","actor_email":"owner@example.invalid","error":"[\n  {\n    \"code\": \"custom\",\n    \"path\": [\n      \"rows\"\n    ],\n    \"message\": \"pickup_zone must be identical on all Tariff Adjustment rows\"\n  }\n]"}
✔ rejects three rows with a mismatched pickup_zone (6.0536ms)
✔ Operations Registry entities expose complete lifecycle CRUD surfaces (3.9112ms)
✔ GET /api/v1/admin/agents is browse only — catalog list is /catalog/agents (0.73ms)
✔ admin analytics receiver-agent reports have GET routes (0.5629ms)
✔ Owner Extension User routes are registered (0.8472ms)
✔ Owner conversation read routes are registered (0.698ms)
✔ employee booking reconciliation routes are registered (0.5875ms)
✔ Tariff Adjustment Submit route is registered (0.8188ms)
✔ Granot form-lead resolution route is registered before the id route (5.6284ms)
✔ Granot sync expected filter enforces fill-only and empty receiver fields (22.888ms)
✔ Lead Source projection and setup routes are registered next to overview (1.2168ms)
✔ legacy CPL rates remain read-only after temporal schedule cutover (0.5558ms)
✔ temporal CPL schedule and correction routes are registered (1.0561ms)
✔ admin browse builds filters, pagination, sorting, and response shape (19.7999ms)
✔ admin form lead browse q includes snapshot contact paths (2.2635ms)
✔ admin form lead browse name email and phone include snapshot paths (2.1511ms)
✔ admin duplicate form lead browse uses the same contact paths (1.7592ms)
✔ admin form lead browse excludes duplicates by default (1.5447ms)
✔ admin form lead browse filters past move dates relative to timestamp (1.8582ms)
✔ admin form lead browse can invert the past move date filter (1.2771ms)
✔ admin form lead browse filters receiver agent by ObjectId equality (3.2741ms)
✔ admin form lead browse matches source_granularity_key exactly and does not substring-match source_company (10.3678ms)
✔ admin form lead browse still accepts source_company as bookmark compatibility (1.9784ms)
✔ admin booked lead browse filters source company slugs on the source field (2.4297ms)
✔ admin booked lead browse resolves legacy source company labels onto source (1.0047ms)
✔ admin booked lead browse filters leadless bookings (1.1007ms)
✔ admin agents browse returns metrics for list rows (2.6625ms)
✔ admin agents browse applies date range to booked lead metrics (2.6125ms)
✔ admin agents browse matches catalog names case-insensitively (15.3316ms)
✔ admin agents browse matches allocations on normalized_name when display name differs (11.5268ms)
✔ admin agents browse returns zero metric fields for agents without bookings (1.5675ms)
✔ admin form lead browse can filter to duplicates only (1.4636ms)
✔ admin call lead browse q and phone include snapshot contact paths (1.81ms)
✔ admin call lead browse Manual attach filters (name/email/phone without q) include snapshot paths (1.4395ms)
✔ admin call lead browse excludes duplicates by default (0.8267ms)
✔ admin call lead browse can filter to duplicates only (0.7021ms)
✔ admin form lead browse no_sync true is exact true, not presence (0.9451ms)
✔ admin form lead browse no_sync false uses $ne true so missing-field rows count (0.9849ms)
✔ admin form lead browse omit does not mention no_sync (0.8022ms)
✔ admin call lead browse no_sync true is exact true, not presence (0.9059ms)
✔ admin call lead browse no_sync false uses $ne true so missing-field rows count (0.9297ms)
✔ admin call lead browse omit does not mention no_sync (0.9183ms)
✔ admin detail lookup returns normalized production record (2.0654ms)
✔ admin agent detail returns metrics consistent with browse enrichment (2.2779ms)
✔ admin historical browse uses historical models and remains read-only (1.1511ms)
✔ global admin search form leads include Granot snapshot contact paths (3.8121ms)
✔ global admin search returns grouped results (1.6174ms)
✔ admin agents export includes booking metric columns (2.0346ms)
✔ admin CSV export uses browse rows and escapes CSV body (1.3486ms)
✔ csv helper emits text/csv-compatible header and rows (0.5193ms)
✔ getAdminFacets production builds a structured catalog from first-class collections (14.9034ms)
✔ getAdminFacets historical builds distinct rows and overlays production identity (6.8207ms)
✔ getAdminFacets historical empty granularity distincts do not fail (1.9101ms)
✔ getAdminFacets combined keeps registry owner_label and historical-only extras (20.9671ms)
✔ registry facets invalidation evicts the production and historical catalog caches (3.2493ms)
✔ getSheetSyncHealth aggregates job counts and derives backlog age (9.727ms)
✔ listSheetSyncJobs builds a filtered, paginated query (2.5293ms)
✔ retrySheetSyncJobs re-queues failed jobs by default and reports the count (3.0884ms)
✔ retrySheetSyncJobs starts an admin drain instead of publishing a queue wake-up (1.182ms)
✔ retrySheetSyncJobs is a no-op when nothing matches (0.6904ms)
✔ agent browse metrics match keys are lowercased strings, not regexes (11.842ms)
✔ agent browse metrics count distinct bookings and take this agent's binder share (2.0633ms)
✔ agent browse metrics date range filters book_date and skips Agent createdAt (2.2646ms)
✔ agent browse metrics omit a date match when from/to are absent (1.6603ms)
✔ lookupAgentBrowseMetrics uses name or normalized_name and returns zeros when unmatched (0.6085ms)
✔ even Binder split uses integer cents and gives the leftover cent to the primary Agent (3.5987ms)
✔ Best Relocation allocation resolves an existing inactive agent (3.4257ms)
✔ primary booking allocation becomes Best Relocation receiver attribution (0.9191ms)
✔ primary booking allocation does not replace existing receiver attribution (0.5919ms)
✔ automatic CRM username receiver matching excludes inactive Agents (3.6874ms)
✔ findAgentByGranotCrmUsername prefers embedded granot_identity username (3.0622ms)
✔ findAgentByGranotCrmUsername never reads the retained flat compatibility field (0.729ms)
✔ CRM username receiver match never overwrites an existing receiver (0.6881ms)
✔ analytics validation accepts report filters and rejects invalid report names (10.748ms)
✔ sourceGranularityMatch filters derived key only and wins over source_company (3.5294ms)
✔ analytics booked lead filters start with a leading date match (1.3339ms)
✔ booked lead source attribution falls back to the employee source snapshot (1.5839ms)
✔ leadMatch matches historical slug options and channel-scoped company slugs (9.0728ms)
✔ combined source analytics merge by stable text dimension instead of ids (2.1525ms)
✔ combined revenue trend merges rows by date period (27.0237ms)
✔ combined source analytics merge parent metrics and keep company-only extras as leaves (3.1681ms)
✔ combined receiver-agent analytics merge production rows and keep historical warning metadata (0.7534ms)
✔ combined SMS conversion merge keeps production rows and historical warning metadata (0.7405ms)
✔ analytics CSV export uses the selected report rows (7.7664ms)
✔ source hierarchy CSV rows emit leaves or a childless company, never both (0.6349ms)
✔ combined hierarchy CSV does not duplicate its production contribution (0.4107ms)
✔ lead cost excludes duplicate form leads and unmatched call leads (30.6272ms)
✔ overviewQuerySchema accepts database_scope (3.4956ms)
✔ rollingLast7DaysWindow spans seven days ending now (0.5024ms)
✔ mergeOverviewAllTime merges combined totals and clears production-only lead cost (1.899ms)
✔ mergeOverviewAllTime keeps lead cost for production scope (0.777ms)
✔ mergeOverviewAllTime clears lead cost for historical scope (0.2803ms)
✔ receiver-agent analytics use persisted CPL without rate-period status (8.125ms)
✔ SMS booked rate uses successfully texted Leads as the denominator (2.9228ms)
✔ an empty texted-lead cohort is a zero rate, not missing data (0.5048ms)
✔ historical scope does not read Lead Messages (1.4105ms)
✔ production SMS conversion matches successful statuses and official booked refs (6.0015ms)
✔ source hierarchy uses registry labels and rolls additive child metrics (8.8693ms)
✔ source hierarchy retains unknown granularity in parent totals (0.558ms)
✔ source hierarchy folds normalized company and granularity collisions (0.555ms)
✔ nestSourceCompanyRows seeds catalog children including zeros (1.5227ms)
✔ company-only source rows use domain labels and never create children (0.7484ms)
✔ historical source performance stays company-only without registry data (27.5575ms)
✔ historical funnel recomputes company rates and has no children (6.8665ms)
✔ normalizes observed sheet move sizes into the model enum (3.8526ms)
✔ restores leading zeroes dropped from formatted ZIP cells (0.7185ms)
✔ decodes Google Sheets serial timestamps as owner-facing UTC components (7.9185ms)
✔ call parser accepts a combined Google Sheets serial timestamp (1.7946ms)
✔ parsers preserve source-row provenance and skip formula sentinels (5.3397ms)
✔ duplicate booking jobs collapse into split allocations without doubling deposit (6.1985ms)
✔ plan orders leads, attached booking, and cancellation with response bindings (43.045ms)
✔ refund discovery keeps contradictory LID evidence below auto-cancel threshold (13.0734ms)
✔ live apply refuses to send the secret to an unpinned host (34.945ms)
✔ booking preflight uses filtered admin lookup and skips an existing job (4.5493ms)
✔ call preflight recognizes the route's bare-array response (3.3016ms)
✔ unique Tracking Reference adopts the existing Form Lead and does not create (4.0105ms)
✔ two Form Leads sharing a Tracking Reference become an ambiguous conflict (1.3288ms)
✔ phone + name + same New York day adopts when Tracking Reference misses (4.4554ms)
✔ two phone + name + date Form Leads conflict instead of creating (1.8189ms)
✔ no identity and no phone-name-date match stays a create (0.591ms)
✔ pre-cutoff Form Leads are ignored by phone-name-date adoption (0.6688ms)
✔ canonical adoption remaps remaining creates and leaves receipt outcomes alone (3.5297ms)
✔ Best Relocation import capability requires the Best Relocation source (2.7895ms)
✔ ordinary booking requests do not receive import capability (0.3665ms)
✔ Best Relocation call lookup is source-scoped before mutation (2.1476ms)
✔ Form Lead + id attaches with booking_origin owner_booking and no case (2.488ms)
✔ Owner Call Lead unique job attaches with booking_origin owner_booking (0.8824ms)
✔ Owner Call Lead with no Call Lead row is pending owner_booking no_match (0.6974ms)
✔ Owner Call Lead with two job matches is pending multiple_matches, not a 409 (0.5973ms)
✔ Best Relocation import Call Lead still uses the from-source resolver (0.4757ms)
✔ letter prefixes are equivalent to the same Granot digit core (4.2536ms)
✔ equivalent job filter matches exact, core, and letter-prefixed variants (2.1601ms)
✔ equivalent snapshot filter remaps to the indexed cancellation snapshot field (0.6738ms)
✔ atomic employee Lead claim does not rewrite the existing CPL (5.4307ms)
✔ concurrent booking claims allow only one booking to claim a lead (6.4935ms)
✔ reconciliation mirror can preserve Lead source CPL (0.8895ms)
✔ import Call Lead resolver still 409s when two Call Leads share a job (4.5777ms)
✔ Owner leadless create opens owner_booking case and sets booking_origin (31.414ms)
✔ Best Relocation import leadless keeps external_sheet_ingestion and no booking_origin (3.3327ms)
✔ owner snapshot uses Call phone or customer phone, else not provided (2.1871ms)
✔ evaluateOwnerCallLeadMatch links a unique Call Lead Job Number (4.0207ms)
✔ evaluateOwnerCallLeadMatch is pending multiple_matches for two Call Leads with the same job (0.7178ms)
✔ evaluateOwnerCallLeadMatch is pending no_match when no Call Lead has the job (0.6211ms)
✔ evaluateOwnerCallLeadMatch does not attach on phone of a different Call Lead (1.6679ms)
✔ Owner pending case snapshot fills spec §4.6 fields and origin owner_booking (12.6812ms)
✔ Referral Booking create does not open a Booking Lead Reconciliation Case (2.0084ms)
✔ cancellation snapshots stamp four fields from a surviving Booking (3.1021ms)
✔ cancellation snapshots normalize job_no when Booking normalized field is missing (1.8578ms)
✔ cancellation snapshots stay null without a recoverable Booking job (0.4668ms)
✔ cancellation snapshots refuse silent inference from contact-shaped fields (0.4024ms)
✔ create-path stamp keeps ObjectId lead ref (0.9588ms)
✔ getBookedLeadForCancellation allows explicitly authorized imported leadless booking (61.2578ms)
✔ CancelledLead validates an unresolved employee Booking without Lead metadata (12.1364ms)
✔ active catalog list excludes inactive rows by default (6.2318ms)
✔ agent resolution rejects inactive or unknown names (2.14ms)
✔ agent resolution can include an existing inactive agent (1.128ms)
✔ merchant resolution returns canonical display name (1.0073ms)
✔ list projection keeps cost cents and does not treat them as leaked summary text (8.6207ms)
✔ list projection still rejects a top-level transcript or summary field (1.399ms)
✔ redactTranscript redacts a Luhn-valid card spoken as digit groups plus CVV, expiry, SSN, and routing (3.7826ms)
✔ redactTranscript does not redact a job number, spoken phone, or cubic-feet figure (0.5339ms)
✔ an unvalidated 16-digit sequence that fails Luhn is left alone (0.5409ms)
✔ spoken digit runs of seven or more are redacted without changing existing payment rules (2.4944ms)
✔ parseConversationArtifact splits summary and transcript (3.1794ms)
✔ buildSeededTranscript redacts before the text is stored (14.0445ms)
✔ hasCrmMismatch is true only when the section contradicts CRM (0.7663ms)
✔ Gateway adapter sends configured model, makes one call, keeps timing optional and never logs warnings (4452.7186ms)
✔ Gateway errors do not expose provider bodies and do not internally retry (10.9715ms)
✔ Blob bytes/digest validated and missing billing never becomes estimated actual cost (1.0677ms)
{"level":"info","time":"2026-09-18T21:17:48.261Z","service":"vantage-main-server","env":"development","msg":"operations_registry.compatibility_read","observability_level":"info","category":"admin","workflow":"operations_registry"}
✔ listCplRates seeds any missing slots and returns all 14 rates (9.536ms)
{"level":"info","time":"2026-09-18T21:17:46.627Z","service":"vantage-main-server","env":"development","msg":"crm.form_lead.submit.started","leadId":"6aadaa7a28dcf14725c618df","endpoint":"https://lead.hellomoving.com/LEADSGWHTTP.lidgw?&API_ID=[redacted]&MOVERREF=[redacted]","payload":{"label":"Main Site Forms","firstname":"J***","lastname":"C***","ozip":"sha256:ce6d2151873f","dzip":"sha256:9a1f53dc5d98","email":"j***@example.com","phone1":"***2222","movesize":"2 Bedrooms","movedte":"5/28/2026","notes":"sha256:81da1dce6ae7","leadno":"sha256:7b6d8986d052"}}
✔ submitFormLeadToCrm POSTs to the Granot lead gateway with the urlencoded payload (18.8426ms)
✔ submitFormLeadToCrm reports ok=true with the response body and payload on HTTP 200 (3.9685ms)
✔ submitFormLeadToCrm reports ok=false with response body on HTTP error (5.2073ms)
✔ submitFormLeadToCrm catches network errors and returns ok=false with status 0 and an error message (14.4677ms)
✔ submitFormLeadToCrm forwards companyLabel as the Granot label (9.1307ms)
{"level":"info","time":"2026-09-18T21:17:46.629Z","service":"vantage-main-server","env":"development","msg":"crm.form_lead.submit.started","observability_level":"info","category":"crm","workflow":"crm_submit","source_company":"not_provided","entity_id":"6aadaa7a28dcf14725c618df"}
{"level":"info","time":"2026-09-18T21:17:46.632Z","service":"vantage-main-server","env":"development","msg":"crm.form_lead.submit.completed","leadId":"6aadaa7a28dcf14725c618df","endpoint":"https://lead.hellomoving.com/LEADSGWHTTP.lidgw?&API_ID=[redacted]&MOVERREF=[redacted]","status":200,"responseText":"OK"}
{"level":"info","time":"2026-09-18T21:17:46.632Z","service":"vantage-main-server","env":"development","msg":"crm.form_lead.submit.completed","observability_level":"info","category":"crm","workflow":"crm_submit","source_company":"not_provided","entity_id":"6aadaa7a28dcf14725c618df"}
{"level":"info","time":"2026-09-18T21:17:46.636Z","service":"vantage-main-server","env":"development","msg":"crm.form_lead.submit.started","leadId":"6aadaa7a28dcf14725c618e0","endpoint":"https://lead.hellomoving.com/LEADSGWHTTP.lidgw?&API_ID=[redacted]&MOVERREF=[redacted]","payload":{"label":"Main Site Forms","firstname":"J***","lastname":"C***","ozip":"sha256:ce6d2151873f","dzip":"sha256:9a1f53dc5d98","email":"j***@example.com","phone1":"***2222","movesize":"2 Bedrooms","movedte":"5/28/2026","notes":"sha256:81da1dce6ae7","leadno":"sha256:7b6d8986d052"}}
{"level":"info","time":"2026-09-18T21:17:46.637Z","service":"vantage-main-server","env":"development","msg":"crm.form_lead.submit.started","observability_level":"info","category":"crm","workflow":"crm_submit","source_company":"not_provided","entity_id":"6aadaa7a28dcf14725c618e0"}
{"level":"info","time":"2026-09-18T21:17:46.638Z","service":"vantage-main-server","env":"development","msg":"crm.form_lead.submit.completed","leadId":"6aadaa7a28dcf14725c618e0","endpoint":"https://lead.hellomoving.com/LEADSGWHTTP.lidgw?&API_ID=[redacted]&MOVERREF=[redacted]","status":200,"responseText":"Granot accepted lead 42"}
{"level":"info","time":"2026-09-18T21:17:46.638Z","service":"vantage-main-server","env":"development","msg":"crm.form_lead.submit.completed","observability_level":"info","category":"crm","workflow":"crm_submit","source_company":"not_provided","entity_id":"6aadaa7a28dcf14725c618e0"}
{"level":"info","time":"2026-09-18T21:17:46.640Z","service":"vantage-main-server","env":"development","msg":"crm.form_lead.submit.started","leadId":"6aadaa7a28dcf14725c618e1","endpoint":"https://lead.hellomoving.com/LEADSGWHTTP.lidgw?&API_ID=[redacted]&MOVERREF=[redacted]","payload":{"label":"Main Site Forms","firstname":"J***","lastname":"C***","ozip":"sha256:ce6d2151873f","dzip":"sha256:9a1f53dc5d98","email":"j***@example.com","phone1":"***2222","movesize":"2 Bedrooms","movedte":"5/28/2026","notes":"sha256:81da1dce6ae7","leadno":"sha256:7b6d8986d052"}}
{"level":"info","time":"2026-09-18T21:17:46.641Z","service":"vantage-main-server","env":"development","msg":"crm.form_lead.submit.started","observability_level":"info","category":"crm","workflow":"crm_submit","source_company":"not_provided","entity_id":"6aadaa7a28dcf14725c618e1"}
{"level":"info","time":"2026-09-18T21:17:46.642Z","service":"vantage-main-server","env":"development","msg":"crm.form_lead.submit.http_error","leadId":"6aadaa7a28dcf14725c618e1","endpoint":"https://lead.hellomoving.com/LEADSGWHTTP.lidgw?&API_ID=[redacted]&MOVERREF=[redacted]","status":400,"responseText":"bad request"}
{"level":"error","time":"2026-09-18T21:17:46.642Z","service":"vantage-main-server","env":"development","msg":"crm.form_lead.submit.http_error","observability_level":"error","category":"crm","workflow":"crm_submit","source_company":"not_provided","entity_id":"6aadaa7a28dcf14725c618e1"}
{"level":"info","time":"2026-09-18T21:17:46.647Z","service":"vantage-main-server","env":"development","msg":"crm.form_lead.submit.started","leadId":"6aadaa7a28dcf14725c618e2","endpoint":"https://lead.hellomoving.com/LEADSGWHTTP.lidgw?&API_ID=[redacted]&MOVERREF=[redacted]","payload":{"label":"Main Site Forms","firstname":"J***","lastname":"C***","ozip":"sha256:ce6d2151873f","dzip":"sha256:9a1f53dc5d98","email":"j***@example.com","phone1":"***2222","movesize":"2 Bedrooms","movedte":"5/28/2026","notes":"sha256:81da1dce6ae7","leadno":"sha256:7b6d8986d052"}}
{"level":"info","time":"2026-09-18T21:17:46.647Z","service":"vantage-main-server","env":"development","msg":"crm.form_lead.submit.started","observability_level":"info","category":"crm","workflow":"crm_submit","source_company":"not_provided","entity_id":"6aadaa7a28dcf14725c618e2"}
{"level":"error","time":"2026-09-18T21:17:46.649Z","service":"vantage-main-server","env":"development","err":{"type":"Error","message":"ECONNRESET","stack":"Error: ECONNRESET\n    at <anonymous> (C:\\Users\\Pinda\\Proyectos\\vantage\\vantage-main-server\\src\\services\\crm\\crm.service.test.ts:126:11)\n    at globalThis.fetch (C:\\Users\\Pinda\\Proyectos\\vantage\\vantage-main-server\\src\\services\\crm\\crm.service.test.ts:43:12)\n    at submitFormLeadToCrm (C:\\Users\\Pinda\\Proyectos\\vantage\\vantage-main-server\\src\\services\\crm\\crm.service.ts:74:28)\n    at async TestContext.<anonymous> (C:\\Users\\Pinda\\Proyectos\\vantage\\vantage-main-server\\src\\services\\crm\\crm.service.test.ts:129:18)\n    at async Test.run (node:internal/test_runner/test:1332:7)\n    at async Test.processPendingSubtests (node:internal/test_runner/test:911:7)"},"msg":"crm.form_lead.submit.failed","leadId":"6aadaa7a28dcf14725c618e2","endpoint":"https://lead.hellomoving.com/LEADSGWHTTP.lidgw?&API_ID=[redacted]&MOVERREF=[redacted]","msg":"CRM form lead submission failed"}
{"level":"error","time":"2026-09-18T21:17:46.657Z","service":"vantage-main-server","env":"development","msg":"crm.form_lead.submit.failed","observability_level":"error","category":"crm","workflow":"crm_submit","source_company":"not_provided","entity_id":"6aadaa7a28dcf14725c618e2"}
{"level":"info","time":"2026-09-18T21:17:46.661Z","service":"vantage-main-server","env":"development","msg":"crm.form_lead.submit.started","leadId":"6aadaa7a28dcf14725c618e3","endpoint":"https://lead.hellomoving.com/LEADSGWHTTP.lidgw?&API_ID=[redacted]&MOVERREF=[redacted]","payload":{"label":"BestRelocation","firstname":"J***","lastname":"C***","ozip":"sha256:ce6d2151873f","dzip":"sha256:9a1f53dc5d98","email":"j***@example.com","phone1":"***2222","movesize":"2 Bedrooms","movedte":"5/28/2026","notes":"sha256:81da1dce6ae7","leadno":"sha256:7b6d8986d052"}}
{"level":"info","time":"2026-09-18T21:17:46.661Z","service":"vantage-main-server","env":"development","msg":"crm.form_lead.submit.started","observability_level":"info","category":"crm","workflow":"crm_submit","source_company":"not_provided","entity_id":"6aadaa7a28dcf14725c618e3"}
{"level":"info","time":"2026-09-18T21:17:46.662Z","service":"vantage-main-server","env":"development","msg":"crm.form_lead.submit.completed","leadId":"6aadaa7a28dcf14725c618e3","endpoint":"https://lead.hellomoving.com/LEADSGWHTTP.lidgw?&API_ID=[redacted]&MOVERREF=[redacted]","status":200,"responseText":"OK"}
{"level":"info","time":"2026-09-18T21:17:46.662Z","service":"vantage-main-server","env":"development","msg":"crm.form_lead.submit.completed","observability_level":"info","category":"crm","workflow":"crm_submit","source_company":"not_provided","entity_id":"6aadaa7a28dcf14725c618e3"}
✔ CRM env var name constants are stable and match what is read at module load (4.4996ms)
✔ CRM_FORM_LEAD_ENDPOINT is the Granot lead gateway URL with API_ID and MOVERREF params (0.5531ms)
✔ crmEndpointForLog redacts API_ID and MOVERREF values from the endpoint URL (0.3833ms)
✔ crmEndpointForLog defaults to the module-loaded CRM_FORM_LEAD_ENDPOINT and never leaks credentials (0.3386ms)
✔ splitNameForCrm returns empty firstname and lastname for blank input (3.8873ms)
✔ splitNameForCrm duplicates a single token into firstname and lastname (0.475ms)
✔ splitNameForCrm takes the first and last token for multi-word names (0.416ms)
✔ formatCrmMoveDate preserves the UTC calendar date as unpadded M/D/YYYY (0.4782ms)
✔ buildCrmFormLeadPayload defaults label to CRM_FORM_LEAD_LABEL when blank (8.8974ms)
✔ [AC-03] buildCrmFormLeadPayload uses the provider ref_no as Granot leadno (1.3355ms)
✔ [AC-03] Form Job Number parity does not reinterpret ref_no as CRM leadno (1.4143ms)
✔ [AC-03] buildCrmFormLeadPayload carries lid in notes without using it for identity (1.4647ms)
✔ [AC-03] buildCrmFormLeadPayload leaves leadno blank for the not-provided sentinel (1.0927ms)
✔ buildCrmFormLeadPayload maps lead fields onto the Granot wire shape (4.0587ms)
✔ [AC-08] CRM payload does not invent an absent trusted Granot move date (1.3188ms)
✔ summarizeCrmPayloadForLog masks PII and fingerprints identifiers and locations (33.0917ms)
✔ summarizeCrmPayloadForLog handles blank PII fields without throwing (1.2405ms)
✔ upsertCustomerFromBookingContact matches by phone when provided (3.9474ms)
✔ upsertCustomerFromBookingContact falls back to lead phone when customer phone is blank (1.6725ms)
✔ upsertCustomerFromBookingContact matches by normalized name when phone is absent (1.0896ms)
✔ upsertCustomerFromLead allows name-only leads (1.1032ms)
✔ close sets yesterday status closed when it is still open (3.4549ms)
✔ close is a no-op when yesterday is already closed (0.6924ms)
✔ close also seals older open days, not only yesterday (0.5705ms)
✔ 2026-06-01T03:00:00.000Z maps to the NY day 2026-05-31 (3.5796ms)
✔ first day seed has 24 hourly buckets and known Source Company slugs (2.8779ms)
✔ metric_touches expand hourly.* onto the NY hour and always bump revision (0.6017ms)
✔ already-expanded hourly paths stay as written (0.4992ms)
✔ dotted increments apply onto a seeded day including hourly buckets (4.4736ms)
✔ previousEasternDayKey walks the NY calendar, not UTC midnight (2.7414ms)
✔ florida timestamp bounds are UTC wall-clock of the day key (0.9301ms)
✔ eastern instant bounds start at NY midnight, not UTC midnight (1.0572ms)
✔ sumHourlyThrough is pace 0..currentNyHour, not the full day (0.7855ms)
✔ first open emits snapshot then tails Redis envelopes as event plus metrics (5.3703ms)
✔ valid Last-Event-ID skips snapshot and continues from the cursor (2.0625ms)
✔ invalid Last-Event-ID is treated as first open and emits snapshot (1.5468ms)
✔ missing Redis uses Mongo tail oldest-after-cursor and still emits facts (1.4724ms)
✔ a burst of facts in one wake keeps every touch in the metrics frame (1.5459ms)
✔ Redis throw degrades to Mongo tail for that loop (1.484ms)
✔ replica-lag skip retries the same Redis id and does not drop the event (1.6391ms)
✔ lane query is ignored — one socket emits every Daily Operations Event (1.5699ms)
✔ heartbeat fires after 15s idle and has no id (1.2085ms)
✔ parseDailyOperationsXread reads object and flat-array field shapes (1.0881ms)
✔ test runner never constructs an Upstash client for the live isolate (0.3653ms)
✔ rebuild of an open day replaces counters and never deletes events (4.0521ms)
✔ rebuild refuses a closed day and leaves counters and events alone (2.9705ms)
✔ rebuild of a missing open day still writes seeded counters (1.0384ms)
✔ rebuild rejects a deleteEvents hook so events stay append-only (0.9668ms)
{"level":"warn","time":"2026-09-18T21:17:45.297Z","service":"vantage-main-server","env":"development","msg":"daily_operations.redis.xadd_failed","kind":"form_lead.created","day":"2026-05-31","err":{"type":"Error","message":"upstash unavailable","stack":"Error: upstash unavailable\n    at Object.xadd (C:\\Users\\Pinda\\Proyectos\\vantage\\vantage-main-server\\src\\services\\dailyOperations\\recordDailyOperationsFact.test.ts:254:15)\n    at publishRedisDoorbell (C:\\Users\\Pinda\\Proyectos\\vantage\\vantage-main-server\\src\\services\\dailyOperations\\recordDailyOperationsFact.ts:200:34)\n    at recordDailyOperationsFact (C:\\Users\\Pinda\\Proyectos\\vantage\\vantage-main-server\\src\\services\\dailyOperations\\recordDailyOperationsFact.ts:307:11)\n    at async TestContext.<anonymous> (C:\\Users\\Pinda\\Proyectos\\vantage\\vantage-main-server\\src\\services\\dailyOperations\\recordDailyOperationsFact.test.ts:249:18)\n    at async Test.run (node:internal/test_runner/test:1332:7)\n    at async Test.processPendingSubtests (node:internal/test_runner/test:911:7)"}}
✔ unique dedupe_key insert increments the named metric_touches (7.4859ms)
✔ duplicate dedupe_key is a no-op: no second increment and no XADD (2.1587ms)
✔ closed day skips increment and records empty metric_touches (1.3036ms)
✔ missing Redis client still persists the event and day increment (1.1151ms)
✔ test runner never constructs a publish that would call Upstash (1.1326ms)
✔ Redis XADD failure is swallowed and does not fail the fact (7.8724ms)
✔ successful XADD stores redis_stream_id and only envelope fields (1.5667ms)
✔ writer never throws when stores fail (1.3195ms)
✔ test sink captures when stores are not injected (0.7737ms)
✔ granot.minted increments decisions only and sheet sync increments only its own panel counter (0.6315ms)
{"level":"error","time":"2026-09-18T21:17:45.305Z","service":"vantage-main-server","env":"development","msg":"daily_operations.record_fact_failed","kind":"form_lead.created","err":{"type":"Error","message":"mongo down","stack":"Error: mongo down\n    at Object.insertEvent (C:\\Users\\Pinda\\Proyectos\\vantage\\vantage-main-server\\src\\services\\dailyOperations\\recordDailyOperationsFact.test.ts:326:15)\n    at recordDailyOperationsFact (C:\\Users\\Pinda\\Proyectos\\vantage\\vantage-main-server\\src\\services\\dailyOperations\\recordDailyOperationsFact.ts:261:35)\n    at TestContext.<anonymous> (C:\\Users\\Pinda\\Proyectos\\vantage\\vantage-main-server\\src\\services\\dailyOperations\\recordDailyOperationsFact.test.ts:323:24)\n    at Test.runInAsyncScope (node:async_hooks:227:14)\n    at Test.run (node:internal/test_runner/test:1325:25)\n    at Test.processPendingSubtests (node:internal/test_runner/test:911:18)\n    at Test.postRun (node:internal/test_runner/test:1465:19)\n    at Test.run (node:internal/test_runner/test:1390:12)\n    at async Test.processPendingSubtests (node:internal/test_runner/test:911:7)"}}
{"level":"info","time":"2026-09-18T21:17:53.203Z","service":"vantage-main-server","env":"development","msg":"call_lead.create.sheet_sync.disabled","resource":"source_lead","leadModel":"CallLead","leadId":"507f1f77bcf86cd799439011"}
✔ Form create increments leads.form + origin + company once (39.6751ms)
✔ Duplicate Form increments leads.duplicate_form only (1.1387ms)
✔ reused WordPress lead does not call the writer (0.6103ms)
✔ zip 33101 + state not_found counts the Lead and records exception.zip_missing (1.8418ms)
✔ Call unmatched increments leads.unmatched_call only (1.3989ms)
✔ Call zip present + blank state is a zip miss and still counts the Lead (3.8905ms)
✔ quiet hours at 02:14 ET record text.deferred with 8:00 AM send_at and no messages.successful (2.114ms)
✔ 07:00 ET send records text.sent only (0.8253ms)
✔ first sent/delivered after deferred records text.sent once (1.5741ms)
✔ status callback terminal fail records text.failed (0.7055ms)
✔ unapplied status callback does not call the writer (0.3419ms)
✔ dispatchOrQueue skipped path records text.skipped (2.9094ms)
✔ completeCallLeadIngestion records call_lead.created once via the sink (3.8593ms)
✔ CRM HTTP fail records exception.crm_failed (25.8575ms)
✔ RingCentral adoption conflict records exception.adoption_conflict and not a Call Lead create (2.7569ms)
✔ duplicate booking submission helper is not used — skip is kind duplicate at finalize (3.3073ms)
✔ employee pending booking increments employee_pending and not a kind bucket (0.5345ms)
✔ cancellation.created uses cancellation:<id>:created (1.1771ms)
✔ writer sink captures without stores and does not require Mongo (0.7034ms)
✔ zipMissSides treats not_found and blank as a miss only when a zip is present (0.93ms)
{"level":"info","time":"2026-09-18T21:17:53.204Z","service":"vantage-main-server","env":"development","msg":"lead.call.created","observability_level":"info","category":"lead","workflow":"call_lead_create","source_company":"tbm_leads","entity_id":"507f1f77bcf86cd799439011"}
{"level":"info","time":"2026-09-18T21:17:53.214Z","service":"vantage-main-server","env":"development","msg":"crm.form_lead.submit.started","leadId":"507f1f77bcf86cd799439011","endpoint":"https://lead.hellomoving.com/LEADSGWHTTP.lidgw?&API_ID=[redacted]&MOVERREF=[redacted]","payload":{"label":"Main Site Forms","firstname":"J***","lastname":"C***","ozip":"sha256:ce6d2151873f","dzip":"sha256:9a1f53dc5d98","email":"j***@example.com","phone1":"***2222","movesize":"14","movedte":"","notes":"","leadno":""}}
{"level":"info","time":"2026-09-18T21:17:53.214Z","service":"vantage-main-server","env":"development","msg":"crm.form_lead.submit.started","observability_level":"info","category":"crm","workflow":"crm_submit","source_company":"tbm_leads","entity_id":"507f1f77bcf86cd799439011"}
{"level":"info","time":"2026-09-18T21:17:53.230Z","service":"vantage-main-server","env":"development","msg":"crm.form_lead.submit.http_error","leadId":"507f1f77bcf86cd799439011","endpoint":"https://lead.hellomoving.com/LEADSGWHTTP.lidgw?&API_ID=[redacted]&MOVERREF=[redacted]","status":400,"responseText":"bad request"}
{"level":"error","time":"2026-09-18T21:17:53.230Z","service":"vantage-main-server","env":"development","msg":"crm.form_lead.submit.http_error","observability_level":"error","category":"crm","workflow":"crm_submit","source_company":"tbm_leads","entity_id":"507f1f77bcf86cd799439011"}
{"level":"info","time":"2026-09-18T21:17:53.234Z","service":"vantage-main-server","env":"development","msg":"ringcentral.ingest.processed","action":"dry_run","writeMode":"dry_run","duplicate":false,"duplicateReason":"unique","ingestionSource":"webhook","telephonySessionId":"u20-session","callLogId":null,"sourceCompany":"main_site","durationSeconds":180,"callLeadId":null}
✔ applyBestRelocationPlan is not a Daily Operations hook site (43.3709ms)
✔ persistLeadMessageIntent is not a Daily Operations hook site (3.0795ms)
✔ completeFormLeadIngestion hooks after the reused-lead return (10.9982ms)
✔ duplicate booking finalize returns before the Daily Operations writer (2.1854ms)
✔ Sheet Sync job outcomes record one deduped fact per job and outcome with a metric touch (2.0411ms)
✔ the drainer records Sheet Sync facts on synced and failed jobs, never on coalesced duplicates or deferrals (4.3505ms)
✔ completeCallLeadIngestion is the only Call Lead volume hook (3.1487ms)
✔ lead_created capture increments webhook class only (5.8007ms)
✔ priority_updated capture increments webhook class only (1.0171ms)
✔ Booked payload at capture increments class and booked once (1.097ms)
✔ Release payload at capture increments class and release once (0.6858ms)
✔ Releas token classifies as release (0.5557ms)
✔ unclassified booking_status_changed increments class only (0.916ms)
✔ granot.minted touches decisions.minted only and does not increment leads.* (2.3698ms)
✔ outcome card parent_receipt_id pairs to the receipt card (0.9617ms)
✔ linked outcome uses parent_receipt_id and decisions.linked (0.8324ms)
✔ synchronize conflict pending does not record granot.linked (0.4873ms)
✔ processor maps observe / pending_match / unmatched and skips mint/link (0.815ms)
✔ intake opened increments intakes.opened; refresh does not (0.847ms)
✔ process-time Booked increments booked only when capture did not classify (0.8036ms)
✔ Booked increments those buckets once when capture already classified (0.6304ms)
✔ dead letter uses exception:dead_letter:<receiptId> (0.5771ms)
✔ receipt kind and dedupe follow spec §14 (0.3201ms)
✔ captureChannelOperationReceipt is not a Daily Operations hook site (37.9851ms)
✔ createLeadFromGranot finalize records granot.minted after existing after-commit work (3.03ms)
✔ synchronizeLeadFromGranot pending carries outcome and provenance (10.0917ms)
✔ logProcessingCompletion records observe/pending/unmatched when no lead finalize ran (2.818ms)
✔ dead letter hook is the drainer entered seam, not the 202 path (51.8614ms)
✔ webhook capture hooks after persist and before return (3.6952ms)
✔ missing open day returns seeded zeros, not 404 (6.1364ms)
✔ sheet_sync touches increment the day and surface on the snapshot; pre-hook days read zero (2.0089ms)
✔ missing yesterday yields null totals so the UI can show a dash (1.1321ms)
✔ yesterday_by_now is hourly 0..currentNyHour, not the full yesterday (1.7707ms)
✔ day_before and day_before_by_now come from the third NY day; missing day is null (12.3811ms)
✔ every SOURCE_COMPANIES slug is present including zeros (2.9485ms)
✔ wordpress_form is a present key even when zero (4.3662ms)
✔ intakes.still_open and texts.held_now are live queries, not day increments (1.0925ms)
✔ GET snapshot does not mutate loaded day documents (2.8476ms)
✔ events cursor is occurred_at ISO plus event id, parsed at the last colon (1.4142ms)
✔ events page is newest-first for the NY day and returns next_cursor (1.1298ms)
✔ test runner reports redis.configured false without constructing a client (0.786ms)
{"level":"info","time":"2026-09-18T21:17:52.805Z","service":"vantage-main-server","env":"development","msg":"domain_command.applied","observability_level":"info","category":"admin","workflow":"canonical_domain_command","entity_id":"lead-admin"}
✔ [AC-21] command execution model has durable origin/idempotency uniqueness (2.5239ms)
✔ invalid command context fails before database access (1.4092ms)
✔ external ingestion rejects human executors and incomplete provenance (0.7482ms)
✔ [AC-21] four origins validate exactly; Granot and RingCentral identities cannot be client-forged (70.8525ms)
✔ [AC-21] replay returns stored applied result; checksum reuse conflicts; compatibility adapter is one-way (4.5344ms)
✔ [AC-21] failed command leaves no successful execution outcome (0.8925ms)
✔ [AC-21] stable now and preallocated IDs survive a transaction callback retry (1.5227ms)
✔ [AC-32] observation_channel must agree with the initiator path (0.6593ms)
✔ [AC-21] compatibility API-secret and scoped-key system actors validate for vantage_admin (5.398ms)
✔ owner idempotency key helper preserves the 8-200 printable envelope (0.8599ms)
✔ call-lead command validates DTO without an unsupported ingestion field (16.1864ms)
{"level":"info","time":"2026-09-18T21:17:52.825Z","service":"vantage-main-server","env":"development","msg":"domain_command.applied","observability_level":"info","category":"admin","workflow":"canonical_domain_command","entity_id":"lead-1","run_id":"run-1"}
{"level":"info","time":"2026-09-18T21:17:52.826Z","service":"vantage-main-server","env":"development","msg":"domain_command.replayed","observability_level":"info","category":"admin","workflow":"canonical_domain_command","entity_id":"lead-1","run_id":"run-1"}
{"level":"info","time":"2026-09-18T21:17:52.830Z","service":"vantage-main-server","env":"development","msg":"domain_command.applied","observability_level":"info","category":"admin","workflow":"canonical_domain_command","entity_id":"lead-retry","run_id":"run-1"}
{"level":"info","time":"2026-09-18T21:17:52.835Z","service":"vantage-main-server","env":"development","msg":"domain_command.applied","observability_level":"info","category":"admin","workflow":"canonical_domain_command","entity_id":"lead-secret"}
{"level":"info","time":"2026-09-18T21:17:52.836Z","service":"vantage-main-server","env":"development","msg":"domain_command.applied","observability_level":"info","category":"admin","workflow":"canonical_domain_command","entity_id":"lead-scoped"}
✔ [AC-21] transaction-bound internals do not open nested transactions or finalize Sheets (328.3809ms)
✔ canonical command modules do not depend on transport or Google adapters (170.6922ms)
✔ durable actor factories mint the fixed Granot and RingCentral identities (0.6132ms)
✔ [AC-32] existing write context factory hashes payload and never stores credentials (0.5445ms)
✔ [AC-32] v1 write routes enter existing adapters and do not patch models (20.5098ms)
✔ runExistingUpdateSourceOwnedLead still uses updateSourceOwnedLead and pending source_lead update (6.911ms)
✔ [AC-32] existing write adapters persist Changes inside the executor and keep later commands disabled (25.9447ms)
﹣ [AC-21] [AC-32] replica existing write commits Command/Change/revision/outbox; replay and rollback do not (4.1167ms) # Replica-set proof requires TEST_MODE=true before process start.
✔ [AC-32] contact and address paths are reference_only; low-risk paths stay stored (2.8121ms)
✔ [AC-32] Change builders omit raw contact values and emit deterministic paths (21.6509ms)
✔ [AC-32] no-op field collection emits no Change descriptors (0.9595ms)
✔ FORM and CALL CHANGE_PATHS include no_sync so a flip is not a silent no-op (0.355ms)
✔ collectDocumentFieldChanges reports no_sync when it flips and no-ops when unchanged (1.2217ms)
✔ existing write context maps an Owner extension user to an owner actor (29.3251ms)
✔ existing write context maps Owner plus Sales to an owner actor (0.7262ms)
✔ existing write context rejects sales extension user (0.9849ms)
✔ existing write context rejects customer_service extension user (0.3914ms)
✔ existing write context rejects sales+customer_service extension user (0.314ms)
﹣ [AC-21] replica executor: exact stored-result replay, checksum conflict, and no second mutation (2.9194ms) # Replica-set proof is opt-in via GRANOT_LIFECYCLE_REPLICA_TESTS=true.
﹣ [AC-21] replica executor: same-key commit race has one winner and exact replay of the stored result (1.0416ms) # Replica-set proof is opt-in via GRANOT_LIFECYCLE_REPLICA_TESTS=true.
﹣ [AC-21] replica executor: expected-revision loser is DOMAIN_REVISION_CONFLICT with no Decision/Command (0.7349ms) # Replica-set proof is opt-in via GRANOT_LIFECYCLE_REPLICA_TESTS=true.
﹣ [AC-32] replica executor: Receipt/Observation/Decision causal IDs persist; rollback leaves zero partial rows (0.4721ms) # Replica-set proof is opt-in via GRANOT_LIFECYCLE_REPLICA_TESTS=true.
﹣ [AC-21] replica executor: stable now and preallocated IDs survive callback retry (0.4856ms) # Replica-set proof is opt-in via GRANOT_LIFECYCLE_REPLICA_TESTS=true.
﹣ [AC-32] replica executor: persist failure rolls back Decision, aggregate, and Command (0.3585ms) # Replica-set proof is opt-in via GRANOT_LIFECYCLE_REPLICA_TESTS=true.
﹣ [AC-32] replica executor: post-commit finalize never runs on rollback (0.4561ms) # Replica-set proof is opt-in via GRANOT_LIFECYCLE_REPLICA_TESTS=true.
﹣ [AC-32] replica executor: no Sheet/queue/email/CRM call occurs before commit (0.3721ms) # Replica-set proof is opt-in via GRANOT_LIFECYCLE_REPLICA_TESTS=true.
✔ canonical JSON is stable across object insertion order (5.4462ms)
✔ canonical JSON rejects unsupported values (1.4243ms)
✔ effective capability requires all three gates (2.2526ms)
✔ provider failures classify and retry deterministically (1.9038ms)
✔ fenced in-memory leases reject stale epochs (1.3557ms)
✔ model-backed lease schema carries unique scope and fencing epoch (0.9588ms)
✔ run fake enforces status graph, lease fencing, and monotonic checkpoints (1.3203ms)
✔ system actors remain distinct and metadata is sanitized (1.1166ms)
✔ listBookingLeadReconciliationCases returns admin-facing summary fields (5.2522ms)
✔ getBookingLeadReconciliationCase returns detail fields consumed by admin (1.222ms)
✔ searchBookingLeadCandidates returns compact case-aware results with a cursor (3.4743ms)
✔ searchBookingLeadCandidates Call q and contact filters include snapshot paths (4.3014ms)
✔ searchBookingLeadCandidates returns Granot and ingested contact snapshots (2.2927ms)
✔ dismissing an owner_booking pending case leaves the Booking Leadless (3.2094ms)
✔ reopenBookingLeadReconciliation guards status and live booking before rematch (0.9528ms)
✔ assembleEmployeeBookingOptions joins active granularities to active companies (5.9677ms)
✔ assembleEmployeeBookingOptions ignores unknown company ids (0.4534ms)
✔ candidate query detects the 26th matching lead instead of proving false uniqueness (8.0954ms)
✔ candidate snapshots keep Granot and ingested contact for owner display (1.4259ms)
✔ candidate query tags a unique Form Lead Job Number as job_no (1.0725ms)
✔ evaluateEmployeeBookingMatch auto-links a unique Call Lead Job Number (12.1574ms)
✔ evaluateEmployeeBookingMatch auto-links a unique Form Lead Job Number on form channel (0.8286ms)
✔ evaluateEmployeeBookingMatch treats two Call Leads with the same Job Number as multiple_matches (2.0265ms)
✔ evaluateEmployeeBookingMatch leaves same-phone no-job as pending no_match (0.9869ms)
✔ evaluateEmployeeBookingMatch never auto-links LID, email, or phone under Exact Job Booking Attach (0.9437ms)
✔ evaluateEmployeeBookingMatch never auto-links when candidate query overflowed (0.5949ms)
✔ evaluateEmployeeBookingMatch returns channel_conflict for opposite-channel-only Job Number (0.5487ms)
✔ evaluateEmployeeBookingMatch respects none policy (0.6388ms)
✔ evaluateEmployeeBookingMatch treats contradictory phone/name signals as a hard conflict (0.6284ms)
✔ evaluateEmployeeBookingMatch blocks Job Number and Phone pointing to different Leads (0.6406ms)
✔ evaluateEmployeeBookingMatch does not auto-link a different same-company granularity (0.5172ms)
✔ evaluateEmployeeBookingMatch rematch attaches only after a unique job appears (0.6154ms)
✔ test-mode migration apply remains available with --apply (2.2113ms)
✔ production migration apply requires explicit confirmation (1.0347ms)
✔ test mode cannot apply to the production database without production confirmation (0.4332ms)
✔ production migration apply rejects an unexpected connected database (0.3822ms)
✔ production migration apply accepts explicit confirmation on the production database (0.3112ms)
✔ collectNormalizedCollisions groups normalized duplicates (4.9056ms)
✔ reportHasBlockingCollisions flags booking identity collisions (2.5742ms)
✔ submission collision preflight ignores bookings outside the partial unique index scope (0.4225ms)
✔ deriveTrustedOwnerActor rejects bare api secret actor (3.0675ms)
✔ deriveTrustedOwnerActor accepts trusted owner headers with primary secret (1.852ms)
✔ deriveTrustedOwnerActor accepts owner users directly (0.3895ms)
✔ deriveTrustedOwnerActor rejects non-owner users and bare secrets (0.5244ms)
✔ assertExactWarningOverrides requires exact current overrideable warnings (0.6213ms)
✔ assertAllowedCaseAction allows only valid transitions (0.9472ms)
✔ assertLiveBookingState blocks cancelled and invalid booking states (1.3454ms)
✔ applyCursorFilter uses date plus id tie-break (3.2009ms)
✔ decodeDateIdCursor rejects malformed dates and object ids (6.275ms)
{"level":"info","time":"2026-09-18T21:17:56.963Z","service":"vantage-main-server","env":"development","msg":"mongo.dns.servers_configured","servers":["8.8.8.8","1.1.1.1"]}
✔ cold rematch connects to Mongo before attempting a lease or model operation (37.3262ms)
✔ rematch snapshots Exact Job Booking Attach, not the retired five-rule list (2.4723ms)
✔ rematch evaluator attaches only when a unique Call Lead job appears (2.713ms)
✔ call lead enrichment prefers source-compatible Job Number matches when the row has a Job Number (15.9286ms)
✔ call lead enrichment blocks sync when phone matches only across assigned source companies (2.9396ms)
✔ syncCallLeadEnrichment does not write when source match is conflict (2.6682ms)
✔ call lead enrichment can claim an unassigned phone-matched call lead source (3.4946ms)
✔ preview does not write live phone, name, or email (2.2121ms)
✔ conflicting stored Job Number is not overwritten (2.2818ms)
✔ row Job on Lead A plus Granot phone equal to Lead B ANI selects A (2.2036ms)
✔ contact-only Granot card diff is updateable (3.987ms)
✔ preview phone rung does not query granot_contact_snapshot (1.2607ms)
✔ parseEnrichmentRow enriches valid cities while ignoring zero and comma placeholders (2.8938ms)
✔ AppError defaults to INTERNAL code and 500 status when no options are given (2.0784ms)
✔ AppError preserves code, statusCode, internalMessage, cause, and metadata from options (1.8587ms)
✔ AppError.toLog returns a safe, structured summary of public fields plus log-only context (0.6365ms)
✔ AppError.toLog omits cause/internalMessage/metadata when they are not provided (0.3512ms)
✔ AppError.toLog handles string causes and unserializable causes without throwing (0.4884ms)
✔ AppError does NOT expose internalMessage or cause via its public message field (0.3469ms)
✔ BadRequestError defaults to 400 and BAD_REQUEST code (2.1885ms)
✔ ValidationError defaults to 400 and VALIDATION code (1.8036ms)
✔ UnauthorizedError defaults to 401 and UNAUTHORIZED code (0.4257ms)
✔ NotFoundError defaults to 404 and NOT_FOUND code (0.4539ms)
✔ ConflictError defaults to 409 and CONFLICT code (0.4007ms)
✔ IntegrationError defaults to 502 and INTEGRATION code (0.2943ms)
✔ subclasses allow callers to override the default statusCode without losing the code (0.3038ms)
✔ subclasses carry their constructor name (useful for log filters) (25.3252ms)
✔ subclasses are all instanceof AppError and Error (0.5342ms)
✔ createExtensionUser persists canonical roles and never returns the secret (5.4893ms)
✔ createExtensionUser rejects a duplicate email (1.8875ms)
✔ listExtensionUsers returns roles and dual-reads leftover employee (0.6718ms)
✔ toAdminExtensionUser dual-reads leftover employee as Sales plus Customer Service (0.3724ms)
✔ updateExtensionUser bumps token_version only on actual email, password, or roles change (10.1367ms)
✔ updateExtensionUser rejects a duplicate email with the create message (21.1019ms)
✔ updateExtensionUser returns not found for a missing id (0.7333ms)
✔ deleteExtensionUser removes the row so the email can be reused (0.8862ms)
✔ deleteExtensionUser returns not found for a missing id (0.5249ms)
✔ fetchDriveFileMetadata maps 404 distinctly from 403 access denied (5.1065ms)
✔ fetchDriveFileMetadata maps provider failures to integration errors (1.1564ms)
✔ Google refresh tokens round-trip through authenticated encryption (3.9103ms)
✔ encrypted Google refresh tokens are bound to the owner identity (1.6456ms)
✔ OAuth state is stored as a deterministic SHA-256 digest (0.8783ms)
✔ Google Drive folder IDs can be read from IDs or shared URLs (0.57ms)
✔ invalid Google Drive folder IDs are rejected (1.4141ms)
✔ a requested folder is created under the normalized configured parent (3.6565ms)
✔ public Google OAuth config excludes server secrets (3.1693ms)
✔ sanitized Google Drive connection status excludes configured owner email (0.4969ms)
✔ sanitized Google Drive connection status excludes refresh credentials (0.4753ms)
✔ Picker bootstrap allowlist rejects unexpected response fields (1.3825ms)
✔ reporting ownership marker round-trips and matches destination ID (0.9603ms)
✔ allowed OAuth scopes reject overgrant and extra scopes (2.6513ms)
✔ OAuth scope normalization is order-insensitive (1.8952ms)
✔ Google userinfo.email URI is treated as the email scope (0.4168ms)
✔ google drive owner auth accepts the signed owner admin proxy (6.9112ms)
✔ google drive owner auth rejects scoped API keys (1.7413ms)
✔ google drive owner auth accepts an allowlisted extra owner email (1.8905ms)
✔ google drive owner auth rejects a signed owner outside the allowlist (1.9998ms)
✔ google drive owner auth requires signed owner matching configured identity (2.11ms)
✔ sanitized google drive API errors do not expose configured owner email (1.8212ms)
✔ callback failure logs use stable categories without provider text (0.8419ms)
✔ drive metadata validation rejects wrong mime types (10.4613ms)
✔ drive metadata validation rejects trashed files (0.8604ms)
✔ drive metadata validation rejects non-owned files (0.3834ms)
✔ picker nonce and selection references hash to stable digests (0.8498ms)
✔ invalid picker selection preserves nonce until metadata validates (8.3638ms)
✔ picker nonce replay is rejected after successful verification (1.9788ms)
✔ concurrent valid picker verifications issue at most one selection reference (1.6014ms)
✔ invalid selection reference metadata preserves reference until validation passes (8.8131ms)
✔ denylisted workbook preserves reference until denylist clears (5.0933ms)
✔ denylist configuration fails closed without consuming reference (1.6712ms)
✔ selection reference replay is rejected after successful consume (1.4131ms)
✔ concurrent valid selection reference consumes yield at most one winner (1.6035ms)
✔ extractStateCodeFromGoogleGeocodeResponse uses postal address state code (1.9662ms)
✔ extractStateCodeFromGoogleGeocodeResponse converts state component name (0.5819ms)
✔ Form Lead that is not a Duplicate Lead expects Master Leads Forms (5.7727ms)
✔ Duplicate Form Lead expects Master Leads Duplicates (0.6106ms)
✔ Bad Lead expects the primary tab and Bad Leads (0.462ms)
✔ Call Lead that is not a Duplicate Lead expects Master Leads Calls (0.5701ms)
✔ Duplicate Call Lead expects Master Leads Duplicate Calls (0.3723ms)
✔ Unmatched Call Lead is not expected on Master Leads (0.3492ms)
✔ ordinary No-Sync Form Lead skips Master Leads with no_sync (0.3391ms)
✔ ordinary No-Sync Call Lead skips Master Leads with no_sync (0.3869ms)
✔ No-Sync + Bad Lead still expects today's Bad tabs (0.4418ms)
✔ No-Sync + Duplicate Call Lead still expects Duplicate Calls (0.4959ms)
✔ Booking expects Master Booked Booked Deals (17.1883ms)
✔ Cancellation expects Master Booked Cancelled Deals (0.3763ms)
✔ formatDateOnly returns ISO date prefix (2.4494ms)
✔ formatTimestamp uses owner-facing UTC clock components (0.7692ms)
✔ booleanCell maps booleans to sheet strings (0.3898ms)
✔ localCell maps values to local/long_distance (0.3352ms)
✔ optionalLocalCell returns empty string when blank (0.3903ms)
✔ bookedCell, bookedDateCell, cancelledCell, quotedCell map booleans to labels (1.9927ms)
✔ overThresholdCell returns label or blank (0.3947ms)
✔ formatNumber stringifies finite numbers and elides null/undefined/NaN (0.3417ms)
✔ primaryBookingAgent returns first agent name snapshot (0.4216ms)
✔ splitCell only flags true splits when there are at least two named allocations with non-zero amounts (0.5761ms)
✔ formLeadToRow projects fields in the documented header order (1.1519ms)
✔ formLeadToRow defaults missing ref_no to 'not provided' (0.3896ms)
✔ lead projections use exact GetMovers source labels (0.6867ms)
✔ formLeadToRow clears booking reporting columns after booking deletion (0.4008ms)
✔ callLeadToRow projects fields in the documented header order (0.4389ms)
✔ callLeadToRow clears booking reporting columns after booking deletion (0.3378ms)
✔ bookedLeadToRow projects allocations, customer, and lead ref (0.8779ms)
✔ bookedLeadToRow writes form source label from canonical slug (0.3518ms)
✔ bookedLeadToRow writes call source label from canonical slug (0.3309ms)
✔ bookedLeadToRow resolves legacy source labels before writing (0.2879ms)
✔ bookedLeadToRow projects referral customer name and blank lead ref (4.0686ms)
✔ bookedLeadToRow projects leadless booking source label and blank lead ref (0.3619ms)
✔ cancelledLeadToRow projects cancellation fields (0.374ms)
✔ cancelledLeadToRow leaves cancel_date blank when missing (0.1773ms)
✔ rowsFromValues maps Mongo ID cells and keeps evidence columns (2.4605ms)
✔ found Form Lead returns Master Leads Forms evidence and a sheet link (4.1846ms)
✔ missing Form Lead stays missing and can attach an open Sheet Sync job (0.86ms)
✔ Form Lead on Duplicates when Forms was expected is wrong_tab (0.7202ms)
✔ unmatched Call Lead is not_expected and does not read tabs (0.6495ms)
✔ ordinary No-Sync Form Lead is not_expected and does not read tabs (0.5885ms)
✔ ordinary No-Sync Call Lead is not_expected and does not read tabs (0.5555ms)
✔ No-Sync + Bad Lead uses today's Bad expected tabs, not the no_sync skip (0.8852ms)
✔ No-Sync + Duplicate Call Lead uses today's Duplicate Calls tab, not the no_sync skip (1.1245ms)
✔ ordinary Call missing from Calls is still missing (0.7333ms)
✔ unknown Mongo id is not_found (0.4365ms)
✔ Bad Lead found on Forms but missing Bad Leads is still found with a missing tab (0.679ms)
✔ Booking found on Booked Deals (0.605ms)
✔ preserves request order and dedupes ids (0.8184ms)
✔ ensureTabsAndHeaders expands an undersized existing grid without shrinking it (4.7889ms)
✔ Master Leads provisions a dedicated Duplicate Calls tab (2.2896ms)
✔ Duplicate Calls tab reuses the Calls headers (1.0426ms)
✔ duplicate-call sync targets resolve to the Calls headers (0.4188ms)
✔ duplicate-call master target ensures the Master Leads tab set (0.5351ms)
✔ Master Leads provisions Bad Leads with form headers (0.5154ms)
✔ Bad Leads master target ensures the Master Leads tab set (0.3677ms)
✔ buildGranotCrmCsvObjectKeys creates latest/meta/history paths (5.3346ms)
✔ buildRegistryKey follows CRM origin host (0.9065ms)
✔ parseGranotCsv normalizes headers and skips total rows (4.0835ms)
✔ [AC-03] form identity vocabulary excludes lids while allowing Mongo id as a secondary lookup (4.3262ms)
✔ [AC-03] form planning gives exact FormLead.ref_no priority over every fallback (2.6138ms)
✔ exact identity wins but surfaces a source-company mismatch warning (0.9959ms)
✔ duplicate exact FormLead.ref_no candidates are a conflict (0.694ms)
✔ [AC-03] form planning falls back only after FormLead.ref_no has no match (1.6088ms)
✔ [AC-03] form planning resolves an ObjectId ref_no only after exact field lookup misses (1.0269ms)
✔ fallback ties resolve by source company then quoted prior (0.5636ms)
✔ fallback refuses a sole candidate from a different source company (0.7585ms)
✔ fallback does not select a lead from name alone (0.6574ms)
✔ fallback scores only candidates that pass the source-company gate (0.612ms)
✔ form patch has extension parity and fills only missing locations (1.1074ms)
✔ [AC-33] form planning labels Booked Jobs and Follow Up sections separately (0.6919ms)
✔ apply deployment gate is explicit (0.4076ms)
✔ form patch never overwrites an existing receiver (0.3205ms)
✔ source report parsing returns both Granot lead sections with job numbers (108.8341ms)
✔ source report parsing finds Granot's nested tables after centered headings (11.0927ms)
✔ content hashes ignore per-login Granot session tokens (15.4971ms)
✔ collected rows map to existing call-lead endpoint payloads (9.0409ms)
✔ call-lead payloads never expose or interpret Granot ref_no (46.5089ms)
✔ collector follows the Granot report flow and records absent sources (31.2393ms)
✔ collector retries the full flow when the source page expires the session (69.1559ms)
✔ collector rejects impossible date windows before contacting Granot (1.4795ms)
✔ [AC-33] Form Follow Up statement keeps raw Priority, separate user/rep, and location aliases (3.4105ms)
✔ [AC-33] Form Booked statement is booking_action_apply with raw Booked evidence (3.33ms)
✔ [AC-33] Call enrichment statement does not collapse user/rep (0.6681ms)
✔ [AC-33] Call Booked statement keeps raw Booked and does not infer Release (0.5538ms)
✔ [AC-02] oversized ${run_id}:${action_id} is rejected before plan lock (1.1568ms)
✔ [AC-02] schema-v1 plans fail closed as RUN_REPLAN_REQUIRED (0.4629ms)
✔ [AC-02] sealing a collected plan stores schema v2 lifecycle_apply before checksum (15.738ms)
✔ pending lifecycle outcomes keep the run applying (0.6795ms)
✔ run-group creation inserts two correlated compatible queued children (7.3402ms)
✔ run-group validation completes before any child insertion (1.469ms)
✔ call plan previews convert Mongo ObjectIds before checksumming (4.6171ms)
✔ form expected filters do not cast empty strings as ObjectIds (0.5734ms)
✔ [AC-02] applyRun has no runtime path to legacy Form/Call/Booked mutation services (25.1044ms)
✔ source IDs canonicalize case before lookup and duplicate validation (4.5272ms)
✔ source partitioning keeps only compatible IDs in each child snapshot (0.5836ms)
✔ [AC-38] unavailable resolve issues keep INVALID_GRANOT_SOURCES and per-source codes (0.563ms)
✔ run-group resolve asks each source only for operations its Registry routes permit (0.8613ms)
✔ a source with no matching Registry route still fails the asked operation (0.5045ms)
✔ [AC-38] resolve never treats label or supported_operations as semantic authority (0.3801ms)
✔ source partitioning rejects an empty selected workflow (0.802ms)
﹣ [AC-21] replica CAS: one winner increments once; loser is DOMAIN_REVISION_CONFLICT (1.9272ms) # Replica-set proof is opt-in via GRANOT_LIFECYCLE_REPLICA_TESTS=true.
✔ [AC-21] CAS primitive requires { _id, domain_revision } and names DOMAIN_REVISION_CONFLICT (4.0351ms)
✔ [AC-37][AC-38] Unit 30 rollout alert codes stay frozen (3.5276ms)
✔ [AC-37] oldest due fires only after 15 minutes plus 10 minutes continuity (2.9163ms)
✔ [AC-31] insufficient data never recovers an active alert (0.7223ms)
✔ [AC-37] any current dead letter fires and zero is ok (0.4802ms)
✔ [AC-37] capture 503 and claim-recovery windows use exact thresholds (0.5145ms)
✔ [AC-31] empty p95 and source-rate samples are insufficient_data, not success (0.4227ms)
✔ [AC-31] p95 uses deterministic nearest-rank and the 10-minute threshold (0.4896ms)
✔ [AC-38] RingCentral lease and enabled-source ambiguity rate stay bounded (0.4833ms)
✔ [AC-37] repeated evaluation does not fan out: only open/clear transitions emit (0.3304ms)
✔ [AC-05] planner conversion keeplisted Priority/Quoted/move paths and drops derived metadata (25.0323ms)
✔ [AC-05] quoted:false is rejected and no write path sets it false (1.3044ms)
✔ snapshot-only Call plan converts and keeps live phone off contact_changed_paths (0.6994ms)
✔ [AC-10] [AC-12] contact leaves stay on current-contact paths; snapshot is not a contact leaf (0.4759ms)
✔ [AC-11] FormLead destination_zip is allowed and CallLead delivery_zip is required instead (0.576ms)
✔ [AC-32] forbidden metadata, extra paths, and unsorted path lists are rejected (1.4609ms)
✔ [AC-32] contact hash is stable and omits values from the checksum helper output (5.168ms)
﹣ [AC-02] concurrent automation operation ID + same hash yields one receipt (2.43ms) # Replica-set proof requires TEST_MODE=true before process start.
﹣ [AC-02] concurrent automation operation ID + different hash has one winner and 409 (0.6545ms) # Replica-set proof requires TEST_MODE=true before process start.
﹣ [AC-02][AC-33] automation apply captures one receipt, replays it, and writes zero forbidden collections (0.4801ms) # Replica-set proof requires TEST_MODE=true before process start.
✔ [AC-02][AC-33] automation apply captures granot_http_automation then claimAndProcessOrPoll (4.6663ms)
✔ [AC-02] exact replay returns the stored terminal receipt without another capture (0.7033ms)
✔ [AC-02] accepted_for_processing yields a nonterminal receipt for the same operation ID (0.5535ms)
✔ pending_match stays accepted_for_processing until a terminal Decision exists (0.4198ms)
✔ dead-lettered receipts become bounded technical_failure (0.5341ms)
✔ processing disabled leaves the durable receipt recoverable (0.4066ms)
✔ [AC-38] missing automation reference is visible and unavailable for apply (2.3749ms)
✔ [AC-38] invalid referenced Registry row is missing_reference, not a label fallback (0.4904ms)
✔ [AC-38] multiple normalized Registry matches make the automation source ambiguous (0.3384ms)
✔ [AC-38] disabled, lifecycle-disabled, or deferred Registry rows cannot be applied (0.4458ms)
✔ [AC-38] Call routes cannot satisfy a form_leads apply selection (0.405ms)
✔ [AC-09] ready Form policy permits form_leads and never uses supported_operations as authority (1.697ms)
﹣ [AC-21][AC-22][AC-23][AC-32] replica confirm is atomic, replay-safe, exact, and source-preserving (3.159ms) # Replica-set proof requires TEST_MODE=true before process start.
﹣ [AC-22][AC-23] inactive catalog failure leaves the whole effect set invisible (0.6424ms) # Replica-set proof requires TEST_MODE=true before process start.
﹣ [AC-21] simultaneous confirms produce one winner and no duplicate effects (0.4733ms) # Replica-set proof requires TEST_MODE=true before process start.
﹣ [AC-20][AC-21][AC-24][AC-32] replica update fully replaces official fields with one causal chain (0.7706ms) # Replica-set proof requires TEST_MODE=true before process start.
﹣ [AC-20][AC-21][AC-32] replica No Action resolves only case and Command with exact replay (0.5811ms) # Replica-set proof requires TEST_MODE=true before process start.
﹣ [AC-24][AC-32] replica update rolls back atomically after every persisted write boundary (0.7245ms) # Replica-set proof requires TEST_MODE=true before process start.
﹣ [AC-21] replica update versus No Action has one case-revision winner (0.6387ms) # Replica-set proof requires TEST_MODE=true before process start.
﹣ Confirm omit selected_lead with unique high suggestion attaches and queues booking_chain (0.4137ms) # Replica-set proof requires TEST_MODE=true before process start.
﹣ Confirm omit selected_lead with medium-only suggestion creates a Leadless Booking (0.4821ms) # Replica-set proof requires TEST_MODE=true before process start.
﹣ Confirm Owner-selected medium attaches that Lead (0.5357ms) # Replica-set proof requires TEST_MODE=true before process start.
﹣ Confirm lost claim fails closed and does not fall through to Leadless (0.3905ms) # Replica-set proof requires TEST_MODE=true before process start.
﹣ Update Existing Booking on a Granot Leadless Booking writes official fields and Master Booked only (0.442ms) # Replica-set proof requires TEST_MODE=true before process start.
▶ selectBookingIntakeLatestAction
  ✔ returns undefined for empty evidence (2.4054ms)
  ✔ returns priority_5 when that is the only action (0.459ms)
  ✔ ignores priority_5 when booked or release evidence exists (0.308ms)
  ✔ selects the temporally latest booked or release action (0.3664ms)
  ✔ tie-breaks same captured_at with higher Observation id hex (0.2579ms)
✔ selectBookingIntakeLatestAction (6.0355ms)
﹣ [AC-R9] Confirm Cancellation succeeds only for AC-R3 posture and replays (2.6491ms) # Replica-set proof requires TEST_MODE=true before process start.
﹣ [AC-R9] create-missing + latest Release writes no Cancellation (0.6641ms) # Replica-set proof requires TEST_MODE=true before process start.
﹣ [AC-R9] latest Booked on review mode is GRANOT_CASE_REVISION_CONFLICT and writes no Cancellation (0.4766ms) # Replica-set proof requires TEST_MODE=true before process start.
﹣ [AC-R9] booking commands disabled is POLICY_BLOCKED even when release command flags are true (0.4583ms) # Replica-set proof requires TEST_MODE=true before process start.
﹣ [AC-RRF-01][AC-RRF-06] Release-first Referral review No Action closes the case only (0.4769ms) # Replica-set proof requires TEST_MODE=true before process start.
﹣ [AC-RRF-02] Release-first Referral review Update keeps one Booking (0.4616ms) # Replica-set proof requires TEST_MODE=true before process start.
﹣ [AC-RRF-03] Release-first review latest Booked Cancel is GRANOT_CASE_REVISION_CONFLICT (0.4412ms) # Replica-set proof requires TEST_MODE=true before process start.
﹣ [AC-RRF-03] Release-first review latest Release Cancel creates Cancellation without a Lead (0.4668ms) # Replica-set proof requires TEST_MODE=true before process start.
﹣ [AC-RRF-05] Release-first Referral review dead Registry is GRANOT_POLICY_BLOCKED (0.4563ms) # Replica-set proof requires TEST_MODE=true before process start.
﹣ [AC-RRF-01] Release-first Referral review job mismatch or pre-activation is GRANOT_IDENTITY_CONFLICT (0.5974ms) # Replica-set proof requires TEST_MODE=true before process start.
▶ assertBookingIntakeCancelAllowed
  ✔ allows open review_existing_booking with latest Release (2.179ms)
  ✔ rejects create_missing_booking even when latest action is Release (1.1164ms)
  ✔ rejects create_referral_booking even when latest action is Release (0.4073ms)
  ✔ rejects review_existing_booking when latest action is Booked (0.392ms)
  ✔ rejects a resolved review case even when latest action is Release (0.5051ms)
✔ assertBookingIntakeCancelAllowed (7.0671ms)
▶ isAcceptedReferralPolicyAction
  ✔ [AC-RRF-01] review_existing_booking + first action release → accept (0.468ms)
  ✔ [AC-RRF-02] review_existing_booking + first action booked → accept (0.3189ms)
  ✔ [AC-RRF-01] create_referral_booking + first action booked → accept (0.3092ms)
  ✔ [AC-RRF-01] first action priority_5 / missing / unknown / empty → reject (0.2992ms)
✔ isAcceptedReferralPolicyAction (1.9455ms)
✔ [AC-P1] Priority 5 then Booked selects the preceding Priority Update (6.7041ms)
✔ [AC-P2] Booked that carries Priority 5 with no preceding Priority Update (0.6922ms)
✔ [AC-P3] Booked without valid canonical 5 is booked_without_priority_5 (1.2374ms)
✔ [AC-P4] later Priority 5 is read-time only and does not become preceding (0.6017ms)
✔ equal temporal tuple is neither preceding nor later (0.5776ms)
✔ other jobs are ignored and lead_created Priority 5 is not preceding (0.5698ms)
✔ latest older Priority 5 wins when several precede Booked (0.747ms)
✔ throws without a Booked creating Observation or Job Number (0.9383ms)
✔ isCanonicalPriorityFive requires valid canonical 5 (0.3596ms)
✔ wire and list projections keep IDs, times, route, and Priority only (3.2809ms)
﹣ [AC-28][AC-32] replica simultaneous Referral evidence opens one lead-free case and preserves Decision source policy (2.9791ms) # Replica-set proof requires TEST_MODE=true before process start.
﹣ [AC-18][AC-20][AC-32][AC-36] replica races converge, replay dedupes, and resolved rows advance max+1 (0.9023ms) # Replica-set proof requires TEST_MODE=true before process start.
﹣ [AC-20] replica candidate refresh splits owner and evidence revisions (0.4555ms) # Replica-set proof requires TEST_MODE=true before process start.
﹣ [AC-20][AC-32] replica transaction rolls back case create, refresh, and Decision failures (0.4668ms) # Replica-set proof requires TEST_MODE=true before process start.
﹣ [AC-P8] replica persists pairing on Booked open, replay is a no-op, later Priority 5 does not write (0.4795ms) # Replica-set proof requires TEST_MODE=true before process start.
﹣ [AC-R1] replica later Releas appends Release evidence on the same open Booked case (0.4106ms) # Replica-set proof requires TEST_MODE=true before process start.
﹣ [AC-R2] replica Releas first opens create-missing; later Booked refreshes the same case (0.4948ms) # Replica-set proof requires TEST_MODE=true before process start.
﹣ [AC-R7] replica later Releas after resolve opens sequence+1 create-missing; no Release case (0.4197ms) # Replica-set proof requires TEST_MODE=true before process start.
﹣ [AC-R7] replica later Releas after resolve opens sequence+1 review when Booking is still active (0.4615ms) # Replica-set proof requires TEST_MODE=true before process start.
﹣ [AC-R8] replica exact Release Observation replay is a no-op (0.5357ms) # Replica-set proof requires TEST_MODE=true before process start.
{"level":"info","time":"2026-09-18T21:18:09.942Z","service":"vantage-main-server","env":"development","msg":"granot_lifecycle.booking_case.opened","observability_level":"info","category":"booking","workflow":"granot_booking_reconciliation"}
✔ [AC-35] candidate browser preserves source scope metadata and override warning (2.2507ms)
▶ Booking Reconciliation classification
  ✔ [AC-18] Priority 5 never opens or refreshes a Booking case (15.2127ms)
  ✔ [AC-18a] Referral Priority 5 only remains not_booking_evidence (1.1016ms)
  ✔ [AC-19] actual Booked opens create-missing or review-existing and never treats ambiguity as no-case (4.7256ms)
  ✔ [AC-28][AC-39] delegates employee work, routes cancellation, and owns Referral cases (1.0307ms)
  ✔ [AC-40] excludes Bad/Duplicate or ambiguous suggestions (0.6616ms)
  ✔ [AC-18][AC-19] projects only canonical eligible candidates and bounds refresh to 24 hours (1.2373ms)
✔ Booking Reconciliation classification (34.6068ms)
▶ Booking Reconciliation persistence
  ✔ [AC-19] atomically opens one create-missing case with causal evidence and Decision (11.1217ms)
  ✔ does not increment booked again when capture already classified Booked (2.2658ms)
  ✔ [AC-20] refreshes new evidence without staling case revision and dedupes Observation replay (3.6759ms)
  ✔ Observation replay does not increment Daily Operations intake again (4.439ms)
  ✔ [AC-28] opens and refreshes a Referral case without Source Scope or Lead suggestion (2.8007ms)
  ✔ [AC-20] allocates next sequence after a resolved case and never reopens it (6.7723ms)
  ✔ [AC-P1][AC-P8] persists Booked pairing snapshot, replay is a no-op, later Priority 5 does not write (2.5464ms)
  ✔ [AC-P1] persist snapshot is priority_5_then_booked and evidence is Booked only (2.4962ms)
  ✔ [AC-P5] Releas/Release with no official Booking opens a booked booking case with release evidence (16.7973ms)
  ✔ [AC-R1] later Releas appends Release evidence on the same open Booked case (2.4014ms)
  ✔ [AC-R2] Releas first opens create-missing; later Booked refreshes the same case (1.8094ms)
  ✔ [AC-R3] official active Booking + Releas opens review_existing_booking with release evidence (1.0088ms)
  ✔ [AC-R4] officially cancelled Booking + Releas is already_current and writes no booking case (0.8281ms)
  ✔ [AC-R5] officially cancelled Booking + Booked still opens booked_after_official_cancellation (0.5677ms)
  ✔ [AC-R6] identity conflict on Release opens a release_* discrepancy and no booking case (0.9408ms)
  ✔ [AC-P2][AC-P3][AC-P4] second Booked refreshes evidence and pairing snapshot (2.1828ms)
  ✔ [AC-39] fails closed when expected employee reconciliation work is absent (0.5001ms)
  ✔ actual Booked on a Granot official Leadless Booking opens review_existing_booking (1.6813ms)
✔ Booking Reconciliation persistence (66.9995ms)
{"level":"info","time":"2026-09-18T21:18:09.948Z","service":"vantage-main-server","env":"development","msg":"granot_lifecycle.booking_case.opened","observability_level":"info","category":"booking","workflow":"granot_booking_reconciliation"}
{"level":"info","time":"2026-09-18T21:18:09.950Z","service":"vantage-main-server","env":"development","msg":"granot_lifecycle.booking_case.opened","observability_level":"info","category":"booking","workflow":"granot_booking_reconciliation"}
{"level":"info","time":"2026-09-18T21:18:09.951Z","service":"vantage-main-server","env":"development","msg":"granot_lifecycle.booking_case.refreshed","observability_level":"info","category":"booking","workflow":"granot_booking_reconciliation"}
{"level":"info","time":"2026-09-18T21:18:09.954Z","service":"vantage-main-server","env":"development","msg":"granot_lifecycle.booking_case.opened","observability_level":"info","category":"booking","workflow":"granot_booking_reconciliation"}
{"level":"info","time":"2026-09-18T21:18:09.954Z","service":"vantage-main-server","env":"development","msg":"granot_lifecycle.booking_case.refreshed","observability_level":"info","category":"booking","workflow":"granot_booking_reconciliation"}
{"level":"info","time":"2026-09-18T21:18:09.958Z","service":"vantage-main-server","env":"development","msg":"granot_lifecycle.booking_case.opened","observability_level":"info","category":"booking","workflow":"granot_booking_reconciliation"}
{"level":"info","time":"2026-09-18T21:18:09.959Z","service":"vantage-main-server","env":"development","msg":"granot_lifecycle.booking_case.refreshed","observability_level":"info","category":"booking","workflow":"granot_booking_reconciliation"}
{"level":"info","time":"2026-09-18T21:18:09.961Z","service":"vantage-main-server","env":"development","msg":"granot_lifecycle.booking_case.opened","observability_level":"info","category":"booking","workflow":"granot_booking_reconciliation"}
{"level":"info","time":"2026-09-18T21:18:09.966Z","service":"vantage-main-server","env":"development","msg":"granot_lifecycle.booking_case.opened","observability_level":"info","category":"booking","workflow":"granot_booking_reconciliation"}
{"level":"info","time":"2026-09-18T21:18:09.968Z","service":"vantage-main-server","env":"development","msg":"granot_lifecycle.booking_case.opened","observability_level":"info","category":"booking","workflow":"granot_booking_reconciliation"}
{"level":"info","time":"2026-09-18T21:18:09.969Z","service":"vantage-main-server","env":"development","msg":"granot_lifecycle.booking_case.refreshed","observability_level":"info","category":"booking","workflow":"granot_booking_reconciliation"}
{"level":"info","time":"2026-09-18T21:18:09.971Z","service":"vantage-main-server","env":"development","msg":"granot_lifecycle.booking_case.opened","observability_level":"info","category":"booking","workflow":"granot_booking_reconciliation"}
{"level":"info","time":"2026-09-18T21:18:09.974Z","service":"vantage-main-server","env":"development","msg":"granot_lifecycle.booking_case.opened","observability_level":"info","category":"booking","workflow":"granot_booking_reconciliation"}
{"level":"info","time":"2026-09-18T21:18:09.990Z","service":"vantage-main-server","env":"development","msg":"granot_lifecycle.booking_case.opened","observability_level":"info","category":"booking","workflow":"granot_booking_reconciliation"}
{"level":"info","time":"2026-09-18T21:18:09.991Z","service":"vantage-main-server","env":"development","msg":"granot_lifecycle.booking_case.refreshed","observability_level":"info","category":"booking","workflow":"granot_booking_reconciliation"}
{"level":"info","time":"2026-09-18T21:18:09.992Z","service":"vantage-main-server","env":"development","msg":"granot_lifecycle.booking_case.opened","observability_level":"info","category":"booking","workflow":"granot_booking_reconciliation"}
{"level":"info","time":"2026-09-18T21:18:09.993Z","service":"vantage-main-server","env":"development","msg":"granot_lifecycle.booking_case.refreshed","observability_level":"info","category":"booking","workflow":"granot_booking_reconciliation"}
{"level":"info","time":"2026-09-18T21:18:09.994Z","service":"vantage-main-server","env":"development","msg":"granot_lifecycle.booking_case.opened","observability_level":"info","category":"booking","workflow":"granot_booking_reconciliation"}
{"level":"info","time":"2026-09-18T21:18:09.998Z","service":"vantage-main-server","env":"development","msg":"granot_lifecycle.booking_case.opened","observability_level":"info","category":"booking","workflow":"granot_booking_reconciliation"}
{"level":"info","time":"2026-09-18T21:18:09.999Z","service":"vantage-main-server","env":"development","msg":"granot_lifecycle.booking_case.refreshed","observability_level":"info","category":"booking","workflow":"granot_booking_reconciliation"}
{"level":"info","time":"2026-09-18T21:18:10.001Z","service":"vantage-main-server","env":"development","msg":"granot_lifecycle.booking_case.opened","observability_level":"info","category":"booking","workflow":"granot_booking_reconciliation"}
✔ [AC-01][AC-35] capture writes a complete v2 webhook receipt with proven auth and no later fields (8.5644ms)
✔ [AC-01][AC-35] header allowlist keeps only the five bounded names (4.4574ms)
✔ [AC-02][AC-35] hashes the credential-redacted payload after allowlisting headers (1.3174ms)
✔ [AC-02] identical webhook deliveries stay distinct receipts and may share the diagnostic hash (1.5313ms)
✔ [AC-01] capture refuses an unproven authentication method before persist (1.4266ms)
✔ [AC-02][AC-33][AC-35] extension channel capture stores one browser_extension receipt and redacts credentials (1.3387ms)
✔ [AC-02] same extension operation ID + same hash replays the existing receipt (1.4062ms)
✔ [AC-02] same extension operation ID + different hash is GRANOT_OPERATION_IDEMPOTENCY_CONFLICT (1.0839ms)
✔ webhook capture records a Daily Operations receipt fact after persist (3.5218ms)
✔ booking_status_changed Booked payload records granot.booked at capture (1.5319ms)
✔ identical webhook deliveries increment Daily Operations once per receipt (1.3384ms)
✔ extension channel capture does not record a Daily Operations fact (0.9773ms)
✔ Booked webhook capture increments class and booked once (1.6695ms)
✔ unclassified booking_status_changed increments class only (0.9673ms)
✔ channel capture replay does not increment Daily Operations (0.9076ms)
✔ [AC-02] automation channel capture stores one granot_http_automation receipt (0.7418ms)
✔ [AC-02] same automation operation ID + different kind is GRANOT_OPERATION_IDEMPOTENCY_CONFLICT (1.0678ms)
✔ Owner selected_lead attaches even when the suggestion is medium (3.1756ms)
✔ no selected_lead and a unique high suggestion auto-attaches (0.7347ms)
✔ no selected_lead and a medium-only suggestion stays Leadless (0.3432ms)
✔ no selected_lead and no suggestion stays Leadless (0.2929ms)
✔ source_scoped_contact never auto-attaches even if confidence were high (0.3979ms)
✔ Sheet intents distinguish attached Confirm from Leadless Confirm and Update (0.5726ms)
✔ Referral is not a Granot official Leadless Booking (0.4175ms)
﹣ Connect happy path attaches the Lead, writes EntityChange, and queues booking_chain (2.039ms) # Replica-set proof is opt-in via GRANOT_LIFECYCLE_REPLICA_TESTS=true.
﹣ Connect already_satisfied on the exact same Lead writes no new Change (0.5382ms) # Replica-set proof is opt-in via GRANOT_LIFECYCLE_REPLICA_TESTS=true.
﹣ Connect exact Idempotency-Key replay returns the durable result (0.3902ms) # Replica-set proof is opt-in via GRANOT_LIFECYCLE_REPLICA_TESTS=true.
﹣ Connect rejects Referral, cancelled, already-booked Lead, and stale revision (0.3968ms) # Replica-set proof is opt-in via GRANOT_LIFECYCLE_REPLICA_TESTS=true.
﹣ Connect flag-off is POLICY_BLOCKED (0.3007ms) # Replica-set proof is opt-in via GRANOT_LIFECYCLE_REPLICA_TESTS=true.
✔ Connect sheet intent is booking_chain / booked_lead.connect_lead (3.339ms)
✔ only Granot official Leadless Bookings without an open case are connectable (0.6299ms)
✔ Connect rejects owner_booking and employee_booking Leadless and any open case (0.5723ms)
✔ Eligible Connect Leads exclude Duplicate, Bad, cancelled, booked, and unmatched Call Leads (0.4509ms)
✔ Source assignment prefers Record Link scope, then employee snapshot, then booking source slug (0.5627ms)
✔ Lead matches booking source on company id, granularity, or slug (0.3596ms)
✔ evaluateConnectPreconditions attaches an eligible unbooked Lead (0.4823ms)
✔ already_satisfied when the Booking already has this exact Lead (0.3989ms)
✔ IDENTITY_CONFLICT when the Booking already has a different Lead (0.3713ms)
✔ IDENTITY_CONFLICT when another Booking already owns the Lead (0.4606ms)
✔ Referral, cancelled, Duplicate, Bad, and unmatched Call Leads are rejected (0.3889ms)
✔ stale booking revision fails closed (0.2191ms)
✔ out-of-scope without override is rejected; with reason it connects (0.4246ms)
✔ empty Connect q does not dump the book (8.9056ms)
✔ Connect Form q hits snapshot paths and omits ineligible Leads (9.718ms)
✔ Connect Call q hits snapshot paths and excludes unmatched Call Leads (2.4476ms)
✔ Connect Call q for Granot-only phone hits snapshot phone paths (4.4702ms)
✔ Connect candidates fail closed on Referral, cancelled, and open-case Bookings (2.6803ms)
﹣ [AC-08] replica concurrent same-Observation replay commits one atomic Form creation chain (3.6123ms) # Replica-set proof requires TEST_MODE=true before process start.
﹣ [AC-08][AC-09] replica Call phone is pending, Job-only is not_applicable, and fabricates no telephony (0.8765ms) # Replica-set proof requires TEST_MODE=true before process start.
﹣ [AC-08] replica Call creation rejects missing or multiple active route assignments (0.7118ms) # Replica-set proof requires TEST_MODE=true before process start.
﹣ [AC-07][AC-08] replica competing scoped Call phone identity creates nothing (0.5099ms) # Replica-set proof requires TEST_MODE=true before process start.
﹣ Race A: existing RingCentral Call Lead synchronizes even with adoption off (4.3834ms) # Replica-set proof requires TEST_MODE=true before process start.
﹣ [AC-08] replica exact replay returns stored refs; checksum conflict creates no partial state (0.6065ms) # Replica-set proof requires TEST_MODE=true before process start.
﹣ [AC-08] replica rollback after reserved-link identity race leaves zero orphan effects (0.6082ms) # Replica-set proof requires TEST_MODE=true before process start.
﹣ [AC-07][AC-08] replica concurrent same-job writers keep one Lead and one active link (0.589ms) # Replica-set proof requires TEST_MODE=true before process start.
﹣ [AC-07][AC-08] replica processor race replans the loser through Unit 18 (0.7965ms) # Replica-set proof requires TEST_MODE=true before process start.
﹣ [AC-08] replica rolls back Lead/link/Change/Decision/Command/outbox stage failures (1.5849ms) # Replica-set proof requires TEST_MODE=true before process start.
✔ [AC-08] idempotency key is observation-scoped and stable (3.9147ms)
✔ [AC-08] checksum covers Observation, model, source-scope, policy version, and creation semantics (5.1993ms)
✔ [AC-08] checksum never includes raw transport envelope or secret-bearing headers (0.6333ms)
✔ [AC-08] command envelope rejects invalid Observation, missing provenance, and wrong idempotency key (2.7203ms)
✔ create_if_missing SMS handoff requires the resolved Lead Source ID from source_scope (0.7764ms)
✔ observation-load create guard allows lead_created only (0.2792ms)
✔ command rejects priority_updated even for Call create_if_missing (0.3444ms)
✔ executeCreation requested_effect stays lead_created (2.1502ms)
✔ both Granot phone-fence sites run without the adoption flag; Job-only still skips (1.275ms)
✔ booking intake selection prefers the latest Booked evidence (3.6077ms)
✔ booking intake selection falls back to the latest creating evidence (0.5456ms)
✔ booking intake selection prefers latest Release when the case has only Release evidence (0.3935ms)
✔ booking intake selection prefers Booked when Booked and Release evidence both exist (0.3363ms)
✔ booking intake creating observation returns the credential-redacted Booked statement (5.3671ms)
✔ booking intake creating observation is absent for missing booking cases (0.3593ms)
✔ [AC-P1] creating observation includes pairing and the preceding Priority 5 snapshot (1.365ms)
✔ [AC-P3] Booked-without-5 still returns 200 with the Booked statement and no paired snapshot (0.6504ms)
✔ Release-only booking case creating observation is preferred_release with null pairing (0.7778ms)
✔ Booked plus Release booking case creating observation stays preferred_booked (0.8908ms)
✔ [AC-P6] historical Priority-5-only remains latest_creating with null pairing (0.6925ms)
✔ cancellation intake selection prefers the latest Release evidence (0.5345ms)
✔ cancellation intake creating observation returns the credential-redacted Release statement (1.0911ms)
✔ intake creating observation uses the booking statement when both collections could match (1.0006ms)
✔ intake creating observation is absent when neither case exists (0.4526ms)
{"level":"info","time":"2026-09-18T21:18:15.770Z","service":"vantage-main-server","env":"development","msg":"granot_lifecycle.processing.completed","receipt_id":"6aad…506b","observation_id":"6aad…506c","decision_id":"6aad…506f","attempt":1,"execution_mode":"historical_shadow","outcome":"linked","reason_code":"record_link_established","duration_ms":7}
✔ [AC-33] equivalent webhook and extension statements normalize to the same identity and Priority (5.9637ms)
✔ [AC-33] equivalent shadow processor outcomes match and produce zero changed paths (16.0313ms)
✔ [AC-02][AC-33] apply-item envelope unwraps to the statement without a second policy (1.7672ms)
✔ [AC-02][AC-33] equivalent webhook and automation statements share Observation identity (0.9738ms)
✔ [AC-33] equivalent webhook and automation shadow desired-state outcomes match (4.0807ms)
✔ [AC-33] equivalent live webhook, extension, and automation desired states match (18.3918ms)
{"level":"info","time":"2026-09-18T21:18:15.772Z","service":"vantage-main-server","env":"development","msg":"granot_lifecycle.processing.completed","observability_level":"info","category":"mongo","workflow":"granot_lifecycle"}
{"level":"info","time":"2026-09-18T21:18:15.774Z","service":"vantage-main-server","env":"development","msg":"granot_lifecycle.processing.completed","receipt_id":"6aad…506d","observation_id":"6aad…506e","decision_id":"6aad…5071","attempt":1,"execution_mode":"historical_shadow","outcome":"linked","reason_code":"record_link_established","duration_ms":1}
{"level":"info","time":"2026-09-18T21:18:15.774Z","service":"vantage-main-server","env":"development","msg":"granot_lifecycle.processing.completed","observability_level":"info","category":"mongo","workflow":"granot_lifecycle"}
{"level":"info","time":"2026-09-18T21:18:15.781Z","service":"vantage-main-server","env":"development","msg":"granot_lifecycle.processing.completed","receipt_id":"6aad…5073","observation_id":"6aad…5074","decision_id":"6aad…5077","attempt":1,"execution_mode":"historical_shadow","outcome":"linked","reason_code":"record_link_established","duration_ms":2}
{"level":"info","time":"2026-09-18T21:18:15.781Z","service":"vantage-main-server","env":"development","msg":"granot_lifecycle.processing.completed","observability_level":"info","category":"mongo","workflow":"granot_lifecycle"}
{"level":"info","time":"2026-09-18T21:18:15.782Z","service":"vantage-main-server","env":"development","msg":"granot_lifecycle.processing.completed","receipt_id":"6aad…5075","observation_id":"6aad…5076","decision_id":"6aad…5079","attempt":1,"execution_mode":"historical_shadow","outcome":"linked","reason_code":"record_link_established","duration_ms":1}
{"level":"info","time":"2026-09-18T21:18:15.782Z","service":"vantage-main-server","env":"development","msg":"granot_lifecycle.processing.completed","observability_level":"info","category":"mongo","workflow":"granot_lifecycle"}
{"level":"info","time":"2026-09-18T21:18:15.796Z","service":"vantage-main-server","env":"development","msg":"granot_lifecycle.processing.completed","receipt_id":"6aad…507b","observation_id":"6aad…507c","decision_id":"6aad…507d","attempt":1,"execution_mode":"live","outcome":"applied","reason_code":"lead_state_changed","duration_ms":12}
{"level":"info","time":"2026-09-18T21:18:15.796Z","service":"vantage-main-server","env":"development","msg":"granot_lifecycle.processing.completed","observability_level":"info","category":"mongo","workflow":"granot_lifecycle"}
{"level":"info","time":"2026-09-18T21:18:15.799Z","service":"vantage-main-server","env":"development","msg":"granot_lifecycle.processing.completed","receipt_id":"6aad…507f","observation_id":"6aad…5080","decision_id":"6aad…5081","attempt":1,"execution_mode":"live","outcome":"applied","reason_code":"lead_state_changed","duration_ms":2}
{"level":"info","time":"2026-09-18T21:18:15.799Z","service":"vantage-main-server","env":"development","msg":"granot_lifecycle.processing.completed","observability_level":"info","category":"mongo","workflow":"granot_lifecycle"}
{"level":"info","time":"2026-09-18T21:18:15.801Z","service":"vantage-main-server","env":"development","msg":"granot_lifecycle.processing.completed","receipt_id":"6aad…5083","observation_id":"6aad…5084","decision_id":"6aad…5085","attempt":1,"execution_mode":"live","outcome":"applied","reason_code":"lead_state_changed","duration_ms":2}
{"level":"info","time":"2026-09-18T21:18:15.801Z","service":"vantage-main-server","env":"development","msg":"granot_lifecycle.processing.completed","observability_level":"info","category":"mongo","workflow":"granot_lifecycle"}
﹣ [AC-36] partial unique index allows one open fingerprint and a resolved history row (2.8694ms) # Replica proof requires testvantagemovers.
﹣ [AC-35][AC-36] No Action is exactly replayable and a revision race has one winner with zero Changes/Sheets (0.7217ms) # Replica proof requires testvantagemovers.
﹣ [AC-26][AC-36] re-evaluation leaves an unchanged current conflict open and exactly replays (0.474ms) # Replica proof requires testvantagemovers.
﹣ [AC-23][AC-35] correction atomically preserves the old link and Lead scope with two Changes and zero official/Sheet effects (0.5565ms) # Replica proof requires testvantagemovers.
﹣ [AC-23][AC-36] correction failure after Change writes rolls back link, discrepancy, Command, and Changes (0.5294ms) # Replica proof requires testvantagemovers.
{"level":"info","time":"2026-09-18T21:18:16.762Z","service":"vantage-main-server","env":"development","msg":"granot_lifecycle.booking_discrepancy.opened","observability_level":"info","category":"admin","workflow":"granot_discrepancy"}
▶ Granot discrepancy fingerprint
  ✔ [AC-35][AC-36] freezes versioned canonical non-PII identity (2.0702ms)
  ✔ [AC-26][AC-27][AC-35] includes every null identity key and excludes evidence/display data (0.9417ms)
✔ Granot discrepancy fingerprint (5.1938ms)
▶ Granot discrepancy persistence
  ✔ [AC-26][AC-36] opens, refreshes, and exactly deduplicates one fingerprint (7.9648ms)
✔ Granot discrepancy persistence (8.3458ms)
{"level":"info","time":"2026-09-18T21:18:16.765Z","service":"vantage-main-server","env":"development","msg":"granot_lifecycle.booking_discrepancy.refreshed","observability_level":"info","category":"admin","workflow":"granot_discrepancy"}
﹣ [AC-30] replica-set two claimants have one winner (4.043ms) # Replica-set proof requires TEST_MODE=true before process start.
﹣ [AC-30] replica-set expired lease recovers and stale owner cannot finalize (1.1186ms) # Replica-set proof requires TEST_MODE=true before process start.
﹣ [AC-30] replica-set attempt 10 dead-letters with zero Decision (0.4497ms) # Replica-set proof requires TEST_MODE=true before process start.
﹣ [AC-37] replica-set concurrent requeue has one winner and one audit (0.4875ms) # Replica-set proof requires TEST_MODE=true before process start.
﹣ [AC-30] replica-set queue and cron due scan share the claim fence (0.3779ms) # Replica-set proof requires TEST_MODE=true before process start.
{"level":"info","time":"2026-09-18T21:18:17.672Z","service":"vantage-main-server","env":"development","msg":"granot_lifecycle.claim.recovered","observability_level":"info","category":"mongo","workflow":"granot_lifecycle","entity_id":"6aadaa...d419"}
✔ claim predicate and update match Section 26 exactly (20.9701ms)
✔ [AC-30] foundation terminal processor outcomes complete and reset technical budget (3.6055ms)
✔ [AC-30] foundation pending_match increments match_attempt once and does not consume technical budget (1.6112ms)
✔ [AC-30] foundation pending_match at 24 hours completes and is not scheduled further (1.7323ms)
✔ [AC-30] foundation insufficient_creation_data completes and is never converted to pending match (0.8624ms)
✔ [AC-30] foundation unknown outcome fails closed as a technical contract error (2.4947ms)
✔ [AC-30] foundation dependency failure creates no Decision and schedules technical retry (2.2587ms)
✔ [AC-30] foundation consecutive technical failure 10 dead-letters with a safe error (2.8028ms)
✔ two claimants have one winner and an unexpired lease cannot be stolen (1.1131ms)
✔ expired lease recovers and increments the recovery counter only after success (3.6935ms)
✔ stale owner cannot renew or finalize (0.6387ms)
✔ processing disabled skips without claiming (0.6372ms)
✔ [AC-30] foundation historical shadow drain creates no forbidden aggregate effects (1.2176ms)
✔ synchronous loser polls at most five seconds and never starts a second processor (1.7755ms)
✔ synchronous completed work returns the stored processor result (0.6289ms)
✔ queue wakeup parser accepts only { receipt_id } (1.2242ms)
﹣ [AC-02] concurrent same operation ID + same hash yields one receipt (2.0263ms) # Replica-set proof is opt-in via GRANOT_LIFECYCLE_REPLICA_TESTS=true.
﹣ [AC-02] concurrent same operation ID + different hash has one winner and 409 (0.5979ms) # Replica-set proof is opt-in via GRANOT_LIFECYCLE_REPLICA_TESTS=true.
✔ [AC-33][AC-35] apply captures a browser_extension receipt then claim/process-or-poll (4.7467ms)
✔ [AC-02] replayed capture still returns the stored processor result (0.6425ms)
✔ [AC-02] accepted_for_processing keeps the same operation ID for refresh (0.691ms)
✔ [AC-33] expected_target disagreement is a non-syncable conflict and never an override (3.0709ms)
✔ [AC-35] compatibility messages are fixed and never echo payload values (0.3722ms)
✔ [AC-32] temporal comparator treats a missing stored winner as newer (1.8763ms)
✔ [AC-32] temporal comparator compares captured_at before Observation ObjectId (0.3704ms)
✔ [AC-32] equal captured_at uses lowercase 24-character Observation ObjectId hex (0.2902ms)
✔ [AC-32] exact same temporal tuple is same and never a second winner (0.2674ms)
✔ [AC-32] no source, channel, or Priority can be encoded in the temporal tuple (3.8855ms)
✔ [AC-39] Booking without a Lead returns Booking Lead Reconciliation delegation only (4.4146ms)
✔ [AC-04] module portion multiple current Bookings are an operational Job conflict (0.7569ms)
✔ [AC-07] module portion Record Link model mismatch is a hard conflict (0.7901ms)
✔ missing Record Link Lead is a hard conflict and not a contact fallback (0.8399ms)
✔ [AC-07] module portion Call ladder never queries phone without Source Granularity (1.5444ms)
✔ Booking owner that differs from a contact candidate is conflict evidence, not reassignment (1.4008ms)
﹣ [AC-07] replica identity is read-only across lifecycle and aggregate collections (2.9128ms) # Replica-set proof requires TEST_MODE=true before process start.
﹣ [AC-13] replica cross-field Agent username contradiction returns no suggestion (0.7104ms) # Replica-set proof requires TEST_MODE=true before process start.
﹣ [AC-39] replica Booking without Lead delegates and writes no case (0.4654ms) # Replica-set proof requires TEST_MODE=true before process start.
﹣ replica active Record Link lookup is findOne and writes nothing (0.3164ms) # Replica-set proof requires TEST_MODE=true before process start.
﹣ [AC-04] replica Call Job query is granularity-scoped and read-only (0.4202ms) # Replica-set proof requires TEST_MODE=true before process start.
✔ [AC-09] identity portion missing or invalid route never queries a Lead (3.5482ms)
✔ [AC-29] identity portion deferred policy and provider type never enter a Lead ladder (0.6682ms)
✔ [AC-03] exact Form ref_no match verifies Source Scope and does not post (3.3018ms)
✔ [AC-03] valid 24-character ObjectId compatibility lookup remains a later rung (1.2343ms)
✔ [AC-03] blank or not-provided Form reference is never queried (1.2602ms)
✔ [AC-04] Form ref with conflicting Source Scope is a hard conflict and stops contact fallback (0.6799ms)
✔ [AC-04] Call Job outside resolved Source Granularity is never a global match (1.1957ms)
✔ [AC-04] Record Link Source Scope conflict does not continue the Form ladder (2.8998ms)
✔ [AC-04] Booking owner with conflicting Source Scope is conflict evidence (0.7776ms)
✔ [AC-07] identity portion returns one deterministic Form target and never queries globally (1.2795ms)
✔ current and immutable Form contact values dedupe to one candidate (0.55ms)
✔ job-only Record Link is evidence and the Form ladder continues (0.4265ms)
✔ usable Record Link with agreeing scope stops on granot_record_link (0.4128ms)
✔ Duplicate Form Lead is ineligible on exact identity (0.3909ms)
✔ Bad Form Lead is priority_only from strong exact identity and excluded from contact matching (0.8549ms)
✔ inbound letter prefix is the same Job as Granot digits (1.8442ms)
✔ conflicting nonempty Job Numbers are a hard conflict (0.3916ms)
✔ multiple eligible Form contact candidates are ambiguous (0.4435ms)
✔ Call Job rung is scoped and Duplicate Call Leads remain readable (0.5767ms)
✔ Call unique Job wins when Observation phone matches a different Lead (0.6401ms)
✔ Call with no Job on the Lead still binds by operational phone (0.4634ms)
✔ two eligible Call Jobs are a conflict (0.3989ms)
✔ Call phone query omits granot_contact_snapshot (0.9154ms)
✔ Call current and ingested phones dedupe to one Lead (0.394ms)
✔ [AC-08] multiple scoped Call phone candidates are a creation conflict (0.4633ms)
✔ [AC-13] identity portion equal usernames suggest one active Agent and never mutate (0.8508ms)
✔ [AC-13] identity portion differing user and rep block Agent suggestion (1.0376ms)
✔ [AC-13] more than one active Agent for one username returns no suggestion (0.3413ms)
✔ Referral policy returns leadless context and performs no Lead search (0.4248ms)
✔ [AC-35] portion last_error strips payload, credentials, and contact text (3.8046ms)
✔ [AC-35] portion last_error keeps a bounded safe code and short message (1.2163ms)
✔ unknown error codes collapse to a bounded technical class (0.6165ms)
✔ [AC-10] WordPress submitted contact and Granot snapshot stay separately identifiable and masked (12.3995ms)
✔ [AC-05] all listed Priority forms canonicalize into desired state; only 1/5 enrich and set quoted true (9.4096ms)
✔ [AC-05] leading-zero canonical 5 enriches; no Priority plans quoted false (0.9923ms)
✔ [AC-06] malformed Priority Update is invalid and plans nothing (1.8192ms)
✔ [AC-06] malformed Priority on Lead Created/Booked/Release skips Priority and continues (1.9966ms)
✔ [AC-07] matched Lead Created selects one target and never plans a second Lead (2.6419ms)
✔ [AC-08] create_if_missing with minimum data authorizes the gated creation command (1.0565ms)
✔ [AC-08] incomplete create_if_missing is exact insufficient_creation_data (0.5829ms)
✔ [AC-09] Local vs long-distance route result controls Form minimum-data eligibility (0.579ms)
✔ [AC-10] WordPress primary contact and immutable snapshot never enter changed paths (0.6563ms)
✔ [AC-11] WordPress immutable move snapshot and Vantage move_size stay unchanged (0.6833ms)
✔ [AC-12] RingCentral Call qualified contact plans Granot Contact Snapshot only (0.8703ms)
✔ granot_lead_created Call later different Granot phone plans snapshot only (0.8161ms)
✔ Priority 8 Call Lead does not plan Granot Contact Snapshot (0.3993ms)
✔ [AC-13] empty receiver fills from one active Agent at a non-1/5 Priority (0.5322ms)
✔ [AC-13] Agent conflict or existing receiver never overwrites (0.4913ms)
✔ [AC-30] link_only pending match persists the next offset and becomes unmatched at 24h (5.3427ms)
✔ [AC-30] incomplete creation data is never scheduled as pending match (0.3238ms)
✔ [AC-32] no-op desired state creates no changed paths (1.1109ms)
✔ Call Lead snapshot formatting-only Granot contact does not remanufacture a change (0.7517ms)
✔ WordPress snapshot formatting-only Granot contact does not remanufacture a change (0.3781ms)
✔ [AC-32] older temporal winner is stale and plans no desired-state effect (0.4237ms)
✔ Bad exact Form target plans only valid Priority; Duplicate has no target (0.459ms)
✔ letter-prefixed Lead Job matches Granot digits and does not conflict (0.6855ms)
✔ equivalent formatting does not manufacture a Job Number change (0.2574ms)
✔ observation_only policy stays evidence-only (0.2378ms)
✔ Call create_if_missing + priority_updated + unmatched + Job is not eligible (0.3085ms)
✔ Call create_if_missing + lead_created stays eligible (0.2471ms)
✔ Form create_if_missing + lead_created stays eligible (0.2492ms)
✔ Call link_only + priority_updated is not eligible (0.3518ms)
✔ Form create_if_missing + priority_updated is not eligible (0.2668ms)
✔ Call create_if_missing + booking_status_changed is not eligible (0.308ms)
✔ invalid Call priority_updated never creates even with create_if_missing (0.3006ms)
✔ SSE snapshot then streams newer receipts and heartbeats before closing (3.1018ms)
✔ SSE reconnect with Last-Event-ID skips the snapshot and continues from the cursor (0.7523ms)
✔ [AC-L4] late intake_link emits receipt_updated without advancing the capture cursor (1.2012ms)
✔ SSE does not emit receipt_updated for a brand-new receipt just sent as receipt (0.9634ms)
✔ extractLiveWebhookLead reads name, contact, job, and move fields from a Granot body (2.347ms)
✔ projectLiveWebhookReceipt keeps webhook lead facts and strips credential keys (2.7902ms)
✔ projectLiveWebhookReceipt ignores extension receipts and unknown event classes (0.4332ms)
✔ live receipt event ids round-trip captured_at and receipt_id (1.6874ms)
✔ [AC-L1] lead_created and priority_updated keep observation_id but never a non-null intake_link (1.7628ms)
✔ [AC-L2] booking_status_changed links the unique booking case that holds the Observation (1.0533ms)
✔ [AC-L3] empty, unsupported, or discrepancy-only booking_status_changed never gets an intake_link (0.7419ms)
✔ [AC-L5] two receipts on the same job only link the Observation that is on the case (0.6816ms)
✔ duplicate booking cases for one Observation fail closed and record an operational event (0.6625ms)
✔ missing Observation yields null observation_id and intake_link (0.5308ms)
✔ [AC-35] portion Unit 08 metrics accept only bounded error-code labels (2.5457ms)
✔ [AC-31][AC-35] Section 33 metric names stay exact and receipt labels stay closed (1.9868ms)
✔ [AC-18][AC-19] Booking-case gauge is current cardinality, not an evidence counter (0.6417ms)
✔ [AC-05][AC-06] one receipt upserts one Observation and sequential reprocess reuses it (6.3311ms)
✔ [AC-05] concurrent same-candidate inserts collapse to one stored row (1.0357ms)
✔ [AC-05] a differing candidate fails closed and does not overwrite stored evidence (1.4859ms)
✔ [AC-06] invalid and unsupported results persist as completed classifications (1.0583ms)
✔ [AC-05] technical insert failure creates no partial second row (0.5054ms)
✔ [AC-05][AC-29] upsertGranotObservation normalizes an already-read receipt without Registry or aggregate fields (6.7739ms)
✔ [AC-05][AC-06][AC-25][AC-29] every Unit 01 fixture produces the expected normalized facts (10.622ms)
✔ [AC-05] Priority 0, 1, 5, 8, 05, all-zero, and 12-digit retain raw/canonical/valid without enrichment (1.0055ms)
✔ [AC-06] missing or malformed Priority invalidates Priority Update only (0.7717ms)
✔ [AC-25] exact Booked, Releas, and Release aliases normalize; Released and prefixes do not (0.4836ms)
✔ [AC-29] type=AUTO stays provider context and does not supply source classification (0.547ms)
✔ [AC-05] webhook, extension, and automation parity fixtures share normalized business fields (1.0849ms)
✔ [AC-06] lead_created payload event type is accepted case-insensitively (0.3967ms)
✔ [AC-06] non-object payload and route/event conflicts persist as terminal invalid vocabulary (0.8663ms)
✔ [AC-06] unsupported Booking Action is not upgraded or downgraded by Priority (0.4688ms)
✔ [AC-05][AC-29] source, identity, contact, move, money, and agent rules cover NFKC, bounds, and invalid dates (55.2891ms)
✔ [AC-05] omitted service_type and unused cubic_rate do not change extracted webhook facts (0.7139ms)
✔ [AC-05] display money never becomes domain command input (0.4317ms)
✔ fixture inventory paths normalize Windows and POSIX separators identically (2.4073ms)
✔ [AC-03][AC-05][AC-06][AC-29] every committed fixture satisfies the strict contract (5.2011ms)
✔ [AC-03][AC-05][AC-06][AC-29] invalid fixture authority and metadata combinations are rejected (5.8981ms)
✔ [AC-03] identity fixtures preserve exact-reference priority and blank compatibility boundaries (0.6612ms)
✔ [AC-05] valid Priority fixtures freeze raw and canonical values without false downgrade authority (0.9221ms)
✔ [AC-06] malformed Priority and exact Booking Action aliases retain independent behavior (0.4676ms)
✔ [AC-29] source labels remain separate from provider type and deferred effects (0.4551ms)
✔ [AC-05][AC-06] equivalent statements seed cross-channel normalization parity (0.5939ms)
✔ [AC-03][AC-05][AC-06][AC-29] scanner accepts all schema-validated fixture sources (1179.766ms)
✔ [AC-03][AC-05][AC-06][AC-29] scanner rejects injected sensitive material with safe locations only (311.7861ms)
✔ [AC-03][AC-05][AC-06][AC-29] scanner rejects raw and prohibited fixture source paths (0.6898ms)
✔ [AC-03][AC-05][AC-06][AC-29] recursive inventory rejects alternate durable fixture sources (27.7471ms)
{"level":"info","time":"2026-09-18T21:18:23.360Z","service":"vantage-main-server","env":"development","msg":"granot_lifecycle.booking_case.opened","observability_level":"info","category":"admin","workflow":"granot_lifecycle"}
✔ [AC-35][AC-37] Unit 30 event catalog is frozen and aliases are one-way (3.5144ms)
✔ [AC-35] sanitizer drops payload, contact, credentials, and free-form reason text (0.9396ms)
✔ [AC-35] sanitizer masks identifiers case-insensitively and retains bounded conflict codes (0.3973ms)
✔ [AC-35] unknown catalog keys are dropped and emission never throws (3.9538ms)
✔ [AC-31][AC-37] apply/replay/conflict stay distinguishable and replay emits no resolve (1.296ms)
✔ [AC-35] owner command conflicts increment closed codes only (1.2986ms)
{"level":"info","time":"2026-09-18T21:18:23.363Z","service":"vantage-main-server","env":"development","msg":"granot_lifecycle.owner_command.applied","observability_level":"info","category":"admin","workflow":"granot_lifecycle"}
{"level":"info","time":"2026-09-18T21:18:23.363Z","service":"vantage-main-server","env":"development","msg":"granot_lifecycle.booking_case.resolved","observability_level":"info","category":"admin","workflow":"granot_lifecycle"}
{"level":"info","time":"2026-09-18T21:18:23.363Z","service":"vantage-main-server","env":"development","msg":"granot_lifecycle.owner_command.replayed","observability_level":"info","category":"admin","workflow":"granot_lifecycle"}
{"level":"warn","time":"2026-09-18T21:18:23.364Z","service":"vantage-main-server","env":"development","msg":"granot_lifecycle.owner_command.conflict","observability_level":"warn","category":"admin","workflow":"granot_lifecycle"}
{"level":"warn","time":"2026-09-18T21:18:23.365Z","service":"vantage-main-server","env":"development","msg":"granot_lifecycle.owner_command.conflict","observability_level":"warn","category":"admin","workflow":"granot_lifecycle"}
﹣ [AC-31][AC-35][AC-37][AC-38] replica health counts come from Mongo and do not mutate official facts (3.0461ms) # Replica-set proof requires TEST_MODE=true before process start.
{"level":"info","time":"2026-09-18T21:18:23.454Z","service":"vantage-main-server","env":"development","msg":"granot_lifecycle.activation.committed","activation_id":"6aadaa...9044","activated_at":"2026-08-17T16:00:00.000Z","processor_version":"granot-lifecycle-processor-v1","request_id":"req-activation-test"}
✔ [AC-31] foundation Owner activation is write-once and returns a safe projection (6.944ms)
✔ [AC-31] foundation Admin without Owner cannot activate (0.6056ms)
✔ [AC-31] activation audit failure cannot roll back the committed activation (1.0188ms)
﹣ [AC-31] foundation replica-set concurrent activation has one winner (0.5121ms) # Replica-set proof is opt-in via GRANOT_LIFECYCLE_REPLICA_TESTS=true.
✔ [AC-37] Owner requeue moves dead_letter to pending without replacing evidence (1.9394ms)
✔ [AC-37] requeue audit failure cannot roll back the receipt transition (0.9163ms)
✔ [AC-37] requeue of completed or claimed work conflicts and creates no audit (1.2553ms)
✔ [AC-37] missing receipt returns GRANOT_RECEIPT_NOT_FOUND (0.6517ms)
✔ [AC-37] Admin without Owner cannot requeue (0.3674ms)
✔ [AC-35] portion activation projection omits reason and actor PII (0.5392ms)
{"level":"info","time":"2026-09-18T21:18:23.460Z","service":"vantage-main-server","env":"development","msg":"granot_lifecycle.activation.committed","activation_id":"6aadaa...9045","activated_at":"2026-08-17T16:00:00.000Z","processor_version":"granot-lifecycle-processor-v1","request_id":"req-activation-test"}
{"level":"info","time":"2026-09-18T21:18:23.462Z","service":"vantage-main-server","env":"development","msg":"granot_lifecycle.manual_requeue.committed","receipt_id":"6aadaa...9046","prior_state":"dead_letter","new_state":"pending","manual_requeue_count":1,"request_id":"req-activation-test"}
{"level":"info","time":"2026-09-18T21:18:23.463Z","service":"vantage-main-server","env":"development","msg":"granot_lifecycle.manual_requeue.committed","receipt_id":"6aadaa...9048","prior_state":"dead_letter","new_state":"pending","manual_requeue_count":1,"request_id":"req-activation-test"}
﹣ [AC-32] replica temporal CAS one winner advances metadata without revision/Change/outbox (5.3765ms) # Replica-set proof requires TEST_MODE=true before process start.
﹣ [AC-32] replica concurrent temporal loser re-evaluates stale and does not persist already_current (2.8888ms) # Replica-set proof requires TEST_MODE=true before process start.
{"level":"info","time":"2026-09-18T21:18:26.740Z","service":"vantage-main-server","env":"development","msg":"granot_lifecycle.processing.completed","receipt_id":"6aad…71d9","observation_id":"6aad…71d8","decision_id":"6aad…71dd","attempt":1,"execution_mode":"live","outcome":"pending_match","reason_code":"pending_source_scoped_match","duration_ms":16}
✔ [AC-18] processor does not invoke Booking reconciliation for Priority 5 (38.2639ms)
✔ [AC-18] Priority 5 with booking cases enabled still applies lead desired-state (12.0647ms)
✔ [AC-18][AC-19] processor invokes Booking reconciliation only in live gate-enabled posture (6.6659ms)
✔ [AC-25][AC-26][AC-27][AC-P5] processor invokes Booking reconciliation for live gate-enabled Release evidence (2.8493ms)
✔ [AC-26][AC-27][AC-36][AC-R6] processor persists Release identity conflict through the discrepancy module (2.2202ms)
✔ [AC-R4] officially cancelled Booking + Release is already_current via Booking reconciliation (3.1196ms)
✔ Release booking-case early-return does not invoke synchronizeLeadFromGranot (3.7491ms)
✔ [AC-02] portion identical webhook evidence in two receipts creates two Decisions (3.0727ms)
✔ [AC-02] portion same observation/attempt replay returns one Decision (2.0253ms)
✔ [AC-02] portion a differing stored Decision is an integrity failure (7.0382ms)
✔ [AC-31] foundation pre-activation receipts stay historical and create no live effects (1.6625ms)
✔ [AC-31] foundation live-shadow Decisions are not promoted and mutate no Record Link (3.1503ms)
✔ [AC-32] portion historical establishment, confirmation, and conflict keep one active link (7.5175ms)
✔ [AC-32] portion invalid, unsupported, and unclassified paths create no link or forbidden effects (6.5313ms)
✔ processing disabled refuses unless a test supplies config (0.7549ms)
✔ [AC-31] foundation live configuration with no match stays pending and mutates no Lead (1.1261ms)
﹣ [AC-32] portion replica-set Decision+link persist atomically and unique job races keep one active link (4.772ms) # Replica-set proof requires TEST_MODE=true before process start.
✔ [AC-07] shadow matched Lead Created records one target and never claims a second Lead (1.8511ms)
✔ [AC-08] foundation eligible create_if_missing stays suppressed with no reservation (1.6127ms)
✔ [AC-30] processor emits terminal unmatched at 24 hours (1.4127ms)
✔ [AC-06] malformed Priority on Lead Created continues independent identity work (1.3573ms)
✔ [AC-32] shadow no-op already_current writes no Change, Sheet, or Record Link (1.2849ms)
✔ [AC-32] live test posture advances metadata-only winner and does not emit Change (1.4029ms)
✔ [AC-32] CAS loser re-evaluates as stale and never persists already_current (2.3775ms)
✔ gate snapshot uses real policy facts in stable eight-name order (1.4395ms)
✔ [AC-35] portion Decision metrics use only bounded enum labels (1.0593ms)
✔ [AC-05][AC-07] live authorized matched write invokes synchronizeLeadFromGranot once (3.9999ms)
✔ [AC-32] live applied Decision replays without a second command after the Lead is current (1.0091ms)
✔ [AC-32] lost live command race replans as stale and never persists applied (3.8495ms)
✔ [AC-32] already_current exact link does not invoke the command (1.1625ms)
✔ [AC-32] stale classification does not invoke the command (1.3439ms)
✔ [AC-32] inactive Source Company is policy_blocked and never invokes the command (1.3524ms)
✔ [AC-07] live already_current with no active link still invokes association (1.6156ms)
✔ [AC-08] live eligible no-match invokes createLeadFromGranot once with the exact no-patch command (2.8243ms)
✔ [AC-08] live authorized Job-only Call invokes creation and multiple candidates block it (7.7872ms)
✔ RingCentral-origin Call Lead plus later Granot Call observation synchronizes and does not create (8.2562ms)
✔ fence identity race replans Call create_if_missing onto the RingCentral Call Lead (2.4887ms)
✔ Call Job versus phone pointing at two Leads is job_number_conflict and never creates (1.4544ms)
✔ [AC-07] live matched Lead Created never invokes createLeadFromGranot (1.7445ms)
✔ [AC-07] identity race winner replans through Unit 18 and never retries blind creation (5.2645ms)
✔ [AC-07] lead-less active link reservation replans as record-link conflict (1.9314ms)
✔ [AC-07] unrelated duplicate-key failures remain technical errors (1.2102ms)
✔ [AC-08] disabled, shadow, incomplete, and route-failure paths create no command (4.4527ms)
✔ [AC-09] live Form same states select Local; differing states select long-distance; invalid ZIP/state create no command (4.6633ms)
✔ pending_match records granot.pending_match with parent_receipt_id (1.842ms)
✔ unmatched records granot.unmatched and created is not minted by the processor (1.7195ms)
✔ same observation/attempt replay does not increment Daily Operations again (1.5338ms)
{"level":"info","time":"2026-09-18T21:18:26.742Z","service":"vantage-main-server","env":"development","msg":"granot_lifecycle.processing.completed","observability_level":"info","category":"mongo","workflow":"granot_lifecycle"}
{"level":"info","time":"2026-09-18T21:18:26.758Z","service":"vantage-main-server","env":"development","msg":"granot_lifecycle.processing.completed","receipt_id":"6aad…71df","observation_id":"6aad…71de","decision_id":"6aad…71e4","attempt":1,"execution_mode":"live","outcome":"applied","reason_code":"lead_state_changed","duration_ms":10}
{"level":"info","time":"2026-09-18T21:18:26.758Z","service":"vantage-main-server","env":"development","msg":"granot_lifecycle.processing.completed","observability_level":"info","category":"mongo","workflow":"granot_lifecycle"}
{"level":"info","time":"2026-09-18T21:18:26.763Z","service":"vantage-main-server","env":"development","msg":"granot_lifecycle.processing.completed","receipt_id":"6aad…71e7","observation_id":"6aad…71e6","decision_id":"6aad…71eb","attempt":1,"execution_mode":"live","outcome":"linked","reason_code":"booking_case_opened","duration_ms":3}
{"level":"info","time":"2026-09-18T21:18:26.763Z","service":"vantage-main-server","env":"development","msg":"granot_lifecycle.processing.completed","observability_level":"info","category":"mongo","workflow":"granot_lifecycle"}
{"level":"info","time":"2026-09-18T21:18:26.765Z","service":"vantage-main-server","env":"development","msg":"granot_lifecycle.processing.completed","receipt_id":"6aad…71e7","observation_id":"6aad…71e6","decision_id":"6aad…71f0","attempt":1,"execution_mode":"live","outcome":"pending_match","reason_code":"pending_source_scoped_match","duration_ms":1}
{"level":"info","time":"2026-09-18T21:18:26.765Z","service":"vantage-main-server","env":"development","msg":"granot_lifecycle.processing.completed","observability_level":"info","category":"mongo","workflow":"granot_lifecycle"}
{"level":"info","time":"2026-09-18T21:18:26.767Z","service":"vantage-main-server","env":"development","msg":"granot_lifecycle.processing.completed","receipt_id":"6aad…71f2","observation_id":"6aad…71f1","decision_id":"6aad…71f6","attempt":1,"execution_mode":"live","outcome":"linked","reason_code":"booking_case_opened","duration_ms":1}
{"level":"info","time":"2026-09-18T21:18:26.767Z","service":"vantage-main-server","env":"development","msg":"granot_lifecycle.processing.completed","observability_level":"info","category":"mongo","workflow":"granot_lifecycle"}
{"level":"info","time":"2026-09-18T21:18:26.768Z","service":"vantage-main-server","env":"development","msg":"granot_lifecycle.processing.completed","receipt_id":"6aad…71f2","observation_id":"6aad…71f1","decision_id":"6aad…71fb","attempt":1,"execution_mode":"live","outcome":"pending_match","reason_code":"pending_source_scoped_match","duration_ms":1}
{"level":"info","time":"2026-09-18T21:18:26.768Z","service":"vantage-main-server","env":"development","msg":"granot_lifecycle.processing.completed","observability_level":"info","category":"mongo","workflow":"granot_lifecycle"}
{"level":"info","time":"2026-09-18T21:18:26.770Z","service":"vantage-main-server","env":"development","msg":"granot_lifecycle.processing.completed","receipt_id":"6aad…71fd","observation_id":"6aad…71fc","decision_id":"6aad…7201","attempt":1,"execution_mode":"live","outcome":"conflict","reason_code":"release_discrepancy_opened","duration_ms":1}
{"level":"info","time":"2026-09-18T21:18:26.770Z","service":"vantage-main-server","env":"development","msg":"granot_lifecycle.processing.completed","observability_level":"info","category":"mongo","workflow":"granot_lifecycle"}
{"level":"info","time":"2026-09-18T21:18:26.772Z","service":"vantage-main-server","env":"development","msg":"granot_lifecycle.processing.completed","receipt_id":"6aad…7204","observation_id":"6aad…7203","decision_id":"6aad…7209","attempt":1,"execution_mode":"live","outcome":"already_current","reason_code":"booking_already_cancelled","duration_ms":1}
{"level":"info","time":"2026-09-18T21:18:26.772Z","service":"vantage-main-server","env":"development","msg":"granot_lifecycle.processing.completed","observability_level":"info","category":"mongo","workflow":"granot_lifecycle"}
{"level":"info","time":"2026-09-18T21:18:26.776Z","service":"vantage-main-server","env":"development","msg":"granot_lifecycle.processing.completed","receipt_id":"6aad…720b","observation_id":"6aad…720a","decision_id":"6aad…7210","attempt":1,"execution_mode":"live","outcome":"linked","reason_code":"booking_case_opened","duration_ms":1}
{"level":"info","time":"2026-09-18T21:18:26.776Z","service":"vantage-main-server","env":"development","msg":"granot_lifecycle.processing.completed","observability_level":"info","category":"mongo","workflow":"granot_lifecycle"}
{"level":"info","time":"2026-09-18T21:18:26.778Z","service":"vantage-main-server","env":"development","msg":"granot_lifecycle.processing.completed","receipt_id":"6aad…720b","observation_id":"6aad…720a","decision_id":"6aad…7215","attempt":1,"execution_mode":"live","outcome":"linked","reason_code":"booking_case_refreshed","duration_ms":1}
{"level":"info","time":"2026-09-18T21:18:26.778Z","service":"vantage-main-server","env":"development","msg":"granot_lifecycle.processing.completed","observability_level":"info","category":"mongo","workflow":"granot_lifecycle"}
{"level":"info","time":"2026-09-18T21:18:26.780Z","service":"vantage-main-server","env":"development","msg":"granot_lifecycle.processing.completed","receipt_id":"6aad…7218","observation_id":"6aad…7217","decision_id":"6aad…7222","attempt":1,"execution_mode":"historical_shadow","outcome":"linked","reason_code":"record_link_established","duration_ms":1}
{"level":"info","time":"2026-09-18T21:18:26.780Z","service":"vantage-main-server","env":"development","msg":"granot_lifecycle.processing.completed","observability_level":"info","category":"mongo","workflow":"granot_lifecycle"}
{"level":"info","time":"2026-09-18T21:18:26.781Z","service":"vantage-main-server","env":"development","msg":"granot_lifecycle.processing.completed","receipt_id":"6aad…7219","observation_id":"6aad…721a","decision_id":"6aad…7224","attempt":1,"execution_mode":"historical_shadow","outcome":"linked","reason_code":"record_link_established","duration_ms":1}
{"level":"info","time":"2026-09-18T21:18:26.781Z","service":"vantage-main-server","env":"development","msg":"granot_lifecycle.processing.completed","observability_level":"info","category":"mongo","workflow":"granot_lifecycle"}
{"level":"info","time":"2026-09-18T21:18:26.782Z","service":"vantage-main-server","env":"development","msg":"granot_lifecycle.processing.completed","receipt_id":"6aad…7227","observation_id":"6aad…7226","decision_id":"6aad…722b","attempt":1,"execution_mode":"historical_shadow","outcome":"linked","reason_code":"record_link_established","duration_ms":0}
{"level":"info","time":"2026-09-18T21:18:26.783Z","service":"vantage-main-server","env":"development","msg":"granot_lifecycle.processing.completed","observability_level":"info","category":"mongo","workflow":"granot_lifecycle"}
{"level":"info","time":"2026-09-18T21:18:26.792Z","service":"vantage-main-server","env":"development","msg":"granot_lifecycle.processing.completed","receipt_id":"6aad…7237","observation_id":"6aad…7236","decision_id":"6aad…723b","attempt":1,"execution_mode":"historical_shadow","outcome":"linked","reason_code":"record_link_established","duration_ms":1}
{"level":"info","time":"2026-09-18T21:18:26.792Z","service":"vantage-main-server","env":"development","msg":"granot_lifecycle.processing.completed","observability_level":"info","category":"mongo","workflow":"granot_lifecycle"}
{"level":"info","time":"2026-09-18T21:18:26.795Z","service":"vantage-main-server","env":"development","msg":"granot_lifecycle.processing.completed","receipt_id":"6aad…723e","observation_id":"6aad…723d","decision_id":"6aad…7242","attempt":1,"execution_mode":"live_shadow","outcome":"pending_match","reason_code":"pending_source_scoped_match","duration_ms":2}
{"level":"info","time":"2026-09-18T21:18:26.795Z","service":"vantage-main-server","env":"development","msg":"granot_lifecycle.processing.completed","observability_level":"info","category":"mongo","workflow":"granot_lifecycle"}
{"level":"info","time":"2026-09-18T21:18:26.801Z","service":"vantage-main-server","env":"development","msg":"granot_lifecycle.processing.completed","receipt_id":"6aad…7247","observation_id":"6aad…7246","decision_id":"6aad…7248","attempt":1,"execution_mode":"historical_shadow","outcome":"linked","reason_code":"record_link_established","duration_ms":1}
{"level":"info","time":"2026-09-18T21:18:26.801Z","service":"vantage-main-server","env":"development","msg":"granot_lifecycle.processing.completed","observability_level":"info","category":"mongo","workflow":"granot_lifecycle"}
{"level":"info","time":"2026-09-18T21:18:26.802Z","service":"vantage-main-server","env":"development","msg":"granot_lifecycle.processing.completed","receipt_id":"6aad…724a","observation_id":"6aad…724b","decision_id":"6aad…724d","attempt":1,"execution_mode":"historical_shadow","outcome":"linked","reason_code":"record_link_confirmed","duration_ms":1}
{"level":"info","time":"2026-09-18T21:18:26.802Z","service":"vantage-main-server","env":"development","msg":"granot_lifecycle.processing.completed","observability_level":"info","category":"mongo","workflow":"granot_lifecycle"}
{"level":"info","time":"2026-09-18T21:18:26.803Z","service":"vantage-main-server","env":"development","msg":"granot_lifecycle.processing.completed","receipt_id":"6aad…7250","observation_id":"6aad…7251","decision_id":"6aad…7254","attempt":1,"execution_mode":"historical_shadow","outcome":"conflict","reason_code":"record_link_conflict","duration_ms":1}
{"level":"info","time":"2026-09-18T21:18:26.803Z","service":"vantage-main-server","env":"development","msg":"granot_lifecycle.processing.completed","observability_level":"info","category":"mongo","workflow":"granot_lifecycle"}
{"level":"info","time":"2026-09-18T21:18:26.804Z","service":"vantage-main-server","env":"development","msg":"granot_lifecycle.processing.completed","receipt_id":"6aad…7256","observation_id":"6aad…7255","decision_id":"6aad…725b","attempt":1,"execution_mode":"historical_shadow","outcome":"invalid","reason_code":"invalid_priority_update","duration_ms":0}
{"level":"info","time":"2026-09-18T21:18:26.804Z","service":"vantage-main-server","env":"development","msg":"granot_lifecycle.processing.completed","observability_level":"info","category":"mongo","workflow":"granot_lifecycle"}
{"level":"info","time":"2026-09-18T21:18:26.805Z","service":"vantage-main-server","env":"development","msg":"granot_lifecycle.processing.completed","receipt_id":"6aad…725d","observation_id":"6aad…725c","decision_id":"6aad…7262","attempt":1,"execution_mode":"historical_shadow","outcome":"unsupported","reason_code":"unsupported_booking_action","duration_ms":0}
{"level":"info","time":"2026-09-18T21:18:26.805Z","service":"vantage-main-server","env":"development","msg":"granot_lifecycle.processing.completed","observability_level":"info","category":"mongo","workflow":"granot_lifecycle"}
{"level":"info","time":"2026-09-18T21:18:26.809Z","service":"vantage-main-server","env":"development","msg":"granot_lifecycle.processing.completed","receipt_id":"6aad…7264","observation_id":"6aad…7263","decision_id":"6aad…7266","attempt":1,"execution_mode":"historical_shadow","outcome":"policy_blocked","reason_code":"source_unclassified","duration_ms":4}
{"level":"info","time":"2026-09-18T21:18:26.810Z","service":"vantage-main-server","env":"development","msg":"granot_lifecycle.processing.completed","observability_level":"info","category":"mongo","workflow":"granot_lifecycle"}
{"level":"info","time":"2026-09-18T21:18:26.812Z","service":"vantage-main-server","env":"development","msg":"granot_lifecycle.processing.completed","receipt_id":"6aad…726e","observation_id":"6aad…726d","decision_id":"6aad…7272","attempt":1,"execution_mode":"live","outcome":"pending_match","reason_code":"pending_source_scoped_match","duration_ms":0}
{"level":"info","time":"2026-09-18T21:18:26.812Z","service":"vantage-main-server","env":"development","msg":"granot_lifecycle.processing.completed","observability_level":"info","category":"mongo","workflow":"granot_lifecycle"}
{"level":"info","time":"2026-09-18T21:18:26.818Z","service":"vantage-main-server","env":"development","msg":"granot_lifecycle.processing.completed","receipt_id":"6aad…7274","observation_id":"6aad…7273","decision_id":"6aad…7279","attempt":1,"execution_mode":"live_shadow","outcome":"policy_blocked","reason_code":"shadow_effect_suppressed","duration_ms":0}
{"level":"info","time":"2026-09-18T21:18:26.818Z","service":"vantage-main-server","env":"development","msg":"granot_lifecycle.processing.completed","observability_level":"info","category":"mongo","workflow":"granot_lifecycle"}
{"level":"info","time":"2026-09-18T21:18:26.820Z","service":"vantage-main-server","env":"development","msg":"granot_lifecycle.processing.completed","receipt_id":"6aad…727b","observation_id":"6aad…727a","decision_id":"6aad…727f","attempt":1,"execution_mode":"live_shadow","outcome":"policy_blocked","reason_code":"shadow_effect_suppressed","duration_ms":1}
{"level":"info","time":"2026-09-18T21:18:26.820Z","service":"vantage-main-server","env":"development","msg":"granot_lifecycle.processing.completed","observability_level":"info","category":"mongo","workflow":"granot_lifecycle"}
{"level":"info","time":"2026-09-18T21:18:26.822Z","service":"vantage-main-server","env":"development","msg":"granot_lifecycle.processing.completed","receipt_id":"6aad…7281","observation_id":"6aad…7280","decision_id":"6aad…7285","attempt":9,"execution_mode":"live_shadow","outcome":"unmatched","reason_code":"match_window_expired","duration_ms":1}
{"level":"info","time":"2026-09-18T21:18:26.822Z","service":"vantage-main-server","env":"development","msg":"granot_lifecycle.processing.completed","observability_level":"info","category":"mongo","workflow":"granot_lifecycle"}
{"level":"info","time":"2026-09-18T21:18:26.823Z","service":"vantage-main-server","env":"development","msg":"granot_lifecycle.processing.completed","receipt_id":"6aad…7287","observation_id":"6aad…7286","decision_id":"6aad…728c","attempt":1,"execution_mode":"live_shadow","outcome":"policy_blocked","reason_code":"shadow_effect_suppressed","duration_ms":0}
{"level":"info","time":"2026-09-18T21:18:26.823Z","service":"vantage-main-server","env":"development","msg":"granot_lifecycle.processing.completed","observability_level":"info","category":"mongo","workflow":"granot_lifecycle"}
{"level":"info","time":"2026-09-18T21:18:26.824Z","service":"vantage-main-server","env":"development","msg":"granot_lifecycle.processing.completed","receipt_id":"6aad…728e","observation_id":"6aad…728d","decision_id":"6aad…7293","attempt":1,"execution_mode":"live_shadow","outcome":"already_current","reason_code":"desired_state_already_current","duration_ms":0}
{"level":"info","time":"2026-09-18T21:18:26.825Z","service":"vantage-main-server","env":"development","msg":"granot_lifecycle.processing.completed","observability_level":"info","category":"mongo","workflow":"granot_lifecycle"}
{"level":"info","time":"2026-09-18T21:18:26.826Z","service":"vantage-main-server","env":"development","msg":"granot_lifecycle.processing.completed","receipt_id":"6aad…7295","observation_id":"6aad…7294","decision_id":"6aad…729e","attempt":1,"execution_mode":"live","outcome":"already_current","reason_code":"desired_state_already_current","duration_ms":1}
{"level":"info","time":"2026-09-18T21:18:26.826Z","service":"vantage-main-server","env":"development","msg":"granot_lifecycle.processing.completed","observability_level":"info","category":"mongo","workflow":"granot_lifecycle"}
{"level":"info","time":"2026-09-18T21:18:26.828Z","service":"vantage-main-server","env":"development","msg":"granot_lifecycle.processing.completed","receipt_id":"6aad…72a0","observation_id":"6aad…729f","decision_id":"6aad…72ab","attempt":1,"execution_mode":"live","outcome":"stale","reason_code":"older_than_temporal_winner","duration_ms":1}
{"level":"info","time":"2026-09-18T21:18:26.828Z","service":"vantage-main-server","env":"development","msg":"granot_lifecycle.processing.completed","observability_level":"info","category":"mongo","workflow":"granot_lifecycle"}
{"level":"info","time":"2026-09-18T21:18:26.830Z","service":"vantage-main-server","env":"development","msg":"granot_lifecycle.processing.completed","receipt_id":"6aad…72ad","observation_id":"6aad…72ac","decision_id":"6aad…72b1","attempt":1,"execution_mode":"historical_shadow","outcome":"linked","reason_code":"record_link_established","duration_ms":1}
{"level":"info","time":"2026-09-18T21:18:26.830Z","service":"vantage-main-server","env":"development","msg":"granot_lifecycle.processing.completed","observability_level":"info","category":"mongo","workflow":"granot_lifecycle"}
{"level":"info","time":"2026-09-18T21:18:26.831Z","service":"vantage-main-server","env":"development","msg":"granot_lifecycle.processing.completed","receipt_id":"6aad…72b4","observation_id":"6aad…72b3","decision_id":"6aad…72b8","attempt":1,"execution_mode":"historical_shadow","outcome":"linked","reason_code":"record_link_established","duration_ms":0}
{"level":"info","time":"2026-09-18T21:18:26.831Z","service":"vantage-main-server","env":"development","msg":"granot_lifecycle.processing.completed","observability_level":"info","category":"mongo","workflow":"granot_lifecycle"}
{"level":"info","time":"2026-09-18T21:18:26.835Z","service":"vantage-main-server","env":"development","msg":"granot_lifecycle.processing.completed","receipt_id":"6aad…72bb","observation_id":"6aad…72ba","decision_id":"6aad…72c0","attempt":1,"execution_mode":"live","outcome":"applied","reason_code":"lead_state_changed","duration_ms":3}
{"level":"info","time":"2026-09-18T21:18:26.835Z","service":"vantage-main-server","env":"development","msg":"granot_lifecycle.processing.completed","observability_level":"info","category":"mongo","workflow":"granot_lifecycle"}
{"level":"info","time":"2026-09-18T21:18:26.840Z","service":"vantage-main-server","env":"development","msg":"granot_lifecycle.processing.completed","receipt_id":"6aad…72cd","observation_id":"6aad…72cc","decision_id":"6aad…72da","attempt":1,"execution_mode":"live","outcome":"stale","reason_code":"older_than_temporal_winner","duration_ms":3}
{"level":"info","time":"2026-09-18T21:18:26.840Z","service":"vantage-main-server","env":"development","msg":"granot_lifecycle.processing.completed","observability_level":"info","category":"mongo","workflow":"granot_lifecycle"}
{"level":"info","time":"2026-09-18T21:18:26.841Z","service":"vantage-main-server","env":"development","msg":"granot_lifecycle.processing.completed","receipt_id":"6aad…72dc","observation_id":"6aad…72db","decision_id":"6aad…72e5","attempt":1,"execution_mode":"live","outcome":"already_current","reason_code":"desired_state_already_current","duration_ms":0}
{"level":"info","time":"2026-09-18T21:18:26.841Z","service":"vantage-main-server","env":"development","msg":"granot_lifecycle.processing.completed","observability_level":"info","category":"mongo","workflow":"granot_lifecycle"}
{"level":"info","time":"2026-09-18T21:18:26.843Z","service":"vantage-main-server","env":"development","msg":"granot_lifecycle.processing.completed","receipt_id":"6aad…72e7","observation_id":"6aad…72e6","decision_id":"6aad…72f0","attempt":1,"execution_mode":"live","outcome":"stale","reason_code":"older_than_temporal_winner","duration_ms":1}
{"level":"info","time":"2026-09-18T21:18:26.843Z","service":"vantage-main-server","env":"development","msg":"granot_lifecycle.processing.completed","observability_level":"info","category":"mongo","workflow":"granot_lifecycle"}
{"level":"info","time":"2026-09-18T21:18:26.844Z","service":"vantage-main-server","env":"development","msg":"granot_lifecycle.processing.completed","receipt_id":"6aad…72f2","observation_id":"6aad…72f1","decision_id":"6aad…72f7","attempt":1,"execution_mode":"live","outcome":"policy_blocked","reason_code":"target_source_company_inactive","duration_ms":0}
{"level":"info","time":"2026-09-18T21:18:26.844Z","service":"vantage-main-server","env":"development","msg":"granot_lifecycle.processing.completed","observability_level":"info","category":"mongo","workflow":"granot_lifecycle"}
{"level":"info","time":"2026-09-18T21:18:26.846Z","service":"vantage-main-server","env":"development","msg":"granot_lifecycle.processing.completed","receipt_id":"6aad…72f9","observation_id":"6aad…72f8","decision_id":"6aad…72fe","attempt":1,"execution_mode":"live","outcome":"linked","reason_code":"record_link_established","duration_ms":1}
{"level":"info","time":"2026-09-18T21:18:26.846Z","service":"vantage-main-server","env":"development","msg":"granot_lifecycle.processing.completed","observability_level":"info","category":"mongo","workflow":"granot_lifecycle"}
{"level":"info","time":"2026-09-18T21:18:26.849Z","service":"vantage-main-server","env":"development","msg":"granot_lifecycle.processing.completed","receipt_id":"6aad…7301","observation_id":"6aad…7300","decision_id":"6aad…7306","attempt":1,"execution_mode":"live","outcome":"created","reason_code":"lead_created_authorized","duration_ms":2}
{"level":"info","time":"2026-09-18T21:18:26.849Z","service":"vantage-main-server","env":"development","msg":"granot_lifecycle.processing.completed","observability_level":"info","category":"mongo","workflow":"granot_lifecycle"}
{"level":"info","time":"2026-09-18T21:18:26.855Z","service":"vantage-main-server","env":"development","msg":"granot_lifecycle.processing.completed","receipt_id":"6aad…730b","observation_id":"6aad…730a","decision_id":"6aad…730f","attempt":1,"execution_mode":"live","outcome":"created","reason_code":"lead_created_authorized","duration_ms":5}
{"level":"info","time":"2026-09-18T21:18:26.855Z","service":"vantage-main-server","env":"development","msg":"granot_lifecycle.processing.completed","observability_level":"info","category":"mongo","workflow":"granot_lifecycle"}
{"level":"info","time":"2026-09-18T21:18:26.856Z","service":"vantage-main-server","env":"development","msg":"granot_lifecycle.processing.completed","receipt_id":"6aad…730b","observation_id":"6aad…730a","decision_id":"6aad…7318","attempt":1,"execution_mode":"live","outcome":"conflict","reason_code":"multiple_eligible_matches","duration_ms":1}
{"level":"info","time":"2026-09-18T21:18:26.857Z","service":"vantage-main-server","env":"development","msg":"granot_lifecycle.processing.completed","observability_level":"info","category":"mongo","workflow":"granot_lifecycle"}
{"level":"info","time":"2026-09-18T21:18:26.859Z","service":"vantage-main-server","env":"development","msg":"granot_lifecycle.processing.completed","receipt_id":"6aad…731b","observation_id":"6aad…731a","decision_id":"6aad…731f","attempt":1,"execution_mode":"live","outcome":"applied","reason_code":"lead_state_changed","duration_ms":1}
{"level":"info","time":"2026-09-18T21:18:26.859Z","service":"vantage-main-server","env":"development","msg":"granot_lifecycle.processing.completed","observability_level":"info","category":"mongo","workflow":"granot_lifecycle"}
{"level":"info","time":"2026-09-18T21:18:26.864Z","service":"vantage-main-server","env":"development","msg":"granot_lifecycle.processing.completed","receipt_id":"6aad…7322","observation_id":"6aad…7321","decision_id":"6aad…7326","attempt":1,"execution_mode":"live","outcome":"applied","reason_code":"lead_state_changed","duration_ms":5}
{"level":"info","time":"2026-09-18T21:18:26.864Z","service":"vantage-main-server","env":"development","msg":"granot_lifecycle.processing.completed","observability_level":"info","category":"mongo","workflow":"granot_lifecycle"}
{"level":"info","time":"2026-09-18T21:18:26.868Z","service":"vantage-main-server","env":"development","msg":"granot_lifecycle.processing.completed","receipt_id":"6aad…7329","observation_id":"6aad…7328","decision_id":"6aad…7330","attempt":1,"execution_mode":"live","outcome":"applied","reason_code":"lead_state_changed","duration_ms":2}
{"level":"info","time":"2026-09-18T21:18:26.868Z","service":"vantage-main-server","env":"development","msg":"granot_lifecycle.processing.completed","observability_level":"info","category":"mongo","workflow":"granot_lifecycle"}
{"level":"info","time":"2026-09-18T21:18:26.869Z","service":"vantage-main-server","env":"development","msg":"granot_lifecycle.processing.completed","receipt_id":"6aad…7333","observation_id":"6aad…7332","decision_id":"6aad…7339","attempt":1,"execution_mode":"live","outcome":"conflict","reason_code":"job_number_conflict","duration_ms":0}
{"level":"info","time":"2026-09-18T21:18:26.869Z","service":"vantage-main-server","env":"development","msg":"granot_lifecycle.processing.completed","observability_level":"info","category":"mongo","workflow":"granot_lifecycle"}
{"level":"info","time":"2026-09-18T21:18:26.871Z","service":"vantage-main-server","env":"development","msg":"granot_lifecycle.processing.completed","receipt_id":"6aad…733b","observation_id":"6aad…733a","decision_id":"6aad…7341","attempt":1,"execution_mode":"live","outcome":"applied","reason_code":"lead_state_changed","duration_ms":1}
{"level":"info","time":"2026-09-18T21:18:26.871Z","service":"vantage-main-server","env":"development","msg":"granot_lifecycle.processing.completed","observability_level":"info","category":"mongo","workflow":"granot_lifecycle"}
{"level":"info","time":"2026-09-18T21:18:26.876Z","service":"vantage-main-server","env":"development","msg":"granot_lifecycle.processing.completed","receipt_id":"6aad…7344","observation_id":"6aad…7343","decision_id":"6aad…734c","attempt":1,"execution_mode":"live","outcome":"applied","reason_code":"lead_state_changed","duration_ms":4}
{"level":"info","time":"2026-09-18T21:18:26.877Z","service":"vantage-main-server","env":"development","msg":"granot_lifecycle.processing.completed","observability_level":"info","category":"mongo","workflow":"granot_lifecycle"}
{"level":"info","time":"2026-09-18T21:18:26.878Z","service":"vantage-main-server","env":"development","msg":"granot_lifecycle.processing.completed","receipt_id":"6aad…734f","observation_id":"6aad…734e","decision_id":"6aad…7356","attempt":1,"execution_mode":"live","outcome":"conflict","reason_code":"record_link_conflict","duration_ms":1}
{"level":"info","time":"2026-09-18T21:18:26.878Z","service":"vantage-main-server","env":"development","msg":"granot_lifecycle.processing.completed","observability_level":"info","category":"mongo","workflow":"granot_lifecycle"}
{"level":"info","time":"2026-09-18T21:18:26.881Z","service":"vantage-main-server","env":"development","msg":"granot_lifecycle.processing.completed","receipt_id":"6aad…7360","observation_id":"6aad…735f","decision_id":"6aad…7365","attempt":1,"execution_mode":"live","outcome":"policy_blocked","reason_code":"global_effect_disabled","duration_ms":0}
{"level":"info","time":"2026-09-18T21:18:26.881Z","service":"vantage-main-server","env":"development","msg":"granot_lifecycle.processing.completed","observability_level":"info","category":"mongo","workflow":"granot_lifecycle"}
{"level":"info","time":"2026-09-18T21:18:26.882Z","service":"vantage-main-server","env":"development","msg":"granot_lifecycle.processing.completed","receipt_id":"6aad…7360","observation_id":"6aad…735f","decision_id":"6aad…7366","attempt":1,"execution_mode":"live_shadow","outcome":"policy_blocked","reason_code":"shadow_effect_suppressed","duration_ms":0}
{"level":"info","time":"2026-09-18T21:18:26.882Z","service":"vantage-main-server","env":"development","msg":"granot_lifecycle.processing.completed","observability_level":"info","category":"mongo","workflow":"granot_lifecycle"}
{"level":"info","time":"2026-09-18T21:18:26.883Z","service":"vantage-main-server","env":"development","msg":"granot_lifecycle.processing.completed","receipt_id":"6aad…7368","observation_id":"6aad…7367","decision_id":"6aad…7369","attempt":1,"execution_mode":"live","outcome":"insufficient_creation_data","reason_code":"missing_creation_contact","duration_ms":1}
{"level":"info","time":"2026-09-18T21:18:26.883Z","service":"vantage-main-server","env":"development","msg":"granot_lifecycle.processing.completed","observability_level":"info","category":"mongo","workflow":"granot_lifecycle"}
{"level":"info","time":"2026-09-18T21:18:26.884Z","service":"vantage-main-server","env":"development","msg":"granot_lifecycle.processing.completed","receipt_id":"6aad…7360","observation_id":"6aad…735f","decision_id":"6aad…736c","attempt":1,"execution_mode":"live","outcome":"insufficient_creation_data","reason_code":"missing_creation_route_data","duration_ms":0}
{"level":"info","time":"2026-09-18T21:18:26.884Z","service":"vantage-main-server","env":"development","msg":"granot_lifecycle.processing.completed","observability_level":"info","category":"mongo","workflow":"granot_lifecycle"}
{"level":"info","time":"2026-09-18T21:18:26.886Z","service":"vantage-main-server","env":"development","msg":"granot_lifecycle.processing.completed","receipt_id":"6aad…7372","observation_id":"6aad…7371","decision_id":"6aad…7373","attempt":1,"execution_mode":"live","outcome":"created","reason_code":"lead_created_authorized","duration_ms":1}
{"level":"info","time":"2026-09-18T21:18:26.886Z","service":"vantage-main-server","env":"development","msg":"granot_lifecycle.processing.completed","observability_level":"info","category":"mongo","workflow":"granot_lifecycle"}
{"level":"info","time":"2026-09-18T21:18:26.887Z","service":"vantage-main-server","env":"development","msg":"granot_lifecycle.processing.completed","receipt_id":"6aad…7378","observation_id":"6aad…7377","decision_id":"6aad…7379","attempt":1,"execution_mode":"live","outcome":"created","reason_code":"lead_created_authorized","duration_ms":1}
{"level":"info","time":"2026-09-18T21:18:26.887Z","service":"vantage-main-server","env":"development","msg":"granot_lifecycle.processing.completed","observability_level":"info","category":"mongo","workflow":"granot_lifecycle"}
{"level":"info","time":"2026-09-18T21:18:26.888Z","service":"vantage-main-server","env":"development","msg":"granot_lifecycle.processing.completed","receipt_id":"6aad…737e","observation_id":"6aad…737d","decision_id":"6aad…737f","attempt":1,"execution_mode":"live","outcome":"insufficient_creation_data","reason_code":"missing_creation_route_data","duration_ms":0}
{"level":"info","time":"2026-09-18T21:18:26.888Z","service":"vantage-main-server","env":"development","msg":"granot_lifecycle.processing.completed","observability_level":"info","category":"mongo","workflow":"granot_lifecycle"}
{"level":"info","time":"2026-09-18T21:18:26.889Z","service":"vantage-main-server","env":"development","msg":"granot_lifecycle.processing.completed","receipt_id":"6aad…7381","observation_id":"6aad…7380","decision_id":"6aad…7382","attempt":1,"execution_mode":"live","outcome":"insufficient_creation_data","reason_code":"missing_creation_route_data","duration_ms":1}
{"level":"info","time":"2026-09-18T21:18:26.889Z","service":"vantage-main-server","env":"development","msg":"granot_lifecycle.processing.completed","observability_level":"info","category":"mongo","workflow":"granot_lifecycle"}
{"level":"info","time":"2026-09-18T21:18:26.890Z","service":"vantage-main-server","env":"development","msg":"granot_lifecycle.processing.completed","receipt_id":"6aad…7384","observation_id":"6aad…7383","decision_id":"6aad…7388","attempt":1,"execution_mode":"live","outcome":"pending_match","reason_code":"pending_source_scoped_match","duration_ms":0}
{"level":"info","time":"2026-09-18T21:18:26.890Z","service":"vantage-main-server","env":"development","msg":"granot_lifecycle.processing.completed","observability_level":"info","category":"mongo","workflow":"granot_lifecycle"}
{"level":"info","time":"2026-09-18T21:18:26.892Z","service":"vantage-main-server","env":"development","msg":"granot_lifecycle.processing.completed","receipt_id":"6aad…738a","observation_id":"6aad…7389","decision_id":"6aad…738e","attempt":9,"execution_mode":"live_shadow","outcome":"unmatched","reason_code":"match_window_expired","duration_ms":0}
{"level":"info","time":"2026-09-18T21:18:26.892Z","service":"vantage-main-server","env":"development","msg":"granot_lifecycle.processing.completed","observability_level":"info","category":"mongo","workflow":"granot_lifecycle"}
{"level":"info","time":"2026-09-18T21:18:26.893Z","service":"vantage-main-server","env":"development","msg":"granot_lifecycle.processing.completed","receipt_id":"6aad…7390","observation_id":"6aad…738f","decision_id":"6aad…7395","attempt":1,"execution_mode":"live","outcome":"created","reason_code":"lead_created_authorized","duration_ms":1}
{"level":"info","time":"2026-09-18T21:18:26.893Z","service":"vantage-main-server","env":"development","msg":"granot_lifecycle.processing.completed","observability_level":"info","category":"mongo","workflow":"granot_lifecycle"}
{"level":"info","time":"2026-09-18T21:18:26.894Z","service":"vantage-main-server","env":"development","msg":"granot_lifecycle.processing.completed","receipt_id":"6aad…739a","observation_id":"6aad…7399","decision_id":"6aad…739e","attempt":1,"execution_mode":"live","outcome":"pending_match","reason_code":"pending_source_scoped_match","duration_ms":1}
{"level":"info","time":"2026-09-18T21:18:26.894Z","service":"vantage-main-server","env":"development","msg":"granot_lifecycle.processing.completed","observability_level":"info","category":"mongo","workflow":"granot_lifecycle"}
✔ Form q for a Granot-only name includes granot_contact_snapshot.name (15.2424ms)
✔ Form q for an ingested-only email includes ingested_contact_snapshot.email (1.1676ms)
✔ Form q for a typed phone substring hits live and snapshot phone paths (0.9716ms)
✔ Form q still hits job_no and ref_no (0.9092ms)
✔ Call q includes ingested and Granot snapshot contact paths (3.9875ms)
✔ empty q still pins ranked identity; explicit q still pins nothing (2.0818ms)
✔ Form item with a snapshot returns known_contacts.granot and live contact stays Form submitted (1.9088ms)
✔ Form item without a snapshot omits known_contacts.granot (0.8692ms)
✔ listGranotLifecycleCaseCandidates Form q uses snapshot paths, excludes Duplicate/Bad, and maps known_contacts (51.2104ms)
✔ listGranotLifecycleCaseCandidates Call q uses snapshot paths and maps known_contacts (2.5599ms)
✔ listGranotLifecycleCaseCandidates Call q for Granot-only phone hits snapshot phone paths (2.0764ms)
﹣ [AC-18][AC-20][AC-35][AC-39] replica lifecycle reads leave aggregate and effect collection counts unchanged (2.5145ms) # Replica-set proof requires TEST_MODE=true before process start.
✔ [AC-35] Job path normalization rejects empty values (4.3983ms)
✔ [AC-35] the discrepancy queue still masks the contact it never asks anyone to call (0.6926ms)
✔ an intake names the customer the Owner has to call, and falls back to how to reach them (0.4091ms)
✔ [AC-23] candidate ranking pins the suggested Lead, then high confidence, and is stable (1.895ms)
✔ intake case detail hands the Owner the whole contact, not an initial and four digits (0.7678ms)
✔ [AC-20] [AC-36] [AC-40] timeline order is stable and evidence is not collapsed (3.1739ms)
✔ [AC-35] lifecycle DTO recursive guard rejects raw transport and credentials (10.7749ms)
✔ list deterministic booking exposes the official id and public-cancel eligibility (0.8428ms)
✔ [AC-31] health flag names match the ten centralized lifecycle flags and do not promote effects (0.7117ms)
✔ [AC-37] due work includes expired claims and excludes unexpired claimed leases (1.0463ms)
✔ [AC-P7] list compact pairing matches the creating Booked class and omits Release rows (2.9566ms)
✔ [AC-P4][AC-P6][AC-P7] detail pairing includes later Priority 5 and is null for historical Priority 5 only (1.0807ms)
✔ [AC-R10] default intakes list is booking-only; kind=release still lists historical Release cases (0.5319ms)
✔ list latest_action uses booking-intake selection so later Priority 5 cannot win (0.6418ms)
✔ [AC-R3] pairing is omitted on a Release-only booking case (0.2609ms)
✔ [AC-R3] capabilities matrix follows spec §7 and hides Confirm Cancellation when commands are off (0.5098ms)
{"level":"info","time":"2026-09-18T21:18:26.098Z","service":"vantage-main-server","env":"development","msg":"granot_lifecycle.queue.publish_skipped","receipt_id":"rece…skip","observation_channel":"granot_webhook"}
✔ [AC-35] publisher is skipped in the test runner and never sends a queue message (5.1889ms)
✔ [AC-02][AC-35] publisher sends exactly { receipt_id } when publishing is enabled (1.0684ms)
✔ [AC-35] publish failure is observed safely and does not throw (3.4219ms)
{"level":"info","time":"2026-09-18T21:18:26.104Z","service":"vantage-main-server","env":"development","msg":"granot_lifecycle.queue.published","receipt_id":"rece…pt-1","observation_channel":"granot_webhook"}
{"level":"error","time":"2026-09-18T21:18:26.105Z","service":"vantage-main-server","env":"development","msg":"granot_lifecycle.queue.publish_failed","error_code":"technical_failure","receipt_id":"rece…iled","observation_channel":"granot_webhook"}
{"level":"error","time":"2026-09-18T21:18:26.107Z","service":"vantage-main-server","env":"development","msg":"granot_lifecycle.queue.publish_failed","observability_level":"error","category":"queue","workflow":"granot_lifecycle_queue","entity_id":"receip...iled"}
✔ [AC-02][AC-35] hashes canonical credential-redacted JSON as lowercase SHA-256 hex (3.8456ms)
✔ [AC-35] reports removed credential-key counts only and never values (14.9893ms)
✔ [AC-35] leaves non-credential keys untouched and starts counts at zero (0.4106ms)
✔ [AC-02] identical redacted payloads produce the same hash and remain distinct receipts later (0.3621ms)
✔ [AC-02] received legacy processing translates to pending defaults only (0.4772ms)
✔ [AC-02] refused legacy processing statuses are not translated (0.3154ms)
✔ [AC-02][AC-35] legacy webhook fill uses 34.1 mapping, legacy_unknown, and count-only redaction (2.4211ms)
✔ channel filter excludes browser_extension and granot_http_automation receipts (47.29ms)
✔ ref_no hits an Observation, a pending receipt fallback, and misses others (4.2748ms)
✔ job_no hits an Observation, a pending receipt fallback, and misses others (1.4981ms)
✔ name hits an Observation, a pending receipt fallback, and misses others (1.5535ms)
✔ phone hits an Observation, a pending receipt fallback, and misses others (9.2314ms)
✔ email hits an Observation, a pending receipt fallback, and misses others (1.5316ms)
✔ source_company_id and booking_action ignore pending receipts (2.2734ms)
✔ booking_action booked and release are distinct (1.7164ms)
✔ payload event_type cannot reroute route_event_class (2.1988ms)
✔ lead_created and priority_updated never return a booking action on the DTO (9.712ms)
✔ Owner list returns unmasked contact and credential-redacted granot_statement (1.0352ms)
✔ pending receipt and empty Observation phone or email fill from the redacted payload (2.9919ms)
✔ cursor page is stable newest-first (3.4412ms)
✔ intake_case_id joins the booking case by Job Number, including lead_created (1.2408ms)
✔ empty find lists newest webhook receipts first (1.0358ms)
✔ opaque cursor encoder matches the case-list keyset shape (0.5253ms)
﹣ [AC-28][AC-32] replica Referral creation is exact, lead-free, atomic, and replay-safe (2.8172ms) # Replica-set proof requires TEST_MODE=true before process start.
﹣ [AC-28] already-satisfied Referral evidence resolves without a second Booking (0.6602ms) # Replica-set proof requires TEST_MODE=true before process start.
﹣ [AC-28] existing Referral Booking supports official update and case-only No Action without a Lead (0.7433ms) # Replica-set proof requires TEST_MODE=true before process start.
﹣ [AC-28][AC-32] competing Owners converge and policy drift fails closed (0.7036ms) # Replica-set proof requires TEST_MODE=true before process start.
﹣ [AC-28][AC-32] Referral creation rolls back after every persisted boundary (0.5394ms) # Replica-set proof requires TEST_MODE=true before process start.
✔ [AC-28] Referral Booking exposes the canonical command name (4.3302ms)
✔ [AC-28] Referral Booking rejects non-Owner authority before storage access (2.1552ms)
﹣ [AC-21][AC-25][AC-32] Release No Action resolves only case and Command with exact replay (2.6304ms) # Replica-set proof requires TEST_MODE=true before process start.
﹣ [AC-21][AC-25][AC-32] Release Update Booking fully replaces official fields atomically (0.8046ms) # Replica-set proof requires TEST_MODE=true before process start.
﹣ [AC-21][AC-25][AC-26][AC-32] Confirm Cancellation writes one complete causal chain (0.5897ms) # Replica-set proof requires TEST_MODE=true before process start.
﹣ [AC-26][AC-32] a verified current Cancellation resolves already-satisfied without another effect (0.4921ms) # Replica-set proof requires TEST_MODE=true before process start.
﹣ [AC-25][AC-32] verified Referral Booking cancels without fabricating a Lead mirror (0.5075ms) # Replica-set proof requires TEST_MODE=true before process start.
﹣ Confirm Granot Cancellation succeeds on a Granot official Leadless Booking without a Lead mirror (0.3688ms) # Replica-set proof requires TEST_MODE=true before process start.
﹣ [AC-21] all pairwise Release commands have exactly one case-revision winner (0.6518ms) # Replica-set proof requires TEST_MODE=true before process start.
﹣ [AC-32] Cancellation, update, and No Action roll back after every write boundary (0.684ms) # Replica-set proof requires TEST_MODE=true before process start.
﹣ [AC-25][AC-32][AC-36] Release races converge, replay dedupes, and resolved rows advance max+1 (2.504ms) # Replica-set proof requires TEST_MODE=true before process start.
﹣ [AC-25][AC-31][AC-32] refresh splits revisions and Decision failure rolls back create and refresh (0.8406ms) # Replica-set proof requires TEST_MODE=true before process start.
﹣ [AC-25][AC-29][AC-40] Booking and Release cases coexist without forbidden side effects (0.7958ms) # Replica-set proof requires TEST_MODE=true before process start.
{"level":"info","time":"2026-09-18T21:18:33.643Z","service":"vantage-main-server","env":"development","msg":"granot_lifecycle.release_case.opened","observability_level":"info","category":"booking","workflow":"granot_release_reconciliation"}
▶ Release Reconciliation classification
  ✔ [AC-25] active deterministic Booking opens Release review even without a Lead (5.2291ms)
  ✔ [AC-26] already officially cancelled Release is already-current and never a case (0.9357ms)
  ✔ [AC-27] missing Booking and exact identity conflicts route to the typed discrepancy seam (0.8331ms)
  ✔ [AC-40] ignores non-Release evidence and never contact-selects a Booking (0.4276ms)
✔ Release Reconciliation classification (9.8722ms)
▶ Release Reconciliation persistence
  ✔ [AC-25] atomically opens and refreshes one Release case with immutable opening Booking revision (6.6149ms)
✔ Release Reconciliation persistence (7.0982ms)
{"level":"info","time":"2026-09-18T21:18:33.645Z","service":"vantage-main-server","env":"development","msg":"granot_lifecycle.release_case.refreshed","observability_level":"info","category":"booking","workflow":"granot_release_reconciliation"}
✔ [AC-35] lifecycle failure logs contain bounded codes and masked identifiers only (4.1204ms)
✔ [AC-30] foundation technical retry uses exact exponential cap and 0-25% jitter (2.2486ms)
✔ [AC-30] foundation pending-match offsets are absolute from captured_at (3.2934ms)
✔ [AC-30] foundation still-failed match at or after 24 hours is not scheduled (0.4093ms)
✔ [AC-30] foundation sync poll backoff stays bounded inside five seconds (0.3671ms)
✔ [AC-38] zero, multiple, inactive, and ambiguous runtime matches never pick a row or route (3.9962ms)
✔ [AC-38] policy cache cannot serve a precommit snapshot (0.8245ms)
✔ [AC-09] Best Relocation Form same valid states select local; different select long-distance; invalid select none (1.7756ms)
✔ [AC-29] deferred Paid Overflow and Auto authorize no effect; payload type is not classification input (0.9104ms)
✔ [AC-04] ineligible Source Scope fails gates and provides no reassignment output (1.1711ms)
✔ gate evaluator snapshots every layer in stable order and maps deferred vs policy_blocked (2.4115ms)
✔ [AC-28] reviewed Referral reconciliation treats absent Lead scope gates as not applicable (0.9476ms)
✔ source-policy suite never imports the Twilio adapter (0.8724ms)
✔ twelve policy × effect outcomes are independent for link, enrich, create, and text (1.0999ms)
✔ a later store edit does not mutate an already-returned SourcePolicySnapshot (0.7605ms)
﹣ [AC-05][AC-07][AC-10][AC-11][AC-32] replica WordPress matched write is one causal transaction (2.9386ms) # Replica-set proof requires TEST_MODE=true before process start.
﹣ [AC-12] replica RingCentral Call qualified contact writes snapshot only (0.703ms) # Replica-set proof requires TEST_MODE=true before process start.
﹣ [AC-12] replica Granot-created Form contact becomes current and keeps origin (0.5428ms) # Replica-set proof requires TEST_MODE=true before process start.
﹣ [AC-13] replica Agent fills only an empty receiver through one active match (0.4774ms) # Replica-set proof requires TEST_MODE=true before process start.
﹣ [AC-05] replica Bad Form stores Priority only and Duplicate never becomes a target (0.5593ms) # Replica-set proof requires TEST_MODE=true before process start.
﹣ [AC-07][AC-32] replica establish, attach, confirm, and duplicate-key race (0.9415ms) # Replica-set proof requires TEST_MODE=true before process start.
﹣ [AC-32] replica revision race has one winner and rolls back the losing transaction (1.6497ms) # Replica-set proof requires TEST_MODE=true before process start.
﹣ [AC-32] replica equal-time Observation tie-break admits only the greater ObjectId (0.618ms) # Replica-set proof requires TEST_MODE=true before process start.
✔ [AC-32] command refuses shadow or disabled Lead writes before the executor (7.5387ms)
✔ [AC-32] command refuses a failed gate snapshot before the executor (0.9893ms)
✔ [AC-32] Granot command context requires the processor actor and webhook initiator (1.6609ms)
✔ receiver fill derives catalog name snapshot and set_at off the planner (1.5692ms)
✔ Changed in Granot ignores US country-code phone formatting (1.0609ms)
✔ Changed in Granot ignores email case and name capitalization (0.4022ms)
✔ Changed in Granot ignores Granot first/last split of a name-only form submit (0.7167ms)
✔ Changed in Granot stays true when Granot last name adds another person (0.4125ms)
✔ Changed in Granot stays true for a different person or reach path (0.3953ms)
✔ Call Lead synchronize persists Granot Contact Snapshot and leaves live phone unchanged (2.8769ms)
✔ [AC-07] trusted Granot Form validator may omit move_size and forces post_to_granot=false (7.2594ms)
✔ [AC-07] trusted Granot Form validator rejects caller override of post_to_granot (1.4137ms)
✔ [AC-07] trusted Granot Call validator allows Job Number without phone and forces post_to_granot=false (1.9242ms)
✔ [AC-07] trusted Granot validators reject public lifecycle metadata keys (1.3427ms)
✔ [AC-03][AC-05][AC-06][AC-29] shared lifecycle vocabulary remains exact (1.7394ms)
✔ Form duplicate classification isolates cutoff cohorts and exact granularities (32.2476ms)
✔ matched modern production duplicate outcome is preserved (0.649ms)
✔ Call duplicates use earlier non-duplicate anchors in inclusive 90-day exact-granularity window (0.5476ms)
✔ Form Fill is time-unbounded and Source Company scoped after Form classification (0.3594ms)
✔ classification fails closed without exact granularity (0.7721ms)
✔ manifest bytes and hash are stable for identical reviewed inputs (48.6334ms)
✔ manifest identity is deterministic when the caller does not supply one (2.9706ms)
✔ manifest parser rejects modified bytes (2.255ms)
✔ rehearsal and production target guards fail closed (2.1734ms)
✔ migration context cannot be enabled outside the canonical local adapter (0.9237ms)
✔ exact normalization applies NFKC, whitespace collapse, and case folding (4.4799ms)
✔ agent parsing removes terminal metadata and preserves slash order (4.4706ms)
✔ agent parsing rejects repeated and unrecognized separators (1.0924ms)
✔ customer parsing preserves compound display text as one customer (0.7214ms)
✔ money parser uses cents and rejects blank, negative, and over-precision (0.7961ms)
✔ integer-cent allocations are exact for one, two, and three agents (1.3282ms)
✔ Eastern parser handles DST and the reviewed malformed-year correction (60.3718ms)
✔ Google serial dates are interpreted as Eastern wall-clock values (0.9049ms)
✔ planner produces a schema-valid deterministic manifest for a new source and form lead (166.5293ms)
✔ rollback restores exact values and unsets fields that were originally absent (5.0205ms)
✔ update validation accepts a production nested object path (3.4117ms)
✔ update validation rejects an unknown nested object path (0.9225ms)
✔ recurring source window starts at New York midnight on 2026-04-30 (16.4409ms)
✔ stable managed identity survives row reordering (7.0138ms)
✔ preview never repairs missing managed identities (1.1765ms)
✔ leased identity repair writes empty cells once and verifies read-back (2.2463ms)
✔ copied managed identities block repair instead of falling back to row number (0.9691ms)
✔ malformed managed identities block inspection (0.6532ms)
✔ identity repair never overwrites a value added after inspection (0.5668ms)
✔ identity repair uses atomic empty-cell replacement (0.7555ms)
✔ application plan is immutable and material changes alter its checksum (10.978ms)
✔ unmatched booking becomes leadless plus one reconciliation conflict (3.3695ms)
✔ LID_BestRelo remains matching evidence and never becomes an action (2.946ms)
✔ unmatched refund is blocking and cannot guess a cancellation (7.9362ms)
✔ refund matches below the calibrated threshold never cancel (6.4037ms)
✔ review-only refund evidence does not consume a later corroborated match (7.0479ms)
✔ invalid source rows become isolated conflict actions (4.3705ms)
✔ three-way update permits only unchanged canonical source-owned fields (2.1652ms)
✔ persistence schemas enforce receipt uniqueness and required indexes (2.3545ms)
✔ ingestion run graph makes all terminal states immutable (0.3857ms)
✔ heartbeat gates skip before source reads (0.5727ms)
✔ apply worker mutates domain state only through canonical commands (41.1129ms)
✔ read paths use readonly Sheets scope and repair has a separate writer (16.7672ms)
✔ worker final and failure transitions remain lease-fenced (15.5353ms)
✔ pre-cutoff observations never enter the application plan (18.016ms)
✔ refund application window uses Timestamp with exact half-open boundaries (13.6519ms)
✔ one new form lead and one linked refund map to single create actions (7.4589ms)
✔ identical evidence is classified unchanged across replans (3.7312ms)
✔ source evidence reappearance uses the applied baseline, not conflicts (0.3534ms)
✔ missing-source actions preserve canonical refs and never delete (0.4988ms)
✔ bootstrap adoption remaps creates to receipt-only adopt_existing (2.6961ms)
✔ bootstrap adopts nonduplicate calls using DST-aware persisted timestamps (8.2618ms)
✔ apply resumes from checkpoint without replaying successful actions (6.4859ms)
✔ adopt_existing Form Lead supplies the Booking lead_ref without creating a second Lead (3.9424ms)
✔ failed lead dependency blocks dependent booking and continues independently (4.2809ms)
✔ concurrent apply lease acquisition admits only one owner (0.3252ms)
✔ altered plan checksum is rejected before any mutation (4.2119ms)
✔ health signals alert on structural and growth thresholds (0.5941ms)
✔ conflict resolve route delegates booking attach to canonical command (25.2678ms)
✔ ingestion route errors never expose provider or source details (1.8826ms)
✔ WordPress walk-back (55.2729ms)
✔ Lead updated headline omits changed paths (5.6917ms)
✔ Granot-born (5.0657ms)
✔ Latest attempt only (1.4694ms)
✔ Granularity filter (0.7202ms)
✔ No contact match (1.2164ms)
✔ Priority 5 is not Booked (17.7975ms)
✔ Case is not a Booking (1.6262ms)
✔ Equivalent Job Number (3.1043ms)
✔ Sheet Sync walk-back (2.0916ms)
✔ Sheet Sync after official Booking (1.7808ms)
✔ Unresolved Lead has no source-lead Sheet Sync (2.1251ms)
✔ orphan cancellation without snapshot is not a first-hop survivor (0.5759ms)
✔ Typed search not_found (0.4258ms)
✔ Typed equivalent search (0.965ms)
✔ blank Job Number is invalid_job_number (0.2917ms)
✔ assemble is a pure function over injected rows (2.0368ms)
✔ text policy skip is not applicable rather than attention (42.6205ms)
✔ open booking intake yields active stage and no official booking (3.7881ms)
✔ resolved finalizing booking case without fact yields attention (2.4716ms)
✔ ordinary booked job has no cancellation attention (3.8833ms)
✔ resolved release case without cancellation yields attention (2.3617ms)
✔ official cancellation determines cancelled outcome (3.1396ms)
✔ contradictory official chronology yields contradictory outcome (2.5694ms)
✔ synced sheet job still reports google destination unverified (2.2598ms)
✔ wordpress-born golden includes wordpress receipt limitation (4.5102ms)
✔ later Granot receipt does not clear wordpress receipt limitation (2.2968ms)
✔ ringcentral-born golden bounds confidence with the cursor (1.9442ms)
✔ move completion and multi query appear only as limitations (2.4442ms)
✔ open cancellation intake does not become official cancelled outcome (1.5272ms)
✔ unresolved lead without official fact is unknown and lead unresolved (0.7883ms)
✔ snapshot-only cancellation is a found cancelled page (0.8676ms)
✔ orphan cancellation without snapshot yields orphan attention (0.9127ms)
✔ sheet sync pending too long uses the module default threshold (1.9743ms)
✔ terminal sheet failure yields sheet sync terminal failure (1.516ms)
✔ disagreeing source scopes yield source scope conflict (1.1195ms)
✔ applied decision without entity change yields processing evidence gap (0.7397ms)
✔ applied decision linked by entity change decision id is not a processing evidence gap (0.8619ms)
✔ Masking (37.0383ms)
✔ module WordPress walk-back matches assemble headlines (78.1092ms)
✔ module Granot-born (2.8101ms)
✔ module latest Decision attempt only (1.9154ms)
✔ module intake is not official Booking (1.5163ms)
✔ module equivalent Job Number (2.2785ms)
✔ module Sheet Sync joins by entity ID (2.1749ms)
✔ module redacts contact, SMS body, and raw payloads (2.1982ms)
✔ module typed search not_found (0.5352ms)
✔ module company/granularity mismatch is filtered_out (0.5186ms)
✔ module without now still stamps assembled_at after reads (1.5583ms)
✔ module now sets assembled_at after reads (1.3511ms)
✔ normalizeTypedJobNo trims and uppercases (3.2229ms)
✔ jobsEquivalent treats letter prefix as the same Job Number (0.5333ms)
✔ recent official booking examples stay capped at three and newest book_date first (4.9017ms)
✔ recent official booking examples skip rows without a Job Number and never copy contact (0.8002ms)
✔ schema_version is job_timeline.v2 on ok pages (45.0104ms)
✔ source receipt and lead creation remain separate events (4.2011ms)
✔ wordpress creation reports no invented receipt event (2.3956ms)
✔ timeline emits wordpress source_received only when the receipt exists (3.0859ms)
✔ dual clocks order by occurred time and preserve recorded time (10.4221ms)
✔ related receipt decision change and sheet rows share activity id (16.2502ms)
✔ activity grouping does not remove original evidence events (22.2086ms)
✔ orphan cancellation is not attached without durable job snapshot (2.384ms)
✔ cancellation snapshot restores exact job correlation (1.6889ms)
✔ event cap returns explicit truncation limitation (53.2224ms)
✔ serialized v2 page contains no forbidden fields or contact (25.6733ms)
✔ golden pages cover origin and official-fact shapes (12.1752ms)
✔ skipped ringcentral ledger row is not a source receipt (1.1607ms)
✔ v1 fields remain populated on enhanced events (1.1905ms)
{"level":"info","time":"2026-09-18T21:18:38.216Z","service":"vantage-main-server","env":"development","msg":"lead_messaging.granot_created.already_sent","observationId":"6aadaaaedfd1106ee8b4d4d2"}
✔ Granot SMS gates evaluate every named gate and report the first blocker (3.5217ms)
✔ link_only never texts even when every other gate passes (0.5344ms)
✔ not_attested blocks even when outbound_sms.enabled is somehow true (0.4143ms)
✔ renderer substitutes allowlisted placeholders and always appends one opt-out (7.8193ms)
✔ sendGranotCreatedLeadConfirmation never throws and reports already_sent on duplicate key (4.7702ms)
✔ create_if_missing texting uses the resolved Lead Source ID and never looks up by label (1.0755ms)
✔ Twilio adapter stays un-called on gate decisions and persist/dispatch stubs (1.3748ms)
✔ link_only enrich path sends nothing even when persist/dispatch are provided (0.7072ms)
✔ replaying one observation twice yields at most one persist, bounded by identity (1.0311ms)
{"level":"info","time":"2026-09-18T21:18:38.219Z","service":"vantage-main-server","env":"development","msg":"lead_messaging.granot_created.blocked","observationId":"6aadaaaedfd1106ee8b4d4db","blockedReason":"source_policy_create_if_missing","leadModel":"FormLead"}
{"level":"info","time":"2026-09-18T21:18:38.220Z","service":"vantage-main-server","env":"development","msg":"lead_messaging.granot_created.blocked","observationId":"6aadaaaedfd1106ee8b4d4df","blockedReason":"source_policy_create_if_missing","leadModel":"FormLead"}
{"level":"info","time":"2026-09-18T21:18:38.221Z","service":"vantage-main-server","env":"development","msg":"lead_messaging.granot_created.already_sent","observationId":"6aadaaaedfd1106ee8b4d4e3"}
{"level":"error","time":"2026-09-18T21:18:38.276Z","service":"vantage-main-server","env":"development","err":{"type":"Error","message":"quiet-hours scheduling failed","stack":"Error: quiet-hours scheduling failed\n    at dispatch (C:\\Users\\Pinda\\Proyectos\\vantage\\vantage-main-server\\src\\services\\leadMessaging\\leadMessaging.service.test.ts:404:15)\n    at dispatchOrQueuePersistedLeadMessage (C:\\Users\\Pinda\\Proyectos\\vantage\\vantage-main-server\\src\\services\\leadMessaging\\leadMessaging.service.ts:274:44)\n    at TestContext.<anonymous> (C:\\Users\\Pinda\\Proyectos\\vantage\\vantage-main-server\\src\\services\\leadMessaging\\leadMessaging.service.test.ts:395:27)\n    at async Test.run (node:internal/test_runner/test:1332:7)\n    at async Test.processPendingSubtests (node:internal/test_runner/test:911:7)"},"msg":"lead_messaging.post_persist_dispatch_failed","leadMessageId":"6aadaaaea2c57316b97726ca","leadId":"6aadaaaea2c57316b97726cc"}
✔ confirmation builder retains the approved server-side copy (2.861ms)
✔ confirmation builder derives the first name from a combined name (0.5777ms)
✔ overnight deferral stays off until quiet hours are explicitly enabled (0.5732ms)
✔ form-lead SMS send input defers overnight Eastern traffic to 8:00 AM via Twilio (1.1344ms)
✔ Twilio schedule window rejects sendAt values Twilio would 400 (0.9744ms)
✔ overnight deferral fails closed when the Messaging Service SID is missing (0.5476ms)
✔ SMS destinations are normalized to E.164 when safely possible (0.4266ms)
✔ disabled mode is a dispatch-time kill switch (3.6826ms)
✔ test mode is also enforced at dispatch time (0.8665ms)
✔ intent persistence gates strictly on parsed true consent (1.4221ms)
✔ duplicate, disabled, and test modes cannot send (1.0059ms)
✔ Granot persist shape shares one capacity reservation and does not require form consent (0.7268ms)
✔ destination policy decisions persist as non-retryable skips (0.5832ms)
✔ 429 and definite connection failures are retryable (0.6444ms)
✔ ambiguous timeouts are never automatically retried (0.4688ms)
✔ retry budget stops automatic retries (0.2915ms)
✔ status callbacks do not regress or replace terminal outcomes (0.2851ms)
✔ scheduled provider status can advance to queued, sent, or failed (0.2334ms)
✔ post-persist dispatch never rejects the form-lead create path (11.5736ms)
{"level":"error","time":"2026-09-18T21:18:38.284Z","service":"vantage-main-server","env":"development","err":{"type":"Error","message":"event write failed after Twilio accepted","stack":"Error: event write failed after Twilio accepted\n    at dispatch (C:\\Users\\Pinda\\Proyectos\\vantage\\vantage-main-server\\src\\services\\leadMessaging\\leadMessaging.service.test.ts:423:15)\n    at dispatchOrQueuePersistedLeadMessage (C:\\Users\\Pinda\\Proyectos\\vantage\\vantage-main-server\\src\\services\\leadMessaging\\leadMessaging.service.ts:274:44)\n    at TestContext.<anonymous> (C:\\Users\\Pinda\\Proyectos\\vantage\\vantage-main-server\\src\\services\\leadMessaging\\leadMessaging.service.test.ts:414:33)\n    at async Test.run (node:internal/test_runner/test:1332:7)\n    at async Test.processPendingSubtests (node:internal/test_runner/test:911:7)"},"msg":"lead_messaging.post_persist_dispatch_failed","leadMessageId":"6aadaaaea2c57316b97726ca","leadId":"6aadaaaea2c57316b97726cd"}
✔ midnight through 6:59 AM Eastern defers to 8:00 AM the same Eastern day (2.5873ms)
✔ 7:00 AM Eastern and later send immediately (0.5552ms)
✔ immediate Twilio payloads keep the existing from-number send shape (3.6605ms)
✔ scheduled Twilio payloads require a Messaging Service and use fixed sendAt (1.5664ms)
✔ status callback validation uses the exact configured URL and primary token (2.1569ms)
✔ builds signed-callback-compatible TwiML that forwards to RingCentral (212.5693ms)
✔ defaults forwarding to the Vantage RingCentral number (0.774ms)
✔ rejects a forwarding loop (1.0976ms)
✔ completed callback hangs up the parent call (0.8198ms)
✔ lead source catalog seeds legacy companies and resolves granularities (12.9004ms)
✔ all legacy source labels resolve through the lead source catalog (11.1447ms)
✔ lead source catalog seeds production and test databases independently (2.9417ms)
{"level":"info","time":"2026-09-18T21:18:40.558Z","service":"vantage-main-server","env":"development","msg":"call_lead.create.sheet_sync.disabled","resource":"source_lead","leadModel":"CallLead","leadId":"507f1f77bcf86cd799439011"}
✔ rememberBothCallSheetTabsForTombstone includes Calls and Duplicate Calls fallbacks (6.8317ms)
✔ rememberBothCallSheetTabsForTombstone preserves known rows from sheet_sync (22.2493ms)
✔ completeCallLeadIngestion records lead.call.created after commit and skips form-fill when false (7.2976ms)
✔ completeCallLeadIngestion records form-fill only when Form Fill is true (1.6576ms)
✔ completeCallLeadIngestion reports missing CPL after the write, not as a CRM post (2.1863ms)
✔ Admin and Best Relocation origins never set Duplicate Lead; public ingest is vantage_admin (1.2963ms)
✔ [AC-12] RingCentral Call provenance is ringcentral, quoted false, transport stays nested (9.7884ms)
✔ correctCallLead refuses Duplicate Lead on a Booked Call Lead (2.9166ms)
{"level":"info","time":"2026-09-18T21:18:40.561Z","service":"vantage-main-server","env":"development","msg":"lead.call.created","observability_level":"info","category":"lead","workflow":"call_lead_create","source_company":"tbm_leads","entity_id":"507f1f77bcf86cd799439011"}
{"level":"info","time":"2026-09-18T21:18:40.565Z","service":"vantage-main-server","env":"development","msg":"call_lead.create.sheet_sync.disabled","resource":"source_lead","leadModel":"CallLead","leadId":"507f1f77bcf86cd799439011"}
{"level":"info","time":"2026-09-18T21:18:40.565Z","service":"vantage-main-server","env":"development","msg":"lead.call.created","observability_level":"info","category":"lead","workflow":"call_lead_create","source_company":"tbm_leads","entity_id":"507f1f77bcf86cd799439011"}
{"level":"info","time":"2026-09-18T21:18:40.565Z","service":"vantage-main-server","env":"development","msg":"lead.call.form_fill_detected","observability_level":"info","category":"lead","workflow":"call_lead_create","source_company":"tbm_leads","entity_id":"507f1f77bcf86cd799439011"}
{"level":"info","time":"2026-09-18T21:18:40.566Z","service":"vantage-main-server","env":"development","msg":"call_lead.create.sheet_sync.disabled","resource":"source_lead","leadModel":"CallLead","leadId":"507f1f77bcf86cd799439011"}
{"level":"error","time":"2026-09-18T21:18:40.567Z","service":"vantage-main-server","env":"development","msg":"lead.cpl.missing_rate","observability_level":"error","category":"lead","workflow":"lead_cpl_resolution","source_company":"tbm_leads","entity_id":"507f1f77bcf86cd799439011"}
{"level":"info","time":"2026-09-18T21:18:40.567Z","service":"vantage-main-server","env":"development","msg":"lead.call.created","observability_level":"info","category":"lead","workflow":"call_lead_create","source_company":"tbm_leads","entity_id":"507f1f77bcf86cd799439011"}
✔ correctCallLead maps a missing receiver agent to 404 (23.8176ms)
✔ correctCallLead skips Sheet Sync when nothing material changed (2.2839ms)
✔ listRecentCallLeads keeps a Duplicate Lead in the last 200 (1.0215ms)
✔ removeCallLead refuses a Booked Call Lead without cascade (0.8712ms)
✔ refuseToMarkABookedCallAsDuplicate does not mention no_sync (7.0972ms)
✔ correctCallLead does not throw ConflictError when marking no_sync on booked or duplicate (1.1832ms)
✔ Admin Call create stamps no_sync from origin and skips call_lead.create outbox when true (6.3235ms)
✔ Admin Call omit stamps no_sync true; RingCentral client true stamps false (12.7173ms)
✔ CallLead schema defaults no_sync to false so missing-field documents stay syncable (0.444ms)
✔ begin remembers Sheet Sync before commit; complete dispatches and records owner events (30.8447ms)
✔ form duplicate check matches an earlier lead by email within exact granularity (5.301ms)
✔ form duplicate check matches existing lead by phone within exact granularity (1.1097ms)
✔ form duplicate check does not fall back from exact granularity to company (3.2438ms)
✔ form duplicate check allows single identifier duplicate matches (0.7835ms)
✔ form duplicate check ignores regex candidates that fail exact phone verification (1.0347ms)
✔ form duplicate check skips lookup when no usable identifier exists (0.5978ms)
✔ findFormLeadForEnrichment does not return a Duplicate Lead (6.0186ms)
✔ findFormLeadForEnrichment is not found when the Form Lead is missing (0.7344ms)
✔ correctFormLead refuses quoted and cubic feet on a Duplicate Lead (2.6617ms)
✔ refuseIllegalCorrections does not mention no_sync (14.9516ms)
✔ correctFormLead does not throw ConflictError when marking no_sync on booked, duplicate, or bad (1.9288ms)
✔ correctFormLead refuses Bad Lead on duplicate, Booked, or Cancelled (1.1447ms)
✔ removeFormLead refuses a Booked Form Lead without cascade (0.8444ms)
✔ [AC-10] WordPress and Admin Form create paths derive exact origins (0.5049ms)
✔ Admin Form create omit stores no_sync true and skips form_lead.create outbox (9.0417ms)
✔ Admin Form omit stamps no_sync true; opt-in false and WordPress client true stamp correctly (12.7525ms)
✔ FormLead schema defaults no_sync to false so missing-field documents stay syncable (0.4668ms)
✔ [AC-10] Form updates cannot carry internal snapshot or origin fields (0.4954ms)
✔ lead CPL resolution uses the stored Eastern business calendar day (3.4559ms)
✔ duplicate Call Lead snapshots retain base-period evidence at zero (1.0897ms)
✔ missing rates remain compatibility zero with a cleared period reference (0.6811ms)
✔ [AC-10] Form origin derivation uses trusted entry points and fails closed (13.7896ms)
✔ [AC-12] Call origin derivation uses trusted entry points and fails closed (0.5541ms)
✔ [AC-10] [AC-11] creation provenance captures ingested snapshots with trusted now (2.3809ms)
✔ [AC-12] Call creation provenance forces quoted false and captured_at_ingestion (1.9429ms)
✔ noSyncOnCreate defaults true for vantage_admin and ignores other-origin client true (0.4549ms)
✔ [AC-07] omitForbiddenLeadLifecycleFields strips internal metadata from updates (4.7276ms)
✔ deriveLocal is local only when both states match (1.9678ms)
✔ deriveFormLeadLocal treats not_found on either side as a Local Move (0.6195ms)
✔ deriveFormLeadLocal still classifies two known states (0.2878ms)
✔ normalizeState keeps the not_found sentinel and uppercases codes (0.3452ms)
﹣ [AC-10] [AC-11] replica WordPress Form create captures origin and snapshots atomically (2.9109ms) # Replica-set proof requires TEST_MODE=true before process start.
﹣ [AC-10] replica Form origin/snapshot insert rolls back with the Lead (0.9221ms) # Replica-set proof requires TEST_MODE=true before process start.
﹣ [AC-12] replica RingCentral Call create captures origin, quoted false, and rolls back atomically (1.2769ms) # Replica-set proof requires TEST_MODE=true before process start.
✔ lead source assignment persists owner-created registry sources (3.0649ms)
✔ lead source assignment retries a valid fallback alias after exact lookup misses (0.7531ms)
✔ classifies a different legacy source company as conflict (1.794ms)
✔ classifies a genuinely unassigned Lead as unassigned (0.4781ms)
✔ receipt exists before Lead create on the authorized path (4.0042ms)
✔ duplicates collapse on the idempotency key (2.0283ms)
✔ unauthorized or keyless WordPress create does not write a receipt (0.5744ms)
✔ unattached receipt refuses a second Lead create (3.4596ms)
✔ attach failure does not leave a creatable second Lead (1.1477ms)
✔ capture failure aborts Lead create (0.677ms)
✔ seed catalog has unique Granot Carrier Codes and DOTs (1.9388ms)
✔ seed plan sets missing codes and leaves matching codes alone (1.0904ms)
✔ carrier normalization collapses whitespace and lowercases names (2.3364ms)
✔ carrier CSV parser normalizes headers and rejects duplicate compound identities (5.4045ms)
✔ carrier CSV parser rejects duplicate Granot Carrier Codes (0.8676ms)
✔ carrier list defaults to active rows and applies q across searchable fields (3.6929ms)
✔ patch import creates missing carriers and reactivates changed existing carriers (2.2093ms)
✔ replace import deactivates active carriers missing from the uploaded CSV (1.2117ms)
✔ phone classification: external, company DID, extension, withheld, service code, malformed (3.8915ms)
✔ provider account resolution never fabricates or silently picks between accounts (2.084ms)
✔ window start honors the twelve-hour floor and the cursor overlap (0.8372ms)
✔ coverage: complete rolling window advances cursor and watermark, closes covered gaps (0.8586ms)
✔ coverage: partial page failure never advances complete-through and records the missing range (2.6312ms)
✔ coverage: gap repair removes a repaired gap, narrows a partially repaired one, and never drops gaps past the bound (1.091ms)
✔ import boundary: numberActivity never imports qualification, ingest, convergence or Lead write services (10.7853ms)
✔ normalizeDirectory reduces provider records to the snapshot shape deterministically; digest is order-independent (9.7275ms)
✔ fetcher issues the documented account, extension, phone-number and call-queue reads over the shared client (0.998ms)
✔ capture-projection dedupe key is the provider uuid, falling back to the receipt id only when the uuid is absent (3.7796ms)
✔ queue topic is env-scoped and never published from a test runner (3.6305ms)
✔ fan-out: flag off means no job and no publish; a non-durable receipt is skipped honestly (2.4703ms)
{"level":"warn","time":"2026-09-18T21:18:47.015Z","service":"vantage-main-server","env":"development","msg":"sales_intelligence.capture.fanout.enqueue_timeout","receiptId":"6aadaab60984bc8449263ec9","timeoutMs":20}
✔ fan-out: the acknowledgement waits a bounded time for the job transaction; a slow transaction is reported, not awaited forever (60.4117ms)
✔ fan-out: job is durable before publish; publish failure keeps the enqueued job; enqueue failure is bounded (5.0488ms)
✔ publish wake-up: gated, best-effort, never throws (1.2912ms)
✔ wake-up payload is exactly { job_id } with a 24-hex id (4.1882ms)
✔ worker: unclaimable job (completed, leased elsewhere, foreign stage) does nothing (1.3899ms)
✔ worker: loads the stored receipt, passes the job id as request_id, completes with a bounded per-session result (3.8308ms)
✔ worker: deterministic per-session failures (account_unresolved) complete the job with the error visible; retryable ones retry with partial result (2.2965ms)
✔ worker: missing receipt is schema_invalid (bounded retries), lease loss during completion is reported not retried (2.3825ms)
{"level":"error","time":"2026-09-18T21:18:47.026Z","service":"vantage-main-server","env":"development","msg":"sales_intelligence.capture.fanout.enqueue_failed","receiptId":"6aadaab70984bc8449263ece","errorName":"Error","errorCode":null}
{"level":"error","time":"2026-09-18T21:18:47.028Z","service":"vantage-main-server","env":"development","msg":"sales_intelligence.queue.publish_failed","jobId":"6aadaab70984bc8449263ed0","errorName":"Error"}
{"level":"warn","time":"2026-09-18T21:18:47.042Z","service":"vantage-main-server","env":"development","msg":"sales_intelligence.capture.projection.lease_lost","jobId":"6aadaab70984bc8449263edc"}
✔ terminal party statuses stay in parity with the qualification evaluator (2.361ms)
✔ inbound queue call projects all directions of evidence: parties, connection, terminal, external number (11.3758ms)
✔ duplicate webhook delivery is a semantic no-op: no revision, fenced per party (2.6352ms)
✔ one party's sequence never suppresses another party in the same delivery (1.47ms)
✔ out-of-order and late events never regress terminal or connected facts (1.6309ms)
✔ Call Log is authoritative: result/duration survive a late webhook terminal event (31.236ms)
✔ identical Call Log replay and older lastModifiedTime never create a new revision or regress facts (4.8492ms)
✔ transfer with multiple recordings keeps every leg and recording, counted once as one interaction (1.6014ms)
✔ delayed recording evidence after terminal is surfaced as new recording ids (1.7982ms)
✔ voicemail is provider evidence; connected is not human; outbound unanswered stays unknown (4.813ms)
✔ internal, withheld and malformed observations keep provider evidence without a customer identity (2.3968ms)
✔ review fix: an unknown short caller id is malformed, never a fabricated extension that makes a customer call Internal (1.1702ms)
✔ review fix: a party event missing `direction` does not turn an outbound customer call into a sticky Internal (1.636ms)
✔ review fix: a stale Call Log record never regresses leg-level result or duration (1.2363ms)
✔ review fix: legs_overflow_count is monotone across records and not double counted on merge (63.1573ms)
✔ session-id only Call Log record resolves to fallback identity and gains the strongest basis when bridged (1.3227ms)
✔ Call Log first, webhook later: the extension party is adopted, not duplicated (1.5686ms)
✔ mergeProjections requires same account and folds evidence without dropping recordings (2.447ms)
✔ no directory snapshot keeps roles unknown instead of guessing (1.0134ms)
✔ parseSearchTerm: e164, suffix, term and formatting (4.2355ms)
✔ term regex characters are escaped and anchored as a prefix (4.1175ms)
✔ number cursor round trip; garbage is INVALID_INPUT (4.6802ms)
✔ buildNumberSearchFilter: hygiene, attachment, range, term and keyset cursor (3.9745ms)
✔ timeline total order: happened_at desc, kind asc, id desc; isAfterCursor is strict (2.468ms)
✔ keysetAfterCursor mirrors isAfterCursor for a fixed kind (0.688ms)
✔ mergeTimeline: k-way merge, dedupe on (kind,id), cursor only when more remain (1.6203ms)
✔ NUMBER_DTO_FIXTURES parse against their schemas; CSI-01 detail data is a subset of the CSI-04 detail data (17.601ms)
✔ recount replays stored canonical interactions through the CSI-02 counting rules and derives search terms from evidence only (20.1347ms)
✔ recount is idempotent: recounting the rebuilt fields yields the same fields; a fresh recount equals incremental rollups (10.722ms)
✔ incident severity comparison ranks critical above error and warn (1.8824ms)
✔ event filter keeps exact-match fields exact (5.4958ms)
✔ event filter matches lead name partially and case-insensitively (2.2862ms)
✔ event filter escapes regex metacharacters in lead inputs (3.456ms)
✔ event filter matches phone digits across formatting (1.0608ms)
✔ event filter supports partial phone digit search (0.7863ms)
✔ event filter builds date window and text search (2.4269ms)
✔ facets query schema coerces dates and strips unknown params (0.9028ms)
✔ incident filter applies partial lead matching and q regex OR (45.7809ms)
✔ fingerprint is deterministic for the same inputs (2.4261ms)
✔ fingerprint differs by event key and environment (0.5928ms)
✔ explicit dedupeKey takes precedence over composed fields (0.3382ms)
✔ normalized error messages group transient differences (0.6054ms)
✔ dedupe key is human-readable and stable (0.371ms)
✔ returns all-null for missing identity (2.78ms)
✔ trims name/phone and lowercases email (0.5087ms)
✔ empty strings become null (0.2943ms)
✔ returns empty object for nullish or non-object details (3.7065ms)
✔ truncates long strings to 500 characters with ellipsis (1.3054ms)
✔ collapses oversized arrays and deep objects (6.3778ms)
✔ normalizes dates and drops unsupported values (9.8881ms)
✔ replaces details exceeding byte budget with a truncation marker (0.8838ms)
✔ canonicalize sorts object keys and serializes dates deterministically (2.0945ms)
✔ result hash is stable for identical inputs regardless of key order (0.8627ms)
✔ result hash changes when result data changes (0.5657ms)
✔ isOperationalReportKey validates known keys (0.3337ms)
✔ registry denies exact IDs and normalized Google spreadsheet URLs (5.1011ms)
✔ production registry fails closed when required registration is absent (1.1304ms)
✔ spreadsheet normalization is strict and masking does not expose IDs (0.5417ms)
✔ registration groups compose without mutable global state (0.3817ms)
✔ Stage 2 registers both ingestion sources as production-required (0.5479ms)
✔ registry agent list excludes inactive rows by default (6.9388ms)
✔ registry merchant list supports include_inactive (0.6585ms)
{"level":"info","time":"2026-09-18T21:18:49.171Z","service":"vantage-main-server","env":"development","msg":"cpl_correction.completed","observability_level":"info","category":"admin","workflow":"cpl_correction","entity_id":"6aadaab9228dca4ca7a0aba8"}
✔ computeCplCorrectionPreviewHash is stable for normalized selection and impact (5.6825ms)
✔ previewCplCorrection returns deterministic hash and bounded sample (6.0156ms)
✔ preview hashes full Lead state and reports full counts beyond its sample (2.0414ms)
✔ Form duplicate flags do not invoke Call duplicate-zero CPL semantics (4.1273ms)
✔ createCplCorrection rejects stale preview hash (3.1765ms)
✔ createCplCorrection rejects changed schedule revision (1.0605ms)
✔ createCplCorrection commits audit metadata without lead payloads (3.9157ms)
✔ correction jobs exclude Leads inserted after the reviewed preview (6.5575ms)
✔ correction jobs fail visibly when reviewed Lead state changes (2.461ms)
✔ correction jobs fail when a reviewed Lead disappears (2.3801ms)
✔ processCplCorrectionBatch resumes after expired lease (3.2008ms)
✔ overlapping workers do not double-correct the same lead (2.7928ms)
✔ re-entering a completed batch is a no-op (1.8376ms)
✔ cancellation stops future batches without corrupting completed work (2.6242ms)
✔ partial failure records failed count and resumes remaining leads (2.6819ms)
✔ analytics invalidation seam fires once after successful completion with changes (1.5553ms)
✔ analytics handoff failure does not downgrade completed corrections (1.934ms)
✔ normalizeCplCorrectionSelection converts inclusive business dates (1.4208ms)
✔ correction windows query pseudo-UTC Lead timestamps across DST (1.8704ms)
{"level":"warn","time":"2026-09-18T21:18:49.175Z","service":"vantage-main-server","env":"development","msg":"cpl_correction.lead_failed","observability_level":"warn","category":"admin","workflow":"cpl_correction","entity_id":"6aadaab9228dca4ca7a0aba9"}
{"level":"error","time":"2026-09-18T21:18:49.177Z","service":"vantage-main-server","env":"development","msg":"cpl_correction.reviewed_target_missing","observability_level":"error","category":"admin","workflow":"cpl_correction","entity_id":"6aadaab9228dca4ca7a0abaa"}
{"level":"info","time":"2026-09-18T21:18:49.180Z","service":"vantage-main-server","env":"development","msg":"cpl_correction.progress","observability_level":"info","category":"admin","workflow":"cpl_correction","entity_id":"6aadaab9228dca4ca7a0abab"}
{"level":"info","time":"2026-09-18T21:18:49.181Z","service":"vantage-main-server","env":"development","msg":"cpl_correction.completed","observability_level":"info","category":"admin","workflow":"cpl_correction","entity_id":"6aadaab9228dca4ca7a0abab"}
{"level":"info","time":"2026-09-18T21:18:49.183Z","service":"vantage-main-server","env":"development","msg":"cpl_correction.completed","observability_level":"info","category":"admin","workflow":"cpl_correction","entity_id":"6aadaab9228dca4ca7a0abac"}
{"level":"info","time":"2026-09-18T21:18:49.185Z","service":"vantage-main-server","env":"development","msg":"cpl_correction.completed","observability_level":"info","category":"admin","workflow":"cpl_correction","entity_id":"6aadaab9228dca4ca7a0abad"}
{"level":"info","time":"2026-09-18T21:18:49.187Z","service":"vantage-main-server","env":"development","msg":"cpl_correction.progress","observability_level":"info","category":"admin","workflow":"cpl_correction","entity_id":"6aadaab9228dca4ca7a0abae"}
{"level":"info","time":"2026-09-18T21:18:49.188Z","service":"vantage-main-server","env":"development","msg":"cpl_correction.cancelled","observability_level":"info","category":"admin","workflow":"cpl_correction","entity_id":"6aadaab9228dca4ca7a0abae"}
{"level":"warn","time":"2026-09-18T21:18:49.190Z","service":"vantage-main-server","env":"development","msg":"cpl_correction.lead_failed","observability_level":"warn","category":"admin","workflow":"cpl_correction","entity_id":"6aadaab9228dca4ca7a0abaf"}
{"level":"info","time":"2026-09-18T21:18:49.191Z","service":"vantage-main-server","env":"development","msg":"cpl_correction.progress","observability_level":"info","category":"admin","workflow":"cpl_correction","entity_id":"6aadaab9228dca4ca7a0abaf"}
{"level":"info","time":"2026-09-18T21:18:49.191Z","service":"vantage-main-server","env":"development","msg":"cpl_correction.completed","observability_level":"info","category":"admin","workflow":"cpl_correction","entity_id":"6aadaab9228dca4ca7a0abaf"}
{"level":"info","time":"2026-09-18T21:18:49.193Z","service":"vantage-main-server","env":"development","msg":"cpl_correction.completed","observability_level":"info","category":"admin","workflow":"cpl_correction","entity_id":"6aadaab9228dca4ca7a0abb0"}
{"level":"info","time":"2026-09-18T21:18:49.194Z","service":"vantage-main-server","env":"development","msg":"cpl_correction.completed","observability_level":"info","category":"admin","workflow":"cpl_correction","entity_id":"6aadaab9228dca4ca7a0abb1"}
{"level":"error","time":"2026-09-18T21:18:49.195Z","service":"vantage-main-server","env":"development","msg":"cpl_correction.analytics_handoff_failed","observability_level":"error","category":"admin","workflow":"cpl_correction","entity_id":"6aadaab9228dca4ca7a0abb1"}
✔ dollarsToCents accepts canonical non-negative precision (2.92ms)
✔ dollarsToCents rejects negatives, unsafe values, and more than two decimals (2.1468ms)
✔ business dates convert New York local midnight across spring DST (1.2329ms)
✔ business dates convert New York local midnight across fall DST (0.5466ms)
✔ owner inclusive end converts to next local midnight exclusive (0.6039ms)
✔ business date conversion rejects malformed and impossible dates (0.4247ms)
✔ active schedule validation accepts contiguous periods and explicit zero (3.149ms)
✔ active schedule validation rejects gaps, overlaps, and missing open end (3.0885ms)
✔ inactive schedules may be incomplete but remain ordered and non-overlapping (1.6791ms)
✔ simple construction ignores unchanged rates and preserves future periods (2.3274ms)
✔ simple construction splits history and replaces future coverage (1.2002ms)
✔ advanced operations add, split, correct, and replace schedules (2.6201ms)
✔ resolver uses inclusive start and exclusive end business timestamp (0.8959ms)
✔ resolver distinguishes missing, duplicate zero, and not applicable (0.5788ms)
✔ advanced command returns safe stale revision state without writes (2.4349ms)
✔ simple command validates every changed granularity before writing atomically (2.8281ms)
✔ simple command ignores unchanged rows and increments changed rows once (2.2122ms)
✔ simple command ignores an unchanged row without revision comparison (0.8964ms)
✔ CplRatePeriod model declares the three schedule lookup indexes (1.2021ms)
✔ toSmsView defaults a missing policy to off and not attested (2.6156ms)
✔ setGranotCrmSourceOutboundSms rejects non-owners and not_attested enable (5.3921ms)
✔ listRecentGranotCrmSourceSms never returns a message body (0.9468ms)
✔ enabling SMS is rejected unless lead_created_policy is create_if_missing (3.0193ms)
✔ editing a template increments template_version and leaves enabled false (2.4307ms)
✔ RegistryError exposes stable registry_code and remediation in HTTP body (5.1147ms)
✔ RegistryError maps registry codes to app log codes without changing legacy error field (0.4522ms)
✔ [AC-38] automation reference write is audited and invalidates caches only after commit (6.1547ms)
✔ [AC-38] replay of the same automation reference is a no-op write (1.2611ms)
✔ [AC-38] audit failure leaves the automation reference unapplied (1.9649ms)
✔ Admin actors cannot write automation references (1.3207ms)
✔ Admin and missing-reason actors cannot mutate Granot CRM source policy (5.0376ms)
✔ [AC-38] Owner create validates inside the transaction and pairs one sanitized granot_crm_source audit (6.9706ms)
✔ [AC-38] audit failure rolls back mutation and does not invalidate caches (2.1775ms)
✔ duplicate request IDs remain a stable replay conflict (1.9052ms)
✔ inactive or mismatched references fail closed and do not write (1.7805ms)
✔ setGranotCrmSourceLifecycleEnabled reuses the audited Owner command (3.6551ms)
✔ read-after-write does not return a cached precommit policy projection (0.9064ms)
﹣ [AC-38] replica-set create commits mutation and audit together then invalidates caches (1.0152ms) # Replica-set proof requires TEST_MODE=true before process start.
✔ changing lead_created_policy away from create_if_missing turns SMS off on the stored document (2.0197ms)
✔ normalizeSourceLabel applies NFKC (10.6591ms)
✔ normalizeSourceLabel collapses internal whitespace (0.6499ms)
✔ normalizeSourceLabel trims (4.5678ms)
✔ normalizeSourceLabel lowercases (0.6702ms)
✔ normalizeSourceLabel folds full-width characters (0.6576ms)
✔ normalizeSourceLabel collapses a non-breaking space (0.6354ms)
✔ create rejects a client-supplied normalized_label (2.5234ms)
✔ create rejects a change_reason shorter than 10 or longer than 1000 (1.0035ms)
✔ create validation order: Feed exists, belongs to Lead Source, is active, then collision (32.6976ms)
✔ unique index is defined separately from the service collision check (1.7495ms)
✔ create writes through the registry audit trail (2.0558ms)
✔ there is no in-place destination edit; correction is deactivate then create (1.9514ms)
✔ schema validation rejects a mismatched normalized_label (16.0573ms)
✔ schema validation rejects post-create changes to destination fields (3.681ms)
✔ resolveLabelToFeed returns not_found without throwing (1.0622ms)
✔ resolveLabelToFeed returns ambiguous when two active mappings collide (0.6764ms)
✔ listLabelMappings filters by Feed, Lead Source, and namespace (0.6876ms)
✔ consultStaticSourceLabelMap increments the instrumented counter (0.5486ms)
✔ derives company_slug and granularity_key like paid_overflow (4.5503ms)
✔ creates one inactive lead source and feed and returns the readiness plan (11.6835ms)
✔ skippable Granot still creates a valid inactive lead source and feed (1.4964ms)
✔ collision on company_slug writes nothing (1.9255ms)
✔ crm_label collision against an active same-channel feed writes nothing (1.3805ms)
✔ alias collision names both sides and writes nothing (1.6682ms)
✔ granot label collision writes nothing (1.1507ms)
✔ mid-transaction feed failure leaves none of the three (1.3829ms)
✔ Paid Overflow-shaped setup creates a new first-class feed and leaves paid_overflow alone (1.4515ms)
✔ preview runs the same validation and writes nothing (1.4352ms)
✔ preview reports every collision type without writing (2.1746ms)
✔ translation table maps handling and arrival policy exactly (3.1579ms)
✔ one_feed create is inactive, SMS-off, one any route, lead_model derived from the Feed (8.1169ms)
✔ one_feed Call Feed derives CallLead (2.8396ms)
✔ Owner create accepts an inactive Feed on an inactive Lead Source as a draft (1.8623ms)
✔ submitted lead_source_id that disagrees with the Feed is rejected naming both sides (2.5813ms)
✔ watch_only with a non-null destination is rejected (0.852ms)
✔ duplicate normalized name is rejected before write (0.9708ms)
✔ short reason is rejected after the name check (0.5803ms)
✔ form_by_move_type with two Call Feeds is rejected (1.2917ms)
✔ form_by_move_type with two local Feeds is rejected (0.8586ms)
✔ form_by_move_type with the same Feed twice is rejected (0.5522ms)
✔ form_by_move_type with Feeds from different Lead Sources is rejected (0.7091ms)
✔ form_by_move_type writes two FormLead routes keyed by move type (9.2385ms)
✔ referral_booking translates to referral disposition and observation_only (1.4271ms)
✔ watch_only translates to deferred and observation_only (0.9317ms)
✔ non-Owner actors cannot create a Granot name (0.7011ms)
✔ banned-term constant is the shared six-term list (3.245ms)
✔ ORS-3 detail projection Owner strings stay inside the language deck (15.9552ms)
✔ translation table covers every code health.ts can emit (3.4895ms)
✔ every translation has a non-empty owner action and deep link (0.8757ms)
✔ unknown codes surface as themselves and are never dropped (0.543ms)
✔ active RingCentral validation failure uses the stopped-filing sentence (0.2501ms)
✔ assignment inconsistency states the operational cost with the number (0.2927ms)
✔ source registry health reports invalid defaults and deterministic conflicts (5.8997ms)
✔ source registry health reports active granularity under inactive company (0.6565ms)
✔ CPL health discloses invalid active schedules and unresolved production Leads (1.115ms)
✔ runtime health discloses stale cache service and remaining compatibility reads (1.9681ms)
✔ label mapping health reports an invalid destination and a collision (0.7596ms)
✔ Registry Health renders with an empty mappings collection (0.2324ms)
✔ Granot health findings raise on one fixture each and stay quiet on a healthy source (2.8429ms)
✔ detail returns every connection in one request for §7.2 (16.4612ms)
✔ two move-type feeds keep separate label sets (3.7354ms)
✔ empty states are present sections, never absent (5.3021ms)
✔ list and detail stay under the round-trip bound and write nothing (3.3345ms)
✔ Owner-facing finding strings keep implementation words out of copy (3.2203ms)
✔ withRegistryMutation rolls back when audit insert fails (5.1763ms)
✔ withRegistryMutation invalidates caches only after commit (3.6101ms)
✔ duplicate mutation request IDs fail as a stable replay conflict (1.8529ms)
✔ granot_crm_source audit failure still rolls back and skips cache invalidation (1.0709ms)
✔ invalidateRegistryCaches deduplicates keys for listeners (0.8868ms)
✔ assignment DTO carries Lead Source and Feed labels from one bounded join (5.0378ms)
✔ reassignment request carrying a company ID is still rejected (4.4615ms)
✔ activation still rejects an inactive or non-call feed (3.7427ms)
✔ dependency preview no longer returns a hardcoded can_deactivate gate (0.9473ms)
✔ RingCentral snapshot resolves historical assignment intervals (4.9454ms)
✔ RingCentral snapshot rejects unknown and interval gaps (0.5458ms)
✔ RingCentral snapshot excludes inactive source targets (1.4053ms)
✔ active RingCentral snapshot number listing excludes closed history (0.4936ms)
✔ cache invalidation discards an in-flight stale refresh (1.1222ms)
✔ M5 account validator shares one RingCentral inventory load across numbers (2.2302ms)
{"level":"info","time":"2026-09-18T21:18:56.260Z","service":"vantage-main-server","env":"development","msg":"operations_registry.compatibility_read","observability_level":"info","category":"admin","workflow":"operations_registry"}
✔ runtime telemetry exposes bounded resolver health and compatibility counters (3.6294ms)
✔ durable compatibility recording falls back locally when persistence is unavailable (2.4618ms)
✔ durable compatibility events merge across process-local telemetry (0.718ms)
✔ sanitizeRegistrySnapshot redacts secret-like keys (3.6214ms)
✔ sanitizeRegistrySnapshot bounds oversized nested payloads (0.7741ms)
✔ sanitizeRegistrySnapshot returns null for empty snapshots (0.4481ms)
✔ first-class Source Granularity applies draft and revision defaults (18.7753ms)
✔ Source Company defaults sheet projection to derived import (12.0552ms)
✔ source company write schema rejects embedded granularities and active flag (55.4452ms)
✔ owner-created dynamic source resolves by exact identifier (4.3379ms)
✔ active company default resolves only to an active same-channel record (0.6311ms)
✔ a company identifier falls through to its default when it is not a granularity alias (0.7269ms)
✔ local classification resolves the matching active granularity before the default (3.0902ms)
✔ fallback aliases choose the unique highest priority candidate (1.3089ms)
✔ an inferred unknown company identifier can resolve as a global alias in one pass (0.6763ms)
✔ equal-priority fallback ambiguity fails deterministically (2.0912ms)
✔ inactive exact records and inactive defaults do not resolve (5.1165ms)
✔ all legacy source-label fixtures preserve company attribution (2.0805ms)
✔ resolves without touching the static map (15.2467ms)
✔ empty collection falls back to the static map and emits exactly one compatibility-read event (1.3043ms)
✔ ambiguous mapping fails closed and does not consult the static map (1.0633ms)
✔ inactive-Feed mapping fails closed and does not fall back to the static map (1.0435ms)
✔ canonical payload normalizes email, role, method, and path (2.4847ms)
✔ verifyRegistryActor accepts a valid owner signature (2.2317ms)
✔ verifyRegistryActor rejects admin role for owner-only mutation (1.6878ms)
✔ verifyRegistryActor allows admin read access with valid signature (1.0148ms)
✔ verifyRegistryActor rejects missing signature headers (3.327ms)
✔ verifyRegistryActor rejects expired signatures outside replay window (1.1846ms)
✔ verifyRegistryActor rejects tampered signatures (0.972ms)
✔ verifyRegistryActor rejects method/path mismatches (0.8211ms)
✔ verifyAdminActorSignature uses constant-time comparison semantics (0.592ms)
✔ preview unsigned compatibility is disabled in production (0.8825ms)
✔ preview unsigned compatibility never authorizes mutations (0.6285ms)
✔ unsigned preview reads require a unique request ID (0.654ms)
✔ exported header names match dashboard proxy contract (0.3614ms)
✔ extension owner Bearer auth can read agent catalog without signed proxy headers (0.5238ms)
✔ extension owner Bearer auth can create agents without signed proxy headers (0.4825ms)
✔ extension owner Bearer auth cannot mutate non-catalog registry routes (0.6757ms)
✔ extension sales Bearer auth is not a registry actor (0.6787ms)
✔ extension Sales plus Customer Service Bearer auth is not a registry actor (0.6488ms)
✔ booked reconciliation can preview phone/source matched unbooked call lead updates (20.7708ms)
✔ booked reconciliation does not globally phone-match across assigned source companies (1.839ms)
✔ booked reconciliation warns but allows idempotent sync when phone-matched lead has a different job_no (3.5409ms)
✔ booked reconciliation prefers phone/source candidates without conflicting job_no (7.0876ms)
✔ Path B phone fallback does not read granot_contact_snapshot as identity (1.4097ms)
✔ ownerIdentitySnapshotFromEmail persists snake_case keys required by ReportingDestination (3.355ms)
✔ ReportingDestination rejects camelCase owner identity snapshots (20.9195ms)
✔ ReportingDestination accepts snake_case owner identity from helper (15.7274ms)
✔ Stage 4 stream resumes without duplicates and preserves checksum state (23.5222ms)
✔ Stage 4 stream validates current page dependencies before and after query (2.4571ms)
✔ Stage 4 source read-through is supplied once as a valid UTC instant (0.4761ms)
✔ manifest builds once and validations are page-targeted across pages (1.3378ms)
✔ resume validates the complete manifest before reopening reader (0.6848ms)
✔ mapped contributing dependency fails before output without O(N) validation (1.0283ms)
✔ columnIndexFromLetters matches Google A1 columns including ZZ (4.161ms)
✔ createHiddenStagingTab stamps markers on a default 26-column Google sheet (4.3947ms)
✔ writeOwnershipAndRunMarkers expands an existing 26-column sheet (1.0981ms)
✔ writeValuesRaw expands a default grid before writing past the last row (2.4271ms)
✔ registered container confirmed 404 is treated as cleaned_not_found (2.327ms)
✔ 403 access denied remains refetch_blocked and does not complete run (0.8124ms)
✔ transient provider error remains refetch_blocked and does not complete run (0.7094ms)
✔ confirmed 404 completes run when all registered containers are cleaned (0.3055ms)
✔ partial attempt A cleaned then failed B completes only after B is cleaned on next run (0.3315ms)
✔ live harness prerequisites fail closed when OAuth export root is absent (2.8309ms)
✔ live harness rejects service-account credentials including local file env vars (1.6424ms)
✔ live harness skips without calling Google when prerequisites are absent (3.9406ms)
✔ PII-safe evidence masks file IDs and omits sensitive detail keys (0.7433ms)
✔ live harness evidence log contains no raw PII field names (1.169ms)
✔ buildLiveTestRunTag produces unique synthetic tags (1.2574ms)
✔ buildLiveTestAppProperties marks harness_container artifacts for janitor selection (0.6059ms)
✔ transient failure wrapper exhausts injected failures (0.5285ms)
✔ positively marked live test artifact requires export root, age, and marker (1.2438ms)
✔ live test google api factory receives explicit OAuth2Client (2.6634ms)
✔ live test google api factory rejects service-account env indicators (2.4541ms)
✔ needs_janitor cleanup status remains janitor-eligible (2.2456ms)
✔ registry binding rejects copied-marker sibling not registered for run (1.0668ms)
✔ registry binding rejects export root mismatch (0.4295ms)
✔ denylist proof accepts only OPERATIONAL_WORKBOOK rejection code (0.8978ms)
✔ picker parent mismatch fails before destination denylist check (0.9745ms)
✔ export folder env snapshot restores unset variable after early throw path (0.6959ms)
✔ export folder env snapshot restores prior value when variable was set (0.586ms)
✔ live test run tag format enforces configured prefix pattern (3.9499ms)
✔ direct-child invariant rejects nested artifacts (0.5678ms)
✔ known harness run evidence requires harness_container role and markers (1.0103ms)
✔ recursive evidence sanitizer redacts nested sensitive values (3.2958ms)
✔ sanitizeLiveTestString redacts embedded Drive URLs and bearer tokens (0.7389ms)
✔ structured cleanup errors mask file IDs instead of concatenating raw IDs (0.509ms)
✔ service-account indicators include env, local file vars, and credential file names (1.3677ms)
✔ janitor returns no-op when live tests are disabled (1.8723ms)
✔ worker transient hook consumes only configured run (0.6418ms)
✔ janitor selects only positively marked harness_container folders under export root (2.9093ms)
✔ janitor requires persisted harness-run registry authorization (0.5794ms)
✔ janitor honors optional run-tag prefix filter (0.4489ms)
✔ isPositivelyMarkedHarnessContainer rejects non-folder roles and young artifacts (0.3712ms)
✔ isPositivelyMarkedLiveTestArtifact rejects young artifacts (0.3091ms)
✔ promotion plan: fresh reserve when ready and no prior reservation (2.4243ms)
✔ promotion plan: takeover recovers applied rename without competing promote (0.6854ms)
✔ promotion plan: takeover of not-applied rename takes new reservation (0.347ms)
✔ promotion plan: ambiguous google state preserves prior-tab safety (0.3781ms)
✔ promotion reservation filter requires active lease and prior generation (1.9539ms)
✔ promotion lease interleaving: expiry before provider abandons mutate (0.7751ms)
✔ promotion lease interleaving: expiry during provider blocks stale CAS (0.3772ms)
✔ promotion lease interleaving: stale response after takeover cannot CAS (0.4062ms)
✔ promotion lease interleaving: takeover recovers applied rename via CAS only (0.3499ms)
✔ promotion lease interleaving: takeover of not-applied rename re-reserves then promotes (0.4201ms)
✔ promotion CAS requires provider_applied, not merely reserved (0.2788ms)
✔ transient TX errors are not classified as stale (0.4466ms)
✔ catalog contains exactly three code-defined @1 datasets and complete contracts (4.0466ms)
✔ owner sorts reject internal and duplicate terms and append ASC tie-breakers (1.9286ms)
✔ deployment allowlist defaults, narrows, and rejects unknown or duplicate tokens (1.1622ms)
✔ strict request contracts reject caller scope and arbitrary dataset filters (10.5422ms)
✔ request bounds and formula-safe labels fail before database work (63.6548ms)
✔ cancel wire contract requires idempotencyKey (admin clients must send it) (26.7377ms)
✔ New York date boundaries are half-open across 23 and 25 hour days (261.964ms)
✔ rolling windows are strict, bounded, fresh, and DST-aware (194.6569ms)
✔ source performance aggregates all related bookings with approved semantics (1.9975ms)
✔ CPL unresolved semantics exclude resolved zero and not-applicable states (0.6706ms)
✔ source performance grouping uses stable IDs and ignores label drift (2.4022ms)
✔ representative policies retain temporal and outcome or exception variation (5.8565ms)
✔ lead detail primary booking is one-row deterministic and prefers active state (2.0379ms)
✔ keyset cursor covers rows once and checksums are deterministic (1.7518ms)
✔ destination port is injectable and fails closed on safety or checksum drift (1.7611ms)
✔ destination verification timestamps must be finite, fresh, and not future-skewed (1.4353ms)
✔ destination validation binds identity and strategy-specific shape (1.127ms)
✔ unresolved cancellation pipeline scopes through canonical booking attribution (1.7ms)
✔ every orphan predicate narrows granularities per parent company (0.475ms)
✔ confirmation binds stable destination identity; health refresh stays valid (4.6089ms)
✔ owner destination checksum treats zero available cells as a real capacity, not missing (0.8091ms)
✔ confirmation evidence binds actor, idempotency key, and immutable fingerprint (1.9872ms)
✔ concurrent confirmation duplicate keys are recognized without a 500 race (0.5023ms)
✔ snapshot adapter contract records a token and fails closed when unavailable (0.9283ms)
✔ unchanged leadless booking manifest entries retain job and source fingerprints (16.2024ms)
✔ changed leadless booking job or source data invalidates its manifest entry (3.4872ms)
✔ sample evidence is keyed opaque HMAC rather than raw SHA (1.1906ms)
✔ execution package mandates literal RAW spreadsheet writes (1.6089ms)
✔ query budgets reject oversized materialization and page requests before reads (0.9206ms)
✔ estimates distinguish exact and safe upper bounds without truncation (0.9827ms)
✔ run failures are fixed safe envelopes and unsafe fields are never exposed (1.4064ms)
✔ reporting lifecycle audit payloads contain only safe identifiers and counts (0.7688ms)
✔ source read-through capture is fenced by active lease owner and epoch (1.99ms)
✔ revision checksum survives Mongo minimize of empty filters (1.9105ms)
✔ revision checksum verification detects tampering and bulk mutation is blocked (1.5775ms)
✔ unexpected reporting errors serialize to a generic 500 response (0.5387ms)
✔ reporting routes preserve RegistryError status and reject malformed IDs (0.9003ms)
✔ reporting routes surface destination AppErrors instead of a generic 500 (0.7494ms)
✔ incomplete operational workbook safety fails closed without leaking keys (0.3695ms)
✔ reporting routes expose the deployment kill switch without leaking config (0.3016ms)
✔ run confirmation HMAC uses VANTAGE_API_SECRET when API_SECRET is unset (0.7878ms)
✔ missing reporting confirmation secrets fail closed with a safe 503 (0.7315ms)
✔ persistence models expose required indexes and immutable revision middleware (1.9375ms)
✔ regression 1: queue consumer registers Stage 4 foundation before work (3.1598ms)
✔ regression 4: read-back recomputes deterministic content checksum (14.1246ms)
✔ regression 5: published managed tab verified before staging and promotion (2.8621ms)
✔ regression 6: cleanup does not overwrite delivery terminal status (9.626ms)
✔ regression 7: artifact creation recovers one positively marked artifact (2.1998ms)
✔ regression 8: resume always fully validates persisted manifest entries/maps (1.0348ms)
✔ regression 9: trash requires ownedByMe, MIME, identity, and Drive appProperties (1.1356ms)
✔ regression 11: promotion ambiguity preserves old tab and never deletes by name (2.0543ms)
✔ regression: empty report checksum equals initial accumulator (0.8096ms)
✔ regression 2/3: lease fence helpers abort on false without Google side effects (395.4854ms)
✔ regression 8b: resume validates entries even with no stream checkpoint (0.5897ms)
✔ regression 10: cancel requires and replays idempotency keys (9.1444ms)
✔ regression 2b: destination CAS after promotion updates managed immutable id (5.0998ms)
✔ regression: upper-bound verification never reads estimate headroom (7.097ms)
✔ regression: title change resolved by immutable sheet ID on resume (0.9524ms)
✔ regression: ambiguous marker tampering refuses promotion (2.0484ms)
✔ regression: destination lineage accepts proven replace_tab advancement (23.2943ms)
✔ regression: phase-aware transition skips advanced status without LEASE_LOST (8.0888ms)
✔ regression: delivery fence rejects forged fence fields and stale epoch predicate (3.3199ms)
✔ regression: stale-worker fence bind loses to lease takeover (2.4918ms)
✔ regression: LeaseLost after promote CAS never terminal-fails run (2.9829ms)
✔ regression: retryable provider abandon does not terminal-fail (4.1906ms)
✔ regression: snapshot terminal consistency refuses delivery-completed + run-failed (6.3281ms)
✔ regression: fence bind TX interleaves with lease takeover (3.7264ms)
✔ regression: already-promoted recovery requires content verify not title-only (22.7433ms)
✔ regression: CAS-resume path refuses tampered markers and trailing edits (2.6135ms)
✔ regression: worker maps destination ReportingErrors to destination failures (2.0343ms)
✔ regression: Google 400 marker write maps to INTERNAL_FAILURE with provider_status (2.5193ms)
✔ regression: destination stable identity ignores volatile health timestamps (9.5366ms)
✔ acceptance 10: denylist rejects every registered operational workbook id (4.9133ms)
✔ acceptance 11: human-created tab takeover is refused by staging ownership markers (4.1581ms)
✔ acceptance 12: capacity feedback refuses silent truncation (1.5457ms)
✔ acceptance 13/14: bounded RAW writes, idempotent replay, and checksum-safe progress (23.8074ms)
✔ acceptance 13: ambiguous provider timeout replays exact range after read-back (2.4987ms)
✔ acceptance 15/16: staging verification/promotion and failed replacement preserves old tab (6.6506ms)
✔ acceptance 17: incomplete snapshot cleanup only trashes positively marked workbooks (1.7052ms)
✔ cleanup janitor never trashes a completed snapshot artifact (0.8321ms)
✔ acceptance 19: PII is excluded from provider failures, checkpoints, and delivery reads (1.8945ms)
✔ RAW semantics reject formula-shaped cells and require literal serialization (0.9603ms)
✔ persisted manifests reject row payloads and validate resume identity (1.2632ms)
✔ lease fencing failure codes remain typed and PII-safe (0.562ms)
✔ operational workbook denylist rejects registered workbook IDs (3.2849ms)
✔ operational workbook denylist fails closed when configuration is incomplete (0.5827ms)
✔ managed tab verification rejects human-created name collisions (2.0092ms)
✔ managed tab verification rejects tabs without a Vantage ownership marker (0.8286ms)
✔ managed tab verification accepts a matching Vantage marker (2.0816ms)
✔ destination snapshot validation rejects operational workbook matches (2.2373ms)
✔ managed tab rename preserves immutable sheet ID and revalidates ownership (4.0797ms)
✔ destination read projection omits connection and actor credentials (1.3435ms)
✔ destination snapshot validation rejects stale health timestamps (0.84ms)
✔ replace-tab capacity subtracts every existing workbook grid (0.9988ms)
✔ replace-tab capacity fails closed without grid metadata (0.6149ms)
✔ reporting observability defines operational alert event keys (3.8477ms)
✔ findReportingStuckRuns respects phase age threshold (1.9742ms)
✔ normalizePhoneNumberToE164Like handles common RingCentral number shapes (2.6295ms)
✔ RingCentral inbound target numbers resolve to configured source metadata (1.5292ms)
✔ RingCentral source labels are consistent with source company mapping (0.3965ms)
✔ normalizer preserves telephony facts before registry qualification (0.9538ms)
✔ normalizer uses an explicit provider call start and never notification time (0.5883ms)
✔ candidate folding preserves answeredAt from an older delayed event (1.4086ms)
✔ sample answered inbound event is pending immediately and qualifies after elapsed buffer (1.0136ms)
✔ evaluator rejects outbound calls (0.5243ms)
✔ evaluator rejects inbound calls to unknown numbers (0.3801ms)
✔ evaluator keeps live inbound target calls candidate until answered (0.4849ms)
✔ evaluator rejects terminal inbound target calls that were not answered (0.3013ms)
✔ evaluator distinguishes live and terminal answered calls under 120 seconds (0.3602ms)
✔ evaluator qualifies inbound target calls answered over 120 seconds (0.384ms)
✔ evaluator rejects missed calls without answered evidence (0.2853ms)
﹣ [AC-17] Unit 21 replica lease, cursor, overlap, and rescan proof (2.0216ms) # Replica-set proof is opt-in via GRANOT_LIFECYCLE_REPLICA_TESTS=true.
✔ [AC-17] lease owner identity is bounded, opaque, and per invocation (2.4544ms)
✔ [AC-17] masked owner is a short stable digest and never leaks the owner (0.8098ms)
✔ [AC-17] singleton key index contract is the exact unique key index (1.8096ms)
✔ persisted run failure codes are a bounded, non-sensitive set (0.6292ms)
﹣ [AC-17] Mongo state lease elects exactly one winner (1.0129ms) # Replica-set proof is opt-in via GRANOT_LIFECYCLE_REPLICA_TESTS=true.
{"level":"info","time":"2026-09-18T21:19:09.898Z","service":"vantage-main-server","env":"development","msg":"ringcentral.call_log_sync.lease_contended","leaseOwnerHash":"e0e92466da53"}
✔ [AC-17] the lease loser performs no provider, route, ingest, or state work (7.8885ms)
✔ [AC-17] two overlapping invocations produce exactly one winner (4.7206ms)
✔ [AC-17] the winner claims before any provider or ingest work (3.2661ms)
✔ [AC-17] a complete successful run advances the cursor exactly once (2.6838ms)
✔ [AC-17] every failure stage leaves the cursor unchanged (31.8276ms)
✔ [AC-17] an observed provider throttle is counted and blocks cursor movement (1.4276ms)
✔ [AC-17] a run with no throttling reports zero throttles (1.2529ms)
✔ [AC-17] terminal write failure loses the fence and moves no cursor (1.5325ms)
✔ [AC-17] losing the lease mid-run stops work and writes nothing (1.2232ms)
✔ [AC-17] the lease is renewed while long work remains (1.521ms)
✔ [AC-17] a failed fenced error write degrades to a PII-safe lease-lost event (0.9322ms)
✔ [AC-17] expired-lease recovery is reported without erasing terminal facts (1.2877ms)
✔ [AC-17] the rolling lookback stays exactly 12 hours for a first run (1.2718ms)
✔ [AC-17] the rolling lookback stays exactly 12 hours at a 30-minute cadence (1.1937ms)
✔ [AC-17] a cursor older than the floor keeps its overlap window (0.8795ms)
✔ [AC-17] the winner's window end is its own claim instant (0.8505ms)
✔ [AC-17] pagination stops at a short page and continues through full pages (0.9059ms)
✔ a newest-first Call Log page ingests oldest-first so same-run Duplicate Leads classify (1.6051ms)
✔ Call Log pages across a newest-first split still ingest oldest-first in one run (1.0208ms)
✔ [AC-17] Call Log telemetry and events carry no caller or provider content (2.2282ms)
✔ [AC-17] emitted lease events expose only a masked owner and bounded fields (1.4555ms)
✔ [AC-17] the run summary itself exposes no caller data (0.989ms)
{"level":"info","time":"2026-09-18T21:19:09.899Z","service":"vantage-main-server","env":"development","msg":"ringcentral.call_log_sync.lease_contended","observability_level":"info","category":"ringcentral","workflow":"ringcentral_call_log_sync","run_id":"2026-08-18T12:00:00.000Z"}
{"level":"info","time":"2026-09-18T21:19:09.905Z","service":"vantage-main-server","env":"development","msg":"ringcentral.call_log_sync.started","observability_level":"info","category":"ringcentral","workflow":"ringcentral_call_log_sync","run_id":"2026-08-18T12:00:00.000Z"}
{"level":"info","time":"2026-09-18T21:19:09.905Z","service":"vantage-main-server","env":"development","msg":"ringcentral.call_log_sync.lease_contended","leaseOwnerHash":"8cefb43f6f11"}
{"level":"info","time":"2026-09-18T21:19:09.905Z","service":"vantage-main-server","env":"development","msg":"ringcentral.call_log_sync.lease_contended","observability_level":"info","category":"ringcentral","workflow":"ringcentral_call_log_sync","run_id":"2026-08-18T12:00:00.000Z"}
{"level":"info","time":"2026-09-18T21:19:09.906Z","service":"vantage-main-server","env":"development","msg":"ringcentral.call_log_sync.completed","ranAt":"2026-08-18T12:00:00.000Z","windowFrom":"2026-08-18T00:00:00.000Z","windowTo":"2026-08-18T12:00:00.000Z","leaseOwnerHash":"7408b41fbeb6","leaseAcquired":true,"leaseRecovered":false,"leaseLost":false,"skipped":false,"skipReason":null,"runtimeMs":0,"fetchedRecords":0,"candidateRecords":0,"qualifiedRecords":0,"ingestActions":{"lead_created":0,"lead_created_duplicate":0,"lead_adopted":0,"lead_adopted_duplicate":0,"shadow_recorded":0,"dry_run":0,"skipped_already_processed":0},"adoptedRecords":0,"adoptionConflicts":0,"throttledResponses":0,"leadsCreated":0,"duplicatesFlagged":0,"cursorAdvanced":true,"errors":[]}
{"level":"info","time":"2026-09-18T21:19:09.907Z","service":"vantage-main-server","env":"development","msg":"ringcentral.call_log_sync.completed","observability_level":"info","category":"ringcentral","workflow":"ringcentral_call_log_sync","run_id":"2026-08-18T12:00:00.000Z"}
{"level":"info","time":"2026-09-18T21:19:09.909Z","service":"vantage-main-server","env":"development","msg":"ringcentral.call_log_sync.started","observability_level":"info","category":"ringcentral","workflow":"ringcentral_call_log_sync","run_id":"2026-08-18T12:00:00.000Z"}
{"level":"info","time":"2026-09-18T21:19:09.910Z","service":"vantage-main-server","env":"development","msg":"ringcentral.call_log_sync.completed","ranAt":"2026-08-18T12:00:00.000Z","windowFrom":"2026-08-18T00:00:00.000Z","windowTo":"2026-08-18T12:00:00.000Z","leaseOwnerHash":"e0e92466da53","leaseAcquired":true,"leaseRecovered":false,"leaseLost":false,"skipped":false,"skipReason":null,"runtimeMs":30,"fetchedRecords":1,"candidateRecords":1,"qualifiedRecords":1,"ingestActions":{"lead_created":0,"lead_created_duplicate":0,"lead_adopted":0,"lead_adopted_duplicate":0,"shadow_recorded":0,"dry_run":1,"skipped_already_processed":0},"adoptedRecords":0,"adoptionConflicts":0,"throttledResponses":0,"leadsCreated":0,"duplicatesFlagged":0,"cursorAdvanced":true,"errors":[]}
{"level":"info","time":"2026-09-18T21:19:09.910Z","service":"vantage-main-server","env":"development","msg":"ringcentral.call_log_sync.completed","observability_level":"info","category":"ringcentral","workflow":"ringcentral_call_log_sync","run_id":"2026-08-18T12:00:00.000Z"}
{"level":"info","time":"2026-09-18T21:19:09.912Z","service":"vantage-main-server","env":"development","msg":"ringcentral.call_log_sync.started","observability_level":"info","category":"ringcentral","workflow":"ringcentral_call_log_sync","run_id":"2026-08-18T12:00:00.000Z"}
{"level":"info","time":"2026-09-18T21:19:09.913Z","service":"vantage-main-server","env":"development","msg":"ringcentral.call_log_sync.completed","ranAt":"2026-08-18T12:00:00.000Z","windowFrom":"2026-08-18T00:00:00.000Z","windowTo":"2026-08-18T12:00:00.000Z","leaseOwnerHash":"e0e92466da53","leaseAcquired":true,"leaseRecovered":false,"leaseLost":false,"skipped":false,"skipReason":null,"runtimeMs":40,"fetchedRecords":2,"candidateRecords":2,"qualifiedRecords":2,"ingestActions":{"lead_created":0,"lead_created_duplicate":1,"lead_adopted":1,"lead_adopted_duplicate":0,"shadow_recorded":0,"dry_run":0,"skipped_already_processed":0},"adoptedRecords":1,"adoptionConflicts":1,"throttledResponses":0,"leadsCreated":1,"duplicatesFlagged":1,"cursorAdvanced":true,"errors":[]}
{"level":"info","time":"2026-09-18T21:19:09.913Z","service":"vantage-main-server","env":"development","msg":"ringcentral.call_log_sync.completed","observability_level":"info","category":"ringcentral","workflow":"ringcentral_call_log_sync","run_id":"2026-08-18T12:00:00.000Z"}
{"level":"info","time":"2026-09-18T21:19:09.915Z","service":"vantage-main-server","env":"development","msg":"ringcentral.call_log_sync.started","observability_level":"info","category":"ringcentral","workflow":"ringcentral_call_log_sync","run_id":"2026-08-18T12:00:00.000Z"}
{"level":"error","time":"2026-09-18T21:19:09.916Z","service":"vantage-main-server","env":"development","msg":"ringcentral.call_log_sync.failed","leaseOwnerHash":"e0e92466da53","stage":"route_snapshot","errorCode":"route_snapshot_failed","windowFrom":"2026-08-18T00:00:00.000Z","windowTo":"2026-08-18T12:00:00.000Z"}
{"level":"error","time":"2026-09-18T21:19:09.916Z","service":"vantage-main-server","env":"development","msg":"ringcentral.call_log_sync.failed","observability_level":"error","category":"ringcentral","workflow":"ringcentral_call_log_sync","run_id":"2026-08-18T12:00:00.000Z"}
{"level":"info","time":"2026-09-18T21:19:09.917Z","service":"vantage-main-server","env":"development","msg":"ringcentral.call_log_sync.started","observability_level":"info","category":"ringcentral","workflow":"ringcentral_call_log_sync","run_id":"2026-08-18T12:00:00.000Z"}
{"level":"error","time":"2026-09-18T21:19:09.917Z","service":"vantage-main-server","env":"development","msg":"ringcentral.call_log_sync.failed","leaseOwnerHash":"e0e92466da53","stage":"provider_fetch","errorCode":"provider_request_failed","windowFrom":"2026-08-18T00:00:00.000Z","windowTo":"2026-08-18T12:00:00.000Z"}
{"level":"error","time":"2026-09-18T21:19:09.941Z","service":"vantage-main-server","env":"development","msg":"ringcentral.call_log_sync.failed","observability_level":"error","category":"ringcentral","workflow":"ringcentral_call_log_sync","run_id":"2026-08-18T12:00:00.000Z"}
{"level":"info","time":"2026-09-18T21:19:09.942Z","service":"vantage-main-server","env":"development","msg":"ringcentral.call_log_sync.started","observability_level":"info","category":"ringcentral","workflow":"ringcentral_call_log_sync","run_id":"2026-08-18T12:00:00.000Z"}
{"level":"error","time":"2026-09-18T21:19:09.942Z","service":"vantage-main-server","env":"development","msg":"ringcentral.call_log_sync.failed","leaseOwnerHash":"e0e92466da53","stage":"provider_fetch","errorCode":"provider_throttled","windowFrom":"2026-08-18T00:00:00.000Z","windowTo":"2026-08-18T12:00:00.000Z"}
{"level":"error","time":"2026-09-18T21:19:09.942Z","service":"vantage-main-server","env":"development","msg":"ringcentral.call_log_sync.failed","observability_level":"error","category":"ringcentral","workflow":"ringcentral_call_log_sync","run_id":"2026-08-18T12:00:00.000Z"}
{"level":"info","time":"2026-09-18T21:19:09.945Z","service":"vantage-main-server","env":"development","msg":"ringcentral.call_log_sync.started","observability_level":"info","category":"ringcentral","workflow":"ringcentral_call_log_sync","run_id":"2026-08-18T12:00:00.000Z"}
{"level":"error","time":"2026-09-18T21:19:09.945Z","service":"vantage-main-server","env":"development","msg":"ringcentral.call_log_sync.failed","leaseOwnerHash":"e0e92466da53","stage":"ingest","errorCode":"ingest_failed","windowFrom":"2026-08-18T00:00:00.000Z","windowTo":"2026-08-18T12:00:00.000Z"}
{"level":"error","time":"2026-09-18T21:19:09.945Z","service":"vantage-main-server","env":"development","msg":"ringcentral.call_log_sync.failed","observability_level":"error","category":"ringcentral","workflow":"ringcentral_call_log_sync","run_id":"2026-08-18T12:00:00.000Z"}
{"level":"info","time":"2026-09-18T21:19:09.947Z","service":"vantage-main-server","env":"development","msg":"ringcentral.call_log_sync.started","observability_level":"info","category":"ringcentral","workflow":"ringcentral_call_log_sync","run_id":"2026-08-18T12:00:00.000Z"}
{"level":"error","time":"2026-09-18T21:19:09.947Z","service":"vantage-main-server","env":"development","msg":"ringcentral.call_log_sync.failed","leaseOwnerHash":"e0e92466da53","stage":"provider_fetch","errorCode":"provider_throttled","windowFrom":"2026-08-18T00:00:00.000Z","windowTo":"2026-08-18T12:00:00.000Z"}
{"level":"error","time":"2026-09-18T21:19:09.947Z","service":"vantage-main-server","env":"development","msg":"ringcentral.call_log_sync.failed","observability_level":"error","category":"ringcentral","workflow":"ringcentral_call_log_sync","run_id":"2026-08-18T12:00:00.000Z"}
{"level":"info","time":"2026-09-18T21:19:09.948Z","service":"vantage-main-server","env":"development","msg":"ringcentral.call_log_sync.started","observability_level":"info","category":"ringcentral","workflow":"ringcentral_call_log_sync","run_id":"2026-08-18T12:00:00.000Z"}
{"level":"info","time":"2026-09-18T21:19:09.948Z","service":"vantage-main-server","env":"development","msg":"ringcentral.call_log_sync.completed","ranAt":"2026-08-18T12:00:00.000Z","windowFrom":"2026-08-18T00:00:00.000Z","windowTo":"2026-08-18T12:00:00.000Z","leaseOwnerHash":"e0e92466da53","leaseAcquired":true,"leaseRecovered":false,"leaseLost":false,"skipped":false,"skipReason":null,"runtimeMs":30,"fetchedRecords":1,"candidateRecords":1,"qualifiedRecords":1,"ingestActions":{"lead_created":0,"lead_created_duplicate":0,"lead_adopted":0,"lead_adopted_duplicate":0,"shadow_recorded":0,"dry_run":1,"skipped_already_processed":0},"adoptedRecords":0,"adoptionConflicts":0,"throttledResponses":0,"leadsCreated":0,"duplicatesFlagged":0,"cursorAdvanced":true,"errors":[]}
{"level":"info","time":"2026-09-18T21:19:09.948Z","service":"vantage-main-server","env":"development","msg":"ringcentral.call_log_sync.completed","observability_level":"info","category":"ringcentral","workflow":"ringcentral_call_log_sync","run_id":"2026-08-18T12:00:00.000Z"}
{"level":"info","time":"2026-09-18T21:19:09.949Z","service":"vantage-main-server","env":"development","msg":"ringcentral.call_log_sync.started","observability_level":"info","category":"ringcentral","workflow":"ringcentral_call_log_sync","run_id":"2026-08-18T12:00:00.000Z"}
{"level":"warn","time":"2026-09-18T21:19:09.950Z","service":"vantage-main-server","env":"development","msg":"ringcentral.call_log_sync.lease_lost","leaseOwnerHash":"e0e92466da53","stage":"state_write"}
{"level":"warn","time":"2026-09-18T21:19:09.950Z","service":"vantage-main-server","env":"development","msg":"ringcentral.call_log_sync.lease_lost","observability_level":"warn","category":"ringcentral","workflow":"ringcentral_call_log_sync","run_id":"2026-08-18T12:00:00.000Z"}
{"level":"info","time":"2026-09-18T21:19:09.951Z","service":"vantage-main-server","env":"development","msg":"ringcentral.call_log_sync.started","observability_level":"info","category":"ringcentral","workflow":"ringcentral_call_log_sync","run_id":"2026-08-18T12:00:00.000Z"}
{"level":"warn","time":"2026-09-18T21:19:09.951Z","service":"vantage-main-server","env":"development","msg":"ringcentral.call_log_sync.lease_lost","leaseOwnerHash":"e0e92466da53","stage":"lease"}
{"level":"warn","time":"2026-09-18T21:19:09.951Z","service":"vantage-main-server","env":"development","msg":"ringcentral.call_log_sync.lease_lost","observability_level":"warn","category":"ringcentral","workflow":"ringcentral_call_log_sync","run_id":"2026-08-18T12:00:00.000Z"}
{"level":"info","time":"2026-09-18T21:19:09.952Z","service":"vantage-main-server","env":"development","msg":"ringcentral.call_log_sync.started","observability_level":"info","category":"ringcentral","workflow":"ringcentral_call_log_sync","run_id":"2026-08-18T12:00:00.000Z"}
{"level":"info","time":"2026-09-18T21:19:09.953Z","service":"vantage-main-server","env":"development","msg":"ringcentral.call_log_sync.completed","ranAt":"2026-08-18T12:00:00.000Z","windowFrom":"2026-08-18T00:00:00.000Z","windowTo":"2026-08-18T12:00:00.000Z","leaseOwnerHash":"e0e92466da53","leaseAcquired":true,"leaseRecovered":false,"leaseLost":false,"skipped":false,"skipReason":null,"runtimeMs":80,"fetchedRecords":6,"candidateRecords":6,"qualifiedRecords":6,"ingestActions":{"lead_created":0,"lead_created_duplicate":0,"lead_adopted":0,"lead_adopted_duplicate":0,"shadow_recorded":0,"dry_run":6,"skipped_already_processed":0},"adoptedRecords":0,"adoptionConflicts":0,"throttledResponses":0,"leadsCreated":0,"duplicatesFlagged":0,"cursorAdvanced":true,"errors":[]}
{"level":"info","time":"2026-09-18T21:19:09.953Z","service":"vantage-main-server","env":"development","msg":"ringcentral.call_log_sync.completed","observability_level":"info","category":"ringcentral","workflow":"ringcentral_call_log_sync","run_id":"2026-08-18T12:00:00.000Z"}
{"level":"info","time":"2026-09-18T21:19:09.954Z","service":"vantage-main-server","env":"development","msg":"ringcentral.call_log_sync.started","observability_level":"info","category":"ringcentral","workflow":"ringcentral_call_log_sync","run_id":"2026-08-18T12:00:00.000Z"}
{"level":"warn","time":"2026-09-18T21:19:09.954Z","service":"vantage-main-server","env":"development","msg":"ringcentral.call_log_sync.lease_lost","leaseOwnerHash":"e0e92466da53","stage":"route_snapshot"}
{"level":"warn","time":"2026-09-18T21:19:09.954Z","service":"vantage-main-server","env":"development","msg":"ringcentral.call_log_sync.lease_lost","observability_level":"warn","category":"ringcentral","workflow":"ringcentral_call_log_sync","run_id":"2026-08-18T12:00:00.000Z"}
{"level":"info","time":"2026-09-18T21:19:09.955Z","service":"vantage-main-server","env":"development","msg":"ringcentral.call_log_sync.started","observability_level":"info","category":"ringcentral","workflow":"ringcentral_call_log_sync","run_id":"2026-08-18T12:00:00.000Z"}
{"level":"warn","time":"2026-09-18T21:19:09.955Z","service":"vantage-main-server","env":"development","msg":"ringcentral.call_log_sync.lease_recovered","leaseOwnerHash":"e0e92466da53"}
{"level":"warn","time":"2026-09-18T21:19:09.955Z","service":"vantage-main-server","env":"development","msg":"ringcentral.call_log_sync.lease_recovered","observability_level":"warn","category":"ringcentral","workflow":"ringcentral_call_log_sync","run_id":"2026-08-18T12:00:00.000Z"}
{"level":"info","time":"2026-09-18T21:19:09.955Z","service":"vantage-main-server","env":"development","msg":"ringcentral.call_log_sync.completed","ranAt":"2026-08-18T12:00:00.000Z","windowFrom":"2026-08-18T00:00:00.000Z","windowTo":"2026-08-18T12:00:00.000Z","leaseOwnerHash":"e0e92466da53","leaseAcquired":true,"leaseRecovered":true,"leaseLost":false,"skipped":false,"skipReason":null,"runtimeMs":20,"fetchedRecords":0,"candidateRecords":0,"qualifiedRecords":0,"ingestActions":{"lead_created":0,"lead_created_duplicate":0,"lead_adopted":0,"lead_adopted_duplicate":0,"shadow_recorded":0,"dry_run":0,"skipped_already_processed":0},"adoptedRecords":0,"adoptionConflicts":0,"throttledResponses":0,"leadsCreated":0,"duplicatesFlagged":0,"cursorAdvanced":true,"errors":[]}
{"level":"info","time":"2026-09-18T21:19:09.956Z","service":"vantage-main-server","env":"development","msg":"ringcentral.call_log_sync.completed","observability_level":"info","category":"ringcentral","workflow":"ringcentral_call_log_sync","run_id":"2026-08-18T12:00:00.000Z"}
{"level":"info","time":"2026-09-18T21:19:09.957Z","service":"vantage-main-server","env":"development","msg":"ringcentral.call_log_sync.started","observability_level":"info","category":"ringcentral","workflow":"ringcentral_call_log_sync","run_id":"2026-08-18T12:00:00.000Z"}
{"level":"info","time":"2026-09-18T21:19:09.957Z","service":"vantage-main-server","env":"development","msg":"ringcentral.call_log_sync.completed","ranAt":"2026-08-18T12:00:00.000Z","windowFrom":"2026-08-18T00:00:00.000Z","windowTo":"2026-08-18T12:00:00.000Z","leaseOwnerHash":"e0e92466da53","leaseAcquired":true,"leaseRecovered":false,"leaseLost":false,"skipped":false,"skipReason":null,"runtimeMs":20,"fetchedRecords":0,"candidateRecords":0,"qualifiedRecords":0,"ingestActions":{"lead_created":0,"lead_created_duplicate":0,"lead_adopted":0,"lead_adopted_duplicate":0,"shadow_recorded":0,"dry_run":0,"skipped_already_processed":0},"adoptedRecords":0,"adoptionConflicts":0,"throttledResponses":0,"leadsCreated":0,"duplicatesFlagged":0,"cursorAdvanced":true,"errors":[]}
{"level":"info","time":"2026-09-18T21:19:09.957Z","service":"vantage-main-server","env":"development","msg":"ringcentral.call_log_sync.completed","observability_level":"info","category":"ringcentral","workflow":"ringcentral_call_log_sync","run_id":"2026-08-18T12:00:00.000Z"}
{"level":"info","time":"2026-09-18T21:19:09.958Z","service":"vantage-main-server","env":"development","msg":"ringcentral.call_log_sync.started","observability_level":"info","category":"ringcentral","workflow":"ringcentral_call_log_sync","run_id":"2026-08-18T12:00:00.000Z"}
{"level":"info","time":"2026-09-18T21:19:09.958Z","service":"vantage-main-server","env":"development","msg":"ringcentral.call_log_sync.completed","ranAt":"2026-08-18T12:00:00.000Z","windowFrom":"2026-08-18T00:00:00.000Z","windowTo":"2026-08-18T12:00:00.000Z","leaseOwnerHash":"e0e92466da53","leaseAcquired":true,"leaseRecovered":false,"leaseLost":false,"skipped":false,"skipReason":null,"runtimeMs":20,"fetchedRecords":0,"candidateRecords":0,"qualifiedRecords":0,"ingestActions":{"lead_created":0,"lead_created_duplicate":0,"lead_adopted":0,"lead_adopted_duplicate":0,"shadow_recorded":0,"dry_run":0,"skipped_already_processed":0},"adoptedRecords":0,"adoptionConflicts":0,"throttledResponses":0,"leadsCreated":0,"duplicatesFlagged":0,"cursorAdvanced":true,"errors":[]}
{"level":"info","time":"2026-09-18T21:19:09.958Z","service":"vantage-main-server","env":"development","msg":"ringcentral.call_log_sync.completed","observability_level":"info","category":"ringcentral","workflow":"ringcentral_call_log_sync","run_id":"2026-08-18T12:00:00.000Z"}
{"level":"info","time":"2026-09-18T21:19:09.959Z","service":"vantage-main-server","env":"development","msg":"ringcentral.call_log_sync.started","observability_level":"info","category":"ringcentral","workflow":"ringcentral_call_log_sync","run_id":"2026-08-18T12:00:00.000Z"}
{"level":"info","time":"2026-09-18T21:19:09.959Z","service":"vantage-main-server","env":"development","msg":"ringcentral.call_log_sync.completed","ranAt":"2026-08-18T12:00:00.000Z","windowFrom":"2026-08-17T15:45:00.000Z","windowTo":"2026-08-18T12:00:00.000Z","leaseOwnerHash":"e0e92466da53","leaseAcquired":true,"leaseRecovered":false,"leaseLost":false,"skipped":false,"skipReason":null,"runtimeMs":20,"fetchedRecords":0,"candidateRecords":0,"qualifiedRecords":0,"ingestActions":{"lead_created":0,"lead_created_duplicate":0,"lead_adopted":0,"lead_adopted_duplicate":0,"shadow_recorded":0,"dry_run":0,"skipped_already_processed":0},"adoptedRecords":0,"adoptionConflicts":0,"throttledResponses":0,"leadsCreated":0,"duplicatesFlagged":0,"cursorAdvanced":true,"errors":[]}
{"level":"info","time":"2026-09-18T21:19:09.959Z","service":"vantage-main-server","env":"development","msg":"ringcentral.call_log_sync.completed","observability_level":"info","category":"ringcentral","workflow":"ringcentral_call_log_sync","run_id":"2026-08-18T12:00:00.000Z"}
{"level":"info","time":"2026-09-18T21:19:09.960Z","service":"vantage-main-server","env":"development","msg":"ringcentral.call_log_sync.started","observability_level":"info","category":"ringcentral","workflow":"ringcentral_call_log_sync","run_id":"2026-08-18T12:00:00.000Z"}
{"level":"info","time":"2026-09-18T21:19:09.960Z","service":"vantage-main-server","env":"development","msg":"ringcentral.call_log_sync.completed","ranAt":"2026-08-18T12:00:00.000Z","windowFrom":"2026-08-18T00:00:00.000Z","windowTo":"2026-08-18T12:00:00.000Z","leaseOwnerHash":"e0e92466da53","leaseAcquired":true,"leaseRecovered":false,"leaseLost":false,"skipped":false,"skipReason":null,"runtimeMs":20,"fetchedRecords":0,"candidateRecords":0,"qualifiedRecords":0,"ingestActions":{"lead_created":0,"lead_created_duplicate":0,"lead_adopted":0,"lead_adopted_duplicate":0,"shadow_recorded":0,"dry_run":0,"skipped_already_processed":0},"adoptedRecords":0,"adoptionConflicts":0,"throttledResponses":0,"leadsCreated":0,"duplicatesFlagged":0,"cursorAdvanced":true,"errors":[]}
{"level":"info","time":"2026-09-18T21:19:09.960Z","service":"vantage-main-server","env":"development","msg":"ringcentral.call_log_sync.completed","observability_level":"info","category":"ringcentral","workflow":"ringcentral_call_log_sync","run_id":"2026-08-18T12:00:00.000Z"}
{"level":"info","time":"2026-09-18T21:19:09.961Z","service":"vantage-main-server","env":"development","msg":"ringcentral.call_log_sync.started","observability_level":"info","category":"ringcentral","workflow":"ringcentral_call_log_sync","run_id":"2026-08-18T12:00:00.000Z"}
{"level":"info","time":"2026-09-18T21:19:09.961Z","service":"vantage-main-server","env":"development","msg":"ringcentral.call_log_sync.completed","ranAt":"2026-08-18T12:00:00.000Z","windowFrom":"2026-08-18T00:00:00.000Z","windowTo":"2026-08-18T12:00:00.000Z","leaseOwnerHash":"e0e92466da53","leaseAcquired":true,"leaseRecovered":false,"leaseLost":false,"skipped":false,"skipReason":null,"runtimeMs":60,"fetchedRecords":3,"candidateRecords":3,"qualifiedRecords":3,"ingestActions":{"lead_created":0,"lead_created_duplicate":0,"lead_adopted":0,"lead_adopted_duplicate":0,"shadow_recorded":0,"dry_run":3,"skipped_already_processed":0},"adoptedRecords":0,"adoptionConflicts":0,"throttledResponses":0,"leadsCreated":0,"duplicatesFlagged":0,"cursorAdvanced":true,"errors":[]}
{"level":"info","time":"2026-09-18T21:19:09.961Z","service":"vantage-main-server","env":"development","msg":"ringcentral.call_log_sync.completed","observability_level":"info","category":"ringcentral","workflow":"ringcentral_call_log_sync","run_id":"2026-08-18T12:00:00.000Z"}
{"level":"info","time":"2026-09-18T21:19:09.962Z","service":"vantage-main-server","env":"development","msg":"ringcentral.call_log_sync.started","observability_level":"info","category":"ringcentral","workflow":"ringcentral_call_log_sync","run_id":"2026-08-18T12:00:00.000Z"}
{"level":"info","time":"2026-09-18T21:19:09.963Z","service":"vantage-main-server","env":"development","msg":"ringcentral.call_log_sync.completed","ranAt":"2026-08-18T12:00:00.000Z","windowFrom":"2026-08-18T00:00:00.000Z","windowTo":"2026-08-18T12:00:00.000Z","leaseOwnerHash":"e0e92466da53","leaseAcquired":true,"leaseRecovered":false,"leaseLost":false,"skipped":false,"skipReason":null,"runtimeMs":40,"fetchedRecords":2,"candidateRecords":2,"qualifiedRecords":2,"ingestActions":{"lead_created":0,"lead_created_duplicate":0,"lead_adopted":0,"lead_adopted_duplicate":0,"shadow_recorded":0,"dry_run":2,"skipped_already_processed":0},"adoptedRecords":0,"adoptionConflicts":0,"throttledResponses":0,"leadsCreated":0,"duplicatesFlagged":0,"cursorAdvanced":true,"errors":[]}
{"level":"info","time":"2026-09-18T21:19:09.963Z","service":"vantage-main-server","env":"development","msg":"ringcentral.call_log_sync.completed","observability_level":"info","category":"ringcentral","workflow":"ringcentral_call_log_sync","run_id":"2026-08-18T12:00:00.000Z"}
{"level":"info","time":"2026-09-18T21:19:09.963Z","service":"vantage-main-server","env":"development","msg":"ringcentral.call_log_sync.started","observability_level":"info","category":"ringcentral","workflow":"ringcentral_call_log_sync","run_id":"2026-08-18T12:00:00.000Z"}
{"level":"info","time":"2026-09-18T21:19:09.964Z","service":"vantage-main-server","env":"development","msg":"ringcentral.call_log_sync.completed","ranAt":"2026-08-18T12:00:00.000Z","windowFrom":"2026-08-18T00:00:00.000Z","windowTo":"2026-08-18T12:00:00.000Z","leaseOwnerHash":"e0e92466da53","leaseAcquired":true,"leaseRecovered":false,"leaseLost":false,"skipped":false,"skipReason":null,"runtimeMs":60,"fetchedRecords":2,"candidateRecords":2,"qualifiedRecords":2,"ingestActions":{"lead_created":0,"lead_created_duplicate":0,"lead_adopted":0,"lead_adopted_duplicate":0,"shadow_recorded":0,"dry_run":2,"skipped_already_processed":0},"adoptedRecords":0,"adoptionConflicts":0,"throttledResponses":0,"leadsCreated":0,"duplicatesFlagged":0,"cursorAdvanced":true,"errors":[]}
{"level":"info","time":"2026-09-18T21:19:09.964Z","service":"vantage-main-server","env":"development","msg":"ringcentral.call_log_sync.completed","observability_level":"info","category":"ringcentral","workflow":"ringcentral_call_log_sync","run_id":"2026-08-18T12:00:00.000Z"}
{"level":"info","time":"2026-09-18T21:19:09.967Z","service":"vantage-main-server","env":"development","msg":"ringcentral.call_log_sync.started","observability_level":"info","category":"ringcentral","workflow":"ringcentral_call_log_sync","run_id":"2026-08-18T12:00:00.000Z"}
{"level":"error","time":"2026-09-18T21:19:09.967Z","service":"vantage-main-server","env":"development","msg":"ringcentral.call_log_sync.failed","leaseOwnerHash":"e0e92466da53","stage":"ingest","errorCode":"ingest_failed","windowFrom":"2026-08-18T00:00:00.000Z","windowTo":"2026-08-18T12:00:00.000Z"}
{"level":"error","time":"2026-09-18T21:19:09.968Z","service":"vantage-main-server","env":"development","msg":"ringcentral.call_log_sync.failed","observability_level":"error","category":"ringcentral","workflow":"ringcentral_call_log_sync","run_id":"2026-08-18T12:00:00.000Z"}
{"level":"info","time":"2026-09-18T21:19:09.969Z","service":"vantage-main-server","env":"development","msg":"ringcentral.call_log_sync.started","observability_level":"info","category":"ringcentral","workflow":"ringcentral_call_log_sync","run_id":"2026-08-18T12:00:00.000Z"}
{"level":"info","time":"2026-09-18T21:19:09.969Z","service":"vantage-main-server","env":"development","msg":"ringcentral.call_log_sync.completed","ranAt":"2026-08-18T12:00:00.000Z","windowFrom":"2026-08-18T00:00:00.000Z","windowTo":"2026-08-18T12:00:00.000Z","leaseOwnerHash":"e0e92466da53","leaseAcquired":true,"leaseRecovered":false,"leaseLost":false,"skipped":false,"skipReason":null,"runtimeMs":30,"fetchedRecords":1,"candidateRecords":1,"qualifiedRecords":1,"ingestActions":{"lead_created":0,"lead_created_duplicate":0,"lead_adopted":0,"lead_adopted_duplicate":0,"shadow_recorded":0,"dry_run":1,"skipped_already_processed":0},"adoptedRecords":0,"adoptionConflicts":0,"throttledResponses":0,"leadsCreated":0,"duplicatesFlagged":0,"cursorAdvanced":true,"errors":[]}
{"level":"info","time":"2026-09-18T21:19:09.969Z","service":"vantage-main-server","env":"development","msg":"ringcentral.call_log_sync.completed","observability_level":"info","category":"ringcentral","workflow":"ringcentral_call_log_sync","run_id":"2026-08-18T12:00:00.000Z"}
{"level":"info","time":"2026-09-18T21:19:09.970Z","service":"vantage-main-server","env":"development","msg":"ringcentral.call_log_sync.started","observability_level":"info","category":"ringcentral","workflow":"ringcentral_call_log_sync","run_id":"2026-08-18T12:00:00.000Z"}
{"level":"info","time":"2026-09-18T21:19:09.970Z","service":"vantage-main-server","env":"development","msg":"ringcentral.call_log_sync.completed","ranAt":"2026-08-18T12:00:00.000Z","windowFrom":"2026-08-18T00:00:00.000Z","windowTo":"2026-08-18T12:00:00.000Z","leaseOwnerHash":"e0e92466da53","leaseAcquired":true,"leaseRecovered":false,"leaseLost":false,"skipped":false,"skipReason":null,"runtimeMs":30,"fetchedRecords":1,"candidateRecords":1,"qualifiedRecords":1,"ingestActions":{"lead_created":0,"lead_created_duplicate":0,"lead_adopted":1,"lead_adopted_duplicate":0,"shadow_recorded":0,"dry_run":0,"skipped_already_processed":0},"adoptedRecords":1,"adoptionConflicts":0,"throttledResponses":0,"leadsCreated":0,"duplicatesFlagged":0,"cursorAdvanced":true,"errors":[]}
{"level":"info","time":"2026-09-18T21:19:09.970Z","service":"vantage-main-server","env":"development","msg":"ringcentral.call_log_sync.completed","observability_level":"info","category":"ringcentral","workflow":"ringcentral_call_log_sync","run_id":"2026-08-18T12:00:00.000Z"}
✔ qualifies an inbound answered call over 120s to a mapped toll-free (4.6016ms)
✔ qualifies a GetMovers inbound call log record (0.8286ms)
✔ rejects a call under 120 seconds (0.5536ms)
✔ rejects an outbound call (0.4938ms)
✔ rejects a call to an unmapped number (0.405ms)
✔ rejects a missed (unanswered) call (0.4327ms)
✔ matches target number across call legs and picks the inbound caller (0.619ms)
✔ aggregates a multi-party session and qualifies the canonical queue party over 120s (3.6019ms)
✔ uses answered agent lifecycle timing when the target queue leg disconnects early (2.9865ms)
✔ rejects a session that disconnected under 120 seconds (10.5838ms)
✔ a live (non-terminal) call over 120s qualifies but is not ingest-eligible (1.5357ms)
✔ an outbound-only session is not a lead (1.6311ms)
﹣ [AC-14][AC-15][AC-16] Unit 20 replica adoption, conflict continuation, races, and rollback (4.3952ms) # Replica-set proof is opt-in via GRANOT_LIFECYCLE_REPLICA_TESTS=true.
✔ [AC-14] one exact immutable-phone candidate is selected without guessing (5.2924ms)
✔ [AC-16] zero and multiple candidates remain explicit outcomes (1.1001ms)
✔ [AC-14][AC-16] candidate window is inclusive at exactly plus/minus 12 hours (0.6111ms)
✔ [AC-14][AC-16] exact boundaries qualify and one millisecond outside does not (2.2551ms)
✔ [AC-16] missing call start fails adoption closed without querying candidates (0.5589ms)
✔ [AC-16] Job-only/missing-phone input is never an adoption candidate (0.4179ms)
✔ adoption match key stays exact Source Granularity plus ingested phone (1.5116ms)
✔ [AC-16] different Source Granularity with the same phone is not an adoption candidate (35.4914ms)
✔ [AC-14] current-contact drift cannot replace immutable creation phone (0.8937ms)
✔ [AC-14] telephony session wins over call-log identity (4.2826ms)
✔ [AC-14] adoption statuses are terminal replay outcomes (0.6218ms)
✔ [AC-14] call-log race fence is declared unique and sparse (0.2924ms)
✔ recording adapter uses fixed account endpoints and discards contentUri (45.614ms)
✔ streaming client shares JWT refresh once, returns headers and forbids redirects (2.6562ms)
✔ recording deadline bounds stalled token acquisition and unauthorized refresh (1.7961ms)
{"level":"info","time":"2026-09-18T21:19:13.067Z","service":"vantage-main-server","env":"development","msg":"ringcentral.ingest.skipped_already_processed","telephonySessionId":"u20-session","callLogId":null,"previousStatus":"lead_adopted","ingestionSource":"webhook"}
✔ [AC-14] telephony replay returns before adoption candidate work (6.6241ms)
✔ [AC-14][AC-15] adoption occurs before duplicate classification and suppresses create (2.1119ms)
✔ [AC-16] no adoption candidate continues through normal ingest (1.1228ms)
✔ [AC-14] webhook and Call Log descriptors enter equivalent convergence (1.0758ms)
✔ [AC-14] call-log-only create fails closed before candidate or Lead work without indexes (1.6168ms)
✔ adoption off still creates a RingCentral-origin Call Lead (documented Race B twin) (1.2241ms)
✔ RingCentral ingest lock stays gated on the adoption flag (7.6295ms)
{"level":"info","time":"2026-09-18T21:19:13.072Z","service":"vantage-main-server","env":"development","msg":"ringcentral.ingest.processed","action":"dry_run","writeMode":"dry_run","duplicate":false,"duplicateReason":"unique","ingestionSource":"webhook","telephonySessionId":"u20-session","callLogId":null,"sourceCompany":"main_site","durationSeconds":180,"callLeadId":null}
{"level":"info","time":"2026-09-18T21:19:13.076Z","service":"vantage-main-server","env":"development","msg":"ringcentral.ingest.processed","action":"lead_created","writeMode":"create","duplicate":false,"duplicateReason":"unique","ingestionSource":"webhook","telephonySessionId":"u20-session","callLogId":null,"sourceCompany":"main_site","durationSeconds":180,"callLeadId":"507f1f77bcf86cd799439099"}
✔ first call from a caller is unique (3.0038ms)
✔ a second call from the same caller + source within the window is a duplicate (1.0412ms)
✔ the same telephony session is not counted as its own duplicate (0.5182ms)
✔ [AC-15] the same call-log identity is not counted as its own duplicate (0.5769ms)
✔ a call with no caller phone cannot be classified as a duplicate (0.3996ms)
✔ phone numbers in different formats still match as duplicates (0.5902ms)
✔ duplicate lookup uses the earlier-only 90-day window (1.0172ms)
✔ same caller and source exactly 90 days apart is a duplicate (0.7667ms)
✔ same caller and source more than 90 days apart is unique (0.5829ms)
✔ different source is scoped out by the duplicate lookup (0.6704ms)
✔ [AC-15] adopted Lead id is excluded from duplicate classification (0.6773ms)
✔ [AC-15][AC-16] unresolved Granot candidates do not create false duplicates (0.6264ms)
✔ [AC-15] adopted Granot candidate from another physical call remains eligible (0.4751ms)
✔ [AC-15] future Leads are outside the earlier-only duplicate window (0.4099ms)
✔ builder: mode all is the account telephony path with no direction filter and no withRecordings; inbound builder is byte-for-byte unchanged (52.1437ms)
✔ classification: owned+matching managed by health; owned inbound-only and foreign same-address subscriptions are never managed (1.3783ms)
✔ plan/apply: noop when healthy, create when none owned, foreign same-address subscription is reported and untouched (2.5161ms)
✔ renewal: expiring owned subscription is renewed; renewing a foreign id is refused before any provider call (1.9783ms)
✔ repair: blacklisted owned subscription is deleted, marked and recreated; a foreign id is never deleted or replaced (1.7523ms)
✔ health edges: unknown expiry is renew-due; unknown or missing status is reported and never repaired (review finding 6) (1.0457ms)
✔ ownership evidence fails closed: create without a recordable store surfaces the created id instead of orphaning it (review finding 7) (1.3124ms)
✔ provider adapter builds the exact RingCentral subscription requests over the shared client (1.7271ms)
{"level":"info","time":"2026-09-18T21:19:16.137Z","service":"vantage-main-server","env":"development","msg":"ringcentral.webhook.received","receivedAt":"2026-09-18T21:19:16.136Z","method":"POST","validationTokenPresent":true,"contentType":"application/json","userAgent":"node","eventHeaders":{},"subscriptionId":null,"telephonySessionId":null,"partyId":null,"event":"/restapi/v1.0/account/~/telephony/sessions"}
{"level":"info","time":"2026-09-18T21:19:16.139Z","service":"vantage-main-server","env":"development","msg":"ringcentral.webhook.capture.mongo_unavailable_logged","capture":{"provider":"ringcentral","receivedAt":{},"validationTokenPresent":true,"headers":{"host":"127.0.0.1:59898","connection":"keep-alive","content-type":"application/json","validation-token":"synthetic-validation","accept":"*/*","accept-language":"*","sec-fetch-mode":"cors","user-agent":"node","accept-encoding":"gzip, deflate","content-length":"80"},"rawBody":{"uuid":"echo-1","event":"/restapi/v1.0/account/~/telephony/sessions","body":{}},"normalizedPreview":{"subscriptionId":null,"event":"/restapi/v1.0/account/~/telephony/sessions","uuid":"echo-1","timestamp":null,"telephonySessionId":null,"sessionId":null,"partyId":null,"direction":null,"statusCode":null,"fromPhoneNumber":null,"fromName":null,"toPhoneNumber":null,"toName":null,"extensionId":null,"extensionNumber":null},"uuid":"echo-1","event":"/restapi/v1.0/account/~/telephony/sessions"}}
{"level":"info","time":"2026-09-18T21:19:16.140Z","service":"vantage-main-server","env":"development","msg":"ringcentral.webhook.processing.disabled","subscriptionId":null,"telephonySessionId":null}
{"level":"info","time":"2026-09-18T21:19:16.206Z","service":"vantage-main-server","env":"development","msg":"ringcentral.webhook.received","receivedAt":"2026-09-18T21:19:16.206Z","method":"POST","validationTokenPresent":false,"contentType":"application/json","userAgent":"node","eventHeaders":{},"subscriptionId":null,"telephonySessionId":null,"partyId":null,"event":null}
{"level":"info","time":"2026-09-18T21:19:16.206Z","service":"vantage-main-server","env":"development","msg":"ringcentral.webhook.capture.mongo_unavailable_logged","capture":{"provider":"ringcentral","receivedAt":{},"validationTokenPresent":false,"headers":{"host":"127.0.0.1:59898","connection":"keep-alive","content-type":"application/json","accept":"*/*","accept-language":"*","sec-fetch-mode":"cors","user-agent":"node","accept-encoding":"gzip, deflate","content-length":"27"},"rawBody":{"uuid":"echo-2","body":{}},"normalizedPreview":{"subscriptionId":null,"event":null,"uuid":"echo-2","timestamp":null,"telephonySessionId":null,"sessionId":null,"partyId":null,"direction":null,"statusCode":null,"fromPhoneNumber":null,"fromName":null,"toPhoneNumber":null,"toName":null,"extensionId":null,"extensionNumber":null},"uuid":"echo-2"}}
{"level":"info","time":"2026-09-18T21:19:16.208Z","service":"vantage-main-server","env":"development","msg":"ringcentral.webhook.processing.disabled","subscriptionId":null,"telephonySessionId":null}
✔ validation echo: the route echoes Validation-Token on a 200 and fans out only a durable receipt (261.9762ms)
✔ phone equality is Likely; exact session authorizes only that interaction and account (3.4574ms)
✔ overlaps are ambiguous; nonoverlapping moves and outside-overlap events stay independent (3.0054ms)
✔ unique current Attached outranks candidates; competing Attached blocks; reject and detach persist (1.603ms)
✔ Form and Call windows include boundaries; later snapshots never backdate identity (5.0447ms)
✔ actual attachment queue and five-minute cron registrations, disabled worker skips without Mongo (9.1718ms)
✔ Owner attachment routes and cron recovery: authority, scope, flag, strict payload, CAS mapping and read-only GET (456.728ms)
✔ eligibility: all five accepted contexts, both Lead models, exclusions and absent upstream inputs (3.6517ms)
✔ media stream hashes actual bytes, uses immutable account key and cleans transient file (173.8605ms)
✔ media rejects declared and streamed oversize, mismatched length/type and arbitrary audio (161.8966ms)
✔ Retry-After seconds, HTTP date and default (1.6251ms)
✔ text-only transcript retains unknown speakers and unavailable timing (40.6819ms)
✔ provider timing and actual speaker survive cross-boundary payment redaction (5.6186ms)
✔ invalid provider timing is unavailable; pricing is configured and rounded to integer cents (1.2294ms)
✔ CSI-12 five-minute cron, authentication, flag-off and default recovery/queue wiring (281.7619ms)
✔ CSI-11 queue stages, cron schedule, auth, flag-off and lease-held wiring (265.2732ms)
✔ CSI-11 modules never import qualification, Lead writers, budgets, STT or LLMs (3.0588ms)
✔ CSI route templates expand only the closed run paths and methods (3.0424ms)
✔ Owner analysis commands bind exact output and source evidence (5.7666ms)
✔ published DTO fixtures preserve undated and review-only rows and unknown coverage (1.9365ms)
✔ accepted policy defaults and invalid schedules (54.0752ms)
✔ strict commands allow undated independent actions and reject operational injection (180.1472ms)
✔ Grok review: empty channels/evidence and duplicate assessment are rejected; no locator gate (17.6476ms)
✔ all CSI model accessors honor isolated database routing without suffix collections (155.5577ms)
✔ signed run token requires scoped principal, live run, dataset, nonce, expiry, subject and tool (20.4437ms)
✔ 30/15/1440 clocks, Friday close, Sunday, DST and independent weekly calendar (29.8902ms)
✔ day-only waits end at close; Attention next opening; explicit Sunday honoured; ambiguity undated (14.2409ms)
✔ all three actions including undated; snooze preserves contractual overdue and other reasons (24.9334ms)
✔ inbound human versus missed/provider connected; attempts fulfill callback only and retain outcome (22.0732ms)
✔ wait coexistence, official closure precedence, planning denies stale and Owner effects (8.3874ms)
✔ worker, cron and recovery registrations exist without enabling production flags (1.2645ms)
✔ exact names remain proposed; alias ties, duplicate names, missing names and non-Users remain explicit (5.4546ms)
✔ account scope, half-open reassignment, retirement and review authority (1.904ms)
✔ period validation compares instants and rejects unknown input keys (5.7829ms)
✔ registered identity worker is a flag-off no-op (1.7909ms)
✔ all five Rep routes enforce Owner, strict contracts, scope, flags and idempotency header (396.8367ms)
✔ minute recovery invokes registered bounded rep stage, honors flag and cron authentication (53.8071ms)
✔ call lead browse q includes Granot snapshot name (7.6857ms)
✔ call lead browse phone matches the typed string on live and snapshot paths (1.2542ms)
✔ Call Lead Search phone ORs live, ingested, and Granot snapshot paths (5.5974ms)
✔ Call Lead Search name ORs ingested and Granot name paths (1.6699ms)
✔ Call Lead Search email ORs ingested and Granot email paths (0.7771ms)
✔ Call Lead Search keeps OR across phone, name, and email (0.6343ms)
✔ form lead browse q includes Granot snapshot name (20.9391ms)
✔ form lead browse name includes ingested and Granot name paths (1.6207ms)
✔ form lead browse email includes ingested and Granot email paths (0.9322ms)
✔ form lead browse phone matches the typed string on live and snapshot paths (1.1092ms)
✔ form lead browse empty query finds all leads including duplicates (2.8083ms)
✔ form lead browse result card omits snapshot objects (1.2729ms)
✔ form lead search excludes duplicate quarantine leads by default (6.1245ms)
✔ form lead search includes duplicate quarantine leads when requested (1.2549ms)
{"level":"info","time":"2026-09-18T21:19:15.289Z","service":"vantage-main-server","env":"development","msg":"sheet_sync.drain.quota_deferral","spreadsheetId":"sheet-1","tabName":"Calls","writes":1}
✔ batches existing-row updates and new-row appends into one call each (7.9258ms)
✔ deletes rows in descending order in a single batchUpdate (3.0444ms)
✔ missing delete rows are an idempotent success (no API call) (0.7538ms)
✔ defers all writes when the read-quota reservation is denied (2.0436ms)
✔ partial failure: update call fails but appends still succeed (1.9445ms)
✔ append batches are split by configured row guardrail (1.1532ms)
✔ buildTabRowMap maps Mongo IDs to 1-based row numbers (0.4955ms)
✔ QuotaLimiter grants within budget and denies (with rollback) past it (1.042ms)
{"level":"info","time":"2026-09-18T21:19:16.657Z","service":"vantage-main-server","env":"development","msg":"sheet_sync.drain.call_lead.created_on_unmatched.skipped","leadId":"6aadaad46ec038a8746235fc"}
✔ jobPlanner registers mongoose models required for booked-lead populate (6.0856ms)
✔ planJobWrites turns a tombstone's previous_targets into delete writes (8.7968ms)
✔ planJobWrites skips tombstone targets with unknown headers (0.8941ms)
✔ planJobWrites limits retrying tombstones to target_hints (0.6543ms)
✔ planJobWrites returns a single empty plan when a tombstone has no targets (0.584ms)
✔ planJobWrites dual-writes bad form leads to Forms and Master Bad Leads (3.926ms)
✔ planJobWrites deletes stale Master Bad Leads row when bad_lead is cleared (1.5071ms)
✔ planJobWrites deletes stale Calls row when duplicate call lead lacks sheet_sync metadata (49.4581ms)
✔ ordinary No-Sync Form deletes Forms only and does not upsert (57.8055ms)
✔ ordinary No-Sync Call deletes Calls only and does not upsert (2.0636ms)
✔ Booking Chain + ordinary No-Sync Call upserts Booked Deals and deletes Calls (2.2589ms)
✔ Unmatched Call without no_sync stays an empty plan with no deletes (2.3531ms)
✔ no_sync + bad_lead matches today's Bad Form dual-write (1.2334ms)
✔ no_sync + Call duplicate matches today's Duplicate Calls plan (1.1557ms)
✔ Form Duplicate upserts Duplicates and does not delete leftover Forms (0.8764ms)
✔ no_sync + Form duplicate matches today's Form Duplicate plan (2.0154ms)
✔ clear no_sync on an ordinary Form upserts Forms (1.0805ms)
✔ isNoSyncLead is false for missing / false / null (1.7134ms)
✔ noSyncAppliesToNormalTabs is false when duplicate or bad_lead (0.5756ms)
{"level":"info","time":"2026-09-18T21:19:22.593Z","service":"vantage-main-server","env":"development","msg":"sheet_sync.outbox.enqueued","coalescingKey":"source_lead:FormLead:6aadaadaf58d8b65843d3e02","resource":"source_lead","operation":"form_lead.create","jobId":"6aadaadaf58d8b65843d3e03","dueAt":"2026-09-18T21:19:25.592Z","priority":60}
✔ enqueueSheetSyncJob writes a coalescing upsert keyed by entity (7.8767ms)
✔ enqueueSheetSyncJob threads the caller session for atomic commit (1.2385ms)
✔ enqueueSheetSyncTombstone cancels the superseded upsert then writes the delete (1.798ms)
✔ persistSheetSyncIntent only writes the outbox in queued mode (1.6632ms)
{"level":"info","time":"2026-09-18T21:19:22.599Z","service":"vantage-main-server","env":"development","msg":"sheet_sync.outbox.enqueued","coalescingKey":"booking_chain:b1","resource":"booking_chain","operation":"booked_lead.update","jobId":"6aadaadaf58d8b65843d3e04","dueAt":"2026-09-18T21:19:25.598Z","priority":80}
{"level":"info","time":"2026-09-18T21:19:22.600Z","service":"vantage-main-server","env":"development","msg":"sheet_sync.outbox.upsert_superseded_by_delete","supersededKey":"source_lead:CallLead:lead-1","cancelled":1}
{"level":"info","time":"2026-09-18T21:19:22.601Z","service":"vantage-main-server","env":"development","msg":"sheet_sync.outbox.tombstone_enqueued","coalescingKey":"delete_source_lead:CallLead:lead-1","resource":"delete_source_lead","operation":"call_lead.delete","jobId":"6aadaadaf58d8b65843d3e05","mongoId":"lead-1"}
{"level":"info","time":"2026-09-18T21:19:22.602Z","service":"vantage-main-server","env":"development","msg":"sheet_sync.outbox.enqueued","coalescingKey":"source_lead:CallLead:lead-9","resource":"source_lead","operation":"call_lead.update","jobId":"6aadaadaf58d8b65843d3e06","dueAt":"2026-09-18T21:19:25.602Z","priority":50}
✔ syncSourceLead evaluates no_sync before unmatched and deletes ordinary tabs without the facade (12.232ms)
✔ projects tariff rows into Timestamp through Carrier columns (3.3871ms)
✔ resolves a Granot Carrier Code to the Moving Carrier name and DOT (2.0083ms)
✔ appends both service rows with resolved Carrier and never upserts by identifier (3.6645ms)
✔ appends Linehaul plus a free-text Service row (1.0617ms)
✔ refuses an empty append (0.7422ms)
✔ hasBbbRedaction detects BBB PII redaction tokens (2ms)
✔ listTestimonialsQuerySchema coerces pagination and boolean filters (5.575ms)
✔ buildTestimonialFilter applies only provided query flags (2.4819ms)
✔ adminTestimonialsQuerySchema coerces admin filters and sort direction (4.8456ms)
✔ buildAdminTestimonialFilter applies reviewer, rating, customer, and date filters (6.928ms)
✔ listTestimonials returns paginated landing-page items (1.8368ms)
✔ listAdminTestimonials returns admin fields and applies requested sort (1.2394ms)
✔ listAdminTestimonialReviewerNames returns sorted unique non-empty names (2.1512ms)
{"level":"warn","time":"2026-09-18T21:19:24.784Z","service":"vantage-main-server","env":"development","msg":"source_lead.update.booking_missing","operation":"call_lead.update","leadModel":"CallLead","leadId":"6aadaadcb9d3e9fc8f85c9e1","bookingId":"6aadaadcb9d3e9fc8f85c9e2"}
✔ booked call lead refreshes attached booking customer and local (11.934ms)
✔ booked form lead refreshes attached booking customer and local (2.0384ms)
✔ unbooked lead keeps source lead sync target (0.9848ms)
✔ stale booking reference falls back to source lead sync (2.1715ms)
✔ mismatched booking reference falls back to source lead sync (1.4625ms)
{"level":"warn","time":"2026-09-18T21:19:24.786Z","service":"vantage-main-server","env":"development","msg":"source_lead.update.booking_mismatch","operation":"call_lead.update","leadModel":"CallLead","leadId":"6aadaadcb9d3e9fc8f85c9e3","bookingId":"6aadaadcb9d3e9fc8f85c9e4","bookingLeadModel":"FormLead","bookingLeadId":"6aadaadcb9d3e9fc8f85c9e5"}
✔ V1ServiceError preserves the original (message, statusCode = 400) constructor signature (1.7594ms)
✔ V1ServiceError is an AppError (single instanceof handles both legacy and typed throws) (0.4785ms)
✔ V1ServiceError keeps its historical `name` so existing log filters match (0.2884ms)
✔ V1ServiceError maps its statusCode onto a stable error code for logs (0.3745ms)
✔ parseFloridaCalendarDate stores YYYY-MM-DD as Florida calendar midnight UTC (2.2831ms)
✔ formatFloridaCalendarDate renders stored calendar dates without local timezone drift (0.5599ms)
✔ floridaCalendarToday uses the America/New_York calendar day (0.6917ms)
✔ floridaCalendarDateInputValue returns YYYY-MM-DD in Florida time (4.3208ms)
✔ toFloridaTimestamp stores Eastern daylight time clock components (0.5768ms)
✔ toFloridaTimestamp stores Eastern standard time clock components (0.3043ms)
✔ easternDateTimeParts reads America/New_York wall clock in standard and daylight time (1.5063ms)
✔ easternWallClockToUtc maps 8:00 AM Eastern to the matching UTC instant (0.4751ms)
✔ escapeSheetTitleForRange wraps plain titles in single quotes (1.6832ms)
✔ escapeSheetTitleForRange doubles single quotes inside a sheet title (0.3594ms)
✔ escapeSheetTitleForRange preserves whitespace and non-quote punctuation (0.2714ms)
✔ extractRowNumberFromRange parses single-cell updates (0.3768ms)
✔ extractRowNumberFromRange parses appended row ranges (0.3359ms)
✔ extractRowNumberFromRange returns undefined for missing or malformed input (0.2635ms)
✔ generateLeadId returns unique established-format identifiers (3.3677ms)
✔ parseGranotCityState accepts multi-word cities and normalizes state (3.1035ms)
✔ Granot location parsing rejects placeholder and malformed values (0.8659ms)
✔ isObjectIdString accepts 24-char hex ids (1.9687ms)
✔ toObjectId parses hex strings (1.2262ms)
✔ toObjectIdOrUndefined maps empty values to undefined (0.4738ms)
✔ job-number-timeline loader does not value-import ObjectId from mongodb (5.4694ms)
✔ newObjectIdHex returns a distinct 24-char hex id (2.0831ms)
✔ normalizePhoneNumberForStorage strips US formatting and leading country code (2.4699ms)
✔ normalizePhoneNumberForStorage preserves unrecognized phone values (0.5209ms)
✔ normalizePhoneNumberForStorage preserves explicit foreign numbers (0.3057ms)
✔ normalizePhoneNumberForMatch keeps existing last-ten-digits matching behavior (0.3608ms)
✔ normalizePhoneNumberForMatch uses full foreign number digits (0.3122ms)
✔ rep promise and customer callback request stay distinct kinds (13.2768ms)
✔ multiple commitments accept an undated action without inventing a due date (2.6151ms)
✔ voicemail with unknown speaker is valid and is not human conversation (1.7691ms)
✔ contact restriction is schema-valid without closing Outreach (1.7429ms)
✔ owner-instruction disagreement cites the exact instruction revision (2.2866ms)
✔ rejects extra operational fields on the envelope and nested objects (3.7478ms)
✔ rejects malformed evidence references (8.9435ms)
✔ rejects unknown finding kinds, duplicate keys, and dangling finding_keys (3.0816ms)
✔ schema validation does not authorize evidence or apply business effects (16.4135ms)
✔ enforces document 10 engineering bounds (19.6475ms)
✔ createCallLeadSchema accepts a job_no-only call lead (4.7315ms)
✔ updateFormLeadSchema accepts canonical pickup and delivery cities (2.1761ms)
✔ createCallLeadSchema rejects call leads without phone_number or job_no (1.1683ms)
✔ createBookedLeadFromSourceSchema accepts CallLead booking with only call_job_no (1.7815ms)
✔ createReferralBookingSchema accepts owner-facing referral booking fields (1.4612ms)
✔ createReferralBookingSchema accepts optional customer_phone (0.3791ms)
✔ createBookedLeadFromSourceSchema accepts optional customer contact fields (1.1593ms)
✔ createCustomerSchema accepts name-only customers (0.472ms)
✔ createReferralBookingSchema rejects server-owned referral source fields (0.5837ms)
✔ createLeadlessBookingSchema accepts owner-facing leadless booking fields (1.3307ms)
✔ createLeadlessBookingSchema accepts booking without customer contact fields (0.3798ms)
✔ createLeadlessBookingSchema rejects server-owned leadless flags (0.3967ms)
✔ createBookedLeadSchema accepts FormLead booking by Mongo id without job_no (1.3997ms)
✔ createBookedLeadFromSourceSchema accepts transient CallLead booking phone (0.2526ms)
✔ createBookedLeadFromSourceSchema accepts CallLead booking with only phone on Best Relocation import (0.1856ms)
✔ createBookedLeadFromSourceSchema rejects Owner Call Lead booking with only phone (0.2549ms)
✔ createBookedLeadFromSourceSchema rejects CallLead booking without job or phone (0.2148ms)
✔ createFormLeadSchema does not accept duplicate from clients (1.5304ms)
✔ createFormLeadSchema does not accept bad_lead from clients (0.3325ms)
✔ createFormLeadSchema accepts optional lid from clients (0.3413ms)
✔ createFormLeadSchema accepts Best Relocation UUID identity and sheet flags (0.2747ms)
✔ createFormLeadSchema rejects malformed lid values (0.3113ms)
✔ updateFormLeadSchema accepts duplicate for backfill and admin patches (0.2127ms)
✔ updateFormLeadSchema accepts and clears bad_lead reasons (0.7595ms)
✔ createFormLeadSchema accepts optional wordpress_submission_key (0.729ms)
✔ createFormLeadSchema defaults post_to_granot to false when omitted (0.2845ms)
✔ createFormLeadSchema defaults an omitted or blank ref_no (0.4269ms)
✔ createFormLeadSchema accepts first and last name without name (0.257ms)
✔ createFormLeadSchema rejects payloads without any name fields (0.2986ms)
✔ createFormLeadSchema accepts post_to_granot boolean false (0.2351ms)
✔ createFormLeadSchema accepts post_to_granot string false (0.155ms)
✔ createFormLeadSchema accepts boolean sms_consent (0.2701ms)
✔ createFormLeadSchema coerces string sms_consent values (0.2728ms)
✔ createFormLeadSchema accepts typo emails as plain strings (0.1671ms)
✔ createCallLeadSchema does not accept server-owned flags from clients (0.2306ms)
✔ createCallLeadSchema accepts imported qualification flags (0.1659ms)
✔ createCallLeadSchema accepts optional first and last name (0.3574ms)
✔ createCallLeadSchema accepts Best Relocation Inbounds webhook payload (0.5854ms)
✔ bookedCallLeadReconciliationBatchSchema accepts Booked Jobs CRM rows (1.5362ms)
✔ CallLead model validates job_no-only identity (11.734ms)
✔ CallLead model stores form_fill when computed by the service (1.9058ms)
✔ BookedLead model validates phone-only CallLead bookings without job_no (7.3551ms)
✔ BookedLead model validates leadless referral bookings (2.8025ms)
✔ BookedLead model validates leadless bookings without lead linkage (2.7464ms)
✔ BookedLead model still requires lead linkage for non-referral bookings (3.118ms)
✔ FormLead model stores duplicate quarantine flag (3.6202ms)
✔ FormLead model stores bad_lead enum values (1.4557ms)
✔ FormLead model and update validation support lossless legacy bad-tab provenance (1.2784ms)
✔ FormLead model rejects unknown bad_lead values (1.2824ms)
✔ FormLead model defaults missing state fields to not_found (0.7673ms)
✔ CallLead model rejects identity-less documents (1.1436ms)
✔ FormLead model accepts receiver_agent provenance fields (2.447ms)
✔ FormLead model rejects an unknown receiver_agent_source value (1.64ms)
✔ CallLead model accepts receiver_agent provenance fields (0.9678ms)
✔ updateFormLeadSchema accepts receiver_agent linking fields (0.3176ms)
✔ updateCallLeadSchema accepts receiver_agent linking fields (1.0175ms)
✔ searchFormLeadsSchema accepts typo emails as plain strings (0.4701ms)
✔ searchFormLeadsSchema accepts include_duplicates to search quarantined leads (0.1411ms)
✔ resolveGranotFormLeadSchema keeps provider refs and requires a Granot source (0.7105ms)
✔ granotFormLeadSyncSchema separates the patch from its source precondition (3.4874ms)
✔ browseFormLeadsQuerySchema allows an empty query (view all) with defaults (0.6061ms)
✔ browseFormLeadsQuerySchema accepts a standalone source_company filter (0.152ms)
✔ browseFormLeadsQuerySchema coerces booked and limit query strings (0.2051ms)
✔ browseFormLeadsQuerySchema rejects unknown keys (0.1844ms)
✔ browseCallLeadsQuerySchema accepts job_no and full-text q (0.6268ms)
✔ [AC-07] [AC-10] public/admin Form create and patch reject internal lifecycle metadata (4.3781ms)
✔ [AC-12] public/admin Call create and patch reject internal lifecycle metadata (2.9022ms)
✔ create and update Form and Call schemas accept optional no_sync (0.469ms)
✔ [AC-07] ordinary Form create still requires move_size; ordinary Call still requires phone or job_no (0.3474ms)
✔ create and update Cancellation schemas reject client-supplied correlation snapshots (7.9303ms)
✔ reconciliation list query accepts owner_booking origin (4.8585ms)
✔ create-and-attach validates Form Lead fields for its selected model (7.0521ms)
✔ create-and-attach requires Phone or Job Number for a Call Lead (1.7083ms)
✔ [AC-31] foundation activation input is strict and bounded (6.2828ms)
✔ [AC-37] requeue reason is strict 10-500 and rejects unknown keys (1.8215ms)
✔ [AC-35] portion lifecycle error envelopes stay raw-free (0.3461ms)
✔ [AC-34] extension apply item requires lowercase UUID v4 and raw statement scalars (5.1971ms)
✔ [AC-02] batch rejects duplicate operation IDs and more than 100 items (1.0666ms)
✔ [AC-23][AC-35][AC-36] discrepancy filters and Owner bodies are strict and revision guarded (3.6917ms)
✔ receipt search query is strict, normalizes identity, and implies booking_status_changed (3.3217ms)
✔ [AC-18] [AC-19] case list query is strict, bounded, and validates date order (1.8762ms)
✔ [AC-35] candidate and timeline queries reject unsafe cursor/contact shapes (1.1287ms)
✔ [AC-40] Lead timeline accepts only the exact model union and ObjectId (0.7915ms)
✔ [AC-22] confirm Booking input is strict and validates exact official cents (2.6217ms)
✔ Connect Booking to Lead input is strict and requires selected_lead (1.6202ms)
✔ Connect candidate query allows empty q and rejects unknown keys (0.6113ms)
✔ [AC-28] Referral Booking input accepts only case revision and strict official details (1.1972ms)
✔ [AC-22] confirm Booking accepts one or two unique Agents and rejects a matching secondary (0.6104ms)
✔ [AC-24] update Booking is a strict complete replacement with both revisions (1.4364ms)
✔ [AC-20] Booking No Action reasons are independently optional and strict (0.9611ms)
✔ [AC-25] Confirm Cancellation accepts only strict official fields with exact date and cents (1.4865ms)
✔ lead message admin query applies bounded pagination (10.424ms)
✔ manual retry requires explicit confirmation (1.3344ms)
✔ Simple CPL validation requires revisions and cents-precise nonnegative amounts (10.1787ms)
✔ Advanced CPL validation accepts only explicit discriminated commands (1.9902ms)
✔ Correction preview validates an inclusive ordered business-date window (2.6956ms)
✔ catalog update accepts Granot username correction with optional reason (6.5342ms)
✔ catalog update rejects reason-only payloads (1.7864ms)
✔ Source Company writes reject embedded granularities and compatibility defaults (3.4442ms)
✔ Source Granularity create requires a first-class company ObjectId (10.6861ms)
✔ Source Granularity update rejects immutable identity fields (2.0331ms)
✔ source activation and resolution preview parse contract fields (1.8333ms)
✔ createTariffAdjustmentsSchema accepts two shared-field service rows (7.4542ms)
✔ createTariffAdjustmentsSchema accepts a Linehaul-only payload (0.6449ms)
✔ createTariffAdjustmentsSchema accepts Linehaul plus an owner-written service (0.6007ms)
✔ createTariffAdjustmentsSchema accepts three matching rows (0.7838ms)
✔ createTariffAdjustmentsSchema allows omitted effective_date when all rows omit it (2.9715ms)
✔ createTariffAdjustmentsSchema rejects an empty rows array (4.2617ms)
✔ createTariffAdjustmentsSchema rejects more than 20 rows (1.5464ms)
✔ createTariffAdjustmentsSchema requires at least one Linehaul row (0.5337ms)
✔ createTariffAdjustmentsSchema requires shared fields to match (0.8844ms)
✔ createTariffAdjustmentsSchema rejects three rows with a mismatched pickup_zone (1.483ms)
✔ createTariffAdjustmentsSchema requires a 5-digit ZIP and a carrier (1.7332ms)
✔ createTariffAdjustmentsSchema rejects a Service and Rule that are not a Drop Downs pair (0.9805ms)
✔ createTariffAdjustmentsSchema rejects customer and job identifiers (4.1973ms)
ℹ tests 2512
ℹ suites 13
ℹ pass 2398
ℹ fail 0
ℹ cancelled 0
ℹ skipped 114
ℹ todo 0
ℹ duration_ms 304430.7903
