
> vantage_movers_server@1.0.0 test C:\Users\Pinda\Proyectos\vantage\vantage-main-server
> node --import tsx --import ./scripts/test-setup.ts --test "src/**/*.test.ts" "api/queues/**/*.test.ts" "scripts/api/*.test.ts" "scripts/migrations/cancellation-correlation-snapshots.lib.test.ts" "scripts/migrations/wordpress-form-submission-receipts.lib.test.ts" "scripts/migrations/extension-user-roles-sales-backfill.lib.test.ts" "scripts/migrations/extension-user-roles-array.lib.test.ts" "scripts/migrations/form-lead-unknown-state-local.lib.test.ts" "scripts/prototypes/lead-conversion-and-granot-search/**/*.test.ts" "scripts/prototypes/job-number-timeline/**/*.test.ts"

✔ consumer accepts only { receipt_id } (7.5551ms)
✔ vercel.json registers queue/v2beta topic granot-lifecycle-events* (14.588ms)
✔ consumer accepts only { job_id } (8.3345ms)
✔ vercel.json registers queue/v2beta topic sales-intelligence-events* (1.1797ms)
✔ loadVantageApiConfig requires VANTAGE_API_SECRET (61.988ms)
✔ loadVantageApiConfig defaults to production and never echoes the secret (0.5624ms)
✔ production write guard (0.7869ms)
✔ buildVantageApiUrl joins path and query (0.764ms)
✔ historical analysis stamps only surviving Booking job evidence (2.5248ms)
✔ historical analysis leaves missing Booking links as remainder (0.3787ms)
✔ historical analysis does not infer a job from a Booking without job fields (0.3629ms)
✔ already-stamped historical rows are not remainder and are not reapplied (0.6118ms)
✔ inventory summary lists remainder ids only (2.3634ms)
✔ roles-array report maps leftover singular role per spec §3.3 (3.1655ms)
✔ already-has-roles rows do not bump token_version and will not apply (0.5313ms)
✔ roles-array summary counts convert versus already-has-roles (0.7123ms)
✔ sales backfill remaps the three production Employee emails and increments token_version (3.1432ms)
✔ sales backfill is a no-op when those emails are already Sales (0.5234ms)
✔ sales backfill leaves jbell, kylm, and ringram unchanged (0.5253ms)
✔ sales backfill summary counts remap versus leave-alone rows (0.5131ms)
✔ September 2026 window is the Florida-stamped calendar month (3.4751ms)
✔ filter is Form Leads in the month with a not_found state (1.695ms)
✔ classify marks long_distance unknown-state rows for update (0.4785ms)
✔ classify skips rows that are already local (1.2991ms)
✔ summary counts needs_update versus already_local (0.6964ms)
✔ unique idempotency index is named and unique (2.7783ms)
✔ report-first index inventory names present vs missing (0.5869ms)
✔ CLI unknown flags fail closed (3.0233ms)
✔ CLI production gate (0.6622ms)
✔ CLI render requires --job-no (0.3601ms)
✔ CLI and load stay zero-mutation (20.0546ms)
✔ CLI render uses the production module (0.9772ms)
✔ Discover score (37.073ms)
✔ activity grouping preserves every event id (56.2684ms)
✔ proof notes alias Job Numbers and pick required shapes (47.7356ms)
✔ collection count deltas stay empty when counts match (2.261ms)
✔ percentile uses the ceiling rank (0.4408ms)
✔ observation Job filter remaps equivalentNormalizedJobFilter onto identity.normalized_job_no (4.8671ms)
✔ successful text is accepted, sent, or delivered (1.9119ms)
✔ conversion rate is zero when the cohort is empty (1.5254ms)
✔ two successful messages for one Lead count once (0.397ms)
✔ SMS booked rate is booked among successfully texted Leads, not all Leads (1.5004ms)
✔ receiver-agent booked and cancelled both use received Leads as the denominator (0.8568ms)
✔ blank Job Number is rejected before any search (2.7546ms)
✔ Booked / Releas without booking_status_changed is rejected (2.9777ms)
✔ equivalent Job Numbers resolve to the same hit set (25.9895ms)
✔ event class keeps route_event_class, not payload event_type aliases (0.695ms)
✔ booking_status_changed Booked and Releas are two granularities (0.7645ms)
✔ Priority 5 is not Booked (0.4161ms)
✔ latest Decision attempt only, and commands attach by observation provenance (0.4241ms)
✔ a command on another Job does not leak into this Job's timeline seed (0.5766ms)
✔ matching roles set authenticates even when order differs (2.6604ms)
✔ set mismatch, missing roles, missing version, email drift, inactive, and deleted fail (0.5437ms)
✔ leftover employee stored role matches Sales plus Customer Service claims (0.3192ms)
✔ refresh rejects a stale token_version (0.4387ms)
✔ issueTokens writes roles and token_version onto the access token (12.2718ms)
✔ PublicExtensionUser is id, email, and roles (0.6139ms)
✔ getExtensionUserFromAccessToken uses the matcher through an injected lookup (3.9924ms)
✔ access token includes roles and token_version (9.3617ms)
✔ singular role tokens and missing claims fail access verify (4.6014ms)
✔ isAccessTokenPayload requires current roles and numeric token_version (0.4427ms)
✔ refresh token still signs and verifies sub plus token_version (2.217ms)
✔ hasExtensionRole Owner checks pass for Owner unions and fail for Sales plus Customer Service (0.499ms)
✔ lead sheet headers include booked date on Forms and Calls tabs (2.0303ms)
✔ call sheet headers omit owner-hidden descriptive and location columns (0.5818ms)
✔ lead sheet configuration includes duplicate and form fill surfaces (0.4026ms)
✔ source label mapping accepts Granot compact BestRelocation labels (0.7073ms)
✔ top10_leads sheet label is Top 10 Forms while legacy labels still resolve (42.0819ms)
✔ 10 Best inbound labels resolve to tbm_leads (1.6143ms)
✔ GetMovers labels resolve to get_movers_leads (0.5164ms)
✔ Paid Overflow labels resolve to paid_overflow (0.3511ms)
✔ lead sheet source company labels are precise by lead type (0.7565ms)
✔ getBookingReconciliationConfig defaults rematch reasons to matching_unavailable and no_match (3.2339ms)
✔ parseBookingReconciliationReasons rejects unknown values (1.4744ms)
✔ getBookingReconciliationConfig reads configured delays and limits (1.0278ms)
{"level":"info","time":"2026-09-18T23:07:33.995Z","service":"vantage-main-server","env":"development","msg":"operations_registry.compatibility_read","observability_level":"info","category":"admin","workflow":"operations_registry"}
{"level":"info","time":"2026-09-18T23:07:54.101Z","service":"vantage-main-server","env":"development","msg":"operations_registry.compatibility_read","observability_level":"info","category":"admin","workflow":"operations_registry"}
{"level":"info","time":"2026-09-18T23:08:14.170Z","service":"vantage-main-server","env":"development","msg":"operations_registry.compatibility_read","observability_level":"info","category":"admin","workflow":"operations_registry"}
{"level":"info","time":"2026-09-18T23:08:34.250Z","service":"vantage-main-server","env":"development","msg":"operations_registry.compatibility_read","observability_level":"info","category":"admin","workflow":"operations_registry"}
✔ simple-rate sources return their configured CPL for both form and call leads (80475.4098ms)
{"level":"info","time":"2026-09-18T23:08:54.393Z","service":"vantage-main-server","env":"development","msg":"operations_registry.compatibility_read","observability_level":"info","category":"admin","workflow":"operations_registry"}
{"level":"info","time":"2026-09-18T23:09:14.488Z","service":"vantage-main-server","env":"development","msg":"operations_registry.compatibility_read","observability_level":"info","category":"admin","workflow":"operations_registry"}
{"level":"info","time":"2026-09-18T23:09:34.571Z","service":"vantage-main-server","env":"development","msg":"operations_registry.compatibility_read","observability_level":"info","category":"admin","workflow":"operations_registry"}
{"level":"info","time":"2026-09-18T23:09:54.674Z","service":"vantage-main-server","env":"development","msg":"operations_registry.compatibility_read","observability_level":"info","category":"admin","workflow":"operations_registry"}
{"level":"info","time":"2026-09-18T23:10:14.727Z","service":"vantage-main-server","env":"development","msg":"operations_registry.compatibility_read","observability_level":"info","category":"admin","workflow":"operations_registry"}
✔ best_relocation_leads splits form CPL by local vs long_distance but not call CPL (100402.5304ms)
✔ not_provided always reports CPL 0 without querying CplRate (30038.2959ms)
{"level":"info","time":"2026-09-18T23:11:04.794Z","service":"vantage-main-server","env":"development","msg":"operations_registry.compatibility_read","observability_level":"info","category":"admin","workflow":"operations_registry"}
{"level":"info","time":"2026-09-18T23:11:24.810Z","service":"vantage-main-server","env":"development","msg":"operations_registry.compatibility_read","observability_level":"info","category":"admin","workflow":"operations_registry"}
{"level":"info","time":"2026-09-18T23:11:44.817Z","service":"vantage-main-server","env":"development","msg":"operations_registry.compatibility_read","observability_level":"info","category":"admin","workflow":"operations_registry"}
✔ legacy source labels are normalized before CPL lookup (60047.0177ms)
{"level":"info","time":"2026-09-18T23:12:04.828Z","service":"vantage-main-server","env":"development","msg":"operations_registry.compatibility_read","observability_level":"info","category":"admin","workflow":"operations_registry"}
{"level":"info","time":"2026-09-18T23:12:14.834Z","service":"vantage-main-server","env":"development","msg":"operations_registry.compatibility_read","observability_level":"info","category":"admin","workflow":"operations_registry"}
✔ falls back to canonical defaults when Mongo is unreachable (20011.68ms)
✔ missing Redis URL or token returns a null client (4.1992ms)
✔ UPSTASH_* names construct a client and KV_* aliases do too (48.6186ms)
✔ read-only token, KV_URL, and REDIS_URL are not used for the client (0.8046ms)
✔ test runner never publishes Daily Operations Redis writes (1.7261ms)
✔ TEST_MODE also keeps Daily Operations Redis publish off (1.385ms)
✔ missing credentials keep publish off even outside the TEST_MODE flag (0.8559ms)
✔ Redis stream key uses VERCEL_ENV production or preview, otherwise local (0.9596ms)
✔ collection names use the test prefix in the test runner (3.4334ms)
✔ parseEmployeeBookingAutoMatchRules preserves Exact Job Booking Attach order (3.8785ms)
✔ parseEmployeeBookingAutoMatchRules accepts none (0.5588ms)
✔ parseEmployeeBookingAutoMatchRules rejects duplicates (0.9659ms)
✔ parseEmployeeBookingAutoMatchRules rejects retired phone, LID, and email rules (0.5448ms)
✔ getEmployeeBookingMatchingConfig defaults to Exact Job Booking Attach (0.9141ms)
✔ getEmployeeBookingMatchingConfig reads env values (0.6851ms)
✔ snapshotEmployeeBookingAutoMatchPolicy uses parsed config, not a raw env string (0.5847ms)
✔ Google service account env var name constants match the production / test names (1.599ms)
✔ Google service account env var selectors swap to the *_TEST_* names in test mode (0.7306ms)
✔ completion redirect must match configured trusted admin origin (2.3571ms)
✔ localhost completion redirect is rejected in production (0.4457ms)
✔ production detection follows NODE_ENV and VERCEL_ENV (0.6932ms)
✔ owner email allowlist keeps the primary identity and unions extras (1.6943ms)
✔ owner email allowlist rejects blank or duplicate extras (0.5346ms)
✔ [AC-31] foundation execution mode is historical without activation and permanent before cutoff (1.9118ms)
✔ [AC-31] foundation channel never changes execution mode (0.4696ms)
✔ lifecycle flags default to processing true, shadow true, and all effects false (2.0475ms)
✔ malformed lifecycle flag values fail closed (1.1331ms)
✔ blank Granot webhook secret is treated as missing configuration (2.3958ms)
✔ lifecycle queue topic is environment scoped (0.875ms)
✔ lifecycle queue publishing stays off in the test runner and unapproved environments (0.7161ms)
✔ lead messaging mode defaults invalid and missing values to disabled (2.9028ms)
✔ lead messaging credentials use only definite environment variables (2.4158ms)
✔ lead messaging queue topic is environment scoped and test-safe (0.8811ms)
✔ Granot create-if-missing SMS stays off unless the env flag is an explicit boolean true (54.036ms)
✔ quiet-hours scheduling is off unless the env flag is exactly true (3.2904ms)
✔ lead messaging abuse guards have safe defaults and env overrides (1.7067ms)
✔ a successful confirmation text is accepted, sent, or delivered (40.8796ms)
✔ observability is disabled inside the test runner even with opt-in flags (3.3382ms)
✔ node test runner disables observability writes even when explicitly allowed (0.8896ms)
✔ bootstrap test runner marker survives env cleanup (1.044ms)
✔ ALLOW_TEST_OBSERVABILITY is ignored on Vercel runtimes (0.9172ms)
✔ zip-state and auth capture flags are off while observability is disabled (0.8589ms)
✔ node test runner always forces test observability collections (2.388ms)
✔ write mode parses values while test runner still blocks collection writes (0.8574ms)
✔ collection names follow runtime TEST_MODE by default (0.8328ms)
✔ collection mode production/test override TEST_MODE (1.025ms)
✔ collection prefix is applied to default names (0.7639ms)
✔ custom collection mode cannot override forced test collections in the test runner (2.5699ms)
✔ event min level and info capture gate persistence (1.282ms)
✔ owner-visible info events can bypass general info suppression (0.7326ms)
✔ email mode defaults to log_only and immediate levels default to critical (0.8014ms)
✔ owner events parse from csv (0.9577ms)
✔ config validation keeps test collections under custom mode in the test runner (3.9576ms)
✔ Google reporting delivery kill switch is fail-closed (2.4445ms)
✔ Google reporting delivery kill switch accepts only explicit true (0.3956ms)
✔ isTestMode is true only for the literal string 'true' after trim/lowercasing (2.5908ms)
✔ shouldWriteSourceLeadSheets is false by default and only true for the literal 'true' (0.9481ms)
✔ getMongoDatabaseName swaps between the prod and test databases on TEST_MODE (0.7511ms)
✔ getRuntimeSheetContainerEnvVar prefixes TEST_ in test mode and is identity otherwise (0.6869ms)
✔ getRequiredEnv throws when the env var is missing or blank, with the var name in the message (1.4265ms)
✔ sheet container id helpers route through the TEST_-prefixed env var in test mode (0.9136ms)
✔ getSourceLeadSheetContainerId returns undefined for not_provided (no source sheet env var) (0.2398ms)
✔ getSourceLeadSheetContainerId returns undefined for paid_overflow (Master Sheets only) (0.207ms)
✔ getSheetSyncMode defaults to legacy and parses known values (3.0583ms)
✔ queue topic is env-scoped and overridable (1.0859ms)
✔ budgets default below documented Google limits and parse overrides (1.2885ms)
✔ drain guardrails default to fast queue draining and parse overrides (1.1324ms)
✔ shouldPublishSheetSyncQueue stays off outside production Vercel (0.903ms)
✔ isVercelFunctionRuntimeEnv requires hosted runtime markers (33.9587ms)
✔ shouldPublishSheetSyncQueue is always off during the test runner (0.9308ms)
✔ shouldPublishSheetSyncQueue keeps test runner guard after env cleanup (0.5553ms)
✔ coalescing keys follow the design doc shape (61.0582ms)
✔ delete resources supersede their matching upsert keys (0.8175ms)
✔ priority ordering: deletes > booking > cancellation > create > update (1.0842ms)
✔ maps Initial Price cubic feet onto the Drop Downs Linehaul ranges (1.7293ms)
✔ treats Binding Estimate Fee as automatic, not an owner dropdown (0.5095ms)
✔ rules for a Service stay inside that Service (1.502ms)
{"level":"info","time":"2026-09-18T23:07:02.760Z","service":"vantage-main-server","env":"development","msg":"logger.test.circular","data":{"name":"ring","self":"[Circular]"}}
✔ logger does not throw when an object passed to info() contains a circular reference (4.2567ms)
✔ logger does not throw when an object passed to info() contains BigInt values (0.4996ms)
✔ logger does not throw when err key is a non-Error value (0.5692ms)
✔ logger does not throw when given undefined or null payloads (0.3933ms)
✔ logger exposes the pino API the codebase relies on (0.3565ms)
{"level":"info","time":"2026-09-18T23:07:02.764Z","service":"vantage-main-server","env":"development","msg":"logger.test.bigint","pos":1234567890123456789,"neg":-9876543210123456789}
{"level":"error","time":"2026-09-18T23:07:02.764Z","service":"vantage-main-server","env":"development","err":"plain string error","msg":"logger.test.string_err"}
{"level":"error","time":"2026-09-18T23:07:02.765Z","service":"vantage-main-server","env":"development","err":{"code":"E_BAD","details":{"a":1}},"msg":"logger.test.object_err"}
{"level":"error","time":"2026-09-18T23:07:02.765Z","service":"vantage-main-server","env":"development","err":null,"msg":"logger.test.null_err"}
{"level":"error","time":"2026-09-18T23:07:02.765Z","service":"vantage-main-server","env":"development","msg":"logger.test.undefined_err"}
{"level":"info","time":"2026-09-18T23:07:02.765Z","service":"vantage-main-server","env":"development","msg":"plain string message"}
{"level":"info","time":"2026-09-18T23:07:02.765Z","service":"vantage-main-server","env":"development","msg":"logger.test.empty"}
{"level":"warn","time":"2026-09-18T23:07:02.765Z","service":"vantage-main-server","env":"development","msg":"logger.test.warn_no_data"}
✔ requireApiSecret accepts the global API secret on any v1 route (5.074ms)
✔ requireApiSecret accepts a source-scoped key for its configured route (10.474ms)
✔ requireApiSecret accepts a source-scoped key for configured call lead route (62.7905ms)
✔ requireApiSecret rejects a scoped key on a different route (19.8061ms)
✔ requireApiSecret rejects a scoped key for a different source company (1.5601ms)
✔ requireApiSecret rejects Sales plus Customer Service Bearer on form-lead data routes (1.6541ms)
✔ requireApiSecret allows Sales plus Customer Service Bearer on Tariff Adjustment Submit (0.9461ms)
✔ requireApiSecret rejects Sales-only Bearer on tariff, form-lead, and Enrichment apply routes (17.9125ms)
✔ requireApiSecret allows Customer Service Bearer on Tariff Adjustment Submit (22.7518ms)
✔ requireApiSecret rejects Customer Service Bearer on form-lead data routes (1.1525ms)
✔ requireApiSecret allows Owner Bearer on Tariff Adjustment Submit (19.5059ms)
✔ requireApiSecret rejects unknown secrets (23.563ms)
✔ [AC-01] both valid secrets store header_secret and still validate the body (3.982ms)
✔ [AC-01] one valid form authenticates; missing, wrong, nonscalar, and mismatched dual secrets do not (0.8436ms)
✔ [AC-01][AC-35] middleware deletes the body credential before 500, 401, and success (2.2565ms)
✔ [AC-01] nonscalar header or body forms are unauthorized and still strip the body key (0.8071ms)
✔ [AC-01][AC-35] delete helper removes the body credential without exposing it (0.7394ms)
✔ [AC-08][AC-12] CallLead defaults quoted/post_to_granot false and has exact provenance paths (88.6594ms)
✔ [AC-12] Call quoted and ingested snapshot/origin are immutable after insert (9.4709ms)
✔ [AC-12] new Call rows reject legacy_unknown and malformed provenance (16.7589ms)
✔ [AC-12] CallLead receiver-agent enum gains granot_username_match (0.3764ms)
✔ [AC-07] CallLead declares the three exact S08 indexes and no unique Lead Job index (2.6206ms)
✔ [AC-14] RingCentral original caller evidence is required and immutable (70.5931ms)
✔ CancelledLead persists the four correlation snapshot fields (23.469ms)
✔ CancelledLead correlation snapshots are immutable after insert (9.3768ms)
✔ CancelledLead snapshot index is named and not auto-unique (1.9822ms)
✔ [AC-21] command execution model keeps unique origin/idempotency and command_id indexes (2.7742ms)
✔ [AC-32] origin enum accepts the four command origins and nested applied result (1.4274ms)
✔ [AC-21] legacy top-level refs/warnings derive the stored applied result without rewrite (0.71ms)
✔ [AC-32] EntityChange model uses the named collection and four exact indexes (6.5041ms)
✔ [AC-32] EntityChange requires adjacent nonnegative revisions and matching changed_paths (88.38ms)
✔ [AC-32] contact/address and delete fields are reference_only with no raw values (58.1038ms)
✔ [AC-32] EntityChange serialization omits payload, headers, secrets, and unmasked contact (27.4812ms)
✔ [AC-32] EntityChange save and query hooks reject post-insert mutation (10.0598ms)
✔ [AC-10] [AC-11] FormLead declares exact origin, snapshot, job, and provenance paths (31.4351ms)
✔ [AC-03] Form Job Number is distinct from Tracking Reference ref_no (3.098ms)
✔ [AC-10] ingested Form snapshots and origin are immutable after insert (11.1964ms)
✔ [AC-10] new Form rows cannot use legacy_unknown or legacy_baseline (5.6304ms)
✔ [AC-07][AC-08] trusted Form may omit move size/date without inventing facts (15.5403ms)
✔ [AC-12] FormLead receiver-agent enum gains granot_username_match and keeps compatibility (0.4078ms)
✔ [AC-07] FormLead declares the four exact S08 indexes and no unique Lead Job index (3.0934ms)
✔ [AC-38] GranotAutomationSource declares an optional CRM reference and non-unique lookup index (2.3655ms)
▶ GranotBookingDiscrepancy
  ✔ [AC-26][AC-35][AC-36] fixes Booking reasons and exact partial indexes (2.5547ms)
  ✔ [AC-26][AC-36] rejects Release reasons and unsafe resolved/evidence mutation (113.2426ms)
✔ GranotBookingDiscrepancy (118.9205ms)
▶ GranotBookingReconciliationCase model
  ✔ [AC-20] declares the exact six named indexes and open partial uniqueness (4.4179ms)
  ✔ [AC-18] validates exact defaults, enums, evidence shape, and bounded context (278.9859ms)
  ✔ [AC-20] rejects mutation of existing evidence IDs and every resolved-row write (89.9376ms)
✔ GranotBookingReconciliationCase model (375.8494ms)
✔ GranotCrmSource keeps the operational CSV collection and model name (5.4603ms)
✔ legacy and new rows default to disabled deferred observation-only policy (54.51ms)
✔ declares the three named lifecycle indexes without removing CSV uniqueness (31.674ms)
✔ normalized labels use NFKC, trim, collapse, lowercase, and reject empty/control/bidi (15.5855ms)
✔ model writes reject illegal Call/Form/mixed/ambiguous routes (75.4027ms)
✔ referral_booking and deferred reject Lead routes and non-observation policies (59.1514ms)
✔ enabled source_scoped_lead requires active same-company matching-channel refs and policy version (24.1331ms)
✔ disabled rows may keep reviewed policy but still reject structurally illegal routes (0.6499ms)
✔ client-supplied normalized labels that disagree with the server fail closed (31.4811ms)
✔ [AC-31] Activation model is write-once with a unique key index (5.1743ms)
✔ [AC-31] Activation rejects unknown keys and post-insert mutation (60.4656ms)
✔ [AC-05] Observation model uses the named collection and mongoose name (59.4291ms)
✔ [AC-05][AC-06][AC-25][AC-29] declares exactly six named indexes and unique receipt_id only (24.5803ms)
✔ [AC-05][AC-06][AC-25] frozen Observation enums are not widened (0.5654ms)
✔ [AC-05] Observation documents reject unknown kinds, results, and issue codes (90.6524ms)
✔ [AC-05] Observation documents omit processing, target, policy, and effect fields (41.886ms)
✔ [AC-05] model save and query hooks reject post-insert Observation mutation (22.4904ms)
✔ [AC-02] receipt keeps the physical collection and mongoose model name (80.3649ms)
✔ [AC-02] declares only the five named Section 9.1 indexes (1.955ms)
✔ [AC-02] unique operation-id index is partial and payload hash index is never unique (0.9379ms)
✔ [AC-02] webhook receipts require route_event_class and forbid channel_operation_kind (70.6929ms)
✔ [AC-02] extension and automation receipts require operation kind and operation id (61.9613ms)
✔ [AC-02] operation-id validation rejects empty, overlong, control, bidi, and wrong-channel shapes (10.4503ms)
✔ [AC-02] last_error.message is capped at 500 characters (4.8927ms)
✔ [AC-02] legacy capture-shaped create is rejected after compatibility retirement (3.9779ms)
✔ [AC-02] model save rejects post-insert evidence mutation (7.8534ms)
✔ [AC-02] query updates reject non-processing operators and evidence paths (1.0981ms)
✔ [AC-02] replace and delete query hooks reject evidence mutation (5.2032ms)
✔ [AC-32] Record Link model declares the three named indexes including partial unique job (6.2278ms)
✔ [AC-32] Record Link establishment defaults and snapshot normalize back to the Job Number (19.7345ms)
✔ [AC-23][AC-32] disputed active links remain lookup-visible and correction supersession is narrowly allowlisted (1.6685ms)
✔ [AC-32] Record Link query hooks reject replace and delete (4.7812ms)
▶ GranotReleaseDiscrepancy
  ✔ [AC-27][AC-35][AC-36] fixes Release reasons and separate indexes (2.5556ms)
  ✔ [AC-27][AC-36] accepts only Release reason rows (63.3646ms)
✔ GranotReleaseDiscrepancy (67.9929ms)
▶ GranotReleaseReconciliationCase model
  ✔ [AC-25][AC-36] requires deterministic Booking identity and declares the five Release indexes (131.7909ms)
  ✔ [AC-35][AC-36] strips forbidden transport fields and enforces revisions plus immutable guards (21.5916ms)
✔ GranotReleaseReconciliationCase model (192.5423ms)
✔ LeadConversation unique recording index is the only unique index (5.9277ms)
✔ LeadConversation schema declares the seven contract indexes (7.0443ms)
✔ LeadConversation validates a complete seeded conversation (68.2357ms)
✔ LeadConversation rejects an invented match method (5.0694ms)
✔ LeadMessage validates normalized FormLead relationship and message snapshot (19.4973ms)
✔ LeadMessage unique SID index excludes unsent documents (0.9695ms)
✔ LeadMessage rejects unsupported lifecycle states (5.4122ms)
✔ LeadMessageRateLimit validates atomic reservation buckets (12.7121ms)
✔ RingCentral assignments enforce one active assignment per route with a supported partial index (3.3897ms)
✔ [AC-02] Decision model uses the named collection and four named indexes (6.3866ms)
✔ [AC-02] Decision defaults empty arrays and rejects invented outcomes (75.0761ms)
✔ [AC-02] Decision documents omit copied contact and payload fields (8.983ms)
✔ [AC-28] Referral Decision preserves exact reviewed source policy without a Lead Source Scope (7.2931ms)
✔ [AC-02] Decision save and query hooks reject post-insert mutation (7.485ms)
✔ [AC-21] all four aggregates default to nonnegative integer domain_revision 0 (43.9809ms)
✔ [AC-21] invalid revisions and one-sided last-change metadata fail validation (82.5648ms)
✔ [AC-21] __v is not the lifecycle revision contract (5.4853ms)
✔ [AC-32] genuinely new aggregates receive a server history boundary and ignore client supply (1.6939ms)
✔ [AC-32] change_history_started_at is write-once outside the migration seam (2.7852ms)
✔ [AC-32] existing public/admin DTOs cannot set lifecycle revision metadata (27.0564ms)
✔ [AC-21] Booking unique normalized-Job index is named and is not a unique Lead Job index (2.4161ms)
✔ [AC-32] historical schemas remain readable and do not gain revision fields (0.5207ms)
✔ booking reconciliation cron requires CRON_SECRET (185.759ms)
✔ booking reconciliation cron rejects wrong secret (67.1686ms)
✔ Owner can read the conversation list without transcript text (74.1269ms)
✔ by-lead list does not include transcript or summary text (351.2816ms)
✔ Owner detail includes the redacted transcript (13.2658ms)
✔ audio-url writes an audit row and is Owner-only (17.8961ms)
✔ CPL correction drain requires configured cron authentication (422.0582ms)
✔ CPL correction drain rejects an invalid cron secret (57.3721ms)
✔ Owner snapshot includes yesterday_by_now, company zeros, and wordpress_form (270.5015ms)
✔ Admin without Owner is 403 on every Daily Operations method (235.1444ms)
✔ missing API secret is 401 (18.3786ms)
✔ events page is newest-first and forwards cursor, lane, and limit (17.285ms)
✔ Owner live SSE emits snapshot then Redis event; lane query is ignored (17.8895ms)
✔ Owner live SSE with Last-Event-ID skips snapshot (8.7141ms)
✔ Owner rebuild returns counters-replaced, events not deleted (7.3235ms)
✔ close cron rejects missing secret header and missing CRON_SECRET (108.7113ms)
✔ [AC-33] Form and Call apply routes remain registered on the v1 surface (6.5621ms)
✔ [AC-33] Owner Form apply captures a statement and never a quoted patch (246.2743ms)
✔ [AC-35] Admin, secret, and unauthenticated apply create no receipt (164.2079ms)
✔ [AC-02] strict Zod rejects unknown outer keys, invalid IDs, and booking action on snapshot apply (108.2733ms)
✔ [AC-33] Call enrichment accepts a bounded batch in input order and rejects duplicate operation IDs (57.7774ms)
✔ [AC-33] booked reconciliation permits only booking_action_apply (51.3148ms)
✔ [AC-33] no extension apply path imports or invokes the legacy patch services (0.8168ms)
✔ [AC-35] validation errors omit raw statement values (10.8495ms)
✔ Owner can list Extension Users (229.0655ms)
✔ Admin cannot list, create, PATCH, or DELETE Extension Users (370.5126ms)
✔ Owner can create an Extension User with roles (12.2726ms)
✔ Owner cannot create an Extension User with empty roles or leftover employee (16.6842ms)
✔ create rejects an invalid payload and a duplicate email (77.0224ms)
✔ Owner can PATCH and DELETE an Extension User (110.397ms)
✔ PATCH treats an empty password as omitted and requires another field (25.2314ms)
✔ unknown Extension User id is 404 and invalid ObjectId is 400 (196.519ms)
✔ Granot automation exposes the durable admin run contract (2.1256ms)
✔ Granot run schema carries immutable plan and durable control fields (27.9226ms)
✔ Granot source catalog persists exact labels and ships all requested defaults (11.7893ms)
✔ Granot source schema requires one or two unique supported workflows (5.2382ms)
✔ [AC-35] run details project lifecycle receipt IDs without raw statements or payloads (28.2609ms)
✔ Granot queue contention defers to a durable continuation (2.6345ms)
✔ [AC-38] Granot CRM source update accepts create_if_missing and rejects client normalized labels (8.8968ms)
✔ [AC-38] Granot CRM source mutations require a 10-1000 character reason (8.4666ms)
✔ [AC-38] Registry projections and update schemas omit payload and contact fields (1.4664ms)
✔ Owner Granot create schema accepts one_feed intent and rejects unknown keys (3.4823ms)
✔ Owner Granot create schema rejects a short reason and raw lifecycle fields (1.6356ms)
✔ outbound SMS Owner schema no longer accepts daily_cap (1.4282ms)
✔ [AC-37] Owner requeue route returns 200 {ok:true,data} (151.084ms)
✔ [AC-37] Admin without Owner cannot requeue (35.1361ms)
✔ [AC-37] invalid requeue body is GRANOT_VALIDATION_FAILED (69.6734ms)
✔ [AC-18] [AC-19] read list applies the exact default queue for Owner/Admin (68.0998ms)
✔ [AC-25][AC-35] read list forwards the explicit Release discriminants (11.035ms)
✔ [AC-35] unsigned lifecycle reads are denied before projection (7.4167ms)
✔ [AC-35] strict case filters reject unknown keys with a safe 400 (10.0735ms)
✔ [AC-35] [AC-39] case detail has safe 404 and exact read envelope (15.6938ms)
✔ creating observation is Owner-only and returns the Booked statement for a booking case (90.8812ms)
✔ creating observation returns the Release statement for a cancellation intake (5.6669ms)
✔ [AC-35] candidate browser is Owner-only for source and all scope and performs a read (10.5047ms)
✔ [AC-40] Lead timeline validates model/ID and preserves generic missing Lead envelope (95.9587ms)
✔ [AC-20] Job timeline is readable by Admin and strictly bounds pagination (22.6662ms)
✔ [AC-35][AC-36] discrepancy list/detail are signed reads with strict filters (56.7405ms)
{"level":"info","time":"2026-09-18T23:07:38.261Z","service":"vantage-main-server","env":"development","msg":"granot_lifecycle.owner_command.applied","observability_level":"info","category":"admin","workflow":"granot_lifecycle"}
{"level":"info","time":"2026-09-18T23:07:38.325Z","service":"vantage-main-server","env":"development","msg":"granot_lifecycle.owner_command.applied","observability_level":"info","category":"admin","workflow":"granot_lifecycle"}
{"level":"info","time":"2026-09-18T23:07:38.326Z","service":"vantage-main-server","env":"development","msg":"granot_lifecycle.booking_discrepancy.resolved","observability_level":"info","category":"admin","workflow":"granot_lifecycle"}
{"level":"info","time":"2026-09-18T23:07:38.396Z","service":"vantage-main-server","env":"development","msg":"granot_lifecycle.owner_command.applied","observability_level":"info","category":"admin","workflow":"granot_lifecycle"}
{"level":"info","time":"2026-09-18T23:07:38.409Z","service":"vantage-main-server","env":"development","msg":"granot_lifecycle.booking_discrepancy.resolved","observability_level":"info","category":"admin","workflow":"granot_lifecycle"}
✔ [AC-23][AC-36] discrepancy commands are Owner-only, strict, and route-own identity (264.6654ms)
{"level":"info","time":"2026-09-18T23:07:38.521Z","service":"vantage-main-server","env":"development","msg":"granot_lifecycle.owner_command.applied","observability_level":"info","category":"admin","workflow":"granot_lifecycle"}
{"level":"info","time":"2026-09-18T23:07:38.522Z","service":"vantage-main-server","env":"development","msg":"granot_lifecycle.booking_case.resolved","observability_level":"info","category":"admin","workflow":"granot_lifecycle"}
✔ [AC-21] [AC-22] Owner confirm route requires one idempotency header and returns 201 (54.1179ms)
✔ [AC-22] Admin cannot invoke confirm Booking (6.3505ms)
{"level":"info","time":"2026-09-18T23:07:38.573Z","service":"vantage-main-server","env":"development","msg":"granot_lifecycle.owner_command.applied","observability_level":"info","category":"admin","workflow":"granot_lifecycle"}
{"level":"info","time":"2026-09-18T23:07:38.574Z","service":"vantage-main-server","env":"development","msg":"granot_lifecycle.booking_case.resolved","observability_level":"info","category":"admin","workflow":"granot_lifecycle"}
✔ [AC-21] [AC-24] Owner update route is strict, idempotent-envelope only, and returns 200 (51.0053ms)
{"level":"info","time":"2026-09-18T23:07:38.595Z","service":"vantage-main-server","env":"development","msg":"granot_lifecycle.owner_command.applied","observability_level":"info","category":"admin","workflow":"granot_lifecycle"}
{"level":"info","time":"2026-09-18T23:07:38.596Z","service":"vantage-main-server","env":"development","msg":"granot_lifecycle.booking_case.resolved","observability_level":"info","category":"admin","workflow":"granot_lifecycle"}
✔ [AC-28] Owner Referral create route accepts only revision plus official fields (26.9821ms)
{"level":"info","time":"2026-09-18T23:07:38.632Z","service":"vantage-main-server","env":"development","msg":"granot_lifecycle.owner_command.applied","observability_level":"info","category":"admin","workflow":"granot_lifecycle"}
{"level":"info","time":"2026-09-18T23:07:38.637Z","service":"vantage-main-server","env":"development","msg":"granot_lifecycle.booking_case.resolved","observability_level":"info","category":"admin","workflow":"granot_lifecycle"}
✔ [AC-20] [AC-32] Owner No Action accepts optional reason metadata and Admin is denied (26.7004ms)
{"level":"info","time":"2026-09-18T23:07:38.704Z","service":"vantage-main-server","env":"development","msg":"granot_lifecycle.owner_command.applied","observability_level":"info","category":"admin","workflow":"granot_lifecycle"}
{"level":"info","time":"2026-09-18T23:07:38.706Z","service":"vantage-main-server","env":"development","msg":"granot_lifecycle.booking_case.resolved","observability_level":"info","category":"admin","workflow":"granot_lifecycle"}
{"level":"warn","time":"2026-09-18T23:07:38.722Z","service":"vantage-main-server","env":"development","msg":"granot_lifecycle.owner_command.conflict","observability_level":"warn","category":"admin","workflow":"granot_lifecycle"}
{"level":"warn","time":"2026-09-18T23:07:38.745Z","service":"vantage-main-server","env":"development","msg":"granot_lifecycle.owner_command.conflict","observability_level":"warn","category":"admin","workflow":"granot_lifecycle"}
✔ [AC-R9] Owner booking-case confirm-cancellation succeeds and rejects create-missing posture (164.8306ms)
{"level":"info","time":"2026-09-18T23:07:38.834Z","service":"vantage-main-server","env":"development","msg":"granot_lifecycle.owner_command.applied","observability_level":"info","category":"admin","workflow":"granot_lifecycle"}
{"level":"info","time":"2026-09-18T23:07:38.836Z","service":"vantage-main-server","env":"development","msg":"granot_lifecycle.release_case.resolved","observability_level":"info","category":"admin","workflow":"granot_lifecycle"}
{"level":"info","time":"2026-09-18T23:07:38.869Z","service":"vantage-main-server","env":"development","msg":"granot_lifecycle.owner_command.applied","observability_level":"info","category":"admin","workflow":"granot_lifecycle"}
{"level":"info","time":"2026-09-18T23:07:38.869Z","service":"vantage-main-server","env":"development","msg":"granot_lifecycle.release_case.resolved","observability_level":"info","category":"admin","workflow":"granot_lifecycle"}
{"level":"info","time":"2026-09-18T23:07:38.875Z","service":"vantage-main-server","env":"development","msg":"granot_lifecycle.owner_command.applied","observability_level":"info","category":"admin","workflow":"granot_lifecycle"}
{"level":"info","time":"2026-09-18T23:07:38.876Z","service":"vantage-main-server","env":"development","msg":"granot_lifecycle.release_case.resolved","observability_level":"info","category":"admin","workflow":"granot_lifecycle"}
✔ [AC-25] [AC-32] Release Owner routes are strict, idempotent, and use exact statuses (105.6722ms)
✔ Owner can search webhook receipts; Admin cannot; unsigned is denied (72.7971ms)
✔ receipt search booking_action=release with lead_created is 400; booking_action alone implies booking_status_changed (59.7289ms)
✔ Owner can open the live webhook SSE stream; Admin cannot (60.3583ms)
✔ [AC-31][AC-35] Owner and Admin can read the health envelope without raw payload keys (14.1599ms)
✔ returns 500 when CRON_SECRET is not configured (111.9286ms)
✔ returns 401 when the secret does not match (32.0882ms)
{"level":"info","time":"2026-09-18T23:07:37.241Z","service":"vantage-main-server","env":"development","msg":"granot_lifecycle.cron.run.completed","trigger":"cron","skipped":false,"scanned":1,"claimed":1,"completed":1,"retried":0,"dead_lettered":0,"recovered":0,"lease_lost":0}
{"level":"info","time":"2026-09-18T23:07:37.243Z","service":"vantage-main-server","env":"development","msg":"granot_lifecycle.cron.run.completed","observability_level":"info","category":"cron","workflow":"granot_lifecycle"}
✔ processing-enabled cron returns a bounded summary and no payload values (148.6243ms)
✔ vercel.json registers the five-minute lifecycle drain cron (8.0605ms)
✔ [AC-01] missing configuration returns 500 and reaches neither capture nor publisher (1005.4412ms)
✔ [AC-01] missing, wrong, nonscalar, and mismatched dual secrets return exact 401 and create no receipt (121.9008ms)
✔ [AC-01][AC-35] JSON body, form body, and header secrets authenticate and strip the credential before capture (97.294ms)
✔ [AC-01] both valid secrets attach header_secret after the body is also validated (35.3163ms)
✔ [AC-02] unused Granot field additions or omissions are captured as-is and still return 202 (8.3783ms)
✔ [AC-02] capture happens before 202 and uses the invoked route class (73.2935ms)
{"level":"error","time":"2026-09-18T23:07:33.976Z","service":"vantage-main-server","env":"development","msg":"granot_lifecycle.capture.failed","error_code":"technical_failure","observation_channel":"granot_webhook","route_event_class":"priority_updated"}
{"level":"error","time":"2026-09-18T23:07:33.986Z","service":"vantage-main-server","env":"development","msg":"granot_lifecycle.capture.failed","observability_level":"error","category":"mongo","workflow":"granot_lifecycle_capture"}
✔ [AC-01] capture failure returns safe 503, creates no publish, and stays distinct from queue failure (28.607ms)
{"level":"error","time":"2026-09-18T23:07:34.055Z","service":"vantage-main-server","env":"development","msg":"granot_lifecycle.queue.publish_failed","error_code":"technical_failure","receipt_id":"rece…pt-2","observation_channel":"granot_webhook","route_event_class":"lead_created"}
✔ [AC-02] publish failure cannot change 202 or the accepted receipt (76.5591ms)
✔ Owner Job Number timeline read returns the assembler DTO (137.4121ms)
✔ Admin cannot read the owner Job Number timeline (16.6328ms)
✔ typed miss returns not_found without an event list (8.7964ms)
✔ Owner recent official booking examples return only Job Numbers (11.0888ms)
{"level":"error","time":"2026-09-18T23:07:53.926Z","service":"vantage-main-server","env":"development","err":{"type":"Error","message":"mongo connection string leaked","stack":"Error: mongo connection string leaked\n    at read (C:\\Users\\Pinda\\Proyectos\\vantage\\vantage-main-server\\src\\routes\\job-number-timeline-admin.routes.test.ts:205:15)\n    at <anonymous> (C:\\Users\\Pinda\\Proyectos\\vantage\\vantage-main-server\\src\\routes\\job-number-timeline-admin.routes.ts:85:26)\n    at process.processTicksAndRejections (node:internal/process/task_queues:104:5)"},"request_id":"req-jnt-1789772873636","msg":"job-number-timeline.admin.unhandled"}
✔ unhandled timeline read failure does not echo error.message (433.5792ms)
✔ Admin cannot read recent official booking examples (13.3351ms)
✔ lead-source-setups schema rejects unknown keys and derived internals (8.9758ms)
✔ lead-source-setups schema requires a 10-1000 character reason (1.8075ms)
✔ projection query schemas reject unknown keys (1.8343ms)
✔ error envelope parity uses RegistryError.toHttpBody and Zod unrecognized keys (2.3481ms)
✔ returns 500 when CRON_SECRET is not configured (85.0865ms)
✔ returns 401 when the cron secret does not match (9.5237ms)
✔ accepts the x-cron-secret header (25.282ms)
✔ [AC-17] a disabled Call Log sync never claims the lease (172.3865ms)
✔ [AC-17] lease contention is a bounded skip, not an HTTP 500 (10.0638ms)
✔ [AC-17] a successful run returns the bounded lease/cursor summary (6.9427ms)
{"level":"error","time":"2026-09-18T23:07:54.318Z","service":"vantage-main-server","env":"development","msg":"ringcentral.cron.call_log_sync.failed","errorName":"Error"}
✔ [AC-17] a genuine failure stays safe and non-sensitive (8.6948ms)
✔ [AC-17] vercel.json schedules the Call Log sync every 30 minutes (2.969ms)
✔ CSI-04 admin routes: Owner guard, flag-off 404, scope, validation, idempotency, error mapping; reads never call a writer (1608.9904ms)
✔ admin router is mounted in v1.routes.ts after the CSI boundary router (1.499ms)
✔ real v1 guard + CSI boundary keeps Owner and scoped service authority separate (600.9951ms)
✔ CSI cron routes: cron auth, flag-off and lease_held skips, never a provider body (1249.5905ms)
{"level":"error","time":"2026-09-18T23:08:02.452Z","service":"vantage-main-server","env":"development","msg":"sales_intelligence.cron.call_log_reconcile.failed","errorName":"Error"}
✔ CSI cron routes: a throwing service maps to a bounded 500 without provider content (40.7545ms)
✔ vercel.json registers the CSI-03 crons and the queue consumer trigger (a handler file alone is not registration) (1.4289ms)
✔ app.ts mounts the CSI cron router before the v1 guard like the other cron routers (23.9055ms)
✔ returns 500 when CRON_SECRET is not configured (217.057ms)
✔ returns 401 when the secret does not match (28.9507ms)
✔ skips the drain (no DB work) when mode is not queued (28.6487ms)
✔ accepts a bearer token matching CRON_SECRET (92.0983ms)
✔ source label mapping create rejects unknown keys (5.2823ms)
✔ source label mapping create rejects a client-supplied normalized_label (1.0609ms)
✔ source label mapping mutations require a 10-1000 character reason (2.463ms)
✔ label resolution preview rejects unknown keys and is read-only shape (1.9189ms)
✔ error envelope parity uses RegistryError.toHttpBody and Zod unrecognized keys (2.8621ms)
{"level":"info","time":"2026-09-18T23:07:50.552Z","service":"vantage-main-server","env":"development","msg":"tariff_adjustment.append.succeeded","actor_kind":"user","actor_role":"owner","actor_email":"owner@example.invalid","appended":2,"tab_name":"Master"}
✔ Owner can append two Tariff Adjustment rows (269.6965ms)
{"level":"info","time":"2026-09-18T23:07:50.586Z","service":"vantage-main-server","env":"development","msg":"tariff_adjustment.append.succeeded","actor_kind":"user","actor_role":"sales+customer_service","actor_email":"employee@example.invalid","appended":2,"tab_name":"Master"}
✔ Employee can append two Tariff Adjustment rows (50.2435ms)
{"level":"info","time":"2026-09-18T23:07:50.629Z","service":"vantage-main-server","env":"development","msg":"tariff_adjustment.append.succeeded","actor_kind":"user","actor_role":"customer_service","actor_email":"customer_service@example.invalid","appended":2,"tab_name":"Master"}
✔ Customer Service can append two Tariff Adjustment rows (11.0406ms)
{"level":"info","time":"2026-09-18T23:07:50.638Z","service":"vantage-main-server","env":"development","msg":"tariff_adjustment.append.succeeded","actor_kind":"secret","appended":2,"tab_name":"Master"}
✔ x-api-secret actors can append two Tariff Adjustment rows (6.8402ms)
{"level":"warn","time":"2026-09-18T23:07:50.648Z","service":"vantage-main-server","env":"development","msg":"tariff_adjustment.append.failed","actor_kind":"user","actor_role":"sales+customer_service","actor_email":"employee@example.invalid","error":"[\n  {\n    \"code\": \"unrecognized_keys\",\n    \"keys\": [\n      \"job_no\"\n    ],\n    \"path\": [],\n    \"message\": \"Unrecognized key: \\\"job_no\\\"\"\n  }\n]"}
✔ rejects customer and job identifiers (11.4823ms)
{"level":"info","time":"2026-09-18T23:07:50.671Z","service":"vantage-main-server","env":"development","msg":"tariff_adjustment.append.succeeded","actor_kind":"user","actor_role":"owner","actor_email":"owner@example.invalid","appended":2,"tab_name":"Master"}
✔ stamps today's date when effective_date is omitted (33.8381ms)
{"level":"info","time":"2026-09-18T23:07:50.691Z","service":"vantage-main-server","env":"development","msg":"tariff_adjustment.append.succeeded","actor_kind":"user","actor_role":"owner","actor_email":"owner@example.invalid","appended":1,"tab_name":"Master"}
✔ Owner can append a Linehaul-only payload (9.1878ms)
{"level":"info","time":"2026-09-18T23:07:50.700Z","service":"vantage-main-server","env":"development","msg":"tariff_adjustment.append.succeeded","actor_kind":"user","actor_role":"owner","actor_email":"owner@example.invalid","appended":2,"tab_name":"Master"}
✔ Owner can append Linehaul plus an owner-written service (6.3124ms)
{"level":"info","time":"2026-09-18T23:07:50.706Z","service":"vantage-main-server","env":"development","msg":"tariff_adjustment.append.succeeded","actor_kind":"user","actor_role":"owner","actor_email":"owner@example.invalid","appended":3,"tab_name":"Master"}
✔ Owner can append three matching rows (6.45ms)
{"level":"warn","time":"2026-09-18T23:07:50.715Z","service":"vantage-main-server","env":"development","msg":"tariff_adjustment.append.failed","actor_kind":"user","actor_role":"owner","actor_email":"owner@example.invalid","error":"[\n  {\n    \"origin\": \"array\",\n    \"code\": \"too_small\",\n    \"minimum\": 1,\n    \"inclusive\": true,\n    \"path\": [\n      \"rows\"\n    ],\n    \"message\": \"Too small: expected array to have >=1 items\"\n  },\n  {\n    \"code\": \"custom\",\n    \"path\": [\n      \"rows\"\n    ],\n    \"message\": \"rows must include at least one Linehaul\"\n  }\n]"}
✔ rejects an empty rows array (11.0906ms)
{"level":"warn","time":"2026-09-18T23:07:50.750Z","service":"vantage-main-server","env":"development","msg":"tariff_adjustment.append.failed","actor_kind":"user","actor_role":"owner","actor_email":"owner@example.invalid","error":"[\n  {\n    \"code\": \"custom\",\n    \"path\": [\n      \"rows\"\n    ],\n    \"message\": \"rows must include at least one Linehaul\"\n  }\n]"}
✔ rejects a payload with no Linehaul row (40.4903ms)
{"level":"warn","time":"2026-09-18T23:07:50.794Z","service":"vantage-main-server","env":"development","msg":"tariff_adjustment.append.failed","actor_kind":"user","actor_role":"owner","actor_email":"owner@example.invalid","error":"[\n  {\n    \"code\": \"custom\",\n    \"path\": [\n      \"rows\"\n    ],\n    \"message\": \"pickup_zone must be identical on all Tariff Adjustment rows\"\n  }\n]"}
✔ rejects three rows with a mismatched pickup_zone (40.1536ms)
✔ Operations Registry entities expose complete lifecycle CRUD surfaces (5.3679ms)
✔ GET /api/v1/admin/agents is browse only — catalog list is /catalog/agents (0.9625ms)
✔ admin analytics receiver-agent reports have GET routes (0.6463ms)
✔ Owner Extension User routes are registered (0.8614ms)
✔ Owner conversation read routes are registered (0.5958ms)
✔ employee booking reconciliation routes are registered (0.4204ms)
✔ Tariff Adjustment Submit route is registered (0.5588ms)
✔ Granot form-lead resolution route is registered before the id route (0.6981ms)
✔ Granot sync expected filter enforces fill-only and empty receiver fields (2.4917ms)
✔ Lead Source projection and setup routes are registered next to overview (1.1889ms)
✔ legacy CPL rates remain read-only after temporal schedule cutover (0.5621ms)
✔ temporal CPL schedule and correction routes are registered (0.5545ms)
✔ admin browse builds filters, pagination, sorting, and response shape (20.1065ms)
✔ admin form lead browse q includes snapshot contact paths (2.9744ms)
✔ admin form lead browse name email and phone include snapshot paths (3.5967ms)
✔ admin duplicate form lead browse uses the same contact paths (2.0829ms)
✔ admin form lead browse excludes duplicates by default (2.0971ms)
✔ admin form lead browse filters past move dates relative to timestamp (1.7841ms)
✔ admin form lead browse can invert the past move date filter (1.32ms)
✔ admin form lead browse filters receiver agent by ObjectId equality (3.5096ms)
✔ admin form lead browse matches source_granularity_key exactly and does not substring-match source_company (5.0496ms)
✔ admin form lead browse still accepts source_company as bookmark compatibility (2.2185ms)
✔ admin booked lead browse filters source company slugs on the source field (2.0198ms)
✔ admin booked lead browse resolves legacy source company labels onto source (1.2217ms)
✔ admin booked lead browse filters leadless bookings (1.1242ms)
✔ admin agents browse returns metrics for list rows (2.6487ms)
✔ admin agents browse applies date range to booked lead metrics (2.8385ms)
✔ admin agents browse matches catalog names case-insensitively (1.3013ms)
✔ admin agents browse matches allocations on normalized_name when display name differs (1.1978ms)
✔ admin agents browse returns zero metric fields for agents without bookings (1.0795ms)
✔ admin form lead browse can filter to duplicates only (0.8818ms)
✔ admin call lead browse q and phone include snapshot contact paths (1.5934ms)
✔ admin call lead browse Manual attach filters (name/email/phone without q) include snapshot paths (1.3055ms)
✔ admin call lead browse excludes duplicates by default (0.7646ms)
✔ admin call lead browse can filter to duplicates only (0.8752ms)
✔ admin form lead browse no_sync true is exact true, not presence (1.0312ms)
✔ admin form lead browse no_sync false uses $ne true so missing-field rows count (0.8999ms)
✔ admin form lead browse omit does not mention no_sync (0.6776ms)
✔ admin call lead browse no_sync true is exact true, not presence (0.8198ms)
✔ admin call lead browse no_sync false uses $ne true so missing-field rows count (0.9067ms)
✔ admin call lead browse omit does not mention no_sync (0.702ms)
✔ admin detail lookup returns normalized production record (1.9599ms)
✔ admin agent detail returns metrics consistent with browse enrichment (2.8251ms)
✔ admin historical browse uses historical models and remains read-only (1.2001ms)
✔ global admin search form leads include Granot snapshot contact paths (3.83ms)
✔ global admin search returns grouped results (1.5359ms)
✔ admin agents export includes booking metric columns (1.8359ms)
✔ admin CSV export uses browse rows and escapes CSV body (1.0593ms)
✔ csv helper emits text/csv-compatible header and rows (0.3031ms)
✔ getAdminFacets production builds a structured catalog from first-class collections (65.4569ms)
✔ getAdminFacets historical builds distinct rows and overlays production identity (5.6783ms)
✔ getAdminFacets historical empty granularity distincts do not fail (3.9271ms)
✔ getAdminFacets combined keeps registry owner_label and historical-only extras (3.7924ms)
✔ registry facets invalidation evicts the production and historical catalog caches (2.8343ms)
✔ getSheetSyncHealth aggregates job counts and derives backlog age (48.1007ms)
✔ listSheetSyncJobs builds a filtered, paginated query (2.2308ms)
✔ retrySheetSyncJobs re-queues failed jobs by default and reports the count (2.9422ms)
✔ retrySheetSyncJobs starts an admin drain instead of publishing a queue wake-up (1.157ms)
✔ retrySheetSyncJobs is a no-op when nothing matches (0.7424ms)
✔ agent browse metrics match keys are lowercased strings, not regexes (12.6437ms)
✔ agent browse metrics count distinct bookings and take this agent's binder share (2.0319ms)
✔ agent browse metrics date range filters book_date and skips Agent createdAt (2.1959ms)
✔ agent browse metrics omit a date match when from/to are absent (1.6814ms)
✔ lookupAgentBrowseMetrics uses name or normalized_name and returns zeros when unmatched (0.5907ms)
✔ even Binder split uses integer cents and gives the leftover cent to the primary Agent (4.8807ms)
✔ Best Relocation allocation resolves an existing inactive agent (3.8568ms)
✔ primary booking allocation becomes Best Relocation receiver attribution (0.7694ms)
✔ primary booking allocation does not replace existing receiver attribution (0.5449ms)
✔ automatic CRM username receiver matching excludes inactive Agents (6.4831ms)
✔ findAgentByGranotCrmUsername prefers embedded granot_identity username (3.6894ms)
✔ findAgentByGranotCrmUsername never reads the retained flat compatibility field (0.6779ms)
✔ CRM username receiver match never overwrites an existing receiver (0.8129ms)
✔ analytics validation accepts report filters and rejects invalid report names (9.5567ms)
✔ sourceGranularityMatch filters derived key only and wins over source_company (3.143ms)
✔ analytics booked lead filters start with a leading date match (1.2816ms)
✔ booked lead source attribution falls back to the employee source snapshot (2.8944ms)
✔ leadMatch matches historical slug options and channel-scoped company slugs (10.9619ms)
✔ combined source analytics merge by stable text dimension instead of ids (2.7269ms)
✔ combined revenue trend merges rows by date period (2.056ms)
✔ combined source analytics merge parent metrics and keep company-only extras as leaves (3.0051ms)
✔ combined receiver-agent analytics merge production rows and keep historical warning metadata (0.9786ms)
✔ combined SMS conversion merge keeps production rows and historical warning metadata (20.1193ms)
✔ analytics CSV export uses the selected report rows (6.6224ms)
✔ source hierarchy CSV rows emit leaves or a childless company, never both (0.4673ms)
✔ combined hierarchy CSV does not duplicate its production contribution (0.3006ms)
✔ lead cost excludes duplicate form leads and unmatched call leads (13.6217ms)
✔ overviewQuerySchema accepts database_scope (3.3275ms)
✔ rollingLast7DaysWindow spans seven days ending now (0.488ms)
✔ mergeOverviewAllTime merges combined totals and clears production-only lead cost (1.8442ms)
✔ mergeOverviewAllTime keeps lead cost for production scope (0.7192ms)
✔ mergeOverviewAllTime clears lead cost for historical scope (0.2737ms)
✔ receiver-agent analytics use persisted CPL without rate-period status (42.8484ms)
✔ SMS booked rate uses successfully texted Leads as the denominator (4.2428ms)
✔ an empty texted-lead cohort is a zero rate, not missing data (1.128ms)
✔ historical scope does not read Lead Messages (1.7858ms)
✔ production SMS conversion matches successful statuses and official booked refs (6.5088ms)
✔ source hierarchy uses registry labels and rolls additive child metrics (5.3831ms)
✔ source hierarchy retains unknown granularity in parent totals (0.7651ms)
✔ source hierarchy folds normalized company and granularity collisions (0.7664ms)
✔ nestSourceCompanyRows seeds catalog children including zeros (1.2866ms)
✔ company-only source rows use domain labels and never create children (0.588ms)
✔ historical source performance stays company-only without registry data (13.6483ms)
✔ historical funnel recomputes company rates and has no children (28.7732ms)
✔ normalizes observed sheet move sizes into the model enum (64.2745ms)
✔ restores leading zeroes dropped from formatted ZIP cells (0.592ms)
✔ decodes Google Sheets serial timestamps as owner-facing UTC components (1.1712ms)
✔ call parser accepts a combined Google Sheets serial timestamp (1.2041ms)
✔ parsers preserve source-row provenance and skip formula sentinels (4.2868ms)
✔ duplicate booking jobs collapse into split allocations without doubling deposit (8.722ms)
✔ plan orders leads, attached booking, and cancellation with response bindings (11.9537ms)
✔ refund discovery keeps contradictory LID evidence below auto-cancel threshold (12.5382ms)
✔ live apply refuses to send the secret to an unpinned host (2.0287ms)
✔ booking preflight uses filtered admin lookup and skips an existing job (49.3785ms)
✔ call preflight recognizes the route's bare-array response (2.5757ms)
✔ unique Tracking Reference adopts the existing Form Lead and does not create (4.1411ms)
✔ two Form Leads sharing a Tracking Reference become an ambiguous conflict (0.8013ms)
✔ phone + name + same New York day adopts when Tracking Reference misses (10.2789ms)
✔ two phone + name + date Form Leads conflict instead of creating (2.9008ms)
✔ no identity and no phone-name-date match stays a create (0.5555ms)
✔ pre-cutoff Form Leads are ignored by phone-name-date adoption (1.7143ms)
✔ canonical adoption remaps remaining creates and leaves receipt outcomes alone (7.3638ms)
✔ Best Relocation import capability requires the Best Relocation source (2.5084ms)
✔ ordinary booking requests do not receive import capability (0.4041ms)
✔ Best Relocation call lookup is source-scoped before mutation (1.4957ms)
✔ Form Lead + id attaches with booking_origin owner_booking and no case (2.573ms)
✔ Owner Call Lead unique job attaches with booking_origin owner_booking (0.9281ms)
✔ Owner Call Lead with no Call Lead row is pending owner_booking no_match (14.9222ms)
✔ Owner Call Lead with two job matches is pending multiple_matches, not a 409 (0.645ms)
✔ Best Relocation import Call Lead still uses the from-source resolver (0.4871ms)
✔ letter prefixes are equivalent to the same Granot digit core (3.5204ms)
✔ equivalent job filter matches exact, core, and letter-prefixed variants (1.9164ms)
✔ equivalent snapshot filter remaps to the indexed cancellation snapshot field (0.561ms)
✔ atomic employee Lead claim does not rewrite the existing CPL (3.7709ms)
✔ concurrent booking claims allow only one booking to claim a lead (8.0839ms)
✔ reconciliation mirror can preserve Lead source CPL (1.1431ms)
✔ import Call Lead resolver still 409s when two Call Leads share a job (4.7721ms)
✔ Owner leadless create opens owner_booking case and sets booking_origin (70.8651ms)
✔ Best Relocation import leadless keeps external_sheet_ingestion and no booking_origin (4.2211ms)
✔ owner snapshot uses Call phone or customer phone, else not provided (2.7921ms)
✔ evaluateOwnerCallLeadMatch links a unique Call Lead Job Number (4.6364ms)
✔ evaluateOwnerCallLeadMatch is pending multiple_matches for two Call Leads with the same job (1.1086ms)
✔ evaluateOwnerCallLeadMatch is pending no_match when no Call Lead has the job (0.7607ms)
✔ evaluateOwnerCallLeadMatch does not attach on phone of a different Call Lead (0.9529ms)
✔ Owner pending case snapshot fills spec §4.6 fields and origin owner_booking (1.666ms)
✔ Referral Booking create does not open a Booking Lead Reconciliation Case (2.02ms)
✔ cancellation snapshots stamp four fields from a surviving Booking (3.3229ms)
✔ cancellation snapshots normalize job_no when Booking normalized field is missing (1.5299ms)
✔ cancellation snapshots stay null without a recoverable Booking job (0.5013ms)
✔ cancellation snapshots refuse silent inference from contact-shaped fields (0.2951ms)
✔ create-path stamp keeps ObjectId lead ref (0.5022ms)
✔ getBookedLeadForCancellation allows explicitly authorized imported leadless booking (28.2842ms)
✔ CancelledLead validates an unresolved employee Booking without Lead metadata (17.058ms)
✔ active catalog list excludes inactive rows by default (6.7035ms)
✔ agent resolution rejects inactive or unknown names (1.8924ms)
✔ agent resolution can include an existing inactive agent (0.9464ms)
✔ merchant resolution returns canonical display name (0.6756ms)
✔ list projection keeps cost cents and does not treat them as leaked summary text (14.9095ms)
✔ list projection still rejects a top-level transcript or summary field (1.6692ms)
✔ redactTranscript redacts a Luhn-valid card spoken as digit groups plus CVV, expiry, SSN, and routing (3.0594ms)
✔ redactTranscript does not redact a job number, spoken phone, or cubic-feet figure (0.5074ms)
✔ an unvalidated 16-digit sequence that fails Luhn is left alone (0.3265ms)
✔ spoken digit runs of seven or more are redacted without changing existing payment rules (0.4337ms)
✔ parseConversationArtifact splits summary and transcript (2.9913ms)
✔ buildSeededTranscript redacts before the text is stored (1.7294ms)
✔ hasCrmMismatch is true only when the section contradicts CRM (0.7678ms)
✔ Gateway adapter sends configured model, makes one call, keeps timing optional and never logs warnings (1711.9759ms)
✔ Gateway errors do not expose provider bodies and do not internally retry (63.1712ms)
✔ Blob bytes/digest validated and missing billing never becomes estimated actual cost (1.1302ms)
{"level":"info","time":"2026-09-18T23:08:38.766Z","service":"vantage-main-server","env":"development","msg":"operations_registry.compatibility_read","observability_level":"info","category":"admin","workflow":"operations_registry"}
✔ listCplRates seeds any missing slots and returns all 14 rates (9.5669ms)
{"level":"info","time":"2026-09-18T23:08:34.569Z","service":"vantage-main-server","env":"development","msg":"crm.form_lead.submit.started","leadId":"6aadc4728484a082bda6613d","endpoint":"https://lead.hellomoving.com/LEADSGWHTTP.lidgw?&API_ID=[redacted]&MOVERREF=[redacted]","payload":{"label":"Main Site Forms","firstname":"J***","lastname":"C***","ozip":"sha256:ce6d2151873f","dzip":"sha256:9a1f53dc5d98","email":"j***@example.com","phone1":"***2222","movesize":"2 Bedrooms","movedte":"5/28/2026","notes":"sha256:81da1dce6ae7","leadno":"sha256:7b6d8986d052"}}
✔ submitFormLeadToCrm POSTs to the Granot lead gateway with the urlencoded payload (25.5312ms)
✔ submitFormLeadToCrm reports ok=true with the response body and payload on HTTP 200 (6.0449ms)
✔ submitFormLeadToCrm reports ok=false with response body on HTTP error (5.2152ms)
✔ submitFormLeadToCrm catches network errors and returns ok=false with status 0 and an error message (27.4145ms)
✔ submitFormLeadToCrm forwards companyLabel as the Granot label (30.7581ms)
{"level":"info","time":"2026-09-18T23:08:34.570Z","service":"vantage-main-server","env":"development","msg":"crm.form_lead.submit.started","observability_level":"info","category":"crm","workflow":"crm_submit","source_company":"not_provided","entity_id":"6aadc4728484a082bda6613d"}
{"level":"info","time":"2026-09-18T23:08:34.573Z","service":"vantage-main-server","env":"development","msg":"crm.form_lead.submit.completed","leadId":"6aadc4728484a082bda6613d","endpoint":"https://lead.hellomoving.com/LEADSGWHTTP.lidgw?&API_ID=[redacted]&MOVERREF=[redacted]","status":200,"responseText":"OK"}
{"level":"info","time":"2026-09-18T23:08:34.573Z","service":"vantage-main-server","env":"development","msg":"crm.form_lead.submit.completed","observability_level":"info","category":"crm","workflow":"crm_submit","source_company":"not_provided","entity_id":"6aadc4728484a082bda6613d"}
{"level":"info","time":"2026-09-18T23:08:34.581Z","service":"vantage-main-server","env":"development","msg":"crm.form_lead.submit.started","leadId":"6aadc4728484a082bda6613e","endpoint":"https://lead.hellomoving.com/LEADSGWHTTP.lidgw?&API_ID=[redacted]&MOVERREF=[redacted]","payload":{"label":"Main Site Forms","firstname":"J***","lastname":"C***","ozip":"sha256:ce6d2151873f","dzip":"sha256:9a1f53dc5d98","email":"j***@example.com","phone1":"***2222","movesize":"2 Bedrooms","movedte":"5/28/2026","notes":"sha256:81da1dce6ae7","leadno":"sha256:7b6d8986d052"}}
{"level":"info","time":"2026-09-18T23:08:34.581Z","service":"vantage-main-server","env":"development","msg":"crm.form_lead.submit.started","observability_level":"info","category":"crm","workflow":"crm_submit","source_company":"not_provided","entity_id":"6aadc4728484a082bda6613e"}
{"level":"info","time":"2026-09-18T23:08:34.582Z","service":"vantage-main-server","env":"development","msg":"crm.form_lead.submit.completed","leadId":"6aadc4728484a082bda6613e","endpoint":"https://lead.hellomoving.com/LEADSGWHTTP.lidgw?&API_ID=[redacted]&MOVERREF=[redacted]","status":200,"responseText":"Granot accepted lead 42"}
{"level":"info","time":"2026-09-18T23:08:34.583Z","service":"vantage-main-server","env":"development","msg":"crm.form_lead.submit.completed","observability_level":"info","category":"crm","workflow":"crm_submit","source_company":"not_provided","entity_id":"6aadc4728484a082bda6613e"}
{"level":"info","time":"2026-09-18T23:08:34.585Z","service":"vantage-main-server","env":"development","msg":"crm.form_lead.submit.started","leadId":"6aadc4728484a082bda6613f","endpoint":"https://lead.hellomoving.com/LEADSGWHTTP.lidgw?&API_ID=[redacted]&MOVERREF=[redacted]","payload":{"label":"Main Site Forms","firstname":"J***","lastname":"C***","ozip":"sha256:ce6d2151873f","dzip":"sha256:9a1f53dc5d98","email":"j***@example.com","phone1":"***2222","movesize":"2 Bedrooms","movedte":"5/28/2026","notes":"sha256:81da1dce6ae7","leadno":"sha256:7b6d8986d052"}}
{"level":"info","time":"2026-09-18T23:08:34.586Z","service":"vantage-main-server","env":"development","msg":"crm.form_lead.submit.started","observability_level":"info","category":"crm","workflow":"crm_submit","source_company":"not_provided","entity_id":"6aadc4728484a082bda6613f"}
{"level":"info","time":"2026-09-18T23:08:34.587Z","service":"vantage-main-server","env":"development","msg":"crm.form_lead.submit.http_error","leadId":"6aadc4728484a082bda6613f","endpoint":"https://lead.hellomoving.com/LEADSGWHTTP.lidgw?&API_ID=[redacted]&MOVERREF=[redacted]","status":400,"responseText":"bad request"}
{"level":"error","time":"2026-09-18T23:08:34.587Z","service":"vantage-main-server","env":"development","msg":"crm.form_lead.submit.http_error","observability_level":"error","category":"crm","workflow":"crm_submit","source_company":"not_provided","entity_id":"6aadc4728484a082bda6613f"}
{"level":"info","time":"2026-09-18T23:08:34.591Z","service":"vantage-main-server","env":"development","msg":"crm.form_lead.submit.started","leadId":"6aadc4728484a082bda66140","endpoint":"https://lead.hellomoving.com/LEADSGWHTTP.lidgw?&API_ID=[redacted]&MOVERREF=[redacted]","payload":{"label":"Main Site Forms","firstname":"J***","lastname":"C***","ozip":"sha256:ce6d2151873f","dzip":"sha256:9a1f53dc5d98","email":"j***@example.com","phone1":"***2222","movesize":"2 Bedrooms","movedte":"5/28/2026","notes":"sha256:81da1dce6ae7","leadno":"sha256:7b6d8986d052"}}
{"level":"info","time":"2026-09-18T23:08:34.591Z","service":"vantage-main-server","env":"development","msg":"crm.form_lead.submit.started","observability_level":"info","category":"crm","workflow":"crm_submit","source_company":"not_provided","entity_id":"6aadc4728484a082bda66140"}
{"level":"error","time":"2026-09-18T23:08:34.591Z","service":"vantage-main-server","env":"development","err":{"type":"Error","message":"ECONNRESET","stack":"Error: ECONNRESET\n    at <anonymous> (C:\\Users\\Pinda\\Proyectos\\vantage\\vantage-main-server\\src\\services\\crm\\crm.service.test.ts:126:11)\n    at globalThis.fetch (C:\\Users\\Pinda\\Proyectos\\vantage\\vantage-main-server\\src\\services\\crm\\crm.service.test.ts:43:12)\n    at submitFormLeadToCrm (C:\\Users\\Pinda\\Proyectos\\vantage\\vantage-main-server\\src\\services\\crm\\crm.service.ts:74:28)\n    at async TestContext.<anonymous> (C:\\Users\\Pinda\\Proyectos\\vantage\\vantage-main-server\\src\\services\\crm\\crm.service.test.ts:129:18)\n    at async Test.run (node:internal/test_runner/test:1332:7)\n    at async Test.processPendingSubtests (node:internal/test_runner/test:911:7)"},"msg":"crm.form_lead.submit.failed","leadId":"6aadc4728484a082bda66140","endpoint":"https://lead.hellomoving.com/LEADSGWHTTP.lidgw?&API_ID=[redacted]&MOVERREF=[redacted]","msg":"CRM form lead submission failed"}
{"level":"error","time":"2026-09-18T23:08:34.599Z","service":"vantage-main-server","env":"development","msg":"crm.form_lead.submit.failed","observability_level":"error","category":"crm","workflow":"crm_submit","source_company":"not_provided","entity_id":"6aadc4728484a082bda66140"}
{"level":"info","time":"2026-09-18T23:08:34.619Z","service":"vantage-main-server","env":"development","msg":"crm.form_lead.submit.started","leadId":"6aadc4728484a082bda66141","endpoint":"https://lead.hellomoving.com/LEADSGWHTTP.lidgw?&API_ID=[redacted]&MOVERREF=[redacted]","payload":{"label":"BestRelocation","firstname":"J***","lastname":"C***","ozip":"sha256:ce6d2151873f","dzip":"sha256:9a1f53dc5d98","email":"j***@example.com","phone1":"***2222","movesize":"2 Bedrooms","movedte":"5/28/2026","notes":"sha256:81da1dce6ae7","leadno":"sha256:7b6d8986d052"}}
{"level":"info","time":"2026-09-18T23:08:34.619Z","service":"vantage-main-server","env":"development","msg":"crm.form_lead.submit.started","observability_level":"info","category":"crm","workflow":"crm_submit","source_company":"not_provided","entity_id":"6aadc4728484a082bda66141"}
{"level":"info","time":"2026-09-18T23:08:34.646Z","service":"vantage-main-server","env":"development","msg":"crm.form_lead.submit.completed","leadId":"6aadc4728484a082bda66141","endpoint":"https://lead.hellomoving.com/LEADSGWHTTP.lidgw?&API_ID=[redacted]&MOVERREF=[redacted]","status":200,"responseText":"OK"}
{"level":"info","time":"2026-09-18T23:08:34.647Z","service":"vantage-main-server","env":"development","msg":"crm.form_lead.submit.completed","observability_level":"info","category":"crm","workflow":"crm_submit","source_company":"not_provided","entity_id":"6aadc4728484a082bda66141"}
✔ CRM env var name constants are stable and match what is read at module load (1.8287ms)
✔ CRM_FORM_LEAD_ENDPOINT is the Granot lead gateway URL with API_ID and MOVERREF params (0.6308ms)
✔ crmEndpointForLog redacts API_ID and MOVERREF values from the endpoint URL (0.4365ms)
✔ crmEndpointForLog defaults to the module-loaded CRM_FORM_LEAD_ENDPOINT and never leaks credentials (0.5416ms)
✔ splitNameForCrm returns empty firstname and lastname for blank input (3.5662ms)
✔ splitNameForCrm duplicates a single token into firstname and lastname (0.452ms)
✔ splitNameForCrm takes the first and last token for multi-word names (0.3793ms)
✔ formatCrmMoveDate preserves the UTC calendar date as unpadded M/D/YYYY (0.4339ms)
✔ buildCrmFormLeadPayload defaults label to CRM_FORM_LEAD_LABEL when blank (10.7979ms)
✔ [AC-03] buildCrmFormLeadPayload uses the provider ref_no as Granot leadno (1.2709ms)
✔ [AC-03] Form Job Number parity does not reinterpret ref_no as CRM leadno (1.725ms)
✔ [AC-03] buildCrmFormLeadPayload carries lid in notes without using it for identity (1.1405ms)
✔ [AC-03] buildCrmFormLeadPayload leaves leadno blank for the not-provided sentinel (1.5078ms)
✔ buildCrmFormLeadPayload maps lead fields onto the Granot wire shape (2.7566ms)
✔ [AC-08] CRM payload does not invent an absent trusted Granot move date (1.7541ms)
✔ summarizeCrmPayloadForLog masks PII and fingerprints identifiers and locations (2.6595ms)
✔ summarizeCrmPayloadForLog handles blank PII fields without throwing (39.2805ms)
✔ upsertCustomerFromBookingContact matches by phone when provided (3.7216ms)
✔ upsertCustomerFromBookingContact falls back to lead phone when customer phone is blank (0.5905ms)
✔ upsertCustomerFromBookingContact matches by normalized name when phone is absent (0.5751ms)
✔ upsertCustomerFromLead allows name-only leads (0.6638ms)
✔ close sets yesterday status closed when it is still open (3.283ms)
✔ close is a no-op when yesterday is already closed (0.6204ms)
✔ close also seals older open days, not only yesterday (0.494ms)
✔ 2026-06-01T03:00:00.000Z maps to the NY day 2026-05-31 (2.4906ms)
✔ first day seed has 24 hourly buckets and known Source Company slugs (2.4384ms)
✔ metric_touches expand hourly.* onto the NY hour and always bump revision (0.5845ms)
✔ already-expanded hourly paths stay as written (0.4812ms)
✔ dotted increments apply onto a seeded day including hourly buckets (0.8061ms)
✔ previousEasternDayKey walks the NY calendar, not UTC midnight (1.039ms)
✔ florida timestamp bounds are UTC wall-clock of the day key (0.9336ms)
✔ eastern instant bounds start at NY midnight, not UTC midnight (0.9173ms)
✔ sumHourlyThrough is pace 0..currentNyHour, not the full day (0.6418ms)
✔ first open emits snapshot then tails Redis envelopes as event plus metrics (6.3002ms)
✔ valid Last-Event-ID skips snapshot and continues from the cursor (2.7871ms)
✔ invalid Last-Event-ID is treated as first open and emits snapshot (1.7319ms)
✔ missing Redis uses Mongo tail oldest-after-cursor and still emits facts (1.3321ms)
✔ a burst of facts in one wake keeps every touch in the metrics frame (19.3541ms)
✔ Redis throw degrades to Mongo tail for that loop (33.2955ms)
✔ replica-lag skip retries the same Redis id and does not drop the event (1.7215ms)
✔ lane query is ignored — one socket emits every Daily Operations Event (1.4993ms)
✔ heartbeat fires after 15s idle and has no id (2.613ms)
✔ parseDailyOperationsXread reads object and flat-array field shapes (1.193ms)
✔ test runner never constructs an Upstash client for the live isolate (0.4338ms)
✔ rebuild of an open day replaces counters and never deletes events (7.7025ms)
✔ rebuild refuses a closed day and leaves counters and events alone (1.6507ms)
✔ rebuild of a missing open day still writes seeded counters (1.0479ms)
✔ rebuild rejects a deleteEvents hook so events stay append-only (1.0325ms)
{"level":"warn","time":"2026-09-18T23:08:27.203Z","service":"vantage-main-server","env":"development","msg":"daily_operations.redis.xadd_failed","kind":"form_lead.created","day":"2026-05-31","err":{"type":"Error","message":"upstash unavailable","stack":"Error: upstash unavailable\n    at Object.xadd (C:\\Users\\Pinda\\Proyectos\\vantage\\vantage-main-server\\src\\services\\dailyOperations\\recordDailyOperationsFact.test.ts:254:15)\n    at publishRedisDoorbell (C:\\Users\\Pinda\\Proyectos\\vantage\\vantage-main-server\\src\\services\\dailyOperations\\recordDailyOperationsFact.ts:200:34)\n    at recordDailyOperationsFact (C:\\Users\\Pinda\\Proyectos\\vantage\\vantage-main-server\\src\\services\\dailyOperations\\recordDailyOperationsFact.ts:307:11)\n    at async TestContext.<anonymous> (C:\\Users\\Pinda\\Proyectos\\vantage\\vantage-main-server\\src\\services\\dailyOperations\\recordDailyOperationsFact.test.ts:249:18)\n    at async Test.run (node:internal/test_runner/test:1332:7)\n    at async Test.processPendingSubtests (node:internal/test_runner/test:911:7)"}}
✔ unique dedupe_key insert increments the named metric_touches (20.3645ms)
✔ duplicate dedupe_key is a no-op: no second increment and no XADD (3.5772ms)
✔ closed day skips increment and records empty metric_touches (75.8571ms)
✔ missing Redis client still persists the event and day increment (1.1744ms)
✔ test runner never constructs a publish that would call Upstash (0.8767ms)
✔ Redis XADD failure is swallowed and does not fail the fact (40.9693ms)
✔ successful XADD stores redis_stream_id and only envelope fields (1.7389ms)
✔ writer never throws when stores fail (1.212ms)
✔ test sink captures when stores are not injected (0.8772ms)
✔ granot.minted increments decisions only and sheet sync increments only its own panel counter (0.7628ms)
{"level":"error","time":"2026-09-18T23:08:27.245Z","service":"vantage-main-server","env":"development","msg":"daily_operations.record_fact_failed","kind":"form_lead.created","err":{"type":"Error","message":"mongo down","stack":"Error: mongo down\n    at Object.insertEvent (C:\\Users\\Pinda\\Proyectos\\vantage\\vantage-main-server\\src\\services\\dailyOperations\\recordDailyOperationsFact.test.ts:326:15)\n    at recordDailyOperationsFact (C:\\Users\\Pinda\\Proyectos\\vantage\\vantage-main-server\\src\\services\\dailyOperations\\recordDailyOperationsFact.ts:261:35)\n    at TestContext.<anonymous> (C:\\Users\\Pinda\\Proyectos\\vantage\\vantage-main-server\\src\\services\\dailyOperations\\recordDailyOperationsFact.test.ts:323:24)\n    at Test.runInAsyncScope (node:async_hooks:227:14)\n    at Test.run (node:internal/test_runner/test:1325:25)\n    at Test.processPendingSubtests (node:internal/test_runner/test:911:18)\n    at Test.postRun (node:internal/test_runner/test:1465:19)\n    at Test.run (node:internal/test_runner/test:1390:12)\n    at async Test.processPendingSubtests (node:internal/test_runner/test:911:7)"}}
{"level":"info","time":"2026-09-18T23:08:47.357Z","service":"vantage-main-server","env":"development","msg":"call_lead.create.sheet_sync.disabled","resource":"source_lead","leadModel":"CallLead","leadId":"507f1f77bcf86cd799439011"}
✔ Form create increments leads.form + origin + company once (7.6342ms)
✔ Duplicate Form increments leads.duplicate_form only (1.1431ms)
✔ reused WordPress lead does not call the writer (0.5282ms)
✔ zip 33101 + state not_found counts the Lead and records exception.zip_missing (1.6463ms)
✔ Call unmatched increments leads.unmatched_call only (1.3669ms)
✔ Call zip present + blank state is a zip miss and still counts the Lead (1.3379ms)
✔ quiet hours at 02:14 ET record text.deferred with 8:00 AM send_at and no messages.successful (2.4586ms)
✔ 07:00 ET send records text.sent only (0.9236ms)
✔ first sent/delivered after deferred records text.sent once (1.8653ms)
✔ status callback terminal fail records text.failed (0.69ms)
✔ unapplied status callback does not call the writer (0.4423ms)
✔ dispatchOrQueue skipped path records text.skipped (3.1488ms)
✔ completeCallLeadIngestion records call_lead.created once via the sink (4.1256ms)
✔ CRM HTTP fail records exception.crm_failed (12.9072ms)
✔ RingCentral adoption conflict records exception.adoption_conflict and not a Call Lead create (2.6323ms)
✔ duplicate booking submission helper is not used — skip is kind duplicate at finalize (0.9469ms)
✔ employee pending booking increments employee_pending and not a kind bucket (0.68ms)
✔ cancellation.created uses cancellation:<id>:created (1.0422ms)
✔ writer sink captures without stores and does not require Mongo (0.6127ms)
✔ zipMissSides treats not_found and blank as a miss only when a zip is present (0.3619ms)
{"level":"info","time":"2026-09-18T23:08:47.358Z","service":"vantage-main-server","env":"development","msg":"lead.call.created","observability_level":"info","category":"lead","workflow":"call_lead_create","source_company":"tbm_leads","entity_id":"507f1f77bcf86cd799439011"}
{"level":"info","time":"2026-09-18T23:08:47.368Z","service":"vantage-main-server","env":"development","msg":"crm.form_lead.submit.started","leadId":"507f1f77bcf86cd799439011","endpoint":"https://lead.hellomoving.com/LEADSGWHTTP.lidgw?&API_ID=[redacted]&MOVERREF=[redacted]","payload":{"label":"Main Site Forms","firstname":"J***","lastname":"C***","ozip":"sha256:ce6d2151873f","dzip":"sha256:9a1f53dc5d98","email":"j***@example.com","phone1":"***2222","movesize":"14","movedte":"","notes":"","leadno":""}}
{"level":"info","time":"2026-09-18T23:08:47.369Z","service":"vantage-main-server","env":"development","msg":"crm.form_lead.submit.started","observability_level":"info","category":"crm","workflow":"crm_submit","source_company":"tbm_leads","entity_id":"507f1f77bcf86cd799439011"}
{"level":"info","time":"2026-09-18T23:08:47.371Z","service":"vantage-main-server","env":"development","msg":"crm.form_lead.submit.http_error","leadId":"507f1f77bcf86cd799439011","endpoint":"https://lead.hellomoving.com/LEADSGWHTTP.lidgw?&API_ID=[redacted]&MOVERREF=[redacted]","status":400,"responseText":"bad request"}
{"level":"error","time":"2026-09-18T23:08:47.372Z","service":"vantage-main-server","env":"development","msg":"crm.form_lead.submit.http_error","observability_level":"error","category":"crm","workflow":"crm_submit","source_company":"tbm_leads","entity_id":"507f1f77bcf86cd799439011"}
{"level":"info","time":"2026-09-18T23:08:47.374Z","service":"vantage-main-server","env":"development","msg":"ringcentral.ingest.processed","action":"dry_run","writeMode":"dry_run","duplicate":false,"duplicateReason":"unique","ingestionSource":"webhook","telephonySessionId":"u20-session","callLogId":null,"sourceCompany":"main_site","durationSeconds":180,"callLeadId":null}
✔ applyBestRelocationPlan is not a Daily Operations hook site (27.7662ms)
✔ persistLeadMessageIntent is not a Daily Operations hook site (65.9722ms)
✔ completeFormLeadIngestion hooks after the reused-lead return (65.6682ms)
✔ duplicate booking finalize returns before the Daily Operations writer (41.4994ms)
✔ Sheet Sync job outcomes record one deduped fact per job and outcome with a metric touch (1.9463ms)
✔ the drainer records Sheet Sync facts on synced and failed jobs, never on coalesced duplicates or deferrals (106.2127ms)
✔ completeCallLeadIngestion is the only Call Lead volume hook (79.5668ms)
✔ lead_created capture increments webhook class only (30.1941ms)
✔ priority_updated capture increments webhook class only (0.9391ms)
✔ Booked payload at capture increments class and booked once (26.3755ms)
✔ Release payload at capture increments class and release once (18.9563ms)
✔ Releas token classifies as release (32.7823ms)
✔ unclassified booking_status_changed increments class only (1.1683ms)
✔ granot.minted touches decisions.minted only and does not increment leads.* (45.1813ms)
✔ outcome card parent_receipt_id pairs to the receipt card (1.0949ms)
✔ linked outcome uses parent_receipt_id and decisions.linked (3.6827ms)
✔ synchronize conflict pending does not record granot.linked (0.5755ms)
✔ processor maps observe / pending_match / unmatched and skips mint/link (1.1634ms)
✔ intake opened increments intakes.opened; refresh does not (2.4943ms)
✔ process-time Booked increments booked only when capture did not classify (0.8593ms)
✔ Booked increments those buckets once when capture already classified (0.5385ms)
✔ dead letter uses exception:dead_letter:<receiptId> (0.5808ms)
✔ receipt kind and dedupe follow spec §14 (0.3397ms)
✔ captureChannelOperationReceipt is not a Daily Operations hook site (172.3091ms)
✔ createLeadFromGranot finalize records granot.minted after existing after-commit work (9.5156ms)
✔ synchronizeLeadFromGranot pending carries outcome and provenance (16.1145ms)
✔ logProcessingCompletion records observe/pending/unmatched when no lead finalize ran (81.6431ms)
✔ dead letter hook is the drainer entered seam, not the 202 path (86.4388ms)
✔ webhook capture hooks after persist and before return (85.3018ms)
✔ missing open day returns seeded zeros, not 404 (7.7291ms)
✔ sheet_sync touches increment the day and surface on the snapshot; pre-hook days read zero (2.5653ms)
✔ missing yesterday yields null totals so the UI can show a dash (2.0281ms)
✔ yesterday_by_now is hourly 0..currentNyHour, not the full yesterday (3.0585ms)
✔ day_before and day_before_by_now come from the third NY day; missing day is null (2.9521ms)
✔ every SOURCE_COMPANIES slug is present including zeros (1.6914ms)
✔ wordpress_form is a present key even when zero (0.9183ms)
✔ intakes.still_open and texts.held_now are live queries, not day increments (2.1621ms)
✔ GET snapshot does not mutate loaded day documents (34.2243ms)
✔ events cursor is occurred_at ISO plus event id, parsed at the last colon (0.851ms)
✔ events page is newest-first for the NY day and returns next_cursor (1.2395ms)
✔ test runner reports redis.configured false without constructing a client (1.0482ms)
{"level":"info","time":"2026-09-18T23:08:48.840Z","service":"vantage-main-server","env":"development","msg":"domain_command.applied","observability_level":"info","category":"admin","workflow":"canonical_domain_command","entity_id":"lead-admin"}
✔ [AC-21] command execution model has durable origin/idempotency uniqueness (2.9544ms)
✔ invalid command context fails before database access (1.6265ms)
✔ external ingestion rejects human executors and incomplete provenance (0.8928ms)
✔ [AC-21] four origins validate exactly; Granot and RingCentral identities cannot be client-forged (6.2662ms)
✔ [AC-21] replay returns stored applied result; checksum reuse conflicts; compatibility adapter is one-way (5.652ms)
✔ [AC-21] failed command leaves no successful execution outcome (0.9275ms)
✔ [AC-21] stable now and preallocated IDs survive a transaction callback retry (1.4208ms)
✔ [AC-32] observation_channel must agree with the initiator path (0.6613ms)
✔ [AC-21] compatibility API-secret and scoped-key system actors validate for vantage_admin (4.2502ms)
✔ owner idempotency key helper preserves the 8-200 printable envelope (0.9207ms)
✔ call-lead command validates DTO without an unsupported ingestion field (8.6249ms)
{"level":"info","time":"2026-09-18T23:08:48.842Z","service":"vantage-main-server","env":"development","msg":"domain_command.applied","observability_level":"info","category":"admin","workflow":"canonical_domain_command","entity_id":"lead-1","run_id":"run-1"}
{"level":"info","time":"2026-09-18T23:08:48.845Z","service":"vantage-main-server","env":"development","msg":"domain_command.replayed","observability_level":"info","category":"admin","workflow":"canonical_domain_command","entity_id":"lead-1","run_id":"run-1"}
{"level":"info","time":"2026-09-18T23:08:48.849Z","service":"vantage-main-server","env":"development","msg":"domain_command.applied","observability_level":"info","category":"admin","workflow":"canonical_domain_command","entity_id":"lead-retry","run_id":"run-1"}
{"level":"info","time":"2026-09-18T23:08:48.851Z","service":"vantage-main-server","env":"development","msg":"domain_command.applied","observability_level":"info","category":"admin","workflow":"canonical_domain_command","entity_id":"lead-secret"}
{"level":"info","time":"2026-09-18T23:08:48.852Z","service":"vantage-main-server","env":"development","msg":"domain_command.applied","observability_level":"info","category":"admin","workflow":"canonical_domain_command","entity_id":"lead-scoped"}
✔ [AC-21] transaction-bound internals do not open nested transactions or finalize Sheets (383.2754ms)
✔ canonical command modules do not depend on transport or Google adapters (266.0929ms)
✔ durable actor factories mint the fixed Granot and RingCentral identities (0.7589ms)
✔ [AC-32] existing write context factory hashes payload and never stores credentials (0.6292ms)
✔ [AC-32] v1 write routes enter existing adapters and do not patch models (31.8337ms)
✔ runExistingUpdateSourceOwnedLead still uses updateSourceOwnedLead and pending source_lead update (66.0667ms)
✔ [AC-32] existing write adapters persist Changes inside the executor and keep later commands disabled (24.0217ms)
﹣ [AC-21] [AC-32] replica existing write commits Command/Change/revision/outbox; replay and rollback do not (2.2082ms) # Replica-set proof requires TEST_MODE=true before process start.
✔ [AC-32] contact and address paths are reference_only; low-risk paths stay stored (3.2209ms)
✔ [AC-32] Change builders omit raw contact values and emit deterministic paths (22.8999ms)
✔ [AC-32] no-op field collection emits no Change descriptors (0.6482ms)
✔ FORM and CALL CHANGE_PATHS include no_sync so a flip is not a silent no-op (0.3553ms)
✔ collectDocumentFieldChanges reports no_sync when it flips and no-ops when unchanged (1.4177ms)
✔ existing write context maps an Owner extension user to an owner actor (31.5536ms)
✔ existing write context maps Owner plus Sales to an owner actor (0.6752ms)
✔ existing write context rejects sales extension user (1.2025ms)
✔ existing write context rejects customer_service extension user (0.3886ms)
✔ existing write context rejects sales+customer_service extension user (0.3147ms)
﹣ [AC-21] replica executor: exact stored-result replay, checksum conflict, and no second mutation (2.6946ms) # Replica-set proof is opt-in via GRANOT_LIFECYCLE_REPLICA_TESTS=true.
﹣ [AC-21] replica executor: same-key commit race has one winner and exact replay of the stored result (0.486ms) # Replica-set proof is opt-in via GRANOT_LIFECYCLE_REPLICA_TESTS=true.
﹣ [AC-21] replica executor: expected-revision loser is DOMAIN_REVISION_CONFLICT with no Decision/Command (0.7554ms) # Replica-set proof is opt-in via GRANOT_LIFECYCLE_REPLICA_TESTS=true.
﹣ [AC-32] replica executor: Receipt/Observation/Decision causal IDs persist; rollback leaves zero partial rows (0.3757ms) # Replica-set proof is opt-in via GRANOT_LIFECYCLE_REPLICA_TESTS=true.
﹣ [AC-21] replica executor: stable now and preallocated IDs survive callback retry (0.4864ms) # Replica-set proof is opt-in via GRANOT_LIFECYCLE_REPLICA_TESTS=true.
﹣ [AC-32] replica executor: persist failure rolls back Decision, aggregate, and Command (0.3792ms) # Replica-set proof is opt-in via GRANOT_LIFECYCLE_REPLICA_TESTS=true.
﹣ [AC-32] replica executor: post-commit finalize never runs on rollback (1.0612ms) # Replica-set proof is opt-in via GRANOT_LIFECYCLE_REPLICA_TESTS=true.
﹣ [AC-32] replica executor: no Sheet/queue/email/CRM call occurs before commit (0.5334ms) # Replica-set proof is opt-in via GRANOT_LIFECYCLE_REPLICA_TESTS=true.
✔ canonical JSON is stable across object insertion order (4.949ms)
✔ canonical JSON rejects unsupported values (1.0845ms)
✔ effective capability requires all three gates (1.575ms)
✔ provider failures classify and retry deterministically (1.0511ms)
✔ fenced in-memory leases reject stale epochs (0.9664ms)
✔ model-backed lease schema carries unique scope and fencing epoch (0.9682ms)
✔ run fake enforces status graph, lease fencing, and monotonic checkpoints (1.2679ms)
✔ system actors remain distinct and metadata is sanitized (0.9868ms)
✔ listBookingLeadReconciliationCases returns admin-facing summary fields (7.0638ms)
✔ getBookingLeadReconciliationCase returns detail fields consumed by admin (1.5606ms)
✔ searchBookingLeadCandidates returns compact case-aware results with a cursor (4.4286ms)
✔ searchBookingLeadCandidates Call q and contact filters include snapshot paths (4.2618ms)
✔ searchBookingLeadCandidates returns Granot and ingested contact snapshots (1.7356ms)
✔ dismissing an owner_booking pending case leaves the Booking Leadless (3.7047ms)
✔ reopenBookingLeadReconciliation guards status and live booking before rematch (1.0013ms)
✔ assembleEmployeeBookingOptions joins active granularities to active companies (9.0108ms)
✔ assembleEmployeeBookingOptions ignores unknown company ids (0.7139ms)
✔ candidate query detects the 26th matching lead instead of proving false uniqueness (9.933ms)
✔ candidate snapshots keep Granot and ingested contact for owner display (1.842ms)
✔ candidate query tags a unique Form Lead Job Number as job_no (1.7781ms)
✔ evaluateEmployeeBookingMatch auto-links a unique Call Lead Job Number (20.3114ms)
✔ evaluateEmployeeBookingMatch auto-links a unique Form Lead Job Number on form channel (0.8733ms)
✔ evaluateEmployeeBookingMatch treats two Call Leads with the same Job Number as multiple_matches (1.8711ms)
✔ evaluateEmployeeBookingMatch leaves same-phone no-job as pending no_match (0.9293ms)
✔ evaluateEmployeeBookingMatch never auto-links LID, email, or phone under Exact Job Booking Attach (0.7746ms)
✔ evaluateEmployeeBookingMatch never auto-links when candidate query overflowed (0.6449ms)
✔ evaluateEmployeeBookingMatch returns channel_conflict for opposite-channel-only Job Number (0.5793ms)
✔ evaluateEmployeeBookingMatch respects none policy (0.7766ms)
✔ evaluateEmployeeBookingMatch treats contradictory phone/name signals as a hard conflict (0.7887ms)
✔ evaluateEmployeeBookingMatch blocks Job Number and Phone pointing to different Leads (20.8804ms)
✔ evaluateEmployeeBookingMatch does not auto-link a different same-company granularity (0.8208ms)
✔ evaluateEmployeeBookingMatch rematch attaches only after a unique job appears (0.6652ms)
✔ test-mode migration apply remains available with --apply (2.39ms)
✔ production migration apply requires explicit confirmation (1.1006ms)
✔ test mode cannot apply to the production database without production confirmation (1.0138ms)
✔ production migration apply rejects an unexpected connected database (0.4458ms)
✔ production migration apply accepts explicit confirmation on the production database (0.4356ms)
✔ collectNormalizedCollisions groups normalized duplicates (3.3554ms)
✔ reportHasBlockingCollisions flags booking identity collisions (2.0011ms)
✔ submission collision preflight ignores bookings outside the partial unique index scope (0.4385ms)
✔ deriveTrustedOwnerActor rejects bare api secret actor (13.7133ms)
✔ deriveTrustedOwnerActor accepts trusted owner headers with primary secret (1.8164ms)
✔ deriveTrustedOwnerActor accepts owner users directly (0.4782ms)
✔ deriveTrustedOwnerActor rejects non-owner users and bare secrets (0.6342ms)
✔ assertExactWarningOverrides requires exact current overrideable warnings (1.1216ms)
✔ assertAllowedCaseAction allows only valid transitions (0.7356ms)
✔ assertLiveBookingState blocks cancelled and invalid booking states (0.9011ms)
✔ applyCursorFilter uses date plus id tie-break (7.3219ms)
✔ decodeDateIdCursor rejects malformed dates and object ids (0.9152ms)
{"level":"info","time":"2026-09-18T23:08:55.298Z","service":"vantage-main-server","env":"development","msg":"mongo.dns.servers_configured","servers":["8.8.8.8","1.1.1.1"]}
✔ cold rematch connects to Mongo before attempting a lease or model operation (75.3805ms)
✔ rematch snapshots Exact Job Booking Attach, not the retired five-rule list (126.8475ms)
✔ rematch evaluator attaches only when a unique Call Lead job appears (3.0505ms)
✔ call lead enrichment prefers source-compatible Job Number matches when the row has a Job Number (20.1573ms)
✔ call lead enrichment blocks sync when phone matches only across assigned source companies (4.2977ms)
✔ syncCallLeadEnrichment does not write when source match is conflict (3.1513ms)
✔ call lead enrichment can claim an unassigned phone-matched call lead source (2.8656ms)
✔ preview does not write live phone, name, or email (2.3397ms)
✔ conflicting stored Job Number is not overwritten (2.4205ms)
✔ row Job on Lead A plus Granot phone equal to Lead B ANI selects A (2.4759ms)
✔ contact-only Granot card diff is updateable (68.1025ms)
✔ preview phone rung does not query granot_contact_snapshot (0.9033ms)
✔ parseEnrichmentRow enriches valid cities while ignoring zero and comma placeholders (2.9035ms)
✔ AppError defaults to INTERNAL code and 500 status when no options are given (1.9739ms)
✔ AppError preserves code, statusCode, internalMessage, cause, and metadata from options (1.7527ms)
✔ AppError.toLog returns a safe, structured summary of public fields plus log-only context (0.5282ms)
✔ AppError.toLog omits cause/internalMessage/metadata when they are not provided (0.2932ms)
✔ AppError.toLog handles string causes and unserializable causes without throwing (0.395ms)
✔ AppError does NOT expose internalMessage or cause via its public message field (0.273ms)
✔ BadRequestError defaults to 400 and BAD_REQUEST code (2.4561ms)
✔ ValidationError defaults to 400 and VALIDATION code (1.6379ms)
✔ UnauthorizedError defaults to 401 and UNAUTHORIZED code (0.3861ms)
✔ NotFoundError defaults to 404 and NOT_FOUND code (0.3909ms)
✔ ConflictError defaults to 409 and CONFLICT code (0.4192ms)
✔ IntegrationError defaults to 502 and INTEGRATION code (0.299ms)
✔ subclasses allow callers to override the default statusCode without losing the code (0.3192ms)
✔ subclasses carry their constructor name (useful for log filters) (0.4342ms)
✔ subclasses are all instanceof AppError and Error (0.7353ms)
✔ createExtensionUser persists canonical roles and never returns the secret (4.8393ms)
✔ createExtensionUser rejects a duplicate email (1.5372ms)
✔ listExtensionUsers returns roles and dual-reads leftover employee (1.0932ms)
✔ toAdminExtensionUser dual-reads leftover employee as Sales plus Customer Service (0.4841ms)
✔ updateExtensionUser bumps token_version only on actual email, password, or roles change (1.6519ms)
✔ updateExtensionUser rejects a duplicate email with the create message (0.6312ms)
✔ updateExtensionUser returns not found for a missing id (0.7544ms)
✔ deleteExtensionUser removes the row so the email can be reused (0.7845ms)
✔ deleteExtensionUser returns not found for a missing id (0.5971ms)
✔ fetchDriveFileMetadata maps 404 distinctly from 403 access denied (7.5457ms)
✔ fetchDriveFileMetadata maps provider failures to integration errors (0.8659ms)
✔ Google refresh tokens round-trip through authenticated encryption (4.402ms)
✔ encrypted Google refresh tokens are bound to the owner identity (1.3824ms)
✔ OAuth state is stored as a deterministic SHA-256 digest (0.8562ms)
✔ Google Drive folder IDs can be read from IDs or shared URLs (2.0468ms)
✔ invalid Google Drive folder IDs are rejected (1.1175ms)
✔ a requested folder is created under the normalized configured parent (1.9791ms)
✔ public Google OAuth config excludes server secrets (3.7352ms)
✔ sanitized Google Drive connection status excludes configured owner email (0.7103ms)
✔ sanitized Google Drive connection status excludes refresh credentials (0.7259ms)
✔ Picker bootstrap allowlist rejects unexpected response fields (1.4339ms)
✔ reporting ownership marker round-trips and matches destination ID (0.7932ms)
✔ allowed OAuth scopes reject overgrant and extra scopes (2.7259ms)
✔ OAuth scope normalization is order-insensitive (1.8126ms)
✔ Google userinfo.email URI is treated as the email scope (0.3795ms)
✔ google drive owner auth accepts the signed owner admin proxy (7.2109ms)
✔ google drive owner auth rejects scoped API keys (2.0636ms)
✔ google drive owner auth accepts an allowlisted extra owner email (2.042ms)
✔ google drive owner auth rejects a signed owner outside the allowlist (1.9669ms)
✔ google drive owner auth requires signed owner matching configured identity (1.884ms)
✔ sanitized google drive API errors do not expose configured owner email (1.8653ms)
✔ callback failure logs use stable categories without provider text (0.8529ms)
✔ drive metadata validation rejects wrong mime types (2.9079ms)
✔ drive metadata validation rejects trashed files (1.0648ms)
✔ drive metadata validation rejects non-owned files (0.4144ms)
✔ picker nonce and selection references hash to stable digests (1.2884ms)
✔ invalid picker selection preserves nonce until metadata validates (9.1871ms)
✔ picker nonce replay is rejected after successful verification (2.5781ms)
✔ concurrent valid picker verifications issue at most one selection reference (3.9111ms)
✔ invalid selection reference metadata preserves reference until validation passes (21.5583ms)
✔ denylisted workbook preserves reference until denylist clears (6.5835ms)
✔ denylist configuration fails closed without consuming reference (2.2627ms)
✔ selection reference replay is rejected after successful consume (2.4226ms)
✔ concurrent valid selection reference consumes yield at most one winner (1.2828ms)
✔ extractStateCodeFromGoogleGeocodeResponse uses postal address state code (2.1922ms)
✔ extractStateCodeFromGoogleGeocodeResponse converts state component name (0.587ms)
✔ Form Lead that is not a Duplicate Lead expects Master Leads Forms (3.9934ms)
✔ Duplicate Form Lead expects Master Leads Duplicates (3.3191ms)
✔ Bad Lead expects the primary tab and Bad Leads (0.5733ms)
✔ Call Lead that is not a Duplicate Lead expects Master Leads Calls (0.6185ms)
✔ Duplicate Call Lead expects Master Leads Duplicate Calls (0.5122ms)
✔ Unmatched Call Lead is not expected on Master Leads (0.3931ms)
✔ ordinary No-Sync Form Lead skips Master Leads with no_sync (0.3498ms)
✔ ordinary No-Sync Call Lead skips Master Leads with no_sync (0.4138ms)
✔ No-Sync + Bad Lead still expects today's Bad tabs (0.3563ms)
✔ No-Sync + Duplicate Call Lead still expects Duplicate Calls (0.4279ms)
✔ Booking expects Master Booked Booked Deals (0.4511ms)
✔ Cancellation expects Master Booked Cancelled Deals (0.2842ms)
✔ formatDateOnly returns ISO date prefix (4.4414ms)
✔ formatTimestamp uses owner-facing UTC clock components (0.5524ms)
✔ booleanCell maps booleans to sheet strings (0.3245ms)
✔ localCell maps values to local/long_distance (0.263ms)
✔ optionalLocalCell returns empty string when blank (0.5362ms)
✔ bookedCell, bookedDateCell, cancelledCell, quotedCell map booleans to labels (1.9897ms)
✔ overThresholdCell returns label or blank (0.3364ms)
✔ formatNumber stringifies finite numbers and elides null/undefined/NaN (0.9132ms)
✔ primaryBookingAgent returns first agent name snapshot (0.4823ms)
✔ splitCell only flags true splits when there are at least two named allocations with non-zero amounts (0.5863ms)
✔ formLeadToRow projects fields in the documented header order (1.8477ms)
✔ formLeadToRow defaults missing ref_no to 'not provided' (0.3941ms)
✔ lead projections use exact GetMovers source labels (0.6163ms)
✔ formLeadToRow clears booking reporting columns after booking deletion (0.3446ms)
✔ callLeadToRow projects fields in the documented header order (0.3802ms)
✔ callLeadToRow clears booking reporting columns after booking deletion (0.3221ms)
✔ bookedLeadToRow projects allocations, customer, and lead ref (0.8968ms)
✔ bookedLeadToRow writes form source label from canonical slug (0.379ms)
✔ bookedLeadToRow writes call source label from canonical slug (0.3322ms)
✔ bookedLeadToRow resolves legacy source labels before writing (0.2601ms)
✔ bookedLeadToRow projects referral customer name and blank lead ref (23.0104ms)
✔ bookedLeadToRow projects leadless booking source label and blank lead ref (0.5069ms)
✔ cancelledLeadToRow projects cancellation fields (1.3392ms)
✔ cancelledLeadToRow leaves cancel_date blank when missing (0.3622ms)
✔ rowsFromValues maps Mongo ID cells and keeps evidence columns (3.0769ms)
✔ found Form Lead returns Master Leads Forms evidence and a sheet link (6.1866ms)
✔ missing Form Lead stays missing and can attach an open Sheet Sync job (0.8463ms)
✔ Form Lead on Duplicates when Forms was expected is wrong_tab (0.8465ms)
✔ unmatched Call Lead is not_expected and does not read tabs (0.8413ms)
✔ ordinary No-Sync Form Lead is not_expected and does not read tabs (39.4711ms)
✔ ordinary No-Sync Call Lead is not_expected and does not read tabs (1.1638ms)
✔ No-Sync + Bad Lead uses today's Bad expected tabs, not the no_sync skip (16.3277ms)
✔ No-Sync + Duplicate Call Lead uses today's Duplicate Calls tab, not the no_sync skip (6.8164ms)
✔ ordinary Call missing from Calls is still missing (19.0116ms)
✔ unknown Mongo id is not_found (0.5296ms)
✔ Bad Lead found on Forms but missing Bad Leads is still found with a missing tab (0.7244ms)
✔ Booking found on Booked Deals (0.6084ms)
✔ preserves request order and dedupes ids (0.6657ms)
✔ ensureTabsAndHeaders expands an undersized existing grid without shrinking it (5.0157ms)
✔ Master Leads provisions a dedicated Duplicate Calls tab (2.0904ms)
✔ Duplicate Calls tab reuses the Calls headers (1.0756ms)
✔ duplicate-call sync targets resolve to the Calls headers (0.4237ms)
✔ duplicate-call master target ensures the Master Leads tab set (0.5452ms)
✔ Master Leads provisions Bad Leads with form headers (0.3589ms)
✔ Bad Leads master target ensures the Master Leads tab set (0.3003ms)
✔ buildGranotCrmCsvObjectKeys creates latest/meta/history paths (2.8765ms)
✔ buildRegistryKey follows CRM origin host (0.6537ms)
✔ parseGranotCsv normalizes headers and skips total rows (4.1676ms)
✔ [AC-03] form identity vocabulary excludes lids while allowing Mongo id as a secondary lookup (5.5043ms)
✔ [AC-03] form planning gives exact FormLead.ref_no priority over every fallback (2.9029ms)
✔ exact identity wins but surfaces a source-company mismatch warning (0.9723ms)
✔ duplicate exact FormLead.ref_no candidates are a conflict (1.2086ms)
✔ [AC-03] form planning falls back only after FormLead.ref_no has no match (2.7735ms)
✔ [AC-03] form planning resolves an ObjectId ref_no only after exact field lookup misses (1.1885ms)
✔ fallback ties resolve by source company then quoted prior (0.6806ms)
✔ fallback refuses a sole candidate from a different source company (0.7226ms)
✔ fallback does not select a lead from name alone (0.6364ms)
✔ fallback scores only candidates that pass the source-company gate (0.7489ms)
✔ form patch has extension parity and fills only missing locations (1.1315ms)
✔ [AC-33] form planning labels Booked Jobs and Follow Up sections separately (0.7666ms)
✔ apply deployment gate is explicit (0.5104ms)
✔ form patch never overwrites an existing receiver (0.4168ms)
✔ source report parsing returns both Granot lead sections with job numbers (224.1754ms)
✔ source report parsing finds Granot's nested tables after centered headings (13.0927ms)
✔ content hashes ignore per-login Granot session tokens (105.0401ms)
✔ collected rows map to existing call-lead endpoint payloads (45.714ms)
✔ call-lead payloads never expose or interpret Granot ref_no (8.4064ms)
✔ collector follows the Granot report flow and records absent sources (74.3211ms)
✔ collector retries the full flow when the source page expires the session (56.8306ms)
✔ collector rejects impossible date windows before contacting Granot (2.1466ms)
✔ [AC-33] Form Follow Up statement keeps raw Priority, separate user/rep, and location aliases (6.1115ms)
✔ [AC-33] Form Booked statement is booking_action_apply with raw Booked evidence (1.4351ms)
✔ [AC-33] Call enrichment statement does not collapse user/rep (0.5417ms)
✔ [AC-33] Call Booked statement keeps raw Booked and does not infer Release (0.4502ms)
✔ [AC-02] oversized ${run_id}:${action_id} is rejected before plan lock (1.2074ms)
✔ [AC-02] schema-v1 plans fail closed as RUN_REPLAN_REQUIRED (0.5273ms)
✔ [AC-02] sealing a collected plan stores schema v2 lifecycle_apply before checksum (1.2124ms)
✔ pending lifecycle outcomes keep the run applying (0.476ms)
✔ run-group creation inserts two correlated compatible queued children (67.7956ms)
✔ run-group validation completes before any child insertion (1.554ms)
✔ call plan previews convert Mongo ObjectIds before checksumming (3.8484ms)
✔ form expected filters do not cast empty strings as ObjectIds (0.5247ms)
✔ [AC-02] applyRun has no runtime path to legacy Form/Call/Booked mutation services (175.8147ms)
✔ source IDs canonicalize case before lookup and duplicate validation (5.1416ms)
✔ source partitioning keeps only compatible IDs in each child snapshot (0.9558ms)
✔ [AC-38] unavailable resolve issues keep INVALID_GRANOT_SOURCES and per-source codes (0.3898ms)
✔ run-group resolve asks each source only for operations its Registry routes permit (0.7687ms)
✔ a source with no matching Registry route still fails the asked operation (0.5656ms)
✔ [AC-38] resolve never treats label or supported_operations as semantic authority (0.4566ms)
✔ source partitioning rejects an empty selected workflow (0.3803ms)
﹣ [AC-21] replica CAS: one winner increments once; loser is DOMAIN_REVISION_CONFLICT (2.059ms) # Replica-set proof is opt-in via GRANOT_LIFECYCLE_REPLICA_TESTS=true.
✔ [AC-21] CAS primitive requires { _id, domain_revision } and names DOMAIN_REVISION_CONFLICT (3.9998ms)
✔ [AC-37][AC-38] Unit 30 rollout alert codes stay frozen (4.5656ms)
✔ [AC-37] oldest due fires only after 15 minutes plus 10 minutes continuity (2.7964ms)
✔ [AC-31] insufficient data never recovers an active alert (0.4225ms)
✔ [AC-37] any current dead letter fires and zero is ok (0.5321ms)
✔ [AC-37] capture 503 and claim-recovery windows use exact thresholds (0.5311ms)
✔ [AC-31] empty p95 and source-rate samples are insufficient_data, not success (0.3163ms)
✔ [AC-31] p95 uses deterministic nearest-rank and the 10-minute threshold (0.4373ms)
✔ [AC-38] RingCentral lease and enabled-source ambiguity rate stay bounded (0.7793ms)
✔ [AC-37] repeated evaluation does not fan out: only open/clear transitions emit (0.3646ms)
✔ [AC-05] planner conversion keeplisted Priority/Quoted/move paths and drops derived metadata (25.1299ms)
✔ [AC-05] quoted:false is rejected and no write path sets it false (1.1595ms)
✔ snapshot-only Call plan converts and keeps live phone off contact_changed_paths (0.6864ms)
✔ [AC-10] [AC-12] contact leaves stay on current-contact paths; snapshot is not a contact leaf (0.394ms)
✔ [AC-11] FormLead destination_zip is allowed and CallLead delivery_zip is required instead (0.5451ms)
✔ [AC-32] forbidden metadata, extra paths, and unsorted path lists are rejected (2.7523ms)
✔ [AC-32] contact hash is stable and omits values from the checksum helper output (5.5519ms)
﹣ [AC-02] concurrent automation operation ID + same hash yields one receipt (2.6968ms) # Replica-set proof requires TEST_MODE=true before process start.
﹣ [AC-02] concurrent automation operation ID + different hash has one winner and 409 (0.7585ms) # Replica-set proof requires TEST_MODE=true before process start.
﹣ [AC-02][AC-33] automation apply captures one receipt, replays it, and writes zero forbidden collections (0.6554ms) # Replica-set proof requires TEST_MODE=true before process start.
✔ [AC-02][AC-33] automation apply captures granot_http_automation then claimAndProcessOrPoll (31.1562ms)
✔ [AC-02] exact replay returns the stored terminal receipt without another capture (0.7062ms)
✔ [AC-02] accepted_for_processing yields a nonterminal receipt for the same operation ID (0.4916ms)
✔ pending_match stays accepted_for_processing until a terminal Decision exists (0.4657ms)
✔ dead-lettered receipts become bounded technical_failure (0.9413ms)
✔ processing disabled leaves the durable receipt recoverable (0.4589ms)
✔ [AC-38] missing automation reference is visible and unavailable for apply (2.0121ms)
✔ [AC-38] invalid referenced Registry row is missing_reference, not a label fallback (1.2187ms)
✔ [AC-38] multiple normalized Registry matches make the automation source ambiguous (0.457ms)
✔ [AC-38] disabled, lifecycle-disabled, or deferred Registry rows cannot be applied (0.3604ms)
✔ [AC-38] Call routes cannot satisfy a form_leads apply selection (0.3908ms)
✔ [AC-09] ready Form policy permits form_leads and never uses supported_operations as authority (1.4901ms)
﹣ [AC-21][AC-22][AC-23][AC-32] replica confirm is atomic, replay-safe, exact, and source-preserving (3.1645ms) # Replica-set proof requires TEST_MODE=true before process start.
﹣ [AC-22][AC-23] inactive catalog failure leaves the whole effect set invisible (0.7706ms) # Replica-set proof requires TEST_MODE=true before process start.
﹣ [AC-21] simultaneous confirms produce one winner and no duplicate effects (0.4459ms) # Replica-set proof requires TEST_MODE=true before process start.
﹣ [AC-20][AC-21][AC-24][AC-32] replica update fully replaces official fields with one causal chain (0.6567ms) # Replica-set proof requires TEST_MODE=true before process start.
﹣ [AC-20][AC-21][AC-32] replica No Action resolves only case and Command with exact replay (0.7029ms) # Replica-set proof requires TEST_MODE=true before process start.
﹣ [AC-24][AC-32] replica update rolls back atomically after every persisted write boundary (0.8697ms) # Replica-set proof requires TEST_MODE=true before process start.
﹣ [AC-21] replica update versus No Action has one case-revision winner (0.57ms) # Replica-set proof requires TEST_MODE=true before process start.
﹣ Confirm omit selected_lead with unique high suggestion attaches and queues booking_chain (0.6407ms) # Replica-set proof requires TEST_MODE=true before process start.
﹣ Confirm omit selected_lead with medium-only suggestion creates a Leadless Booking (0.5534ms) # Replica-set proof requires TEST_MODE=true before process start.
﹣ Confirm Owner-selected medium attaches that Lead (0.5732ms) # Replica-set proof requires TEST_MODE=true before process start.
﹣ Confirm lost claim fails closed and does not fall through to Leadless (0.4222ms) # Replica-set proof requires TEST_MODE=true before process start.
﹣ Update Existing Booking on a Granot Leadless Booking writes official fields and Master Booked only (0.5033ms) # Replica-set proof requires TEST_MODE=true before process start.
▶ selectBookingIntakeLatestAction
  ✔ returns undefined for empty evidence (1.6043ms)
  ✔ returns priority_5 when that is the only action (0.4395ms)
  ✔ ignores priority_5 when booked or release evidence exists (0.2839ms)
  ✔ selects the temporally latest booked or release action (0.6059ms)
  ✔ tie-breaks same captured_at with higher Observation id hex (0.3098ms)
✔ selectBookingIntakeLatestAction (6.6908ms)
﹣ [AC-R9] Confirm Cancellation succeeds only for AC-R3 posture and replays (2.7875ms) # Replica-set proof requires TEST_MODE=true before process start.
﹣ [AC-R9] create-missing + latest Release writes no Cancellation (2.1274ms) # Replica-set proof requires TEST_MODE=true before process start.
﹣ [AC-R9] latest Booked on review mode is GRANOT_CASE_REVISION_CONFLICT and writes no Cancellation (0.4923ms) # Replica-set proof requires TEST_MODE=true before process start.
﹣ [AC-R9] booking commands disabled is POLICY_BLOCKED even when release command flags are true (0.4437ms) # Replica-set proof requires TEST_MODE=true before process start.
﹣ [AC-RRF-01][AC-RRF-06] Release-first Referral review No Action closes the case only (1.5422ms) # Replica-set proof requires TEST_MODE=true before process start.
﹣ [AC-RRF-02] Release-first Referral review Update keeps one Booking (0.6794ms) # Replica-set proof requires TEST_MODE=true before process start.
﹣ [AC-RRF-03] Release-first review latest Booked Cancel is GRANOT_CASE_REVISION_CONFLICT (1.5901ms) # Replica-set proof requires TEST_MODE=true before process start.
﹣ [AC-RRF-03] Release-first review latest Release Cancel creates Cancellation without a Lead (0.8115ms) # Replica-set proof requires TEST_MODE=true before process start.
﹣ [AC-RRF-05] Release-first Referral review dead Registry is GRANOT_POLICY_BLOCKED (0.6501ms) # Replica-set proof requires TEST_MODE=true before process start.
﹣ [AC-RRF-01] Release-first Referral review job mismatch or pre-activation is GRANOT_IDENTITY_CONFLICT (0.5889ms) # Replica-set proof requires TEST_MODE=true before process start.
▶ assertBookingIntakeCancelAllowed
  ✔ allows open review_existing_booking with latest Release (4.5367ms)
  ✔ rejects create_missing_booking even when latest action is Release (1.1967ms)
  ✔ rejects create_referral_booking even when latest action is Release (0.4931ms)
  ✔ rejects review_existing_booking when latest action is Booked (0.4303ms)
  ✔ rejects a resolved review case even when latest action is Release (0.3281ms)
✔ assertBookingIntakeCancelAllowed (13.8175ms)
▶ isAcceptedReferralPolicyAction
  ✔ [AC-RRF-01] review_existing_booking + first action release → accept (1.894ms)
  ✔ [AC-RRF-02] review_existing_booking + first action booked → accept (0.4127ms)
  ✔ [AC-RRF-01] create_referral_booking + first action booked → accept (0.3075ms)
  ✔ [AC-RRF-01] first action priority_5 / missing / unknown / empty → reject (0.2983ms)
✔ isAcceptedReferralPolicyAction (3.4828ms)
✔ [AC-P1] Priority 5 then Booked selects the preceding Priority Update (36.3215ms)
✔ [AC-P2] Booked that carries Priority 5 with no preceding Priority Update (0.6747ms)
✔ [AC-P3] Booked without valid canonical 5 is booked_without_priority_5 (1.381ms)
✔ [AC-P4] later Priority 5 is read-time only and does not become preceding (0.5905ms)
✔ equal temporal tuple is neither preceding nor later (0.5038ms)
✔ other jobs are ignored and lead_created Priority 5 is not preceding (0.6875ms)
✔ latest older Priority 5 wins when several precede Booked (0.6619ms)
✔ throws without a Booked creating Observation or Job Number (1.1668ms)
✔ isCanonicalPriorityFive requires valid canonical 5 (0.4662ms)
✔ wire and list projections keep IDs, times, route, and Priority only (3.9153ms)
﹣ [AC-28][AC-32] replica simultaneous Referral evidence opens one lead-free case and preserves Decision source policy (2.847ms) # Replica-set proof requires TEST_MODE=true before process start.
﹣ [AC-18][AC-20][AC-32][AC-36] replica races converge, replay dedupes, and resolved rows advance max+1 (0.7551ms) # Replica-set proof requires TEST_MODE=true before process start.
﹣ [AC-20] replica candidate refresh splits owner and evidence revisions (0.4916ms) # Replica-set proof requires TEST_MODE=true before process start.
﹣ [AC-20][AC-32] replica transaction rolls back case create, refresh, and Decision failures (6.2187ms) # Replica-set proof requires TEST_MODE=true before process start.
﹣ [AC-P8] replica persists pairing on Booked open, replay is a no-op, later Priority 5 does not write (0.5915ms) # Replica-set proof requires TEST_MODE=true before process start.
﹣ [AC-R1] replica later Releas appends Release evidence on the same open Booked case (0.4525ms) # Replica-set proof requires TEST_MODE=true before process start.
﹣ [AC-R2] replica Releas first opens create-missing; later Booked refreshes the same case (0.4215ms) # Replica-set proof requires TEST_MODE=true before process start.
﹣ [AC-R7] replica later Releas after resolve opens sequence+1 create-missing; no Release case (0.403ms) # Replica-set proof requires TEST_MODE=true before process start.
﹣ [AC-R7] replica later Releas after resolve opens sequence+1 review when Booking is still active (0.4558ms) # Replica-set proof requires TEST_MODE=true before process start.
﹣ [AC-R8] replica exact Release Observation replay is a no-op (0.561ms) # Replica-set proof requires TEST_MODE=true before process start.
{"level":"info","time":"2026-09-18T23:09:21.912Z","service":"vantage-main-server","env":"development","msg":"granot_lifecycle.booking_case.opened","observability_level":"info","category":"booking","workflow":"granot_booking_reconciliation"}
✔ [AC-35] candidate browser preserves source scope metadata and override warning (24.0399ms)
▶ Booking Reconciliation classification
  ✔ [AC-18] Priority 5 never opens or refreshes a Booking case (15.8588ms)
  ✔ [AC-18a] Referral Priority 5 only remains not_booking_evidence (0.9168ms)
  ✔ [AC-19] actual Booked opens create-missing or review-existing and never treats ambiguity as no-case (0.7032ms)
  ✔ [AC-28][AC-39] delegates employee work, routes cancellation, and owns Referral cases (0.8327ms)
  ✔ [AC-40] excludes Bad/Duplicate or ambiguous suggestions (0.6215ms)
  ✔ [AC-18][AC-19] projects only canonical eligible candidates and bounds refresh to 24 hours (0.9167ms)
✔ Booking Reconciliation classification (21.0634ms)
▶ Booking Reconciliation persistence
  ✔ [AC-19] atomically opens one create-missing case with causal evidence and Decision (10.879ms)
  ✔ does not increment booked again when capture already classified Booked (2.1343ms)
  ✔ [AC-20] refreshes new evidence without staling case revision and dedupes Observation replay (3.4387ms)
  ✔ Observation replay does not increment Daily Operations intake again (2.9546ms)
  ✔ [AC-28] opens and refreshes a Referral case without Source Scope or Lead suggestion (2.5341ms)
  ✔ [AC-20] allocates next sequence after a resolved case and never reopens it (2.9739ms)
  ✔ [AC-P1][AC-P8] persists Booked pairing snapshot, replay is a no-op, later Priority 5 does not write (2.2859ms)
  ✔ [AC-P1] persist snapshot is priority_5_then_booked and evidence is Booked only (1.9572ms)
  ✔ [AC-P5] Releas/Release with no official Booking opens a booked booking case with release evidence (1.2924ms)
  ✔ [AC-R1] later Releas appends Release evidence on the same open Booked case (2.6491ms)
  ✔ [AC-R2] Releas first opens create-missing; later Booked refreshes the same case (2.6386ms)
  ✔ [AC-R3] official active Booking + Releas opens review_existing_booking with release evidence (1.6851ms)
  ✔ [AC-R4] officially cancelled Booking + Releas is already_current and writes no booking case (0.6328ms)
  ✔ [AC-R5] officially cancelled Booking + Booked still opens booked_after_official_cancellation (1.8509ms)
  ✔ [AC-R6] identity conflict on Release opens a release_* discrepancy and no booking case (1ms)
  ✔ [AC-P2][AC-P3][AC-P4] second Booked refreshes evidence and pairing snapshot (1.9941ms)
  ✔ [AC-39] fails closed when expected employee reconciliation work is absent (0.6492ms)
  ✔ actual Booked on a Granot official Leadless Booking opens review_existing_booking (1.0651ms)
✔ Booking Reconciliation persistence (46.4612ms)
{"level":"info","time":"2026-09-18T23:09:21.917Z","service":"vantage-main-server","env":"development","msg":"granot_lifecycle.booking_case.opened","observability_level":"info","category":"booking","workflow":"granot_booking_reconciliation"}
{"level":"info","time":"2026-09-18T23:09:21.919Z","service":"vantage-main-server","env":"development","msg":"granot_lifecycle.booking_case.opened","observability_level":"info","category":"booking","workflow":"granot_booking_reconciliation"}
{"level":"info","time":"2026-09-18T23:09:21.920Z","service":"vantage-main-server","env":"development","msg":"granot_lifecycle.booking_case.refreshed","observability_level":"info","category":"booking","workflow":"granot_booking_reconciliation"}
{"level":"info","time":"2026-09-18T23:09:21.923Z","service":"vantage-main-server","env":"development","msg":"granot_lifecycle.booking_case.opened","observability_level":"info","category":"booking","workflow":"granot_booking_reconciliation"}
{"level":"info","time":"2026-09-18T23:09:21.924Z","service":"vantage-main-server","env":"development","msg":"granot_lifecycle.booking_case.refreshed","observability_level":"info","category":"booking","workflow":"granot_booking_reconciliation"}
{"level":"info","time":"2026-09-18T23:09:21.926Z","service":"vantage-main-server","env":"development","msg":"granot_lifecycle.booking_case.opened","observability_level":"info","category":"booking","workflow":"granot_booking_reconciliation"}
{"level":"info","time":"2026-09-18T23:09:21.926Z","service":"vantage-main-server","env":"development","msg":"granot_lifecycle.booking_case.refreshed","observability_level":"info","category":"booking","workflow":"granot_booking_reconciliation"}
{"level":"info","time":"2026-09-18T23:09:21.928Z","service":"vantage-main-server","env":"development","msg":"granot_lifecycle.booking_case.opened","observability_level":"info","category":"booking","workflow":"granot_booking_reconciliation"}
{"level":"info","time":"2026-09-18T23:09:21.929Z","service":"vantage-main-server","env":"development","msg":"granot_lifecycle.booking_case.opened","observability_level":"info","category":"booking","workflow":"granot_booking_reconciliation"}
{"level":"info","time":"2026-09-18T23:09:21.931Z","service":"vantage-main-server","env":"development","msg":"granot_lifecycle.booking_case.opened","observability_level":"info","category":"booking","workflow":"granot_booking_reconciliation"}
{"level":"info","time":"2026-09-18T23:09:21.932Z","service":"vantage-main-server","env":"development","msg":"granot_lifecycle.booking_case.refreshed","observability_level":"info","category":"booking","workflow":"granot_booking_reconciliation"}
{"level":"info","time":"2026-09-18T23:09:21.934Z","service":"vantage-main-server","env":"development","msg":"granot_lifecycle.booking_case.opened","observability_level":"info","category":"booking","workflow":"granot_booking_reconciliation"}
{"level":"info","time":"2026-09-18T23:09:21.935Z","service":"vantage-main-server","env":"development","msg":"granot_lifecycle.booking_case.opened","observability_level":"info","category":"booking","workflow":"granot_booking_reconciliation"}
{"level":"info","time":"2026-09-18T23:09:21.937Z","service":"vantage-main-server","env":"development","msg":"granot_lifecycle.booking_case.opened","observability_level":"info","category":"booking","workflow":"granot_booking_reconciliation"}
{"level":"info","time":"2026-09-18T23:09:21.938Z","service":"vantage-main-server","env":"development","msg":"granot_lifecycle.booking_case.refreshed","observability_level":"info","category":"booking","workflow":"granot_booking_reconciliation"}
{"level":"info","time":"2026-09-18T23:09:21.940Z","service":"vantage-main-server","env":"development","msg":"granot_lifecycle.booking_case.opened","observability_level":"info","category":"booking","workflow":"granot_booking_reconciliation"}
{"level":"info","time":"2026-09-18T23:09:21.941Z","service":"vantage-main-server","env":"development","msg":"granot_lifecycle.booking_case.refreshed","observability_level":"info","category":"booking","workflow":"granot_booking_reconciliation"}
{"level":"info","time":"2026-09-18T23:09:21.943Z","service":"vantage-main-server","env":"development","msg":"granot_lifecycle.booking_case.opened","observability_level":"info","category":"booking","workflow":"granot_booking_reconciliation"}
{"level":"info","time":"2026-09-18T23:09:21.948Z","service":"vantage-main-server","env":"development","msg":"granot_lifecycle.booking_case.opened","observability_level":"info","category":"booking","workflow":"granot_booking_reconciliation"}
{"level":"info","time":"2026-09-18T23:09:21.948Z","service":"vantage-main-server","env":"development","msg":"granot_lifecycle.booking_case.refreshed","observability_level":"info","category":"booking","workflow":"granot_booking_reconciliation"}
{"level":"info","time":"2026-09-18T23:09:21.950Z","service":"vantage-main-server","env":"development","msg":"granot_lifecycle.booking_case.opened","observability_level":"info","category":"booking","workflow":"granot_booking_reconciliation"}
✔ [AC-01][AC-35] capture writes a complete v2 webhook receipt with proven auth and no later fields (7.626ms)
✔ [AC-01][AC-35] header allowlist keeps only the five bounded names (1.664ms)
✔ [AC-02][AC-35] hashes the credential-redacted payload after allowlisting headers (1.3259ms)
✔ [AC-02] identical webhook deliveries stay distinct receipts and may share the diagnostic hash (1.6833ms)
✔ [AC-01] capture refuses an unproven authentication method before persist (1.8191ms)
✔ [AC-02][AC-33][AC-35] extension channel capture stores one browser_extension receipt and redacts credentials (1.5604ms)
✔ [AC-02] same extension operation ID + same hash replays the existing receipt (1.2215ms)
✔ [AC-02] same extension operation ID + different hash is GRANOT_OPERATION_IDEMPOTENCY_CONFLICT (1.2298ms)
✔ webhook capture records a Daily Operations receipt fact after persist (1.4142ms)
✔ booking_status_changed Booked payload records granot.booked at capture (1.3937ms)
✔ identical webhook deliveries increment Daily Operations once per receipt (1.3151ms)
✔ extension channel capture does not record a Daily Operations fact (0.9604ms)
✔ Booked webhook capture increments class and booked once (0.8868ms)
✔ unclassified booking_status_changed increments class only (1.3378ms)
✔ channel capture replay does not increment Daily Operations (1.0653ms)
✔ [AC-02] automation channel capture stores one granot_http_automation receipt (0.6571ms)
✔ [AC-02] same automation operation ID + different kind is GRANOT_OPERATION_IDEMPOTENCY_CONFLICT (1.1924ms)
✔ Owner selected_lead attaches even when the suggestion is medium (2.958ms)
✔ no selected_lead and a unique high suggestion auto-attaches (0.5657ms)
✔ no selected_lead and a medium-only suggestion stays Leadless (0.3236ms)
✔ no selected_lead and no suggestion stays Leadless (0.2946ms)
✔ source_scoped_contact never auto-attaches even if confidence were high (0.442ms)
✔ Sheet intents distinguish attached Confirm from Leadless Confirm and Update (0.542ms)
✔ Referral is not a Granot official Leadless Booking (0.7582ms)
﹣ Connect happy path attaches the Lead, writes EntityChange, and queues booking_chain (8.522ms) # Replica-set proof is opt-in via GRANOT_LIFECYCLE_REPLICA_TESTS=true.
﹣ Connect already_satisfied on the exact same Lead writes no new Change (0.6263ms) # Replica-set proof is opt-in via GRANOT_LIFECYCLE_REPLICA_TESTS=true.
﹣ Connect exact Idempotency-Key replay returns the durable result (0.3636ms) # Replica-set proof is opt-in via GRANOT_LIFECYCLE_REPLICA_TESTS=true.
﹣ Connect rejects Referral, cancelled, already-booked Lead, and stale revision (0.4019ms) # Replica-set proof is opt-in via GRANOT_LIFECYCLE_REPLICA_TESTS=true.
﹣ Connect flag-off is POLICY_BLOCKED (0.3184ms) # Replica-set proof is opt-in via GRANOT_LIFECYCLE_REPLICA_TESTS=true.
✔ Connect sheet intent is booking_chain / booked_lead.connect_lead (3.3145ms)
✔ only Granot official Leadless Bookings without an open case are connectable (0.5086ms)
✔ Connect rejects owner_booking and employee_booking Leadless and any open case (0.6927ms)
✔ Eligible Connect Leads exclude Duplicate, Bad, cancelled, booked, and unmatched Call Leads (0.5221ms)
✔ Source assignment prefers Record Link scope, then employee snapshot, then booking source slug (0.6091ms)
✔ Lead matches booking source on company id, granularity, or slug (0.3785ms)
✔ evaluateConnectPreconditions attaches an eligible unbooked Lead (0.3924ms)
✔ already_satisfied when the Booking already has this exact Lead (0.3568ms)
✔ IDENTITY_CONFLICT when the Booking already has a different Lead (0.3642ms)
✔ IDENTITY_CONFLICT when another Booking already owns the Lead (0.4724ms)
✔ Referral, cancelled, Duplicate, Bad, and unmatched Call Leads are rejected (2.1856ms)
✔ stale booking revision fails closed (0.31ms)
✔ out-of-scope without override is rejected; with reason it connects (0.5413ms)
✔ empty Connect q does not dump the book (12.5856ms)
✔ Connect Form q hits snapshot paths and omits ineligible Leads (7.3133ms)
✔ Connect Call q hits snapshot paths and excludes unmatched Call Leads (2.9324ms)
✔ Connect Call q for Granot-only phone hits snapshot phone paths (1.6936ms)
✔ Connect candidates fail closed on Referral, cancelled, and open-case Bookings (2.162ms)
﹣ [AC-08] replica concurrent same-Observation replay commits one atomic Form creation chain (26.578ms) # Replica-set proof requires TEST_MODE=true before process start.
﹣ [AC-08][AC-09] replica Call phone is pending, Job-only is not_applicable, and fabricates no telephony (1.1326ms) # Replica-set proof requires TEST_MODE=true before process start.
﹣ [AC-08] replica Call creation rejects missing or multiple active route assignments (0.7499ms) # Replica-set proof requires TEST_MODE=true before process start.
﹣ [AC-07][AC-08] replica competing scoped Call phone identity creates nothing (0.5982ms) # Replica-set proof requires TEST_MODE=true before process start.
﹣ Race A: existing RingCentral Call Lead synchronizes even with adoption off (0.6413ms) # Replica-set proof requires TEST_MODE=true before process start.
﹣ [AC-08] replica exact replay returns stored refs; checksum conflict creates no partial state (0.4763ms) # Replica-set proof requires TEST_MODE=true before process start.
﹣ [AC-08] replica rollback after reserved-link identity race leaves zero orphan effects (0.45ms) # Replica-set proof requires TEST_MODE=true before process start.
﹣ [AC-07][AC-08] replica concurrent same-job writers keep one Lead and one active link (0.463ms) # Replica-set proof requires TEST_MODE=true before process start.
﹣ [AC-07][AC-08] replica processor race replans the loser through Unit 18 (0.59ms) # Replica-set proof requires TEST_MODE=true before process start.
﹣ [AC-08] replica rolls back Lead/link/Change/Decision/Command/outbox stage failures (0.7395ms) # Replica-set proof requires TEST_MODE=true before process start.
✔ [AC-08] idempotency key is observation-scoped and stable (4.0851ms)
✔ [AC-08] checksum covers Observation, model, source-scope, policy version, and creation semantics (3.3546ms)
✔ [AC-08] checksum never includes raw transport envelope or secret-bearing headers (0.8774ms)
✔ [AC-08] command envelope rejects invalid Observation, missing provenance, and wrong idempotency key (3.531ms)
✔ create_if_missing SMS handoff requires the resolved Lead Source ID from source_scope (0.864ms)
✔ observation-load create guard allows lead_created only (0.3324ms)
✔ command rejects priority_updated even for Call create_if_missing (0.3597ms)
✔ executeCreation requested_effect stays lead_created (2.0676ms)
✔ both Granot phone-fence sites run without the adoption flag; Job-only still skips (1.3914ms)
✔ booking intake selection prefers the latest Booked evidence (3.5575ms)
✔ booking intake selection falls back to the latest creating evidence (0.533ms)
✔ booking intake selection prefers latest Release when the case has only Release evidence (0.4456ms)
✔ booking intake selection prefers Booked when Booked and Release evidence both exist (0.4669ms)
✔ booking intake creating observation returns the credential-redacted Booked statement (5.7906ms)
✔ booking intake creating observation is absent for missing booking cases (1.0306ms)
✔ [AC-P1] creating observation includes pairing and the preceding Priority 5 snapshot (1.633ms)
✔ [AC-P3] Booked-without-5 still returns 200 with the Booked statement and no paired snapshot (0.7516ms)
✔ Release-only booking case creating observation is preferred_release with null pairing (1.9403ms)
✔ Booked plus Release booking case creating observation stays preferred_booked (1.1366ms)
✔ [AC-P6] historical Priority-5-only remains latest_creating with null pairing (0.5557ms)
✔ cancellation intake selection prefers the latest Release evidence (0.4237ms)
✔ cancellation intake creating observation returns the credential-redacted Release statement (0.9892ms)
✔ intake creating observation uses the booking statement when both collections could match (0.8663ms)
✔ intake creating observation is absent when neither case exists (0.4009ms)
{"level":"info","time":"2026-09-18T23:09:33.358Z","service":"vantage-main-server","env":"development","msg":"granot_lifecycle.processing.completed","receipt_id":"6aad…d45b","observation_id":"6aad…d45c","decision_id":"6aad…d45f","attempt":1,"execution_mode":"historical_shadow","outcome":"linked","reason_code":"record_link_established","duration_ms":7}
✔ [AC-33] equivalent webhook and extension statements normalize to the same identity and Priority (7.877ms)
✔ [AC-33] equivalent shadow processor outcomes match and produce zero changed paths (16.9524ms)
✔ [AC-02][AC-33] apply-item envelope unwraps to the statement without a second policy (15.0982ms)
✔ [AC-02][AC-33] equivalent webhook and automation statements share Observation identity (15.9245ms)
✔ [AC-33] equivalent webhook and automation shadow desired-state outcomes match (4.2895ms)
✔ [AC-33] equivalent live webhook, extension, and automation desired states match (41.6226ms)
{"level":"info","time":"2026-09-18T23:09:33.360Z","service":"vantage-main-server","env":"development","msg":"granot_lifecycle.processing.completed","observability_level":"info","category":"mongo","workflow":"granot_lifecycle"}
{"level":"info","time":"2026-09-18T23:09:33.363Z","service":"vantage-main-server","env":"development","msg":"granot_lifecycle.processing.completed","receipt_id":"6aad…d45d","observation_id":"6aad…d45e","decision_id":"6aad…d461","attempt":1,"execution_mode":"historical_shadow","outcome":"linked","reason_code":"record_link_established","duration_ms":1}
{"level":"info","time":"2026-09-18T23:09:33.363Z","service":"vantage-main-server","env":"development","msg":"granot_lifecycle.processing.completed","observability_level":"info","category":"mongo","workflow":"granot_lifecycle"}
{"level":"info","time":"2026-09-18T23:09:33.399Z","service":"vantage-main-server","env":"development","msg":"granot_lifecycle.processing.completed","receipt_id":"6aad…d463","observation_id":"6aad…d464","decision_id":"6aad…d467","attempt":1,"execution_mode":"historical_shadow","outcome":"linked","reason_code":"record_link_established","duration_ms":1}
{"level":"info","time":"2026-09-18T23:09:33.399Z","service":"vantage-main-server","env":"development","msg":"granot_lifecycle.processing.completed","observability_level":"info","category":"mongo","workflow":"granot_lifecycle"}
{"level":"info","time":"2026-09-18T23:09:33.401Z","service":"vantage-main-server","env":"development","msg":"granot_lifecycle.processing.completed","receipt_id":"6aad…d465","observation_id":"6aad…d466","decision_id":"6aad…d469","attempt":1,"execution_mode":"historical_shadow","outcome":"linked","reason_code":"record_link_established","duration_ms":2}
{"level":"info","time":"2026-09-18T23:09:33.401Z","service":"vantage-main-server","env":"development","msg":"granot_lifecycle.processing.completed","observability_level":"info","category":"mongo","workflow":"granot_lifecycle"}
{"level":"info","time":"2026-09-18T23:09:33.407Z","service":"vantage-main-server","env":"development","msg":"granot_lifecycle.processing.completed","receipt_id":"6aad…d46b","observation_id":"6aad…d46c","decision_id":"6aad…d46d","attempt":1,"execution_mode":"live","outcome":"applied","reason_code":"lead_state_changed","duration_ms":5}
{"level":"info","time":"2026-09-18T23:09:33.407Z","service":"vantage-main-server","env":"development","msg":"granot_lifecycle.processing.completed","observability_level":"info","category":"mongo","workflow":"granot_lifecycle"}
{"level":"info","time":"2026-09-18T23:09:33.409Z","service":"vantage-main-server","env":"development","msg":"granot_lifecycle.processing.completed","receipt_id":"6aad…d46f","observation_id":"6aad…d470","decision_id":"6aad…d471","attempt":1,"execution_mode":"live","outcome":"applied","reason_code":"lead_state_changed","duration_ms":1}
{"level":"info","time":"2026-09-18T23:09:33.409Z","service":"vantage-main-server","env":"development","msg":"granot_lifecycle.processing.completed","observability_level":"info","category":"mongo","workflow":"granot_lifecycle"}
{"level":"info","time":"2026-09-18T23:09:33.418Z","service":"vantage-main-server","env":"development","msg":"granot_lifecycle.processing.completed","receipt_id":"6aad…d473","observation_id":"6aad…d474","decision_id":"6aad…d475","attempt":1,"execution_mode":"live","outcome":"applied","reason_code":"lead_state_changed","duration_ms":9}
{"level":"info","time":"2026-09-18T23:09:33.442Z","service":"vantage-main-server","env":"development","msg":"granot_lifecycle.processing.completed","observability_level":"info","category":"mongo","workflow":"granot_lifecycle"}
﹣ [AC-36] partial unique index allows one open fingerprint and a resolved history row (2.5785ms) # Replica proof requires testvantagemovers.
﹣ [AC-35][AC-36] No Action is exactly replayable and a revision race has one winner with zero Changes/Sheets (0.7764ms) # Replica proof requires testvantagemovers.
﹣ [AC-26][AC-36] re-evaluation leaves an unchanged current conflict open and exactly replays (0.4866ms) # Replica proof requires testvantagemovers.
﹣ [AC-23][AC-35] correction atomically preserves the old link and Lead scope with two Changes and zero official/Sheet effects (0.7ms) # Replica proof requires testvantagemovers.
﹣ [AC-23][AC-36] correction failure after Change writes rolls back link, discrepancy, Command, and Changes (0.659ms) # Replica proof requires testvantagemovers.
{"level":"info","time":"2026-09-18T23:09:34.942Z","service":"vantage-main-server","env":"development","msg":"granot_lifecycle.booking_discrepancy.opened","observability_level":"info","category":"admin","workflow":"granot_discrepancy"}
▶ Granot discrepancy fingerprint
  ✔ [AC-35][AC-36] freezes versioned canonical non-PII identity (2.7261ms)
  ✔ [AC-26][AC-27][AC-35] includes every null identity key and excludes evidence/display data (0.8401ms)
✔ Granot discrepancy fingerprint (5.6878ms)
▶ Granot discrepancy persistence
  ✔ [AC-26][AC-36] opens, refreshes, and exactly deduplicates one fingerprint (6.5817ms)
✔ Granot discrepancy persistence (6.8729ms)
{"level":"info","time":"2026-09-18T23:09:34.944Z","service":"vantage-main-server","env":"development","msg":"granot_lifecycle.booking_discrepancy.refreshed","observability_level":"info","category":"admin","workflow":"granot_discrepancy"}
﹣ [AC-30] replica-set two claimants have one winner (2.1871ms) # Replica-set proof requires TEST_MODE=true before process start.
﹣ [AC-30] replica-set expired lease recovers and stale owner cannot finalize (0.6029ms) # Replica-set proof requires TEST_MODE=true before process start.
﹣ [AC-30] replica-set attempt 10 dead-letters with zero Decision (0.3667ms) # Replica-set proof requires TEST_MODE=true before process start.
﹣ [AC-37] replica-set concurrent requeue has one winner and one audit (0.4195ms) # Replica-set proof requires TEST_MODE=true before process start.
﹣ [AC-30] replica-set queue and cron due scan share the claim fence (0.3694ms) # Replica-set proof requires TEST_MODE=true before process start.
{"level":"info","time":"2026-09-18T23:09:36.402Z","service":"vantage-main-server","env":"development","msg":"granot_lifecycle.claim.recovered","observability_level":"info","category":"mongo","workflow":"granot_lifecycle","entity_id":"6aadc4...ec93"}
✔ claim predicate and update match Section 26 exactly (6.7308ms)
✔ [AC-30] foundation terminal processor outcomes complete and reset technical budget (3.7172ms)
✔ [AC-30] foundation pending_match increments match_attempt once and does not consume technical budget (1.8211ms)
✔ [AC-30] foundation pending_match at 24 hours completes and is not scheduled further (0.9924ms)
✔ [AC-30] foundation insufficient_creation_data completes and is never converted to pending match (0.9549ms)
✔ [AC-30] foundation unknown outcome fails closed as a technical contract error (2.2828ms)
✔ [AC-30] foundation dependency failure creates no Decision and schedules technical retry (2.3392ms)
✔ [AC-30] foundation consecutive technical failure 10 dead-letters with a safe error (2.6459ms)
✔ two claimants have one winner and an unexpired lease cannot be stolen (1.1709ms)
✔ expired lease recovers and increments the recovery counter only after success (23.5885ms)
✔ stale owner cannot renew or finalize (0.7447ms)
✔ processing disabled skips without claiming (0.6475ms)
✔ [AC-30] foundation historical shadow drain creates no forbidden aggregate effects (32.0403ms)
✔ synchronous loser polls at most five seconds and never starts a second processor (23.7881ms)
✔ synchronous completed work returns the stored processor result (0.7568ms)
✔ queue wakeup parser accepts only { receipt_id } (1.2659ms)
﹣ [AC-02] concurrent same operation ID + same hash yields one receipt (1.9811ms) # Replica-set proof is opt-in via GRANOT_LIFECYCLE_REPLICA_TESTS=true.
﹣ [AC-02] concurrent same operation ID + different hash has one winner and 409 (0.6031ms) # Replica-set proof is opt-in via GRANOT_LIFECYCLE_REPLICA_TESTS=true.
✔ [AC-33][AC-35] apply captures a browser_extension receipt then claim/process-or-poll (4.0623ms)
✔ [AC-02] replayed capture still returns the stored processor result (0.7242ms)
✔ [AC-02] accepted_for_processing keeps the same operation ID for refresh (0.5995ms)
✔ [AC-33] expected_target disagreement is a non-syncable conflict and never an override (0.5ms)
✔ [AC-35] compatibility messages are fixed and never echo payload values (0.2876ms)
✔ [AC-32] temporal comparator treats a missing stored winner as newer (1.8213ms)
✔ [AC-32] temporal comparator compares captured_at before Observation ObjectId (0.388ms)
✔ [AC-32] equal captured_at uses lowercase 24-character Observation ObjectId hex (0.2957ms)
✔ [AC-32] exact same temporal tuple is same and never a second winner (0.2975ms)
✔ [AC-32] no source, channel, or Priority can be encoded in the temporal tuple (3.7033ms)
✔ [AC-39] Booking without a Lead returns Booking Lead Reconciliation delegation only (5.5177ms)
✔ [AC-04] module portion multiple current Bookings are an operational Job conflict (0.8261ms)
✔ [AC-07] module portion Record Link model mismatch is a hard conflict (4.7698ms)
✔ missing Record Link Lead is a hard conflict and not a contact fallback (0.8049ms)
✔ [AC-07] module portion Call ladder never queries phone without Source Granularity (1.3315ms)
✔ Booking owner that differs from a contact candidate is conflict evidence, not reassignment (2.0725ms)
﹣ [AC-07] replica identity is read-only across lifecycle and aggregate collections (2.0642ms) # Replica-set proof requires TEST_MODE=true before process start.
﹣ [AC-13] replica cross-field Agent username contradiction returns no suggestion (0.6325ms) # Replica-set proof requires TEST_MODE=true before process start.
﹣ [AC-39] replica Booking without Lead delegates and writes no case (0.4335ms) # Replica-set proof requires TEST_MODE=true before process start.
﹣ replica active Record Link lookup is findOne and writes nothing (0.7454ms) # Replica-set proof requires TEST_MODE=true before process start.
﹣ [AC-04] replica Call Job query is granularity-scoped and read-only (0.6474ms) # Replica-set proof requires TEST_MODE=true before process start.
✔ [AC-09] identity portion missing or invalid route never queries a Lead (3.955ms)
✔ [AC-29] identity portion deferred policy and provider type never enter a Lead ladder (0.6988ms)
✔ [AC-03] exact Form ref_no match verifies Source Scope and does not post (2.4417ms)
✔ [AC-03] valid 24-character ObjectId compatibility lookup remains a later rung (1.0207ms)
✔ [AC-03] blank or not-provided Form reference is never queried (0.812ms)
✔ [AC-04] Form ref with conflicting Source Scope is a hard conflict and stops contact fallback (0.7625ms)
✔ [AC-04] Call Job outside resolved Source Granularity is never a global match (1.3798ms)
✔ [AC-04] Record Link Source Scope conflict does not continue the Form ladder (0.9113ms)
✔ [AC-04] Booking owner with conflicting Source Scope is conflict evidence (0.7161ms)
✔ [AC-07] identity portion returns one deterministic Form target and never queries globally (1.3036ms)
✔ current and immutable Form contact values dedupe to one candidate (0.5052ms)
✔ job-only Record Link is evidence and the Form ladder continues (0.3718ms)
✔ usable Record Link with agreeing scope stops on granot_record_link (0.389ms)
✔ Duplicate Form Lead is ineligible on exact identity (0.3095ms)
✔ Bad Form Lead is priority_only from strong exact identity and excluded from contact matching (0.4633ms)
✔ inbound letter prefix is the same Job as Granot digits (1.3998ms)
✔ conflicting nonempty Job Numbers are a hard conflict (0.3347ms)
✔ multiple eligible Form contact candidates are ambiguous (0.3565ms)
✔ Call Job rung is scoped and Duplicate Call Leads remain readable (0.5554ms)
✔ Call unique Job wins when Observation phone matches a different Lead (0.7982ms)
✔ Call with no Job on the Lead still binds by operational phone (0.5617ms)
✔ two eligible Call Jobs are a conflict (0.4589ms)
✔ Call phone query omits granot_contact_snapshot (1.1851ms)
✔ Call current and ingested phones dedupe to one Lead (0.3804ms)
✔ [AC-08] multiple scoped Call phone candidates are a creation conflict (0.3829ms)
✔ [AC-13] identity portion equal usernames suggest one active Agent and never mutate (0.7404ms)
✔ [AC-13] identity portion differing user and rep block Agent suggestion (0.3569ms)
✔ [AC-13] more than one active Agent for one username returns no suggestion (0.4013ms)
✔ Referral policy returns leadless context and performs no Lead search (0.4813ms)
✔ [AC-35] portion last_error strips payload, credentials, and contact text (3.2847ms)
✔ [AC-35] portion last_error keeps a bounded safe code and short message (1.3048ms)
✔ unknown error codes collapse to a bounded technical class (0.7087ms)
✔ [AC-10] WordPress submitted contact and Granot snapshot stay separately identifiable and masked (5.1808ms)
✔ [AC-05] all listed Priority forms canonicalize into desired state; only 1/5 enrich and set quoted true (29.8174ms)
✔ [AC-05] leading-zero canonical 5 enriches; no Priority plans quoted false (1.8574ms)
✔ [AC-06] malformed Priority Update is invalid and plans nothing (3.3186ms)
✔ [AC-06] malformed Priority on Lead Created/Booked/Release skips Priority and continues (1.4404ms)
✔ [AC-07] matched Lead Created selects one target and never plans a second Lead (2.468ms)
✔ [AC-08] create_if_missing with minimum data authorizes the gated creation command (1.2081ms)
✔ [AC-08] incomplete create_if_missing is exact insufficient_creation_data (0.7037ms)
✔ [AC-09] Local vs long-distance route result controls Form minimum-data eligibility (0.5893ms)
✔ [AC-10] WordPress primary contact and immutable snapshot never enter changed paths (0.619ms)
✔ [AC-11] WordPress immutable move snapshot and Vantage move_size stay unchanged (0.6687ms)
✔ [AC-12] RingCentral Call qualified contact plans Granot Contact Snapshot only (1.002ms)
✔ granot_lead_created Call later different Granot phone plans snapshot only (1.0681ms)
✔ Priority 8 Call Lead does not plan Granot Contact Snapshot (0.486ms)
✔ [AC-13] empty receiver fills from one active Agent at a non-1/5 Priority (0.5483ms)
✔ [AC-13] Agent conflict or existing receiver never overwrites (0.5279ms)
✔ [AC-30] link_only pending match persists the next offset and becomes unmatched at 24h (3.3909ms)
✔ [AC-30] incomplete creation data is never scheduled as pending match (0.4458ms)
✔ [AC-32] no-op desired state creates no changed paths (0.9076ms)
✔ Call Lead snapshot formatting-only Granot contact does not remanufacture a change (0.477ms)
✔ WordPress snapshot formatting-only Granot contact does not remanufacture a change (0.3455ms)
✔ [AC-32] older temporal winner is stale and plans no desired-state effect (0.3604ms)
✔ Bad exact Form target plans only valid Priority; Duplicate has no target (0.4981ms)
✔ letter-prefixed Lead Job matches Granot digits and does not conflict (0.7636ms)
✔ equivalent formatting does not manufacture a Job Number change (0.2809ms)
✔ observation_only policy stays evidence-only (0.2316ms)
✔ Call create_if_missing + priority_updated + unmatched + Job is not eligible (0.3439ms)
✔ Call create_if_missing + lead_created stays eligible (0.272ms)
✔ Form create_if_missing + lead_created stays eligible (0.3112ms)
✔ Call link_only + priority_updated is not eligible (0.255ms)
✔ Form create_if_missing + priority_updated is not eligible (0.2317ms)
✔ Call create_if_missing + booking_status_changed is not eligible (0.2701ms)
✔ invalid Call priority_updated never creates even with create_if_missing (0.2614ms)
✔ SSE snapshot then streams newer receipts and heartbeats before closing (7.6299ms)
✔ SSE reconnect with Last-Event-ID skips the snapshot and continues from the cursor (0.6451ms)
✔ [AC-L4] late intake_link emits receipt_updated without advancing the capture cursor (0.8856ms)
✔ SSE does not emit receipt_updated for a brand-new receipt just sent as receipt (0.6544ms)
✔ extractLiveWebhookLead reads name, contact, job, and move fields from a Granot body (2.7054ms)
✔ projectLiveWebhookReceipt keeps webhook lead facts and strips credential keys (3.0316ms)
✔ projectLiveWebhookReceipt ignores extension receipts and unknown event classes (0.506ms)
✔ live receipt event ids round-trip captured_at and receipt_id (2.6776ms)
✔ [AC-L1] lead_created and priority_updated keep observation_id but never a non-null intake_link (2.2708ms)
✔ [AC-L2] booking_status_changed links the unique booking case that holds the Observation (1.191ms)
✔ [AC-L3] empty, unsupported, or discrepancy-only booking_status_changed never gets an intake_link (20.8796ms)
✔ [AC-L5] two receipts on the same job only link the Observation that is on the case (0.7894ms)
✔ duplicate booking cases for one Observation fail closed and record an operational event (0.81ms)
✔ missing Observation yields null observation_id and intake_link (0.7109ms)
✔ [AC-35] portion Unit 08 metrics accept only bounded error-code labels (2.4038ms)
✔ [AC-31][AC-35] Section 33 metric names stay exact and receipt labels stay closed (1.91ms)
✔ [AC-18][AC-19] Booking-case gauge is current cardinality, not an evidence counter (0.6964ms)
✔ [AC-05][AC-06] one receipt upserts one Observation and sequential reprocess reuses it (6.4631ms)
✔ [AC-05] concurrent same-candidate inserts collapse to one stored row (1.3352ms)
✔ [AC-05] a differing candidate fails closed and does not overwrite stored evidence (1.8509ms)
✔ [AC-06] invalid and unsupported results persist as completed classifications (0.9636ms)
✔ [AC-05] technical insert failure creates no partial second row (0.4634ms)
✔ [AC-05][AC-29] upsertGranotObservation normalizes an already-read receipt without Registry or aggregate fields (2.6701ms)
✔ [AC-05][AC-06][AC-25][AC-29] every Unit 01 fixture produces the expected normalized facts (13.4566ms)
✔ [AC-05] Priority 0, 1, 5, 8, 05, all-zero, and 12-digit retain raw/canonical/valid without enrichment (1.0746ms)
✔ [AC-06] missing or malformed Priority invalidates Priority Update only (0.6878ms)
✔ [AC-25] exact Booked, Releas, and Release aliases normalize; Released and prefixes do not (0.5603ms)
✔ [AC-29] type=AUTO stays provider context and does not supply source classification (0.795ms)
✔ [AC-05] webhook, extension, and automation parity fixtures share normalized business fields (1.0996ms)
✔ [AC-06] lead_created payload event type is accepted case-insensitively (0.3891ms)
✔ [AC-06] non-object payload and route/event conflicts persist as terminal invalid vocabulary (0.8118ms)
✔ [AC-06] unsupported Booking Action is not upgraded or downgraded by Priority (0.4904ms)
✔ [AC-05][AC-29] source, identity, contact, move, money, and agent rules cover NFKC, bounds, and invalid dates (42.4118ms)
✔ [AC-05] omitted service_type and unused cubic_rate do not change extracted webhook facts (0.5141ms)
✔ [AC-05] display money never becomes domain command input (0.3541ms)
✔ fixture inventory paths normalize Windows and POSIX separators identically (3.1517ms)
✔ [AC-03][AC-05][AC-06][AC-29] every committed fixture satisfies the strict contract (22.8885ms)
✔ [AC-03][AC-05][AC-06][AC-29] invalid fixture authority and metadata combinations are rejected (4.7554ms)
✔ [AC-03] identity fixtures preserve exact-reference priority and blank compatibility boundaries (0.5322ms)
✔ [AC-05] valid Priority fixtures freeze raw and canonical values without false downgrade authority (3.6039ms)
✔ [AC-06] malformed Priority and exact Booking Action aliases retain independent behavior (0.4664ms)
✔ [AC-29] source labels remain separate from provider type and deferred effects (0.3951ms)
✔ [AC-05][AC-06] equivalent statements seed cross-channel normalization parity (0.573ms)
✔ [AC-03][AC-05][AC-06][AC-29] scanner accepts all schema-validated fixture sources (1132.9132ms)
✔ [AC-03][AC-05][AC-06][AC-29] scanner rejects injected sensitive material with safe locations only (401.0392ms)
✔ [AC-03][AC-05][AC-06][AC-29] scanner rejects raw and prohibited fixture source paths (0.5674ms)
✔ [AC-03][AC-05][AC-06][AC-29] recursive inventory rejects alternate durable fixture sources (39.7144ms)
{"level":"info","time":"2026-09-18T23:09:44.013Z","service":"vantage-main-server","env":"development","msg":"granot_lifecycle.booking_case.opened","observability_level":"info","category":"admin","workflow":"granot_lifecycle"}
✔ [AC-35][AC-37] Unit 30 event catalog is frozen and aliases are one-way (3.2117ms)
✔ [AC-35] sanitizer drops payload, contact, credentials, and free-form reason text (0.774ms)
✔ [AC-35] sanitizer masks identifiers case-insensitively and retains bounded conflict codes (0.5595ms)
✔ [AC-35] unknown catalog keys are dropped and emission never throws (4.0827ms)
✔ [AC-31][AC-37] apply/replay/conflict stay distinguishable and replay emits no resolve (2.1159ms)
✔ [AC-35] owner command conflicts increment closed codes only (2.0623ms)
{"level":"info","time":"2026-09-18T23:09:44.016Z","service":"vantage-main-server","env":"development","msg":"granot_lifecycle.owner_command.applied","observability_level":"info","category":"admin","workflow":"granot_lifecycle"}
{"level":"info","time":"2026-09-18T23:09:44.016Z","service":"vantage-main-server","env":"development","msg":"granot_lifecycle.booking_case.resolved","observability_level":"info","category":"admin","workflow":"granot_lifecycle"}
{"level":"info","time":"2026-09-18T23:09:44.017Z","service":"vantage-main-server","env":"development","msg":"granot_lifecycle.owner_command.replayed","observability_level":"info","category":"admin","workflow":"granot_lifecycle"}
{"level":"warn","time":"2026-09-18T23:09:44.018Z","service":"vantage-main-server","env":"development","msg":"granot_lifecycle.owner_command.conflict","observability_level":"warn","category":"admin","workflow":"granot_lifecycle"}
{"level":"warn","time":"2026-09-18T23:09:44.019Z","service":"vantage-main-server","env":"development","msg":"granot_lifecycle.owner_command.conflict","observability_level":"warn","category":"admin","workflow":"granot_lifecycle"}
﹣ [AC-31][AC-35][AC-37][AC-38] replica health counts come from Mongo and do not mutate official facts (3.6036ms) # Replica-set proof requires TEST_MODE=true before process start.
{"level":"info","time":"2026-09-18T23:09:45.948Z","service":"vantage-main-server","env":"development","msg":"granot_lifecycle.activation.committed","activation_id":"6aadc4...6e9f","activated_at":"2026-08-17T16:00:00.000Z","processor_version":"granot-lifecycle-processor-v1","request_id":"req-activation-test"}
✔ [AC-31] foundation Owner activation is write-once and returns a safe projection (10.7777ms)
✔ [AC-31] foundation Admin without Owner cannot activate (0.4078ms)
✔ [AC-31] activation audit failure cannot roll back the committed activation (0.6564ms)
﹣ [AC-31] foundation replica-set concurrent activation has one winner (0.4445ms) # Replica-set proof is opt-in via GRANOT_LIFECYCLE_REPLICA_TESTS=true.
✔ [AC-37] Owner requeue moves dead_letter to pending without replacing evidence (1.3576ms)
✔ [AC-37] requeue audit failure cannot roll back the receipt transition (0.8523ms)
✔ [AC-37] requeue of completed or claimed work conflicts and creates no audit (1.2881ms)
✔ [AC-37] missing receipt returns GRANOT_RECEIPT_NOT_FOUND (0.8032ms)
✔ [AC-37] Admin without Owner cannot requeue (1.0355ms)
✔ [AC-35] portion activation projection omits reason and actor PII (0.5612ms)
{"level":"info","time":"2026-09-18T23:09:45.953Z","service":"vantage-main-server","env":"development","msg":"granot_lifecycle.activation.committed","activation_id":"6aadc4...6ea0","activated_at":"2026-08-17T16:00:00.000Z","processor_version":"granot-lifecycle-processor-v1","request_id":"req-activation-test"}
{"level":"info","time":"2026-09-18T23:09:45.954Z","service":"vantage-main-server","env":"development","msg":"granot_lifecycle.manual_requeue.committed","receipt_id":"6aadc4...6ea1","prior_state":"dead_letter","new_state":"pending","manual_requeue_count":1,"request_id":"req-activation-test"}
{"level":"info","time":"2026-09-18T23:09:45.956Z","service":"vantage-main-server","env":"development","msg":"granot_lifecycle.manual_requeue.committed","receipt_id":"6aadc4...6ea3","prior_state":"dead_letter","new_state":"pending","manual_requeue_count":1,"request_id":"req-activation-test"}
﹣ [AC-32] replica temporal CAS one winner advances metadata without revision/Change/outbox (2.8728ms) # Replica-set proof requires TEST_MODE=true before process start.
﹣ [AC-32] replica concurrent temporal loser re-evaluates stale and does not persist already_current (3.0365ms) # Replica-set proof requires TEST_MODE=true before process start.
{"level":"info","time":"2026-09-18T23:09:55.116Z","service":"vantage-main-server","env":"development","msg":"granot_lifecycle.processing.completed","receipt_id":"6aad…90ef","observation_id":"6aad…90ee","decision_id":"6aad…90f3","attempt":1,"execution_mode":"live","outcome":"pending_match","reason_code":"pending_source_scoped_match","duration_ms":9}
✔ [AC-18] processor does not invoke Booking reconciliation for Priority 5 (19.1711ms)
✔ [AC-18] Priority 5 with booking cases enabled still applies lead desired-state (7.7742ms)
✔ [AC-18][AC-19] processor invokes Booking reconciliation only in live gate-enabled posture (3.9447ms)
✔ [AC-25][AC-26][AC-27][AC-P5] processor invokes Booking reconciliation for live gate-enabled Release evidence (3.6758ms)
✔ [AC-26][AC-27][AC-36][AC-R6] processor persists Release identity conflict through the discrepancy module (2.6564ms)
✔ [AC-R4] officially cancelled Booking + Release is already_current via Booking reconciliation (3.5407ms)
✔ Release booking-case early-return does not invoke synchronizeLeadFromGranot (4.0496ms)
✔ [AC-02] portion identical webhook evidence in two receipts creates two Decisions (4.5707ms)
✔ [AC-02] portion same observation/attempt replay returns one Decision (2.7313ms)
✔ [AC-02] portion a differing stored Decision is an integrity failure (2.2634ms)
✔ [AC-31] foundation pre-activation receipts stay historical and create no live effects (1.5378ms)
✔ [AC-31] foundation live-shadow Decisions are not promoted and mutate no Record Link (1.6697ms)
✔ [AC-32] portion historical establishment, confirmation, and conflict keep one active link (3.8168ms)
✔ [AC-32] portion invalid, unsupported, and unclassified paths create no link or forbidden effects (2.7009ms)
✔ processing disabled refuses unless a test supplies config (0.6918ms)
✔ [AC-31] foundation live configuration with no match stays pending and mutates no Lead (1.2311ms)
﹣ [AC-32] portion replica-set Decision+link persist atomically and unique job races keep one active link (0.834ms) # Replica-set proof requires TEST_MODE=true before process start.
✔ [AC-07] shadow matched Lead Created records one target and never claims a second Lead (1.5942ms)
✔ [AC-08] foundation eligible create_if_missing stays suppressed with no reservation (1.5112ms)
✔ [AC-30] processor emits terminal unmatched at 24 hours (1.2782ms)
✔ [AC-06] malformed Priority on Lead Created continues independent identity work (1.6046ms)
✔ [AC-32] shadow no-op already_current writes no Change, Sheet, or Record Link (1.5302ms)
✔ [AC-32] live test posture advances metadata-only winner and does not emit Change (1.7088ms)
✔ [AC-32] CAS loser re-evaluates as stale and never persists already_current (2.2757ms)
✔ gate snapshot uses real policy facts in stable eight-name order (2.0434ms)
✔ [AC-35] portion Decision metrics use only bounded enum labels (1.4119ms)
✔ [AC-05][AC-07] live authorized matched write invokes synchronizeLeadFromGranot once (3.4904ms)
✔ [AC-32] live applied Decision replays without a second command after the Lead is current (1.2058ms)
✔ [AC-32] lost live command race replans as stale and never persists applied (3.6666ms)
✔ [AC-32] already_current exact link does not invoke the command (2.7142ms)
✔ [AC-32] stale classification does not invoke the command (5.2617ms)
✔ [AC-32] inactive Source Company is policy_blocked and never invokes the command (17.2438ms)
✔ [AC-07] live already_current with no active link still invokes association (14.0701ms)
✔ [AC-08] live eligible no-match invokes createLeadFromGranot once with the exact no-patch command (3.4471ms)
✔ [AC-08] live authorized Job-only Call invokes creation and multiple candidates block it (1.9673ms)
✔ RingCentral-origin Call Lead plus later Granot Call observation synchronizes and does not create (5.5016ms)
✔ fence identity race replans Call create_if_missing onto the RingCentral Call Lead (4.5004ms)
✔ Call Job versus phone pointing at two Leads is job_number_conflict and never creates (2.2465ms)
✔ [AC-07] live matched Lead Created never invokes createLeadFromGranot (2.1057ms)
✔ [AC-07] identity race winner replans through Unit 18 and never retries blind creation (2.5077ms)
✔ [AC-07] lead-less active link reservation replans as record-link conflict (2.4846ms)
✔ [AC-07] unrelated duplicate-key failures remain technical errors (1.3583ms)
✔ [AC-08] disabled, shadow, incomplete, and route-failure paths create no command (5.0846ms)
✔ [AC-09] live Form same states select Local; differing states select long-distance; invalid ZIP/state create no command (6.7474ms)
✔ pending_match records granot.pending_match with parent_receipt_id (2.359ms)
✔ unmatched records granot.unmatched and created is not minted by the processor (4.5745ms)
✔ same observation/attempt replay does not increment Daily Operations again (2.3039ms)
{"level":"info","time":"2026-09-18T23:09:55.118Z","service":"vantage-main-server","env":"development","msg":"granot_lifecycle.processing.completed","observability_level":"info","category":"mongo","workflow":"granot_lifecycle"}
{"level":"info","time":"2026-09-18T23:09:55.130Z","service":"vantage-main-server","env":"development","msg":"granot_lifecycle.processing.completed","receipt_id":"6aad…90f5","observation_id":"6aad…90f4","decision_id":"6aad…90fa","attempt":1,"execution_mode":"live","outcome":"applied","reason_code":"lead_state_changed","duration_ms":6}
{"level":"info","time":"2026-09-18T23:09:55.130Z","service":"vantage-main-server","env":"development","msg":"granot_lifecycle.processing.completed","observability_level":"info","category":"mongo","workflow":"granot_lifecycle"}
{"level":"info","time":"2026-09-18T23:09:55.133Z","service":"vantage-main-server","env":"development","msg":"granot_lifecycle.processing.completed","receipt_id":"6aad…90fd","observation_id":"6aad…90fc","decision_id":"6aad…9101","attempt":1,"execution_mode":"live","outcome":"linked","reason_code":"booking_case_opened","duration_ms":1}
{"level":"info","time":"2026-09-18T23:09:55.133Z","service":"vantage-main-server","env":"development","msg":"granot_lifecycle.processing.completed","observability_level":"info","category":"mongo","workflow":"granot_lifecycle"}
{"level":"info","time":"2026-09-18T23:09:55.134Z","service":"vantage-main-server","env":"development","msg":"granot_lifecycle.processing.completed","receipt_id":"6aad…90fd","observation_id":"6aad…90fc","decision_id":"6aad…9106","attempt":1,"execution_mode":"live","outcome":"pending_match","reason_code":"pending_source_scoped_match","duration_ms":1}
{"level":"info","time":"2026-09-18T23:09:55.134Z","service":"vantage-main-server","env":"development","msg":"granot_lifecycle.processing.completed","observability_level":"info","category":"mongo","workflow":"granot_lifecycle"}
{"level":"info","time":"2026-09-18T23:09:55.136Z","service":"vantage-main-server","env":"development","msg":"granot_lifecycle.processing.completed","receipt_id":"6aad…9108","observation_id":"6aad…9107","decision_id":"6aad…910c","attempt":1,"execution_mode":"live","outcome":"linked","reason_code":"booking_case_opened","duration_ms":1}
{"level":"info","time":"2026-09-18T23:09:55.137Z","service":"vantage-main-server","env":"development","msg":"granot_lifecycle.processing.completed","observability_level":"info","category":"mongo","workflow":"granot_lifecycle"}
{"level":"info","time":"2026-09-18T23:09:55.138Z","service":"vantage-main-server","env":"development","msg":"granot_lifecycle.processing.completed","receipt_id":"6aad…9108","observation_id":"6aad…9107","decision_id":"6aad…9111","attempt":1,"execution_mode":"live","outcome":"pending_match","reason_code":"pending_source_scoped_match","duration_ms":1}
{"level":"info","time":"2026-09-18T23:09:55.138Z","service":"vantage-main-server","env":"development","msg":"granot_lifecycle.processing.completed","observability_level":"info","category":"mongo","workflow":"granot_lifecycle"}
{"level":"info","time":"2026-09-18T23:09:55.141Z","service":"vantage-main-server","env":"development","msg":"granot_lifecycle.processing.completed","receipt_id":"6aad…9113","observation_id":"6aad…9112","decision_id":"6aad…9117","attempt":1,"execution_mode":"live","outcome":"conflict","reason_code":"release_discrepancy_opened","duration_ms":2}
{"level":"info","time":"2026-09-18T23:09:55.141Z","service":"vantage-main-server","env":"development","msg":"granot_lifecycle.processing.completed","observability_level":"info","category":"mongo","workflow":"granot_lifecycle"}
{"level":"info","time":"2026-09-18T23:09:55.143Z","service":"vantage-main-server","env":"development","msg":"granot_lifecycle.processing.completed","receipt_id":"6aad…911a","observation_id":"6aad…9119","decision_id":"6aad…911f","attempt":1,"execution_mode":"live","outcome":"already_current","reason_code":"booking_already_cancelled","duration_ms":1}
{"level":"info","time":"2026-09-18T23:09:55.143Z","service":"vantage-main-server","env":"development","msg":"granot_lifecycle.processing.completed","observability_level":"info","category":"mongo","workflow":"granot_lifecycle"}
{"level":"info","time":"2026-09-18T23:09:55.147Z","service":"vantage-main-server","env":"development","msg":"granot_lifecycle.processing.completed","receipt_id":"6aad…9121","observation_id":"6aad…9120","decision_id":"6aad…9126","attempt":1,"execution_mode":"live","outcome":"linked","reason_code":"booking_case_opened","duration_ms":1}
{"level":"info","time":"2026-09-18T23:09:55.147Z","service":"vantage-main-server","env":"development","msg":"granot_lifecycle.processing.completed","observability_level":"info","category":"mongo","workflow":"granot_lifecycle"}
{"level":"info","time":"2026-09-18T23:09:55.149Z","service":"vantage-main-server","env":"development","msg":"granot_lifecycle.processing.completed","receipt_id":"6aad…9121","observation_id":"6aad…9120","decision_id":"6aad…912b","attempt":1,"execution_mode":"live","outcome":"linked","reason_code":"booking_case_refreshed","duration_ms":1}
{"level":"info","time":"2026-09-18T23:09:55.149Z","service":"vantage-main-server","env":"development","msg":"granot_lifecycle.processing.completed","observability_level":"info","category":"mongo","workflow":"granot_lifecycle"}
{"level":"info","time":"2026-09-18T23:09:55.151Z","service":"vantage-main-server","env":"development","msg":"granot_lifecycle.processing.completed","receipt_id":"6aad…912e","observation_id":"6aad…912d","decision_id":"6aad…9138","attempt":1,"execution_mode":"historical_shadow","outcome":"linked","reason_code":"record_link_established","duration_ms":1}
{"level":"info","time":"2026-09-18T23:09:55.152Z","service":"vantage-main-server","env":"development","msg":"granot_lifecycle.processing.completed","observability_level":"info","category":"mongo","workflow":"granot_lifecycle"}
{"level":"info","time":"2026-09-18T23:09:55.153Z","service":"vantage-main-server","env":"development","msg":"granot_lifecycle.processing.completed","receipt_id":"6aad…912f","observation_id":"6aad…9130","decision_id":"6aad…913a","attempt":1,"execution_mode":"historical_shadow","outcome":"linked","reason_code":"record_link_established","duration_ms":1}
{"level":"info","time":"2026-09-18T23:09:55.153Z","service":"vantage-main-server","env":"development","msg":"granot_lifecycle.processing.completed","observability_level":"info","category":"mongo","workflow":"granot_lifecycle"}
{"level":"info","time":"2026-09-18T23:09:55.155Z","service":"vantage-main-server","env":"development","msg":"granot_lifecycle.processing.completed","receipt_id":"6aad…913d","observation_id":"6aad…913c","decision_id":"6aad…9141","attempt":1,"execution_mode":"historical_shadow","outcome":"linked","reason_code":"record_link_established","duration_ms":1}
{"level":"info","time":"2026-09-18T23:09:55.155Z","service":"vantage-main-server","env":"development","msg":"granot_lifecycle.processing.completed","observability_level":"info","category":"mongo","workflow":"granot_lifecycle"}
{"level":"info","time":"2026-09-18T23:09:55.161Z","service":"vantage-main-server","env":"development","msg":"granot_lifecycle.processing.completed","receipt_id":"6aad…914d","observation_id":"6aad…914c","decision_id":"6aad…9151","attempt":1,"execution_mode":"historical_shadow","outcome":"linked","reason_code":"record_link_established","duration_ms":0}
{"level":"info","time":"2026-09-18T23:09:55.161Z","service":"vantage-main-server","env":"development","msg":"granot_lifecycle.processing.completed","observability_level":"info","category":"mongo","workflow":"granot_lifecycle"}
{"level":"info","time":"2026-09-18T23:09:55.162Z","service":"vantage-main-server","env":"development","msg":"granot_lifecycle.processing.completed","receipt_id":"6aad…9154","observation_id":"6aad…9153","decision_id":"6aad…9158","attempt":1,"execution_mode":"live_shadow","outcome":"pending_match","reason_code":"pending_source_scoped_match","duration_ms":1}
{"level":"info","time":"2026-09-18T23:09:55.162Z","service":"vantage-main-server","env":"development","msg":"granot_lifecycle.processing.completed","observability_level":"info","category":"mongo","workflow":"granot_lifecycle"}
{"level":"info","time":"2026-09-18T23:09:55.164Z","service":"vantage-main-server","env":"development","msg":"granot_lifecycle.processing.completed","receipt_id":"6aad…915d","observation_id":"6aad…915c","decision_id":"6aad…915e","attempt":1,"execution_mode":"historical_shadow","outcome":"linked","reason_code":"record_link_established","duration_ms":1}
{"level":"info","time":"2026-09-18T23:09:55.164Z","service":"vantage-main-server","env":"development","msg":"granot_lifecycle.processing.completed","observability_level":"info","category":"mongo","workflow":"granot_lifecycle"}
{"level":"info","time":"2026-09-18T23:09:55.165Z","service":"vantage-main-server","env":"development","msg":"granot_lifecycle.processing.completed","receipt_id":"6aad…9160","observation_id":"6aad…9161","decision_id":"6aad…9163","attempt":1,"execution_mode":"historical_shadow","outcome":"linked","reason_code":"record_link_confirmed","duration_ms":1}
{"level":"info","time":"2026-09-18T23:09:55.165Z","service":"vantage-main-server","env":"development","msg":"granot_lifecycle.processing.completed","observability_level":"info","category":"mongo","workflow":"granot_lifecycle"}
{"level":"info","time":"2026-09-18T23:09:55.166Z","service":"vantage-main-server","env":"development","msg":"granot_lifecycle.processing.completed","receipt_id":"6aad…9166","observation_id":"6aad…9167","decision_id":"6aad…916a","attempt":1,"execution_mode":"historical_shadow","outcome":"conflict","reason_code":"record_link_conflict","duration_ms":1}
{"level":"info","time":"2026-09-18T23:09:55.166Z","service":"vantage-main-server","env":"development","msg":"granot_lifecycle.processing.completed","observability_level":"info","category":"mongo","workflow":"granot_lifecycle"}
{"level":"info","time":"2026-09-18T23:09:55.167Z","service":"vantage-main-server","env":"development","msg":"granot_lifecycle.processing.completed","receipt_id":"6aad…916c","observation_id":"6aad…916b","decision_id":"6aad…9171","attempt":1,"execution_mode":"historical_shadow","outcome":"invalid","reason_code":"invalid_priority_update","duration_ms":0}
{"level":"info","time":"2026-09-18T23:09:55.168Z","service":"vantage-main-server","env":"development","msg":"granot_lifecycle.processing.completed","observability_level":"info","category":"mongo","workflow":"granot_lifecycle"}
{"level":"info","time":"2026-09-18T23:09:55.168Z","service":"vantage-main-server","env":"development","msg":"granot_lifecycle.processing.completed","receipt_id":"6aad…9173","observation_id":"6aad…9172","decision_id":"6aad…9178","attempt":1,"execution_mode":"historical_shadow","outcome":"unsupported","reason_code":"unsupported_booking_action","duration_ms":0}
{"level":"info","time":"2026-09-18T23:09:55.168Z","service":"vantage-main-server","env":"development","msg":"granot_lifecycle.processing.completed","observability_level":"info","category":"mongo","workflow":"granot_lifecycle"}
{"level":"info","time":"2026-09-18T23:09:55.169Z","service":"vantage-main-server","env":"development","msg":"granot_lifecycle.processing.completed","receipt_id":"6aad…917a","observation_id":"6aad…9179","decision_id":"6aad…917c","attempt":1,"execution_mode":"historical_shadow","outcome":"policy_blocked","reason_code":"source_unclassified","duration_ms":0}
{"level":"info","time":"2026-09-18T23:09:55.169Z","service":"vantage-main-server","env":"development","msg":"granot_lifecycle.processing.completed","observability_level":"info","category":"mongo","workflow":"granot_lifecycle"}
{"level":"info","time":"2026-09-18T23:09:55.171Z","service":"vantage-main-server","env":"development","msg":"granot_lifecycle.processing.completed","receipt_id":"6aad…9184","observation_id":"6aad…9183","decision_id":"6aad…9188","attempt":1,"execution_mode":"live","outcome":"pending_match","reason_code":"pending_source_scoped_match","duration_ms":0}
{"level":"info","time":"2026-09-18T23:09:55.171Z","service":"vantage-main-server","env":"development","msg":"granot_lifecycle.processing.completed","observability_level":"info","category":"mongo","workflow":"granot_lifecycle"}
{"level":"info","time":"2026-09-18T23:09:55.174Z","service":"vantage-main-server","env":"development","msg":"granot_lifecycle.processing.completed","receipt_id":"6aad…918a","observation_id":"6aad…9189","decision_id":"6aad…918f","attempt":1,"execution_mode":"live_shadow","outcome":"policy_blocked","reason_code":"shadow_effect_suppressed","duration_ms":1}
{"level":"info","time":"2026-09-18T23:09:55.174Z","service":"vantage-main-server","env":"development","msg":"granot_lifecycle.processing.completed","observability_level":"info","category":"mongo","workflow":"granot_lifecycle"}
{"level":"info","time":"2026-09-18T23:09:55.175Z","service":"vantage-main-server","env":"development","msg":"granot_lifecycle.processing.completed","receipt_id":"6aad…9191","observation_id":"6aad…9190","decision_id":"6aad…9195","attempt":1,"execution_mode":"live_shadow","outcome":"policy_blocked","reason_code":"shadow_effect_suppressed","duration_ms":0}
{"level":"info","time":"2026-09-18T23:09:55.175Z","service":"vantage-main-server","env":"development","msg":"granot_lifecycle.processing.completed","observability_level":"info","category":"mongo","workflow":"granot_lifecycle"}
{"level":"info","time":"2026-09-18T23:09:55.177Z","service":"vantage-main-server","env":"development","msg":"granot_lifecycle.processing.completed","receipt_id":"6aad…9197","observation_id":"6aad…9196","decision_id":"6aad…919b","attempt":9,"execution_mode":"live_shadow","outcome":"unmatched","reason_code":"match_window_expired","duration_ms":1}
{"level":"info","time":"2026-09-18T23:09:55.177Z","service":"vantage-main-server","env":"development","msg":"granot_lifecycle.processing.completed","observability_level":"info","category":"mongo","workflow":"granot_lifecycle"}
{"level":"info","time":"2026-09-18T23:09:55.178Z","service":"vantage-main-server","env":"development","msg":"granot_lifecycle.processing.completed","receipt_id":"6aad…919d","observation_id":"6aad…919c","decision_id":"6aad…91a2","attempt":1,"execution_mode":"live_shadow","outcome":"policy_blocked","reason_code":"shadow_effect_suppressed","duration_ms":0}
{"level":"info","time":"2026-09-18T23:09:55.178Z","service":"vantage-main-server","env":"development","msg":"granot_lifecycle.processing.completed","observability_level":"info","category":"mongo","workflow":"granot_lifecycle"}
{"level":"info","time":"2026-09-18T23:09:55.180Z","service":"vantage-main-server","env":"development","msg":"granot_lifecycle.processing.completed","receipt_id":"6aad…91a4","observation_id":"6aad…91a3","decision_id":"6aad…91a9","attempt":1,"execution_mode":"live_shadow","outcome":"already_current","reason_code":"desired_state_already_current","duration_ms":1}
{"level":"info","time":"2026-09-18T23:09:55.180Z","service":"vantage-main-server","env":"development","msg":"granot_lifecycle.processing.completed","observability_level":"info","category":"mongo","workflow":"granot_lifecycle"}
{"level":"info","time":"2026-09-18T23:09:55.182Z","service":"vantage-main-server","env":"development","msg":"granot_lifecycle.processing.completed","receipt_id":"6aad…91ab","observation_id":"6aad…91aa","decision_id":"6aad…91b4","attempt":1,"execution_mode":"live","outcome":"already_current","reason_code":"desired_state_already_current","duration_ms":1}
{"level":"info","time":"2026-09-18T23:09:55.182Z","service":"vantage-main-server","env":"development","msg":"granot_lifecycle.processing.completed","observability_level":"info","category":"mongo","workflow":"granot_lifecycle"}
{"level":"info","time":"2026-09-18T23:09:55.184Z","service":"vantage-main-server","env":"development","msg":"granot_lifecycle.processing.completed","receipt_id":"6aad…91b6","observation_id":"6aad…91b5","decision_id":"6aad…91c1","attempt":1,"execution_mode":"live","outcome":"stale","reason_code":"older_than_temporal_winner","duration_ms":1}
{"level":"info","time":"2026-09-18T23:09:55.184Z","service":"vantage-main-server","env":"development","msg":"granot_lifecycle.processing.completed","observability_level":"info","category":"mongo","workflow":"granot_lifecycle"}
{"level":"info","time":"2026-09-18T23:09:55.186Z","service":"vantage-main-server","env":"development","msg":"granot_lifecycle.processing.completed","receipt_id":"6aad…91c3","observation_id":"6aad…91c2","decision_id":"6aad…91c7","attempt":1,"execution_mode":"historical_shadow","outcome":"linked","reason_code":"record_link_established","duration_ms":1}
{"level":"info","time":"2026-09-18T23:09:55.186Z","service":"vantage-main-server","env":"development","msg":"granot_lifecycle.processing.completed","observability_level":"info","category":"mongo","workflow":"granot_lifecycle"}
{"level":"info","time":"2026-09-18T23:09:55.188Z","service":"vantage-main-server","env":"development","msg":"granot_lifecycle.processing.completed","receipt_id":"6aad…91ca","observation_id":"6aad…91c9","decision_id":"6aad…91ce","attempt":1,"execution_mode":"historical_shadow","outcome":"linked","reason_code":"record_link_established","duration_ms":1}
{"level":"info","time":"2026-09-18T23:09:55.188Z","service":"vantage-main-server","env":"development","msg":"granot_lifecycle.processing.completed","observability_level":"info","category":"mongo","workflow":"granot_lifecycle"}
{"level":"info","time":"2026-09-18T23:09:55.191Z","service":"vantage-main-server","env":"development","msg":"granot_lifecycle.processing.completed","receipt_id":"6aad…91d1","observation_id":"6aad…91d0","decision_id":"6aad…91d6","attempt":1,"execution_mode":"live","outcome":"applied","reason_code":"lead_state_changed","duration_ms":2}
{"level":"info","time":"2026-09-18T23:09:55.192Z","service":"vantage-main-server","env":"development","msg":"granot_lifecycle.processing.completed","observability_level":"info","category":"mongo","workflow":"granot_lifecycle"}
{"level":"info","time":"2026-09-18T23:09:55.196Z","service":"vantage-main-server","env":"development","msg":"granot_lifecycle.processing.completed","receipt_id":"6aad…91e3","observation_id":"6aad…91e2","decision_id":"6aad…91f0","attempt":1,"execution_mode":"live","outcome":"stale","reason_code":"older_than_temporal_winner","duration_ms":2}
{"level":"info","time":"2026-09-18T23:09:55.196Z","service":"vantage-main-server","env":"development","msg":"granot_lifecycle.processing.completed","observability_level":"info","category":"mongo","workflow":"granot_lifecycle"}
{"level":"info","time":"2026-09-18T23:09:55.198Z","service":"vantage-main-server","env":"development","msg":"granot_lifecycle.processing.completed","receipt_id":"6aad…91f2","observation_id":"6aad…91f1","decision_id":"6aad…91fb","attempt":1,"execution_mode":"live","outcome":"already_current","reason_code":"desired_state_already_current","duration_ms":0}
{"level":"info","time":"2026-09-18T23:09:55.198Z","service":"vantage-main-server","env":"development","msg":"granot_lifecycle.processing.completed","observability_level":"info","category":"mongo","workflow":"granot_lifecycle"}
{"level":"info","time":"2026-09-18T23:09:55.205Z","service":"vantage-main-server","env":"development","msg":"granot_lifecycle.processing.completed","receipt_id":"6aad…91fd","observation_id":"6aad…91fc","decision_id":"6aad…9206","attempt":1,"execution_mode":"live","outcome":"stale","reason_code":"older_than_temporal_winner","duration_ms":2}
{"level":"info","time":"2026-09-18T23:09:55.205Z","service":"vantage-main-server","env":"development","msg":"granot_lifecycle.processing.completed","observability_level":"info","category":"mongo","workflow":"granot_lifecycle"}
{"level":"info","time":"2026-09-18T23:09:55.223Z","service":"vantage-main-server","env":"development","msg":"granot_lifecycle.processing.completed","receipt_id":"6aad…9208","observation_id":"6aad…9207","decision_id":"6aad…920d","attempt":1,"execution_mode":"live","outcome":"policy_blocked","reason_code":"target_source_company_inactive","duration_ms":16}
{"level":"info","time":"2026-09-18T23:09:55.223Z","service":"vantage-main-server","env":"development","msg":"granot_lifecycle.processing.completed","observability_level":"info","category":"mongo","workflow":"granot_lifecycle"}
{"level":"info","time":"2026-09-18T23:09:55.225Z","service":"vantage-main-server","env":"development","msg":"granot_lifecycle.processing.completed","receipt_id":"6aad…920f","observation_id":"6aad…920e","decision_id":"6aad…9214","attempt":1,"execution_mode":"live","outcome":"linked","reason_code":"record_link_established","duration_ms":1}
{"level":"info","time":"2026-09-18T23:09:55.225Z","service":"vantage-main-server","env":"development","msg":"granot_lifecycle.processing.completed","observability_level":"info","category":"mongo","workflow":"granot_lifecycle"}
{"level":"info","time":"2026-09-18T23:09:55.240Z","service":"vantage-main-server","env":"development","msg":"granot_lifecycle.processing.completed","receipt_id":"6aad…9217","observation_id":"6aad…9216","decision_id":"6aad…921c","attempt":1,"execution_mode":"live","outcome":"created","reason_code":"lead_created_authorized","duration_ms":2}
{"level":"info","time":"2026-09-18T23:09:55.240Z","service":"vantage-main-server","env":"development","msg":"granot_lifecycle.processing.completed","observability_level":"info","category":"mongo","workflow":"granot_lifecycle"}
{"level":"info","time":"2026-09-18T23:09:55.242Z","service":"vantage-main-server","env":"development","msg":"granot_lifecycle.processing.completed","receipt_id":"6aad…9221","observation_id":"6aad…9220","decision_id":"6aad…9225","attempt":1,"execution_mode":"live","outcome":"created","reason_code":"lead_created_authorized","duration_ms":1}
{"level":"info","time":"2026-09-18T23:09:55.242Z","service":"vantage-main-server","env":"development","msg":"granot_lifecycle.processing.completed","observability_level":"info","category":"mongo","workflow":"granot_lifecycle"}
{"level":"info","time":"2026-09-18T23:09:55.243Z","service":"vantage-main-server","env":"development","msg":"granot_lifecycle.processing.completed","receipt_id":"6aad…9221","observation_id":"6aad…9220","decision_id":"6aad…922e","attempt":1,"execution_mode":"live","outcome":"conflict","reason_code":"multiple_eligible_matches","duration_ms":1}
{"level":"info","time":"2026-09-18T23:09:55.243Z","service":"vantage-main-server","env":"development","msg":"granot_lifecycle.processing.completed","observability_level":"info","category":"mongo","workflow":"granot_lifecycle"}
{"level":"info","time":"2026-09-18T23:09:55.246Z","service":"vantage-main-server","env":"development","msg":"granot_lifecycle.processing.completed","receipt_id":"6aad…9231","observation_id":"6aad…9230","decision_id":"6aad…9235","attempt":1,"execution_mode":"live","outcome":"applied","reason_code":"lead_state_changed","duration_ms":1}
{"level":"info","time":"2026-09-18T23:09:55.246Z","service":"vantage-main-server","env":"development","msg":"granot_lifecycle.processing.completed","observability_level":"info","category":"mongo","workflow":"granot_lifecycle"}
{"level":"info","time":"2026-09-18T23:09:55.247Z","service":"vantage-main-server","env":"development","msg":"granot_lifecycle.processing.completed","receipt_id":"6aad…9238","observation_id":"6aad…9237","decision_id":"6aad…923c","attempt":1,"execution_mode":"live","outcome":"applied","reason_code":"lead_state_changed","duration_ms":1}
{"level":"info","time":"2026-09-18T23:09:55.247Z","service":"vantage-main-server","env":"development","msg":"granot_lifecycle.processing.completed","observability_level":"info","category":"mongo","workflow":"granot_lifecycle"}
{"level":"info","time":"2026-09-18T23:09:55.253Z","service":"vantage-main-server","env":"development","msg":"granot_lifecycle.processing.completed","receipt_id":"6aad…923f","observation_id":"6aad…923e","decision_id":"6aad…9246","attempt":1,"execution_mode":"live","outcome":"applied","reason_code":"lead_state_changed","duration_ms":3}
{"level":"info","time":"2026-09-18T23:09:55.253Z","service":"vantage-main-server","env":"development","msg":"granot_lifecycle.processing.completed","observability_level":"info","category":"mongo","workflow":"granot_lifecycle"}
{"level":"info","time":"2026-09-18T23:09:55.254Z","service":"vantage-main-server","env":"development","msg":"granot_lifecycle.processing.completed","receipt_id":"6aad…9249","observation_id":"6aad…9248","decision_id":"6aad…924f","attempt":1,"execution_mode":"live","outcome":"conflict","reason_code":"job_number_conflict","duration_ms":0}
{"level":"info","time":"2026-09-18T23:09:55.254Z","service":"vantage-main-server","env":"development","msg":"granot_lifecycle.processing.completed","observability_level":"info","category":"mongo","workflow":"granot_lifecycle"}
{"level":"info","time":"2026-09-18T23:09:55.257Z","service":"vantage-main-server","env":"development","msg":"granot_lifecycle.processing.completed","receipt_id":"6aad…9251","observation_id":"6aad…9250","decision_id":"6aad…9257","attempt":1,"execution_mode":"live","outcome":"applied","reason_code":"lead_state_changed","duration_ms":1}
{"level":"info","time":"2026-09-18T23:09:55.258Z","service":"vantage-main-server","env":"development","msg":"granot_lifecycle.processing.completed","observability_level":"info","category":"mongo","workflow":"granot_lifecycle"}
{"level":"info","time":"2026-09-18T23:09:55.260Z","service":"vantage-main-server","env":"development","msg":"granot_lifecycle.processing.completed","receipt_id":"6aad…925a","observation_id":"6aad…9259","decision_id":"6aad…9262","attempt":1,"execution_mode":"live","outcome":"applied","reason_code":"lead_state_changed","duration_ms":2}
{"level":"info","time":"2026-09-18T23:09:55.260Z","service":"vantage-main-server","env":"development","msg":"granot_lifecycle.processing.completed","observability_level":"info","category":"mongo","workflow":"granot_lifecycle"}
{"level":"info","time":"2026-09-18T23:09:55.263Z","service":"vantage-main-server","env":"development","msg":"granot_lifecycle.processing.completed","receipt_id":"6aad…9265","observation_id":"6aad…9264","decision_id":"6aad…926c","attempt":1,"execution_mode":"live","outcome":"conflict","reason_code":"record_link_conflict","duration_ms":2}
{"level":"info","time":"2026-09-18T23:09:55.263Z","service":"vantage-main-server","env":"development","msg":"granot_lifecycle.processing.completed","observability_level":"info","category":"mongo","workflow":"granot_lifecycle"}
{"level":"info","time":"2026-09-18T23:09:55.266Z","service":"vantage-main-server","env":"development","msg":"granot_lifecycle.processing.completed","receipt_id":"6aad…9276","observation_id":"6aad…9275","decision_id":"6aad…927b","attempt":1,"execution_mode":"live","outcome":"policy_blocked","reason_code":"global_effect_disabled","duration_ms":1}
{"level":"info","time":"2026-09-18T23:09:55.266Z","service":"vantage-main-server","env":"development","msg":"granot_lifecycle.processing.completed","observability_level":"info","category":"mongo","workflow":"granot_lifecycle"}
{"level":"info","time":"2026-09-18T23:09:55.266Z","service":"vantage-main-server","env":"development","msg":"granot_lifecycle.processing.completed","receipt_id":"6aad…9276","observation_id":"6aad…9275","decision_id":"6aad…927c","attempt":1,"execution_mode":"live_shadow","outcome":"policy_blocked","reason_code":"shadow_effect_suppressed","duration_ms":0}
{"level":"info","time":"2026-09-18T23:09:55.266Z","service":"vantage-main-server","env":"development","msg":"granot_lifecycle.processing.completed","observability_level":"info","category":"mongo","workflow":"granot_lifecycle"}
{"level":"info","time":"2026-09-18T23:09:55.267Z","service":"vantage-main-server","env":"development","msg":"granot_lifecycle.processing.completed","receipt_id":"6aad…927e","observation_id":"6aad…927d","decision_id":"6aad…927f","attempt":1,"execution_mode":"live","outcome":"insufficient_creation_data","reason_code":"missing_creation_contact","duration_ms":0}
{"level":"info","time":"2026-09-18T23:09:55.267Z","service":"vantage-main-server","env":"development","msg":"granot_lifecycle.processing.completed","observability_level":"info","category":"mongo","workflow":"granot_lifecycle"}
{"level":"info","time":"2026-09-18T23:09:55.269Z","service":"vantage-main-server","env":"development","msg":"granot_lifecycle.processing.completed","receipt_id":"6aad…9276","observation_id":"6aad…9275","decision_id":"6aad…9282","attempt":1,"execution_mode":"live","outcome":"insufficient_creation_data","reason_code":"missing_creation_route_data","duration_ms":1}
{"level":"info","time":"2026-09-18T23:09:55.269Z","service":"vantage-main-server","env":"development","msg":"granot_lifecycle.processing.completed","observability_level":"info","category":"mongo","workflow":"granot_lifecycle"}
{"level":"info","time":"2026-09-18T23:09:55.273Z","service":"vantage-main-server","env":"development","msg":"granot_lifecycle.processing.completed","receipt_id":"6aad…9288","observation_id":"6aad…9287","decision_id":"6aad…9289","attempt":1,"execution_mode":"live","outcome":"created","reason_code":"lead_created_authorized","duration_ms":3}
{"level":"info","time":"2026-09-18T23:09:55.273Z","service":"vantage-main-server","env":"development","msg":"granot_lifecycle.processing.completed","observability_level":"info","category":"mongo","workflow":"granot_lifecycle"}
{"level":"info","time":"2026-09-18T23:09:55.275Z","service":"vantage-main-server","env":"development","msg":"granot_lifecycle.processing.completed","receipt_id":"6aad…928e","observation_id":"6aad…928d","decision_id":"6aad…928f","attempt":1,"execution_mode":"live","outcome":"created","reason_code":"lead_created_authorized","duration_ms":0}
{"level":"info","time":"2026-09-18T23:09:55.275Z","service":"vantage-main-server","env":"development","msg":"granot_lifecycle.processing.completed","observability_level":"info","category":"mongo","workflow":"granot_lifecycle"}
{"level":"info","time":"2026-09-18T23:09:55.275Z","service":"vantage-main-server","env":"development","msg":"granot_lifecycle.processing.completed","receipt_id":"6aad…9294","observation_id":"6aad…9293","decision_id":"6aad…9295","attempt":1,"execution_mode":"live","outcome":"insufficient_creation_data","reason_code":"missing_creation_route_data","duration_ms":0}
{"level":"info","time":"2026-09-18T23:09:55.275Z","service":"vantage-main-server","env":"development","msg":"granot_lifecycle.processing.completed","observability_level":"info","category":"mongo","workflow":"granot_lifecycle"}
{"level":"info","time":"2026-09-18T23:09:55.276Z","service":"vantage-main-server","env":"development","msg":"granot_lifecycle.processing.completed","receipt_id":"6aad…9297","observation_id":"6aad…9296","decision_id":"6aad…9298","attempt":1,"execution_mode":"live","outcome":"insufficient_creation_data","reason_code":"missing_creation_route_data","duration_ms":0}
{"level":"info","time":"2026-09-18T23:09:55.276Z","service":"vantage-main-server","env":"development","msg":"granot_lifecycle.processing.completed","observability_level":"info","category":"mongo","workflow":"granot_lifecycle"}
{"level":"info","time":"2026-09-18T23:09:55.278Z","service":"vantage-main-server","env":"development","msg":"granot_lifecycle.processing.completed","receipt_id":"6aad…929a","observation_id":"6aad…9299","decision_id":"6aad…929e","attempt":1,"execution_mode":"live","outcome":"pending_match","reason_code":"pending_source_scoped_match","duration_ms":1}
{"level":"info","time":"2026-09-18T23:09:55.278Z","service":"vantage-main-server","env":"development","msg":"granot_lifecycle.processing.completed","observability_level":"info","category":"mongo","workflow":"granot_lifecycle"}
{"level":"info","time":"2026-09-18T23:09:55.280Z","service":"vantage-main-server","env":"development","msg":"granot_lifecycle.processing.completed","receipt_id":"6aad…92a0","observation_id":"6aad…929f","decision_id":"6aad…92a4","attempt":9,"execution_mode":"live_shadow","outcome":"unmatched","reason_code":"match_window_expired","duration_ms":1}
{"level":"info","time":"2026-09-18T23:09:55.280Z","service":"vantage-main-server","env":"development","msg":"granot_lifecycle.processing.completed","observability_level":"info","category":"mongo","workflow":"granot_lifecycle"}
{"level":"info","time":"2026-09-18T23:09:55.283Z","service":"vantage-main-server","env":"development","msg":"granot_lifecycle.processing.completed","receipt_id":"6aad…92a6","observation_id":"6aad…92a5","decision_id":"6aad…92ab","attempt":1,"execution_mode":"live","outcome":"created","reason_code":"lead_created_authorized","duration_ms":0}
{"level":"info","time":"2026-09-18T23:09:55.283Z","service":"vantage-main-server","env":"development","msg":"granot_lifecycle.processing.completed","observability_level":"info","category":"mongo","workflow":"granot_lifecycle"}
{"level":"info","time":"2026-09-18T23:09:55.285Z","service":"vantage-main-server","env":"development","msg":"granot_lifecycle.processing.completed","receipt_id":"6aad…92b0","observation_id":"6aad…92af","decision_id":"6aad…92b4","attempt":1,"execution_mode":"live","outcome":"pending_match","reason_code":"pending_source_scoped_match","duration_ms":1}
{"level":"info","time":"2026-09-18T23:09:55.285Z","service":"vantage-main-server","env":"development","msg":"granot_lifecycle.processing.completed","observability_level":"info","category":"mongo","workflow":"granot_lifecycle"}
✔ Form q for a Granot-only name includes granot_contact_snapshot.name (4.373ms)
✔ Form q for an ingested-only email includes ingested_contact_snapshot.email (3.8183ms)
✔ Form q for a typed phone substring hits live and snapshot phone paths (1.2332ms)
✔ Form q still hits job_no and ref_no (0.8693ms)
✔ Call q includes ingested and Granot snapshot contact paths (1.1091ms)
✔ empty q still pins ranked identity; explicit q still pins nothing (1.929ms)
✔ Form item with a snapshot returns known_contacts.granot and live contact stays Form submitted (2.1962ms)
✔ Form item without a snapshot omits known_contacts.granot (0.4903ms)
✔ listGranotLifecycleCaseCandidates Form q uses snapshot paths, excludes Duplicate/Bad, and maps known_contacts (13.0769ms)
✔ listGranotLifecycleCaseCandidates Call q uses snapshot paths and maps known_contacts (2.4129ms)
✔ listGranotLifecycleCaseCandidates Call q for Granot-only phone hits snapshot phone paths (2.0868ms)
﹣ [AC-18][AC-20][AC-35][AC-39] replica lifecycle reads leave aggregate and effect collection counts unchanged (2.8151ms) # Replica-set proof requires TEST_MODE=true before process start.
✔ [AC-35] Job path normalization rejects empty values (6.2805ms)
✔ [AC-35] the discrepancy queue still masks the contact it never asks anyone to call (1.3875ms)
✔ an intake names the customer the Owner has to call, and falls back to how to reach them (0.7514ms)
✔ [AC-23] candidate ranking pins the suggested Lead, then high confidence, and is stable (4.6388ms)
✔ intake case detail hands the Owner the whole contact, not an initial and four digits (0.6035ms)
✔ [AC-20] [AC-36] [AC-40] timeline order is stable and evidence is not collapsed (5.0934ms)
✔ [AC-35] lifecycle DTO recursive guard rejects raw transport and credentials (1.1678ms)
✔ list deterministic booking exposes the official id and public-cancel eligibility (30.2912ms)
✔ [AC-31] health flag names match the ten centralized lifecycle flags and do not promote effects (0.8535ms)
✔ [AC-37] due work includes expired claims and excludes unexpired claimed leases (0.789ms)
✔ [AC-P7] list compact pairing matches the creating Booked class and omits Release rows (2.2859ms)
✔ [AC-P4][AC-P6][AC-P7] detail pairing includes later Priority 5 and is null for historical Priority 5 only (1.1352ms)
✔ [AC-R10] default intakes list is booking-only; kind=release still lists historical Release cases (0.4918ms)
✔ list latest_action uses booking-intake selection so later Priority 5 cannot win (0.5906ms)
✔ [AC-R3] pairing is omitted on a Release-only booking case (0.3256ms)
✔ [AC-R3] capabilities matrix follows spec §7 and hides Confirm Cancellation when commands are off (0.606ms)
{"level":"info","time":"2026-09-18T23:09:49.982Z","service":"vantage-main-server","env":"development","msg":"granot_lifecycle.queue.publish_skipped","receipt_id":"rece…skip","observation_channel":"granot_webhook"}
✔ [AC-35] publisher is skipped in the test runner and never sends a queue message (5.8044ms)
✔ [AC-02][AC-35] publisher sends exactly { receipt_id } when publishing is enabled (2.9951ms)
✔ [AC-35] publish failure is observed safely and does not throw (3.154ms)
{"level":"info","time":"2026-09-18T23:09:49.991Z","service":"vantage-main-server","env":"development","msg":"granot_lifecycle.queue.published","receipt_id":"rece…pt-1","observation_channel":"granot_webhook"}
{"level":"error","time":"2026-09-18T23:09:49.993Z","service":"vantage-main-server","env":"development","msg":"granot_lifecycle.queue.publish_failed","error_code":"technical_failure","receipt_id":"rece…iled","observation_channel":"granot_webhook"}
{"level":"error","time":"2026-09-18T23:09:49.994Z","service":"vantage-main-server","env":"development","msg":"granot_lifecycle.queue.publish_failed","observability_level":"error","category":"queue","workflow":"granot_lifecycle_queue","entity_id":"receip...iled"}
✔ [AC-02][AC-35] hashes canonical credential-redacted JSON as lowercase SHA-256 hex (6.0392ms)
✔ [AC-35] reports removed credential-key counts only and never values (0.7078ms)
✔ [AC-35] leaves non-credential keys untouched and starts counts at zero (0.4327ms)
✔ [AC-02] identical redacted payloads produce the same hash and remain distinct receipts later (0.4427ms)
✔ [AC-02] received legacy processing translates to pending defaults only (0.4645ms)
✔ [AC-02] refused legacy processing statuses are not translated (0.3397ms)
✔ [AC-02][AC-35] legacy webhook fill uses 34.1 mapping, legacy_unknown, and count-only redaction (2.6389ms)
✔ channel filter excludes browser_extension and granot_http_automation receipts (18.512ms)
✔ ref_no hits an Observation, a pending receipt fallback, and misses others (2.2455ms)
✔ job_no hits an Observation, a pending receipt fallback, and misses others (1.4232ms)
✔ name hits an Observation, a pending receipt fallback, and misses others (1.7124ms)
✔ phone hits an Observation, a pending receipt fallback, and misses others (1.3985ms)
✔ email hits an Observation, a pending receipt fallback, and misses others (1.4158ms)
✔ source_company_id and booking_action ignore pending receipts (26.0279ms)
✔ booking_action booked and release are distinct (16.8821ms)
✔ payload event_type cannot reroute route_event_class (17.936ms)
✔ lead_created and priority_updated never return a booking action on the DTO (31.8032ms)
✔ Owner list returns unmasked contact and credential-redacted granot_statement (1.0458ms)
✔ pending receipt and empty Observation phone or email fill from the redacted payload (0.817ms)
✔ cursor page is stable newest-first (2.5708ms)
✔ intake_case_id joins the booking case by Job Number, including lead_created (0.5143ms)
✔ empty find lists newest webhook receipts first (0.7597ms)
✔ opaque cursor encoder matches the case-list keyset shape (0.4218ms)
﹣ [AC-28][AC-32] replica Referral creation is exact, lead-free, atomic, and replay-safe (4.4922ms) # Replica-set proof requires TEST_MODE=true before process start.
﹣ [AC-28] already-satisfied Referral evidence resolves without a second Booking (0.9024ms) # Replica-set proof requires TEST_MODE=true before process start.
﹣ [AC-28] existing Referral Booking supports official update and case-only No Action without a Lead (0.6687ms) # Replica-set proof requires TEST_MODE=true before process start.
﹣ [AC-28][AC-32] competing Owners converge and policy drift fails closed (0.8158ms) # Replica-set proof requires TEST_MODE=true before process start.
﹣ [AC-28][AC-32] Referral creation rolls back after every persisted boundary (0.49ms) # Replica-set proof requires TEST_MODE=true before process start.
✔ [AC-28] Referral Booking exposes the canonical command name (2.3859ms)
✔ [AC-28] Referral Booking rejects non-Owner authority before storage access (2.0995ms)
﹣ [AC-21][AC-25][AC-32] Release No Action resolves only case and Command with exact replay (2.9269ms) # Replica-set proof requires TEST_MODE=true before process start.
﹣ [AC-21][AC-25][AC-32] Release Update Booking fully replaces official fields atomically (0.7795ms) # Replica-set proof requires TEST_MODE=true before process start.
﹣ [AC-21][AC-25][AC-26][AC-32] Confirm Cancellation writes one complete causal chain (0.9276ms) # Replica-set proof requires TEST_MODE=true before process start.
﹣ [AC-26][AC-32] a verified current Cancellation resolves already-satisfied without another effect (0.489ms) # Replica-set proof requires TEST_MODE=true before process start.
﹣ [AC-25][AC-32] verified Referral Booking cancels without fabricating a Lead mirror (0.548ms) # Replica-set proof requires TEST_MODE=true before process start.
﹣ Confirm Granot Cancellation succeeds on a Granot official Leadless Booking without a Lead mirror (0.4556ms) # Replica-set proof requires TEST_MODE=true before process start.
﹣ [AC-21] all pairwise Release commands have exactly one case-revision winner (0.519ms) # Replica-set proof requires TEST_MODE=true before process start.
﹣ [AC-32] Cancellation, update, and No Action roll back after every write boundary (0.8548ms) # Replica-set proof requires TEST_MODE=true before process start.
﹣ [AC-25][AC-32][AC-36] Release races converge, replay dedupes, and resolved rows advance max+1 (2.9453ms) # Replica-set proof requires TEST_MODE=true before process start.
﹣ [AC-25][AC-31][AC-32] refresh splits revisions and Decision failure rolls back create and refresh (1.0691ms) # Replica-set proof requires TEST_MODE=true before process start.
﹣ [AC-25][AC-29][AC-40] Booking and Release cases coexist without forbidden side effects (0.6354ms) # Replica-set proof requires TEST_MODE=true before process start.
{"level":"info","time":"2026-09-18T23:10:01.481Z","service":"vantage-main-server","env":"development","msg":"granot_lifecycle.release_case.opened","observability_level":"info","category":"booking","workflow":"granot_release_reconciliation"}
▶ Release Reconciliation classification
  ✔ [AC-25] active deterministic Booking opens Release review even without a Lead (6.6556ms)
  ✔ [AC-26] already officially cancelled Release is already-current and never a case (0.7285ms)
  ✔ [AC-27] missing Booking and exact identity conflicts route to the typed discrepancy seam (0.865ms)
  ✔ [AC-40] ignores non-Release evidence and never contact-selects a Booking (0.4443ms)
✔ Release Reconciliation classification (11.0612ms)
▶ Release Reconciliation persistence
  ✔ [AC-25] atomically opens and refreshes one Release case with immutable opening Booking revision (9.0534ms)
✔ Release Reconciliation persistence (9.5128ms)
{"level":"info","time":"2026-09-18T23:10:01.484Z","service":"vantage-main-server","env":"development","msg":"granot_lifecycle.release_case.refreshed","observability_level":"info","category":"booking","workflow":"granot_release_reconciliation"}
✔ [AC-35] lifecycle failure logs contain bounded codes and masked identifiers only (2.7101ms)
✔ [AC-30] foundation technical retry uses exact exponential cap and 0-25% jitter (1.8108ms)
✔ [AC-30] foundation pending-match offsets are absolute from captured_at (3.0954ms)
✔ [AC-30] foundation still-failed match at or after 24 hours is not scheduled (0.4115ms)
✔ [AC-30] foundation sync poll backoff stays bounded inside five seconds (0.3772ms)
✔ [AC-38] zero, multiple, inactive, and ambiguous runtime matches never pick a row or route (5.0018ms)
✔ [AC-38] policy cache cannot serve a precommit snapshot (1.1591ms)
✔ [AC-09] Best Relocation Form same valid states select local; different select long-distance; invalid select none (1.6897ms)
✔ [AC-29] deferred Paid Overflow and Auto authorize no effect; payload type is not classification input (1.2516ms)
✔ [AC-04] ineligible Source Scope fails gates and provides no reassignment output (1.5765ms)
✔ gate evaluator snapshots every layer in stable order and maps deferred vs policy_blocked (1.8727ms)
✔ [AC-28] reviewed Referral reconciliation treats absent Lead scope gates as not applicable (0.7757ms)
✔ source-policy suite never imports the Twilio adapter (0.8707ms)
✔ twelve policy × effect outcomes are independent for link, enrich, create, and text (1.0941ms)
✔ a later store edit does not mutate an already-returned SourcePolicySnapshot (0.7608ms)
﹣ [AC-05][AC-07][AC-10][AC-11][AC-32] replica WordPress matched write is one causal transaction (2.9851ms) # Replica-set proof requires TEST_MODE=true before process start.
﹣ [AC-12] replica RingCentral Call qualified contact writes snapshot only (0.8145ms) # Replica-set proof requires TEST_MODE=true before process start.
﹣ [AC-12] replica Granot-created Form contact becomes current and keeps origin (0.4471ms) # Replica-set proof requires TEST_MODE=true before process start.
﹣ [AC-13] replica Agent fills only an empty receiver through one active match (0.7613ms) # Replica-set proof requires TEST_MODE=true before process start.
﹣ [AC-05] replica Bad Form stores Priority only and Duplicate never becomes a target (0.4896ms) # Replica-set proof requires TEST_MODE=true before process start.
﹣ [AC-07][AC-32] replica establish, attach, confirm, and duplicate-key race (1.7647ms) # Replica-set proof requires TEST_MODE=true before process start.
﹣ [AC-32] replica revision race has one winner and rolls back the losing transaction (1.9047ms) # Replica-set proof requires TEST_MODE=true before process start.
﹣ [AC-32] replica equal-time Observation tie-break admits only the greater ObjectId (0.4603ms) # Replica-set proof requires TEST_MODE=true before process start.
✔ [AC-32] command refuses shadow or disabled Lead writes before the executor (9.343ms)
✔ [AC-32] command refuses a failed gate snapshot before the executor (1.0132ms)
✔ [AC-32] Granot command context requires the processor actor and webhook initiator (1.5346ms)
✔ receiver fill derives catalog name snapshot and set_at off the planner (1.6015ms)
✔ Changed in Granot ignores US country-code phone formatting (1.0936ms)
✔ Changed in Granot ignores email case and name capitalization (0.3594ms)
✔ Changed in Granot ignores Granot first/last split of a name-only form submit (0.5151ms)
✔ Changed in Granot stays true when Granot last name adds another person (0.2654ms)
✔ Changed in Granot stays true for a different person or reach path (0.313ms)
✔ Call Lead synchronize persists Granot Contact Snapshot and leaves live phone unchanged (4.2033ms)
✔ [AC-07] trusted Granot Form validator may omit move_size and forces post_to_granot=false (9.5452ms)
✔ [AC-07] trusted Granot Form validator rejects caller override of post_to_granot (1.7053ms)
✔ [AC-07] trusted Granot Call validator allows Job Number without phone and forces post_to_granot=false (2.244ms)
✔ [AC-07] trusted Granot validators reject public lifecycle metadata keys (1.3293ms)
✔ [AC-03][AC-05][AC-06][AC-29] shared lifecycle vocabulary remains exact (1.5516ms)
✔ Form duplicate classification isolates cutoff cohorts and exact granularities (25.0246ms)
✔ matched modern production duplicate outcome is preserved (0.5086ms)
✔ Call duplicates use earlier non-duplicate anchors in inclusive 90-day exact-granularity window (0.622ms)
✔ Form Fill is time-unbounded and Source Company scoped after Form classification (0.4328ms)
✔ classification fails closed without exact granularity (0.8781ms)
✔ manifest bytes and hash are stable for identical reviewed inputs (74.5761ms)
✔ manifest identity is deterministic when the caller does not supply one (2.9729ms)
✔ manifest parser rejects modified bytes (4.268ms)
✔ rehearsal and production target guards fail closed (2.7505ms)
✔ migration context cannot be enabled outside the canonical local adapter (0.8934ms)
✔ exact normalization applies NFKC, whitespace collapse, and case folding (1.7475ms)
✔ agent parsing removes terminal metadata and preserves slash order (2.7344ms)
✔ agent parsing rejects repeated and unrecognized separators (1.0151ms)
✔ customer parsing preserves compound display text as one customer (0.6077ms)
✔ money parser uses cents and rejects blank, negative, and over-precision (0.7674ms)
✔ integer-cent allocations are exact for one, two, and three agents (0.8759ms)
✔ Eastern parser handles DST and the reviewed malformed-year correction (40.0295ms)
✔ Google serial dates are interpreted as Eastern wall-clock values (0.6988ms)
✔ planner produces a schema-valid deterministic manifest for a new source and form lead (407.2164ms)
✔ rollback restores exact values and unsets fields that were originally absent (13.7577ms)
✔ update validation accepts a production nested object path (3.2728ms)
✔ update validation rejects an unknown nested object path (1.0318ms)
✔ recurring source window starts at New York midnight on 2026-04-30 (9.6102ms)
✔ stable managed identity survives row reordering (17.8145ms)
✔ preview never repairs missing managed identities (8.1198ms)
✔ leased identity repair writes empty cells once and verifies read-back (12.4205ms)
✔ copied managed identities block repair instead of falling back to row number (1.0332ms)
✔ malformed managed identities block inspection (0.625ms)
✔ identity repair never overwrites a value added after inspection (0.6287ms)
✔ identity repair uses atomic empty-cell replacement (1.1059ms)
✔ application plan is immutable and material changes alter its checksum (12.3134ms)
✔ unmatched booking becomes leadless plus one reconciliation conflict (4.4221ms)
✔ LID_BestRelo remains matching evidence and never becomes an action (4.3287ms)
✔ unmatched refund is blocking and cannot guess a cancellation (7.4841ms)
✔ refund matches below the calibrated threshold never cancel (6.8152ms)
✔ review-only refund evidence does not consume a later corroborated match (6.8049ms)
✔ invalid source rows become isolated conflict actions (41.273ms)
✔ three-way update permits only unchanged canonical source-owned fields (9.3637ms)
✔ persistence schemas enforce receipt uniqueness and required indexes (6.5269ms)
✔ ingestion run graph makes all terminal states immutable (3.7979ms)
✔ heartbeat gates skip before source reads (0.7784ms)
✔ apply worker mutates domain state only through canonical commands (53.9767ms)
✔ read paths use readonly Sheets scope and repair has a separate writer (19.3208ms)
✔ worker final and failure transitions remain lease-fenced (23.1567ms)
✔ pre-cutoff observations never enter the application plan (26.4783ms)
✔ refund application window uses Timestamp with exact half-open boundaries (66.3371ms)
✔ one new form lead and one linked refund map to single create actions (8.4834ms)
✔ identical evidence is classified unchanged across replans (3.8823ms)
✔ source evidence reappearance uses the applied baseline, not conflicts (1.1054ms)
✔ missing-source actions preserve canonical refs and never delete (0.5361ms)
✔ bootstrap adoption remaps creates to receipt-only adopt_existing (2.5008ms)
✔ bootstrap adopts nonduplicate calls using DST-aware persisted timestamps (11.5227ms)
✔ apply resumes from checkpoint without replaying successful actions (5.6412ms)
✔ adopt_existing Form Lead supplies the Booking lead_ref without creating a second Lead (4.1697ms)
✔ failed lead dependency blocks dependent booking and continues independently (5.4838ms)
✔ concurrent apply lease acquisition admits only one owner (1.9666ms)
✔ altered plan checksum is rejected before any mutation (4.9763ms)
✔ health signals alert on structural and growth thresholds (0.9842ms)
✔ conflict resolve route delegates booking attach to canonical command (17.3019ms)
✔ ingestion route errors never expose provider or source details (0.9132ms)
✔ WordPress walk-back (72.3668ms)
✔ Lead updated headline omits changed paths (26.3001ms)
✔ Granot-born (2.3385ms)
✔ Latest attempt only (1.3455ms)
✔ Granularity filter (0.71ms)
✔ No contact match (2.005ms)
✔ Priority 5 is not Booked (1.1225ms)
✔ Case is not a Booking (1.1011ms)
✔ Equivalent Job Number (2.3186ms)
✔ Sheet Sync walk-back (1.782ms)
✔ Sheet Sync after official Booking (2.0809ms)
✔ Unresolved Lead has no source-lead Sheet Sync (1.0739ms)
✔ orphan cancellation without snapshot is not a first-hop survivor (0.5289ms)
✔ Typed search not_found (0.3149ms)
✔ Typed equivalent search (0.7445ms)
✔ blank Job Number is invalid_job_number (0.196ms)
✔ assemble is a pure function over injected rows (1.8859ms)
✔ text policy skip is not applicable rather than attention (36.6676ms)
✔ open booking intake yields active stage and no official booking (5.2071ms)
✔ resolved finalizing booking case without fact yields attention (2.3623ms)
✔ ordinary booked job has no cancellation attention (3.9434ms)
✔ resolved release case without cancellation yields attention (2.2381ms)
✔ official cancellation determines cancelled outcome (2.9989ms)
✔ contradictory official chronology yields contradictory outcome (3.0282ms)
✔ synced sheet job still reports google destination unverified (2.5209ms)
✔ wordpress-born golden includes wordpress receipt limitation (20.4214ms)
✔ later Granot receipt does not clear wordpress receipt limitation (33.0375ms)
✔ ringcentral-born golden bounds confidence with the cursor (3.888ms)
✔ move completion and multi query appear only as limitations (3.3136ms)
✔ open cancellation intake does not become official cancelled outcome (1.9541ms)
✔ unresolved lead without official fact is unknown and lead unresolved (1.0802ms)
✔ snapshot-only cancellation is a found cancelled page (1.1266ms)
✔ orphan cancellation without snapshot yields orphan attention (1.0181ms)
✔ sheet sync pending too long uses the module default threshold (1.928ms)
✔ terminal sheet failure yields sheet sync terminal failure (1.3314ms)
✔ disagreeing source scopes yield source scope conflict (1.281ms)
✔ applied decision without entity change yields processing evidence gap (0.9845ms)
✔ applied decision linked by entity change decision id is not a processing evidence gap (1.0878ms)
✔ Masking (49.5122ms)
✔ module WordPress walk-back matches assemble headlines (122.2116ms)
✔ module Granot-born (2.7489ms)
✔ module latest Decision attempt only (1.6709ms)
✔ module intake is not official Booking (1.5768ms)
✔ module equivalent Job Number (2.9632ms)
✔ module Sheet Sync joins by entity ID (2.9738ms)
✔ module redacts contact, SMS body, and raw payloads (2.9886ms)
✔ module typed search not_found (1.0218ms)
✔ module company/granularity mismatch is filtered_out (0.8229ms)
✔ module without now still stamps assembled_at after reads (2.4285ms)
✔ module now sets assembled_at after reads (2.0365ms)
✔ normalizeTypedJobNo trims and uppercases (6.3311ms)
✔ jobsEquivalent treats letter prefix as the same Job Number (0.7451ms)
✔ recent official booking examples stay capped at three and newest book_date first (5.3186ms)
✔ recent official booking examples skip rows without a Job Number and never copy contact (0.924ms)
✔ schema_version is job_timeline.v2 on ok pages (107.0092ms)
✔ source receipt and lead creation remain separate events (9.0241ms)
✔ wordpress creation reports no invented receipt event (2.9843ms)
✔ timeline emits wordpress source_received only when the receipt exists (4.7239ms)
✔ dual clocks order by occurred time and preserve recorded time (2.9385ms)
✔ related receipt decision change and sheet rows share activity id (2.4981ms)
✔ activity grouping does not remove original evidence events (4.6893ms)
✔ orphan cancellation is not attached without durable job snapshot (33.0544ms)
✔ cancellation snapshot restores exact job correlation (1.9454ms)
✔ event cap returns explicit truncation limitation (67.1808ms)
✔ serialized v2 page contains no forbidden fields or contact (20.7595ms)
✔ golden pages cover origin and official-fact shapes (4.8038ms)
✔ skipped ringcentral ledger row is not a source receipt (1.0133ms)
✔ v1 fields remain populated on enhanced events (0.9599ms)
{"level":"info","time":"2026-09-18T23:10:12.769Z","service":"vantage-main-server","env":"development","msg":"lead_messaging.granot_created.already_sent","observationId":"6aadc4d4f31181bc116d504a"}
✔ Granot SMS gates evaluate every named gate and report the first blocker (3.2967ms)
✔ link_only never texts even when every other gate passes (2.3497ms)
✔ not_attested blocks even when outbound_sms.enabled is somehow true (0.5285ms)
✔ renderer substitutes allowlisted placeholders and always appends one opt-out (2.6406ms)
✔ sendGranotCreatedLeadConfirmation never throws and reports already_sent on duplicate key (5.9583ms)
✔ create_if_missing texting uses the resolved Lead Source ID and never looks up by label (1.0942ms)
✔ Twilio adapter stays un-called on gate decisions and persist/dispatch stubs (1.4848ms)
✔ link_only enrich path sends nothing even when persist/dispatch are provided (0.7508ms)
✔ replaying one observation twice yields at most one persist, bounded by identity (1.2404ms)
{"level":"info","time":"2026-09-18T23:10:12.773Z","service":"vantage-main-server","env":"development","msg":"lead_messaging.granot_created.blocked","observationId":"6aadc4d4f31181bc116d5053","blockedReason":"source_policy_create_if_missing","leadModel":"FormLead"}
{"level":"info","time":"2026-09-18T23:10:12.774Z","service":"vantage-main-server","env":"development","msg":"lead_messaging.granot_created.blocked","observationId":"6aadc4d4f31181bc116d5057","blockedReason":"source_policy_create_if_missing","leadModel":"FormLead"}
{"level":"info","time":"2026-09-18T23:10:12.775Z","service":"vantage-main-server","env":"development","msg":"lead_messaging.granot_created.already_sent","observationId":"6aadc4d4f31181bc116d505b"}
{"level":"error","time":"2026-09-18T23:10:12.475Z","service":"vantage-main-server","env":"development","err":{"type":"Error","message":"quiet-hours scheduling failed","stack":"Error: quiet-hours scheduling failed\n    at dispatch (C:\\Users\\Pinda\\Proyectos\\vantage\\vantage-main-server\\src\\services\\leadMessaging\\leadMessaging.service.test.ts:404:15)\n    at dispatchOrQueuePersistedLeadMessage (C:\\Users\\Pinda\\Proyectos\\vantage\\vantage-main-server\\src\\services\\leadMessaging\\leadMessaging.service.ts:274:44)\n    at TestContext.<anonymous> (C:\\Users\\Pinda\\Proyectos\\vantage\\vantage-main-server\\src\\services\\leadMessaging\\leadMessaging.service.test.ts:395:27)\n    at async Test.run (node:internal/test_runner/test:1332:7)\n    at async Test.processPendingSubtests (node:internal/test_runner/test:911:7)"},"msg":"lead_messaging.post_persist_dispatch_failed","leadMessageId":"6aadc4d4dd6bc1b243f244c2","leadId":"6aadc4d4dd6bc1b243f244c4"}
✔ confirmation builder retains the approved server-side copy (8.8143ms)
✔ confirmation builder derives the first name from a combined name (0.5318ms)
✔ overnight deferral stays off until quiet hours are explicitly enabled (0.5683ms)
✔ form-lead SMS send input defers overnight Eastern traffic to 8:00 AM via Twilio (1.3226ms)
✔ Twilio schedule window rejects sendAt values Twilio would 400 (0.9988ms)
✔ overnight deferral fails closed when the Messaging Service SID is missing (0.5299ms)
✔ SMS destinations are normalized to E.164 when safely possible (0.4511ms)
✔ disabled mode is a dispatch-time kill switch (3.9113ms)
✔ test mode is also enforced at dispatch time (1.0307ms)
✔ intent persistence gates strictly on parsed true consent (1.6958ms)
✔ duplicate, disabled, and test modes cannot send (1.0297ms)
✔ Granot persist shape shares one capacity reservation and does not require form consent (0.7963ms)
✔ destination policy decisions persist as non-retryable skips (0.6069ms)
✔ 429 and definite connection failures are retryable (0.7084ms)
✔ ambiguous timeouts are never automatically retried (0.4269ms)
✔ retry budget stops automatic retries (0.2661ms)
✔ status callbacks do not regress or replace terminal outcomes (0.2222ms)
✔ scheduled provider status can advance to queued, sent, or failed (0.1885ms)
✔ post-persist dispatch never rejects the form-lead create path (12.254ms)
{"level":"error","time":"2026-09-18T23:10:12.483Z","service":"vantage-main-server","env":"development","err":{"type":"Error","message":"event write failed after Twilio accepted","stack":"Error: event write failed after Twilio accepted\n    at dispatch (C:\\Users\\Pinda\\Proyectos\\vantage\\vantage-main-server\\src\\services\\leadMessaging\\leadMessaging.service.test.ts:423:15)\n    at dispatchOrQueuePersistedLeadMessage (C:\\Users\\Pinda\\Proyectos\\vantage\\vantage-main-server\\src\\services\\leadMessaging\\leadMessaging.service.ts:274:44)\n    at TestContext.<anonymous> (C:\\Users\\Pinda\\Proyectos\\vantage\\vantage-main-server\\src\\services\\leadMessaging\\leadMessaging.service.test.ts:414:33)\n    at async Test.run (node:internal/test_runner/test:1332:7)\n    at async Test.processPendingSubtests (node:internal/test_runner/test:911:7)"},"msg":"lead_messaging.post_persist_dispatch_failed","leadMessageId":"6aadc4d4dd6bc1b243f244c2","leadId":"6aadc4d4dd6bc1b243f244c5"}
✔ midnight through 6:59 AM Eastern defers to 8:00 AM the same Eastern day (3.8614ms)
✔ 7:00 AM Eastern and later send immediately (0.8294ms)
✔ immediate Twilio payloads keep the existing from-number send shape (4.7528ms)
✔ scheduled Twilio payloads require a Messaging Service and use fixed sendAt (3.1555ms)
✔ status callback validation uses the exact configured URL and primary token (6.9684ms)
✔ builds signed-callback-compatible TwiML that forwards to RingCentral (21.4602ms)
✔ defaults forwarding to the Vantage RingCentral number (0.9908ms)
✔ rejects a forwarding loop (1.7352ms)
✔ completed callback hangs up the parent call (1.2262ms)
✔ lead source catalog seeds legacy companies and resolves granularities (11.2802ms)
✔ all legacy source labels resolve through the lead source catalog (6.0882ms)
✔ lead source catalog seeds production and test databases independently (2.7201ms)
{"level":"info","time":"2026-09-18T23:10:15.681Z","service":"vantage-main-server","env":"development","msg":"call_lead.create.sheet_sync.disabled","resource":"source_lead","leadModel":"CallLead","leadId":"507f1f77bcf86cd799439011"}
✔ rememberBothCallSheetTabsForTombstone includes Calls and Duplicate Calls fallbacks (5.6322ms)
✔ rememberBothCallSheetTabsForTombstone preserves known rows from sheet_sync (1.4603ms)
✔ completeCallLeadIngestion records lead.call.created after commit and skips form-fill when false (5.9535ms)
✔ completeCallLeadIngestion records form-fill only when Form Fill is true (1.7625ms)
✔ completeCallLeadIngestion reports missing CPL after the write, not as a CRM post (2.2874ms)
✔ Admin and Best Relocation origins never set Duplicate Lead; public ingest is vantage_admin (1.5124ms)
✔ [AC-12] RingCentral Call provenance is ringcentral, quoted false, transport stays nested (0.6776ms)
✔ correctCallLead refuses Duplicate Lead on a Booked Call Lead (2.6431ms)
{"level":"info","time":"2026-09-18T23:10:15.683Z","service":"vantage-main-server","env":"development","msg":"lead.call.created","observability_level":"info","category":"lead","workflow":"call_lead_create","source_company":"tbm_leads","entity_id":"507f1f77bcf86cd799439011"}
{"level":"info","time":"2026-09-18T23:10:15.686Z","service":"vantage-main-server","env":"development","msg":"call_lead.create.sheet_sync.disabled","resource":"source_lead","leadModel":"CallLead","leadId":"507f1f77bcf86cd799439011"}
{"level":"info","time":"2026-09-18T23:10:15.687Z","service":"vantage-main-server","env":"development","msg":"lead.call.created","observability_level":"info","category":"lead","workflow":"call_lead_create","source_company":"tbm_leads","entity_id":"507f1f77bcf86cd799439011"}
{"level":"info","time":"2026-09-18T23:10:15.687Z","service":"vantage-main-server","env":"development","msg":"lead.call.form_fill_detected","observability_level":"info","category":"lead","workflow":"call_lead_create","source_company":"tbm_leads","entity_id":"507f1f77bcf86cd799439011"}
{"level":"info","time":"2026-09-18T23:10:15.688Z","service":"vantage-main-server","env":"development","msg":"call_lead.create.sheet_sync.disabled","resource":"source_lead","leadModel":"CallLead","leadId":"507f1f77bcf86cd799439011"}
{"level":"error","time":"2026-09-18T23:10:15.689Z","service":"vantage-main-server","env":"development","msg":"lead.cpl.missing_rate","observability_level":"error","category":"lead","workflow":"lead_cpl_resolution","source_company":"tbm_leads","entity_id":"507f1f77bcf86cd799439011"}
{"level":"info","time":"2026-09-18T23:10:15.689Z","service":"vantage-main-server","env":"development","msg":"lead.call.created","observability_level":"info","category":"lead","workflow":"call_lead_create","source_company":"tbm_leads","entity_id":"507f1f77bcf86cd799439011"}
✔ correctCallLead maps a missing receiver agent to 404 (79.7895ms)
✔ correctCallLead skips Sheet Sync when nothing material changed (4.8582ms)
✔ listRecentCallLeads keeps a Duplicate Lead in the last 200 (6.4857ms)
✔ removeCallLead refuses a Booked Call Lead without cascade (6.4967ms)
✔ refuseToMarkABookedCallAsDuplicate does not mention no_sync (11.307ms)
✔ correctCallLead does not throw ConflictError when marking no_sync on booked or duplicate (1.6ms)
✔ Admin Call create stamps no_sync from origin and skips call_lead.create outbox when true (30.4422ms)
✔ Admin Call omit stamps no_sync true; RingCentral client true stamps false (12.3043ms)
✔ CallLead schema defaults no_sync to false so missing-field documents stay syncable (0.4621ms)
✔ begin remembers Sheet Sync before commit; complete dispatches and records owner events (21.505ms)
✔ form duplicate check matches an earlier lead by email within exact granularity (6.3272ms)
✔ form duplicate check matches existing lead by phone within exact granularity (1.0173ms)
✔ form duplicate check does not fall back from exact granularity to company (3.3931ms)
✔ form duplicate check allows single identifier duplicate matches (0.7173ms)
✔ form duplicate check ignores regex candidates that fail exact phone verification (1.0459ms)
✔ form duplicate check skips lookup when no usable identifier exists (0.7259ms)
✔ findFormLeadForEnrichment does not return a Duplicate Lead (7.7ms)
✔ findFormLeadForEnrichment is not found when the Form Lead is missing (1.3214ms)
✔ correctFormLead refuses quoted and cubic feet on a Duplicate Lead (3.2261ms)
✔ refuseIllegalCorrections does not mention no_sync (75.4523ms)
✔ correctFormLead does not throw ConflictError when marking no_sync on booked, duplicate, or bad (1.8768ms)
✔ correctFormLead refuses Bad Lead on duplicate, Booked, or Cancelled (1.6164ms)
✔ removeFormLead refuses a Booked Form Lead without cascade (2.0319ms)
✔ [AC-10] WordPress and Admin Form create paths derive exact origins (0.8906ms)
✔ Admin Form create omit stores no_sync true and skips form_lead.create outbox (6.6318ms)
✔ Admin Form omit stamps no_sync true; opt-in false and WordPress client true stamp correctly (28.6402ms)
✔ FormLead schema defaults no_sync to false so missing-field documents stay syncable (1.163ms)
✔ [AC-10] Form updates cannot carry internal snapshot or origin fields (2.1105ms)
✔ lead CPL resolution uses the stored Eastern business calendar day (3.7694ms)
✔ duplicate Call Lead snapshots retain base-period evidence at zero (1.0034ms)
✔ missing rates remain compatibility zero with a cleared period reference (0.682ms)
✔ [AC-10] Form origin derivation uses trusted entry points and fails closed (3.045ms)
✔ [AC-12] Call origin derivation uses trusted entry points and fails closed (0.453ms)
✔ [AC-10] [AC-11] creation provenance captures ingested snapshots with trusted now (2.2346ms)
✔ [AC-12] Call creation provenance forces quoted false and captured_at_ingestion (0.6331ms)
✔ noSyncOnCreate defaults true for vantage_admin and ignores other-origin client true (0.3583ms)
✔ [AC-07] omitForbiddenLeadLifecycleFields strips internal metadata from updates (0.3731ms)
✔ deriveLocal is local only when both states match (1.5448ms)
✔ deriveFormLeadLocal treats not_found on either side as a Local Move (0.4485ms)
✔ deriveFormLeadLocal still classifies two known states (0.2641ms)
✔ normalizeState keeps the not_found sentinel and uppercases codes (0.3151ms)
﹣ [AC-10] [AC-11] replica WordPress Form create captures origin and snapshots atomically (2.3911ms) # Replica-set proof requires TEST_MODE=true before process start.
﹣ [AC-10] replica Form origin/snapshot insert rolls back with the Lead (0.9151ms) # Replica-set proof requires TEST_MODE=true before process start.
﹣ [AC-12] replica RingCentral Call create captures origin, quoted false, and rolls back atomically (0.9695ms) # Replica-set proof requires TEST_MODE=true before process start.
✔ lead source assignment persists owner-created registry sources (3.0533ms)
✔ lead source assignment retries a valid fallback alias after exact lookup misses (2.8913ms)
✔ classifies a different legacy source company as conflict (2.1918ms)
✔ classifies a genuinely unassigned Lead as unassigned (0.5124ms)
✔ receipt exists before Lead create on the authorized path (4.1965ms)
✔ duplicates collapse on the idempotency key (2.3856ms)
✔ unauthorized or keyless WordPress create does not write a receipt (0.8294ms)
✔ unattached receipt refuses a second Lead create (1.665ms)
✔ attach failure does not leave a creatable second Lead (0.9207ms)
✔ capture failure aborts Lead create (0.5391ms)
✔ seed catalog has unique Granot Carrier Codes and DOTs (1.8214ms)
✔ seed plan sets missing codes and leaves matching codes alone (1.3187ms)
✔ carrier normalization collapses whitespace and lowercases names (3.6201ms)
✔ carrier CSV parser normalizes headers and rejects duplicate compound identities (1.6408ms)
✔ carrier CSV parser rejects duplicate Granot Carrier Codes (0.6623ms)
✔ carrier list defaults to active rows and applies q across searchable fields (3.0063ms)
✔ patch import creates missing carriers and reactivates changed existing carriers (15.2073ms)
✔ replace import deactivates active carriers missing from the uploaded CSV (0.873ms)
✔ phone classification: external, company DID, extension, withheld, service code, malformed (3.7365ms)
✔ provider account resolution never fabricates or silently picks between accounts (1.5651ms)
✔ window start honors the twelve-hour floor and the cursor overlap (0.6439ms)
✔ coverage: complete rolling window advances cursor and watermark, closes covered gaps (1.0012ms)
✔ coverage: partial page failure never advances complete-through and records the missing range (2.2535ms)
✔ coverage: gap repair removes a repaired gap, narrows a partially repaired one, and never drops gaps past the bound (1.2138ms)
✔ import boundary: numberActivity never imports qualification, ingest, convergence or Lead write services (9.3381ms)
✔ normalizeDirectory reduces provider records to the snapshot shape deterministically; digest is order-independent (8.9366ms)
✔ fetcher issues the documented account, extension, phone-number and call-queue reads over the shared client (1.4207ms)
✔ capture-projection dedupe key is the provider uuid, falling back to the receipt id only when the uuid is absent (7.807ms)
✔ queue topic is env-scoped and never published from a test runner (3.8524ms)
✔ fan-out: flag off means no job and no publish; a non-durable receipt is skipped honestly (2.9615ms)
{"level":"warn","time":"2026-09-18T23:10:22.782Z","service":"vantage-main-server","env":"development","msg":"sales_intelligence.capture.fanout.enqueue_timeout","receiptId":"6aadc4de3d9f37bd4b7690ef","timeoutMs":20}
✔ fan-out: the acknowledgement waits a bounded time for the job transaction; a slow transaction is reported, not awaited forever (52.2211ms)
✔ fan-out: job is durable before publish; publish failure keeps the enqueued job; enqueue failure is bounded (1.9379ms)
✔ publish wake-up: gated, best-effort, never throws (1.2585ms)
✔ wake-up payload is exactly { job_id } with a 24-hex id (4.4608ms)
✔ worker: unclaimable job (completed, leased elsewhere, foreign stage) does nothing (1.3897ms)
✔ worker: loads the stored receipt, passes the job id as request_id, completes with a bounded per-session result (4.0577ms)
✔ worker: deterministic per-session failures (account_unresolved) complete the job with the error visible; retryable ones retry with partial result (2.7494ms)
✔ worker: missing receipt is schema_invalid (bounded retries), lease loss during completion is reported not retried (1.7027ms)
{"level":"error","time":"2026-09-18T23:10:22.789Z","service":"vantage-main-server","env":"development","msg":"sales_intelligence.capture.fanout.enqueue_failed","receiptId":"6aadc4de3d9f37bd4b7690f4","errorName":"Error","errorCode":null}
{"level":"error","time":"2026-09-18T23:10:22.791Z","service":"vantage-main-server","env":"development","msg":"sales_intelligence.queue.publish_failed","jobId":"6aadc4de3d9f37bd4b7690f6","errorName":"Error"}
{"level":"warn","time":"2026-09-18T23:10:22.806Z","service":"vantage-main-server","env":"development","msg":"sales_intelligence.capture.projection.lease_lost","jobId":"6aadc4de3d9f37bd4b769102"}
✔ terminal party statuses stay in parity with the qualification evaluator (15.0363ms)
✔ inbound queue call projects all directions of evidence: parties, connection, terminal, external number (16.7792ms)
✔ duplicate webhook delivery is a semantic no-op: no revision, fenced per party (3.1837ms)
✔ one party's sequence never suppresses another party in the same delivery (5.5437ms)
✔ out-of-order and late events never regress terminal or connected facts (1.9387ms)
✔ Call Log is authoritative: result/duration survive a late webhook terminal event (10.9111ms)
✔ identical Call Log replay and older lastModifiedTime never create a new revision or regress facts (2.6046ms)
✔ transfer with multiple recordings keeps every leg and recording, counted once as one interaction (1.4155ms)
✔ delayed recording evidence after terminal is surfaced as new recording ids (2.0738ms)
✔ voicemail is provider evidence; connected is not human; outbound unanswered stays unknown (4.7725ms)
✔ internal, withheld and malformed observations keep provider evidence without a customer identity (2.5317ms)
✔ review fix: an unknown short caller id is malformed, never a fabricated extension that makes a customer call Internal (1.3301ms)
✔ review fix: a party event missing `direction` does not turn an outbound customer call into a sticky Internal (1.7321ms)
✔ review fix: a stale Call Log record never regresses leg-level result or duration (1.1481ms)
✔ review fix: legs_overflow_count is monotone across records and not double counted on merge (4.8851ms)
✔ session-id only Call Log record resolves to fallback identity and gains the strongest basis when bridged (1.8012ms)
✔ Call Log first, webhook later: the extension party is adopted, not duplicated (1.2114ms)
✔ mergeProjections requires same account and folds evidence without dropping recordings (1.3552ms)
✔ no directory snapshot keeps roles unknown instead of guessing (0.9235ms)
✔ parseSearchTerm: e164, suffix, term and formatting (3.616ms)
✔ term regex characters are escaped and anchored as a prefix (4.5992ms)
✔ number cursor round trip; garbage is INVALID_INPUT (7.3134ms)
✔ buildNumberSearchFilter: hygiene, attachment, range, term and keyset cursor (4.0547ms)
✔ timeline total order: happened_at desc, kind asc, id desc; isAfterCursor is strict (2.3165ms)
✔ keysetAfterCursor mirrors isAfterCursor for a fixed kind (0.784ms)
✔ mergeTimeline: k-way merge, dedupe on (kind,id), cursor only when more remain (2.658ms)
✔ NUMBER_DTO_FIXTURES parse against their schemas; CSI-01 detail data is a subset of the CSI-04 detail data (15.9163ms)
✔ recount replays stored canonical interactions through the CSI-02 counting rules and derives search terms from evidence only (16.8394ms)
✔ recount is idempotent: recounting the rebuilt fields yields the same fields; a fresh recount equals incremental rollups (6.2977ms)
✔ incident severity comparison ranks critical above error and warn (3.4239ms)
✔ event filter keeps exact-match fields exact (6.3647ms)
✔ event filter matches lead name partially and case-insensitively (3.1233ms)
✔ event filter escapes regex metacharacters in lead inputs (0.7416ms)
✔ event filter matches phone digits across formatting (1.2165ms)
✔ event filter supports partial phone digit search (1.0212ms)
✔ event filter builds date window and text search (3.8425ms)
✔ facets query schema coerces dates and strips unknown params (1.0772ms)
✔ incident filter applies partial lead matching and q regex OR (10.6485ms)
✔ fingerprint is deterministic for the same inputs (2.0599ms)
✔ fingerprint differs by event key and environment (0.5873ms)
✔ explicit dedupeKey takes precedence over composed fields (0.3481ms)
✔ normalized error messages group transient differences (0.5868ms)
✔ dedupe key is human-readable and stable (0.4256ms)
✔ returns all-null for missing identity (3.2759ms)
✔ trims name/phone and lowercases email (0.4965ms)
✔ empty strings become null (0.3364ms)
✔ returns empty object for nullish or non-object details (3.315ms)
✔ truncates long strings to 500 characters with ellipsis (1.0234ms)
✔ collapses oversized arrays and deep objects (0.6592ms)
✔ normalizes dates and drops unsupported values (2.4661ms)
✔ replaces details exceeding byte budget with a truncation marker (5.9508ms)
✔ canonicalize sorts object keys and serializes dates deterministically (1.8284ms)
✔ result hash is stable for identical inputs regardless of key order (0.748ms)
✔ result hash changes when result data changes (0.7953ms)
✔ isOperationalReportKey validates known keys (0.4941ms)
✔ registry denies exact IDs and normalized Google spreadsheet URLs (3.7849ms)
✔ production registry fails closed when required registration is absent (0.9736ms)
✔ spreadsheet normalization is strict and masking does not expose IDs (0.6093ms)
✔ registration groups compose without mutable global state (0.3399ms)
✔ Stage 2 registers both ingestion sources as production-required (0.5653ms)
✔ registry agent list excludes inactive rows by default (17.2798ms)
✔ registry merchant list supports include_inactive (0.8119ms)
{"level":"info","time":"2026-09-18T23:10:24.613Z","service":"vantage-main-server","env":"development","msg":"cpl_correction.completed","observability_level":"info","category":"admin","workflow":"cpl_correction","entity_id":"6aadc4e0ecbdfd15e87cba9c"}
✔ computeCplCorrectionPreviewHash is stable for normalized selection and impact (4.8994ms)
✔ previewCplCorrection returns deterministic hash and bounded sample (4.4842ms)
✔ preview hashes full Lead state and reports full counts beyond its sample (2.1432ms)
✔ Form duplicate flags do not invoke Call duplicate-zero CPL semantics (1.3874ms)
✔ createCplCorrection rejects stale preview hash (3.1837ms)
✔ createCplCorrection rejects changed schedule revision (1.1746ms)
✔ createCplCorrection commits audit metadata without lead payloads (4.6608ms)
✔ correction jobs exclude Leads inserted after the reviewed preview (7.813ms)
✔ correction jobs fail visibly when reviewed Lead state changes (2.9915ms)
✔ correction jobs fail when a reviewed Lead disappears (2.7644ms)
✔ processCplCorrectionBatch resumes after expired lease (3.2456ms)
✔ overlapping workers do not double-correct the same lead (2.4344ms)
✔ re-entering a completed batch is a no-op (2.0637ms)
✔ cancellation stops future batches without corrupting completed work (3.8268ms)
✔ partial failure records failed count and resumes remaining leads (3.9467ms)
✔ analytics invalidation seam fires once after successful completion with changes (1.5662ms)
✔ analytics handoff failure does not downgrade completed corrections (1.9036ms)
✔ normalizeCplCorrectionSelection converts inclusive business dates (1.3373ms)
✔ correction windows query pseudo-UTC Lead timestamps across DST (2.0241ms)
{"level":"warn","time":"2026-09-18T23:10:24.617Z","service":"vantage-main-server","env":"development","msg":"cpl_correction.lead_failed","observability_level":"warn","category":"admin","workflow":"cpl_correction","entity_id":"6aadc4e0ecbdfd15e87cba9d"}
{"level":"error","time":"2026-09-18T23:10:24.620Z","service":"vantage-main-server","env":"development","msg":"cpl_correction.reviewed_target_missing","observability_level":"error","category":"admin","workflow":"cpl_correction","entity_id":"6aadc4e0ecbdfd15e87cba9e"}
{"level":"info","time":"2026-09-18T23:10:24.623Z","service":"vantage-main-server","env":"development","msg":"cpl_correction.progress","observability_level":"info","category":"admin","workflow":"cpl_correction","entity_id":"6aadc4e0ecbdfd15e87cba9f"}
{"level":"info","time":"2026-09-18T23:10:24.624Z","service":"vantage-main-server","env":"development","msg":"cpl_correction.completed","observability_level":"info","category":"admin","workflow":"cpl_correction","entity_id":"6aadc4e0ecbdfd15e87cba9f"}
{"level":"info","time":"2026-09-18T23:10:24.626Z","service":"vantage-main-server","env":"development","msg":"cpl_correction.completed","observability_level":"info","category":"admin","workflow":"cpl_correction","entity_id":"6aadc4e0ecbdfd15e87cbaa0"}
{"level":"info","time":"2026-09-18T23:10:24.628Z","service":"vantage-main-server","env":"development","msg":"cpl_correction.completed","observability_level":"info","category":"admin","workflow":"cpl_correction","entity_id":"6aadc4e0ecbdfd15e87cbaa1"}
{"level":"info","time":"2026-09-18T23:10:24.631Z","service":"vantage-main-server","env":"development","msg":"cpl_correction.progress","observability_level":"info","category":"admin","workflow":"cpl_correction","entity_id":"6aadc4e0ecbdfd15e87cbaa2"}
{"level":"info","time":"2026-09-18T23:10:24.632Z","service":"vantage-main-server","env":"development","msg":"cpl_correction.cancelled","observability_level":"info","category":"admin","workflow":"cpl_correction","entity_id":"6aadc4e0ecbdfd15e87cbaa2"}
{"level":"warn","time":"2026-09-18T23:10:24.636Z","service":"vantage-main-server","env":"development","msg":"cpl_correction.lead_failed","observability_level":"warn","category":"admin","workflow":"cpl_correction","entity_id":"6aadc4e0ecbdfd15e87cbaa3"}
{"level":"info","time":"2026-09-18T23:10:24.636Z","service":"vantage-main-server","env":"development","msg":"cpl_correction.progress","observability_level":"info","category":"admin","workflow":"cpl_correction","entity_id":"6aadc4e0ecbdfd15e87cbaa3"}
{"level":"info","time":"2026-09-18T23:10:24.636Z","service":"vantage-main-server","env":"development","msg":"cpl_correction.completed","observability_level":"info","category":"admin","workflow":"cpl_correction","entity_id":"6aadc4e0ecbdfd15e87cbaa3"}
{"level":"info","time":"2026-09-18T23:10:24.638Z","service":"vantage-main-server","env":"development","msg":"cpl_correction.completed","observability_level":"info","category":"admin","workflow":"cpl_correction","entity_id":"6aadc4e0ecbdfd15e87cbaa4"}
{"level":"info","time":"2026-09-18T23:10:24.640Z","service":"vantage-main-server","env":"development","msg":"cpl_correction.completed","observability_level":"info","category":"admin","workflow":"cpl_correction","entity_id":"6aadc4e0ecbdfd15e87cbaa5"}
{"level":"error","time":"2026-09-18T23:10:24.640Z","service":"vantage-main-server","env":"development","msg":"cpl_correction.analytics_handoff_failed","observability_level":"error","category":"admin","workflow":"cpl_correction","entity_id":"6aadc4e0ecbdfd15e87cbaa5"}
✔ dollarsToCents accepts canonical non-negative precision (3.3871ms)
✔ dollarsToCents rejects negatives, unsafe values, and more than two decimals (1.7134ms)
✔ business dates convert New York local midnight across spring DST (1.2845ms)
✔ business dates convert New York local midnight across fall DST (0.6744ms)
✔ owner inclusive end converts to next local midnight exclusive (0.6991ms)
✔ business date conversion rejects malformed and impossible dates (0.5224ms)
✔ active schedule validation accepts contiguous periods and explicit zero (2.8686ms)
✔ active schedule validation rejects gaps, overlaps, and missing open end (4.0085ms)
✔ inactive schedules may be incomplete but remain ordered and non-overlapping (1.9622ms)
✔ simple construction ignores unchanged rates and preserves future periods (5.4103ms)
✔ simple construction splits history and replaces future coverage (1.5039ms)
✔ advanced operations add, split, correct, and replace schedules (2.8835ms)
✔ resolver uses inclusive start and exclusive end business timestamp (0.9386ms)
✔ resolver distinguishes missing, duplicate zero, and not applicable (0.5125ms)
✔ advanced command returns safe stale revision state without writes (2.0336ms)
✔ simple command validates every changed granularity before writing atomically (2.7434ms)
✔ simple command ignores unchanged rows and increments changed rows once (2.5733ms)
✔ simple command ignores an unchanged row without revision comparison (0.779ms)
✔ CplRatePeriod model declares the three schedule lookup indexes (2.432ms)
✔ toSmsView defaults a missing policy to off and not attested (2.2606ms)
✔ setGranotCrmSourceOutboundSms rejects non-owners and not_attested enable (5.2463ms)
✔ listRecentGranotCrmSourceSms never returns a message body (0.9025ms)
✔ enabling SMS is rejected unless lead_created_policy is create_if_missing (1.7992ms)
✔ editing a template increments template_version and leaves enabled false (1.9874ms)
✔ RegistryError exposes stable registry_code and remediation in HTTP body (2.9757ms)
✔ RegistryError maps registry codes to app log codes without changing legacy error field (0.432ms)
✔ [AC-38] automation reference write is audited and invalidates caches only after commit (10.1909ms)
✔ [AC-38] replay of the same automation reference is a no-op write (1.3116ms)
✔ [AC-38] audit failure leaves the automation reference unapplied (2.1299ms)
✔ Admin actors cannot write automation references (1.1319ms)
✔ Admin and missing-reason actors cannot mutate Granot CRM source policy (10.1481ms)
✔ [AC-38] Owner create validates inside the transaction and pairs one sanitized granot_crm_source audit (10.9637ms)
✔ [AC-38] audit failure rolls back mutation and does not invalidate caches (2.2844ms)
✔ duplicate request IDs remain a stable replay conflict (1.6731ms)
✔ inactive or mismatched references fail closed and do not write (5.3739ms)
✔ setGranotCrmSourceLifecycleEnabled reuses the audited Owner command (3.764ms)
✔ read-after-write does not return a cached precommit policy projection (1.7351ms)
﹣ [AC-38] replica-set create commits mutation and audit together then invalidates caches (5.5831ms) # Replica-set proof requires TEST_MODE=true before process start.
✔ changing lead_created_policy away from create_if_missing turns SMS off on the stored document (4.1391ms)
✔ normalizeSourceLabel applies NFKC (8.5696ms)
✔ normalizeSourceLabel collapses internal whitespace (0.8282ms)
✔ normalizeSourceLabel trims (0.6303ms)
✔ normalizeSourceLabel lowercases (0.5612ms)
✔ normalizeSourceLabel folds full-width characters (0.635ms)
✔ normalizeSourceLabel collapses a non-breaking space (0.5425ms)
✔ create rejects a client-supplied normalized_label (2.4763ms)
✔ create rejects a change_reason shorter than 10 or longer than 1000 (1.3616ms)
✔ create validation order: Feed exists, belongs to Lead Source, is active, then collision (9.0195ms)
✔ unique index is defined separately from the service collision check (1.5774ms)
✔ create writes through the registry audit trail (1.8607ms)
✔ there is no in-place destination edit; correction is deactivate then create (2.1827ms)
✔ schema validation rejects a mismatched normalized_label (44.1535ms)
✔ schema validation rejects post-create changes to destination fields (4.0364ms)
✔ resolveLabelToFeed returns not_found without throwing (6.5846ms)
✔ resolveLabelToFeed returns ambiguous when two active mappings collide (0.9269ms)
✔ listLabelMappings filters by Feed, Lead Source, and namespace (0.8031ms)
✔ consultStaticSourceLabelMap increments the instrumented counter (0.5459ms)
✔ derives company_slug and granularity_key like paid_overflow (7.0502ms)
✔ creates one inactive lead source and feed and returns the readiness plan (15.4646ms)
✔ skippable Granot still creates a valid inactive lead source and feed (1.4543ms)
✔ collision on company_slug writes nothing (1.8647ms)
✔ crm_label collision against an active same-channel feed writes nothing (1.3356ms)
✔ alias collision names both sides and writes nothing (1.8465ms)
✔ granot label collision writes nothing (1.026ms)
✔ mid-transaction feed failure leaves none of the three (1.3367ms)
✔ Paid Overflow-shaped setup creates a new first-class feed and leaves paid_overflow alone (1.2103ms)
✔ preview runs the same validation and writes nothing (1.0587ms)
✔ preview reports every collision type without writing (1.8498ms)
✔ translation table maps handling and arrival policy exactly (3.6927ms)
✔ one_feed create is inactive, SMS-off, one any route, lead_model derived from the Feed (20.2453ms)
✔ one_feed Call Feed derives CallLead (2.1938ms)
✔ Owner create accepts an inactive Feed on an inactive Lead Source as a draft (3.0426ms)
✔ submitted lead_source_id that disagrees with the Feed is rejected naming both sides (3.1327ms)
✔ watch_only with a non-null destination is rejected (0.9882ms)
✔ duplicate normalized name is rejected before write (2.2553ms)
✔ short reason is rejected after the name check (2.0659ms)
✔ form_by_move_type with two Call Feeds is rejected (3.4246ms)
✔ form_by_move_type with two local Feeds is rejected (1.3155ms)
✔ form_by_move_type with the same Feed twice is rejected (0.6085ms)
✔ form_by_move_type with Feeds from different Lead Sources is rejected (0.8582ms)
✔ form_by_move_type writes two FormLead routes keyed by move type (1.9443ms)
✔ referral_booking translates to referral disposition and observation_only (1.0198ms)
✔ watch_only translates to deferred and observation_only (0.7822ms)
✔ non-Owner actors cannot create a Granot name (0.6909ms)
✔ banned-term constant is the shared six-term list (9.6498ms)
✔ ORS-3 detail projection Owner strings stay inside the language deck (46.7414ms)
✔ translation table covers every code health.ts can emit (3.6612ms)
✔ every translation has a non-empty owner action and deep link (0.9507ms)
✔ unknown codes surface as themselves and are never dropped (0.6679ms)
✔ active RingCentral validation failure uses the stopped-filing sentence (0.3023ms)
✔ assignment inconsistency states the operational cost with the number (0.3151ms)
✔ source registry health reports invalid defaults and deterministic conflicts (5.3132ms)
✔ source registry health reports active granularity under inactive company (0.5652ms)
✔ CPL health discloses invalid active schedules and unresolved production Leads (1.144ms)
✔ runtime health discloses stale cache service and remaining compatibility reads (0.8149ms)
✔ label mapping health reports an invalid destination and a collision (0.6696ms)
✔ Registry Health renders with an empty mappings collection (0.2135ms)
✔ Granot health findings raise on one fixture each and stay quiet on a healthy source (3.7978ms)
✔ detail returns every connection in one request for §7.2 (18.7909ms)
✔ two move-type feeds keep separate label sets (8.4299ms)
✔ empty states are present sections, never absent (4.9681ms)
✔ list and detail stay under the round-trip bound and write nothing (3.5248ms)
✔ Owner-facing finding strings keep implementation words out of copy (5.5475ms)
✔ withRegistryMutation rolls back when audit insert fails (6.7247ms)
✔ withRegistryMutation invalidates caches only after commit (1.2714ms)
✔ duplicate mutation request IDs fail as a stable replay conflict (2.1089ms)
✔ granot_crm_source audit failure still rolls back and skips cache invalidation (1.2509ms)
✔ invalidateRegistryCaches deduplicates keys for listeners (2.8138ms)
✔ assignment DTO carries Lead Source and Feed labels from one bounded join (6.662ms)
✔ reassignment request carrying a company ID is still rejected (5.3592ms)
✔ activation still rejects an inactive or non-call feed (6.8867ms)
✔ dependency preview no longer returns a hardcoded can_deactivate gate (23.9151ms)
✔ RingCentral snapshot resolves historical assignment intervals (5.0662ms)
✔ RingCentral snapshot rejects unknown and interval gaps (0.7366ms)
✔ RingCentral snapshot excludes inactive source targets (2.8623ms)
✔ active RingCentral snapshot number listing excludes closed history (2.0139ms)
✔ cache invalidation discards an in-flight stale refresh (17.8514ms)
✔ M5 account validator shares one RingCentral inventory load across numbers (2.41ms)
{"level":"info","time":"2026-09-18T23:10:31.975Z","service":"vantage-main-server","env":"development","msg":"operations_registry.compatibility_read","observability_level":"info","category":"admin","workflow":"operations_registry"}
✔ runtime telemetry exposes bounded resolver health and compatibility counters (3.377ms)
✔ durable compatibility recording falls back locally when persistence is unavailable (3.0139ms)
✔ durable compatibility events merge across process-local telemetry (0.6713ms)
✔ sanitizeRegistrySnapshot redacts secret-like keys (4.1007ms)
✔ sanitizeRegistrySnapshot bounds oversized nested payloads (0.6444ms)
✔ sanitizeRegistrySnapshot returns null for empty snapshots (1.1065ms)
✔ first-class Source Granularity applies draft and revision defaults (18.6024ms)
✔ Source Company defaults sheet projection to derived import (19.3646ms)
✔ source company write schema rejects embedded granularities and active flag (11.9864ms)
✔ owner-created dynamic source resolves by exact identifier (4.6204ms)
✔ active company default resolves only to an active same-channel record (0.7598ms)
✔ a company identifier falls through to its default when it is not a granularity alias (0.6121ms)
✔ local classification resolves the matching active granularity before the default (0.9087ms)
✔ fallback aliases choose the unique highest priority candidate (0.9101ms)
✔ an inferred unknown company identifier can resolve as a global alias in one pass (0.8431ms)
✔ equal-priority fallback ambiguity fails deterministically (2.2554ms)
✔ inactive exact records and inactive defaults do not resolve (0.776ms)
✔ all legacy source-label fixtures preserve company attribution (2.2722ms)
✔ resolves without touching the static map (2.2852ms)
✔ empty collection falls back to the static map and emits exactly one compatibility-read event (1.3365ms)
✔ ambiguous mapping fails closed and does not consult the static map (0.7973ms)
✔ inactive-Feed mapping fails closed and does not fall back to the static map (0.8074ms)
✔ canonical payload normalizes email, role, method, and path (3.1349ms)
✔ verifyRegistryActor accepts a valid owner signature (2.1732ms)
✔ verifyRegistryActor rejects admin role for owner-only mutation (1.7206ms)
✔ verifyRegistryActor allows admin read access with valid signature (1.0094ms)
✔ verifyRegistryActor rejects missing signature headers (1.1513ms)
✔ verifyRegistryActor rejects expired signatures outside replay window (1.0655ms)
✔ verifyRegistryActor rejects tampered signatures (0.9114ms)
✔ verifyRegistryActor rejects method/path mismatches (1.0093ms)
✔ verifyAdminActorSignature uses constant-time comparison semantics (0.5716ms)
✔ preview unsigned compatibility is disabled in production (1.0433ms)
✔ preview unsigned compatibility never authorizes mutations (0.6172ms)
✔ unsigned preview reads require a unique request ID (0.7362ms)
✔ exported header names match dashboard proxy contract (0.3062ms)
✔ extension owner Bearer auth can read agent catalog without signed proxy headers (0.4972ms)
✔ extension owner Bearer auth can create agents without signed proxy headers (0.621ms)
✔ extension owner Bearer auth cannot mutate non-catalog registry routes (0.7592ms)
✔ extension sales Bearer auth is not a registry actor (0.6952ms)
✔ extension Sales plus Customer Service Bearer auth is not a registry actor (0.6026ms)
✔ booked reconciliation can preview phone/source matched unbooked call lead updates (27.4845ms)
✔ booked reconciliation does not globally phone-match across assigned source companies (2.4284ms)
✔ booked reconciliation warns but allows idempotent sync when phone-matched lead has a different job_no (2.3686ms)
✔ booked reconciliation prefers phone/source candidates without conflicting job_no (3.096ms)
✔ Path B phone fallback does not read granot_contact_snapshot as identity (2.161ms)
✔ ownerIdentitySnapshotFromEmail persists snake_case keys required by ReportingDestination (3.8031ms)
✔ ReportingDestination rejects camelCase owner identity snapshots (17.7053ms)
✔ ReportingDestination accepts snake_case owner identity from helper (2.6645ms)
✔ Stage 4 stream resumes without duplicates and preserves checksum state (18.1312ms)
✔ Stage 4 stream validates current page dependencies before and after query (1.5079ms)
✔ Stage 4 source read-through is supplied once as a valid UTC instant (0.4648ms)
✔ manifest builds once and validations are page-targeted across pages (1.6163ms)
✔ resume validates the complete manifest before reopening reader (1.1416ms)
✔ mapped contributing dependency fails before output without O(N) validation (9.7063ms)
✔ columnIndexFromLetters matches Google A1 columns including ZZ (4.7301ms)
✔ createHiddenStagingTab stamps markers on a default 26-column Google sheet (6.3104ms)
✔ writeOwnershipAndRunMarkers expands an existing 26-column sheet (1.085ms)
✔ writeValuesRaw expands a default grid before writing past the last row (1.7697ms)
✔ registered container confirmed 404 is treated as cleaned_not_found (2.6723ms)
✔ 403 access denied remains refetch_blocked and does not complete run (1.5161ms)
✔ transient provider error remains refetch_blocked and does not complete run (0.4804ms)
✔ confirmed 404 completes run when all registered containers are cleaned (0.3211ms)
✔ partial attempt A cleaned then failed B completes only after B is cleaned on next run (0.2889ms)
✔ live harness prerequisites fail closed when OAuth export root is absent (3.0612ms)
✔ live harness rejects service-account credentials including local file env vars (1.866ms)
✔ live harness skips without calling Google when prerequisites are absent (4.7353ms)
✔ PII-safe evidence masks file IDs and omits sensitive detail keys (0.6413ms)
✔ live harness evidence log contains no raw PII field names (0.8949ms)
✔ buildLiveTestRunTag produces unique synthetic tags (1.1309ms)
✔ buildLiveTestAppProperties marks harness_container artifacts for janitor selection (0.5338ms)
✔ transient failure wrapper exhausts injected failures (0.3181ms)
✔ positively marked live test artifact requires export root, age, and marker (0.7814ms)
✔ live test google api factory receives explicit OAuth2Client (1.9748ms)
✔ live test google api factory rejects service-account env indicators (2.3302ms)
✔ needs_janitor cleanup status remains janitor-eligible (1.9055ms)
✔ registry binding rejects copied-marker sibling not registered for run (1.015ms)
✔ registry binding rejects export root mismatch (0.3235ms)
✔ denylist proof accepts only OPERATIONAL_WORKBOOK rejection code (0.7509ms)
✔ picker parent mismatch fails before destination denylist check (0.7677ms)
✔ export folder env snapshot restores unset variable after early throw path (0.6872ms)
✔ export folder env snapshot restores prior value when variable was set (0.4705ms)
✔ live test run tag format enforces configured prefix pattern (3.673ms)
✔ direct-child invariant rejects nested artifacts (0.5358ms)
✔ known harness run evidence requires harness_container role and markers (1.0693ms)
✔ recursive evidence sanitizer redacts nested sensitive values (8.7777ms)
✔ sanitizeLiveTestString redacts embedded Drive URLs and bearer tokens (2.7625ms)
✔ structured cleanup errors mask file IDs instead of concatenating raw IDs (0.5756ms)
✔ service-account indicators include env, local file vars, and credential file names (1.1627ms)
✔ janitor returns no-op when live tests are disabled (1.7818ms)
✔ worker transient hook consumes only configured run (0.5784ms)
✔ janitor selects only positively marked harness_container folders under export root (2.8782ms)
✔ janitor requires persisted harness-run registry authorization (0.835ms)
✔ janitor honors optional run-tag prefix filter (3.9134ms)
✔ isPositivelyMarkedHarnessContainer rejects non-folder roles and young artifacts (0.3557ms)
✔ isPositivelyMarkedLiveTestArtifact rejects young artifacts (0.2606ms)
✔ promotion plan: fresh reserve when ready and no prior reservation (2.0997ms)
✔ promotion plan: takeover recovers applied rename without competing promote (0.5125ms)
✔ promotion plan: takeover of not-applied rename takes new reservation (0.3332ms)
✔ promotion plan: ambiguous google state preserves prior-tab safety (0.4023ms)
✔ promotion reservation filter requires active lease and prior generation (2.4699ms)
✔ promotion lease interleaving: expiry before provider abandons mutate (1.164ms)
✔ promotion lease interleaving: expiry during provider blocks stale CAS (0.5274ms)
✔ promotion lease interleaving: stale response after takeover cannot CAS (0.5472ms)
✔ promotion lease interleaving: takeover recovers applied rename via CAS only (0.4081ms)
✔ promotion lease interleaving: takeover of not-applied rename re-reserves then promotes (0.5281ms)
✔ promotion CAS requires provider_applied, not merely reserved (0.3444ms)
✔ transient TX errors are not classified as stale (0.5961ms)
✔ catalog contains exactly three code-defined @1 datasets and complete contracts (4.7699ms)
✔ owner sorts reject internal and duplicate terms and append ASC tie-breakers (1.7872ms)
✔ deployment allowlist defaults, narrows, and rejects unknown or duplicate tokens (0.7697ms)
✔ strict request contracts reject caller scope and arbitrary dataset filters (12.5783ms)
✔ request bounds and formula-safe labels fail before database work (76.68ms)
✔ cancel wire contract requires idempotencyKey (admin clients must send it) (11.755ms)
✔ New York date boundaries are half-open across 23 and 25 hour days (280.8222ms)
✔ rolling windows are strict, bounded, fresh, and DST-aware (149.746ms)
✔ source performance aggregates all related bookings with approved semantics (1.2787ms)
✔ CPL unresolved semantics exclude resolved zero and not-applicable states (0.9437ms)
✔ source performance grouping uses stable IDs and ignores label drift (5.7003ms)
✔ representative policies retain temporal and outcome or exception variation (2.5209ms)
✔ lead detail primary booking is one-row deterministic and prefers active state (2.1128ms)
✔ keyset cursor covers rows once and checksums are deterministic (2.6015ms)
✔ destination port is injectable and fails closed on safety or checksum drift (2.0874ms)
✔ destination verification timestamps must be finite, fresh, and not future-skewed (2.5559ms)
✔ destination validation binds identity and strategy-specific shape (2.7361ms)
✔ unresolved cancellation pipeline scopes through canonical booking attribution (2.4112ms)
✔ every orphan predicate narrows granularities per parent company (0.6444ms)
✔ confirmation binds stable destination identity; health refresh stays valid (3.2885ms)
✔ owner destination checksum treats zero available cells as a real capacity, not missing (0.7265ms)
✔ confirmation evidence binds actor, idempotency key, and immutable fingerprint (1.9412ms)
✔ concurrent confirmation duplicate keys are recognized without a 500 race (0.2934ms)
✔ snapshot adapter contract records a token and fails closed when unavailable (0.6357ms)
✔ unchanged leadless booking manifest entries retain job and source fingerprints (20.4605ms)
✔ changed leadless booking job or source data invalidates its manifest entry (3.6136ms)
✔ sample evidence is keyed opaque HMAC rather than raw SHA (1.1883ms)
✔ execution package mandates literal RAW spreadsheet writes (1.5188ms)
✔ query budgets reject oversized materialization and page requests before reads (0.7951ms)
✔ estimates distinguish exact and safe upper bounds without truncation (0.6457ms)
✔ run failures are fixed safe envelopes and unsafe fields are never exposed (1.114ms)
✔ reporting lifecycle audit payloads contain only safe identifiers and counts (0.5841ms)
✔ source read-through capture is fenced by active lease owner and epoch (0.6044ms)
✔ revision checksum survives Mongo minimize of empty filters (1.2425ms)
✔ revision checksum verification detects tampering and bulk mutation is blocked (1.3822ms)
✔ unexpected reporting errors serialize to a generic 500 response (0.5594ms)
✔ reporting routes preserve RegistryError status and reject malformed IDs (0.8746ms)
✔ reporting routes surface destination AppErrors instead of a generic 500 (0.6303ms)
✔ incomplete operational workbook safety fails closed without leaking keys (0.439ms)
✔ reporting routes expose the deployment kill switch without leaking config (3.0876ms)
✔ run confirmation HMAC uses VANTAGE_API_SECRET when API_SECRET is unset (1.9473ms)
✔ missing reporting confirmation secrets fail closed with a safe 503 (1.0702ms)
✔ persistence models expose required indexes and immutable revision middleware (2.9158ms)
✔ regression 1: queue consumer registers Stage 4 foundation before work (2.8641ms)
✔ regression 4: read-back recomputes deterministic content checksum (10.527ms)
✔ regression 5: published managed tab verified before staging and promotion (2.8527ms)
✔ regression 6: cleanup does not overwrite delivery terminal status (29.0997ms)
✔ regression 7: artifact creation recovers one positively marked artifact (7.4529ms)
✔ regression 8: resume always fully validates persisted manifest entries/maps (1.1532ms)
✔ regression 9: trash requires ownedByMe, MIME, identity, and Drive appProperties (1.297ms)
✔ regression 11: promotion ambiguity preserves old tab and never deletes by name (2.1783ms)
✔ regression: empty report checksum equals initial accumulator (0.8105ms)
✔ regression 2/3: lease fence helpers abort on false without Google side effects (311.4944ms)
✔ regression 8b: resume validates entries even with no stream checkpoint (0.8278ms)
✔ regression 10: cancel requires and replays idempotency keys (6.737ms)
✔ regression 2b: destination CAS after promotion updates managed immutable id (16.9643ms)
✔ regression: upper-bound verification never reads estimate headroom (6.6507ms)
✔ regression: title change resolved by immutable sheet ID on resume (1.1178ms)
✔ regression: ambiguous marker tampering refuses promotion (2.1068ms)
✔ regression: destination lineage accepts proven replace_tab advancement (17.8462ms)
✔ regression: phase-aware transition skips advanced status without LEASE_LOST (2.8954ms)
✔ regression: delivery fence rejects forged fence fields and stale epoch predicate (4.7003ms)
✔ regression: stale-worker fence bind loses to lease takeover (6.2582ms)
✔ regression: LeaseLost after promote CAS never terminal-fails run (8.0911ms)
✔ regression: retryable provider abandon does not terminal-fail (23.7963ms)
✔ regression: snapshot terminal consistency refuses delivery-completed + run-failed (3.392ms)
✔ regression: fence bind TX interleaves with lease takeover (1.5891ms)
✔ regression: already-promoted recovery requires content verify not title-only (5.689ms)
✔ regression: CAS-resume path refuses tampered markers and trailing edits (5.7727ms)
✔ regression: worker maps destination ReportingErrors to destination failures (2.0506ms)
✔ regression: Google 400 marker write maps to INTERNAL_FAILURE with provider_status (6.2485ms)
✔ regression: destination stable identity ignores volatile health timestamps (5.5984ms)
✔ acceptance 10: denylist rejects every registered operational workbook id (2.7515ms)
✔ acceptance 11: human-created tab takeover is refused by staging ownership markers (2.5244ms)
✔ acceptance 12: capacity feedback refuses silent truncation (0.9273ms)
✔ acceptance 13/14: bounded RAW writes, idempotent replay, and checksum-safe progress (34.039ms)
✔ acceptance 13: ambiguous provider timeout replays exact range after read-back (3.2752ms)
✔ acceptance 15/16: staging verification/promotion and failed replacement preserves old tab (6.3109ms)
✔ acceptance 17: incomplete snapshot cleanup only trashes positively marked workbooks (1.7505ms)
✔ cleanup janitor never trashes a completed snapshot artifact (0.757ms)
✔ acceptance 19: PII is excluded from provider failures, checkpoints, and delivery reads (2.1154ms)
✔ RAW semantics reject formula-shaped cells and require literal serialization (1.1414ms)
✔ persisted manifests reject row payloads and validate resume identity (1.7173ms)
✔ lease fencing failure codes remain typed and PII-safe (0.4268ms)
✔ operational workbook denylist rejects registered workbook IDs (4.5324ms)
✔ operational workbook denylist fails closed when configuration is incomplete (0.5643ms)
✔ managed tab verification rejects human-created name collisions (1.7681ms)
✔ managed tab verification rejects tabs without a Vantage ownership marker (4.0221ms)
✔ managed tab verification accepts a matching Vantage marker (2.5187ms)
✔ destination snapshot validation rejects operational workbook matches (2.144ms)
✔ managed tab rename preserves immutable sheet ID and revalidates ownership (0.8054ms)
✔ destination read projection omits connection and actor credentials (3.3339ms)
✔ destination snapshot validation rejects stale health timestamps (3.676ms)
✔ replace-tab capacity subtracts every existing workbook grid (1.8168ms)
✔ replace-tab capacity fails closed without grid metadata (0.6247ms)
✔ reporting observability defines operational alert event keys (2.2177ms)
✔ findReportingStuckRuns respects phase age threshold (1.9084ms)
✔ normalizePhoneNumberToE164Like handles common RingCentral number shapes (2.3438ms)
✔ RingCentral inbound target numbers resolve to configured source metadata (1.7354ms)
✔ RingCentral source labels are consistent with source company mapping (0.4472ms)
✔ normalizer preserves telephony facts before registry qualification (0.9211ms)
✔ normalizer uses an explicit provider call start and never notification time (0.5699ms)
✔ candidate folding preserves answeredAt from an older delayed event (1.647ms)
✔ sample answered inbound event is pending immediately and qualifies after elapsed buffer (1.0369ms)
✔ evaluator rejects outbound calls (0.4275ms)
✔ evaluator rejects inbound calls to unknown numbers (0.3841ms)
✔ evaluator keeps live inbound target calls candidate until answered (0.479ms)
✔ evaluator rejects terminal inbound target calls that were not answered (0.323ms)
✔ evaluator distinguishes live and terminal answered calls under 120 seconds (0.3412ms)
✔ evaluator qualifies inbound target calls answered over 120 seconds (0.3307ms)
✔ evaluator rejects missed calls without answered evidence (0.3236ms)
﹣ [AC-17] Unit 21 replica lease, cursor, overlap, and rescan proof (4.7687ms) # Replica-set proof is opt-in via GRANOT_LIFECYCLE_REPLICA_TESTS=true.
✔ [AC-17] lease owner identity is bounded, opaque, and per invocation (2.4889ms)
✔ [AC-17] masked owner is a short stable digest and never leaks the owner (0.774ms)
✔ [AC-17] singleton key index contract is the exact unique key index (1.7291ms)
✔ persisted run failure codes are a bounded, non-sensitive set (0.5786ms)
﹣ [AC-17] Mongo state lease elects exactly one winner (1.0279ms) # Replica-set proof is opt-in via GRANOT_LIFECYCLE_REPLICA_TESTS=true.
{"level":"info","time":"2026-09-18T23:10:44.347Z","service":"vantage-main-server","env":"development","msg":"ringcentral.call_log_sync.lease_contended","leaseOwnerHash":"e0e92466da53"}
✔ [AC-17] the lease loser performs no provider, route, ingest, or state work (9.6724ms)
✔ [AC-17] two overlapping invocations produce exactly one winner (3.1494ms)
✔ [AC-17] the winner claims before any provider or ingest work (6.5131ms)
✔ [AC-17] a complete successful run advances the cursor exactly once (1.7581ms)
✔ [AC-17] every failure stage leaves the cursor unchanged (4.076ms)
✔ [AC-17] an observed provider throttle is counted and blocks cursor movement (1.662ms)
✔ [AC-17] a run with no throttling reports zero throttles (1.8446ms)
✔ [AC-17] terminal write failure loses the fence and moves no cursor (2.0066ms)
✔ [AC-17] losing the lease mid-run stops work and writes nothing (1.6484ms)
✔ [AC-17] the lease is renewed while long work remains (1.7978ms)
✔ [AC-17] a failed fenced error write degrades to a PII-safe lease-lost event (0.859ms)
✔ [AC-17] expired-lease recovery is reported without erasing terminal facts (0.9939ms)
✔ [AC-17] the rolling lookback stays exactly 12 hours for a first run (0.9927ms)
✔ [AC-17] the rolling lookback stays exactly 12 hours at a 30-minute cadence (0.617ms)
✔ [AC-17] a cursor older than the floor keeps its overlap window (0.6409ms)
✔ [AC-17] the winner's window end is its own claim instant (0.8042ms)
✔ [AC-17] pagination stops at a short page and continues through full pages (0.6983ms)
✔ a newest-first Call Log page ingests oldest-first so same-run Duplicate Leads classify (0.6054ms)
✔ Call Log pages across a newest-first split still ingest oldest-first in one run (0.8373ms)
✔ [AC-17] Call Log telemetry and events carry no caller or provider content (0.9438ms)
✔ [AC-17] emitted lease events expose only a masked owner and bounded fields (1.3184ms)
✔ [AC-17] the run summary itself exposes no caller data (0.9967ms)
{"level":"info","time":"2026-09-18T23:10:44.349Z","service":"vantage-main-server","env":"development","msg":"ringcentral.call_log_sync.lease_contended","observability_level":"info","category":"ringcentral","workflow":"ringcentral_call_log_sync","run_id":"2026-08-18T12:00:00.000Z"}
{"level":"info","time":"2026-09-18T23:10:44.354Z","service":"vantage-main-server","env":"development","msg":"ringcentral.call_log_sync.started","observability_level":"info","category":"ringcentral","workflow":"ringcentral_call_log_sync","run_id":"2026-08-18T12:00:00.000Z"}
{"level":"info","time":"2026-09-18T23:10:44.354Z","service":"vantage-main-server","env":"development","msg":"ringcentral.call_log_sync.lease_contended","leaseOwnerHash":"8cefb43f6f11"}
{"level":"info","time":"2026-09-18T23:10:44.354Z","service":"vantage-main-server","env":"development","msg":"ringcentral.call_log_sync.lease_contended","observability_level":"info","category":"ringcentral","workflow":"ringcentral_call_log_sync","run_id":"2026-08-18T12:00:00.000Z"}
{"level":"info","time":"2026-09-18T23:10:44.355Z","service":"vantage-main-server","env":"development","msg":"ringcentral.call_log_sync.completed","ranAt":"2026-08-18T12:00:00.000Z","windowFrom":"2026-08-18T00:00:00.000Z","windowTo":"2026-08-18T12:00:00.000Z","leaseOwnerHash":"7408b41fbeb6","leaseAcquired":true,"leaseRecovered":false,"leaseLost":false,"skipped":false,"skipReason":null,"runtimeMs":0,"fetchedRecords":0,"candidateRecords":0,"qualifiedRecords":0,"ingestActions":{"lead_created":0,"lead_created_duplicate":0,"lead_adopted":0,"lead_adopted_duplicate":0,"shadow_recorded":0,"dry_run":0,"skipped_already_processed":0},"adoptedRecords":0,"adoptionConflicts":0,"throttledResponses":0,"leadsCreated":0,"duplicatesFlagged":0,"cursorAdvanced":true,"errors":[]}
{"level":"info","time":"2026-09-18T23:10:44.355Z","service":"vantage-main-server","env":"development","msg":"ringcentral.call_log_sync.completed","observability_level":"info","category":"ringcentral","workflow":"ringcentral_call_log_sync","run_id":"2026-08-18T12:00:00.000Z"}
{"level":"info","time":"2026-09-18T23:10:44.361Z","service":"vantage-main-server","env":"development","msg":"ringcentral.call_log_sync.started","observability_level":"info","category":"ringcentral","workflow":"ringcentral_call_log_sync","run_id":"2026-08-18T12:00:00.000Z"}
{"level":"info","time":"2026-09-18T23:10:44.362Z","service":"vantage-main-server","env":"development","msg":"ringcentral.call_log_sync.completed","ranAt":"2026-08-18T12:00:00.000Z","windowFrom":"2026-08-18T00:00:00.000Z","windowTo":"2026-08-18T12:00:00.000Z","leaseOwnerHash":"e0e92466da53","leaseAcquired":true,"leaseRecovered":false,"leaseLost":false,"skipped":false,"skipReason":null,"runtimeMs":30,"fetchedRecords":1,"candidateRecords":1,"qualifiedRecords":1,"ingestActions":{"lead_created":0,"lead_created_duplicate":0,"lead_adopted":0,"lead_adopted_duplicate":0,"shadow_recorded":0,"dry_run":1,"skipped_already_processed":0},"adoptedRecords":0,"adoptionConflicts":0,"throttledResponses":0,"leadsCreated":0,"duplicatesFlagged":0,"cursorAdvanced":true,"errors":[]}
{"level":"info","time":"2026-09-18T23:10:44.362Z","service":"vantage-main-server","env":"development","msg":"ringcentral.call_log_sync.completed","observability_level":"info","category":"ringcentral","workflow":"ringcentral_call_log_sync","run_id":"2026-08-18T12:00:00.000Z"}
{"level":"info","time":"2026-09-18T23:10:44.363Z","service":"vantage-main-server","env":"development","msg":"ringcentral.call_log_sync.started","observability_level":"info","category":"ringcentral","workflow":"ringcentral_call_log_sync","run_id":"2026-08-18T12:00:00.000Z"}
{"level":"info","time":"2026-09-18T23:10:44.364Z","service":"vantage-main-server","env":"development","msg":"ringcentral.call_log_sync.completed","ranAt":"2026-08-18T12:00:00.000Z","windowFrom":"2026-08-18T00:00:00.000Z","windowTo":"2026-08-18T12:00:00.000Z","leaseOwnerHash":"e0e92466da53","leaseAcquired":true,"leaseRecovered":false,"leaseLost":false,"skipped":false,"skipReason":null,"runtimeMs":40,"fetchedRecords":2,"candidateRecords":2,"qualifiedRecords":2,"ingestActions":{"lead_created":0,"lead_created_duplicate":1,"lead_adopted":1,"lead_adopted_duplicate":0,"shadow_recorded":0,"dry_run":0,"skipped_already_processed":0},"adoptedRecords":1,"adoptionConflicts":1,"throttledResponses":0,"leadsCreated":1,"duplicatesFlagged":1,"cursorAdvanced":true,"errors":[]}
{"level":"info","time":"2026-09-18T23:10:44.364Z","service":"vantage-main-server","env":"development","msg":"ringcentral.call_log_sync.completed","observability_level":"info","category":"ringcentral","workflow":"ringcentral_call_log_sync","run_id":"2026-08-18T12:00:00.000Z"}
{"level":"info","time":"2026-09-18T23:10:44.366Z","service":"vantage-main-server","env":"development","msg":"ringcentral.call_log_sync.started","observability_level":"info","category":"ringcentral","workflow":"ringcentral_call_log_sync","run_id":"2026-08-18T12:00:00.000Z"}
{"level":"error","time":"2026-09-18T23:10:44.366Z","service":"vantage-main-server","env":"development","msg":"ringcentral.call_log_sync.failed","leaseOwnerHash":"e0e92466da53","stage":"route_snapshot","errorCode":"route_snapshot_failed","windowFrom":"2026-08-18T00:00:00.000Z","windowTo":"2026-08-18T12:00:00.000Z"}
{"level":"error","time":"2026-09-18T23:10:44.366Z","service":"vantage-main-server","env":"development","msg":"ringcentral.call_log_sync.failed","observability_level":"error","category":"ringcentral","workflow":"ringcentral_call_log_sync","run_id":"2026-08-18T12:00:00.000Z"}
{"level":"info","time":"2026-09-18T23:10:44.367Z","service":"vantage-main-server","env":"development","msg":"ringcentral.call_log_sync.started","observability_level":"info","category":"ringcentral","workflow":"ringcentral_call_log_sync","run_id":"2026-08-18T12:00:00.000Z"}
{"level":"error","time":"2026-09-18T23:10:44.367Z","service":"vantage-main-server","env":"development","msg":"ringcentral.call_log_sync.failed","leaseOwnerHash":"e0e92466da53","stage":"provider_fetch","errorCode":"provider_request_failed","windowFrom":"2026-08-18T00:00:00.000Z","windowTo":"2026-08-18T12:00:00.000Z"}
{"level":"error","time":"2026-09-18T23:10:44.367Z","service":"vantage-main-server","env":"development","msg":"ringcentral.call_log_sync.failed","observability_level":"error","category":"ringcentral","workflow":"ringcentral_call_log_sync","run_id":"2026-08-18T12:00:00.000Z"}
{"level":"info","time":"2026-09-18T23:10:44.367Z","service":"vantage-main-server","env":"development","msg":"ringcentral.call_log_sync.started","observability_level":"info","category":"ringcentral","workflow":"ringcentral_call_log_sync","run_id":"2026-08-18T12:00:00.000Z"}
{"level":"error","time":"2026-09-18T23:10:44.367Z","service":"vantage-main-server","env":"development","msg":"ringcentral.call_log_sync.failed","leaseOwnerHash":"e0e92466da53","stage":"provider_fetch","errorCode":"provider_throttled","windowFrom":"2026-08-18T00:00:00.000Z","windowTo":"2026-08-18T12:00:00.000Z"}
{"level":"error","time":"2026-09-18T23:10:44.367Z","service":"vantage-main-server","env":"development","msg":"ringcentral.call_log_sync.failed","observability_level":"error","category":"ringcentral","workflow":"ringcentral_call_log_sync","run_id":"2026-08-18T12:00:00.000Z"}
{"level":"info","time":"2026-09-18T23:10:44.368Z","service":"vantage-main-server","env":"development","msg":"ringcentral.call_log_sync.started","observability_level":"info","category":"ringcentral","workflow":"ringcentral_call_log_sync","run_id":"2026-08-18T12:00:00.000Z"}
{"level":"error","time":"2026-09-18T23:10:44.368Z","service":"vantage-main-server","env":"development","msg":"ringcentral.call_log_sync.failed","leaseOwnerHash":"e0e92466da53","stage":"ingest","errorCode":"ingest_failed","windowFrom":"2026-08-18T00:00:00.000Z","windowTo":"2026-08-18T12:00:00.000Z"}
{"level":"error","time":"2026-09-18T23:10:44.368Z","service":"vantage-main-server","env":"development","msg":"ringcentral.call_log_sync.failed","observability_level":"error","category":"ringcentral","workflow":"ringcentral_call_log_sync","run_id":"2026-08-18T12:00:00.000Z"}
{"level":"info","time":"2026-09-18T23:10:44.370Z","service":"vantage-main-server","env":"development","msg":"ringcentral.call_log_sync.started","observability_level":"info","category":"ringcentral","workflow":"ringcentral_call_log_sync","run_id":"2026-08-18T12:00:00.000Z"}
{"level":"error","time":"2026-09-18T23:10:44.370Z","service":"vantage-main-server","env":"development","msg":"ringcentral.call_log_sync.failed","leaseOwnerHash":"e0e92466da53","stage":"provider_fetch","errorCode":"provider_throttled","windowFrom":"2026-08-18T00:00:00.000Z","windowTo":"2026-08-18T12:00:00.000Z"}
{"level":"error","time":"2026-09-18T23:10:44.370Z","service":"vantage-main-server","env":"development","msg":"ringcentral.call_log_sync.failed","observability_level":"error","category":"ringcentral","workflow":"ringcentral_call_log_sync","run_id":"2026-08-18T12:00:00.000Z"}
{"level":"info","time":"2026-09-18T23:10:44.371Z","service":"vantage-main-server","env":"development","msg":"ringcentral.call_log_sync.started","observability_level":"info","category":"ringcentral","workflow":"ringcentral_call_log_sync","run_id":"2026-08-18T12:00:00.000Z"}
{"level":"info","time":"2026-09-18T23:10:44.372Z","service":"vantage-main-server","env":"development","msg":"ringcentral.call_log_sync.completed","ranAt":"2026-08-18T12:00:00.000Z","windowFrom":"2026-08-18T00:00:00.000Z","windowTo":"2026-08-18T12:00:00.000Z","leaseOwnerHash":"e0e92466da53","leaseAcquired":true,"leaseRecovered":false,"leaseLost":false,"skipped":false,"skipReason":null,"runtimeMs":30,"fetchedRecords":1,"candidateRecords":1,"qualifiedRecords":1,"ingestActions":{"lead_created":0,"lead_created_duplicate":0,"lead_adopted":0,"lead_adopted_duplicate":0,"shadow_recorded":0,"dry_run":1,"skipped_already_processed":0},"adoptedRecords":0,"adoptionConflicts":0,"throttledResponses":0,"leadsCreated":0,"duplicatesFlagged":0,"cursorAdvanced":true,"errors":[]}
{"level":"info","time":"2026-09-18T23:10:44.372Z","service":"vantage-main-server","env":"development","msg":"ringcentral.call_log_sync.completed","observability_level":"info","category":"ringcentral","workflow":"ringcentral_call_log_sync","run_id":"2026-08-18T12:00:00.000Z"}
{"level":"info","time":"2026-09-18T23:10:44.373Z","service":"vantage-main-server","env":"development","msg":"ringcentral.call_log_sync.started","observability_level":"info","category":"ringcentral","workflow":"ringcentral_call_log_sync","run_id":"2026-08-18T12:00:00.000Z"}
{"level":"warn","time":"2026-09-18T23:10:44.374Z","service":"vantage-main-server","env":"development","msg":"ringcentral.call_log_sync.lease_lost","leaseOwnerHash":"e0e92466da53","stage":"state_write"}
{"level":"warn","time":"2026-09-18T23:10:44.374Z","service":"vantage-main-server","env":"development","msg":"ringcentral.call_log_sync.lease_lost","observability_level":"warn","category":"ringcentral","workflow":"ringcentral_call_log_sync","run_id":"2026-08-18T12:00:00.000Z"}
{"level":"info","time":"2026-09-18T23:10:44.376Z","service":"vantage-main-server","env":"development","msg":"ringcentral.call_log_sync.started","observability_level":"info","category":"ringcentral","workflow":"ringcentral_call_log_sync","run_id":"2026-08-18T12:00:00.000Z"}
{"level":"warn","time":"2026-09-18T23:10:44.376Z","service":"vantage-main-server","env":"development","msg":"ringcentral.call_log_sync.lease_lost","leaseOwnerHash":"e0e92466da53","stage":"lease"}
{"level":"warn","time":"2026-09-18T23:10:44.376Z","service":"vantage-main-server","env":"development","msg":"ringcentral.call_log_sync.lease_lost","observability_level":"warn","category":"ringcentral","workflow":"ringcentral_call_log_sync","run_id":"2026-08-18T12:00:00.000Z"}
{"level":"info","time":"2026-09-18T23:10:44.377Z","service":"vantage-main-server","env":"development","msg":"ringcentral.call_log_sync.started","observability_level":"info","category":"ringcentral","workflow":"ringcentral_call_log_sync","run_id":"2026-08-18T12:00:00.000Z"}
{"level":"info","time":"2026-09-18T23:10:44.378Z","service":"vantage-main-server","env":"development","msg":"ringcentral.call_log_sync.completed","ranAt":"2026-08-18T12:00:00.000Z","windowFrom":"2026-08-18T00:00:00.000Z","windowTo":"2026-08-18T12:00:00.000Z","leaseOwnerHash":"e0e92466da53","leaseAcquired":true,"leaseRecovered":false,"leaseLost":false,"skipped":false,"skipReason":null,"runtimeMs":80,"fetchedRecords":6,"candidateRecords":6,"qualifiedRecords":6,"ingestActions":{"lead_created":0,"lead_created_duplicate":0,"lead_adopted":0,"lead_adopted_duplicate":0,"shadow_recorded":0,"dry_run":6,"skipped_already_processed":0},"adoptedRecords":0,"adoptionConflicts":0,"throttledResponses":0,"leadsCreated":0,"duplicatesFlagged":0,"cursorAdvanced":true,"errors":[]}
{"level":"info","time":"2026-09-18T23:10:44.378Z","service":"vantage-main-server","env":"development","msg":"ringcentral.call_log_sync.completed","observability_level":"info","category":"ringcentral","workflow":"ringcentral_call_log_sync","run_id":"2026-08-18T12:00:00.000Z"}
{"level":"info","time":"2026-09-18T23:10:44.379Z","service":"vantage-main-server","env":"development","msg":"ringcentral.call_log_sync.started","observability_level":"info","category":"ringcentral","workflow":"ringcentral_call_log_sync","run_id":"2026-08-18T12:00:00.000Z"}
{"level":"warn","time":"2026-09-18T23:10:44.379Z","service":"vantage-main-server","env":"development","msg":"ringcentral.call_log_sync.lease_lost","leaseOwnerHash":"e0e92466da53","stage":"route_snapshot"}
{"level":"warn","time":"2026-09-18T23:10:44.379Z","service":"vantage-main-server","env":"development","msg":"ringcentral.call_log_sync.lease_lost","observability_level":"warn","category":"ringcentral","workflow":"ringcentral_call_log_sync","run_id":"2026-08-18T12:00:00.000Z"}
{"level":"info","time":"2026-09-18T23:10:44.380Z","service":"vantage-main-server","env":"development","msg":"ringcentral.call_log_sync.started","observability_level":"info","category":"ringcentral","workflow":"ringcentral_call_log_sync","run_id":"2026-08-18T12:00:00.000Z"}
{"level":"warn","time":"2026-09-18T23:10:44.380Z","service":"vantage-main-server","env":"development","msg":"ringcentral.call_log_sync.lease_recovered","leaseOwnerHash":"e0e92466da53"}
{"level":"warn","time":"2026-09-18T23:10:44.380Z","service":"vantage-main-server","env":"development","msg":"ringcentral.call_log_sync.lease_recovered","observability_level":"warn","category":"ringcentral","workflow":"ringcentral_call_log_sync","run_id":"2026-08-18T12:00:00.000Z"}
{"level":"info","time":"2026-09-18T23:10:44.380Z","service":"vantage-main-server","env":"development","msg":"ringcentral.call_log_sync.completed","ranAt":"2026-08-18T12:00:00.000Z","windowFrom":"2026-08-18T00:00:00.000Z","windowTo":"2026-08-18T12:00:00.000Z","leaseOwnerHash":"e0e92466da53","leaseAcquired":true,"leaseRecovered":true,"leaseLost":false,"skipped":false,"skipReason":null,"runtimeMs":20,"fetchedRecords":0,"candidateRecords":0,"qualifiedRecords":0,"ingestActions":{"lead_created":0,"lead_created_duplicate":0,"lead_adopted":0,"lead_adopted_duplicate":0,"shadow_recorded":0,"dry_run":0,"skipped_already_processed":0},"adoptedRecords":0,"adoptionConflicts":0,"throttledResponses":0,"leadsCreated":0,"duplicatesFlagged":0,"cursorAdvanced":true,"errors":[]}
{"level":"info","time":"2026-09-18T23:10:44.380Z","service":"vantage-main-server","env":"development","msg":"ringcentral.call_log_sync.completed","observability_level":"info","category":"ringcentral","workflow":"ringcentral_call_log_sync","run_id":"2026-08-18T12:00:00.000Z"}
{"level":"info","time":"2026-09-18T23:10:44.381Z","service":"vantage-main-server","env":"development","msg":"ringcentral.call_log_sync.started","observability_level":"info","category":"ringcentral","workflow":"ringcentral_call_log_sync","run_id":"2026-08-18T12:00:00.000Z"}
{"level":"info","time":"2026-09-18T23:10:44.381Z","service":"vantage-main-server","env":"development","msg":"ringcentral.call_log_sync.completed","ranAt":"2026-08-18T12:00:00.000Z","windowFrom":"2026-08-18T00:00:00.000Z","windowTo":"2026-08-18T12:00:00.000Z","leaseOwnerHash":"e0e92466da53","leaseAcquired":true,"leaseRecovered":false,"leaseLost":false,"skipped":false,"skipReason":null,"runtimeMs":20,"fetchedRecords":0,"candidateRecords":0,"qualifiedRecords":0,"ingestActions":{"lead_created":0,"lead_created_duplicate":0,"lead_adopted":0,"lead_adopted_duplicate":0,"shadow_recorded":0,"dry_run":0,"skipped_already_processed":0},"adoptedRecords":0,"adoptionConflicts":0,"throttledResponses":0,"leadsCreated":0,"duplicatesFlagged":0,"cursorAdvanced":true,"errors":[]}
{"level":"info","time":"2026-09-18T23:10:44.381Z","service":"vantage-main-server","env":"development","msg":"ringcentral.call_log_sync.completed","observability_level":"info","category":"ringcentral","workflow":"ringcentral_call_log_sync","run_id":"2026-08-18T12:00:00.000Z"}
{"level":"info","time":"2026-09-18T23:10:44.382Z","service":"vantage-main-server","env":"development","msg":"ringcentral.call_log_sync.started","observability_level":"info","category":"ringcentral","workflow":"ringcentral_call_log_sync","run_id":"2026-08-18T12:00:00.000Z"}
{"level":"info","time":"2026-09-18T23:10:44.382Z","service":"vantage-main-server","env":"development","msg":"ringcentral.call_log_sync.completed","ranAt":"2026-08-18T12:00:00.000Z","windowFrom":"2026-08-18T00:00:00.000Z","windowTo":"2026-08-18T12:00:00.000Z","leaseOwnerHash":"e0e92466da53","leaseAcquired":true,"leaseRecovered":false,"leaseLost":false,"skipped":false,"skipReason":null,"runtimeMs":20,"fetchedRecords":0,"candidateRecords":0,"qualifiedRecords":0,"ingestActions":{"lead_created":0,"lead_created_duplicate":0,"lead_adopted":0,"lead_adopted_duplicate":0,"shadow_recorded":0,"dry_run":0,"skipped_already_processed":0},"adoptedRecords":0,"adoptionConflicts":0,"throttledResponses":0,"leadsCreated":0,"duplicatesFlagged":0,"cursorAdvanced":true,"errors":[]}
{"level":"info","time":"2026-09-18T23:10:44.382Z","service":"vantage-main-server","env":"development","msg":"ringcentral.call_log_sync.completed","observability_level":"info","category":"ringcentral","workflow":"ringcentral_call_log_sync","run_id":"2026-08-18T12:00:00.000Z"}
{"level":"info","time":"2026-09-18T23:10:44.382Z","service":"vantage-main-server","env":"development","msg":"ringcentral.call_log_sync.started","observability_level":"info","category":"ringcentral","workflow":"ringcentral_call_log_sync","run_id":"2026-08-18T12:00:00.000Z"}
{"level":"info","time":"2026-09-18T23:10:44.383Z","service":"vantage-main-server","env":"development","msg":"ringcentral.call_log_sync.completed","ranAt":"2026-08-18T12:00:00.000Z","windowFrom":"2026-08-17T15:45:00.000Z","windowTo":"2026-08-18T12:00:00.000Z","leaseOwnerHash":"e0e92466da53","leaseAcquired":true,"leaseRecovered":false,"leaseLost":false,"skipped":false,"skipReason":null,"runtimeMs":20,"fetchedRecords":0,"candidateRecords":0,"qualifiedRecords":0,"ingestActions":{"lead_created":0,"lead_created_duplicate":0,"lead_adopted":0,"lead_adopted_duplicate":0,"shadow_recorded":0,"dry_run":0,"skipped_already_processed":0},"adoptedRecords":0,"adoptionConflicts":0,"throttledResponses":0,"leadsCreated":0,"duplicatesFlagged":0,"cursorAdvanced":true,"errors":[]}
{"level":"info","time":"2026-09-18T23:10:44.383Z","service":"vantage-main-server","env":"development","msg":"ringcentral.call_log_sync.completed","observability_level":"info","category":"ringcentral","workflow":"ringcentral_call_log_sync","run_id":"2026-08-18T12:00:00.000Z"}
{"level":"info","time":"2026-09-18T23:10:44.383Z","service":"vantage-main-server","env":"development","msg":"ringcentral.call_log_sync.started","observability_level":"info","category":"ringcentral","workflow":"ringcentral_call_log_sync","run_id":"2026-08-18T12:00:00.000Z"}
{"level":"info","time":"2026-09-18T23:10:44.383Z","service":"vantage-main-server","env":"development","msg":"ringcentral.call_log_sync.completed","ranAt":"2026-08-18T12:00:00.000Z","windowFrom":"2026-08-18T00:00:00.000Z","windowTo":"2026-08-18T12:00:00.000Z","leaseOwnerHash":"e0e92466da53","leaseAcquired":true,"leaseRecovered":false,"leaseLost":false,"skipped":false,"skipReason":null,"runtimeMs":20,"fetchedRecords":0,"candidateRecords":0,"qualifiedRecords":0,"ingestActions":{"lead_created":0,"lead_created_duplicate":0,"lead_adopted":0,"lead_adopted_duplicate":0,"shadow_recorded":0,"dry_run":0,"skipped_already_processed":0},"adoptedRecords":0,"adoptionConflicts":0,"throttledResponses":0,"leadsCreated":0,"duplicatesFlagged":0,"cursorAdvanced":true,"errors":[]}
{"level":"info","time":"2026-09-18T23:10:44.384Z","service":"vantage-main-server","env":"development","msg":"ringcentral.call_log_sync.completed","observability_level":"info","category":"ringcentral","workflow":"ringcentral_call_log_sync","run_id":"2026-08-18T12:00:00.000Z"}
{"level":"info","time":"2026-09-18T23:10:44.384Z","service":"vantage-main-server","env":"development","msg":"ringcentral.call_log_sync.started","observability_level":"info","category":"ringcentral","workflow":"ringcentral_call_log_sync","run_id":"2026-08-18T12:00:00.000Z"}
{"level":"info","time":"2026-09-18T23:10:44.384Z","service":"vantage-main-server","env":"development","msg":"ringcentral.call_log_sync.completed","ranAt":"2026-08-18T12:00:00.000Z","windowFrom":"2026-08-18T00:00:00.000Z","windowTo":"2026-08-18T12:00:00.000Z","leaseOwnerHash":"e0e92466da53","leaseAcquired":true,"leaseRecovered":false,"leaseLost":false,"skipped":false,"skipReason":null,"runtimeMs":60,"fetchedRecords":3,"candidateRecords":3,"qualifiedRecords":3,"ingestActions":{"lead_created":0,"lead_created_duplicate":0,"lead_adopted":0,"lead_adopted_duplicate":0,"shadow_recorded":0,"dry_run":3,"skipped_already_processed":0},"adoptedRecords":0,"adoptionConflicts":0,"throttledResponses":0,"leadsCreated":0,"duplicatesFlagged":0,"cursorAdvanced":true,"errors":[]}
{"level":"info","time":"2026-09-18T23:10:44.384Z","service":"vantage-main-server","env":"development","msg":"ringcentral.call_log_sync.completed","observability_level":"info","category":"ringcentral","workflow":"ringcentral_call_log_sync","run_id":"2026-08-18T12:00:00.000Z"}
{"level":"info","time":"2026-09-18T23:10:44.385Z","service":"vantage-main-server","env":"development","msg":"ringcentral.call_log_sync.started","observability_level":"info","category":"ringcentral","workflow":"ringcentral_call_log_sync","run_id":"2026-08-18T12:00:00.000Z"}
{"level":"info","time":"2026-09-18T23:10:44.385Z","service":"vantage-main-server","env":"development","msg":"ringcentral.call_log_sync.completed","ranAt":"2026-08-18T12:00:00.000Z","windowFrom":"2026-08-18T00:00:00.000Z","windowTo":"2026-08-18T12:00:00.000Z","leaseOwnerHash":"e0e92466da53","leaseAcquired":true,"leaseRecovered":false,"leaseLost":false,"skipped":false,"skipReason":null,"runtimeMs":40,"fetchedRecords":2,"candidateRecords":2,"qualifiedRecords":2,"ingestActions":{"lead_created":0,"lead_created_duplicate":0,"lead_adopted":0,"lead_adopted_duplicate":0,"shadow_recorded":0,"dry_run":2,"skipped_already_processed":0},"adoptedRecords":0,"adoptionConflicts":0,"throttledResponses":0,"leadsCreated":0,"duplicatesFlagged":0,"cursorAdvanced":true,"errors":[]}
{"level":"info","time":"2026-09-18T23:10:44.385Z","service":"vantage-main-server","env":"development","msg":"ringcentral.call_log_sync.completed","observability_level":"info","category":"ringcentral","workflow":"ringcentral_call_log_sync","run_id":"2026-08-18T12:00:00.000Z"}
{"level":"info","time":"2026-09-18T23:10:44.386Z","service":"vantage-main-server","env":"development","msg":"ringcentral.call_log_sync.started","observability_level":"info","category":"ringcentral","workflow":"ringcentral_call_log_sync","run_id":"2026-08-18T12:00:00.000Z"}
{"level":"info","time":"2026-09-18T23:10:44.386Z","service":"vantage-main-server","env":"development","msg":"ringcentral.call_log_sync.completed","ranAt":"2026-08-18T12:00:00.000Z","windowFrom":"2026-08-18T00:00:00.000Z","windowTo":"2026-08-18T12:00:00.000Z","leaseOwnerHash":"e0e92466da53","leaseAcquired":true,"leaseRecovered":false,"leaseLost":false,"skipped":false,"skipReason":null,"runtimeMs":60,"fetchedRecords":2,"candidateRecords":2,"qualifiedRecords":2,"ingestActions":{"lead_created":0,"lead_created_duplicate":0,"lead_adopted":0,"lead_adopted_duplicate":0,"shadow_recorded":0,"dry_run":2,"skipped_already_processed":0},"adoptedRecords":0,"adoptionConflicts":0,"throttledResponses":0,"leadsCreated":0,"duplicatesFlagged":0,"cursorAdvanced":true,"errors":[]}
{"level":"info","time":"2026-09-18T23:10:44.386Z","service":"vantage-main-server","env":"development","msg":"ringcentral.call_log_sync.completed","observability_level":"info","category":"ringcentral","workflow":"ringcentral_call_log_sync","run_id":"2026-08-18T12:00:00.000Z"}
{"level":"info","time":"2026-09-18T23:10:44.386Z","service":"vantage-main-server","env":"development","msg":"ringcentral.call_log_sync.started","observability_level":"info","category":"ringcentral","workflow":"ringcentral_call_log_sync","run_id":"2026-08-18T12:00:00.000Z"}
{"level":"error","time":"2026-09-18T23:10:44.387Z","service":"vantage-main-server","env":"development","msg":"ringcentral.call_log_sync.failed","leaseOwnerHash":"e0e92466da53","stage":"ingest","errorCode":"ingest_failed","windowFrom":"2026-08-18T00:00:00.000Z","windowTo":"2026-08-18T12:00:00.000Z"}
{"level":"error","time":"2026-09-18T23:10:44.387Z","service":"vantage-main-server","env":"development","msg":"ringcentral.call_log_sync.failed","observability_level":"error","category":"ringcentral","workflow":"ringcentral_call_log_sync","run_id":"2026-08-18T12:00:00.000Z"}
{"level":"info","time":"2026-09-18T23:10:44.388Z","service":"vantage-main-server","env":"development","msg":"ringcentral.call_log_sync.started","observability_level":"info","category":"ringcentral","workflow":"ringcentral_call_log_sync","run_id":"2026-08-18T12:00:00.000Z"}
{"level":"info","time":"2026-09-18T23:10:44.388Z","service":"vantage-main-server","env":"development","msg":"ringcentral.call_log_sync.completed","ranAt":"2026-08-18T12:00:00.000Z","windowFrom":"2026-08-18T00:00:00.000Z","windowTo":"2026-08-18T12:00:00.000Z","leaseOwnerHash":"e0e92466da53","leaseAcquired":true,"leaseRecovered":false,"leaseLost":false,"skipped":false,"skipReason":null,"runtimeMs":30,"fetchedRecords":1,"candidateRecords":1,"qualifiedRecords":1,"ingestActions":{"lead_created":0,"lead_created_duplicate":0,"lead_adopted":0,"lead_adopted_duplicate":0,"shadow_recorded":0,"dry_run":1,"skipped_already_processed":0},"adoptedRecords":0,"adoptionConflicts":0,"throttledResponses":0,"leadsCreated":0,"duplicatesFlagged":0,"cursorAdvanced":true,"errors":[]}
{"level":"info","time":"2026-09-18T23:10:44.388Z","service":"vantage-main-server","env":"development","msg":"ringcentral.call_log_sync.completed","observability_level":"info","category":"ringcentral","workflow":"ringcentral_call_log_sync","run_id":"2026-08-18T12:00:00.000Z"}
{"level":"info","time":"2026-09-18T23:10:44.389Z","service":"vantage-main-server","env":"development","msg":"ringcentral.call_log_sync.started","observability_level":"info","category":"ringcentral","workflow":"ringcentral_call_log_sync","run_id":"2026-08-18T12:00:00.000Z"}
{"level":"info","time":"2026-09-18T23:10:44.389Z","service":"vantage-main-server","env":"development","msg":"ringcentral.call_log_sync.completed","ranAt":"2026-08-18T12:00:00.000Z","windowFrom":"2026-08-18T00:00:00.000Z","windowTo":"2026-08-18T12:00:00.000Z","leaseOwnerHash":"e0e92466da53","leaseAcquired":true,"leaseRecovered":false,"leaseLost":false,"skipped":false,"skipReason":null,"runtimeMs":30,"fetchedRecords":1,"candidateRecords":1,"qualifiedRecords":1,"ingestActions":{"lead_created":0,"lead_created_duplicate":0,"lead_adopted":1,"lead_adopted_duplicate":0,"shadow_recorded":0,"dry_run":0,"skipped_already_processed":0},"adoptedRecords":1,"adoptionConflicts":0,"throttledResponses":0,"leadsCreated":0,"duplicatesFlagged":0,"cursorAdvanced":true,"errors":[]}
{"level":"info","time":"2026-09-18T23:10:44.389Z","service":"vantage-main-server","env":"development","msg":"ringcentral.call_log_sync.completed","observability_level":"info","category":"ringcentral","workflow":"ringcentral_call_log_sync","run_id":"2026-08-18T12:00:00.000Z"}
✔ qualifies an inbound answered call over 120s to a mapped toll-free (5.1502ms)
✔ qualifies a GetMovers inbound call log record (0.5943ms)
✔ rejects a call under 120 seconds (0.4649ms)
✔ rejects an outbound call (0.4718ms)
✔ rejects a call to an unmapped number (0.3996ms)
✔ rejects a missed (unanswered) call (0.3938ms)
✔ matches target number across call legs and picks the inbound caller (0.5419ms)
✔ aggregates a multi-party session and qualifies the canonical queue party over 120s (3.7127ms)
✔ uses answered agent lifecycle timing when the target queue leg disconnects early (3.7312ms)
✔ rejects a session that disconnected under 120 seconds (0.6528ms)
✔ a live (non-terminal) call over 120s qualifies but is not ingest-eligible (0.6207ms)
✔ an outbound-only session is not a lead (0.5007ms)
﹣ [AC-14][AC-15][AC-16] Unit 20 replica adoption, conflict continuation, races, and rollback (1.9987ms) # Replica-set proof is opt-in via GRANOT_LIFECYCLE_REPLICA_TESTS=true.
✔ [AC-14] one exact immutable-phone candidate is selected without guessing (5.9679ms)
✔ [AC-16] zero and multiple candidates remain explicit outcomes (1.0216ms)
✔ [AC-14][AC-16] candidate window is inclusive at exactly plus/minus 12 hours (0.4492ms)
✔ [AC-14][AC-16] exact boundaries qualify and one millisecond outside does not (1.0542ms)
✔ [AC-16] missing call start fails adoption closed without querying candidates (3.8972ms)
✔ [AC-16] Job-only/missing-phone input is never an adoption candidate (0.485ms)
✔ adoption match key stays exact Source Granularity plus ingested phone (15.421ms)
✔ [AC-16] different Source Granularity with the same phone is not an adoption candidate (1.3552ms)
✔ [AC-14] current-contact drift cannot replace immutable creation phone (1.0021ms)
✔ [AC-14] telephony session wins over call-log identity (3.907ms)
✔ [AC-14] adoption statuses are terminal replay outcomes (0.509ms)
✔ [AC-14] call-log race fence is declared unique and sparse (0.3524ms)
✔ recording adapter uses fixed account endpoints and discards contentUri (49.5408ms)
✔ streaming client shares JWT refresh once, returns headers and forbids redirects (3.7795ms)
✔ recording deadline bounds stalled token acquisition and unauthorized refresh (1.5707ms)
{"level":"info","time":"2026-09-18T23:10:46.662Z","service":"vantage-main-server","env":"development","msg":"ringcentral.ingest.skipped_already_processed","telephonySessionId":"u20-session","callLogId":null,"previousStatus":"lead_adopted","ingestionSource":"webhook"}
✔ [AC-14] telephony replay returns before adoption candidate work (4.754ms)
✔ [AC-14][AC-15] adoption occurs before duplicate classification and suppresses create (2.3333ms)
✔ [AC-16] no adoption candidate continues through normal ingest (0.9313ms)
✔ [AC-14] webhook and Call Log descriptors enter equivalent convergence (0.8698ms)
✔ [AC-14] call-log-only create fails closed before candidate or Lead work without indexes (1.6423ms)
✔ adoption off still creates a RingCentral-origin Call Lead (documented Race B twin) (1.6534ms)
✔ RingCentral ingest lock stays gated on the adoption flag (1.1534ms)
{"level":"info","time":"2026-09-18T23:10:46.668Z","service":"vantage-main-server","env":"development","msg":"ringcentral.ingest.processed","action":"dry_run","writeMode":"dry_run","duplicate":false,"duplicateReason":"unique","ingestionSource":"webhook","telephonySessionId":"u20-session","callLogId":null,"sourceCompany":"main_site","durationSeconds":180,"callLeadId":null}
{"level":"info","time":"2026-09-18T23:10:46.674Z","service":"vantage-main-server","env":"development","msg":"ringcentral.ingest.processed","action":"lead_created","writeMode":"create","duplicate":false,"duplicateReason":"unique","ingestionSource":"webhook","telephonySessionId":"u20-session","callLogId":null,"sourceCompany":"main_site","durationSeconds":180,"callLeadId":"507f1f77bcf86cd799439099"}
✔ first call from a caller is unique (2.7461ms)
✔ a second call from the same caller + source within the window is a duplicate (0.8594ms)
✔ the same telephony session is not counted as its own duplicate (0.5058ms)
✔ [AC-15] the same call-log identity is not counted as its own duplicate (0.5895ms)
✔ a call with no caller phone cannot be classified as a duplicate (0.3063ms)
✔ phone numbers in different formats still match as duplicates (0.439ms)
✔ duplicate lookup uses the earlier-only 90-day window (0.8306ms)
✔ same caller and source exactly 90 days apart is a duplicate (0.6255ms)
✔ same caller and source more than 90 days apart is unique (0.5059ms)
✔ different source is scoped out by the duplicate lookup (0.6213ms)
✔ [AC-15] adopted Lead id is excluded from duplicate classification (0.6253ms)
✔ [AC-15][AC-16] unresolved Granot candidates do not create false duplicates (0.5313ms)
✔ [AC-15] adopted Granot candidate from another physical call remains eligible (0.4404ms)
✔ [AC-15] future Leads are outside the earlier-only duplicate window (0.4317ms)
✔ builder: mode all is the account telephony path with no direction filter and no withRecordings; inbound builder is byte-for-byte unchanged (3.7213ms)
✔ classification: owned+matching managed by health; owned inbound-only and foreign same-address subscriptions are never managed (1.1328ms)
✔ plan/apply: noop when healthy, create when none owned, foreign same-address subscription is reported and untouched (2.4174ms)
✔ renewal: expiring owned subscription is renewed; renewing a foreign id is refused before any provider call (2.096ms)
✔ repair: blacklisted owned subscription is deleted, marked and recreated; a foreign id is never deleted or replaced (1.8337ms)
✔ health edges: unknown expiry is renew-due; unknown or missing status is reported and never repaired (review finding 6) (1.3196ms)
✔ ownership evidence fails closed: create without a recordable store surfaces the created id instead of orphaning it (review finding 7) (3.3391ms)
✔ provider adapter builds the exact RingCentral subscription requests over the shared client (2.1583ms)
{"level":"info","time":"2026-09-18T23:10:49.244Z","service":"vantage-main-server","env":"development","msg":"ringcentral.webhook.received","receivedAt":"2026-09-18T23:10:49.242Z","method":"POST","validationTokenPresent":true,"contentType":"application/json","userAgent":"node","eventHeaders":{},"subscriptionId":null,"telephonySessionId":null,"partyId":null,"event":"/restapi/v1.0/account/~/telephony/sessions"}
{"level":"info","time":"2026-09-18T23:10:49.245Z","service":"vantage-main-server","env":"development","msg":"ringcentral.webhook.capture.mongo_unavailable_logged","capture":{"provider":"ringcentral","receivedAt":{},"validationTokenPresent":true,"headers":{"host":"127.0.0.1:62161","connection":"keep-alive","content-type":"application/json","validation-token":"synthetic-validation","accept":"*/*","accept-language":"*","sec-fetch-mode":"cors","user-agent":"node","accept-encoding":"gzip, deflate","content-length":"80"},"rawBody":{"uuid":"echo-1","event":"/restapi/v1.0/account/~/telephony/sessions","body":{}},"normalizedPreview":{"subscriptionId":null,"event":"/restapi/v1.0/account/~/telephony/sessions","uuid":"echo-1","timestamp":null,"telephonySessionId":null,"sessionId":null,"partyId":null,"direction":null,"statusCode":null,"fromPhoneNumber":null,"fromName":null,"toPhoneNumber":null,"toName":null,"extensionId":null,"extensionNumber":null},"uuid":"echo-1","event":"/restapi/v1.0/account/~/telephony/sessions"}}
{"level":"info","time":"2026-09-18T23:10:49.246Z","service":"vantage-main-server","env":"development","msg":"ringcentral.webhook.processing.disabled","subscriptionId":null,"telephonySessionId":null}
{"level":"info","time":"2026-09-18T23:10:49.281Z","service":"vantage-main-server","env":"development","msg":"ringcentral.webhook.received","receivedAt":"2026-09-18T23:10:49.280Z","method":"POST","validationTokenPresent":false,"contentType":"application/json","userAgent":"node","eventHeaders":{},"subscriptionId":null,"telephonySessionId":null,"partyId":null,"event":null}
{"level":"info","time":"2026-09-18T23:10:49.282Z","service":"vantage-main-server","env":"development","msg":"ringcentral.webhook.capture.mongo_unavailable_logged","capture":{"provider":"ringcentral","receivedAt":{},"validationTokenPresent":false,"headers":{"host":"127.0.0.1:62161","connection":"keep-alive","content-type":"application/json","accept":"*/*","accept-language":"*","sec-fetch-mode":"cors","user-agent":"node","accept-encoding":"gzip, deflate","content-length":"27"},"rawBody":{"uuid":"echo-2","body":{}},"normalizedPreview":{"subscriptionId":null,"event":null,"uuid":"echo-2","timestamp":null,"telephonySessionId":null,"sessionId":null,"partyId":null,"direction":null,"statusCode":null,"fromPhoneNumber":null,"fromName":null,"toPhoneNumber":null,"toName":null,"extensionId":null,"extensionNumber":null},"uuid":"echo-2"}}
{"level":"info","time":"2026-09-18T23:10:49.282Z","service":"vantage-main-server","env":"development","msg":"ringcentral.webhook.processing.disabled","subscriptionId":null,"telephonySessionId":null}
✔ validation echo: the route echoes Validation-Token on a 200 and fans out only a durable receipt (207.1763ms)
✔ phone equality is Likely; exact session authorizes only that interaction and account (2.7241ms)
✔ overlaps are ambiguous; nonoverlapping moves and outside-overlap events stay independent (2.1091ms)
✔ unique current Attached outranks candidates; competing Attached blocks; reject and detach persist (0.7684ms)
✔ Form and Call windows include boundaries; later snapshots never backdate identity (2.5081ms)
✔ actual attachment queue and five-minute cron registrations, disabled worker skips without Mongo (3.6824ms)
✔ Owner attachment routes and cron recovery: authority, scope, flag, strict payload, CAS mapping and read-only GET (400.3725ms)
✔ eligibility: all five accepted contexts, both Lead models, exclusions and absent upstream inputs (3.8205ms)
✔ media stream hashes actual bytes, uses immutable account key and cleans transient file (56.6169ms)
✔ media rejects declared and streamed oversize, mismatched length/type and arbitrary audio (39.5137ms)
✔ Retry-After seconds, HTTP date and default (0.8975ms)
✔ text-only transcript retains unknown speakers and unavailable timing (40.0173ms)
✔ provider timing and actual speaker survive cross-boundary payment redaction (2.1775ms)
✔ invalid provider timing is unavailable; pricing is configured and rounded to integer cents (0.9405ms)
✔ CSI-12 five-minute cron, authentication, flag-off and default recovery/queue wiring (124.6453ms)
✔ CSI-11 queue stages, cron schedule, auth, flag-off and lease-held wiring (121.8839ms)
✔ CSI-11 modules never import qualification, Lead writers, budgets, STT or LLMs (6.3847ms)
✔ CSI route templates expand only the closed run paths and methods (3.2532ms)
✔ Owner analysis commands bind exact output and source evidence (6.3037ms)
✔ published DTO fixtures preserve undated and review-only rows and unknown coverage (3.0503ms)
✔ accepted policy defaults and invalid schedules (40.6708ms)
✔ strict commands allow undated independent actions and reject operational injection (29.204ms)
✔ Grok review: empty channels/evidence and duplicate assessment are rejected; no locator gate (15.3275ms)
✔ all CSI model accessors honor isolated database routing without suffix collections (35.1398ms)
✔ signed run token requires scoped principal, live run, dataset, nonce, expiry, subject and tool (6.326ms)
✔ single-attempt adapter never retries a non-idempotent submission, including 401/429/timeout (3.3871ms)
✔ Direct chat must have exactly the two reviewed people; supports provider member objects (11.3049ms)
✔ SMS and pager use JWT sender and correct endpoint contract (3.0856ms)
✔ repair receipt requires exact ID, sender and Direct membership, not matching text/time (3.3286ms)
✔ repair receipt rejects a Direct chat response for a different chat ID (1.0462ms)
✔ body/customer destination policy handles canonical, formatted and full-width representations (1.289ms)
✔ versioned templates limit customer identity; purpose/version/client chat are strict (3.8316ms)
✔ optional channels default off (1.1327ms)
✔ documented nudge controls take precedence; aliases cannot widen an explicit channel allowlist (1.6166ms)
✔ nudge routes enforce signed Owner, feature, strict input, idempotency; GET never dispatches (668.0703ms)
✔ repair cron is authenticated, disabled without DB, registered every five minutes (85.9723ms)
✔ 30/15/1440 clocks, Friday close, Sunday, DST and independent weekly calendar (35.1705ms)
✔ day-only waits end at close; Attention next opening; explicit Sunday honoured; ambiguity undated (22.1892ms)
✔ all three actions including undated; snooze preserves contractual overdue and other reasons (67.7079ms)
✔ inbound human versus missed/provider connected; attempts fulfill callback only and retain outcome (45.8537ms)
✔ wait coexistence, official closure precedence, planning denies stale and Owner effects (34.9023ms)
✔ worker, cron and recovery registrations exist without enabling production flags (1.6567ms)
✔ exact names remain proposed; alias ties, duplicate names, missing names and non-Users remain explicit (8.1787ms)
✔ account scope, half-open reassignment, retirement and review authority (3.1807ms)
✔ period validation compares instants and rejects unknown input keys (5.6194ms)
✔ registered identity worker is a flag-off no-op (1.716ms)
✔ all five Rep routes enforce Owner, strict contracts, scope, flags and idempotency header (404.4842ms)
✔ minute recovery invokes registered bounded rep stage, honors flag and cron authentication (45.2782ms)
✔ call lead browse q includes Granot snapshot name (12.1244ms)
✔ call lead browse phone matches the typed string on live and snapshot paths (1.6649ms)
✔ Call Lead Search phone ORs live, ingested, and Granot snapshot paths (5.7892ms)
✔ Call Lead Search name ORs ingested and Granot name paths (1.861ms)
✔ Call Lead Search email ORs ingested and Granot email paths (1.4888ms)
✔ Call Lead Search keeps OR across phone, name, and email (1.0651ms)
✔ form lead browse q includes Granot snapshot name (8.9554ms)
✔ form lead browse name includes ingested and Granot name paths (1.7463ms)
✔ form lead browse email includes ingested and Granot email paths (1.1836ms)
✔ form lead browse phone matches the typed string on live and snapshot paths (1.2134ms)
✔ form lead browse empty query finds all leads including duplicates (2.159ms)
✔ form lead browse result card omits snapshot objects (1.2443ms)
✔ form lead search excludes duplicate quarantine leads by default (4.5712ms)
✔ form lead search includes duplicate quarantine leads when requested (0.7367ms)
{"level":"info","time":"2026-09-18T23:10:48.577Z","service":"vantage-main-server","env":"development","msg":"sheet_sync.drain.quota_deferral","spreadsheetId":"sheet-1","tabName":"Calls","writes":1}
✔ batches existing-row updates and new-row appends into one call each (8.009ms)
✔ deletes rows in descending order in a single batchUpdate (3.1582ms)
✔ missing delete rows are an idempotent success (no API call) (0.9341ms)
✔ defers all writes when the read-quota reservation is denied (5.299ms)
✔ partial failure: update call fails but appends still succeed (3.3728ms)
✔ append batches are split by configured row guardrail (2.6641ms)
✔ buildTabRowMap maps Mongo IDs to 1-based row numbers (0.6853ms)
✔ QuotaLimiter grants within budget and denies (with rollback) past it (1.0997ms)
{"level":"info","time":"2026-09-18T23:10:49.097Z","service":"vantage-main-server","env":"development","msg":"sheet_sync.drain.call_lead.created_on_unmatched.skipped","leadId":"6aadc4f98f6b501f7efa3fe4"}
✔ jobPlanner registers mongoose models required for booked-lead populate (3.3083ms)
✔ planJobWrites turns a tombstone's previous_targets into delete writes (7.2123ms)
✔ planJobWrites skips tombstone targets with unknown headers (3.4522ms)
✔ planJobWrites limits retrying tombstones to target_hints (1.0201ms)
✔ planJobWrites returns a single empty plan when a tombstone has no targets (2.9859ms)
✔ planJobWrites dual-writes bad form leads to Forms and Master Bad Leads (5.773ms)
✔ planJobWrites deletes stale Master Bad Leads row when bad_lead is cleared (1.8032ms)
✔ planJobWrites deletes stale Calls row when duplicate call lead lacks sheet_sync metadata (1.8943ms)
✔ ordinary No-Sync Form deletes Forms only and does not upsert (1.2785ms)
✔ ordinary No-Sync Call deletes Calls only and does not upsert (1.1637ms)
✔ Booking Chain + ordinary No-Sync Call upserts Booked Deals and deletes Calls (2.0966ms)
✔ Unmatched Call without no_sync stays an empty plan with no deletes (1.9818ms)
✔ no_sync + bad_lead matches today's Bad Form dual-write (1.4184ms)
✔ no_sync + Call duplicate matches today's Duplicate Calls plan (1.835ms)
✔ Form Duplicate upserts Duplicates and does not delete leftover Forms (0.9537ms)
✔ no_sync + Form duplicate matches today's Form Duplicate plan (1.1658ms)
✔ clear no_sync on an ordinary Form upserts Forms (1.246ms)
✔ isNoSyncLead is false for missing / false / null (1.654ms)
✔ noSyncAppliesToNormalTabs is false when duplicate or bad_lead (0.6127ms)
{"level":"info","time":"2026-09-18T23:10:55.957Z","service":"vantage-main-server","env":"development","msg":"sheet_sync.outbox.enqueued","coalescingKey":"source_lead:FormLead:6aadc4ffa07ab43b520f45e5","resource":"source_lead","operation":"form_lead.create","jobId":"6aadc4ffa07ab43b520f45e6","dueAt":"2026-09-18T23:10:58.956Z","priority":60}
✔ enqueueSheetSyncJob writes a coalescing upsert keyed by entity (8.9292ms)
✔ enqueueSheetSyncJob threads the caller session for atomic commit (1.4775ms)
✔ enqueueSheetSyncTombstone cancels the superseded upsert then writes the delete (1.3442ms)
✔ persistSheetSyncIntent only writes the outbox in queued mode (1.76ms)
{"level":"info","time":"2026-09-18T23:10:55.964Z","service":"vantage-main-server","env":"development","msg":"sheet_sync.outbox.enqueued","coalescingKey":"booking_chain:b1","resource":"booking_chain","operation":"booked_lead.update","jobId":"6aadc4ffa07ab43b520f45e7","dueAt":"2026-09-18T23:10:58.963Z","priority":80}
{"level":"info","time":"2026-09-18T23:10:55.965Z","service":"vantage-main-server","env":"development","msg":"sheet_sync.outbox.upsert_superseded_by_delete","supersededKey":"source_lead:CallLead:lead-1","cancelled":1}
{"level":"info","time":"2026-09-18T23:10:55.965Z","service":"vantage-main-server","env":"development","msg":"sheet_sync.outbox.tombstone_enqueued","coalescingKey":"delete_source_lead:CallLead:lead-1","resource":"delete_source_lead","operation":"call_lead.delete","jobId":"6aadc4ffa07ab43b520f45e8","mongoId":"lead-1"}
{"level":"info","time":"2026-09-18T23:10:55.967Z","service":"vantage-main-server","env":"development","msg":"sheet_sync.outbox.enqueued","coalescingKey":"source_lead:CallLead:lead-9","resource":"source_lead","operation":"call_lead.update","jobId":"6aadc4ffa07ab43b520f45e9","dueAt":"2026-09-18T23:10:58.967Z","priority":50}
✔ syncSourceLead evaluates no_sync before unmatched and deletes ordinary tabs without the facade (14.1899ms)
✔ projects tariff rows into Timestamp through Carrier columns (3.6605ms)
✔ resolves a Granot Carrier Code to the Moving Carrier name and DOT (3.5117ms)
✔ appends both service rows with resolved Carrier and never upserts by identifier (3.7328ms)
✔ appends Linehaul plus a free-text Service row (0.9116ms)
✔ refuses an empty append (2.0928ms)
✔ hasBbbRedaction detects BBB PII redaction tokens (1.7086ms)
✔ listTestimonialsQuerySchema coerces pagination and boolean filters (9.6271ms)
✔ buildTestimonialFilter applies only provided query flags (2.5342ms)
✔ adminTestimonialsQuerySchema coerces admin filters and sort direction (5.4966ms)
✔ buildAdminTestimonialFilter applies reviewer, rating, customer, and date filters (1.7143ms)
✔ listTestimonials returns paginated landing-page items (1.4589ms)
✔ listAdminTestimonials returns admin fields and applies requested sort (1.8577ms)
✔ listAdminTestimonialReviewerNames returns sorted unique non-empty names (7.8624ms)
{"level":"warn","time":"2026-09-18T23:10:58.618Z","service":"vantage-main-server","env":"development","msg":"source_lead.update.booking_missing","operation":"call_lead.update","leadModel":"CallLead","leadId":"6aadc5028f9dfd893ea10eaa","bookingId":"6aadc5028f9dfd893ea10eab"}
✔ booked call lead refreshes attached booking customer and local (18.0131ms)
✔ booked form lead refreshes attached booking customer and local (2.9146ms)
✔ unbooked lead keeps source lead sync target (1.2049ms)
✔ stale booking reference falls back to source lead sync (2.7751ms)
✔ mismatched booking reference falls back to source lead sync (2.3484ms)
{"level":"warn","time":"2026-09-18T23:10:58.621Z","service":"vantage-main-server","env":"development","msg":"source_lead.update.booking_mismatch","operation":"call_lead.update","leadModel":"CallLead","leadId":"6aadc5028f9dfd893ea10eac","bookingId":"6aadc5028f9dfd893ea10ead","bookingLeadModel":"FormLead","bookingLeadId":"6aadc5028f9dfd893ea10eae"}
✔ V1ServiceError preserves the original (message, statusCode = 400) constructor signature (1.9603ms)
✔ V1ServiceError is an AppError (single instanceof handles both legacy and typed throws) (0.4807ms)
✔ V1ServiceError keeps its historical `name` so existing log filters match (0.308ms)
✔ V1ServiceError maps its statusCode onto a stable error code for logs (0.4539ms)
✔ parseFloridaCalendarDate stores YYYY-MM-DD as Florida calendar midnight UTC (2.6431ms)
✔ formatFloridaCalendarDate renders stored calendar dates without local timezone drift (0.5206ms)
✔ floridaCalendarToday uses the America/New_York calendar day (0.4535ms)
✔ floridaCalendarDateInputValue returns YYYY-MM-DD in Florida time (0.2892ms)
✔ toFloridaTimestamp stores Eastern daylight time clock components (0.5631ms)
✔ toFloridaTimestamp stores Eastern standard time clock components (0.3262ms)
✔ easternDateTimeParts reads America/New_York wall clock in standard and daylight time (2.3879ms)
✔ easternWallClockToUtc maps 8:00 AM Eastern to the matching UTC instant (0.5687ms)
✔ escapeSheetTitleForRange wraps plain titles in single quotes (1.5556ms)
✔ escapeSheetTitleForRange doubles single quotes inside a sheet title (0.4674ms)
✔ escapeSheetTitleForRange preserves whitespace and non-quote punctuation (0.2985ms)
✔ extractRowNumberFromRange parses single-cell updates (0.4234ms)
✔ extractRowNumberFromRange parses appended row ranges (0.372ms)
✔ extractRowNumberFromRange returns undefined for missing or malformed input (0.2599ms)
✔ generateLeadId returns unique established-format identifiers (3.4587ms)
✔ parseGranotCityState accepts multi-word cities and normalizes state (2.9427ms)
✔ Granot location parsing rejects placeholder and malformed values (0.7626ms)
✔ isObjectIdString accepts 24-char hex ids (4.8679ms)
✔ toObjectId parses hex strings (1.013ms)
✔ toObjectIdOrUndefined maps empty values to undefined (0.4271ms)
✔ job-number-timeline loader does not value-import ObjectId from mongodb (1.1111ms)
✔ newObjectIdHex returns a distinct 24-char hex id (2.454ms)
✔ normalizePhoneNumberForStorage strips US formatting and leading country code (2.0225ms)
✔ normalizePhoneNumberForStorage preserves unrecognized phone values (0.4917ms)
✔ normalizePhoneNumberForStorage preserves explicit foreign numbers (0.3283ms)
✔ normalizePhoneNumberForMatch keeps existing last-ten-digits matching behavior (0.3762ms)
✔ normalizePhoneNumberForMatch uses full foreign number digits (0.3028ms)
✔ rep promise and customer callback request stay distinct kinds (16.5988ms)
✔ multiple commitments accept an undated action without inventing a due date (2.6563ms)
✔ voicemail with unknown speaker is valid and is not human conversation (7.5764ms)
✔ contact restriction is schema-valid without closing Outreach (1.6783ms)
✔ owner-instruction disagreement cites the exact instruction revision (2.2747ms)
✔ rejects extra operational fields on the envelope and nested objects (3.7561ms)
✔ rejects malformed evidence references (4.6537ms)
✔ rejects unknown finding kinds, duplicate keys, and dangling finding_keys (1.8883ms)
✔ schema validation does not authorize evidence or apply business effects (1.1045ms)
✔ enforces document 10 engineering bounds (7.7331ms)
✔ createCallLeadSchema accepts a job_no-only call lead (6.7592ms)
✔ updateFormLeadSchema accepts canonical pickup and delivery cities (2.3942ms)
✔ createCallLeadSchema rejects call leads without phone_number or job_no (1.3769ms)
✔ createBookedLeadFromSourceSchema accepts CallLead booking with only call_job_no (2.7259ms)
✔ createReferralBookingSchema accepts owner-facing referral booking fields (1.3238ms)
✔ createReferralBookingSchema accepts optional customer_phone (0.4074ms)
✔ createBookedLeadFromSourceSchema accepts optional customer contact fields (1.5591ms)
✔ createCustomerSchema accepts name-only customers (0.5393ms)
✔ createReferralBookingSchema rejects server-owned referral source fields (0.7049ms)
✔ createLeadlessBookingSchema accepts owner-facing leadless booking fields (1.2711ms)
✔ createLeadlessBookingSchema accepts booking without customer contact fields (0.3114ms)
✔ createLeadlessBookingSchema rejects server-owned leadless flags (0.3152ms)
✔ createBookedLeadSchema accepts FormLead booking by Mongo id without job_no (1.551ms)
✔ createBookedLeadFromSourceSchema accepts transient CallLead booking phone (0.2641ms)
✔ createBookedLeadFromSourceSchema accepts CallLead booking with only phone on Best Relocation import (0.2086ms)
✔ createBookedLeadFromSourceSchema rejects Owner Call Lead booking with only phone (0.332ms)
✔ createBookedLeadFromSourceSchema rejects CallLead booking without job or phone (0.3124ms)
✔ createFormLeadSchema does not accept duplicate from clients (2.6467ms)
✔ createFormLeadSchema does not accept bad_lead from clients (0.563ms)
✔ createFormLeadSchema accepts optional lid from clients (0.5154ms)
✔ createFormLeadSchema accepts Best Relocation UUID identity and sheet flags (0.5459ms)
✔ createFormLeadSchema rejects malformed lid values (0.535ms)
✔ updateFormLeadSchema accepts duplicate for backfill and admin patches (0.338ms)
✔ updateFormLeadSchema accepts and clears bad_lead reasons (0.7761ms)
✔ createFormLeadSchema accepts optional wordpress_submission_key (0.8494ms)
✔ createFormLeadSchema defaults post_to_granot to false when omitted (0.2996ms)
✔ createFormLeadSchema defaults an omitted or blank ref_no (0.5625ms)
✔ createFormLeadSchema accepts first and last name without name (0.3312ms)
✔ createFormLeadSchema rejects payloads without any name fields (0.5839ms)
✔ createFormLeadSchema accepts post_to_granot boolean false (0.3652ms)
✔ createFormLeadSchema accepts post_to_granot string false (0.202ms)
✔ createFormLeadSchema accepts boolean sms_consent (0.3331ms)
✔ createFormLeadSchema coerces string sms_consent values (0.3578ms)
✔ createFormLeadSchema accepts typo emails as plain strings (0.1685ms)
✔ createCallLeadSchema does not accept server-owned flags from clients (0.3074ms)
✔ createCallLeadSchema accepts imported qualification flags (0.2511ms)
✔ createCallLeadSchema accepts optional first and last name (0.259ms)
✔ createCallLeadSchema accepts Best Relocation Inbounds webhook payload (0.446ms)
✔ bookedCallLeadReconciliationBatchSchema accepts Booked Jobs CRM rows (1.1547ms)
✔ CallLead model validates job_no-only identity (13.9414ms)
✔ CallLead model stores form_fill when computed by the service (1.8495ms)
✔ BookedLead model validates phone-only CallLead bookings without job_no (5.6061ms)
✔ BookedLead model validates leadless referral bookings (2.3678ms)
✔ BookedLead model validates leadless bookings without lead linkage (2.1768ms)
✔ BookedLead model still requires lead linkage for non-referral bookings (3.1337ms)
✔ FormLead model stores duplicate quarantine flag (2.9776ms)
✔ FormLead model stores bad_lead enum values (1.4688ms)
✔ FormLead model and update validation support lossless legacy bad-tab provenance (1.5339ms)
✔ FormLead model rejects unknown bad_lead values (1.756ms)
✔ FormLead model defaults missing state fields to not_found (1.1966ms)
✔ CallLead model rejects identity-less documents (1.5816ms)
✔ FormLead model accepts receiver_agent provenance fields (1.6512ms)
✔ FormLead model rejects an unknown receiver_agent_source value (1.7107ms)
✔ CallLead model accepts receiver_agent provenance fields (1.3455ms)
✔ updateFormLeadSchema accepts receiver_agent linking fields (0.3641ms)
✔ updateCallLeadSchema accepts receiver_agent linking fields (1.1633ms)
✔ searchFormLeadsSchema accepts typo emails as plain strings (0.6431ms)
✔ searchFormLeadsSchema accepts include_duplicates to search quarantined leads (0.2089ms)
✔ resolveGranotFormLeadSchema keeps provider refs and requires a Granot source (0.5024ms)
✔ granotFormLeadSyncSchema separates the patch from its source precondition (3.4491ms)
✔ browseFormLeadsQuerySchema allows an empty query (view all) with defaults (1.0474ms)
✔ browseFormLeadsQuerySchema accepts a standalone source_company filter (0.2502ms)
✔ browseFormLeadsQuerySchema coerces booked and limit query strings (0.2936ms)
✔ browseFormLeadsQuerySchema rejects unknown keys (0.2231ms)
✔ browseCallLeadsQuerySchema accepts job_no and full-text q (1.099ms)
✔ [AC-07] [AC-10] public/admin Form create and patch reject internal lifecycle metadata (6.7376ms)
✔ [AC-12] public/admin Call create and patch reject internal lifecycle metadata (4.6267ms)
✔ create and update Form and Call schemas accept optional no_sync (0.6305ms)
✔ [AC-07] ordinary Form create still requires move_size; ordinary Call still requires phone or job_no (0.5032ms)
✔ create and update Cancellation schemas reject client-supplied correlation snapshots (8.3479ms)
✔ reconciliation list query accepts owner_booking origin (4.8812ms)
✔ create-and-attach validates Form Lead fields for its selected model (7.1016ms)
✔ create-and-attach requires Phone or Job Number for a Call Lead (1.7002ms)
✔ [AC-31] foundation activation input is strict and bounded (4.5235ms)
✔ [AC-37] requeue reason is strict 10-500 and rejects unknown keys (1.5358ms)
✔ [AC-35] portion lifecycle error envelopes stay raw-free (0.3477ms)
✔ [AC-34] extension apply item requires lowercase UUID v4 and raw statement scalars (3.8342ms)
✔ [AC-02] batch rejects duplicate operation IDs and more than 100 items (1.4365ms)
✔ [AC-23][AC-35][AC-36] discrepancy filters and Owner bodies are strict and revision guarded (5.2808ms)
✔ receipt search query is strict, normalizes identity, and implies booking_status_changed (3.8086ms)
✔ [AC-18] [AC-19] case list query is strict, bounded, and validates date order (2.2279ms)
✔ [AC-35] candidate and timeline queries reject unsafe cursor/contact shapes (1.5977ms)
✔ [AC-40] Lead timeline accepts only the exact model union and ObjectId (0.7789ms)
✔ [AC-22] confirm Booking input is strict and validates exact official cents (3.4902ms)
✔ Connect Booking to Lead input is strict and requires selected_lead (1.8201ms)
✔ Connect candidate query allows empty q and rejects unknown keys (0.8197ms)
✔ [AC-28] Referral Booking input accepts only case revision and strict official details (1.5099ms)
✔ [AC-22] confirm Booking accepts one or two unique Agents and rejects a matching secondary (0.607ms)
✔ [AC-24] update Booking is a strict complete replacement with both revisions (1.3713ms)
✔ [AC-20] Booking No Action reasons are independently optional and strict (0.9865ms)
✔ [AC-25] Confirm Cancellation accepts only strict official fields with exact date and cents (1.3841ms)
✔ lead message admin query applies bounded pagination (7.7851ms)
✔ manual retry requires explicit confirmation (1.5224ms)
✔ Simple CPL validation requires revisions and cents-precise nonnegative amounts (9.9476ms)
✔ Advanced CPL validation accepts only explicit discriminated commands (3.2098ms)
✔ Correction preview validates an inclusive ordered business-date window (2.2776ms)
✔ catalog update accepts Granot username correction with optional reason (17.7473ms)
✔ catalog update rejects reason-only payloads (2.1545ms)
✔ Source Company writes reject embedded granularities and compatibility defaults (7.7289ms)
✔ Source Granularity create requires a first-class company ObjectId (2.2464ms)
✔ Source Granularity update rejects immutable identity fields (1.9582ms)
✔ source activation and resolution preview parse contract fields (1.5493ms)
✔ createTariffAdjustmentsSchema accepts two shared-field service rows (6.2469ms)
✔ createTariffAdjustmentsSchema accepts a Linehaul-only payload (0.6305ms)
✔ createTariffAdjustmentsSchema accepts Linehaul plus an owner-written service (0.5639ms)
✔ createTariffAdjustmentsSchema accepts three matching rows (0.525ms)
✔ createTariffAdjustmentsSchema allows omitted effective_date when all rows omit it (0.7258ms)
✔ createTariffAdjustmentsSchema rejects an empty rows array (1.76ms)
✔ createTariffAdjustmentsSchema rejects more than 20 rows (1.4415ms)
✔ createTariffAdjustmentsSchema requires at least one Linehaul row (0.6479ms)
✔ createTariffAdjustmentsSchema requires shared fields to match (0.6645ms)
✔ createTariffAdjustmentsSchema rejects three rows with a mismatched pickup_zone (0.7969ms)
✔ createTariffAdjustmentsSchema requires a 5-digit ZIP and a carrier (2.1299ms)
✔ createTariffAdjustmentsSchema rejects a Service and Rule that are not a Drop Downs pair (0.9001ms)
✔ createTariffAdjustmentsSchema rejects customer and job identifiers (7.118ms)
ℹ tests 2523
ℹ suites 13
ℹ pass 2409
ℹ fail 0
ℹ cancelled 0
ℹ skipped 114
ℹ todo 0
ℹ duration_ms 320251.6313
