
> vantage_movers_server@1.0.0 test C:\Users\Pinda\Proyectos\vantage\vantage-main-server
> node --import tsx --import ./scripts/test-setup.ts --test "src/**/*.test.ts" "api/queues/**/*.test.ts" "scripts/api/*.test.ts" "scripts/migrations/cancellation-correlation-snapshots.lib.test.ts" "scripts/migrations/wordpress-form-submission-receipts.lib.test.ts" "scripts/migrations/extension-user-roles-sales-backfill.lib.test.ts" "scripts/migrations/extension-user-roles-array.lib.test.ts" "scripts/migrations/form-lead-unknown-state-local.lib.test.ts" "scripts/prototypes/lead-conversion-and-granot-search/**/*.test.ts" "scripts/prototypes/job-number-timeline/**/*.test.ts"

✔ consumer accepts only { receipt_id } (8.6976ms)
✔ vercel.json registers queue/v2beta topic granot-lifecycle-events* (0.8596ms)
✔ consumer accepts only { job_id } (8.5889ms)
✔ vercel.json registers queue/v2beta topic sales-intelligence-events* (1.3108ms)
✔ loadVantageApiConfig requires VANTAGE_API_SECRET (2.3435ms)
✔ loadVantageApiConfig defaults to production and never echoes the secret (0.7047ms)
✔ production write guard (0.7847ms)
✔ buildVantageApiUrl joins path and query (0.5804ms)
✔ historical analysis stamps only surviving Booking job evidence (2.2421ms)
✔ historical analysis leaves missing Booking links as remainder (0.4155ms)
✔ historical analysis does not infer a job from a Booking without job fields (0.3892ms)
✔ already-stamped historical rows are not remainder and are not reapplied (0.3105ms)
✔ inventory summary lists remainder ids only (1.8286ms)
✔ roles-array report maps leftover singular role per spec §3.3 (3.5523ms)
✔ already-has-roles rows do not bump token_version and will not apply (0.6005ms)
✔ roles-array summary counts convert versus already-has-roles (0.6722ms)
✔ sales backfill remaps the three production Employee emails and increments token_version (9.644ms)
✔ sales backfill is a no-op when those emails are already Sales (0.7436ms)
✔ sales backfill leaves jbell, kylm, and ringram unchanged (0.6208ms)
✔ sales backfill summary counts remap versus leave-alone rows (0.5662ms)
✔ September 2026 window is the Florida-stamped calendar month (3.4577ms)
✔ filter is Form Leads in the month with a not_found state (1.8736ms)
✔ classify marks long_distance unknown-state rows for update (0.6064ms)
✔ classify skips rows that are already local (0.3348ms)
✔ summary counts needs_update versus already_local (0.4563ms)
✔ unique idempotency index is named and unique (3.3251ms)
✔ report-first index inventory names present vs missing (0.9572ms)
✔ CLI unknown flags fail closed (3.8283ms)
✔ CLI production gate (0.7273ms)
✔ CLI render requires --job-no (0.4035ms)
✔ CLI and load stay zero-mutation (6.1748ms)
✔ CLI render uses the production module (1.0978ms)
✔ Discover score (89.2992ms)
✔ activity grouping preserves every event id (36.6506ms)
✔ proof notes alias Job Numbers and pick required shapes (16.4558ms)
✔ collection count deltas stay empty when counts match (1.8799ms)
✔ percentile uses the ceiling rank (0.45ms)
✔ observation Job filter remaps equivalentNormalizedJobFilter onto identity.normalized_job_no (1.7021ms)
✔ successful text is accepted, sent, or delivered (1.9023ms)
✔ conversion rate is zero when the cohort is empty (2.2717ms)
✔ two successful messages for one Lead count once (0.4755ms)
✔ SMS booked rate is booked among successfully texted Leads, not all Leads (0.8591ms)
✔ receiver-agent booked and cancelled both use received Leads as the denominator (6.9638ms)
✔ blank Job Number is rejected before any search (2.6643ms)
✔ Booked / Releas without booking_status_changed is rejected (1.1199ms)
✔ equivalent Job Numbers resolve to the same hit set (84.8574ms)
✔ event class keeps route_event_class, not payload event_type aliases (0.5183ms)
✔ booking_status_changed Booked and Releas are two granularities (0.8871ms)
✔ Priority 5 is not Booked (0.5797ms)
✔ latest Decision attempt only, and commands attach by observation provenance (1.5972ms)
✔ a command on another Job does not leak into this Job's timeline seed (0.3953ms)
✔ matching roles set authenticates even when order differs (1.8592ms)
✔ set mismatch, missing roles, missing version, email drift, inactive, and deleted fail (0.436ms)
✔ leftover employee stored role matches Sales plus Customer Service claims (0.2656ms)
✔ refresh rejects a stale token_version (0.3196ms)
✔ issueTokens writes roles and token_version onto the access token (9.2528ms)
✔ PublicExtensionUser is id, email, and roles (0.5739ms)
✔ getExtensionUserFromAccessToken uses the matcher through an injected lookup (3.4712ms)
✔ access token includes roles and token_version (11.8799ms)
✔ singular role tokens and missing claims fail access verify (6.4848ms)
✔ isAccessTokenPayload requires current roles and numeric token_version (0.4161ms)
✔ refresh token still signs and verifies sub plus token_version (2.5675ms)
✔ hasExtensionRole Owner checks pass for Owner unions and fail for Sales plus Customer Service (0.824ms)
✔ lead sheet headers include booked date on Forms and Calls tabs (1.8235ms)
✔ call sheet headers omit owner-hidden descriptive and location columns (0.3839ms)
✔ lead sheet configuration includes duplicate and form fill surfaces (0.2916ms)
✔ source label mapping accepts Granot compact BestRelocation labels (0.5988ms)
✔ top10_leads sheet label is Top 10 Forms while legacy labels still resolve (0.6816ms)
✔ 10 Best inbound labels resolve to tbm_leads (0.4305ms)
✔ GetMovers labels resolve to get_movers_leads (0.4037ms)
✔ Paid Overflow labels resolve to paid_overflow (0.4452ms)
✔ lead sheet source company labels are precise by lead type (0.5073ms)
✔ getBookingReconciliationConfig defaults rematch reasons to matching_unavailable and no_match (4.2562ms)
✔ parseBookingReconciliationReasons rejects unknown values (1.279ms)
✔ getBookingReconciliationConfig reads configured delays and limits (2.1881ms)
{"level":"info","time":"2026-09-18T22:45:16.501Z","service":"vantage-main-server","env":"development","msg":"operations_registry.compatibility_read","observability_level":"info","category":"admin","workflow":"operations_registry"}
{"level":"info","time":"2026-09-18T22:45:36.574Z","service":"vantage-main-server","env":"development","msg":"operations_registry.compatibility_read","observability_level":"info","category":"admin","workflow":"operations_registry"}
{"level":"info","time":"2026-09-18T22:45:56.636Z","service":"vantage-main-server","env":"development","msg":"operations_registry.compatibility_read","observability_level":"info","category":"admin","workflow":"operations_registry"}
{"level":"info","time":"2026-09-18T22:46:16.699Z","service":"vantage-main-server","env":"development","msg":"operations_registry.compatibility_read","observability_level":"info","category":"admin","workflow":"operations_registry"}
✔ simple-rate sources return their configured CPL for both form and call leads (80260.3047ms)
{"level":"info","time":"2026-09-18T22:46:36.739Z","service":"vantage-main-server","env":"development","msg":"operations_registry.compatibility_read","observability_level":"info","category":"admin","workflow":"operations_registry"}
{"level":"info","time":"2026-09-18T22:46:56.789Z","service":"vantage-main-server","env":"development","msg":"operations_registry.compatibility_read","observability_level":"info","category":"admin","workflow":"operations_registry"}
{"level":"info","time":"2026-09-18T22:47:16.819Z","service":"vantage-main-server","env":"development","msg":"operations_registry.compatibility_read","observability_level":"info","category":"admin","workflow":"operations_registry"}
{"level":"info","time":"2026-09-18T22:47:36.854Z","service":"vantage-main-server","env":"development","msg":"operations_registry.compatibility_read","observability_level":"info","category":"admin","workflow":"operations_registry"}
{"level":"info","time":"2026-09-18T22:47:56.865Z","service":"vantage-main-server","env":"development","msg":"operations_registry.compatibility_read","observability_level":"info","category":"admin","workflow":"operations_registry"}
✔ best_relocation_leads splits form CPL by local vs long_distance but not call CPL (100159.9811ms)
✔ not_provided always reports CPL 0 without querying CplRate (30041.7052ms)
{"level":"info","time":"2026-09-18T22:48:46.955Z","service":"vantage-main-server","env":"development","msg":"operations_registry.compatibility_read","observability_level":"info","category":"admin","workflow":"operations_registry"}
{"level":"info","time":"2026-09-18T22:49:07.027Z","service":"vantage-main-server","env":"development","msg":"operations_registry.compatibility_read","observability_level":"info","category":"admin","workflow":"operations_registry"}
{"level":"info","time":"2026-09-18T22:49:27.080Z","service":"vantage-main-server","env":"development","msg":"operations_registry.compatibility_read","observability_level":"info","category":"admin","workflow":"operations_registry"}
✔ legacy source labels are normalized before CPL lookup (60173.9879ms)
{"level":"info","time":"2026-09-18T22:49:47.126Z","service":"vantage-main-server","env":"development","msg":"operations_registry.compatibility_read","observability_level":"info","category":"admin","workflow":"operations_registry"}
{"level":"info","time":"2026-09-18T22:49:57.159Z","service":"vantage-main-server","env":"development","msg":"operations_registry.compatibility_read","observability_level":"info","category":"admin","workflow":"operations_registry"}
✔ falls back to canonical defaults when Mongo is unreachable (20062.2194ms)
✔ missing Redis URL or token returns a null client (3.1217ms)
✔ UPSTASH_* names construct a client and KV_* aliases do too (3.9872ms)
✔ read-only token, KV_URL, and REDIS_URL are not used for the client (0.8988ms)
✔ test runner never publishes Daily Operations Redis writes (1.0537ms)
✔ TEST_MODE also keeps Daily Operations Redis publish off (2.0917ms)
✔ missing credentials keep publish off even outside the TEST_MODE flag (0.6532ms)
✔ Redis stream key uses VERCEL_ENV production or preview, otherwise local (3.8677ms)
✔ collection names use the test prefix in the test runner (1.9943ms)
✔ parseEmployeeBookingAutoMatchRules preserves Exact Job Booking Attach order (3.6697ms)
✔ parseEmployeeBookingAutoMatchRules accepts none (0.5424ms)
✔ parseEmployeeBookingAutoMatchRules rejects duplicates (1.0078ms)
✔ parseEmployeeBookingAutoMatchRules rejects retired phone, LID, and email rules (0.4829ms)
✔ getEmployeeBookingMatchingConfig defaults to Exact Job Booking Attach (0.7115ms)
✔ getEmployeeBookingMatchingConfig reads env values (0.5238ms)
✔ snapshotEmployeeBookingAutoMatchPolicy uses parsed config, not a raw env string (0.5444ms)
✔ Google service account env var name constants match the production / test names (1.9935ms)
✔ Google service account env var selectors swap to the *_TEST_* names in test mode (0.8822ms)
✔ completion redirect must match configured trusted admin origin (2.3841ms)
✔ localhost completion redirect is rejected in production (0.5829ms)
✔ production detection follows NODE_ENV and VERCEL_ENV (0.672ms)
✔ owner email allowlist keeps the primary identity and unions extras (1.658ms)
✔ owner email allowlist rejects blank or duplicate extras (0.5002ms)
✔ [AC-31] foundation execution mode is historical without activation and permanent before cutoff (2.6278ms)
✔ [AC-31] foundation channel never changes execution mode (0.7056ms)
✔ lifecycle flags default to processing true, shadow true, and all effects false (2.2735ms)
✔ malformed lifecycle flag values fail closed (1.1427ms)
✔ blank Granot webhook secret is treated as missing configuration (22.7016ms)
✔ lifecycle queue topic is environment scoped (1.5805ms)
✔ lifecycle queue publishing stays off in the test runner and unapproved environments (0.6747ms)
✔ lead messaging mode defaults invalid and missing values to disabled (2.566ms)
✔ lead messaging credentials use only definite environment variables (2.9822ms)
✔ lead messaging queue topic is environment scoped and test-safe (1.399ms)
✔ Granot create-if-missing SMS stays off unless the env flag is an explicit boolean true (2.6168ms)
✔ quiet-hours scheduling is off unless the env flag is exactly true (1.1669ms)
✔ lead messaging abuse guards have safe defaults and env overrides (20.7524ms)
✔ a successful confirmation text is accepted, sent, or delivered (0.7224ms)
✔ observability is disabled inside the test runner even with opt-in flags (2.6527ms)
✔ node test runner disables observability writes even when explicitly allowed (0.8487ms)
✔ bootstrap test runner marker survives env cleanup (0.9847ms)
✔ ALLOW_TEST_OBSERVABILITY is ignored on Vercel runtimes (0.8095ms)
✔ zip-state and auth capture flags are off while observability is disabled (0.7568ms)
✔ node test runner always forces test observability collections (0.7464ms)
✔ write mode parses values while test runner still blocks collection writes (0.7ms)
✔ collection names follow runtime TEST_MODE by default (0.6965ms)
✔ collection mode production/test override TEST_MODE (6.0144ms)
✔ collection prefix is applied to default names (0.8178ms)
✔ custom collection mode cannot override forced test collections in the test runner (1.8847ms)
✔ event min level and info capture gate persistence (0.9263ms)
✔ owner-visible info events can bypass general info suppression (0.7004ms)
✔ email mode defaults to log_only and immediate levels default to critical (0.771ms)
✔ owner events parse from csv (0.499ms)
✔ config validation keeps test collections under custom mode in the test runner (0.7308ms)
✔ Google reporting delivery kill switch is fail-closed (1.8436ms)
✔ Google reporting delivery kill switch accepts only explicit true (0.3915ms)
✔ isTestMode is true only for the literal string 'true' after trim/lowercasing (3.1092ms)
✔ shouldWriteSourceLeadSheets is false by default and only true for the literal 'true' (1.1036ms)
✔ getMongoDatabaseName swaps between the prod and test databases on TEST_MODE (0.8368ms)
✔ getRuntimeSheetContainerEnvVar prefixes TEST_ in test mode and is identity otherwise (0.574ms)
✔ getRequiredEnv throws when the env var is missing or blank, with the var name in the message (1.8912ms)
✔ sheet container id helpers route through the TEST_-prefixed env var in test mode (1.1447ms)
✔ getSourceLeadSheetContainerId returns undefined for not_provided (no source sheet env var) (0.3251ms)
✔ getSourceLeadSheetContainerId returns undefined for paid_overflow (Master Sheets only) (0.255ms)
✔ getSheetSyncMode defaults to legacy and parses known values (3.2458ms)
✔ queue topic is env-scoped and overridable (2.3086ms)
✔ budgets default below documented Google limits and parse overrides (1.1372ms)
✔ drain guardrails default to fast queue draining and parse overrides (0.8829ms)
✔ shouldPublishSheetSyncQueue stays off outside production Vercel (0.9334ms)
✔ isVercelFunctionRuntimeEnv requires hosted runtime markers (0.8024ms)
✔ shouldPublishSheetSyncQueue is always off during the test runner (0.6009ms)
✔ shouldPublishSheetSyncQueue keeps test runner guard after env cleanup (0.5064ms)
✔ coalescing keys follow the design doc shape (3.5263ms)
✔ delete resources supersede their matching upsert keys (0.7784ms)
✔ priority ordering: deletes > booking > cancellation > create > update (0.5088ms)
✔ maps Initial Price cubic feet onto the Drop Downs Linehaul ranges (2.006ms)
✔ treats Binding Estimate Fee as automatic, not an owner dropdown (0.5518ms)
✔ rules for a Service stay inside that Service (2.8753ms)
{"level":"info","time":"2026-09-18T22:44:55.774Z","service":"vantage-main-server","env":"development","msg":"logger.test.circular","data":{"name":"ring","self":"[Circular]"}}
✔ logger does not throw when an object passed to info() contains a circular reference (3.7976ms)
✔ logger does not throw when an object passed to info() contains BigInt values (0.5506ms)
✔ logger does not throw when err key is a non-Error value (0.9864ms)
✔ logger does not throw when given undefined or null payloads (0.4534ms)
✔ logger exposes the pino API the codebase relies on (0.3532ms)
{"level":"info","time":"2026-09-18T22:44:55.778Z","service":"vantage-main-server","env":"development","msg":"logger.test.bigint","pos":1234567890123456789,"neg":-9876543210123456789}
{"level":"error","time":"2026-09-18T22:44:55.779Z","service":"vantage-main-server","env":"development","err":"plain string error","msg":"logger.test.string_err"}
{"level":"error","time":"2026-09-18T22:44:55.779Z","service":"vantage-main-server","env":"development","err":{"code":"E_BAD","details":{"a":1}},"msg":"logger.test.object_err"}
{"level":"error","time":"2026-09-18T22:44:55.779Z","service":"vantage-main-server","env":"development","err":null,"msg":"logger.test.null_err"}
{"level":"error","time":"2026-09-18T22:44:55.779Z","service":"vantage-main-server","env":"development","msg":"logger.test.undefined_err"}
{"level":"info","time":"2026-09-18T22:44:55.780Z","service":"vantage-main-server","env":"development","msg":"plain string message"}
{"level":"info","time":"2026-09-18T22:44:55.780Z","service":"vantage-main-server","env":"development","msg":"logger.test.empty"}
{"level":"warn","time":"2026-09-18T22:44:55.780Z","service":"vantage-main-server","env":"development","msg":"logger.test.warn_no_data"}
✔ requireApiSecret accepts the global API secret on any v1 route (5.0964ms)
✔ requireApiSecret accepts a source-scoped key for its configured route (2.8813ms)
✔ requireApiSecret accepts a source-scoped key for configured call lead route (1.595ms)
✔ requireApiSecret rejects a scoped key on a different route (3.4571ms)
✔ requireApiSecret rejects a scoped key for a different source company (1.8231ms)
✔ requireApiSecret rejects Sales plus Customer Service Bearer on form-lead data routes (2.3899ms)
✔ requireApiSecret allows Sales plus Customer Service Bearer on Tariff Adjustment Submit (1.0532ms)
✔ requireApiSecret rejects Sales-only Bearer on tariff, form-lead, and Enrichment apply routes (1.1235ms)
✔ requireApiSecret allows Customer Service Bearer on Tariff Adjustment Submit (0.7475ms)
✔ requireApiSecret rejects Customer Service Bearer on form-lead data routes (0.7432ms)
✔ requireApiSecret allows Owner Bearer on Tariff Adjustment Submit (0.61ms)
✔ requireApiSecret rejects unknown secrets (1.0822ms)
✔ [AC-01] both valid secrets store header_secret and still validate the body (3.7893ms)
✔ [AC-01] one valid form authenticates; missing, wrong, nonscalar, and mismatched dual secrets do not (1.2404ms)
✔ [AC-01][AC-35] middleware deletes the body credential before 500, 401, and success (2.1996ms)
✔ [AC-01] nonscalar header or body forms are unauthorized and still strip the body key (0.6287ms)
✔ [AC-01][AC-35] delete helper removes the body credential without exposing it (8.013ms)
✔ [AC-08][AC-12] CallLead defaults quoted/post_to_granot false and has exact provenance paths (38.7906ms)
✔ [AC-12] Call quoted and ingested snapshot/origin are immutable after insert (9.9776ms)
✔ [AC-12] new Call rows reject legacy_unknown and malformed provenance (50.0238ms)
✔ [AC-12] CallLead receiver-agent enum gains granot_username_match (0.4733ms)
✔ [AC-07] CallLead declares the three exact S08 indexes and no unique Lead Job index (2.5897ms)
✔ [AC-14] RingCentral original caller evidence is required and immutable (7.5926ms)
✔ CancelledLead persists the four correlation snapshot fields (38.3943ms)
✔ CancelledLead correlation snapshots are immutable after insert (6.876ms)
✔ CancelledLead snapshot index is named and not auto-unique (1.5644ms)
✔ [AC-21] command execution model keeps unique origin/idempotency and command_id indexes (2.8258ms)
✔ [AC-32] origin enum accepts the four command origins and nested applied result (1.7537ms)
✔ [AC-21] legacy top-level refs/warnings derive the stored applied result without rewrite (1.2378ms)
✔ [AC-32] EntityChange model uses the named collection and four exact indexes (5.6151ms)
✔ [AC-32] EntityChange requires adjacent nonnegative revisions and matching changed_paths (38.2418ms)
✔ [AC-32] contact/address and delete fields are reference_only with no raw values (12.3999ms)
✔ [AC-32] EntityChange serialization omits payload, headers, secrets, and unmasked contact (26.9867ms)
✔ [AC-32] EntityChange save and query hooks reject post-insert mutation (9.2417ms)
✔ [AC-10] [AC-11] FormLead declares exact origin, snapshot, job, and provenance paths (32.5398ms)
✔ [AC-03] Form Job Number is distinct from Tracking Reference ref_no (2.1163ms)
✔ [AC-10] ingested Form snapshots and origin are immutable after insert (9.4864ms)
✔ [AC-10] new Form rows cannot use legacy_unknown or legacy_baseline (4.5843ms)
✔ [AC-07][AC-08] trusted Form may omit move size/date without inventing facts (12.346ms)
✔ [AC-12] FormLead receiver-agent enum gains granot_username_match and keeps compatibility (0.27ms)
✔ [AC-07] FormLead declares the four exact S08 indexes and no unique Lead Job index (2.3103ms)
✔ [AC-38] GranotAutomationSource declares an optional CRM reference and non-unique lookup index (2.0846ms)
▶ GranotBookingDiscrepancy
  ✔ [AC-26][AC-35][AC-36] fixes Booking reasons and exact partial indexes (2.9298ms)
  ✔ [AC-26][AC-36] rejects Release reasons and unsafe resolved/evidence mutation (58.907ms)
✔ GranotBookingDiscrepancy (63.72ms)
▶ GranotBookingReconciliationCase model
  ✔ [AC-20] declares the exact six named indexes and open partial uniqueness (4.1977ms)
  ✔ [AC-18] validates exact defaults, enums, evidence shape, and bounded context (32.3353ms)
  ✔ [AC-20] rejects mutation of existing evidence IDs and every resolved-row write (12.4391ms)
✔ GranotBookingReconciliationCase model (51.4302ms)
✔ GranotCrmSource keeps the operational CSV collection and model name (4.3239ms)
✔ legacy and new rows default to disabled deferred observation-only policy (15.8822ms)
✔ declares the three named lifecycle indexes without removing CSV uniqueness (1.9685ms)
✔ normalized labels use NFKC, trim, collapse, lowercase, and reject empty/control/bidi (1.0254ms)
✔ model writes reject illegal Call/Form/mixed/ambiguous routes (37.2383ms)
✔ referral_booking and deferred reject Lead routes and non-observation policies (13.7974ms)
✔ enabled source_scoped_lead requires active same-company matching-channel refs and policy version (1.1183ms)
✔ disabled rows may keep reviewed policy but still reject structurally illegal routes (0.4259ms)
✔ client-supplied normalized labels that disagree with the server fail closed (0.3186ms)
✔ [AC-31] Activation model is write-once with a unique key index (5.5504ms)
✔ [AC-31] Activation rejects unknown keys and post-insert mutation (49.5745ms)
✔ [AC-05] Observation model uses the named collection and mongoose name (7.6735ms)
✔ [AC-05][AC-06][AC-25][AC-29] declares exactly six named indexes and unique receipt_id only (24.6533ms)
✔ [AC-05][AC-06][AC-25] frozen Observation enums are not widened (0.4823ms)
✔ [AC-05] Observation documents reject unknown kinds, results, and issue codes (51.542ms)
✔ [AC-05] Observation documents omit processing, target, policy, and effect fields (4.6236ms)
✔ [AC-05] model save and query hooks reject post-insert Observation mutation (13.9441ms)
✔ [AC-02] receipt keeps the physical collection and mongoose model name (4.4413ms)
✔ [AC-02] declares only the five named Section 9.1 indexes (2.7612ms)
✔ [AC-02] unique operation-id index is partial and payload hash index is never unique (1.4753ms)
✔ [AC-02] webhook receipts require route_event_class and forbid channel_operation_kind (37.2113ms)
✔ [AC-02] extension and automation receipts require operation kind and operation id (28.4715ms)
✔ [AC-02] operation-id validation rejects empty, overlong, control, bidi, and wrong-channel shapes (8.1468ms)
✔ [AC-02] last_error.message is capped at 500 characters (4.4695ms)
✔ [AC-02] legacy capture-shaped create is rejected after compatibility retirement (3.2076ms)
✔ [AC-02] model save rejects post-insert evidence mutation (6.9009ms)
✔ [AC-02] query updates reject non-processing operators and evidence paths (1.193ms)
✔ [AC-02] replace and delete query hooks reject evidence mutation (5.5688ms)
✔ [AC-32] Record Link model declares the three named indexes including partial unique job (4.3672ms)
✔ [AC-32] Record Link establishment defaults and snapshot normalize back to the Job Number (16.291ms)
✔ [AC-23][AC-32] disputed active links remain lookup-visible and correction supersession is narrowly allowlisted (1.702ms)
✔ [AC-32] Record Link query hooks reject replace and delete (4.1611ms)
▶ GranotReleaseDiscrepancy
  ✔ [AC-27][AC-35][AC-36] fixes Release reasons and separate indexes (2.6099ms)
  ✔ [AC-27][AC-36] accepts only Release reason rows (27.3111ms)
✔ GranotReleaseDiscrepancy (32.1726ms)
▶ GranotReleaseReconciliationCase model
  ✔ [AC-25][AC-36] requires deterministic Booking identity and declares the five Release indexes (43.5831ms)
  ✔ [AC-35][AC-36] strips forbidden transport fields and enforces revisions plus immutable guards (28.9241ms)
✔ GranotReleaseReconciliationCase model (74.5643ms)
✔ LeadConversation unique recording index is the only unique index (2.7579ms)
✔ LeadConversation schema declares the seven contract indexes (1.4698ms)
✔ LeadConversation validates a complete seeded conversation (19.5949ms)
✔ LeadConversation rejects an invented match method (4.8258ms)
✔ LeadMessage validates normalized FormLead relationship and message snapshot (19.0506ms)
✔ LeadMessage unique SID index excludes unsent documents (0.8237ms)
✔ LeadMessage rejects unsupported lifecycle states (4.1613ms)
✔ LeadMessageRateLimit validates atomic reservation buckets (10.9355ms)
✔ RingCentral assignments enforce one active assignment per route with a supported partial index (20.6196ms)
✔ [AC-02] Decision model uses the named collection and four named indexes (9.9985ms)
✔ [AC-02] Decision defaults empty arrays and rejects invented outcomes (31.3855ms)
✔ [AC-02] Decision documents omit copied contact and payload fields (9.543ms)
✔ [AC-28] Referral Decision preserves exact reviewed source policy without a Lead Source Scope (7.0951ms)
✔ [AC-02] Decision save and query hooks reject post-insert mutation (6.5026ms)
✔ [AC-21] all four aggregates default to nonnegative integer domain_revision 0 (52.8319ms)
✔ [AC-21] invalid revisions and one-sided last-change metadata fail validation (96.8546ms)
✔ [AC-21] __v is not the lifecycle revision contract (12.902ms)
✔ [AC-32] genuinely new aggregates receive a server history boundary and ignore client supply (3.9333ms)
✔ [AC-32] change_history_started_at is write-once outside the migration seam (4.3309ms)
✔ [AC-32] existing public/admin DTOs cannot set lifecycle revision metadata (45.9187ms)
✔ [AC-21] Booking unique normalized-Job index is named and is not a unique Lead Job index (3.4444ms)
✔ [AC-32] historical schemas remain readable and do not gain revision fields (2.3964ms)
✔ booking reconciliation cron requires CRON_SECRET (117.5371ms)
✔ booking reconciliation cron rejects wrong secret (11.1117ms)
✔ Owner can read the conversation list without transcript text (115.9642ms)
✔ by-lead list does not include transcript or summary text (59.0669ms)
✔ Owner detail includes the redacted transcript (14.5478ms)
✔ audio-url writes an audit row and is Owner-only (14.1332ms)
✔ CPL correction drain requires configured cron authentication (78.3209ms)
✔ CPL correction drain rejects an invalid cron secret (11.9005ms)
✔ Owner snapshot includes yesterday_by_now, company zeros, and wordpress_form (136.0773ms)
✔ Admin without Owner is 403 on every Daily Operations method (241.8224ms)
✔ missing API secret is 401 (6.8934ms)
✔ events page is newest-first and forwards cursor, lane, and limit (10.2883ms)
✔ Owner live SSE emits snapshot then Redis event; lane query is ignored (21.1023ms)
✔ Owner live SSE with Last-Event-ID skips snapshot (8.9163ms)
✔ Owner rebuild returns counters-replaced, events not deleted (16.2359ms)
✔ close cron rejects missing secret header and missing CRON_SECRET (82.2139ms)
✔ [AC-33] Form and Call apply routes remain registered on the v1 surface (5.2819ms)
✔ [AC-33] Owner Form apply captures a statement and never a quoted patch (148.1313ms)
✔ [AC-35] Admin, secret, and unauthenticated apply create no receipt (100.2296ms)
✔ [AC-02] strict Zod rejects unknown outer keys, invalid IDs, and booking action on snapshot apply (62.6651ms)
✔ [AC-33] Call enrichment accepts a bounded batch in input order and rejects duplicate operation IDs (17.4126ms)
✔ [AC-33] booked reconciliation permits only booking_action_apply (10.3718ms)
✔ [AC-33] no extension apply path imports or invokes the legacy patch services (0.8061ms)
✔ [AC-35] validation errors omit raw statement values (19.1244ms)
✔ Owner can list Extension Users (179.673ms)
✔ Admin cannot list, create, PATCH, or DELETE Extension Users (703.6852ms)
✔ Owner can create an Extension User with roles (24.5475ms)
✔ Owner cannot create an Extension User with empty roles or leftover employee (38.2104ms)
✔ create rejects an invalid payload and a duplicate email (26.6756ms)
✔ Owner can PATCH and DELETE an Extension User (21.5297ms)
✔ PATCH treats an empty password as omitted and requires another field (21.8706ms)
✔ unknown Extension User id is 404 and invalid ObjectId is 400 (60.6991ms)
✔ Granot automation exposes the durable admin run contract (2.233ms)
✔ Granot run schema carries immutable plan and durable control fields (18.8809ms)
✔ Granot source catalog persists exact labels and ships all requested defaults (2.2564ms)
✔ Granot source schema requires one or two unique supported workflows (4.8371ms)
✔ [AC-35] run details project lifecycle receipt IDs without raw statements or payloads (38.4167ms)
✔ Granot queue contention defers to a durable continuation (17.4347ms)
✔ [AC-38] Granot CRM source update accepts create_if_missing and rejects client normalized labels (8.8455ms)
✔ [AC-38] Granot CRM source mutations require a 10-1000 character reason (1.8988ms)
✔ [AC-38] Registry projections and update schemas omit payload and contact fields (0.5656ms)
✔ Owner Granot create schema accepts one_feed intent and rejects unknown keys (22.612ms)
✔ Owner Granot create schema rejects a short reason and raw lifecycle fields (5.5922ms)
✔ outbound SMS Owner schema no longer accepts daily_cap (5.2443ms)
✔ [AC-37] Owner requeue route returns 200 {ok:true,data} (687.3446ms)
✔ [AC-37] Admin without Owner cannot requeue (27.2085ms)
✔ [AC-37] invalid requeue body is GRANOT_VALIDATION_FAILED (11.0814ms)
✔ [AC-18] [AC-19] read list applies the exact default queue for Owner/Admin (27.8007ms)
✔ [AC-25][AC-35] read list forwards the explicit Release discriminants (7.2664ms)
✔ [AC-35] unsigned lifecycle reads are denied before projection (5.9958ms)
✔ [AC-35] strict case filters reject unknown keys with a safe 400 (8.2681ms)
✔ [AC-35] [AC-39] case detail has safe 404 and exact read envelope (51.0836ms)
✔ creating observation is Owner-only and returns the Booked statement for a booking case (43.7661ms)
✔ creating observation returns the Release statement for a cancellation intake (6.2397ms)
✔ [AC-35] candidate browser is Owner-only for source and all scope and performs a read (35.1151ms)
✔ [AC-40] Lead timeline validates model/ID and preserves generic missing Lead envelope (20.0346ms)
✔ [AC-20] Job timeline is readable by Admin and strictly bounds pagination (22.4793ms)
✔ [AC-35][AC-36] discrepancy list/detail are signed reads with strict filters (30.2094ms)
{"level":"info","time":"2026-09-18T22:45:15.024Z","service":"vantage-main-server","env":"development","msg":"granot_lifecycle.owner_command.applied","observability_level":"info","category":"admin","workflow":"granot_lifecycle"}
{"level":"info","time":"2026-09-18T22:45:15.063Z","service":"vantage-main-server","env":"development","msg":"granot_lifecycle.owner_command.applied","observability_level":"info","category":"admin","workflow":"granot_lifecycle"}
{"level":"info","time":"2026-09-18T22:45:15.064Z","service":"vantage-main-server","env":"development","msg":"granot_lifecycle.booking_discrepancy.resolved","observability_level":"info","category":"admin","workflow":"granot_lifecycle"}
{"level":"info","time":"2026-09-18T22:45:15.096Z","service":"vantage-main-server","env":"development","msg":"granot_lifecycle.owner_command.applied","observability_level":"info","category":"admin","workflow":"granot_lifecycle"}
{"level":"info","time":"2026-09-18T22:45:15.097Z","service":"vantage-main-server","env":"development","msg":"granot_lifecycle.booking_discrepancy.resolved","observability_level":"info","category":"admin","workflow":"granot_lifecycle"}
✔ [AC-23][AC-36] discrepancy commands are Owner-only, strict, and route-own identity (110.1348ms)
{"level":"info","time":"2026-09-18T22:45:15.127Z","service":"vantage-main-server","env":"development","msg":"granot_lifecycle.owner_command.applied","observability_level":"info","category":"admin","workflow":"granot_lifecycle"}
{"level":"info","time":"2026-09-18T22:45:15.128Z","service":"vantage-main-server","env":"development","msg":"granot_lifecycle.booking_case.resolved","observability_level":"info","category":"admin","workflow":"granot_lifecycle"}
✔ [AC-21] [AC-22] Owner confirm route requires one idempotency header and returns 201 (42.2466ms)
✔ [AC-22] Admin cannot invoke confirm Booking (9.2571ms)
{"level":"info","time":"2026-09-18T22:45:15.210Z","service":"vantage-main-server","env":"development","msg":"granot_lifecycle.owner_command.applied","observability_level":"info","category":"admin","workflow":"granot_lifecycle"}
{"level":"info","time":"2026-09-18T22:45:15.210Z","service":"vantage-main-server","env":"development","msg":"granot_lifecycle.booking_case.resolved","observability_level":"info","category":"admin","workflow":"granot_lifecycle"}
✔ [AC-21] [AC-24] Owner update route is strict, idempotent-envelope only, and returns 200 (65.9424ms)
{"level":"info","time":"2026-09-18T22:45:15.242Z","service":"vantage-main-server","env":"development","msg":"granot_lifecycle.owner_command.applied","observability_level":"info","category":"admin","workflow":"granot_lifecycle"}
{"level":"info","time":"2026-09-18T22:45:15.247Z","service":"vantage-main-server","env":"development","msg":"granot_lifecycle.booking_case.resolved","observability_level":"info","category":"admin","workflow":"granot_lifecycle"}
✔ [AC-28] Owner Referral create route accepts only revision plus official fields (19.1499ms)
{"level":"info","time":"2026-09-18T22:45:15.262Z","service":"vantage-main-server","env":"development","msg":"granot_lifecycle.owner_command.applied","observability_level":"info","category":"admin","workflow":"granot_lifecycle"}
{"level":"info","time":"2026-09-18T22:45:15.263Z","service":"vantage-main-server","env":"development","msg":"granot_lifecycle.booking_case.resolved","observability_level":"info","category":"admin","workflow":"granot_lifecycle"}
✔ [AC-20] [AC-32] Owner No Action accepts optional reason metadata and Admin is denied (26.5019ms)
{"level":"info","time":"2026-09-18T22:45:15.292Z","service":"vantage-main-server","env":"development","msg":"granot_lifecycle.owner_command.applied","observability_level":"info","category":"admin","workflow":"granot_lifecycle"}
{"level":"info","time":"2026-09-18T22:45:15.293Z","service":"vantage-main-server","env":"development","msg":"granot_lifecycle.booking_case.resolved","observability_level":"info","category":"admin","workflow":"granot_lifecycle"}
{"level":"warn","time":"2026-09-18T22:45:15.300Z","service":"vantage-main-server","env":"development","msg":"granot_lifecycle.owner_command.conflict","observability_level":"warn","category":"admin","workflow":"granot_lifecycle"}
{"level":"warn","time":"2026-09-18T22:45:15.332Z","service":"vantage-main-server","env":"development","msg":"granot_lifecycle.owner_command.conflict","observability_level":"warn","category":"admin","workflow":"granot_lifecycle"}
✔ [AC-R9] Owner booking-case confirm-cancellation succeeds and rejects create-missing posture (60.7021ms)
{"level":"info","time":"2026-09-18T22:45:15.362Z","service":"vantage-main-server","env":"development","msg":"granot_lifecycle.owner_command.applied","observability_level":"info","category":"admin","workflow":"granot_lifecycle"}
{"level":"info","time":"2026-09-18T22:45:15.363Z","service":"vantage-main-server","env":"development","msg":"granot_lifecycle.release_case.resolved","observability_level":"info","category":"admin","workflow":"granot_lifecycle"}
{"level":"info","time":"2026-09-18T22:45:15.376Z","service":"vantage-main-server","env":"development","msg":"granot_lifecycle.owner_command.applied","observability_level":"info","category":"admin","workflow":"granot_lifecycle"}
{"level":"info","time":"2026-09-18T22:45:15.377Z","service":"vantage-main-server","env":"development","msg":"granot_lifecycle.release_case.resolved","observability_level":"info","category":"admin","workflow":"granot_lifecycle"}
{"level":"info","time":"2026-09-18T22:45:15.388Z","service":"vantage-main-server","env":"development","msg":"granot_lifecycle.owner_command.applied","observability_level":"info","category":"admin","workflow":"granot_lifecycle"}
{"level":"info","time":"2026-09-18T22:45:15.394Z","service":"vantage-main-server","env":"development","msg":"granot_lifecycle.release_case.resolved","observability_level":"info","category":"admin","workflow":"granot_lifecycle"}
✔ [AC-25] [AC-32] Release Owner routes are strict, idempotent, and use exact statuses (68.9991ms)
✔ Owner can search webhook receipts; Admin cannot; unsigned is denied (30.3909ms)
✔ receipt search booking_action=release with lead_created is 400; booking_action alone implies booking_status_changed (49.7523ms)
✔ Owner can open the live webhook SSE stream; Admin cannot (22.8198ms)
✔ [AC-31][AC-35] Owner and Admin can read the health envelope without raw payload keys (30.8389ms)
✔ returns 500 when CRON_SECRET is not configured (61.4791ms)
✔ returns 401 when the secret does not match (8.6344ms)
{"level":"info","time":"2026-09-18T22:45:16.984Z","service":"vantage-main-server","env":"development","msg":"granot_lifecycle.cron.run.completed","trigger":"cron","skipped":false,"scanned":1,"claimed":1,"completed":1,"retried":0,"dead_lettered":0,"recovered":0,"lease_lost":0}
{"level":"info","time":"2026-09-18T22:45:17.035Z","service":"vantage-main-server","env":"development","msg":"granot_lifecycle.cron.run.completed","observability_level":"info","category":"cron","workflow":"granot_lifecycle"}
✔ processing-enabled cron returns a bounded summary and no payload values (80.6461ms)
✔ vercel.json registers the five-minute lifecycle drain cron (3.7843ms)
✔ [AC-01] missing configuration returns 500 and reaches neither capture nor publisher (730.8059ms)
✔ [AC-01] missing, wrong, nonscalar, and mismatched dual secrets return exact 401 and create no receipt (59.9115ms)
✔ [AC-01][AC-35] JSON body, form body, and header secrets authenticate and strip the credential before capture (42.6975ms)
✔ [AC-01] both valid secrets attach header_secret after the body is also validated (7.8112ms)
✔ [AC-02] unused Granot field additions or omissions are captured as-is and still return 202 (8.6354ms)
✔ [AC-02] capture happens before 202 and uses the invoked route class (37.7132ms)
{"level":"error","time":"2026-09-18T22:45:14.858Z","service":"vantage-main-server","env":"development","msg":"granot_lifecycle.capture.failed","error_code":"technical_failure","observation_channel":"granot_webhook","route_event_class":"priority_updated"}
{"level":"error","time":"2026-09-18T22:45:14.860Z","service":"vantage-main-server","env":"development","msg":"granot_lifecycle.capture.failed","observability_level":"error","category":"mongo","workflow":"granot_lifecycle_capture"}
✔ [AC-01] capture failure returns safe 503, creates no publish, and stays distinct from queue failure (12.7006ms)
{"level":"error","time":"2026-09-18T22:45:14.877Z","service":"vantage-main-server","env":"development","msg":"granot_lifecycle.queue.publish_failed","error_code":"technical_failure","receipt_id":"rece…pt-2","observation_channel":"granot_webhook","route_event_class":"lead_created"}
✔ [AC-02] publish failure cannot change 202 or the accepted receipt (17.337ms)
✔ Owner Job Number timeline read returns the assembler DTO (76.9664ms)
✔ Admin cannot read the owner Job Number timeline (22.3408ms)
✔ typed miss returns not_found without an event list (7.6489ms)
✔ Owner recent official booking examples return only Job Numbers (12.2412ms)
{"level":"error","time":"2026-09-18T22:45:22.120Z","service":"vantage-main-server","env":"development","err":{"type":"Error","message":"mongo connection string leaked","stack":"Error: mongo connection string leaked\n    at read (C:\\Users\\Pinda\\Proyectos\\vantage\\vantage-main-server\\src\\routes\\job-number-timeline-admin.routes.test.ts:205:15)\n    at <anonymous> (C:\\Users\\Pinda\\Proyectos\\vantage\\vantage-main-server\\src\\routes\\job-number-timeline-admin.routes.ts:85:26)\n    at process.processTicksAndRejections (node:internal/process/task_queues:104:5)"},"request_id":"req-jnt-1789771522112","msg":"job-number-timeline.admin.unhandled"}
✔ unhandled timeline read failure does not echo error.message (20.1092ms)
✔ Admin cannot read recent official booking examples (10.4018ms)
✔ lead-source-setups schema rejects unknown keys and derived internals (7.0103ms)
✔ lead-source-setups schema requires a 10-1000 character reason (1.1193ms)
✔ projection query schemas reject unknown keys (1.3785ms)
✔ error envelope parity uses RegistryError.toHttpBody and Zod unrecognized keys (5.0578ms)
✔ returns 500 when CRON_SECRET is not configured (157.8467ms)
✔ returns 401 when the cron secret does not match (26.6269ms)
✔ accepts the x-cron-secret header (30.2361ms)
✔ [AC-17] a disabled Call Log sync never claims the lease (18.1769ms)
✔ [AC-17] lease contention is a bounded skip, not an HTTP 500 (24.2435ms)
✔ [AC-17] a successful run returns the bounded lease/cursor summary (6.2549ms)
{"level":"error","time":"2026-09-18T22:45:22.457Z","service":"vantage-main-server","env":"development","msg":"ringcentral.cron.call_log_sync.failed","errorName":"Error"}
✔ [AC-17] a genuine failure stays safe and non-sensitive (21.852ms)
✔ [AC-17] vercel.json schedules the Call Log sync every 30 minutes (7.626ms)
✔ CSI-04 admin routes: Owner guard, flag-off 404, scope, validation, idempotency, error mapping; reads never call a writer (980.4014ms)
✔ admin router is mounted in v1.routes.ts after the CSI boundary router (5.9728ms)
✔ real v1 guard + CSI boundary keeps Owner and scoped service authority separate (535.8671ms)
✔ CSI cron routes: cron auth, flag-off and lease_held skips, never a provider body (329.0211ms)
{"level":"error","time":"2026-09-18T22:45:28.154Z","service":"vantage-main-server","env":"development","msg":"sales_intelligence.cron.call_log_reconcile.failed","errorName":"Error"}
✔ CSI cron routes: a throwing service maps to a bounded 500 without provider content (41.9309ms)
✔ vercel.json registers the CSI-03 crons and the queue consumer trigger (a handler file alone is not registration) (1.0565ms)
✔ app.ts mounts the CSI cron router before the v1 guard like the other cron routers (1.3739ms)
✔ returns 500 when CRON_SECRET is not configured (183.3793ms)
✔ returns 401 when the secret does not match (11.3689ms)
✔ skips the drain (no DB work) when mode is not queued (20.7596ms)
✔ accepts a bearer token matching CRON_SECRET (8.2115ms)
✔ source label mapping create rejects unknown keys (6.2366ms)
✔ source label mapping create rejects a client-supplied normalized_label (1.106ms)
✔ source label mapping mutations require a 10-1000 character reason (2.4044ms)
✔ label resolution preview rejects unknown keys and is read-only shape (1.6051ms)
✔ error envelope parity uses RegistryError.toHttpBody and Zod unrecognized keys (2.5405ms)
{"level":"info","time":"2026-09-18T22:45:22.843Z","service":"vantage-main-server","env":"development","msg":"tariff_adjustment.append.succeeded","actor_kind":"user","actor_role":"owner","actor_email":"owner@example.invalid","appended":2,"tab_name":"Master"}
✔ Owner can append two Tariff Adjustment rows (218.7347ms)
{"level":"info","time":"2026-09-18T22:45:22.962Z","service":"vantage-main-server","env":"development","msg":"tariff_adjustment.append.succeeded","actor_kind":"user","actor_role":"sales+customer_service","actor_email":"employee@example.invalid","appended":2,"tab_name":"Master"}
✔ Employee can append two Tariff Adjustment rows (73.3116ms)
{"level":"info","time":"2026-09-18T22:45:23.002Z","service":"vantage-main-server","env":"development","msg":"tariff_adjustment.append.succeeded","actor_kind":"user","actor_role":"customer_service","actor_email":"customer_service@example.invalid","appended":2,"tab_name":"Master"}
✔ Customer Service can append two Tariff Adjustment rows (60.7873ms)
{"level":"info","time":"2026-09-18T22:45:23.059Z","service":"vantage-main-server","env":"development","msg":"tariff_adjustment.append.succeeded","actor_kind":"secret","appended":2,"tab_name":"Master"}
✔ x-api-secret actors can append two Tariff Adjustment rows (50.6873ms)
{"level":"warn","time":"2026-09-18T22:45:23.105Z","service":"vantage-main-server","env":"development","msg":"tariff_adjustment.append.failed","actor_kind":"user","actor_role":"sales+customer_service","actor_email":"employee@example.invalid","error":"[\n  {\n    \"code\": \"unrecognized_keys\",\n    \"keys\": [\n      \"job_no\"\n    ],\n    \"path\": [],\n    \"message\": \"Unrecognized key: \\\"job_no\\\"\"\n  }\n]"}
✔ rejects customer and job identifiers (38.0594ms)
{"level":"info","time":"2026-09-18T22:45:23.146Z","service":"vantage-main-server","env":"development","msg":"tariff_adjustment.append.succeeded","actor_kind":"user","actor_role":"owner","actor_email":"owner@example.invalid","appended":2,"tab_name":"Master"}
✔ stamps today's date when effective_date is omitted (33.3992ms)
{"level":"info","time":"2026-09-18T22:45:23.154Z","service":"vantage-main-server","env":"development","msg":"tariff_adjustment.append.succeeded","actor_kind":"user","actor_role":"owner","actor_email":"owner@example.invalid","appended":1,"tab_name":"Master"}
✔ Owner can append a Linehaul-only payload (7.9535ms)
{"level":"info","time":"2026-09-18T22:45:23.162Z","service":"vantage-main-server","env":"development","msg":"tariff_adjustment.append.succeeded","actor_kind":"user","actor_role":"owner","actor_email":"owner@example.invalid","appended":2,"tab_name":"Master"}
✔ Owner can append Linehaul plus an owner-written service (6.872ms)
{"level":"info","time":"2026-09-18T22:45:23.168Z","service":"vantage-main-server","env":"development","msg":"tariff_adjustment.append.succeeded","actor_kind":"user","actor_role":"owner","actor_email":"owner@example.invalid","appended":3,"tab_name":"Master"}
✔ Owner can append three matching rows (6.6557ms)
{"level":"warn","time":"2026-09-18T22:45:23.175Z","service":"vantage-main-server","env":"development","msg":"tariff_adjustment.append.failed","actor_kind":"user","actor_role":"owner","actor_email":"owner@example.invalid","error":"[\n  {\n    \"origin\": \"array\",\n    \"code\": \"too_small\",\n    \"minimum\": 1,\n    \"inclusive\": true,\n    \"path\": [\n      \"rows\"\n    ],\n    \"message\": \"Too small: expected array to have >=1 items\"\n  },\n  {\n    \"code\": \"custom\",\n    \"path\": [\n      \"rows\"\n    ],\n    \"message\": \"rows must include at least one Linehaul\"\n  }\n]"}
✔ rejects an empty rows array (7.0315ms)
{"level":"warn","time":"2026-09-18T22:45:23.181Z","service":"vantage-main-server","env":"development","msg":"tariff_adjustment.append.failed","actor_kind":"user","actor_role":"owner","actor_email":"owner@example.invalid","error":"[\n  {\n    \"code\": \"custom\",\n    \"path\": [\n      \"rows\"\n    ],\n    \"message\": \"rows must include at least one Linehaul\"\n  }\n]"}
✔ rejects a payload with no Linehaul row (5.2218ms)
{"level":"warn","time":"2026-09-18T22:45:23.187Z","service":"vantage-main-server","env":"development","msg":"tariff_adjustment.append.failed","actor_kind":"user","actor_role":"owner","actor_email":"owner@example.invalid","error":"[\n  {\n    \"code\": \"custom\",\n    \"path\": [\n      \"rows\"\n    ],\n    \"message\": \"pickup_zone must be identical on all Tariff Adjustment rows\"\n  }\n]"}
✔ rejects three rows with a mismatched pickup_zone (5.6935ms)
✔ Operations Registry entities expose complete lifecycle CRUD surfaces (4.026ms)
✔ GET /api/v1/admin/agents is browse only — catalog list is /catalog/agents (0.6004ms)
✔ admin analytics receiver-agent reports have GET routes (0.5018ms)
✔ Owner Extension User routes are registered (0.6467ms)
✔ Owner conversation read routes are registered (0.5345ms)
✔ employee booking reconciliation routes are registered (0.4114ms)
✔ Tariff Adjustment Submit route is registered (1.075ms)
✔ Granot form-lead resolution route is registered before the id route (0.8044ms)
✔ Granot sync expected filter enforces fill-only and empty receiver fields (22.9959ms)
✔ Lead Source projection and setup routes are registered next to overview (1.7334ms)
✔ legacy CPL rates remain read-only after temporal schedule cutover (0.6133ms)
✔ temporal CPL schedule and correction routes are registered (0.5465ms)
✔ admin browse builds filters, pagination, sorting, and response shape (44.7514ms)
✔ admin form lead browse q includes snapshot contact paths (12.4409ms)
✔ admin form lead browse name email and phone include snapshot paths (2.2174ms)
✔ admin duplicate form lead browse uses the same contact paths (1.7472ms)
✔ admin form lead browse excludes duplicates by default (1.5725ms)
✔ admin form lead browse filters past move dates relative to timestamp (1.3494ms)
✔ admin form lead browse can invert the past move date filter (1.0713ms)
✔ admin form lead browse filters receiver agent by ObjectId equality (3.2909ms)
✔ admin form lead browse matches source_granularity_key exactly and does not substring-match source_company (5.007ms)
✔ admin form lead browse still accepts source_company as bookmark compatibility (1.6027ms)
✔ admin booked lead browse filters source company slugs on the source field (1.7914ms)
✔ admin booked lead browse resolves legacy source company labels onto source (1.1915ms)
✔ admin booked lead browse filters leadless bookings (0.9948ms)
✔ admin agents browse returns metrics for list rows (3.984ms)
✔ admin agents browse applies date range to booked lead metrics (3.5148ms)
✔ admin agents browse matches catalog names case-insensitively (1.833ms)
✔ admin agents browse matches allocations on normalized_name when display name differs (1.1586ms)
✔ admin agents browse returns zero metric fields for agents without bookings (0.9338ms)
✔ admin form lead browse can filter to duplicates only (0.8172ms)
✔ admin call lead browse q and phone include snapshot contact paths (1.4227ms)
✔ admin call lead browse Manual attach filters (name/email/phone without q) include snapshot paths (1.3101ms)
✔ admin call lead browse excludes duplicates by default (0.8525ms)
✔ admin call lead browse can filter to duplicates only (0.8879ms)
✔ admin form lead browse no_sync true is exact true, not presence (0.932ms)
✔ admin form lead browse no_sync false uses $ne true so missing-field rows count (0.7982ms)
✔ admin form lead browse omit does not mention no_sync (0.7998ms)
✔ admin call lead browse no_sync true is exact true, not presence (0.8134ms)
✔ admin call lead browse no_sync false uses $ne true so missing-field rows count (0.7566ms)
✔ admin call lead browse omit does not mention no_sync (0.5626ms)
✔ admin detail lookup returns normalized production record (1.4389ms)
✔ admin agent detail returns metrics consistent with browse enrichment (1.8595ms)
✔ admin historical browse uses historical models and remains read-only (1.0266ms)
✔ global admin search form leads include Granot snapshot contact paths (13.2742ms)
✔ global admin search returns grouped results (4.6485ms)
✔ admin agents export includes booking metric columns (8.662ms)
✔ admin CSV export uses browse rows and escapes CSV body (1.6334ms)
✔ csv helper emits text/csv-compatible header and rows (0.3861ms)
✔ getAdminFacets production builds a structured catalog from first-class collections (14.7576ms)
✔ getAdminFacets historical builds distinct rows and overlays production identity (5.7437ms)
✔ getAdminFacets historical empty granularity distincts do not fail (2.1469ms)
✔ getAdminFacets combined keeps registry owner_label and historical-only extras (2.9808ms)
✔ registry facets invalidation evicts the production and historical catalog caches (2.7137ms)
✔ getSheetSyncHealth aggregates job counts and derives backlog age (3.3318ms)
✔ listSheetSyncJobs builds a filtered, paginated query (2.2383ms)
✔ retrySheetSyncJobs re-queues failed jobs by default and reports the count (3.5383ms)
✔ retrySheetSyncJobs starts an admin drain instead of publishing a queue wake-up (1.3135ms)
✔ retrySheetSyncJobs is a no-op when nothing matches (0.7513ms)
✔ agent browse metrics match keys are lowercased strings, not regexes (17.5861ms)
✔ agent browse metrics count distinct bookings and take this agent's binder share (2.2657ms)
✔ agent browse metrics date range filters book_date and skips Agent createdAt (2.0463ms)
✔ agent browse metrics omit a date match when from/to are absent (1.4832ms)
✔ lookupAgentBrowseMetrics uses name or normalized_name and returns zeros when unmatched (0.5711ms)
✔ even Binder split uses integer cents and gives the leftover cent to the primary Agent (9.7772ms)
✔ Best Relocation allocation resolves an existing inactive agent (5.2688ms)
✔ primary booking allocation becomes Best Relocation receiver attribution (1.8068ms)
✔ primary booking allocation does not replace existing receiver attribution (0.5038ms)
✔ automatic CRM username receiver matching excludes inactive Agents (4.5378ms)
✔ findAgentByGranotCrmUsername prefers embedded granot_identity username (3.0659ms)
✔ findAgentByGranotCrmUsername never reads the retained flat compatibility field (0.5489ms)
✔ CRM username receiver match never overwrites an existing receiver (0.5717ms)
✔ analytics validation accepts report filters and rejects invalid report names (8.8846ms)
✔ sourceGranularityMatch filters derived key only and wins over source_company (3.172ms)
✔ analytics booked lead filters start with a leading date match (1.6169ms)
✔ booked lead source attribution falls back to the employee source snapshot (2.0762ms)
✔ leadMatch matches historical slug options and channel-scoped company slugs (4.4164ms)
✔ combined source analytics merge by stable text dimension instead of ids (2.2478ms)
✔ combined revenue trend merges rows by date period (0.8893ms)
✔ combined source analytics merge parent metrics and keep company-only extras as leaves (3.3353ms)
✔ combined receiver-agent analytics merge production rows and keep historical warning metadata (0.8616ms)
✔ combined SMS conversion merge keeps production rows and historical warning metadata (0.8683ms)
✔ analytics CSV export uses the selected report rows (8.461ms)
✔ source hierarchy CSV rows emit leaves or a childless company, never both (0.5868ms)
✔ combined hierarchy CSV does not duplicate its production contribution (0.3637ms)
✔ lead cost excludes duplicate form leads and unmatched call leads (35.4215ms)
✔ overviewQuerySchema accepts database_scope (8.0406ms)
✔ rollingLast7DaysWindow spans seven days ending now (0.4504ms)
✔ mergeOverviewAllTime merges combined totals and clears production-only lead cost (2.3057ms)
✔ mergeOverviewAllTime keeps lead cost for production scope (0.7774ms)
✔ mergeOverviewAllTime clears lead cost for historical scope (0.286ms)
✔ receiver-agent analytics use persisted CPL without rate-period status (16.4917ms)
✔ SMS booked rate uses successfully texted Leads as the denominator (3.7171ms)
✔ an empty texted-lead cohort is a zero rate, not missing data (14.4705ms)
✔ historical scope does not read Lead Messages (22.8083ms)
✔ production SMS conversion matches successful statuses and official booked refs (18.3078ms)
✔ source hierarchy uses registry labels and rolls additive child metrics (5.5391ms)
✔ source hierarchy retains unknown granularity in parent totals (0.8803ms)
✔ source hierarchy folds normalized company and granularity collisions (0.7338ms)
✔ nestSourceCompanyRows seeds catalog children including zeros (1.5766ms)
✔ company-only source rows use domain labels and never create children (0.63ms)
✔ historical source performance stays company-only without registry data (21.9546ms)
✔ historical funnel recomputes company rates and has no children (5.4585ms)
✔ normalizes observed sheet move sizes into the model enum (6.4967ms)
✔ restores leading zeroes dropped from formatted ZIP cells (1.4463ms)
✔ decodes Google Sheets serial timestamps as owner-facing UTC components (2.3126ms)
✔ call parser accepts a combined Google Sheets serial timestamp (1.7188ms)
✔ parsers preserve source-row provenance and skip formula sentinels (4.2312ms)
✔ duplicate booking jobs collapse into split allocations without doubling deposit (6.2484ms)
✔ plan orders leads, attached booking, and cancellation with response bindings (13.2533ms)
✔ refund discovery keeps contradictory LID evidence below auto-cancel threshold (10.0218ms)
✔ live apply refuses to send the secret to an unpinned host (1.8406ms)
✔ booking preflight uses filtered admin lookup and skips an existing job (4.5757ms)
✔ call preflight recognizes the route's bare-array response (3.3231ms)
✔ unique Tracking Reference adopts the existing Form Lead and does not create (4.5966ms)
✔ two Form Leads sharing a Tracking Reference become an ambiguous conflict (0.8003ms)
✔ phone + name + same New York day adopts when Tracking Reference misses (3.7174ms)
✔ two phone + name + date Form Leads conflict instead of creating (1.4702ms)
✔ no identity and no phone-name-date match stays a create (0.4758ms)
✔ pre-cutoff Form Leads are ignored by phone-name-date adoption (0.5187ms)
✔ canonical adoption remaps remaining creates and leaves receipt outcomes alone (1.8739ms)
✔ Best Relocation import capability requires the Best Relocation source (2.7734ms)
✔ ordinary booking requests do not receive import capability (0.3856ms)
✔ Best Relocation call lookup is source-scoped before mutation (1.5516ms)
✔ Form Lead + id attaches with booking_origin owner_booking and no case (2.5775ms)
✔ Owner Call Lead unique job attaches with booking_origin owner_booking (1.0669ms)
✔ Owner Call Lead with no Call Lead row is pending owner_booking no_match (1.7179ms)
✔ Owner Call Lead with two job matches is pending multiple_matches, not a 409 (0.593ms)
✔ Best Relocation import Call Lead still uses the from-source resolver (0.8291ms)
✔ letter prefixes are equivalent to the same Granot digit core (2.981ms)
✔ equivalent job filter matches exact, core, and letter-prefixed variants (2.2333ms)
✔ equivalent snapshot filter remaps to the indexed cancellation snapshot field (0.6389ms)
✔ atomic employee Lead claim does not rewrite the existing CPL (3.5564ms)
✔ concurrent booking claims allow only one booking to claim a lead (19.7261ms)
✔ reconciliation mirror can preserve Lead source CPL (1.1114ms)
✔ import Call Lead resolver still 409s when two Call Leads share a job (4.7225ms)
✔ Owner leadless create opens owner_booking case and sets booking_origin (61.838ms)
✔ Best Relocation import leadless keeps external_sheet_ingestion and no booking_origin (4.1298ms)
✔ owner snapshot uses Call phone or customer phone, else not provided (2.5492ms)
✔ evaluateOwnerCallLeadMatch links a unique Call Lead Job Number (5.0245ms)
✔ evaluateOwnerCallLeadMatch is pending multiple_matches for two Call Leads with the same job (0.7474ms)
✔ evaluateOwnerCallLeadMatch is pending no_match when no Call Lead has the job (0.6541ms)
✔ evaluateOwnerCallLeadMatch does not attach on phone of a different Call Lead (1.4742ms)
✔ Owner pending case snapshot fills spec §4.6 fields and origin owner_booking (1.61ms)
✔ Referral Booking create does not open a Booking Lead Reconciliation Case (1.9991ms)
✔ cancellation snapshots stamp four fields from a surviving Booking (3.5591ms)
✔ cancellation snapshots normalize job_no when Booking normalized field is missing (1.9151ms)
✔ cancellation snapshots stay null without a recoverable Booking job (0.524ms)
✔ cancellation snapshots refuse silent inference from contact-shaped fields (0.2946ms)
✔ create-path stamp keeps ObjectId lead ref (0.5514ms)
✔ getBookedLeadForCancellation allows explicitly authorized imported leadless booking (14.1784ms)
✔ CancelledLead validates an unresolved employee Booking without Lead metadata (15.9046ms)
✔ active catalog list excludes inactive rows by default (9.5209ms)
✔ agent resolution rejects inactive or unknown names (6.9668ms)
✔ agent resolution can include an existing inactive agent (1.8017ms)
✔ merchant resolution returns canonical display name (1.3826ms)
✔ list projection keeps cost cents and does not treat them as leaked summary text (7.8393ms)
✔ list projection still rejects a top-level transcript or summary field (1.586ms)
✔ redactTranscript redacts a Luhn-valid card spoken as digit groups plus CVV, expiry, SSN, and routing (3.8389ms)
✔ redactTranscript does not redact a job number, spoken phone, or cubic-feet figure (0.6769ms)
✔ an unvalidated 16-digit sequence that fails Luhn is left alone (0.4557ms)
✔ spoken digit runs of seven or more are redacted without changing existing payment rules (0.6606ms)
✔ parseConversationArtifact splits summary and transcript (3.002ms)
✔ buildSeededTranscript redacts before the text is stored (1.6054ms)
✔ hasCrmMismatch is true only when the section contradicts CRM (0.7861ms)
✔ Gateway adapter sends configured model, makes one call, keeps timing optional and never logs warnings (3351.0917ms)
✔ Gateway errors do not expose provider bodies and do not internally retry (24.0255ms)
✔ Blob bytes/digest validated and missing billing never becomes estimated actual cost (0.9232ms)
{"level":"info","time":"2026-09-18T22:45:47.220Z","service":"vantage-main-server","env":"development","msg":"operations_registry.compatibility_read","observability_level":"info","category":"admin","workflow":"operations_registry"}
✔ listCplRates seeds any missing slots and returns all 14 rates (9.1778ms)
{"level":"info","time":"2026-09-18T22:45:44.394Z","service":"vantage-main-server","env":"development","msg":"crm.form_lead.submit.started","leadId":"6aadbf18fea2ae89bb6ced94","endpoint":"https://lead.hellomoving.com/LEADSGWHTTP.lidgw?&API_ID=[redacted]&MOVERREF=[redacted]","payload":{"label":"Main Site Forms","firstname":"J***","lastname":"C***","ozip":"sha256:ce6d2151873f","dzip":"sha256:9a1f53dc5d98","email":"j***@example.com","phone1":"***2222","movesize":"2 Bedrooms","movedte":"5/28/2026","notes":"sha256:81da1dce6ae7","leadno":"sha256:7b6d8986d052"}}
✔ submitFormLeadToCrm POSTs to the Granot lead gateway with the urlencoded payload (20.3934ms)
✔ submitFormLeadToCrm reports ok=true with the response body and payload on HTTP 200 (3.7797ms)
✔ submitFormLeadToCrm reports ok=false with response body on HTTP error (6.8574ms)
✔ submitFormLeadToCrm catches network errors and returns ok=false with status 0 and an error message (7.7466ms)
✔ submitFormLeadToCrm forwards companyLabel as the Granot label (3.63ms)
{"level":"info","time":"2026-09-18T22:45:44.396Z","service":"vantage-main-server","env":"development","msg":"crm.form_lead.submit.started","observability_level":"info","category":"crm","workflow":"crm_submit","source_company":"not_provided","entity_id":"6aadbf18fea2ae89bb6ced94"}
{"level":"info","time":"2026-09-18T22:45:44.399Z","service":"vantage-main-server","env":"development","msg":"crm.form_lead.submit.completed","leadId":"6aadbf18fea2ae89bb6ced94","endpoint":"https://lead.hellomoving.com/LEADSGWHTTP.lidgw?&API_ID=[redacted]&MOVERREF=[redacted]","status":200,"responseText":"OK"}
{"level":"info","time":"2026-09-18T22:45:44.399Z","service":"vantage-main-server","env":"development","msg":"crm.form_lead.submit.completed","observability_level":"info","category":"crm","workflow":"crm_submit","source_company":"not_provided","entity_id":"6aadbf18fea2ae89bb6ced94"}
{"level":"info","time":"2026-09-18T22:45:44.417Z","service":"vantage-main-server","env":"development","msg":"crm.form_lead.submit.started","leadId":"6aadbf18fea2ae89bb6ced95","endpoint":"https://lead.hellomoving.com/LEADSGWHTTP.lidgw?&API_ID=[redacted]&MOVERREF=[redacted]","payload":{"label":"Main Site Forms","firstname":"J***","lastname":"C***","ozip":"sha256:ce6d2151873f","dzip":"sha256:9a1f53dc5d98","email":"j***@example.com","phone1":"***2222","movesize":"2 Bedrooms","movedte":"5/28/2026","notes":"sha256:81da1dce6ae7","leadno":"sha256:7b6d8986d052"}}
{"level":"info","time":"2026-09-18T22:45:44.417Z","service":"vantage-main-server","env":"development","msg":"crm.form_lead.submit.started","observability_level":"info","category":"crm","workflow":"crm_submit","source_company":"not_provided","entity_id":"6aadbf18fea2ae89bb6ced95"}
{"level":"info","time":"2026-09-18T22:45:44.418Z","service":"vantage-main-server","env":"development","msg":"crm.form_lead.submit.completed","leadId":"6aadbf18fea2ae89bb6ced95","endpoint":"https://lead.hellomoving.com/LEADSGWHTTP.lidgw?&API_ID=[redacted]&MOVERREF=[redacted]","status":200,"responseText":"Granot accepted lead 42"}
{"level":"info","time":"2026-09-18T22:45:44.418Z","service":"vantage-main-server","env":"development","msg":"crm.form_lead.submit.completed","observability_level":"info","category":"crm","workflow":"crm_submit","source_company":"not_provided","entity_id":"6aadbf18fea2ae89bb6ced95"}
{"level":"info","time":"2026-09-18T22:45:44.423Z","service":"vantage-main-server","env":"development","msg":"crm.form_lead.submit.started","leadId":"6aadbf18fea2ae89bb6ced96","endpoint":"https://lead.hellomoving.com/LEADSGWHTTP.lidgw?&API_ID=[redacted]&MOVERREF=[redacted]","payload":{"label":"Main Site Forms","firstname":"J***","lastname":"C***","ozip":"sha256:ce6d2151873f","dzip":"sha256:9a1f53dc5d98","email":"j***@example.com","phone1":"***2222","movesize":"2 Bedrooms","movedte":"5/28/2026","notes":"sha256:81da1dce6ae7","leadno":"sha256:7b6d8986d052"}}
{"level":"info","time":"2026-09-18T22:45:44.423Z","service":"vantage-main-server","env":"development","msg":"crm.form_lead.submit.started","observability_level":"info","category":"crm","workflow":"crm_submit","source_company":"not_provided","entity_id":"6aadbf18fea2ae89bb6ced96"}
{"level":"info","time":"2026-09-18T22:45:44.424Z","service":"vantage-main-server","env":"development","msg":"crm.form_lead.submit.http_error","leadId":"6aadbf18fea2ae89bb6ced96","endpoint":"https://lead.hellomoving.com/LEADSGWHTTP.lidgw?&API_ID=[redacted]&MOVERREF=[redacted]","status":400,"responseText":"bad request"}
{"level":"error","time":"2026-09-18T22:45:44.424Z","service":"vantage-main-server","env":"development","msg":"crm.form_lead.submit.http_error","observability_level":"error","category":"crm","workflow":"crm_submit","source_company":"not_provided","entity_id":"6aadbf18fea2ae89bb6ced96"}
{"level":"info","time":"2026-09-18T22:45:44.428Z","service":"vantage-main-server","env":"development","msg":"crm.form_lead.submit.started","leadId":"6aadbf18fea2ae89bb6ced97","endpoint":"https://lead.hellomoving.com/LEADSGWHTTP.lidgw?&API_ID=[redacted]&MOVERREF=[redacted]","payload":{"label":"Main Site Forms","firstname":"J***","lastname":"C***","ozip":"sha256:ce6d2151873f","dzip":"sha256:9a1f53dc5d98","email":"j***@example.com","phone1":"***2222","movesize":"2 Bedrooms","movedte":"5/28/2026","notes":"sha256:81da1dce6ae7","leadno":"sha256:7b6d8986d052"}}
{"level":"info","time":"2026-09-18T22:45:44.428Z","service":"vantage-main-server","env":"development","msg":"crm.form_lead.submit.started","observability_level":"info","category":"crm","workflow":"crm_submit","source_company":"not_provided","entity_id":"6aadbf18fea2ae89bb6ced97"}
{"level":"error","time":"2026-09-18T22:45:44.428Z","service":"vantage-main-server","env":"development","err":{"type":"Error","message":"ECONNRESET","stack":"Error: ECONNRESET\n    at <anonymous> (C:\\Users\\Pinda\\Proyectos\\vantage\\vantage-main-server\\src\\services\\crm\\crm.service.test.ts:126:11)\n    at globalThis.fetch (C:\\Users\\Pinda\\Proyectos\\vantage\\vantage-main-server\\src\\services\\crm\\crm.service.test.ts:43:12)\n    at submitFormLeadToCrm (C:\\Users\\Pinda\\Proyectos\\vantage\\vantage-main-server\\src\\services\\crm\\crm.service.ts:74:28)\n    at async TestContext.<anonymous> (C:\\Users\\Pinda\\Proyectos\\vantage\\vantage-main-server\\src\\services\\crm\\crm.service.test.ts:129:18)\n    at async Test.run (node:internal/test_runner/test:1332:7)\n    at async Test.processPendingSubtests (node:internal/test_runner/test:911:7)"},"msg":"crm.form_lead.submit.failed","leadId":"6aadbf18fea2ae89bb6ced97","endpoint":"https://lead.hellomoving.com/LEADSGWHTTP.lidgw?&API_ID=[redacted]&MOVERREF=[redacted]","msg":"CRM form lead submission failed"}
{"level":"error","time":"2026-09-18T22:45:44.433Z","service":"vantage-main-server","env":"development","msg":"crm.form_lead.submit.failed","observability_level":"error","category":"crm","workflow":"crm_submit","source_company":"not_provided","entity_id":"6aadbf18fea2ae89bb6ced97"}
{"level":"info","time":"2026-09-18T22:45:44.435Z","service":"vantage-main-server","env":"development","msg":"crm.form_lead.submit.started","leadId":"6aadbf18fea2ae89bb6ced98","endpoint":"https://lead.hellomoving.com/LEADSGWHTTP.lidgw?&API_ID=[redacted]&MOVERREF=[redacted]","payload":{"label":"BestRelocation","firstname":"J***","lastname":"C***","ozip":"sha256:ce6d2151873f","dzip":"sha256:9a1f53dc5d98","email":"j***@example.com","phone1":"***2222","movesize":"2 Bedrooms","movedte":"5/28/2026","notes":"sha256:81da1dce6ae7","leadno":"sha256:7b6d8986d052"}}
{"level":"info","time":"2026-09-18T22:45:44.436Z","service":"vantage-main-server","env":"development","msg":"crm.form_lead.submit.started","observability_level":"info","category":"crm","workflow":"crm_submit","source_company":"not_provided","entity_id":"6aadbf18fea2ae89bb6ced98"}
{"level":"info","time":"2026-09-18T22:45:44.437Z","service":"vantage-main-server","env":"development","msg":"crm.form_lead.submit.completed","leadId":"6aadbf18fea2ae89bb6ced98","endpoint":"https://lead.hellomoving.com/LEADSGWHTTP.lidgw?&API_ID=[redacted]&MOVERREF=[redacted]","status":200,"responseText":"OK"}
{"level":"info","time":"2026-09-18T22:45:44.437Z","service":"vantage-main-server","env":"development","msg":"crm.form_lead.submit.completed","observability_level":"info","category":"crm","workflow":"crm_submit","source_company":"not_provided","entity_id":"6aadbf18fea2ae89bb6ced98"}
✔ CRM env var name constants are stable and match what is read at module load (1.7797ms)
✔ CRM_FORM_LEAD_ENDPOINT is the Granot lead gateway URL with API_ID and MOVERREF params (0.6021ms)
✔ crmEndpointForLog redacts API_ID and MOVERREF values from the endpoint URL (0.4026ms)
✔ crmEndpointForLog defaults to the module-loaded CRM_FORM_LEAD_ENDPOINT and never leaks credentials (0.3362ms)
✔ splitNameForCrm returns empty firstname and lastname for blank input (4.6594ms)
✔ splitNameForCrm duplicates a single token into firstname and lastname (0.6078ms)
✔ splitNameForCrm takes the first and last token for multi-word names (0.439ms)
✔ formatCrmMoveDate preserves the UTC calendar date as unpadded M/D/YYYY (0.558ms)
✔ buildCrmFormLeadPayload defaults label to CRM_FORM_LEAD_LABEL when blank (11.4965ms)
✔ [AC-03] buildCrmFormLeadPayload uses the provider ref_no as Granot leadno (1.2028ms)
✔ [AC-03] Form Job Number parity does not reinterpret ref_no as CRM leadno (1.2792ms)
✔ [AC-03] buildCrmFormLeadPayload carries lid in notes without using it for identity (1.2947ms)
✔ [AC-03] buildCrmFormLeadPayload leaves leadno blank for the not-provided sentinel (1.2209ms)
✔ buildCrmFormLeadPayload maps lead fields onto the Granot wire shape (2.849ms)
✔ [AC-08] CRM payload does not invent an absent trusted Granot move date (0.9946ms)
✔ summarizeCrmPayloadForLog masks PII and fingerprints identifiers and locations (1.8976ms)
✔ summarizeCrmPayloadForLog handles blank PII fields without throwing (1.2898ms)
✔ upsertCustomerFromBookingContact matches by phone when provided (6.1811ms)
✔ upsertCustomerFromBookingContact falls back to lead phone when customer phone is blank (0.8165ms)
✔ upsertCustomerFromBookingContact matches by normalized name when phone is absent (0.6512ms)
✔ upsertCustomerFromLead allows name-only leads (1.2194ms)
✔ close sets yesterday status closed when it is still open (3.7527ms)
✔ close is a no-op when yesterday is already closed (0.6909ms)
✔ close also seals older open days, not only yesterday (0.6252ms)
✔ 2026-06-01T03:00:00.000Z maps to the NY day 2026-05-31 (3.1048ms)
✔ first day seed has 24 hourly buckets and known Source Company slugs (2.8664ms)
✔ metric_touches expand hourly.* onto the NY hour and always bump revision (0.652ms)
✔ already-expanded hourly paths stay as written (0.3668ms)
✔ dotted increments apply onto a seeded day including hourly buckets (0.7417ms)
✔ previousEasternDayKey walks the NY calendar, not UTC midnight (0.6008ms)
✔ florida timestamp bounds are UTC wall-clock of the day key (0.663ms)
✔ eastern instant bounds start at NY midnight, not UTC midnight (0.8379ms)
✔ sumHourlyThrough is pace 0..currentNyHour, not the full day (0.5857ms)
✔ first open emits snapshot then tails Redis envelopes as event plus metrics (5.9482ms)
✔ valid Last-Event-ID skips snapshot and continues from the cursor (3.1995ms)
✔ invalid Last-Event-ID is treated as first open and emits snapshot (1.7314ms)
✔ missing Redis uses Mongo tail oldest-after-cursor and still emits facts (1.6814ms)
✔ a burst of facts in one wake keeps every touch in the metrics frame (2.4893ms)
✔ Redis throw degrades to Mongo tail for that loop (1.6405ms)
✔ replica-lag skip retries the same Redis id and does not drop the event (1.4902ms)
✔ lane query is ignored — one socket emits every Daily Operations Event (1.438ms)
✔ heartbeat fires after 15s idle and has no id (1.104ms)
✔ parseDailyOperationsXread reads object and flat-array field shapes (1.4998ms)
✔ test runner never constructs an Upstash client for the live isolate (0.3917ms)
✔ rebuild of an open day replaces counters and never deletes events (19.1256ms)
✔ rebuild refuses a closed day and leaves counters and events alone (1.8547ms)
✔ rebuild of a missing open day still writes seeded counters (1.5055ms)
✔ rebuild rejects a deleteEvents hook so events stay append-only (1.0331ms)
{"level":"warn","time":"2026-09-18T22:45:43.006Z","service":"vantage-main-server","env":"development","msg":"daily_operations.redis.xadd_failed","kind":"form_lead.created","day":"2026-05-31","err":{"type":"Error","message":"upstash unavailable","stack":"Error: upstash unavailable\n    at Object.xadd (C:\\Users\\Pinda\\Proyectos\\vantage\\vantage-main-server\\src\\services\\dailyOperations\\recordDailyOperationsFact.test.ts:254:15)\n    at publishRedisDoorbell (C:\\Users\\Pinda\\Proyectos\\vantage\\vantage-main-server\\src\\services\\dailyOperations\\recordDailyOperationsFact.ts:200:34)\n    at recordDailyOperationsFact (C:\\Users\\Pinda\\Proyectos\\vantage\\vantage-main-server\\src\\services\\dailyOperations\\recordDailyOperationsFact.ts:307:11)\n    at async TestContext.<anonymous> (C:\\Users\\Pinda\\Proyectos\\vantage\\vantage-main-server\\src\\services\\dailyOperations\\recordDailyOperationsFact.test.ts:249:18)\n    at async Test.run (node:internal/test_runner/test:1332:7)\n    at async Test.processPendingSubtests (node:internal/test_runner/test:911:7)"}}
✔ unique dedupe_key insert increments the named metric_touches (8.5786ms)
✔ duplicate dedupe_key is a no-op: no second increment and no XADD (1.8903ms)
✔ closed day skips increment and records empty metric_touches (1.3061ms)
✔ missing Redis client still persists the event and day increment (1.1408ms)
✔ test runner never constructs a publish that would call Upstash (1.1341ms)
✔ Redis XADD failure is swallowed and does not fail the fact (7.9989ms)
✔ successful XADD stores redis_stream_id and only envelope fields (1.5046ms)
✔ writer never throws when stores fail (1.4238ms)
✔ test sink captures when stores are not injected (0.9731ms)
✔ granot.minted increments decisions only and sheet sync increments only its own panel counter (0.7322ms)
{"level":"error","time":"2026-09-18T22:45:43.014Z","service":"vantage-main-server","env":"development","msg":"daily_operations.record_fact_failed","kind":"form_lead.created","err":{"type":"Error","message":"mongo down","stack":"Error: mongo down\n    at Object.insertEvent (C:\\Users\\Pinda\\Proyectos\\vantage\\vantage-main-server\\src\\services\\dailyOperations\\recordDailyOperationsFact.test.ts:326:15)\n    at recordDailyOperationsFact (C:\\Users\\Pinda\\Proyectos\\vantage\\vantage-main-server\\src\\services\\dailyOperations\\recordDailyOperationsFact.ts:261:35)\n    at TestContext.<anonymous> (C:\\Users\\Pinda\\Proyectos\\vantage\\vantage-main-server\\src\\services\\dailyOperations\\recordDailyOperationsFact.test.ts:323:24)\n    at Test.runInAsyncScope (node:async_hooks:227:14)\n    at Test.run (node:internal/test_runner/test:1325:25)\n    at Test.processPendingSubtests (node:internal/test_runner/test:911:18)\n    at Test.postRun (node:internal/test_runner/test:1465:19)\n    at Test.run (node:internal/test_runner/test:1390:12)\n    at async Test.processPendingSubtests (node:internal/test_runner/test:911:7)"}}
{"level":"info","time":"2026-09-18T22:45:50.904Z","service":"vantage-main-server","env":"development","msg":"call_lead.create.sheet_sync.disabled","resource":"source_lead","leadModel":"CallLead","leadId":"507f1f77bcf86cd799439011"}
✔ Form create increments leads.form + origin + company once (14.3877ms)
✔ Duplicate Form increments leads.duplicate_form only (1.1354ms)
✔ reused WordPress lead does not call the writer (0.522ms)
✔ zip 33101 + state not_found counts the Lead and records exception.zip_missing (1.5877ms)
✔ Call unmatched increments leads.unmatched_call only (1.3928ms)
✔ Call zip present + blank state is a zip miss and still counts the Lead (1.2162ms)
✔ quiet hours at 02:14 ET record text.deferred with 8:00 AM send_at and no messages.successful (2.1883ms)
✔ 07:00 ET send records text.sent only (2.4163ms)
✔ first sent/delivered after deferred records text.sent once (2.9545ms)
✔ status callback terminal fail records text.failed (3.1611ms)
✔ unapplied status callback does not call the writer (0.6213ms)
✔ dispatchOrQueue skipped path records text.skipped (10.1634ms)
✔ completeCallLeadIngestion records call_lead.created once via the sink (6.3852ms)
✔ CRM HTTP fail records exception.crm_failed (16.4798ms)
✔ RingCentral adoption conflict records exception.adoption_conflict and not a Call Lead create (3.7157ms)
✔ duplicate booking submission helper is not used — skip is kind duplicate at finalize (0.726ms)
✔ employee pending booking increments employee_pending and not a kind bucket (0.4328ms)
✔ cancellation.created uses cancellation:<id>:created (28.3953ms)
✔ writer sink captures without stores and does not require Mongo (1.8949ms)
✔ zipMissSides treats not_found and blank as a miss only when a zip is present (0.5066ms)
{"level":"info","time":"2026-09-18T22:45:50.906Z","service":"vantage-main-server","env":"development","msg":"lead.call.created","observability_level":"info","category":"lead","workflow":"call_lead_create","source_company":"tbm_leads","entity_id":"507f1f77bcf86cd799439011"}
{"level":"info","time":"2026-09-18T22:45:50.918Z","service":"vantage-main-server","env":"development","msg":"crm.form_lead.submit.started","leadId":"507f1f77bcf86cd799439011","endpoint":"https://lead.hellomoving.com/LEADSGWHTTP.lidgw?&API_ID=[redacted]&MOVERREF=[redacted]","payload":{"label":"Main Site Forms","firstname":"J***","lastname":"C***","ozip":"sha256:ce6d2151873f","dzip":"sha256:9a1f53dc5d98","email":"j***@example.com","phone1":"***2222","movesize":"14","movedte":"","notes":"","leadno":""}}
{"level":"info","time":"2026-09-18T22:45:50.919Z","service":"vantage-main-server","env":"development","msg":"crm.form_lead.submit.started","observability_level":"info","category":"crm","workflow":"crm_submit","source_company":"tbm_leads","entity_id":"507f1f77bcf86cd799439011"}
{"level":"info","time":"2026-09-18T22:45:50.922Z","service":"vantage-main-server","env":"development","msg":"crm.form_lead.submit.http_error","leadId":"507f1f77bcf86cd799439011","endpoint":"https://lead.hellomoving.com/LEADSGWHTTP.lidgw?&API_ID=[redacted]&MOVERREF=[redacted]","status":400,"responseText":"bad request"}
{"level":"error","time":"2026-09-18T22:45:50.922Z","service":"vantage-main-server","env":"development","msg":"crm.form_lead.submit.http_error","observability_level":"error","category":"crm","workflow":"crm_submit","source_company":"tbm_leads","entity_id":"507f1f77bcf86cd799439011"}
{"level":"info","time":"2026-09-18T22:45:50.926Z","service":"vantage-main-server","env":"development","msg":"ringcentral.ingest.processed","action":"dry_run","writeMode":"dry_run","duplicate":false,"duplicateReason":"unique","ingestionSource":"webhook","telephonySessionId":"u20-session","callLogId":null,"sourceCompany":"main_site","durationSeconds":180,"callLeadId":null}
✔ applyBestRelocationPlan is not a Daily Operations hook site (45.6869ms)
✔ persistLeadMessageIntent is not a Daily Operations hook site (12.6279ms)
✔ completeFormLeadIngestion hooks after the reused-lead return (11.5154ms)
✔ duplicate booking finalize returns before the Daily Operations writer (17.6058ms)
✔ Sheet Sync job outcomes record one deduped fact per job and outcome with a metric touch (3.0742ms)
✔ the drainer records Sheet Sync facts on synced and failed jobs, never on coalesced duplicates or deferrals (18.1422ms)
✔ completeCallLeadIngestion is the only Call Lead volume hook (12.3112ms)
✔ lead_created capture increments webhook class only (11.2712ms)
✔ priority_updated capture increments webhook class only (1.1436ms)
✔ Booked payload at capture increments class and booked once (1.0543ms)
✔ Release payload at capture increments class and release once (1.2147ms)
✔ Releas token classifies as release (0.7142ms)
✔ unclassified booking_status_changed increments class only (0.8986ms)
✔ granot.minted touches decisions.minted only and does not increment leads.* (2.1482ms)
✔ outcome card parent_receipt_id pairs to the receipt card (0.8615ms)
✔ linked outcome uses parent_receipt_id and decisions.linked (0.8712ms)
✔ synchronize conflict pending does not record granot.linked (0.4641ms)
✔ processor maps observe / pending_match / unmatched and skips mint/link (0.8354ms)
✔ intake opened increments intakes.opened; refresh does not (1.1807ms)
✔ process-time Booked increments booked only when capture did not classify (0.8439ms)
✔ Booked increments those buckets once when capture already classified (0.5566ms)
✔ dead letter uses exception:dead_letter:<receiptId> (0.5613ms)
✔ receipt kind and dedupe follow spec §14 (0.3481ms)
✔ captureChannelOperationReceipt is not a Daily Operations hook site (33.0257ms)
✔ createLeadFromGranot finalize records granot.minted after existing after-commit work (24.3917ms)
✔ synchronizeLeadFromGranot pending carries outcome and provenance (16.1804ms)
✔ logProcessingCompletion records observe/pending/unmatched when no lead finalize ran (36.4662ms)
✔ dead letter hook is the drainer entered seam, not the 202 path (46.4883ms)
✔ webhook capture hooks after persist and before return (31.3376ms)
✔ missing open day returns seeded zeros, not 404 (14.2545ms)
✔ sheet_sync touches increment the day and surface on the snapshot; pre-hook days read zero (2.4892ms)
✔ missing yesterday yields null totals so the UI can show a dash (1.4466ms)
✔ yesterday_by_now is hourly 0..currentNyHour, not the full yesterday (2.3367ms)
✔ day_before and day_before_by_now come from the third NY day; missing day is null (2.2411ms)
✔ every SOURCE_COMPANIES slug is present including zeros (1.4074ms)
✔ wordpress_form is a present key even when zero (1.086ms)
✔ intakes.still_open and texts.held_now are live queries, not day increments (0.989ms)
✔ GET snapshot does not mutate loaded day documents (1.0886ms)
✔ events cursor is occurred_at ISO plus event id, parsed at the last colon (0.8732ms)
✔ events page is newest-first for the NY day and returns next_cursor (1.4276ms)
✔ test runner reports redis.configured false without constructing a client (1.09ms)
{"level":"info","time":"2026-09-18T22:45:52.364Z","service":"vantage-main-server","env":"development","msg":"domain_command.applied","observability_level":"info","category":"admin","workflow":"canonical_domain_command","entity_id":"lead-admin"}
✔ [AC-21] command execution model has durable origin/idempotency uniqueness (3.2619ms)
✔ invalid command context fails before database access (1.4952ms)
✔ external ingestion rejects human executors and incomplete provenance (0.909ms)
✔ [AC-21] four origins validate exactly; Granot and RingCentral identities cannot be client-forged (7.1741ms)
✔ [AC-21] replay returns stored applied result; checksum reuse conflicts; compatibility adapter is one-way (3.7158ms)
✔ [AC-21] failed command leaves no successful execution outcome (0.7713ms)
✔ [AC-21] stable now and preallocated IDs survive a transaction callback retry (2.827ms)
✔ [AC-32] observation_channel must agree with the initiator path (0.5975ms)
✔ [AC-21] compatibility API-secret and scoped-key system actors validate for vantage_admin (3.3634ms)
✔ owner idempotency key helper preserves the 8-200 printable envelope (0.7171ms)
✔ call-lead command validates DTO without an unsupported ingestion field (9.4065ms)
{"level":"info","time":"2026-09-18T22:45:52.368Z","service":"vantage-main-server","env":"development","msg":"domain_command.applied","observability_level":"info","category":"admin","workflow":"canonical_domain_command","entity_id":"lead-1","run_id":"run-1"}
{"level":"info","time":"2026-09-18T22:45:52.369Z","service":"vantage-main-server","env":"development","msg":"domain_command.replayed","observability_level":"info","category":"admin","workflow":"canonical_domain_command","entity_id":"lead-1","run_id":"run-1"}
{"level":"info","time":"2026-09-18T22:45:52.374Z","service":"vantage-main-server","env":"development","msg":"domain_command.applied","observability_level":"info","category":"admin","workflow":"canonical_domain_command","entity_id":"lead-retry","run_id":"run-1"}
{"level":"info","time":"2026-09-18T22:45:52.377Z","service":"vantage-main-server","env":"development","msg":"domain_command.applied","observability_level":"info","category":"admin","workflow":"canonical_domain_command","entity_id":"lead-secret"}
{"level":"info","time":"2026-09-18T22:45:52.378Z","service":"vantage-main-server","env":"development","msg":"domain_command.applied","observability_level":"info","category":"admin","workflow":"canonical_domain_command","entity_id":"lead-scoped"}
✔ [AC-21] transaction-bound internals do not open nested transactions or finalize Sheets (102.6787ms)
✔ canonical command modules do not depend on transport or Google adapters (69.2126ms)
✔ durable actor factories mint the fixed Granot and RingCentral identities (0.6867ms)
✔ [AC-32] existing write context factory hashes payload and never stores credentials (0.5994ms)
✔ [AC-32] v1 write routes enter existing adapters and do not patch models (8.1154ms)
✔ runExistingUpdateSourceOwnedLead still uses updateSourceOwnedLead and pending source_lead update (7.7334ms)
✔ [AC-32] existing write adapters persist Changes inside the executor and keep later commands disabled (8.8565ms)
﹣ [AC-21] [AC-32] replica existing write commits Command/Change/revision/outbox; replay and rollback do not (2.4019ms) # Replica-set proof requires TEST_MODE=true before process start.
✔ [AC-32] contact and address paths are reference_only; low-risk paths stay stored (4.0067ms)
✔ [AC-32] Change builders omit raw contact values and emit deterministic paths (22.26ms)
✔ [AC-32] no-op field collection emits no Change descriptors (0.5554ms)
✔ FORM and CALL CHANGE_PATHS include no_sync so a flip is not a silent no-op (0.5888ms)
✔ collectDocumentFieldChanges reports no_sync when it flips and no-ops when unchanged (1.7794ms)
✔ existing write context maps an Owner extension user to an owner actor (24.7267ms)
✔ existing write context maps Owner plus Sales to an owner actor (0.6153ms)
✔ existing write context rejects sales extension user (0.9433ms)
✔ existing write context rejects customer_service extension user (0.4161ms)
✔ existing write context rejects sales+customer_service extension user (0.3745ms)
﹣ [AC-21] replica executor: exact stored-result replay, checksum conflict, and no second mutation (2.5601ms) # Replica-set proof is opt-in via GRANOT_LIFECYCLE_REPLICA_TESTS=true.
﹣ [AC-21] replica executor: same-key commit race has one winner and exact replay of the stored result (1.3379ms) # Replica-set proof is opt-in via GRANOT_LIFECYCLE_REPLICA_TESTS=true.
﹣ [AC-21] replica executor: expected-revision loser is DOMAIN_REVISION_CONFLICT with no Decision/Command (0.5419ms) # Replica-set proof is opt-in via GRANOT_LIFECYCLE_REPLICA_TESTS=true.
﹣ [AC-32] replica executor: Receipt/Observation/Decision causal IDs persist; rollback leaves zero partial rows (0.5068ms) # Replica-set proof is opt-in via GRANOT_LIFECYCLE_REPLICA_TESTS=true.
﹣ [AC-21] replica executor: stable now and preallocated IDs survive callback retry (0.6588ms) # Replica-set proof is opt-in via GRANOT_LIFECYCLE_REPLICA_TESTS=true.
﹣ [AC-32] replica executor: persist failure rolls back Decision, aggregate, and Command (0.4806ms) # Replica-set proof is opt-in via GRANOT_LIFECYCLE_REPLICA_TESTS=true.
﹣ [AC-32] replica executor: post-commit finalize never runs on rollback (0.4794ms) # Replica-set proof is opt-in via GRANOT_LIFECYCLE_REPLICA_TESTS=true.
﹣ [AC-32] replica executor: no Sheet/queue/email/CRM call occurs before commit (0.3972ms) # Replica-set proof is opt-in via GRANOT_LIFECYCLE_REPLICA_TESTS=true.
✔ canonical JSON is stable across object insertion order (5.3737ms)
✔ canonical JSON rejects unsupported values (0.9541ms)
✔ effective capability requires all three gates (1.539ms)
✔ provider failures classify and retry deterministically (1.1403ms)
✔ fenced in-memory leases reject stale epochs (0.8802ms)
✔ model-backed lease schema carries unique scope and fencing epoch (0.9974ms)
✔ run fake enforces status graph, lease fencing, and monotonic checkpoints (1.3487ms)
✔ system actors remain distinct and metadata is sanitized (0.81ms)
✔ listBookingLeadReconciliationCases returns admin-facing summary fields (6.3685ms)
✔ getBookingLeadReconciliationCase returns detail fields consumed by admin (1.7203ms)
✔ searchBookingLeadCandidates returns compact case-aware results with a cursor (3.7124ms)
✔ searchBookingLeadCandidates Call q and contact filters include snapshot paths (3.1742ms)
✔ searchBookingLeadCandidates returns Granot and ingested contact snapshots (1.6234ms)
✔ dismissing an owner_booking pending case leaves the Booking Leadless (3.7206ms)
✔ reopenBookingLeadReconciliation guards status and live booking before rematch (0.9982ms)
✔ assembleEmployeeBookingOptions joins active granularities to active companies (6.1381ms)
✔ assembleEmployeeBookingOptions ignores unknown company ids (0.5087ms)
✔ candidate query detects the 26th matching lead instead of proving false uniqueness (8.2004ms)
✔ candidate snapshots keep Granot and ingested contact for owner display (1.2284ms)
✔ candidate query tags a unique Form Lead Job Number as job_no (0.8605ms)
✔ evaluateEmployeeBookingMatch auto-links a unique Call Lead Job Number (3.8354ms)
✔ evaluateEmployeeBookingMatch auto-links a unique Form Lead Job Number on form channel (0.8293ms)
✔ evaluateEmployeeBookingMatch treats two Call Leads with the same Job Number as multiple_matches (2.0289ms)
✔ evaluateEmployeeBookingMatch leaves same-phone no-job as pending no_match (0.8347ms)
✔ evaluateEmployeeBookingMatch never auto-links LID, email, or phone under Exact Job Booking Attach (1.0331ms)
✔ evaluateEmployeeBookingMatch never auto-links when candidate query overflowed (1.4053ms)
✔ evaluateEmployeeBookingMatch returns channel_conflict for opposite-channel-only Job Number (1.4493ms)
✔ evaluateEmployeeBookingMatch respects none policy (1.8194ms)
✔ evaluateEmployeeBookingMatch treats contradictory phone/name signals as a hard conflict (3.8436ms)
✔ evaluateEmployeeBookingMatch blocks Job Number and Phone pointing to different Leads (1.0632ms)
✔ evaluateEmployeeBookingMatch does not auto-link a different same-company granularity (0.7061ms)
✔ evaluateEmployeeBookingMatch rematch attaches only after a unique job appears (0.7341ms)
✔ test-mode migration apply remains available with --apply (2.2359ms)
✔ production migration apply requires explicit confirmation (1.1637ms)
✔ test mode cannot apply to the production database without production confirmation (0.4344ms)
✔ production migration apply rejects an unexpected connected database (0.3076ms)
✔ production migration apply accepts explicit confirmation on the production database (0.8147ms)
✔ collectNormalizedCollisions groups normalized duplicates (3.4757ms)
✔ reportHasBlockingCollisions flags booking identity collisions (2.0928ms)
✔ submission collision preflight ignores bookings outside the partial unique index scope (0.5014ms)
✔ deriveTrustedOwnerActor rejects bare api secret actor (3.0909ms)
✔ deriveTrustedOwnerActor accepts trusted owner headers with primary secret (2.0955ms)
✔ deriveTrustedOwnerActor accepts owner users directly (0.6201ms)
✔ deriveTrustedOwnerActor rejects non-owner users and bare secrets (0.6518ms)
✔ assertExactWarningOverrides requires exact current overrideable warnings (0.6852ms)
✔ assertAllowedCaseAction allows only valid transitions (1.4846ms)
✔ assertLiveBookingState blocks cancelled and invalid booking states (1.3515ms)
✔ applyCursorFilter uses date plus id tie-break (9.1304ms)
✔ decodeDateIdCursor rejects malformed dates and object ids (2.2635ms)
{"level":"info","time":"2026-09-18T22:45:55.101Z","service":"vantage-main-server","env":"development","msg":"mongo.dns.servers_configured","servers":["8.8.8.8","1.1.1.1"]}
✔ cold rematch connects to Mongo before attempting a lease or model operation (20.3835ms)
✔ rematch snapshots Exact Job Booking Attach, not the retired five-rule list (3.2842ms)
✔ rematch evaluator attaches only when a unique Call Lead job appears (2.5288ms)
✔ call lead enrichment prefers source-compatible Job Number matches when the row has a Job Number (25.7283ms)
✔ call lead enrichment blocks sync when phone matches only across assigned source companies (4.4803ms)
✔ syncCallLeadEnrichment does not write when source match is conflict (2.1302ms)
✔ call lead enrichment can claim an unassigned phone-matched call lead source (1.5889ms)
✔ preview does not write live phone, name, or email (1.7912ms)
✔ conflicting stored Job Number is not overwritten (2.2892ms)
✔ row Job on Lead A plus Granot phone equal to Lead B ANI selects A (7.2472ms)
✔ contact-only Granot card diff is updateable (7.593ms)
✔ preview phone rung does not query granot_contact_snapshot (1.1277ms)
✔ parseEnrichmentRow enriches valid cities while ignoring zero and comma placeholders (3.947ms)
✔ AppError defaults to INTERNAL code and 500 status when no options are given (3.9443ms)
✔ AppError preserves code, statusCode, internalMessage, cause, and metadata from options (1.6786ms)
✔ AppError.toLog returns a safe, structured summary of public fields plus log-only context (0.5933ms)
✔ AppError.toLog omits cause/internalMessage/metadata when they are not provided (0.3807ms)
✔ AppError.toLog handles string causes and unserializable causes without throwing (0.8153ms)
✔ AppError does NOT expose internalMessage or cause via its public message field (0.8633ms)
✔ BadRequestError defaults to 400 and BAD_REQUEST code (2.5531ms)
✔ ValidationError defaults to 400 and VALIDATION code (1.8886ms)
✔ UnauthorizedError defaults to 401 and UNAUTHORIZED code (0.4416ms)
✔ NotFoundError defaults to 404 and NOT_FOUND code (0.4444ms)
✔ ConflictError defaults to 409 and CONFLICT code (0.3996ms)
✔ IntegrationError defaults to 502 and INTEGRATION code (0.3496ms)
✔ subclasses allow callers to override the default statusCode without losing the code (0.3089ms)
✔ subclasses carry their constructor name (useful for log filters) (0.367ms)
✔ subclasses are all instanceof AppError and Error (0.4356ms)
✔ createExtensionUser persists canonical roles and never returns the secret (7.5725ms)
✔ createExtensionUser rejects a duplicate email (2.2453ms)
✔ listExtensionUsers returns roles and dual-reads leftover employee (0.7186ms)
✔ toAdminExtensionUser dual-reads leftover employee as Sales plus Customer Service (0.3146ms)
✔ updateExtensionUser bumps token_version only on actual email, password, or roles change (1.8438ms)
✔ updateExtensionUser rejects a duplicate email with the create message (0.6262ms)
✔ updateExtensionUser returns not found for a missing id (0.6459ms)
✔ deleteExtensionUser removes the row so the email can be reused (0.6946ms)
✔ deleteExtensionUser returns not found for a missing id (0.5019ms)
✔ fetchDriveFileMetadata maps 404 distinctly from 403 access denied (4.7411ms)
✔ fetchDriveFileMetadata maps provider failures to integration errors (1.0807ms)
✔ Google refresh tokens round-trip through authenticated encryption (33.8425ms)
✔ encrypted Google refresh tokens are bound to the owner identity (3.2582ms)
✔ OAuth state is stored as a deterministic SHA-256 digest (5.3483ms)
✔ Google Drive folder IDs can be read from IDs or shared URLs (2.5997ms)
✔ invalid Google Drive folder IDs are rejected (1.4076ms)
✔ a requested folder is created under the normalized configured parent (1.93ms)
✔ public Google OAuth config excludes server secrets (3.4935ms)
✔ sanitized Google Drive connection status excludes configured owner email (0.5605ms)
✔ sanitized Google Drive connection status excludes refresh credentials (0.6447ms)
✔ Picker bootstrap allowlist rejects unexpected response fields (1.2629ms)
✔ reporting ownership marker round-trips and matches destination ID (0.8977ms)
✔ allowed OAuth scopes reject overgrant and extra scopes (2.6901ms)
✔ OAuth scope normalization is order-insensitive (1.8397ms)
✔ Google userinfo.email URI is treated as the email scope (0.4164ms)
✔ google drive owner auth accepts the signed owner admin proxy (6.0232ms)
✔ google drive owner auth rejects scoped API keys (1.7317ms)
✔ google drive owner auth accepts an allowlisted extra owner email (5.3432ms)
✔ google drive owner auth rejects a signed owner outside the allowlist (2.096ms)
✔ google drive owner auth requires signed owner matching configured identity (2.5282ms)
✔ sanitized google drive API errors do not expose configured owner email (1.4168ms)
✔ callback failure logs use stable categories without provider text (0.7723ms)
✔ drive metadata validation rejects wrong mime types (24.9039ms)
✔ drive metadata validation rejects trashed files (0.7499ms)
✔ drive metadata validation rejects non-owned files (0.5697ms)
✔ picker nonce and selection references hash to stable digests (1.0865ms)
✔ invalid picker selection preserves nonce until metadata validates (16.5268ms)
✔ picker nonce replay is rejected after successful verification (2.3285ms)
✔ concurrent valid picker verifications issue at most one selection reference (3.9302ms)
✔ invalid selection reference metadata preserves reference until validation passes (8.5547ms)
✔ denylisted workbook preserves reference until denylist clears (4.4909ms)
✔ denylist configuration fails closed without consuming reference (1.5094ms)
✔ selection reference replay is rejected after successful consume (3.3461ms)
✔ concurrent valid selection reference consumes yield at most one winner (1.5832ms)
✔ extractStateCodeFromGoogleGeocodeResponse uses postal address state code (2.1172ms)
✔ extractStateCodeFromGoogleGeocodeResponse converts state component name (0.7304ms)
✔ Form Lead that is not a Duplicate Lead expects Master Leads Forms (3.8701ms)
✔ Duplicate Form Lead expects Master Leads Duplicates (0.5989ms)
✔ Bad Lead expects the primary tab and Bad Leads (0.4125ms)
✔ Call Lead that is not a Duplicate Lead expects Master Leads Calls (0.4923ms)
✔ Duplicate Call Lead expects Master Leads Duplicate Calls (0.4002ms)
✔ Unmatched Call Lead is not expected on Master Leads (0.3506ms)
✔ ordinary No-Sync Form Lead skips Master Leads with no_sync (0.2832ms)
✔ ordinary No-Sync Call Lead skips Master Leads with no_sync (0.3394ms)
✔ No-Sync + Bad Lead still expects today's Bad tabs (1.3021ms)
✔ No-Sync + Duplicate Call Lead still expects Duplicate Calls (1.2971ms)
✔ Booking expects Master Booked Booked Deals (0.5646ms)
✔ Cancellation expects Master Booked Cancelled Deals (0.3597ms)
✔ formatDateOnly returns ISO date prefix (2.5622ms)
✔ formatTimestamp uses owner-facing UTC clock components (0.5086ms)
✔ booleanCell maps booleans to sheet strings (0.3578ms)
✔ localCell maps values to local/long_distance (0.2804ms)
✔ optionalLocalCell returns empty string when blank (0.3902ms)
✔ bookedCell, bookedDateCell, cancelledCell, quotedCell map booleans to labels (2.0692ms)
✔ overThresholdCell returns label or blank (0.3703ms)
✔ formatNumber stringifies finite numbers and elides null/undefined/NaN (0.2999ms)
✔ primaryBookingAgent returns first agent name snapshot (0.4174ms)
✔ splitCell only flags true splits when there are at least two named allocations with non-zero amounts (0.6681ms)
✔ formLeadToRow projects fields in the documented header order (1.2068ms)
✔ formLeadToRow defaults missing ref_no to 'not provided' (0.3683ms)
✔ lead projections use exact GetMovers source labels (0.6195ms)
✔ formLeadToRow clears booking reporting columns after booking deletion (0.3511ms)
✔ callLeadToRow projects fields in the documented header order (0.4355ms)
✔ callLeadToRow clears booking reporting columns after booking deletion (0.341ms)
✔ bookedLeadToRow projects allocations, customer, and lead ref (1.0172ms)
✔ bookedLeadToRow writes form source label from canonical slug (0.3538ms)
✔ bookedLeadToRow writes call source label from canonical slug (0.3361ms)
✔ bookedLeadToRow resolves legacy source labels before writing (0.2589ms)
✔ bookedLeadToRow projects referral customer name and blank lead ref (0.3195ms)
✔ bookedLeadToRow projects leadless booking source label and blank lead ref (0.2983ms)
✔ cancelledLeadToRow projects cancellation fields (0.3673ms)
✔ cancelledLeadToRow leaves cancel_date blank when missing (0.2162ms)
✔ rowsFromValues maps Mongo ID cells and keeps evidence columns (14.657ms)
✔ found Form Lead returns Master Leads Forms evidence and a sheet link (3.7228ms)
✔ missing Form Lead stays missing and can attach an open Sheet Sync job (0.7784ms)
✔ Form Lead on Duplicates when Forms was expected is wrong_tab (0.7353ms)
✔ unmatched Call Lead is not_expected and does not read tabs (0.5624ms)
✔ ordinary No-Sync Form Lead is not_expected and does not read tabs (0.4009ms)
✔ ordinary No-Sync Call Lead is not_expected and does not read tabs (0.373ms)
✔ No-Sync + Bad Lead uses today's Bad expected tabs, not the no_sync skip (0.812ms)
✔ No-Sync + Duplicate Call Lead uses today's Duplicate Calls tab, not the no_sync skip (0.6801ms)
✔ ordinary Call missing from Calls is still missing (0.5794ms)
✔ unknown Mongo id is not_found (0.405ms)
✔ Bad Lead found on Forms but missing Bad Leads is still found with a missing tab (0.5273ms)
✔ Booking found on Booked Deals (0.5688ms)
✔ preserves request order and dedupes ids (0.8048ms)
✔ ensureTabsAndHeaders expands an undersized existing grid without shrinking it (4.7161ms)
✔ Master Leads provisions a dedicated Duplicate Calls tab (2.1978ms)
✔ Duplicate Calls tab reuses the Calls headers (0.909ms)
✔ duplicate-call sync targets resolve to the Calls headers (0.4567ms)
✔ duplicate-call master target ensures the Master Leads tab set (0.4652ms)
✔ Master Leads provisions Bad Leads with form headers (0.4436ms)
✔ Bad Leads master target ensures the Master Leads tab set (0.3418ms)
✔ buildGranotCrmCsvObjectKeys creates latest/meta/history paths (3.2552ms)
✔ buildRegistryKey follows CRM origin host (0.7426ms)
✔ parseGranotCsv normalizes headers and skips total rows (4.2433ms)
✔ [AC-03] form identity vocabulary excludes lids while allowing Mongo id as a secondary lookup (4.1258ms)
✔ [AC-03] form planning gives exact FormLead.ref_no priority over every fallback (2.3833ms)
✔ exact identity wins but surfaces a source-company mismatch warning (1.3529ms)
✔ duplicate exact FormLead.ref_no candidates are a conflict (0.8528ms)
✔ [AC-03] form planning falls back only after FormLead.ref_no has no match (2.5948ms)
✔ [AC-03] form planning resolves an ObjectId ref_no only after exact field lookup misses (0.9858ms)
✔ fallback ties resolve by source company then quoted prior (1.1888ms)
✔ fallback refuses a sole candidate from a different source company (0.7389ms)
✔ fallback does not select a lead from name alone (0.6142ms)
✔ fallback scores only candidates that pass the source-company gate (0.6465ms)
✔ form patch has extension parity and fills only missing locations (1.22ms)
✔ [AC-33] form planning labels Booked Jobs and Follow Up sections separately (5.1ms)
✔ apply deployment gate is explicit (17.3182ms)
✔ form patch never overwrites an existing receiver (0.9586ms)
✔ source report parsing returns both Granot lead sections with job numbers (47.4542ms)
✔ source report parsing finds Granot's nested tables after centered headings (11.3689ms)
✔ content hashes ignore per-login Granot session tokens (22.401ms)
✔ collected rows map to existing call-lead endpoint payloads (8.6092ms)
✔ call-lead payloads never expose or interpret Granot ref_no (5.8139ms)
✔ collector follows the Granot report flow and records absent sources (28.2904ms)
✔ collector retries the full flow when the source page expires the session (31.9865ms)
✔ collector rejects impossible date windows before contacting Granot (1.3749ms)
✔ [AC-33] Form Follow Up statement keeps raw Priority, separate user/rep, and location aliases (3.2542ms)
✔ [AC-33] Form Booked statement is booking_action_apply with raw Booked evidence (1.5056ms)
✔ [AC-33] Call enrichment statement does not collapse user/rep (0.6243ms)
✔ [AC-33] Call Booked statement keeps raw Booked and does not infer Release (0.5609ms)
✔ [AC-02] oversized ${run_id}:${action_id} is rejected before plan lock (1.207ms)
✔ [AC-02] schema-v1 plans fail closed as RUN_REPLAN_REQUIRED (0.6559ms)
✔ [AC-02] sealing a collected plan stores schema v2 lifecycle_apply before checksum (1.3405ms)
✔ pending lifecycle outcomes keep the run applying (0.5171ms)
✔ run-group creation inserts two correlated compatible queued children (5.0831ms)
✔ run-group validation completes before any child insertion (1.4444ms)
✔ call plan previews convert Mongo ObjectIds before checksumming (3.8232ms)
✔ form expected filters do not cast empty strings as ObjectIds (0.5603ms)
✔ [AC-02] applyRun has no runtime path to legacy Form/Call/Booked mutation services (88.3139ms)
✔ source IDs canonicalize case before lookup and duplicate validation (11.0161ms)
✔ source partitioning keeps only compatible IDs in each child snapshot (1.0271ms)
✔ [AC-38] unavailable resolve issues keep INVALID_GRANOT_SOURCES and per-source codes (0.5799ms)
✔ run-group resolve asks each source only for operations its Registry routes permit (0.8123ms)
✔ a source with no matching Registry route still fails the asked operation (0.5927ms)
✔ [AC-38] resolve never treats label or supported_operations as semantic authority (0.4151ms)
✔ source partitioning rejects an empty selected workflow (3.4084ms)
﹣ [AC-21] replica CAS: one winner increments once; loser is DOMAIN_REVISION_CONFLICT (2.1751ms) # Replica-set proof is opt-in via GRANOT_LIFECYCLE_REPLICA_TESTS=true.
✔ [AC-21] CAS primitive requires { _id, domain_revision } and names DOMAIN_REVISION_CONFLICT (4.2717ms)
✔ [AC-37][AC-38] Unit 30 rollout alert codes stay frozen (8.3282ms)
✔ [AC-37] oldest due fires only after 15 minutes plus 10 minutes continuity (8.2158ms)
✔ [AC-31] insufficient data never recovers an active alert (0.3752ms)
✔ [AC-37] any current dead letter fires and zero is ok (7.3941ms)
✔ [AC-37] capture 503 and claim-recovery windows use exact thresholds (2.2697ms)
✔ [AC-31] empty p95 and source-rate samples are insufficient_data, not success (0.4381ms)
✔ [AC-31] p95 uses deterministic nearest-rank and the 10-minute threshold (4.0548ms)
✔ [AC-38] RingCentral lease and enabled-source ambiguity rate stay bounded (0.5173ms)
✔ [AC-37] repeated evaluation does not fan out: only open/clear transitions emit (0.3697ms)
✔ [AC-05] planner conversion keeplisted Priority/Quoted/move paths and drops derived metadata (24.6263ms)
✔ [AC-05] quoted:false is rejected and no write path sets it false (1.2857ms)
✔ snapshot-only Call plan converts and keeps live phone off contact_changed_paths (1.3913ms)
✔ [AC-10] [AC-12] contact leaves stay on current-contact paths; snapshot is not a contact leaf (5.717ms)
✔ [AC-11] FormLead destination_zip is allowed and CallLead delivery_zip is required instead (1.4776ms)
✔ [AC-32] forbidden metadata, extra paths, and unsorted path lists are rejected (1.4485ms)
✔ [AC-32] contact hash is stable and omits values from the checksum helper output (4.8741ms)
﹣ [AC-02] concurrent automation operation ID + same hash yields one receipt (2.2495ms) # Replica-set proof requires TEST_MODE=true before process start.
﹣ [AC-02] concurrent automation operation ID + different hash has one winner and 409 (0.9726ms) # Replica-set proof requires TEST_MODE=true before process start.
﹣ [AC-02][AC-33] automation apply captures one receipt, replays it, and writes zero forbidden collections (0.5246ms) # Replica-set proof requires TEST_MODE=true before process start.
✔ [AC-02][AC-33] automation apply captures granot_http_automation then claimAndProcessOrPoll (9.0537ms)
✔ [AC-02] exact replay returns the stored terminal receipt without another capture (1.1081ms)
✔ [AC-02] accepted_for_processing yields a nonterminal receipt for the same operation ID (0.9348ms)
✔ pending_match stays accepted_for_processing until a terminal Decision exists (1.6123ms)
✔ dead-lettered receipts become bounded technical_failure (3.6129ms)
✔ processing disabled leaves the durable receipt recoverable (0.9744ms)
✔ [AC-38] missing automation reference is visible and unavailable for apply (2.2641ms)
✔ [AC-38] invalid referenced Registry row is missing_reference, not a label fallback (0.519ms)
✔ [AC-38] multiple normalized Registry matches make the automation source ambiguous (0.3625ms)
✔ [AC-38] disabled, lifecycle-disabled, or deferred Registry rows cannot be applied (0.4026ms)
✔ [AC-38] Call routes cannot satisfy a form_leads apply selection (0.4844ms)
✔ [AC-09] ready Form policy permits form_leads and never uses supported_operations as authority (1.761ms)
﹣ [AC-21][AC-22][AC-23][AC-32] replica confirm is atomic, replay-safe, exact, and source-preserving (3.7978ms) # Replica-set proof requires TEST_MODE=true before process start.
﹣ [AC-22][AC-23] inactive catalog failure leaves the whole effect set invisible (0.8124ms) # Replica-set proof requires TEST_MODE=true before process start.
﹣ [AC-21] simultaneous confirms produce one winner and no duplicate effects (0.4307ms) # Replica-set proof requires TEST_MODE=true before process start.
﹣ [AC-20][AC-21][AC-24][AC-32] replica update fully replaces official fields with one causal chain (0.859ms) # Replica-set proof requires TEST_MODE=true before process start.
﹣ [AC-20][AC-21][AC-32] replica No Action resolves only case and Command with exact replay (0.6946ms) # Replica-set proof requires TEST_MODE=true before process start.
﹣ [AC-24][AC-32] replica update rolls back atomically after every persisted write boundary (0.796ms) # Replica-set proof requires TEST_MODE=true before process start.
﹣ [AC-21] replica update versus No Action has one case-revision winner (0.5136ms) # Replica-set proof requires TEST_MODE=true before process start.
﹣ Confirm omit selected_lead with unique high suggestion attaches and queues booking_chain (0.4621ms) # Replica-set proof requires TEST_MODE=true before process start.
﹣ Confirm omit selected_lead with medium-only suggestion creates a Leadless Booking (1.1392ms) # Replica-set proof requires TEST_MODE=true before process start.
﹣ Confirm Owner-selected medium attaches that Lead (1.2093ms) # Replica-set proof requires TEST_MODE=true before process start.
﹣ Confirm lost claim fails closed and does not fall through to Leadless (8.0669ms) # Replica-set proof requires TEST_MODE=true before process start.
﹣ Update Existing Booking on a Granot Leadless Booking writes official fields and Master Booked only (0.7254ms) # Replica-set proof requires TEST_MODE=true before process start.
▶ selectBookingIntakeLatestAction
  ✔ returns undefined for empty evidence (1.6387ms)
  ✔ returns priority_5 when that is the only action (0.4327ms)
  ✔ ignores priority_5 when booked or release evidence exists (0.3578ms)
  ✔ selects the temporally latest booked or release action (0.4253ms)
  ✔ tie-breaks same captured_at with higher Observation id hex (0.9661ms)
✔ selectBookingIntakeLatestAction (6.2623ms)
﹣ [AC-R9] Confirm Cancellation succeeds only for AC-R3 posture and replays (2.9802ms) # Replica-set proof requires TEST_MODE=true before process start.
﹣ [AC-R9] create-missing + latest Release writes no Cancellation (1.1512ms) # Replica-set proof requires TEST_MODE=true before process start.
﹣ [AC-R9] latest Booked on review mode is GRANOT_CASE_REVISION_CONFLICT and writes no Cancellation (0.3856ms) # Replica-set proof requires TEST_MODE=true before process start.
﹣ [AC-R9] booking commands disabled is POLICY_BLOCKED even when release command flags are true (1.384ms) # Replica-set proof requires TEST_MODE=true before process start.
﹣ [AC-RRF-01][AC-RRF-06] Release-first Referral review No Action closes the case only (1.3147ms) # Replica-set proof requires TEST_MODE=true before process start.
﹣ [AC-RRF-02] Release-first Referral review Update keeps one Booking (0.8433ms) # Replica-set proof requires TEST_MODE=true before process start.
﹣ [AC-RRF-03] Release-first review latest Booked Cancel is GRANOT_CASE_REVISION_CONFLICT (0.6675ms) # Replica-set proof requires TEST_MODE=true before process start.
﹣ [AC-RRF-03] Release-first review latest Release Cancel creates Cancellation without a Lead (0.5211ms) # Replica-set proof requires TEST_MODE=true before process start.
﹣ [AC-RRF-05] Release-first Referral review dead Registry is GRANOT_POLICY_BLOCKED (0.5411ms) # Replica-set proof requires TEST_MODE=true before process start.
﹣ [AC-RRF-01] Release-first Referral review job mismatch or pre-activation is GRANOT_IDENTITY_CONFLICT (0.6811ms) # Replica-set proof requires TEST_MODE=true before process start.
▶ assertBookingIntakeCancelAllowed
  ✔ allows open review_existing_booking with latest Release (2.1817ms)
  ✔ rejects create_missing_booking even when latest action is Release (1.072ms)
  ✔ rejects create_referral_booking even when latest action is Release (0.3768ms)
  ✔ rejects review_existing_booking when latest action is Booked (0.3596ms)
  ✔ rejects a resolved review case even when latest action is Release (0.3079ms)
✔ assertBookingIntakeCancelAllowed (6.7275ms)
▶ isAcceptedReferralPolicyAction
  ✔ [AC-RRF-01] review_existing_booking + first action release → accept (0.5031ms)
  ✔ [AC-RRF-02] review_existing_booking + first action booked → accept (0.3068ms)
  ✔ [AC-RRF-01] create_referral_booking + first action booked → accept (0.2948ms)
  ✔ [AC-RRF-01] first action priority_5 / missing / unknown / empty → reject (0.322ms)
✔ isAcceptedReferralPolicyAction (2.0795ms)
✔ [AC-P1] Priority 5 then Booked selects the preceding Priority Update (3.3355ms)
✔ [AC-P2] Booked that carries Priority 5 with no preceding Priority Update (0.4094ms)
✔ [AC-P3] Booked without valid canonical 5 is booked_without_priority_5 (0.8624ms)
✔ [AC-P4] later Priority 5 is read-time only and does not become preceding (0.4076ms)
✔ equal temporal tuple is neither preceding nor later (0.358ms)
✔ other jobs are ignored and lead_created Priority 5 is not preceding (0.4707ms)
✔ latest older Priority 5 wins when several precede Booked (0.3659ms)
✔ throws without a Booked creating Observation or Job Number (0.8081ms)
✔ isCanonicalPriorityFive requires valid canonical 5 (0.3047ms)
✔ wire and list projections keep IDs, times, route, and Priority only (3.3676ms)
﹣ [AC-28][AC-32] replica simultaneous Referral evidence opens one lead-free case and preserves Decision source policy (3.4255ms) # Replica-set proof requires TEST_MODE=true before process start.
﹣ [AC-18][AC-20][AC-32][AC-36] replica races converge, replay dedupes, and resolved rows advance max+1 (0.8819ms) # Replica-set proof requires TEST_MODE=true before process start.
﹣ [AC-20] replica candidate refresh splits owner and evidence revisions (0.6306ms) # Replica-set proof requires TEST_MODE=true before process start.
﹣ [AC-20][AC-32] replica transaction rolls back case create, refresh, and Decision failures (0.7203ms) # Replica-set proof requires TEST_MODE=true before process start.
﹣ [AC-P8] replica persists pairing on Booked open, replay is a no-op, later Priority 5 does not write (0.7814ms) # Replica-set proof requires TEST_MODE=true before process start.
﹣ [AC-R1] replica later Releas appends Release evidence on the same open Booked case (0.5071ms) # Replica-set proof requires TEST_MODE=true before process start.
﹣ [AC-R2] replica Releas first opens create-missing; later Booked refreshes the same case (0.4449ms) # Replica-set proof requires TEST_MODE=true before process start.
﹣ [AC-R7] replica later Releas after resolve opens sequence+1 create-missing; no Release case (0.9237ms) # Replica-set proof requires TEST_MODE=true before process start.
﹣ [AC-R7] replica later Releas after resolve opens sequence+1 review when Booking is still active (0.6843ms) # Replica-set proof requires TEST_MODE=true before process start.
﹣ [AC-R8] replica exact Release Observation replay is a no-op (0.6507ms) # Replica-set proof requires TEST_MODE=true before process start.
{"level":"info","time":"2026-09-18T22:46:09.015Z","service":"vantage-main-server","env":"development","msg":"granot_lifecycle.booking_case.opened","observability_level":"info","category":"booking","workflow":"granot_booking_reconciliation"}
✔ [AC-35] candidate browser preserves source scope metadata and override warning (2.4406ms)
▶ Booking Reconciliation classification
  ✔ [AC-18] Priority 5 never opens or refreshes a Booking case (6.111ms)
  ✔ [AC-18a] Referral Priority 5 only remains not_booking_evidence (1.0936ms)
  ✔ [AC-19] actual Booked opens create-missing or review-existing and never treats ambiguity as no-case (0.693ms)
  ✔ [AC-28][AC-39] delegates employee work, routes cancellation, and owns Referral cases (0.7762ms)
  ✔ [AC-40] excludes Bad/Duplicate or ambiguous suggestions (0.5965ms)
  ✔ [AC-18][AC-19] projects only canonical eligible candidates and bounds refresh to 24 hours (1.0539ms)
✔ Booking Reconciliation classification (11.6567ms)
▶ Booking Reconciliation persistence
  ✔ [AC-19] atomically opens one create-missing case with causal evidence and Decision (10.8816ms)
  ✔ does not increment booked again when capture already classified Booked (2.6839ms)
  ✔ [AC-20] refreshes new evidence without staling case revision and dedupes Observation replay (3.9115ms)
  ✔ Observation replay does not increment Daily Operations intake again (3.8951ms)
  ✔ [AC-28] opens and refreshes a Referral case without Source Scope or Lead suggestion (2.9775ms)
  ✔ [AC-20] allocates next sequence after a resolved case and never reopens it (25.2707ms)
  ✔ [AC-P1][AC-P8] persists Booked pairing snapshot, replay is a no-op, later Priority 5 does not write (2.536ms)
  ✔ [AC-P1] persist snapshot is priority_5_then_booked and evidence is Booked only (2.0177ms)
  ✔ [AC-P5] Releas/Release with no official Booking opens a booked booking case with release evidence (12.4394ms)
  ✔ [AC-R1] later Releas appends Release evidence on the same open Booked case (2.5902ms)
  ✔ [AC-R2] Releas first opens create-missing; later Booked refreshes the same case (2.0937ms)
  ✔ [AC-R3] official active Booking + Releas opens review_existing_booking with release evidence (1.4013ms)
  ✔ [AC-R4] officially cancelled Booking + Releas is already_current and writes no booking case (0.956ms)
  ✔ [AC-R5] officially cancelled Booking + Booked still opens booked_after_official_cancellation (0.6509ms)
  ✔ [AC-R6] identity conflict on Release opens a release_* discrepancy and no booking case (2.3129ms)
  ✔ [AC-P2][AC-P3][AC-P4] second Booked refreshes evidence and pairing snapshot (2.7554ms)
  ✔ [AC-39] fails closed when expected employee reconciliation work is absent (1.143ms)
  ✔ actual Booked on a Granot official Leadless Booking opens review_existing_booking (1.2184ms)
✔ Booking Reconciliation persistence (83.8772ms)
{"level":"info","time":"2026-09-18T22:46:09.021Z","service":"vantage-main-server","env":"development","msg":"granot_lifecycle.booking_case.opened","observability_level":"info","category":"booking","workflow":"granot_booking_reconciliation"}
{"level":"info","time":"2026-09-18T22:46:09.023Z","service":"vantage-main-server","env":"development","msg":"granot_lifecycle.booking_case.opened","observability_level":"info","category":"booking","workflow":"granot_booking_reconciliation"}
{"level":"info","time":"2026-09-18T22:46:09.025Z","service":"vantage-main-server","env":"development","msg":"granot_lifecycle.booking_case.refreshed","observability_level":"info","category":"booking","workflow":"granot_booking_reconciliation"}
{"level":"info","time":"2026-09-18T22:46:09.028Z","service":"vantage-main-server","env":"development","msg":"granot_lifecycle.booking_case.opened","observability_level":"info","category":"booking","workflow":"granot_booking_reconciliation"}
{"level":"info","time":"2026-09-18T22:46:09.028Z","service":"vantage-main-server","env":"development","msg":"granot_lifecycle.booking_case.refreshed","observability_level":"info","category":"booking","workflow":"granot_booking_reconciliation"}
{"level":"info","time":"2026-09-18T22:46:09.031Z","service":"vantage-main-server","env":"development","msg":"granot_lifecycle.booking_case.opened","observability_level":"info","category":"booking","workflow":"granot_booking_reconciliation"}
{"level":"info","time":"2026-09-18T22:46:09.032Z","service":"vantage-main-server","env":"development","msg":"granot_lifecycle.booking_case.refreshed","observability_level":"info","category":"booking","workflow":"granot_booking_reconciliation"}
{"level":"info","time":"2026-09-18T22:46:09.035Z","service":"vantage-main-server","env":"development","msg":"granot_lifecycle.booking_case.opened","observability_level":"info","category":"booking","workflow":"granot_booking_reconciliation"}
{"level":"info","time":"2026-09-18T22:46:09.056Z","service":"vantage-main-server","env":"development","msg":"granot_lifecycle.booking_case.opened","observability_level":"info","category":"booking","workflow":"granot_booking_reconciliation"}
{"level":"info","time":"2026-09-18T22:46:09.060Z","service":"vantage-main-server","env":"development","msg":"granot_lifecycle.booking_case.opened","observability_level":"info","category":"booking","workflow":"granot_booking_reconciliation"}
{"level":"info","time":"2026-09-18T22:46:09.060Z","service":"vantage-main-server","env":"development","msg":"granot_lifecycle.booking_case.refreshed","observability_level":"info","category":"booking","workflow":"granot_booking_reconciliation"}
{"level":"info","time":"2026-09-18T22:46:09.063Z","service":"vantage-main-server","env":"development","msg":"granot_lifecycle.booking_case.opened","observability_level":"info","category":"booking","workflow":"granot_booking_reconciliation"}
{"level":"info","time":"2026-09-18T22:46:09.064Z","service":"vantage-main-server","env":"development","msg":"granot_lifecycle.booking_case.opened","observability_level":"info","category":"booking","workflow":"granot_booking_reconciliation"}
{"level":"info","time":"2026-09-18T22:46:09.077Z","service":"vantage-main-server","env":"development","msg":"granot_lifecycle.booking_case.opened","observability_level":"info","category":"booking","workflow":"granot_booking_reconciliation"}
{"level":"info","time":"2026-09-18T22:46:09.077Z","service":"vantage-main-server","env":"development","msg":"granot_lifecycle.booking_case.refreshed","observability_level":"info","category":"booking","workflow":"granot_booking_reconciliation"}
{"level":"info","time":"2026-09-18T22:46:09.079Z","service":"vantage-main-server","env":"development","msg":"granot_lifecycle.booking_case.opened","observability_level":"info","category":"booking","workflow":"granot_booking_reconciliation"}
{"level":"info","time":"2026-09-18T22:46:09.080Z","service":"vantage-main-server","env":"development","msg":"granot_lifecycle.booking_case.refreshed","observability_level":"info","category":"booking","workflow":"granot_booking_reconciliation"}
{"level":"info","time":"2026-09-18T22:46:09.082Z","service":"vantage-main-server","env":"development","msg":"granot_lifecycle.booking_case.opened","observability_level":"info","category":"booking","workflow":"granot_booking_reconciliation"}
{"level":"info","time":"2026-09-18T22:46:09.087Z","service":"vantage-main-server","env":"development","msg":"granot_lifecycle.booking_case.opened","observability_level":"info","category":"booking","workflow":"granot_booking_reconciliation"}
{"level":"info","time":"2026-09-18T22:46:09.088Z","service":"vantage-main-server","env":"development","msg":"granot_lifecycle.booking_case.refreshed","observability_level":"info","category":"booking","workflow":"granot_booking_reconciliation"}
{"level":"info","time":"2026-09-18T22:46:09.091Z","service":"vantage-main-server","env":"development","msg":"granot_lifecycle.booking_case.opened","observability_level":"info","category":"booking","workflow":"granot_booking_reconciliation"}
✔ [AC-01][AC-35] capture writes a complete v2 webhook receipt with proven auth and no later fields (7.2931ms)
✔ [AC-01][AC-35] header allowlist keeps only the five bounded names (1.0205ms)
✔ [AC-02][AC-35] hashes the credential-redacted payload after allowlisting headers (1.2881ms)
✔ [AC-02] identical webhook deliveries stay distinct receipts and may share the diagnostic hash (2.1909ms)
✔ [AC-01] capture refuses an unproven authentication method before persist (1.5701ms)
✔ [AC-02][AC-33][AC-35] extension channel capture stores one browser_extension receipt and redacts credentials (1.6186ms)
✔ [AC-02] same extension operation ID + same hash replays the existing receipt (1.0679ms)
✔ [AC-02] same extension operation ID + different hash is GRANOT_OPERATION_IDEMPOTENCY_CONFLICT (0.8386ms)
✔ webhook capture records a Daily Operations receipt fact after persist (0.9865ms)
✔ booking_status_changed Booked payload records granot.booked at capture (1.2848ms)
✔ identical webhook deliveries increment Daily Operations once per receipt (1.0974ms)
✔ extension channel capture does not record a Daily Operations fact (0.5813ms)
✔ Booked webhook capture increments class and booked once (0.7799ms)
✔ unclassified booking_status_changed increments class only (0.8538ms)
✔ channel capture replay does not increment Daily Operations (0.8056ms)
✔ [AC-02] automation channel capture stores one granot_http_automation receipt (0.7073ms)
✔ [AC-02] same automation operation ID + different kind is GRANOT_OPERATION_IDEMPOTENCY_CONFLICT (0.9271ms)
✔ Owner selected_lead attaches even when the suggestion is medium (2.5393ms)
✔ no selected_lead and a unique high suggestion auto-attaches (0.405ms)
✔ no selected_lead and a medium-only suggestion stays Leadless (0.2209ms)
✔ no selected_lead and no suggestion stays Leadless (0.2035ms)
✔ source_scoped_contact never auto-attaches even if confidence were high (0.3089ms)
✔ Sheet intents distinguish attached Confirm from Leadless Confirm and Update (0.5586ms)
✔ Referral is not a Granot official Leadless Booking (0.3273ms)
﹣ Connect happy path attaches the Lead, writes EntityChange, and queues booking_chain (3.3777ms) # Replica-set proof is opt-in via GRANOT_LIFECYCLE_REPLICA_TESTS=true.
﹣ Connect already_satisfied on the exact same Lead writes no new Change (0.5938ms) # Replica-set proof is opt-in via GRANOT_LIFECYCLE_REPLICA_TESTS=true.
﹣ Connect exact Idempotency-Key replay returns the durable result (0.7279ms) # Replica-set proof is opt-in via GRANOT_LIFECYCLE_REPLICA_TESTS=true.
﹣ Connect rejects Referral, cancelled, already-booked Lead, and stale revision (0.5423ms) # Replica-set proof is opt-in via GRANOT_LIFECYCLE_REPLICA_TESTS=true.
﹣ Connect flag-off is POLICY_BLOCKED (0.4462ms) # Replica-set proof is opt-in via GRANOT_LIFECYCLE_REPLICA_TESTS=true.
✔ Connect sheet intent is booking_chain / booked_lead.connect_lead (4.0035ms)
✔ only Granot official Leadless Bookings without an open case are connectable (0.6917ms)
✔ Connect rejects owner_booking and employee_booking Leadless and any open case (0.731ms)
✔ Eligible Connect Leads exclude Duplicate, Bad, cancelled, booked, and unmatched Call Leads (7.5777ms)
✔ Source assignment prefers Record Link scope, then employee snapshot, then booking source slug (0.6958ms)
✔ Lead matches booking source on company id, granularity, or slug (0.3903ms)
✔ evaluateConnectPreconditions attaches an eligible unbooked Lead (0.3162ms)
✔ already_satisfied when the Booking already has this exact Lead (0.3383ms)
✔ IDENTITY_CONFLICT when the Booking already has a different Lead (0.3236ms)
✔ IDENTITY_CONFLICT when another Booking already owns the Lead (0.3997ms)
✔ Referral, cancelled, Duplicate, Bad, and unmatched Call Leads are rejected (2.6441ms)
✔ stale booking revision fails closed (0.32ms)
✔ out-of-scope without override is rejected; with reason it connects (0.4375ms)
✔ empty Connect q does not dump the book (11.959ms)
✔ Connect Form q hits snapshot paths and omits ineligible Leads (5.7421ms)
✔ Connect Call q hits snapshot paths and excludes unmatched Call Leads (2.3186ms)
✔ Connect Call q for Granot-only phone hits snapshot phone paths (2.5155ms)
✔ Connect candidates fail closed on Referral, cancelled, and open-case Bookings (2.5504ms)
﹣ [AC-08] replica concurrent same-Observation replay commits one atomic Form creation chain (3.6009ms) # Replica-set proof requires TEST_MODE=true before process start.
﹣ [AC-08][AC-09] replica Call phone is pending, Job-only is not_applicable, and fabricates no telephony (0.795ms) # Replica-set proof requires TEST_MODE=true before process start.
﹣ [AC-08] replica Call creation rejects missing or multiple active route assignments (0.715ms) # Replica-set proof requires TEST_MODE=true before process start.
﹣ [AC-07][AC-08] replica competing scoped Call phone identity creates nothing (0.4579ms) # Replica-set proof requires TEST_MODE=true before process start.
﹣ Race A: existing RingCentral Call Lead synchronizes even with adoption off (0.5734ms) # Replica-set proof requires TEST_MODE=true before process start.
﹣ [AC-08] replica exact replay returns stored refs; checksum conflict creates no partial state (0.9178ms) # Replica-set proof requires TEST_MODE=true before process start.
﹣ [AC-08] replica rollback after reserved-link identity race leaves zero orphan effects (0.6068ms) # Replica-set proof requires TEST_MODE=true before process start.
﹣ [AC-07][AC-08] replica concurrent same-job writers keep one Lead and one active link (0.9913ms) # Replica-set proof requires TEST_MODE=true before process start.
﹣ [AC-07][AC-08] replica processor race replans the loser through Unit 18 (0.6643ms) # Replica-set proof requires TEST_MODE=true before process start.
﹣ [AC-08] replica rolls back Lead/link/Change/Decision/Command/outbox stage failures (0.9368ms) # Replica-set proof requires TEST_MODE=true before process start.
✔ [AC-08] idempotency key is observation-scoped and stable (4.1379ms)
✔ [AC-08] checksum covers Observation, model, source-scope, policy version, and creation semantics (2.4168ms)
✔ [AC-08] checksum never includes raw transport envelope or secret-bearing headers (0.7982ms)
✔ [AC-08] command envelope rejects invalid Observation, missing provenance, and wrong idempotency key (2.9025ms)
✔ create_if_missing SMS handoff requires the resolved Lead Source ID from source_scope (1.0991ms)
✔ observation-load create guard allows lead_created only (0.3249ms)
✔ command rejects priority_updated even for Call create_if_missing (0.3871ms)
✔ executeCreation requested_effect stays lead_created (2.4328ms)
✔ both Granot phone-fence sites run without the adoption flag; Job-only still skips (1.57ms)
✔ booking intake selection prefers the latest Booked evidence (3.6812ms)
✔ booking intake selection falls back to the latest creating evidence (0.61ms)
✔ booking intake selection prefers latest Release when the case has only Release evidence (0.3511ms)
✔ booking intake selection prefers Booked when Booked and Release evidence both exist (0.2909ms)
✔ booking intake creating observation returns the credential-redacted Booked statement (5.7233ms)
✔ booking intake creating observation is absent for missing booking cases (0.4097ms)
✔ [AC-P1] creating observation includes pairing and the preceding Priority 5 snapshot (1.3296ms)
✔ [AC-P3] Booked-without-5 still returns 200 with the Booked statement and no paired snapshot (0.7671ms)
✔ Release-only booking case creating observation is preferred_release with null pairing (0.7299ms)
✔ Booked plus Release booking case creating observation stays preferred_booked (0.7636ms)
✔ [AC-P6] historical Priority-5-only remains latest_creating with null pairing (0.5627ms)
✔ cancellation intake selection prefers the latest Release evidence (0.4226ms)
✔ cancellation intake creating observation returns the credential-redacted Release statement (1.0417ms)
✔ intake creating observation uses the booking statement when both collections could match (0.9643ms)
✔ intake creating observation is absent when neither case exists (0.5444ms)
{"level":"info","time":"2026-09-18T22:46:15.929Z","service":"vantage-main-server","env":"development","msg":"granot_lifecycle.processing.completed","receipt_id":"6aad…50cf","observation_id":"6aad…50d0","decision_id":"6aad…50d3","attempt":1,"execution_mode":"historical_shadow","outcome":"linked","reason_code":"record_link_established","duration_ms":7}
✔ [AC-33] equivalent webhook and extension statements normalize to the same identity and Priority (6.5442ms)
✔ [AC-33] equivalent shadow processor outcomes match and produce zero changed paths (15.089ms)
✔ [AC-02][AC-33] apply-item envelope unwraps to the statement without a second policy (1.4993ms)
✔ [AC-02][AC-33] equivalent webhook and automation statements share Observation identity (0.7928ms)
✔ [AC-33] equivalent webhook and automation shadow desired-state outcomes match (3.497ms)
✔ [AC-33] equivalent live webhook, extension, and automation desired states match (27.0864ms)
{"level":"info","time":"2026-09-18T22:46:15.931Z","service":"vantage-main-server","env":"development","msg":"granot_lifecycle.processing.completed","observability_level":"info","category":"mongo","workflow":"granot_lifecycle"}
{"level":"info","time":"2026-09-18T22:46:15.933Z","service":"vantage-main-server","env":"development","msg":"granot_lifecycle.processing.completed","receipt_id":"6aad…50d1","observation_id":"6aad…50d2","decision_id":"6aad…50d5","attempt":1,"execution_mode":"historical_shadow","outcome":"linked","reason_code":"record_link_established","duration_ms":1}
{"level":"info","time":"2026-09-18T22:46:15.933Z","service":"vantage-main-server","env":"development","msg":"granot_lifecycle.processing.completed","observability_level":"info","category":"mongo","workflow":"granot_lifecycle"}
{"level":"info","time":"2026-09-18T22:46:15.939Z","service":"vantage-main-server","env":"development","msg":"granot_lifecycle.processing.completed","receipt_id":"6aad…50d7","observation_id":"6aad…50d8","decision_id":"6aad…50db","attempt":1,"execution_mode":"historical_shadow","outcome":"linked","reason_code":"record_link_established","duration_ms":1}
{"level":"info","time":"2026-09-18T22:46:15.939Z","service":"vantage-main-server","env":"development","msg":"granot_lifecycle.processing.completed","observability_level":"info","category":"mongo","workflow":"granot_lifecycle"}
{"level":"info","time":"2026-09-18T22:46:15.940Z","service":"vantage-main-server","env":"development","msg":"granot_lifecycle.processing.completed","receipt_id":"6aad…50d9","observation_id":"6aad…50da","decision_id":"6aad…50dd","attempt":1,"execution_mode":"historical_shadow","outcome":"linked","reason_code":"record_link_established","duration_ms":1}
{"level":"info","time":"2026-09-18T22:46:15.940Z","service":"vantage-main-server","env":"development","msg":"granot_lifecycle.processing.completed","observability_level":"info","category":"mongo","workflow":"granot_lifecycle"}
{"level":"info","time":"2026-09-18T22:46:15.946Z","service":"vantage-main-server","env":"development","msg":"granot_lifecycle.processing.completed","receipt_id":"6aad…50df","observation_id":"6aad…50e0","decision_id":"6aad…50e1","attempt":1,"execution_mode":"live","outcome":"applied","reason_code":"lead_state_changed","duration_ms":5}
{"level":"info","time":"2026-09-18T22:46:15.946Z","service":"vantage-main-server","env":"development","msg":"granot_lifecycle.processing.completed","observability_level":"info","category":"mongo","workflow":"granot_lifecycle"}
{"level":"info","time":"2026-09-18T22:46:15.948Z","service":"vantage-main-server","env":"development","msg":"granot_lifecycle.processing.completed","receipt_id":"6aad…50e3","observation_id":"6aad…50e4","decision_id":"6aad…50e5","attempt":1,"execution_mode":"live","outcome":"applied","reason_code":"lead_state_changed","duration_ms":1}
{"level":"info","time":"2026-09-18T22:46:15.948Z","service":"vantage-main-server","env":"development","msg":"granot_lifecycle.processing.completed","observability_level":"info","category":"mongo","workflow":"granot_lifecycle"}
{"level":"info","time":"2026-09-18T22:46:15.967Z","service":"vantage-main-server","env":"development","msg":"granot_lifecycle.processing.completed","receipt_id":"6aad…50e7","observation_id":"6aad…50e8","decision_id":"6aad…50e9","attempt":1,"execution_mode":"live","outcome":"applied","reason_code":"lead_state_changed","duration_ms":19}
{"level":"info","time":"2026-09-18T22:46:15.967Z","service":"vantage-main-server","env":"development","msg":"granot_lifecycle.processing.completed","observability_level":"info","category":"mongo","workflow":"granot_lifecycle"}
﹣ [AC-36] partial unique index allows one open fingerprint and a resolved history row (2.8935ms) # Replica proof requires testvantagemovers.
﹣ [AC-35][AC-36] No Action is exactly replayable and a revision race has one winner with zero Changes/Sheets (1.0108ms) # Replica proof requires testvantagemovers.
﹣ [AC-26][AC-36] re-evaluation leaves an unchanged current conflict open and exactly replays (0.4658ms) # Replica proof requires testvantagemovers.
﹣ [AC-23][AC-35] correction atomically preserves the old link and Lead scope with two Changes and zero official/Sheet effects (0.547ms) # Replica proof requires testvantagemovers.
﹣ [AC-23][AC-36] correction failure after Change writes rolls back link, discrepancy, Command, and Changes (0.5323ms) # Replica proof requires testvantagemovers.
{"level":"info","time":"2026-09-18T22:46:16.528Z","service":"vantage-main-server","env":"development","msg":"granot_lifecycle.booking_discrepancy.opened","observability_level":"info","category":"admin","workflow":"granot_discrepancy"}
▶ Granot discrepancy fingerprint
  ✔ [AC-35][AC-36] freezes versioned canonical non-PII identity (2.4385ms)
  ✔ [AC-26][AC-27][AC-35] includes every null identity key and excludes evidence/display data (1.4959ms)
✔ Granot discrepancy fingerprint (6.6652ms)
▶ Granot discrepancy persistence
  ✔ [AC-26][AC-36] opens, refreshes, and exactly deduplicates one fingerprint (8.7037ms)
✔ Granot discrepancy persistence (9.1646ms)
{"level":"info","time":"2026-09-18T22:46:16.530Z","service":"vantage-main-server","env":"development","msg":"granot_lifecycle.booking_discrepancy.refreshed","observability_level":"info","category":"admin","workflow":"granot_discrepancy"}
﹣ [AC-30] replica-set two claimants have one winner (9.5088ms) # Replica-set proof requires TEST_MODE=true before process start.
﹣ [AC-30] replica-set expired lease recovers and stale owner cannot finalize (0.7567ms) # Replica-set proof requires TEST_MODE=true before process start.
﹣ [AC-30] replica-set attempt 10 dead-letters with zero Decision (0.7613ms) # Replica-set proof requires TEST_MODE=true before process start.
﹣ [AC-37] replica-set concurrent requeue has one winner and one audit (0.7462ms) # Replica-set proof requires TEST_MODE=true before process start.
﹣ [AC-30] replica-set queue and cron due scan share the claim fence (0.789ms) # Replica-set proof requires TEST_MODE=true before process start.
{"level":"info","time":"2026-09-18T22:46:17.128Z","service":"vantage-main-server","env":"development","msg":"granot_lifecycle.claim.recovered","observability_level":"info","category":"mongo","workflow":"granot_lifecycle","entity_id":"6aadbf...a6e0"}
✔ claim predicate and update match Section 26 exactly (7.4232ms)
✔ [AC-30] foundation terminal processor outcomes complete and reset technical budget (8.8229ms)
✔ [AC-30] foundation pending_match increments match_attempt once and does not consume technical budget (3.7096ms)
✔ [AC-30] foundation pending_match at 24 hours completes and is not scheduled further (3.5302ms)
✔ [AC-30] foundation insufficient_creation_data completes and is never converted to pending match (1.7498ms)
✔ [AC-30] foundation unknown outcome fails closed as a technical contract error (2.9597ms)
✔ [AC-30] foundation dependency failure creates no Decision and schedules technical retry (2.7852ms)
✔ [AC-30] foundation consecutive technical failure 10 dead-letters with a safe error (3.2029ms)
✔ two claimants have one winner and an unexpired lease cannot be stolen (1.718ms)
✔ expired lease recovers and increments the recovery counter only after success (4.387ms)
✔ stale owner cannot renew or finalize (0.5904ms)
✔ processing disabled skips without claiming (0.5596ms)
✔ [AC-30] foundation historical shadow drain creates no forbidden aggregate effects (0.9103ms)
✔ synchronous loser polls at most five seconds and never starts a second processor (1.5956ms)
✔ synchronous completed work returns the stored processor result (0.8233ms)
✔ queue wakeup parser accepts only { receipt_id } (1.1747ms)
﹣ [AC-02] concurrent same operation ID + same hash yields one receipt (2.1103ms) # Replica-set proof is opt-in via GRANOT_LIFECYCLE_REPLICA_TESTS=true.
﹣ [AC-02] concurrent same operation ID + different hash has one winner and 409 (0.5565ms) # Replica-set proof is opt-in via GRANOT_LIFECYCLE_REPLICA_TESTS=true.
✔ [AC-33][AC-35] apply captures a browser_extension receipt then claim/process-or-poll (4.2424ms)
✔ [AC-02] replayed capture still returns the stored processor result (0.7224ms)
✔ [AC-02] accepted_for_processing keeps the same operation ID for refresh (1.8888ms)
✔ [AC-33] expected_target disagreement is a non-syncable conflict and never an override (0.6039ms)
✔ [AC-35] compatibility messages are fixed and never echo payload values (0.3495ms)
✔ [AC-32] temporal comparator treats a missing stored winner as newer (1.667ms)
✔ [AC-32] temporal comparator compares captured_at before Observation ObjectId (1.0828ms)
✔ [AC-32] equal captured_at uses lowercase 24-character Observation ObjectId hex (0.4298ms)
✔ [AC-32] exact same temporal tuple is same and never a second winner (0.3078ms)
✔ [AC-32] no source, channel, or Priority can be encoded in the temporal tuple (5.1149ms)
✔ [AC-39] Booking without a Lead returns Booking Lead Reconciliation delegation only (6.6762ms)
✔ [AC-04] module portion multiple current Bookings are an operational Job conflict (0.7956ms)
✔ [AC-07] module portion Record Link model mismatch is a hard conflict (1.053ms)
✔ missing Record Link Lead is a hard conflict and not a contact fallback (0.7859ms)
✔ [AC-07] module portion Call ladder never queries phone without Source Granularity (1.5152ms)
✔ Booking owner that differs from a contact candidate is conflict evidence, not reassignment (1.6825ms)
﹣ [AC-07] replica identity is read-only across lifecycle and aggregate collections (4.2033ms) # Replica-set proof requires TEST_MODE=true before process start.
﹣ [AC-13] replica cross-field Agent username contradiction returns no suggestion (0.7239ms) # Replica-set proof requires TEST_MODE=true before process start.
﹣ [AC-39] replica Booking without Lead delegates and writes no case (0.5171ms) # Replica-set proof requires TEST_MODE=true before process start.
﹣ replica active Record Link lookup is findOne and writes nothing (1.3627ms) # Replica-set proof requires TEST_MODE=true before process start.
﹣ [AC-04] replica Call Job query is granularity-scoped and read-only (0.9997ms) # Replica-set proof requires TEST_MODE=true before process start.
✔ [AC-09] identity portion missing or invalid route never queries a Lead (4.5714ms)
✔ [AC-29] identity portion deferred policy and provider type never enter a Lead ladder (2.2566ms)
✔ [AC-03] exact Form ref_no match verifies Source Scope and does not post (1.7728ms)
✔ [AC-03] valid 24-character ObjectId compatibility lookup remains a later rung (1.2746ms)
✔ [AC-03] blank or not-provided Form reference is never queried (1.2895ms)
✔ [AC-04] Form ref with conflicting Source Scope is a hard conflict and stops contact fallback (0.8819ms)
✔ [AC-04] Call Job outside resolved Source Granularity is never a global match (1.72ms)
✔ [AC-04] Record Link Source Scope conflict does not continue the Form ladder (1.0633ms)
✔ [AC-04] Booking owner with conflicting Source Scope is conflict evidence (0.8645ms)
✔ [AC-07] identity portion returns one deterministic Form target and never queries globally (1.2849ms)
✔ current and immutable Form contact values dedupe to one candidate (0.6372ms)
✔ job-only Record Link is evidence and the Form ladder continues (0.5069ms)
✔ usable Record Link with agreeing scope stops on granot_record_link (0.4653ms)
✔ Duplicate Form Lead is ineligible on exact identity (0.5277ms)
✔ Bad Form Lead is priority_only from strong exact identity and excluded from contact matching (0.6679ms)
✔ inbound letter prefix is the same Job as Granot digits (2.0557ms)
✔ conflicting nonempty Job Numbers are a hard conflict (0.7322ms)
✔ multiple eligible Form contact candidates are ambiguous (1.1999ms)
✔ Call Job rung is scoped and Duplicate Call Leads remain readable (0.9053ms)
✔ Call unique Job wins when Observation phone matches a different Lead (0.6569ms)
✔ Call with no Job on the Lead still binds by operational phone (0.571ms)
✔ two eligible Call Jobs are a conflict (0.7107ms)
✔ Call phone query omits granot_contact_snapshot (1.2954ms)
✔ Call current and ingested phones dedupe to one Lead (0.4573ms)
✔ [AC-08] multiple scoped Call phone candidates are a creation conflict (0.8127ms)
✔ [AC-13] identity portion equal usernames suggest one active Agent and never mutate (1.2226ms)
✔ [AC-13] identity portion differing user and rep block Agent suggestion (0.4048ms)
✔ [AC-13] more than one active Agent for one username returns no suggestion (1.714ms)
✔ Referral policy returns leadless context and performs no Lead search (0.5993ms)
✔ [AC-35] portion last_error strips payload, credentials, and contact text (4.3087ms)
✔ [AC-35] portion last_error keeps a bounded safe code and short message (1.1412ms)
✔ unknown error codes collapse to a bounded technical class (0.5369ms)
✔ [AC-10] WordPress submitted contact and Granot snapshot stay separately identifiable and masked (12.9656ms)
✔ [AC-05] all listed Priority forms canonicalize into desired state; only 1/5 enrich and set quoted true (11.4736ms)
✔ [AC-05] leading-zero canonical 5 enriches; no Priority plans quoted false (1.2842ms)
✔ [AC-06] malformed Priority Update is invalid and plans nothing (2.0277ms)
✔ [AC-06] malformed Priority on Lead Created/Booked/Release skips Priority and continues (1.1ms)
✔ [AC-07] matched Lead Created selects one target and never plans a second Lead (2.7349ms)
✔ [AC-08] create_if_missing with minimum data authorizes the gated creation command (1.3364ms)
✔ [AC-08] incomplete create_if_missing is exact insufficient_creation_data (0.6274ms)
✔ [AC-09] Local vs long-distance route result controls Form minimum-data eligibility (0.7408ms)
✔ [AC-10] WordPress primary contact and immutable snapshot never enter changed paths (25.8868ms)
✔ [AC-11] WordPress immutable move snapshot and Vantage move_size stay unchanged (0.8768ms)
✔ [AC-12] RingCentral Call qualified contact plans Granot Contact Snapshot only (0.9321ms)
✔ granot_lead_created Call later different Granot phone plans snapshot only (0.8378ms)
✔ Priority 8 Call Lead does not plan Granot Contact Snapshot (0.4593ms)
✔ [AC-13] empty receiver fills from one active Agent at a non-1/5 Priority (0.6567ms)
✔ [AC-13] Agent conflict or existing receiver never overwrites (5.9688ms)
✔ [AC-30] link_only pending match persists the next offset and becomes unmatched at 24h (0.7255ms)
✔ [AC-30] incomplete creation data is never scheduled as pending match (0.2368ms)
✔ [AC-32] no-op desired state creates no changed paths (0.8237ms)
✔ Call Lead snapshot formatting-only Granot contact does not remanufacture a change (0.57ms)
✔ WordPress snapshot formatting-only Granot contact does not remanufacture a change (0.7189ms)
✔ [AC-32] older temporal winner is stale and plans no desired-state effect (0.5243ms)
✔ Bad exact Form target plans only valid Priority; Duplicate has no target (2.0197ms)
✔ letter-prefixed Lead Job matches Granot digits and does not conflict (1.1236ms)
✔ equivalent formatting does not manufacture a Job Number change (0.4126ms)
✔ observation_only policy stays evidence-only (0.2993ms)
✔ Call create_if_missing + priority_updated + unmatched + Job is not eligible (0.4097ms)
✔ Call create_if_missing + lead_created stays eligible (0.3387ms)
✔ Form create_if_missing + lead_created stays eligible (0.303ms)
✔ Call link_only + priority_updated is not eligible (0.2913ms)
✔ Form create_if_missing + priority_updated is not eligible (0.2821ms)
✔ Call create_if_missing + booking_status_changed is not eligible (0.3022ms)
✔ invalid Call priority_updated never creates even with create_if_missing (0.2858ms)
✔ SSE snapshot then streams newer receipts and heartbeats before closing (3.9504ms)
✔ SSE reconnect with Last-Event-ID skips the snapshot and continues from the cursor (2.297ms)
✔ [AC-L4] late intake_link emits receipt_updated without advancing the capture cursor (1.9194ms)
✔ SSE does not emit receipt_updated for a brand-new receipt just sent as receipt (1.7604ms)
✔ extractLiveWebhookLead reads name, contact, job, and move fields from a Granot body (2.7767ms)
✔ projectLiveWebhookReceipt keeps webhook lead facts and strips credential keys (5.6358ms)
✔ projectLiveWebhookReceipt ignores extension receipts and unknown event classes (0.5469ms)
✔ live receipt event ids round-trip captured_at and receipt_id (2.4222ms)
✔ [AC-L1] lead_created and priority_updated keep observation_id but never a non-null intake_link (2.2316ms)
✔ [AC-L2] booking_status_changed links the unique booking case that holds the Observation (1.0441ms)
✔ [AC-L3] empty, unsupported, or discrepancy-only booking_status_changed never gets an intake_link (0.7739ms)
✔ [AC-L5] two receipts on the same job only link the Observation that is on the case (0.6259ms)
✔ duplicate booking cases for one Observation fail closed and record an operational event (0.8323ms)
✔ missing Observation yields null observation_id and intake_link (0.7192ms)
✔ [AC-35] portion Unit 08 metrics accept only bounded error-code labels (2.3407ms)
✔ [AC-31][AC-35] Section 33 metric names stay exact and receipt labels stay closed (2.2855ms)
✔ [AC-18][AC-19] Booking-case gauge is current cardinality, not an evidence counter (0.6383ms)
✔ [AC-05][AC-06] one receipt upserts one Observation and sequential reprocess reuses it (6.221ms)
✔ [AC-05] concurrent same-candidate inserts collapse to one stored row (1.1799ms)
✔ [AC-05] a differing candidate fails closed and does not overwrite stored evidence (2.0139ms)
✔ [AC-06] invalid and unsupported results persist as completed classifications (1.0818ms)
✔ [AC-05] technical insert failure creates no partial second row (0.7577ms)
✔ [AC-05][AC-29] upsertGranotObservation normalizes an already-read receipt without Registry or aggregate fields (3.1464ms)
✔ [AC-05][AC-06][AC-25][AC-29] every Unit 01 fixture produces the expected normalized facts (12.5483ms)
✔ [AC-05] Priority 0, 1, 5, 8, 05, all-zero, and 12-digit retain raw/canonical/valid without enrichment (0.8639ms)
✔ [AC-06] missing or malformed Priority invalidates Priority Update only (0.5376ms)
✔ [AC-25] exact Booked, Releas, and Release aliases normalize; Released and prefixes do not (0.4071ms)
✔ [AC-29] type=AUTO stays provider context and does not supply source classification (0.4871ms)
✔ [AC-05] webhook, extension, and automation parity fixtures share normalized business fields (0.9148ms)
✔ [AC-06] lead_created payload event type is accepted case-insensitively (0.3088ms)
✔ [AC-06] non-object payload and route/event conflicts persist as terminal invalid vocabulary (0.6616ms)
✔ [AC-06] unsupported Booking Action is not upgraded or downgraded by Priority (0.3875ms)
✔ [AC-05][AC-29] source, identity, contact, move, money, and agent rules cover NFKC, bounds, and invalid dates (42.1863ms)
✔ [AC-05] omitted service_type and unused cubic_rate do not change extracted webhook facts (0.5062ms)
✔ [AC-05] display money never becomes domain command input (0.3268ms)
✔ fixture inventory paths normalize Windows and POSIX separators identically (9.0596ms)
✔ [AC-03][AC-05][AC-06][AC-29] every committed fixture satisfies the strict contract (4.8745ms)
✔ [AC-03][AC-05][AC-06][AC-29] invalid fixture authority and metadata combinations are rejected (5.9379ms)
✔ [AC-03] identity fixtures preserve exact-reference priority and blank compatibility boundaries (0.731ms)
✔ [AC-05] valid Priority fixtures freeze raw and canonical values without false downgrade authority (0.7062ms)
✔ [AC-06] malformed Priority and exact Booking Action aliases retain independent behavior (0.5179ms)
✔ [AC-29] source labels remain separate from provider type and deferred effects (0.4716ms)
✔ [AC-05][AC-06] equivalent statements seed cross-channel normalization parity (0.6636ms)
✔ [AC-03][AC-05][AC-06][AC-29] scanner accepts all schema-validated fixture sources (1169.4233ms)
✔ [AC-03][AC-05][AC-06][AC-29] scanner rejects injected sensitive material with safe locations only (337.9309ms)
✔ [AC-03][AC-05][AC-06][AC-29] scanner rejects raw and prohibited fixture source paths (0.5235ms)
✔ [AC-03][AC-05][AC-06][AC-29] recursive inventory rejects alternate durable fixture sources (28.3933ms)
{"level":"info","time":"2026-09-18T22:46:25.620Z","service":"vantage-main-server","env":"development","msg":"granot_lifecycle.booking_case.opened","observability_level":"info","category":"admin","workflow":"granot_lifecycle"}
✔ [AC-35][AC-37] Unit 30 event catalog is frozen and aliases are one-way (5.2885ms)
✔ [AC-35] sanitizer drops payload, contact, credentials, and free-form reason text (0.9768ms)
✔ [AC-35] sanitizer masks identifiers case-insensitively and retains bounded conflict codes (0.5501ms)
✔ [AC-35] unknown catalog keys are dropped and emission never throws (3.6303ms)
✔ [AC-31][AC-37] apply/replay/conflict stay distinguishable and replay emits no resolve (2.548ms)
✔ [AC-35] owner command conflicts increment closed codes only (1.5957ms)
{"level":"info","time":"2026-09-18T22:46:25.623Z","service":"vantage-main-server","env":"development","msg":"granot_lifecycle.owner_command.applied","observability_level":"info","category":"admin","workflow":"granot_lifecycle"}
{"level":"info","time":"2026-09-18T22:46:25.623Z","service":"vantage-main-server","env":"development","msg":"granot_lifecycle.booking_case.resolved","observability_level":"info","category":"admin","workflow":"granot_lifecycle"}
{"level":"info","time":"2026-09-18T22:46:25.624Z","service":"vantage-main-server","env":"development","msg":"granot_lifecycle.owner_command.replayed","observability_level":"info","category":"admin","workflow":"granot_lifecycle"}
{"level":"warn","time":"2026-09-18T22:46:25.625Z","service":"vantage-main-server","env":"development","msg":"granot_lifecycle.owner_command.conflict","observability_level":"warn","category":"admin","workflow":"granot_lifecycle"}
{"level":"warn","time":"2026-09-18T22:46:25.625Z","service":"vantage-main-server","env":"development","msg":"granot_lifecycle.owner_command.conflict","observability_level":"warn","category":"admin","workflow":"granot_lifecycle"}
﹣ [AC-31][AC-35][AC-37][AC-38] replica health counts come from Mongo and do not mutate official facts (8.5883ms) # Replica-set proof requires TEST_MODE=true before process start.
{"level":"info","time":"2026-09-18T22:46:25.392Z","service":"vantage-main-server","env":"development","msg":"granot_lifecycle.activation.committed","activation_id":"6aadbf...b9c2","activated_at":"2026-08-17T16:00:00.000Z","processor_version":"granot-lifecycle-processor-v1","request_id":"req-activation-test"}
✔ [AC-31] foundation Owner activation is write-once and returns a safe projection (8.8716ms)
✔ [AC-31] foundation Admin without Owner cannot activate (0.6533ms)
✔ [AC-31] activation audit failure cannot roll back the committed activation (0.7582ms)
﹣ [AC-31] foundation replica-set concurrent activation has one winner (0.5486ms) # Replica-set proof is opt-in via GRANOT_LIFECYCLE_REPLICA_TESTS=true.
✔ [AC-37] Owner requeue moves dead_letter to pending without replacing evidence (1.7821ms)
✔ [AC-37] requeue audit failure cannot roll back the receipt transition (0.8833ms)
✔ [AC-37] requeue of completed or claimed work conflicts and creates no audit (1.3079ms)
✔ [AC-37] missing receipt returns GRANOT_RECEIPT_NOT_FOUND (0.7133ms)
✔ [AC-37] Admin without Owner cannot requeue (0.5208ms)
✔ [AC-35] portion activation projection omits reason and actor PII (0.5957ms)
{"level":"info","time":"2026-09-18T22:46:25.399Z","service":"vantage-main-server","env":"development","msg":"granot_lifecycle.activation.committed","activation_id":"6aadbf...b9c3","activated_at":"2026-08-17T16:00:00.000Z","processor_version":"granot-lifecycle-processor-v1","request_id":"req-activation-test"}
{"level":"info","time":"2026-09-18T22:46:25.402Z","service":"vantage-main-server","env":"development","msg":"granot_lifecycle.manual_requeue.committed","receipt_id":"6aadbf...b9c4","prior_state":"dead_letter","new_state":"pending","manual_requeue_count":1,"request_id":"req-activation-test"}
{"level":"info","time":"2026-09-18T22:46:25.403Z","service":"vantage-main-server","env":"development","msg":"granot_lifecycle.manual_requeue.committed","receipt_id":"6aadbf...b9c6","prior_state":"dead_letter","new_state":"pending","manual_requeue_count":1,"request_id":"req-activation-test"}
﹣ [AC-32] replica temporal CAS one winner advances metadata without revision/Change/outbox (2.6317ms) # Replica-set proof requires TEST_MODE=true before process start.
﹣ [AC-32] replica concurrent temporal loser re-evaluates stale and does not persist already_current (0.9851ms) # Replica-set proof requires TEST_MODE=true before process start.
{"level":"info","time":"2026-09-18T22:46:28.428Z","service":"vantage-main-server","env":"development","msg":"granot_lifecycle.processing.completed","receipt_id":"6aad…96f7","observation_id":"6aad…96f6","decision_id":"6aad…96fb","attempt":1,"execution_mode":"live","outcome":"pending_match","reason_code":"pending_source_scoped_match","duration_ms":11}
✔ [AC-18] processor does not invoke Booking reconciliation for Priority 5 (20.5894ms)
✔ [AC-18] Priority 5 with booking cases enabled still applies lead desired-state (9.4164ms)
✔ [AC-18][AC-19] processor invokes Booking reconciliation only in live gate-enabled posture (11.2592ms)
✔ [AC-25][AC-26][AC-27][AC-P5] processor invokes Booking reconciliation for live gate-enabled Release evidence (6.478ms)
✔ [AC-26][AC-27][AC-36][AC-R6] processor persists Release identity conflict through the discrepancy module (3.2155ms)
✔ [AC-R4] officially cancelled Booking + Release is already_current via Booking reconciliation (3.8106ms)
✔ Release booking-case early-return does not invoke synchronizeLeadFromGranot (3.8253ms)
✔ [AC-02] portion identical webhook evidence in two receipts creates two Decisions (3.2015ms)
✔ [AC-02] portion same observation/attempt replay returns one Decision (2.0322ms)
✔ [AC-02] portion a differing stored Decision is an integrity failure (1.8536ms)
✔ [AC-31] foundation pre-activation receipts stay historical and create no live effects (1.3314ms)
✔ [AC-31] foundation live-shadow Decisions are not promoted and mutate no Record Link (1.3327ms)
✔ [AC-32] portion historical establishment, confirmation, and conflict keep one active link (3.7664ms)
✔ [AC-32] portion invalid, unsupported, and unclassified paths create no link or forbidden effects (3.7368ms)
✔ processing disabled refuses unless a test supplies config (1.0505ms)
✔ [AC-31] foundation live configuration with no match stays pending and mutates no Lead (1.3338ms)
﹣ [AC-32] portion replica-set Decision+link persist atomically and unique job races keep one active link (0.7261ms) # Replica-set proof requires TEST_MODE=true before process start.
✔ [AC-07] shadow matched Lead Created records one target and never claims a second Lead (1.6674ms)
✔ [AC-08] foundation eligible create_if_missing stays suppressed with no reservation (1.6402ms)
✔ [AC-30] processor emits terminal unmatched at 24 hours (1.1765ms)
✔ [AC-06] malformed Priority on Lead Created continues independent identity work (1.9607ms)
✔ [AC-32] shadow no-op already_current writes no Change, Sheet, or Record Link (1.4388ms)
✔ [AC-32] live test posture advances metadata-only winner and does not emit Change (1.5128ms)
✔ [AC-32] CAS loser re-evaluates as stale and never persists already_current (2.0214ms)
✔ gate snapshot uses real policy facts in stable eight-name order (1.1023ms)
✔ [AC-35] portion Decision metrics use only bounded enum labels (1.0297ms)
✔ [AC-05][AC-07] live authorized matched write invokes synchronizeLeadFromGranot once (1.941ms)
✔ [AC-32] live applied Decision replays without a second command after the Lead is current (1.0435ms)
✔ [AC-32] lost live command race replans as stale and never persists applied (3.1364ms)
✔ [AC-32] already_current exact link does not invoke the command (1.6317ms)
✔ [AC-32] stale classification does not invoke the command (1.4831ms)
✔ [AC-32] inactive Source Company is policy_blocked and never invokes the command (1.4902ms)
✔ [AC-07] live already_current with no active link still invokes association (1.4272ms)
✔ [AC-08] live eligible no-match invokes createLeadFromGranot once with the exact no-patch command (3.1498ms)
✔ [AC-08] live authorized Job-only Call invokes creation and multiple candidates block it (2.4014ms)
✔ RingCentral-origin Call Lead plus later Granot Call observation synchronizes and does not create (3.0541ms)
✔ fence identity race replans Call create_if_missing onto the RingCentral Call Lead (2.4743ms)
✔ Call Job versus phone pointing at two Leads is job_number_conflict and never creates (1.3473ms)
✔ [AC-07] live matched Lead Created never invokes createLeadFromGranot (1.7164ms)
✔ [AC-07] identity race winner replans through Unit 18 and never retries blind creation (3.4089ms)
✔ [AC-07] lead-less active link reservation replans as record-link conflict (2.1306ms)
✔ [AC-07] unrelated duplicate-key failures remain technical errors (1.2642ms)
✔ [AC-08] disabled, shadow, incomplete, and route-failure paths create no command (3.8117ms)
✔ [AC-09] live Form same states select Local; differing states select long-distance; invalid ZIP/state create no command (3.9876ms)
✔ pending_match records granot.pending_match with parent_receipt_id (1.4108ms)
✔ unmatched records granot.unmatched and created is not minted by the processor (1.8824ms)
✔ same observation/attempt replay does not increment Daily Operations again (2.2227ms)
{"level":"info","time":"2026-09-18T22:46:28.431Z","service":"vantage-main-server","env":"development","msg":"granot_lifecycle.processing.completed","observability_level":"info","category":"mongo","workflow":"granot_lifecycle"}
{"level":"info","time":"2026-09-18T22:46:28.444Z","service":"vantage-main-server","env":"development","msg":"granot_lifecycle.processing.completed","receipt_id":"6aad…96fd","observation_id":"6aad…96fc","decision_id":"6aad…9702","attempt":1,"execution_mode":"live","outcome":"applied","reason_code":"lead_state_changed","duration_ms":8}
{"level":"info","time":"2026-09-18T22:46:28.444Z","service":"vantage-main-server","env":"development","msg":"granot_lifecycle.processing.completed","observability_level":"info","category":"mongo","workflow":"granot_lifecycle"}
{"level":"info","time":"2026-09-18T22:46:28.451Z","service":"vantage-main-server","env":"development","msg":"granot_lifecycle.processing.completed","receipt_id":"6aad…9705","observation_id":"6aad…9704","decision_id":"6aad…9709","attempt":1,"execution_mode":"live","outcome":"linked","reason_code":"booking_case_opened","duration_ms":3}
{"level":"info","time":"2026-09-18T22:46:28.451Z","service":"vantage-main-server","env":"development","msg":"granot_lifecycle.processing.completed","observability_level":"info","category":"mongo","workflow":"granot_lifecycle"}
{"level":"info","time":"2026-09-18T22:46:28.453Z","service":"vantage-main-server","env":"development","msg":"granot_lifecycle.processing.completed","receipt_id":"6aad…9705","observation_id":"6aad…9704","decision_id":"6aad…970e","attempt":1,"execution_mode":"live","outcome":"pending_match","reason_code":"pending_source_scoped_match","duration_ms":1}
{"level":"info","time":"2026-09-18T22:46:28.455Z","service":"vantage-main-server","env":"development","msg":"granot_lifecycle.processing.completed","observability_level":"info","category":"mongo","workflow":"granot_lifecycle"}
{"level":"info","time":"2026-09-18T22:46:28.460Z","service":"vantage-main-server","env":"development","msg":"granot_lifecycle.processing.completed","receipt_id":"6aad…9710","observation_id":"6aad…970f","decision_id":"6aad…9714","attempt":1,"execution_mode":"live","outcome":"linked","reason_code":"booking_case_opened","duration_ms":4}
{"level":"info","time":"2026-09-18T22:46:28.460Z","service":"vantage-main-server","env":"development","msg":"granot_lifecycle.processing.completed","observability_level":"info","category":"mongo","workflow":"granot_lifecycle"}
{"level":"info","time":"2026-09-18T22:46:28.462Z","service":"vantage-main-server","env":"development","msg":"granot_lifecycle.processing.completed","receipt_id":"6aad…9710","observation_id":"6aad…970f","decision_id":"6aad…9719","attempt":1,"execution_mode":"live","outcome":"pending_match","reason_code":"pending_source_scoped_match","duration_ms":1}
{"level":"info","time":"2026-09-18T22:46:28.462Z","service":"vantage-main-server","env":"development","msg":"granot_lifecycle.processing.completed","observability_level":"info","category":"mongo","workflow":"granot_lifecycle"}
{"level":"info","time":"2026-09-18T22:46:28.465Z","service":"vantage-main-server","env":"development","msg":"granot_lifecycle.processing.completed","receipt_id":"6aad…971b","observation_id":"6aad…971a","decision_id":"6aad…971f","attempt":1,"execution_mode":"live","outcome":"conflict","reason_code":"release_discrepancy_opened","duration_ms":2}
{"level":"info","time":"2026-09-18T22:46:28.465Z","service":"vantage-main-server","env":"development","msg":"granot_lifecycle.processing.completed","observability_level":"info","category":"mongo","workflow":"granot_lifecycle"}
{"level":"info","time":"2026-09-18T22:46:28.467Z","service":"vantage-main-server","env":"development","msg":"granot_lifecycle.processing.completed","receipt_id":"6aad…9722","observation_id":"6aad…9721","decision_id":"6aad…9727","attempt":1,"execution_mode":"live","outcome":"already_current","reason_code":"booking_already_cancelled","duration_ms":1}
{"level":"info","time":"2026-09-18T22:46:28.467Z","service":"vantage-main-server","env":"development","msg":"granot_lifecycle.processing.completed","observability_level":"info","category":"mongo","workflow":"granot_lifecycle"}
{"level":"info","time":"2026-09-18T22:46:28.471Z","service":"vantage-main-server","env":"development","msg":"granot_lifecycle.processing.completed","receipt_id":"6aad…9729","observation_id":"6aad…9728","decision_id":"6aad…972e","attempt":1,"execution_mode":"live","outcome":"linked","reason_code":"booking_case_opened","duration_ms":1}
{"level":"info","time":"2026-09-18T22:46:28.472Z","service":"vantage-main-server","env":"development","msg":"granot_lifecycle.processing.completed","observability_level":"info","category":"mongo","workflow":"granot_lifecycle"}
{"level":"info","time":"2026-09-18T22:46:28.473Z","service":"vantage-main-server","env":"development","msg":"granot_lifecycle.processing.completed","receipt_id":"6aad…9729","observation_id":"6aad…9728","decision_id":"6aad…9733","attempt":1,"execution_mode":"live","outcome":"linked","reason_code":"booking_case_refreshed","duration_ms":1}
{"level":"info","time":"2026-09-18T22:46:28.473Z","service":"vantage-main-server","env":"development","msg":"granot_lifecycle.processing.completed","observability_level":"info","category":"mongo","workflow":"granot_lifecycle"}
{"level":"info","time":"2026-09-18T22:46:28.476Z","service":"vantage-main-server","env":"development","msg":"granot_lifecycle.processing.completed","receipt_id":"6aad…9736","observation_id":"6aad…9735","decision_id":"6aad…9740","attempt":1,"execution_mode":"historical_shadow","outcome":"linked","reason_code":"record_link_established","duration_ms":1}
{"level":"info","time":"2026-09-18T22:46:28.476Z","service":"vantage-main-server","env":"development","msg":"granot_lifecycle.processing.completed","observability_level":"info","category":"mongo","workflow":"granot_lifecycle"}
{"level":"info","time":"2026-09-18T22:46:28.477Z","service":"vantage-main-server","env":"development","msg":"granot_lifecycle.processing.completed","receipt_id":"6aad…9737","observation_id":"6aad…9738","decision_id":"6aad…9742","attempt":1,"execution_mode":"historical_shadow","outcome":"linked","reason_code":"record_link_established","duration_ms":0}
{"level":"info","time":"2026-09-18T22:46:28.477Z","service":"vantage-main-server","env":"development","msg":"granot_lifecycle.processing.completed","observability_level":"info","category":"mongo","workflow":"granot_lifecycle"}
{"level":"info","time":"2026-09-18T22:46:28.478Z","service":"vantage-main-server","env":"development","msg":"granot_lifecycle.processing.completed","receipt_id":"6aad…9745","observation_id":"6aad…9744","decision_id":"6aad…9749","attempt":1,"execution_mode":"historical_shadow","outcome":"linked","reason_code":"record_link_established","duration_ms":1}
{"level":"info","time":"2026-09-18T22:46:28.478Z","service":"vantage-main-server","env":"development","msg":"granot_lifecycle.processing.completed","observability_level":"info","category":"mongo","workflow":"granot_lifecycle"}
{"level":"info","time":"2026-09-18T22:46:28.482Z","service":"vantage-main-server","env":"development","msg":"granot_lifecycle.processing.completed","receipt_id":"6aad…9755","observation_id":"6aad…9754","decision_id":"6aad…9759","attempt":1,"execution_mode":"historical_shadow","outcome":"linked","reason_code":"record_link_established","duration_ms":0}
{"level":"info","time":"2026-09-18T22:46:28.482Z","service":"vantage-main-server","env":"development","msg":"granot_lifecycle.processing.completed","observability_level":"info","category":"mongo","workflow":"granot_lifecycle"}
{"level":"info","time":"2026-09-18T22:46:28.483Z","service":"vantage-main-server","env":"development","msg":"granot_lifecycle.processing.completed","receipt_id":"6aad…975c","observation_id":"6aad…975b","decision_id":"6aad…9760","attempt":1,"execution_mode":"live_shadow","outcome":"pending_match","reason_code":"pending_source_scoped_match","duration_ms":0}
{"level":"info","time":"2026-09-18T22:46:28.484Z","service":"vantage-main-server","env":"development","msg":"granot_lifecycle.processing.completed","observability_level":"info","category":"mongo","workflow":"granot_lifecycle"}
{"level":"info","time":"2026-09-18T22:46:28.485Z","service":"vantage-main-server","env":"development","msg":"granot_lifecycle.processing.completed","receipt_id":"6aad…9765","observation_id":"6aad…9764","decision_id":"6aad…9766","attempt":1,"execution_mode":"historical_shadow","outcome":"linked","reason_code":"record_link_established","duration_ms":1}
{"level":"info","time":"2026-09-18T22:46:28.485Z","service":"vantage-main-server","env":"development","msg":"granot_lifecycle.processing.completed","observability_level":"info","category":"mongo","workflow":"granot_lifecycle"}
{"level":"info","time":"2026-09-18T22:46:28.486Z","service":"vantage-main-server","env":"development","msg":"granot_lifecycle.processing.completed","receipt_id":"6aad…9768","observation_id":"6aad…9769","decision_id":"6aad…976b","attempt":1,"execution_mode":"historical_shadow","outcome":"linked","reason_code":"record_link_confirmed","duration_ms":1}
{"level":"info","time":"2026-09-18T22:46:28.486Z","service":"vantage-main-server","env":"development","msg":"granot_lifecycle.processing.completed","observability_level":"info","category":"mongo","workflow":"granot_lifecycle"}
{"level":"info","time":"2026-09-18T22:46:28.487Z","service":"vantage-main-server","env":"development","msg":"granot_lifecycle.processing.completed","receipt_id":"6aad…976e","observation_id":"6aad…976f","decision_id":"6aad…9772","attempt":1,"execution_mode":"historical_shadow","outcome":"conflict","reason_code":"record_link_conflict","duration_ms":0}
{"level":"info","time":"2026-09-18T22:46:28.487Z","service":"vantage-main-server","env":"development","msg":"granot_lifecycle.processing.completed","observability_level":"info","category":"mongo","workflow":"granot_lifecycle"}
{"level":"info","time":"2026-09-18T22:46:28.489Z","service":"vantage-main-server","env":"development","msg":"granot_lifecycle.processing.completed","receipt_id":"6aad…9774","observation_id":"6aad…9773","decision_id":"6aad…9779","attempt":1,"execution_mode":"historical_shadow","outcome":"invalid","reason_code":"invalid_priority_update","duration_ms":1}
{"level":"info","time":"2026-09-18T22:46:28.489Z","service":"vantage-main-server","env":"development","msg":"granot_lifecycle.processing.completed","observability_level":"info","category":"mongo","workflow":"granot_lifecycle"}
{"level":"info","time":"2026-09-18T22:46:28.490Z","service":"vantage-main-server","env":"development","msg":"granot_lifecycle.processing.completed","receipt_id":"6aad…977b","observation_id":"6aad…977a","decision_id":"6aad…9780","attempt":1,"execution_mode":"historical_shadow","outcome":"unsupported","reason_code":"unsupported_booking_action","duration_ms":0}
{"level":"info","time":"2026-09-18T22:46:28.490Z","service":"vantage-main-server","env":"development","msg":"granot_lifecycle.processing.completed","observability_level":"info","category":"mongo","workflow":"granot_lifecycle"}
{"level":"info","time":"2026-09-18T22:46:28.491Z","service":"vantage-main-server","env":"development","msg":"granot_lifecycle.processing.completed","receipt_id":"6aad…9782","observation_id":"6aad…9781","decision_id":"6aad…9784","attempt":1,"execution_mode":"historical_shadow","outcome":"policy_blocked","reason_code":"source_unclassified","duration_ms":1}
{"level":"info","time":"2026-09-18T22:46:28.491Z","service":"vantage-main-server","env":"development","msg":"granot_lifecycle.processing.completed","observability_level":"info","category":"mongo","workflow":"granot_lifecycle"}
{"level":"info","time":"2026-09-18T22:46:28.494Z","service":"vantage-main-server","env":"development","msg":"granot_lifecycle.processing.completed","receipt_id":"6aad…978c","observation_id":"6aad…978b","decision_id":"6aad…9790","attempt":1,"execution_mode":"live","outcome":"pending_match","reason_code":"pending_source_scoped_match","duration_ms":1}
{"level":"info","time":"2026-09-18T22:46:28.494Z","service":"vantage-main-server","env":"development","msg":"granot_lifecycle.processing.completed","observability_level":"info","category":"mongo","workflow":"granot_lifecycle"}
{"level":"info","time":"2026-09-18T22:46:28.496Z","service":"vantage-main-server","env":"development","msg":"granot_lifecycle.processing.completed","receipt_id":"6aad…9792","observation_id":"6aad…9791","decision_id":"6aad…9797","attempt":1,"execution_mode":"live_shadow","outcome":"policy_blocked","reason_code":"shadow_effect_suppressed","duration_ms":0}
{"level":"info","time":"2026-09-18T22:46:28.496Z","service":"vantage-main-server","env":"development","msg":"granot_lifecycle.processing.completed","observability_level":"info","category":"mongo","workflow":"granot_lifecycle"}
{"level":"info","time":"2026-09-18T22:46:28.498Z","service":"vantage-main-server","env":"development","msg":"granot_lifecycle.processing.completed","receipt_id":"6aad…9799","observation_id":"6aad…9798","decision_id":"6aad…979d","attempt":1,"execution_mode":"live_shadow","outcome":"policy_blocked","reason_code":"shadow_effect_suppressed","duration_ms":1}
{"level":"info","time":"2026-09-18T22:46:28.498Z","service":"vantage-main-server","env":"development","msg":"granot_lifecycle.processing.completed","observability_level":"info","category":"mongo","workflow":"granot_lifecycle"}
{"level":"info","time":"2026-09-18T22:46:28.499Z","service":"vantage-main-server","env":"development","msg":"granot_lifecycle.processing.completed","receipt_id":"6aad…979f","observation_id":"6aad…979e","decision_id":"6aad…97a3","attempt":9,"execution_mode":"live_shadow","outcome":"unmatched","reason_code":"match_window_expired","duration_ms":0}
{"level":"info","time":"2026-09-18T22:46:28.499Z","service":"vantage-main-server","env":"development","msg":"granot_lifecycle.processing.completed","observability_level":"info","category":"mongo","workflow":"granot_lifecycle"}
{"level":"info","time":"2026-09-18T22:46:28.501Z","service":"vantage-main-server","env":"development","msg":"granot_lifecycle.processing.completed","receipt_id":"6aad…97a5","observation_id":"6aad…97a4","decision_id":"6aad…97aa","attempt":1,"execution_mode":"live_shadow","outcome":"policy_blocked","reason_code":"shadow_effect_suppressed","duration_ms":1}
{"level":"info","time":"2026-09-18T22:46:28.501Z","service":"vantage-main-server","env":"development","msg":"granot_lifecycle.processing.completed","observability_level":"info","category":"mongo","workflow":"granot_lifecycle"}
{"level":"info","time":"2026-09-18T22:46:28.503Z","service":"vantage-main-server","env":"development","msg":"granot_lifecycle.processing.completed","receipt_id":"6aad…97ac","observation_id":"6aad…97ab","decision_id":"6aad…97b1","attempt":1,"execution_mode":"live_shadow","outcome":"already_current","reason_code":"desired_state_already_current","duration_ms":1}
{"level":"info","time":"2026-09-18T22:46:28.503Z","service":"vantage-main-server","env":"development","msg":"granot_lifecycle.processing.completed","observability_level":"info","category":"mongo","workflow":"granot_lifecycle"}
{"level":"info","time":"2026-09-18T22:46:28.505Z","service":"vantage-main-server","env":"development","msg":"granot_lifecycle.processing.completed","receipt_id":"6aad…97b3","observation_id":"6aad…97b2","decision_id":"6aad…97bc","attempt":1,"execution_mode":"live","outcome":"already_current","reason_code":"desired_state_already_current","duration_ms":1}
{"level":"info","time":"2026-09-18T22:46:28.505Z","service":"vantage-main-server","env":"development","msg":"granot_lifecycle.processing.completed","observability_level":"info","category":"mongo","workflow":"granot_lifecycle"}
{"level":"info","time":"2026-09-18T22:46:28.507Z","service":"vantage-main-server","env":"development","msg":"granot_lifecycle.processing.completed","receipt_id":"6aad…97be","observation_id":"6aad…97bd","decision_id":"6aad…97c9","attempt":1,"execution_mode":"live","outcome":"stale","reason_code":"older_than_temporal_winner","duration_ms":2}
{"level":"info","time":"2026-09-18T22:46:28.507Z","service":"vantage-main-server","env":"development","msg":"granot_lifecycle.processing.completed","observability_level":"info","category":"mongo","workflow":"granot_lifecycle"}
{"level":"info","time":"2026-09-18T22:46:28.508Z","service":"vantage-main-server","env":"development","msg":"granot_lifecycle.processing.completed","receipt_id":"6aad…97cb","observation_id":"6aad…97ca","decision_id":"6aad…97cf","attempt":1,"execution_mode":"historical_shadow","outcome":"linked","reason_code":"record_link_established","duration_ms":1}
{"level":"info","time":"2026-09-18T22:46:28.508Z","service":"vantage-main-server","env":"development","msg":"granot_lifecycle.processing.completed","observability_level":"info","category":"mongo","workflow":"granot_lifecycle"}
{"level":"info","time":"2026-09-18T22:46:28.509Z","service":"vantage-main-server","env":"development","msg":"granot_lifecycle.processing.completed","receipt_id":"6aad…97d2","observation_id":"6aad…97d1","decision_id":"6aad…97d6","attempt":1,"execution_mode":"historical_shadow","outcome":"linked","reason_code":"record_link_established","duration_ms":0}
{"level":"info","time":"2026-09-18T22:46:28.509Z","service":"vantage-main-server","env":"development","msg":"granot_lifecycle.processing.completed","observability_level":"info","category":"mongo","workflow":"granot_lifecycle"}
{"level":"info","time":"2026-09-18T22:46:28.511Z","service":"vantage-main-server","env":"development","msg":"granot_lifecycle.processing.completed","receipt_id":"6aad…97d9","observation_id":"6aad…97d8","decision_id":"6aad…97de","attempt":1,"execution_mode":"live","outcome":"applied","reason_code":"lead_state_changed","duration_ms":1}
{"level":"info","time":"2026-09-18T22:46:28.511Z","service":"vantage-main-server","env":"development","msg":"granot_lifecycle.processing.completed","observability_level":"info","category":"mongo","workflow":"granot_lifecycle"}
{"level":"info","time":"2026-09-18T22:46:28.515Z","service":"vantage-main-server","env":"development","msg":"granot_lifecycle.processing.completed","receipt_id":"6aad…97eb","observation_id":"6aad…97ea","decision_id":"6aad…97f8","attempt":1,"execution_mode":"live","outcome":"stale","reason_code":"older_than_temporal_winner","duration_ms":2}
{"level":"info","time":"2026-09-18T22:46:28.515Z","service":"vantage-main-server","env":"development","msg":"granot_lifecycle.processing.completed","observability_level":"info","category":"mongo","workflow":"granot_lifecycle"}
{"level":"info","time":"2026-09-18T22:46:28.517Z","service":"vantage-main-server","env":"development","msg":"granot_lifecycle.processing.completed","receipt_id":"6aad…97fa","observation_id":"6aad…97f9","decision_id":"6aad…9803","attempt":1,"execution_mode":"live","outcome":"already_current","reason_code":"desired_state_already_current","duration_ms":1}
{"level":"info","time":"2026-09-18T22:46:28.517Z","service":"vantage-main-server","env":"development","msg":"granot_lifecycle.processing.completed","observability_level":"info","category":"mongo","workflow":"granot_lifecycle"}
{"level":"info","time":"2026-09-18T22:46:28.519Z","service":"vantage-main-server","env":"development","msg":"granot_lifecycle.processing.completed","receipt_id":"6aad…9805","observation_id":"6aad…9804","decision_id":"6aad…980e","attempt":1,"execution_mode":"live","outcome":"stale","reason_code":"older_than_temporal_winner","duration_ms":0}
{"level":"info","time":"2026-09-18T22:46:28.519Z","service":"vantage-main-server","env":"development","msg":"granot_lifecycle.processing.completed","observability_level":"info","category":"mongo","workflow":"granot_lifecycle"}
{"level":"info","time":"2026-09-18T22:46:28.520Z","service":"vantage-main-server","env":"development","msg":"granot_lifecycle.processing.completed","receipt_id":"6aad…9810","observation_id":"6aad…980f","decision_id":"6aad…9815","attempt":1,"execution_mode":"live","outcome":"policy_blocked","reason_code":"target_source_company_inactive","duration_ms":0}
{"level":"info","time":"2026-09-18T22:46:28.520Z","service":"vantage-main-server","env":"development","msg":"granot_lifecycle.processing.completed","observability_level":"info","category":"mongo","workflow":"granot_lifecycle"}
{"level":"info","time":"2026-09-18T22:46:28.522Z","service":"vantage-main-server","env":"development","msg":"granot_lifecycle.processing.completed","receipt_id":"6aad…9817","observation_id":"6aad…9816","decision_id":"6aad…981c","attempt":1,"execution_mode":"live","outcome":"linked","reason_code":"record_link_established","duration_ms":1}
{"level":"info","time":"2026-09-18T22:46:28.522Z","service":"vantage-main-server","env":"development","msg":"granot_lifecycle.processing.completed","observability_level":"info","category":"mongo","workflow":"granot_lifecycle"}
{"level":"info","time":"2026-09-18T22:46:28.524Z","service":"vantage-main-server","env":"development","msg":"granot_lifecycle.processing.completed","receipt_id":"6aad…981f","observation_id":"6aad…981e","decision_id":"6aad…9824","attempt":1,"execution_mode":"live","outcome":"created","reason_code":"lead_created_authorized","duration_ms":1}
{"level":"info","time":"2026-09-18T22:46:28.525Z","service":"vantage-main-server","env":"development","msg":"granot_lifecycle.processing.completed","observability_level":"info","category":"mongo","workflow":"granot_lifecycle"}
{"level":"info","time":"2026-09-18T22:46:28.527Z","service":"vantage-main-server","env":"development","msg":"granot_lifecycle.processing.completed","receipt_id":"6aad…9829","observation_id":"6aad…9828","decision_id":"6aad…982d","attempt":1,"execution_mode":"live","outcome":"created","reason_code":"lead_created_authorized","duration_ms":1}
{"level":"info","time":"2026-09-18T22:46:28.527Z","service":"vantage-main-server","env":"development","msg":"granot_lifecycle.processing.completed","observability_level":"info","category":"mongo","workflow":"granot_lifecycle"}
{"level":"info","time":"2026-09-18T22:46:28.527Z","service":"vantage-main-server","env":"development","msg":"granot_lifecycle.processing.completed","receipt_id":"6aad…9829","observation_id":"6aad…9828","decision_id":"6aad…9836","attempt":1,"execution_mode":"live","outcome":"conflict","reason_code":"multiple_eligible_matches","duration_ms":0}
{"level":"info","time":"2026-09-18T22:46:28.527Z","service":"vantage-main-server","env":"development","msg":"granot_lifecycle.processing.completed","observability_level":"info","category":"mongo","workflow":"granot_lifecycle"}
{"level":"info","time":"2026-09-18T22:46:28.529Z","service":"vantage-main-server","env":"development","msg":"granot_lifecycle.processing.completed","receipt_id":"6aad…9839","observation_id":"6aad…9838","decision_id":"6aad…983d","attempt":1,"execution_mode":"live","outcome":"applied","reason_code":"lead_state_changed","duration_ms":1}
{"level":"info","time":"2026-09-18T22:46:28.530Z","service":"vantage-main-server","env":"development","msg":"granot_lifecycle.processing.completed","observability_level":"info","category":"mongo","workflow":"granot_lifecycle"}
{"level":"info","time":"2026-09-18T22:46:28.530Z","service":"vantage-main-server","env":"development","msg":"granot_lifecycle.processing.completed","receipt_id":"6aad…9840","observation_id":"6aad…983f","decision_id":"6aad…9844","attempt":1,"execution_mode":"live","outcome":"applied","reason_code":"lead_state_changed","duration_ms":0}
{"level":"info","time":"2026-09-18T22:46:28.531Z","service":"vantage-main-server","env":"development","msg":"granot_lifecycle.processing.completed","observability_level":"info","category":"mongo","workflow":"granot_lifecycle"}
{"level":"info","time":"2026-09-18T22:46:28.533Z","service":"vantage-main-server","env":"development","msg":"granot_lifecycle.processing.completed","receipt_id":"6aad…9847","observation_id":"6aad…9846","decision_id":"6aad…984e","attempt":1,"execution_mode":"live","outcome":"applied","reason_code":"lead_state_changed","duration_ms":2}
{"level":"info","time":"2026-09-18T22:46:28.533Z","service":"vantage-main-server","env":"development","msg":"granot_lifecycle.processing.completed","observability_level":"info","category":"mongo","workflow":"granot_lifecycle"}
{"level":"info","time":"2026-09-18T22:46:28.534Z","service":"vantage-main-server","env":"development","msg":"granot_lifecycle.processing.completed","receipt_id":"6aad…9851","observation_id":"6aad…9850","decision_id":"6aad…9857","attempt":1,"execution_mode":"live","outcome":"conflict","reason_code":"job_number_conflict","duration_ms":0}
{"level":"info","time":"2026-09-18T22:46:28.534Z","service":"vantage-main-server","env":"development","msg":"granot_lifecycle.processing.completed","observability_level":"info","category":"mongo","workflow":"granot_lifecycle"}
{"level":"info","time":"2026-09-18T22:46:28.536Z","service":"vantage-main-server","env":"development","msg":"granot_lifecycle.processing.completed","receipt_id":"6aad…9859","observation_id":"6aad…9858","decision_id":"6aad…985f","attempt":1,"execution_mode":"live","outcome":"applied","reason_code":"lead_state_changed","duration_ms":1}
{"level":"info","time":"2026-09-18T22:46:28.536Z","service":"vantage-main-server","env":"development","msg":"granot_lifecycle.processing.completed","observability_level":"info","category":"mongo","workflow":"granot_lifecycle"}
{"level":"info","time":"2026-09-18T22:46:28.540Z","service":"vantage-main-server","env":"development","msg":"granot_lifecycle.processing.completed","receipt_id":"6aad…9862","observation_id":"6aad…9861","decision_id":"6aad…986a","attempt":1,"execution_mode":"live","outcome":"applied","reason_code":"lead_state_changed","duration_ms":3}
{"level":"info","time":"2026-09-18T22:46:28.540Z","service":"vantage-main-server","env":"development","msg":"granot_lifecycle.processing.completed","observability_level":"info","category":"mongo","workflow":"granot_lifecycle"}
{"level":"info","time":"2026-09-18T22:46:28.542Z","service":"vantage-main-server","env":"development","msg":"granot_lifecycle.processing.completed","receipt_id":"6aad…986d","observation_id":"6aad…986c","decision_id":"6aad…9874","attempt":1,"execution_mode":"live","outcome":"conflict","reason_code":"record_link_conflict","duration_ms":1}
{"level":"info","time":"2026-09-18T22:46:28.542Z","service":"vantage-main-server","env":"development","msg":"granot_lifecycle.processing.completed","observability_level":"info","category":"mongo","workflow":"granot_lifecycle"}
{"level":"info","time":"2026-09-18T22:46:28.545Z","service":"vantage-main-server","env":"development","msg":"granot_lifecycle.processing.completed","receipt_id":"6aad…987e","observation_id":"6aad…987d","decision_id":"6aad…9883","attempt":1,"execution_mode":"live","outcome":"policy_blocked","reason_code":"global_effect_disabled","duration_ms":1}
{"level":"info","time":"2026-09-18T22:46:28.545Z","service":"vantage-main-server","env":"development","msg":"granot_lifecycle.processing.completed","observability_level":"info","category":"mongo","workflow":"granot_lifecycle"}
{"level":"info","time":"2026-09-18T22:46:28.546Z","service":"vantage-main-server","env":"development","msg":"granot_lifecycle.processing.completed","receipt_id":"6aad…987e","observation_id":"6aad…987d","decision_id":"6aad…9884","attempt":1,"execution_mode":"live_shadow","outcome":"policy_blocked","reason_code":"shadow_effect_suppressed","duration_ms":1}
{"level":"info","time":"2026-09-18T22:46:28.546Z","service":"vantage-main-server","env":"development","msg":"granot_lifecycle.processing.completed","observability_level":"info","category":"mongo","workflow":"granot_lifecycle"}
{"level":"info","time":"2026-09-18T22:46:28.546Z","service":"vantage-main-server","env":"development","msg":"granot_lifecycle.processing.completed","receipt_id":"6aad…9886","observation_id":"6aad…9885","decision_id":"6aad…9887","attempt":1,"execution_mode":"live","outcome":"insufficient_creation_data","reason_code":"missing_creation_contact","duration_ms":0}
{"level":"info","time":"2026-09-18T22:46:28.546Z","service":"vantage-main-server","env":"development","msg":"granot_lifecycle.processing.completed","observability_level":"info","category":"mongo","workflow":"granot_lifecycle"}
{"level":"info","time":"2026-09-18T22:46:28.547Z","service":"vantage-main-server","env":"development","msg":"granot_lifecycle.processing.completed","receipt_id":"6aad…987e","observation_id":"6aad…987d","decision_id":"6aad…988a","attempt":1,"execution_mode":"live","outcome":"insufficient_creation_data","reason_code":"missing_creation_route_data","duration_ms":0}
{"level":"info","time":"2026-09-18T22:46:28.547Z","service":"vantage-main-server","env":"development","msg":"granot_lifecycle.processing.completed","observability_level":"info","category":"mongo","workflow":"granot_lifecycle"}
{"level":"info","time":"2026-09-18T22:46:28.549Z","service":"vantage-main-server","env":"development","msg":"granot_lifecycle.processing.completed","receipt_id":"6aad…9890","observation_id":"6aad…988f","decision_id":"6aad…9891","attempt":1,"execution_mode":"live","outcome":"created","reason_code":"lead_created_authorized","duration_ms":1}
{"level":"info","time":"2026-09-18T22:46:28.549Z","service":"vantage-main-server","env":"development","msg":"granot_lifecycle.processing.completed","observability_level":"info","category":"mongo","workflow":"granot_lifecycle"}
{"level":"info","time":"2026-09-18T22:46:28.550Z","service":"vantage-main-server","env":"development","msg":"granot_lifecycle.processing.completed","receipt_id":"6aad…9896","observation_id":"6aad…9895","decision_id":"6aad…9897","attempt":1,"execution_mode":"live","outcome":"created","reason_code":"lead_created_authorized","duration_ms":1}
{"level":"info","time":"2026-09-18T22:46:28.550Z","service":"vantage-main-server","env":"development","msg":"granot_lifecycle.processing.completed","observability_level":"info","category":"mongo","workflow":"granot_lifecycle"}
{"level":"info","time":"2026-09-18T22:46:28.550Z","service":"vantage-main-server","env":"development","msg":"granot_lifecycle.processing.completed","receipt_id":"6aad…989c","observation_id":"6aad…989b","decision_id":"6aad…989d","attempt":1,"execution_mode":"live","outcome":"insufficient_creation_data","reason_code":"missing_creation_route_data","duration_ms":0}
{"level":"info","time":"2026-09-18T22:46:28.550Z","service":"vantage-main-server","env":"development","msg":"granot_lifecycle.processing.completed","observability_level":"info","category":"mongo","workflow":"granot_lifecycle"}
{"level":"info","time":"2026-09-18T22:46:28.551Z","service":"vantage-main-server","env":"development","msg":"granot_lifecycle.processing.completed","receipt_id":"6aad…989f","observation_id":"6aad…989e","decision_id":"6aad…98a0","attempt":1,"execution_mode":"live","outcome":"insufficient_creation_data","reason_code":"missing_creation_route_data","duration_ms":0}
{"level":"info","time":"2026-09-18T22:46:28.551Z","service":"vantage-main-server","env":"development","msg":"granot_lifecycle.processing.completed","observability_level":"info","category":"mongo","workflow":"granot_lifecycle"}
{"level":"info","time":"2026-09-18T22:46:28.553Z","service":"vantage-main-server","env":"development","msg":"granot_lifecycle.processing.completed","receipt_id":"6aad…98a2","observation_id":"6aad…98a1","decision_id":"6aad…98a6","attempt":1,"execution_mode":"live","outcome":"pending_match","reason_code":"pending_source_scoped_match","duration_ms":1}
{"level":"info","time":"2026-09-18T22:46:28.553Z","service":"vantage-main-server","env":"development","msg":"granot_lifecycle.processing.completed","observability_level":"info","category":"mongo","workflow":"granot_lifecycle"}
{"level":"info","time":"2026-09-18T22:46:28.554Z","service":"vantage-main-server","env":"development","msg":"granot_lifecycle.processing.completed","receipt_id":"6aad…98a8","observation_id":"6aad…98a7","decision_id":"6aad…98ac","attempt":9,"execution_mode":"live_shadow","outcome":"unmatched","reason_code":"match_window_expired","duration_ms":0}
{"level":"info","time":"2026-09-18T22:46:28.554Z","service":"vantage-main-server","env":"development","msg":"granot_lifecycle.processing.completed","observability_level":"info","category":"mongo","workflow":"granot_lifecycle"}
{"level":"info","time":"2026-09-18T22:46:28.555Z","service":"vantage-main-server","env":"development","msg":"granot_lifecycle.processing.completed","receipt_id":"6aad…98ae","observation_id":"6aad…98ad","decision_id":"6aad…98b3","attempt":1,"execution_mode":"live","outcome":"created","reason_code":"lead_created_authorized","duration_ms":1}
{"level":"info","time":"2026-09-18T22:46:28.555Z","service":"vantage-main-server","env":"development","msg":"granot_lifecycle.processing.completed","observability_level":"info","category":"mongo","workflow":"granot_lifecycle"}
{"level":"info","time":"2026-09-18T22:46:28.556Z","service":"vantage-main-server","env":"development","msg":"granot_lifecycle.processing.completed","receipt_id":"6aad…98b8","observation_id":"6aad…98b7","decision_id":"6aad…98bc","attempt":1,"execution_mode":"live","outcome":"pending_match","reason_code":"pending_source_scoped_match","duration_ms":1}
{"level":"info","time":"2026-09-18T22:46:28.556Z","service":"vantage-main-server","env":"development","msg":"granot_lifecycle.processing.completed","observability_level":"info","category":"mongo","workflow":"granot_lifecycle"}
✔ Form q for a Granot-only name includes granot_contact_snapshot.name (7.4616ms)
✔ Form q for an ingested-only email includes ingested_contact_snapshot.email (1.0974ms)
✔ Form q for a typed phone substring hits live and snapshot phone paths (1.0481ms)
✔ Form q still hits job_no and ref_no (1.0033ms)
✔ Call q includes ingested and Granot snapshot contact paths (1.4501ms)
✔ empty q still pins ranked identity; explicit q still pins nothing (3.0313ms)
✔ Form item with a snapshot returns known_contacts.granot and live contact stays Form submitted (1.2986ms)
✔ Form item without a snapshot omits known_contacts.granot (0.5285ms)
✔ listGranotLifecycleCaseCandidates Form q uses snapshot paths, excludes Duplicate/Bad, and maps known_contacts (12.2562ms)
✔ listGranotLifecycleCaseCandidates Call q uses snapshot paths and maps known_contacts (2.1439ms)
✔ listGranotLifecycleCaseCandidates Call q for Granot-only phone hits snapshot phone paths (1.6884ms)
﹣ [AC-18][AC-20][AC-35][AC-39] replica lifecycle reads leave aggregate and effect collection counts unchanged (2.9042ms) # Replica-set proof requires TEST_MODE=true before process start.
✔ [AC-35] Job path normalization rejects empty values (10.3056ms)
✔ [AC-35] the discrepancy queue still masks the contact it never asks anyone to call (1.1715ms)
✔ an intake names the customer the Owner has to call, and falls back to how to reach them (0.4311ms)
✔ [AC-23] candidate ranking pins the suggested Lead, then high confidence, and is stable (1.8478ms)
✔ intake case detail hands the Owner the whole contact, not an initial and four digits (0.6537ms)
✔ [AC-20] [AC-36] [AC-40] timeline order is stable and evidence is not collapsed (4.0662ms)
✔ [AC-35] lifecycle DTO recursive guard rejects raw transport and credentials (0.685ms)
✔ list deterministic booking exposes the official id and public-cancel eligibility (0.6061ms)
✔ [AC-31] health flag names match the ten centralized lifecycle flags and do not promote effects (0.4674ms)
✔ [AC-37] due work includes expired claims and excludes unexpired claimed leases (0.5863ms)
✔ [AC-P7] list compact pairing matches the creating Booked class and omits Release rows (2.1004ms)
✔ [AC-P4][AC-P6][AC-P7] detail pairing includes later Priority 5 and is null for historical Priority 5 only (1.0386ms)
✔ [AC-R10] default intakes list is booking-only; kind=release still lists historical Release cases (0.4058ms)
✔ list latest_action uses booking-intake selection so later Priority 5 cannot win (0.5595ms)
✔ [AC-R3] pairing is omitted on a Release-only booking case (0.2285ms)
✔ [AC-R3] capabilities matrix follows spec §7 and hides Confirm Cancellation when commands are off (0.6225ms)
{"level":"info","time":"2026-09-18T22:46:26.318Z","service":"vantage-main-server","env":"development","msg":"granot_lifecycle.queue.publish_skipped","receipt_id":"rece…skip","observation_channel":"granot_webhook"}
✔ [AC-35] publisher is skipped in the test runner and never sends a queue message (5.0681ms)
✔ [AC-02][AC-35] publisher sends exactly { receipt_id } when publishing is enabled (1.0519ms)
✔ [AC-35] publish failure is observed safely and does not throw (3.1426ms)
{"level":"info","time":"2026-09-18T22:46:26.324Z","service":"vantage-main-server","env":"development","msg":"granot_lifecycle.queue.published","receipt_id":"rece…pt-1","observation_channel":"granot_webhook"}
{"level":"error","time":"2026-09-18T22:46:26.325Z","service":"vantage-main-server","env":"development","msg":"granot_lifecycle.queue.publish_failed","error_code":"technical_failure","receipt_id":"rece…iled","observation_channel":"granot_webhook"}
{"level":"error","time":"2026-09-18T22:46:26.326Z","service":"vantage-main-server","env":"development","msg":"granot_lifecycle.queue.publish_failed","observability_level":"error","category":"queue","workflow":"granot_lifecycle_queue","entity_id":"receip...iled"}
✔ [AC-02][AC-35] hashes canonical credential-redacted JSON as lowercase SHA-256 hex (8.1453ms)
✔ [AC-35] reports removed credential-key counts only and never values (1.4057ms)
✔ [AC-35] leaves non-credential keys untouched and starts counts at zero (0.4596ms)
✔ [AC-02] identical redacted payloads produce the same hash and remain distinct receipts later (0.5018ms)
✔ [AC-02] received legacy processing translates to pending defaults only (0.5877ms)
✔ [AC-02] refused legacy processing statuses are not translated (0.3916ms)
✔ [AC-02][AC-35] legacy webhook fill uses 34.1 mapping, legacy_unknown, and count-only redaction (2.995ms)
✔ channel filter excludes browser_extension and granot_http_automation receipts (18.4143ms)
✔ ref_no hits an Observation, a pending receipt fallback, and misses others (5.6307ms)
✔ job_no hits an Observation, a pending receipt fallback, and misses others (3.2538ms)
✔ name hits an Observation, a pending receipt fallback, and misses others (4.5122ms)
✔ phone hits an Observation, a pending receipt fallback, and misses others (3.2279ms)
✔ email hits an Observation, a pending receipt fallback, and misses others (1.8115ms)
✔ source_company_id and booking_action ignore pending receipts (2.7266ms)
✔ booking_action booked and release are distinct (2.1321ms)
✔ payload event_type cannot reroute route_event_class (1.5929ms)
✔ lead_created and priority_updated never return a booking action on the DTO (1.1376ms)
✔ Owner list returns unmasked contact and credential-redacted granot_statement (1.0025ms)
✔ pending receipt and empty Observation phone or email fill from the redacted payload (1.1626ms)
✔ cursor page is stable newest-first (2.8628ms)
✔ intake_case_id joins the booking case by Job Number, including lead_created (0.6516ms)
✔ empty find lists newest webhook receipts first (0.7862ms)
✔ opaque cursor encoder matches the case-list keyset shape (0.4352ms)
﹣ [AC-28][AC-32] replica Referral creation is exact, lead-free, atomic, and replay-safe (2.5448ms) # Replica-set proof requires TEST_MODE=true before process start.
﹣ [AC-28] already-satisfied Referral evidence resolves without a second Booking (1.1867ms) # Replica-set proof requires TEST_MODE=true before process start.
﹣ [AC-28] existing Referral Booking supports official update and case-only No Action without a Lead (1.4516ms) # Replica-set proof requires TEST_MODE=true before process start.
﹣ [AC-28][AC-32] competing Owners converge and policy drift fails closed (0.976ms) # Replica-set proof requires TEST_MODE=true before process start.
﹣ [AC-28][AC-32] Referral creation rolls back after every persisted boundary (0.5255ms) # Replica-set proof requires TEST_MODE=true before process start.
✔ [AC-28] Referral Booking exposes the canonical command name (1.6609ms)
✔ [AC-28] Referral Booking rejects non-Owner authority before storage access (1.8566ms)
﹣ [AC-21][AC-25][AC-32] Release No Action resolves only case and Command with exact replay (5.965ms) # Replica-set proof requires TEST_MODE=true before process start.
﹣ [AC-21][AC-25][AC-32] Release Update Booking fully replaces official fields atomically (0.8394ms) # Replica-set proof requires TEST_MODE=true before process start.
﹣ [AC-21][AC-25][AC-26][AC-32] Confirm Cancellation writes one complete causal chain (0.7139ms) # Replica-set proof requires TEST_MODE=true before process start.
﹣ [AC-26][AC-32] a verified current Cancellation resolves already-satisfied without another effect (0.4517ms) # Replica-set proof requires TEST_MODE=true before process start.
﹣ [AC-25][AC-32] verified Referral Booking cancels without fabricating a Lead mirror (0.8571ms) # Replica-set proof requires TEST_MODE=true before process start.
﹣ Confirm Granot Cancellation succeeds on a Granot official Leadless Booking without a Lead mirror (0.3919ms) # Replica-set proof requires TEST_MODE=true before process start.
﹣ [AC-21] all pairwise Release commands have exactly one case-revision winner (0.4574ms) # Replica-set proof requires TEST_MODE=true before process start.
﹣ [AC-32] Cancellation, update, and No Action roll back after every write boundary (0.6754ms) # Replica-set proof requires TEST_MODE=true before process start.
﹣ [AC-25][AC-32][AC-36] Release races converge, replay dedupes, and resolved rows advance max+1 (2.7367ms) # Replica-set proof requires TEST_MODE=true before process start.
﹣ [AC-25][AC-31][AC-32] refresh splits revisions and Decision failure rolls back create and refresh (0.6996ms) # Replica-set proof requires TEST_MODE=true before process start.
﹣ [AC-25][AC-29][AC-40] Booking and Release cases coexist without forbidden side effects (0.8556ms) # Replica-set proof requires TEST_MODE=true before process start.
{"level":"info","time":"2026-09-18T22:46:35.167Z","service":"vantage-main-server","env":"development","msg":"granot_lifecycle.release_case.opened","observability_level":"info","category":"booking","workflow":"granot_release_reconciliation"}
▶ Release Reconciliation classification
  ✔ [AC-25] active deterministic Booking opens Release review even without a Lead (4.9388ms)
  ✔ [AC-26] already officially cancelled Release is already-current and never a case (0.828ms)
  ✔ [AC-27] missing Booking and exact identity conflicts route to the typed discrepancy seam (0.8334ms)
  ✔ [AC-40] ignores non-Release evidence and never contact-selects a Booking (0.4513ms)
✔ Release Reconciliation classification (9.2649ms)
▶ Release Reconciliation persistence
  ✔ [AC-25] atomically opens and refreshes one Release case with immutable opening Booking revision (7.4079ms)
✔ Release Reconciliation persistence (7.7951ms)
{"level":"info","time":"2026-09-18T22:46:35.169Z","service":"vantage-main-server","env":"development","msg":"granot_lifecycle.release_case.refreshed","observability_level":"info","category":"booking","workflow":"granot_release_reconciliation"}
✔ [AC-35] lifecycle failure logs contain bounded codes and masked identifiers only (2.7569ms)
✔ [AC-30] foundation technical retry uses exact exponential cap and 0-25% jitter (1.917ms)
✔ [AC-30] foundation pending-match offsets are absolute from captured_at (3.3547ms)
✔ [AC-30] foundation still-failed match at or after 24 hours is not scheduled (0.5289ms)
✔ [AC-30] foundation sync poll backoff stays bounded inside five seconds (0.4264ms)
✔ [AC-38] zero, multiple, inactive, and ambiguous runtime matches never pick a row or route (4.2847ms)
✔ [AC-38] policy cache cannot serve a precommit snapshot (0.9717ms)
✔ [AC-09] Best Relocation Form same valid states select local; different select long-distance; invalid select none (2.6549ms)
✔ [AC-29] deferred Paid Overflow and Auto authorize no effect; payload type is not classification input (1.0873ms)
✔ [AC-04] ineligible Source Scope fails gates and provides no reassignment output (4.0461ms)
✔ gate evaluator snapshots every layer in stable order and maps deferred vs policy_blocked (3.9336ms)
✔ [AC-28] reviewed Referral reconciliation treats absent Lead scope gates as not applicable (0.9264ms)
✔ source-policy suite never imports the Twilio adapter (2.4372ms)
✔ twelve policy × effect outcomes are independent for link, enrich, create, and text (3.6235ms)
✔ a later store edit does not mutate an already-returned SourcePolicySnapshot (6.1194ms)
﹣ [AC-05][AC-07][AC-10][AC-11][AC-32] replica WordPress matched write is one causal transaction (3.4062ms) # Replica-set proof requires TEST_MODE=true before process start.
﹣ [AC-12] replica RingCentral Call qualified contact writes snapshot only (0.7204ms) # Replica-set proof requires TEST_MODE=true before process start.
﹣ [AC-12] replica Granot-created Form contact becomes current and keeps origin (0.455ms) # Replica-set proof requires TEST_MODE=true before process start.
﹣ [AC-13] replica Agent fills only an empty receiver through one active match (0.4812ms) # Replica-set proof requires TEST_MODE=true before process start.
﹣ [AC-05] replica Bad Form stores Priority only and Duplicate never becomes a target (0.5124ms) # Replica-set proof requires TEST_MODE=true before process start.
﹣ [AC-07][AC-32] replica establish, attach, confirm, and duplicate-key race (0.6395ms) # Replica-set proof requires TEST_MODE=true before process start.
﹣ [AC-32] replica revision race has one winner and rolls back the losing transaction (0.5684ms) # Replica-set proof requires TEST_MODE=true before process start.
﹣ [AC-32] replica equal-time Observation tie-break admits only the greater ObjectId (0.5185ms) # Replica-set proof requires TEST_MODE=true before process start.
✔ [AC-32] command refuses shadow or disabled Lead writes before the executor (9.2862ms)
✔ [AC-32] command refuses a failed gate snapshot before the executor (1.0573ms)
✔ [AC-32] Granot command context requires the processor actor and webhook initiator (4.6467ms)
✔ receiver fill derives catalog name snapshot and set_at off the planner (3.6128ms)
✔ Changed in Granot ignores US country-code phone formatting (1.1442ms)
✔ Changed in Granot ignores email case and name capitalization (0.3637ms)
✔ Changed in Granot ignores Granot first/last split of a name-only form submit (1.6987ms)
✔ Changed in Granot stays true when Granot last name adds another person (0.4448ms)
✔ Changed in Granot stays true for a different person or reach path (1.2021ms)
✔ Call Lead synchronize persists Granot Contact Snapshot and leaves live phone unchanged (5.8217ms)
✔ [AC-07] trusted Granot Form validator may omit move_size and forces post_to_granot=false (8.0174ms)
✔ [AC-07] trusted Granot Form validator rejects caller override of post_to_granot (1.5996ms)
✔ [AC-07] trusted Granot Call validator allows Job Number without phone and forces post_to_granot=false (1.5683ms)
✔ [AC-07] trusted Granot validators reject public lifecycle metadata keys (1.3513ms)
✔ [AC-03][AC-05][AC-06][AC-29] shared lifecycle vocabulary remains exact (1.5487ms)
✔ Form duplicate classification isolates cutoff cohorts and exact granularities (23.7121ms)
✔ matched modern production duplicate outcome is preserved (0.9702ms)
✔ Call duplicates use earlier non-duplicate anchors in inclusive 90-day exact-granularity window (0.9551ms)
✔ Form Fill is time-unbounded and Source Company scoped after Form classification (0.5083ms)
✔ classification fails closed without exact granularity (0.8958ms)
✔ manifest bytes and hash are stable for identical reviewed inputs (36.8001ms)
✔ manifest identity is deterministic when the caller does not supply one (2.8874ms)
✔ manifest parser rejects modified bytes (2.3102ms)
✔ rehearsal and production target guards fail closed (15.6302ms)
✔ migration context cannot be enabled outside the canonical local adapter (1.0226ms)
✔ exact normalization applies NFKC, whitespace collapse, and case folding (4.5597ms)
✔ agent parsing removes terminal metadata and preserves slash order (2.6902ms)
✔ agent parsing rejects repeated and unrecognized separators (0.8465ms)
✔ customer parsing preserves compound display text as one customer (0.8751ms)
✔ money parser uses cents and rejects blank, negative, and over-precision (0.7894ms)
✔ integer-cent allocations are exact for one, two, and three agents (0.9555ms)
✔ Eastern parser handles DST and the reviewed malformed-year correction (47.4925ms)
✔ Google serial dates are interpreted as Eastern wall-clock values (8.961ms)
✔ planner produces a schema-valid deterministic manifest for a new source and form lead (148.7758ms)
✔ rollback restores exact values and unsets fields that were originally absent (5.3434ms)
✔ update validation accepts a production nested object path (3.4565ms)
✔ update validation rejects an unknown nested object path (0.9172ms)
✔ recurring source window starts at New York midnight on 2026-04-30 (5.2363ms)
✔ stable managed identity survives row reordering (7.1867ms)
✔ preview never repairs missing managed identities (2.8108ms)
✔ leased identity repair writes empty cells once and verifies read-back (2.0936ms)
✔ copied managed identities block repair instead of falling back to row number (0.8668ms)
✔ malformed managed identities block inspection (0.4178ms)
✔ identity repair never overwrites a value added after inspection (0.5804ms)
✔ identity repair uses atomic empty-cell replacement (0.9459ms)
✔ application plan is immutable and material changes alter its checksum (14.0922ms)
✔ unmatched booking becomes leadless plus one reconciliation conflict (4.7134ms)
✔ LID_BestRelo remains matching evidence and never becomes an action (3.8614ms)
✔ unmatched refund is blocking and cannot guess a cancellation (18.4507ms)
✔ refund matches below the calibrated threshold never cancel (4.9277ms)
✔ review-only refund evidence does not consume a later corroborated match (10.0442ms)
✔ invalid source rows become isolated conflict actions (3.9473ms)
✔ three-way update permits only unchanged canonical source-owned fields (2.2093ms)
✔ persistence schemas enforce receipt uniqueness and required indexes (1.773ms)
✔ ingestion run graph makes all terminal states immutable (0.3941ms)
✔ heartbeat gates skip before source reads (0.4347ms)
✔ apply worker mutates domain state only through canonical commands (38.7543ms)
✔ read paths use readonly Sheets scope and repair has a separate writer (27.8812ms)
✔ worker final and failure transitions remain lease-fenced (68.3322ms)
✔ pre-cutoff observations never enter the application plan (9.4156ms)
✔ refund application window uses Timestamp with exact half-open boundaries (14.1091ms)
✔ one new form lead and one linked refund map to single create actions (8.612ms)
✔ identical evidence is classified unchanged across replans (4.6326ms)
✔ source evidence reappearance uses the applied baseline, not conflicts (0.5204ms)
✔ missing-source actions preserve canonical refs and never delete (0.6027ms)
✔ bootstrap adoption remaps creates to receipt-only adopt_existing (3.3806ms)
✔ bootstrap adopts nonduplicate calls using DST-aware persisted timestamps (9.4563ms)
✔ apply resumes from checkpoint without replaying successful actions (7.7514ms)
✔ adopt_existing Form Lead supplies the Booking lead_ref without creating a second Lead (5.3833ms)
✔ failed lead dependency blocks dependent booking and continues independently (4.4416ms)
✔ concurrent apply lease acquisition admits only one owner (0.3023ms)
✔ altered plan checksum is rejected before any mutation (23.8748ms)
✔ health signals alert on structural and growth thresholds (0.6862ms)
✔ conflict resolve route delegates booking attach to canonical command (18.8885ms)
✔ ingestion route errors never expose provider or source details (2.3944ms)
✔ WordPress walk-back (78.628ms)
✔ Lead updated headline omits changed paths (13.528ms)
✔ Granot-born (2.1572ms)
✔ Latest attempt only (1.2718ms)
✔ Granularity filter (0.5886ms)
✔ No contact match (1.0291ms)
✔ Priority 5 is not Booked (0.9386ms)
✔ Case is not a Booking (1.0592ms)
✔ Equivalent Job Number (3.0727ms)
✔ Sheet Sync walk-back (1.8645ms)
✔ Sheet Sync after official Booking (1.4965ms)
✔ Unresolved Lead has no source-lead Sheet Sync (0.7398ms)
✔ orphan cancellation without snapshot is not a first-hop survivor (0.5991ms)
✔ Typed search not_found (0.3505ms)
✔ Typed equivalent search (1.0198ms)
✔ blank Job Number is invalid_job_number (0.2929ms)
✔ assemble is a pure function over injected rows (2.5835ms)
✔ text policy skip is not applicable rather than attention (53.9412ms)
✔ open booking intake yields active stage and no official booking (4.7489ms)
✔ resolved finalizing booking case without fact yields attention (2.575ms)
✔ ordinary booked job has no cancellation attention (4.5564ms)
✔ resolved release case without cancellation yields attention (2.702ms)
✔ official cancellation determines cancelled outcome (2.936ms)
✔ contradictory official chronology yields contradictory outcome (2.36ms)
✔ synced sheet job still reports google destination unverified (1.8431ms)
✔ wordpress-born golden includes wordpress receipt limitation (2.7378ms)
✔ later Granot receipt does not clear wordpress receipt limitation (2.9293ms)
✔ ringcentral-born golden bounds confidence with the cursor (2.2908ms)
✔ move completion and multi query appear only as limitations (2.893ms)
✔ open cancellation intake does not become official cancelled outcome (2.0857ms)
✔ unresolved lead without official fact is unknown and lead unresolved (1.1528ms)
✔ snapshot-only cancellation is a found cancelled page (1.5682ms)
✔ orphan cancellation without snapshot yields orphan attention (1.2312ms)
✔ sheet sync pending too long uses the module default threshold (2.9239ms)
✔ terminal sheet failure yields sheet sync terminal failure (1.7808ms)
✔ disagreeing source scopes yield source scope conflict (3.9546ms)
✔ applied decision without entity change yields processing evidence gap (1.148ms)
✔ applied decision linked by entity change decision id is not a processing evidence gap (1.0672ms)
✔ Masking (35.6649ms)
✔ module WordPress walk-back matches assemble headlines (61.776ms)
✔ module Granot-born (2.83ms)
✔ module latest Decision attempt only (1.6311ms)
✔ module intake is not official Booking (1.1498ms)
✔ module equivalent Job Number (1.7816ms)
✔ module Sheet Sync joins by entity ID (1.8249ms)
✔ module redacts contact, SMS body, and raw payloads (2.3129ms)
✔ module typed search not_found (0.6278ms)
✔ module company/granularity mismatch is filtered_out (0.7846ms)
✔ module without now still stamps assembled_at after reads (2.1308ms)
✔ module now sets assembled_at after reads (2.2097ms)
✔ normalizeTypedJobNo trims and uppercases (2.6169ms)
✔ jobsEquivalent treats letter prefix as the same Job Number (0.609ms)
✔ recent official booking examples stay capped at three and newest book_date first (4.947ms)
✔ recent official booking examples skip rows without a Job Number and never copy contact (0.7558ms)
✔ schema_version is job_timeline.v2 on ok pages (38.7767ms)
✔ source receipt and lead creation remain separate events (6.1507ms)
✔ wordpress creation reports no invented receipt event (4.1754ms)
✔ timeline emits wordpress source_received only when the receipt exists (3.5806ms)
✔ dual clocks order by occurred time and preserve recorded time (2.1733ms)
✔ related receipt decision change and sheet rows share activity id (2.241ms)
✔ activity grouping does not remove original evidence events (2.0528ms)
✔ orphan cancellation is not attached without durable job snapshot (2.1866ms)
✔ cancellation snapshot restores exact job correlation (1.8685ms)
✔ event cap returns explicit truncation limitation (33.6483ms)
✔ serialized v2 page contains no forbidden fields or contact (26.0091ms)
✔ golden pages cover origin and official-fact shapes (7.2143ms)
✔ skipped ringcentral ledger row is not a source receipt (1.0898ms)
✔ v1 fields remain populated on enhanced events (1.1263ms)
{"level":"info","time":"2026-09-18T22:46:38.545Z","service":"vantage-main-server","env":"development","msg":"lead_messaging.granot_created.already_sent","observationId":"6aadbf4e60e9edcc1ff3fea6"}
✔ Granot SMS gates evaluate every named gate and report the first blocker (2.4433ms)
✔ link_only never texts even when every other gate passes (0.4625ms)
✔ not_attested blocks even when outbound_sms.enabled is somehow true (0.7004ms)
✔ renderer substitutes allowlisted placeholders and always appends one opt-out (2.366ms)
✔ sendGranotCreatedLeadConfirmation never throws and reports already_sent on duplicate key (5.0914ms)
✔ create_if_missing texting uses the resolved Lead Source ID and never looks up by label (1.0205ms)
✔ Twilio adapter stays un-called on gate decisions and persist/dispatch stubs (1.3307ms)
✔ link_only enrich path sends nothing even when persist/dispatch are provided (0.7892ms)
✔ replaying one observation twice yields at most one persist, bounded by identity (1.0885ms)
{"level":"info","time":"2026-09-18T22:46:38.548Z","service":"vantage-main-server","env":"development","msg":"lead_messaging.granot_created.blocked","observationId":"6aadbf4e60e9edcc1ff3feaf","blockedReason":"source_policy_create_if_missing","leadModel":"FormLead"}
{"level":"info","time":"2026-09-18T22:46:38.549Z","service":"vantage-main-server","env":"development","msg":"lead_messaging.granot_created.blocked","observationId":"6aadbf4e60e9edcc1ff3feb3","blockedReason":"source_policy_create_if_missing","leadModel":"FormLead"}
{"level":"info","time":"2026-09-18T22:46:38.551Z","service":"vantage-main-server","env":"development","msg":"lead_messaging.granot_created.already_sent","observationId":"6aadbf4e60e9edcc1ff3feb7"}
{"level":"error","time":"2026-09-18T22:46:38.845Z","service":"vantage-main-server","env":"development","err":{"type":"Error","message":"quiet-hours scheduling failed","stack":"Error: quiet-hours scheduling failed\n    at dispatch (C:\\Users\\Pinda\\Proyectos\\vantage\\vantage-main-server\\src\\services\\leadMessaging\\leadMessaging.service.test.ts:404:15)\n    at dispatchOrQueuePersistedLeadMessage (C:\\Users\\Pinda\\Proyectos\\vantage\\vantage-main-server\\src\\services\\leadMessaging\\leadMessaging.service.ts:274:44)\n    at TestContext.<anonymous> (C:\\Users\\Pinda\\Proyectos\\vantage\\vantage-main-server\\src\\services\\leadMessaging\\leadMessaging.service.test.ts:395:27)\n    at async Test.run (node:internal/test_runner/test:1332:7)\n    at async Test.processPendingSubtests (node:internal/test_runner/test:911:7)"},"msg":"lead_messaging.post_persist_dispatch_failed","leadMessageId":"6aadbf4ebf4c44c9c5b65f29","leadId":"6aadbf4ebf4c44c9c5b65f2b"}
✔ confirmation builder retains the approved server-side copy (2.2451ms)
✔ confirmation builder derives the first name from a combined name (0.5828ms)
✔ overnight deferral stays off until quiet hours are explicitly enabled (0.6661ms)
✔ form-lead SMS send input defers overnight Eastern traffic to 8:00 AM via Twilio (1.2244ms)
✔ Twilio schedule window rejects sendAt values Twilio would 400 (1.0176ms)
✔ overnight deferral fails closed when the Messaging Service SID is missing (0.632ms)
✔ SMS destinations are normalized to E.164 when safely possible (0.5629ms)
✔ disabled mode is a dispatch-time kill switch (3.9123ms)
✔ test mode is also enforced at dispatch time (0.9517ms)
✔ intent persistence gates strictly on parsed true consent (1.592ms)
✔ duplicate, disabled, and test modes cannot send (1.1794ms)
✔ Granot persist shape shares one capacity reservation and does not require form consent (0.9592ms)
✔ destination policy decisions persist as non-retryable skips (0.5992ms)
✔ 429 and definite connection failures are retryable (0.71ms)
✔ ambiguous timeouts are never automatically retried (0.5589ms)
✔ retry budget stops automatic retries (0.2503ms)
✔ status callbacks do not regress or replace terminal outcomes (0.2891ms)
✔ scheduled provider status can advance to queued, sent, or failed (0.2548ms)
✔ post-persist dispatch never rejects the form-lead create path (12.3789ms)
{"level":"error","time":"2026-09-18T22:46:38.854Z","service":"vantage-main-server","env":"development","err":{"type":"Error","message":"event write failed after Twilio accepted","stack":"Error: event write failed after Twilio accepted\n    at dispatch (C:\\Users\\Pinda\\Proyectos\\vantage\\vantage-main-server\\src\\services\\leadMessaging\\leadMessaging.service.test.ts:423:15)\n    at dispatchOrQueuePersistedLeadMessage (C:\\Users\\Pinda\\Proyectos\\vantage\\vantage-main-server\\src\\services\\leadMessaging\\leadMessaging.service.ts:274:44)\n    at TestContext.<anonymous> (C:\\Users\\Pinda\\Proyectos\\vantage\\vantage-main-server\\src\\services\\leadMessaging\\leadMessaging.service.test.ts:414:33)\n    at async Test.run (node:internal/test_runner/test:1332:7)\n    at async Test.processPendingSubtests (node:internal/test_runner/test:911:7)"},"msg":"lead_messaging.post_persist_dispatch_failed","leadMessageId":"6aadbf4ebf4c44c9c5b65f29","leadId":"6aadbf4ebf4c44c9c5b65f2c"}
✔ midnight through 6:59 AM Eastern defers to 8:00 AM the same Eastern day (3.4615ms)
✔ 7:00 AM Eastern and later send immediately (0.5959ms)
✔ immediate Twilio payloads keep the existing from-number send shape (6.7036ms)
✔ scheduled Twilio payloads require a Messaging Service and use fixed sendAt (1.2939ms)
✔ status callback validation uses the exact configured URL and primary token (4.8192ms)
✔ builds signed-callback-compatible TwiML that forwards to RingCentral (64.3172ms)
✔ defaults forwarding to the Vantage RingCentral number (0.7167ms)
✔ rejects a forwarding loop (1.138ms)
✔ completed callback hangs up the parent call (0.9639ms)
✔ lead source catalog seeds legacy companies and resolves granularities (13.2138ms)
✔ all legacy source labels resolve through the lead source catalog (6.3246ms)
✔ lead source catalog seeds production and test databases independently (2.6801ms)
{"level":"info","time":"2026-09-18T22:46:41.190Z","service":"vantage-main-server","env":"development","msg":"call_lead.create.sheet_sync.disabled","resource":"source_lead","leadModel":"CallLead","leadId":"507f1f77bcf86cd799439011"}
✔ rememberBothCallSheetTabsForTombstone includes Calls and Duplicate Calls fallbacks (4.9246ms)
✔ rememberBothCallSheetTabsForTombstone preserves known rows from sheet_sync (1.877ms)
✔ completeCallLeadIngestion records lead.call.created after commit and skips form-fill when false (8.5157ms)
✔ completeCallLeadIngestion records form-fill only when Form Fill is true (1.702ms)
✔ completeCallLeadIngestion reports missing CPL after the write, not as a CRM post (2.5391ms)
✔ Admin and Best Relocation origins never set Duplicate Lead; public ingest is vantage_admin (14.2736ms)
✔ [AC-12] RingCentral Call provenance is ringcentral, quoted false, transport stays nested (0.9245ms)
✔ correctCallLead refuses Duplicate Lead on a Booked Call Lead (29.6365ms)
{"level":"info","time":"2026-09-18T22:46:41.193Z","service":"vantage-main-server","env":"development","msg":"lead.call.created","observability_level":"info","category":"lead","workflow":"call_lead_create","source_company":"tbm_leads","entity_id":"507f1f77bcf86cd799439011"}
{"level":"info","time":"2026-09-18T22:46:41.197Z","service":"vantage-main-server","env":"development","msg":"call_lead.create.sheet_sync.disabled","resource":"source_lead","leadModel":"CallLead","leadId":"507f1f77bcf86cd799439011"}
{"level":"info","time":"2026-09-18T22:46:41.197Z","service":"vantage-main-server","env":"development","msg":"lead.call.created","observability_level":"info","category":"lead","workflow":"call_lead_create","source_company":"tbm_leads","entity_id":"507f1f77bcf86cd799439011"}
{"level":"info","time":"2026-09-18T22:46:41.197Z","service":"vantage-main-server","env":"development","msg":"lead.call.form_fill_detected","observability_level":"info","category":"lead","workflow":"call_lead_create","source_company":"tbm_leads","entity_id":"507f1f77bcf86cd799439011"}
{"level":"info","time":"2026-09-18T22:46:41.199Z","service":"vantage-main-server","env":"development","msg":"call_lead.create.sheet_sync.disabled","resource":"source_lead","leadModel":"CallLead","leadId":"507f1f77bcf86cd799439011"}
{"level":"error","time":"2026-09-18T22:46:41.200Z","service":"vantage-main-server","env":"development","msg":"lead.cpl.missing_rate","observability_level":"error","category":"lead","workflow":"lead_cpl_resolution","source_company":"tbm_leads","entity_id":"507f1f77bcf86cd799439011"}
{"level":"info","time":"2026-09-18T22:46:41.200Z","service":"vantage-main-server","env":"development","msg":"lead.call.created","observability_level":"info","category":"lead","workflow":"call_lead_create","source_company":"tbm_leads","entity_id":"507f1f77bcf86cd799439011"}
✔ correctCallLead maps a missing receiver agent to 404 (41.8622ms)
✔ correctCallLead skips Sheet Sync when nothing material changed (2.8617ms)
✔ listRecentCallLeads keeps a Duplicate Lead in the last 200 (1.0131ms)
✔ removeCallLead refuses a Booked Call Lead without cascade (1.1679ms)
✔ refuseToMarkABookedCallAsDuplicate does not mention no_sync (7.2683ms)
✔ correctCallLead does not throw ConflictError when marking no_sync on booked or duplicate (1.3764ms)
✔ Admin Call create stamps no_sync from origin and skips call_lead.create outbox when true (5.6564ms)
✔ Admin Call omit stamps no_sync true; RingCentral client true stamps false (22.5443ms)
✔ CallLead schema defaults no_sync to false so missing-field documents stay syncable (0.3448ms)
✔ begin remembers Sheet Sync before commit; complete dispatches and records owner events (11.5167ms)
✔ form duplicate check matches an earlier lead by email within exact granularity (5.2611ms)
✔ form duplicate check matches existing lead by phone within exact granularity (1.0201ms)
✔ form duplicate check does not fall back from exact granularity to company (2.5545ms)
✔ form duplicate check allows single identifier duplicate matches (0.6542ms)
✔ form duplicate check ignores regex candidates that fail exact phone verification (0.9124ms)
✔ form duplicate check skips lookup when no usable identifier exists (0.6903ms)
✔ findFormLeadForEnrichment does not return a Duplicate Lead (4.5944ms)
✔ findFormLeadForEnrichment is not found when the Form Lead is missing (0.8755ms)
✔ correctFormLead refuses quoted and cubic feet on a Duplicate Lead (1.4492ms)
✔ refuseIllegalCorrections does not mention no_sync (18.2095ms)
✔ correctFormLead does not throw ConflictError when marking no_sync on booked, duplicate, or bad (2.9309ms)
✔ correctFormLead refuses Bad Lead on duplicate, Booked, or Cancelled (1.3009ms)
✔ removeFormLead refuses a Booked Form Lead without cascade (1.0668ms)
✔ [AC-10] WordPress and Admin Form create paths derive exact origins (0.9589ms)
✔ Admin Form create omit stores no_sync true and skips form_lead.create outbox (4.433ms)
✔ Admin Form omit stamps no_sync true; opt-in false and WordPress client true stamp correctly (13.7006ms)
✔ FormLead schema defaults no_sync to false so missing-field documents stay syncable (0.3952ms)
✔ [AC-10] Form updates cannot carry internal snapshot or origin fields (0.6389ms)
✔ lead CPL resolution uses the stored Eastern business calendar day (2.8465ms)
✔ duplicate Call Lead snapshots retain base-period evidence at zero (0.8375ms)
✔ missing rates remain compatibility zero with a cleared period reference (0.6613ms)
✔ [AC-10] Form origin derivation uses trusted entry points and fails closed (2.4573ms)
✔ [AC-12] Call origin derivation uses trusted entry points and fails closed (0.4923ms)
✔ [AC-10] [AC-11] creation provenance captures ingested snapshots with trusted now (2.2159ms)
✔ [AC-12] Call creation provenance forces quoted false and captured_at_ingestion (0.6533ms)
✔ noSyncOnCreate defaults true for vantage_admin and ignores other-origin client true (0.3747ms)
✔ [AC-07] omitForbiddenLeadLifecycleFields strips internal metadata from updates (0.3852ms)
✔ deriveLocal is local only when both states match (1.7281ms)
✔ deriveFormLeadLocal treats not_found on either side as a Local Move (0.4895ms)
✔ deriveFormLeadLocal still classifies two known states (0.3726ms)
✔ normalizeState keeps the not_found sentinel and uppercases codes (0.4341ms)
﹣ [AC-10] [AC-11] replica WordPress Form create captures origin and snapshots atomically (2.6061ms) # Replica-set proof requires TEST_MODE=true before process start.
﹣ [AC-10] replica Form origin/snapshot insert rolls back with the Lead (0.5951ms) # Replica-set proof requires TEST_MODE=true before process start.
﹣ [AC-12] replica RingCentral Call create captures origin, quoted false, and rolls back atomically (0.6667ms) # Replica-set proof requires TEST_MODE=true before process start.
✔ lead source assignment persists owner-created registry sources (5.2276ms)
✔ lead source assignment retries a valid fallback alias after exact lookup misses (0.6392ms)
✔ classifies a different legacy source company as conflict (1.8199ms)
✔ classifies a genuinely unassigned Lead as unassigned (0.4206ms)
✔ receipt exists before Lead create on the authorized path (4.0797ms)
✔ duplicates collapse on the idempotency key (2.2166ms)
✔ unauthorized or keyless WordPress create does not write a receipt (0.6595ms)
✔ unattached receipt refuses a second Lead create (1.661ms)
✔ attach failure does not leave a creatable second Lead (1.3645ms)
✔ capture failure aborts Lead create (0.7707ms)
✔ seed catalog has unique Granot Carrier Codes and DOTs (1.6608ms)
✔ seed plan sets missing codes and leaves matching codes alone (1.7501ms)
✔ carrier normalization collapses whitespace and lowercases names (2.287ms)
✔ carrier CSV parser normalizes headers and rejects duplicate compound identities (1.6556ms)
✔ carrier CSV parser rejects duplicate Granot Carrier Codes (0.7462ms)
✔ carrier list defaults to active rows and applies q across searchable fields (3.6739ms)
✔ patch import creates missing carriers and reactivates changed existing carriers (2.8719ms)
✔ replace import deactivates active carriers missing from the uploaded CSV (1.0814ms)
✔ phone classification: external, company DID, extension, withheld, service code, malformed (3.9747ms)
✔ provider account resolution never fabricates or silently picks between accounts (1.7499ms)
✔ window start honors the twelve-hour floor and the cursor overlap (0.5843ms)
✔ coverage: complete rolling window advances cursor and watermark, closes covered gaps (0.8003ms)
✔ coverage: partial page failure never advances complete-through and records the missing range (2.321ms)
✔ coverage: gap repair removes a repaired gap, narrows a partially repaired one, and never drops gaps past the bound (1.3866ms)
✔ import boundary: numberActivity never imports qualification, ingest, convergence or Lead write services (11.5081ms)
✔ normalizeDirectory reduces provider records to the snapshot shape deterministically; digest is order-independent (9.4026ms)
✔ fetcher issues the documented account, extension, phone-number and call-queue reads over the shared client (1.0286ms)
✔ capture-projection dedupe key is the provider uuid, falling back to the receipt id only when the uuid is absent (4.5417ms)
✔ queue topic is env-scoped and never published from a test runner (4.0607ms)
✔ fan-out: flag off means no job and no publish; a non-durable receipt is skipped honestly (2.3718ms)
{"level":"warn","time":"2026-09-18T22:46:50.583Z","service":"vantage-main-server","env":"development","msg":"sales_intelligence.capture.fanout.enqueue_timeout","receiptId":"6aadbf5a763732e7fcbb6ad6","timeoutMs":20}
✔ fan-out: the acknowledgement waits a bounded time for the job transaction; a slow transaction is reported, not awaited forever (48.2822ms)
✔ fan-out: job is durable before publish; publish failure keeps the enqueued job; enqueue failure is bounded (2.1419ms)
✔ publish wake-up: gated, best-effort, never throws (7.7889ms)
✔ wake-up payload is exactly { job_id } with a 24-hex id (4.4568ms)
✔ worker: unclaimable job (completed, leased elsewhere, foreign stage) does nothing (1.5776ms)
✔ worker: loads the stored receipt, passes the job id as request_id, completes with a bounded per-session result (3.9634ms)
✔ worker: deterministic per-session failures (account_unresolved) complete the job with the error visible; retryable ones retry with partial result (2.365ms)
✔ worker: missing receipt is schema_invalid (bounded retries), lease loss during completion is reported not retried (2.0392ms)
{"level":"error","time":"2026-09-18T22:46:50.595Z","service":"vantage-main-server","env":"development","msg":"sales_intelligence.capture.fanout.enqueue_failed","receiptId":"6aadbf5a763732e7fcbb6adb","errorName":"Error","errorCode":null}
{"level":"error","time":"2026-09-18T22:46:50.603Z","service":"vantage-main-server","env":"development","msg":"sales_intelligence.queue.publish_failed","jobId":"6aadbf5a763732e7fcbb6add","errorName":"Error"}
{"level":"warn","time":"2026-09-18T22:46:50.618Z","service":"vantage-main-server","env":"development","msg":"sales_intelligence.capture.projection.lease_lost","jobId":"6aadbf5a763732e7fcbb6ae9"}
✔ terminal party statuses stay in parity with the qualification evaluator (2.3362ms)
✔ inbound queue call projects all directions of evidence: parties, connection, terminal, external number (12.8143ms)
✔ duplicate webhook delivery is a semantic no-op: no revision, fenced per party (2.5921ms)
✔ one party's sequence never suppresses another party in the same delivery (1.6536ms)
✔ out-of-order and late events never regress terminal or connected facts (2.1449ms)
✔ Call Log is authoritative: result/duration survive a late webhook terminal event (5.6284ms)
✔ identical Call Log replay and older lastModifiedTime never create a new revision or regress facts (3.2357ms)
✔ transfer with multiple recordings keeps every leg and recording, counted once as one interaction (1.6882ms)
✔ delayed recording evidence after terminal is surfaced as new recording ids (1.9076ms)
✔ voicemail is provider evidence; connected is not human; outbound unanswered stays unknown (2.6705ms)
✔ internal, withheld and malformed observations keep provider evidence without a customer identity (2.6535ms)
✔ review fix: an unknown short caller id is malformed, never a fabricated extension that makes a customer call Internal (1.2921ms)
✔ review fix: a party event missing `direction` does not turn an outbound customer call into a sticky Internal (2.3932ms)
✔ review fix: a stale Call Log record never regresses leg-level result or duration (4.1258ms)
✔ review fix: legs_overflow_count is monotone across records and not double counted on merge (7.2408ms)
✔ session-id only Call Log record resolves to fallback identity and gains the strongest basis when bridged (3.8204ms)
✔ Call Log first, webhook later: the extension party is adopted, not duplicated (2.1723ms)
✔ mergeProjections requires same account and folds evidence without dropping recordings (1.6336ms)
✔ no directory snapshot keeps roles unknown instead of guessing (0.711ms)
✔ parseSearchTerm: e164, suffix, term and formatting (4.032ms)
✔ term regex characters are escaped and anchored as a prefix (4.0892ms)
✔ number cursor round trip; garbage is INVALID_INPUT (5.387ms)
✔ buildNumberSearchFilter: hygiene, attachment, range, term and keyset cursor (4.0004ms)
✔ timeline total order: happened_at desc, kind asc, id desc; isAfterCursor is strict (2.6309ms)
✔ keysetAfterCursor mirrors isAfterCursor for a fixed kind (0.6314ms)
✔ mergeTimeline: k-way merge, dedupe on (kind,id), cursor only when more remain (1.4017ms)
✔ NUMBER_DTO_FIXTURES parse against their schemas; CSI-01 detail data is a subset of the CSI-04 detail data (14.6703ms)
✔ recount replays stored canonical interactions through the CSI-02 counting rules and derives search terms from evidence only (20.2712ms)
✔ recount is idempotent: recounting the rebuilt fields yields the same fields; a fresh recount equals incremental rollups (2.4198ms)
✔ incident severity comparison ranks critical above error and warn (3.2364ms)
✔ event filter keeps exact-match fields exact (5.8554ms)
✔ event filter matches lead name partially and case-insensitively (0.8221ms)
✔ event filter escapes regex metacharacters in lead inputs (0.6784ms)
✔ event filter matches phone digits across formatting (10.3728ms)
✔ event filter supports partial phone digit search (0.7275ms)
✔ event filter builds date window and text search (9.373ms)
✔ facets query schema coerces dates and strips unknown params (1.4699ms)
✔ incident filter applies partial lead matching and q regex OR (3.7751ms)
✔ fingerprint is deterministic for the same inputs (2.1532ms)
✔ fingerprint differs by event key and environment (0.6803ms)
✔ explicit dedupeKey takes precedence over composed fields (0.3534ms)
✔ normalized error messages group transient differences (0.5567ms)
✔ dedupe key is human-readable and stable (0.3623ms)
✔ returns all-null for missing identity (2.6778ms)
✔ trims name/phone and lowercases email (0.4335ms)
✔ empty strings become null (0.2271ms)
✔ returns empty object for nullish or non-object details (3.5493ms)
✔ truncates long strings to 500 characters with ellipsis (1.0368ms)
✔ collapses oversized arrays and deep objects (0.6026ms)
✔ normalizes dates and drops unsupported values (2.3843ms)
✔ replaces details exceeding byte budget with a truncation marker (0.8742ms)
✔ canonicalize sorts object keys and serializes dates deterministically (2.1264ms)
✔ result hash is stable for identical inputs regardless of key order (0.903ms)
✔ result hash changes when result data changes (0.5929ms)
✔ isOperationalReportKey validates known keys (0.3221ms)
✔ registry denies exact IDs and normalized Google spreadsheet URLs (4.4815ms)
✔ production registry fails closed when required registration is absent (1.2522ms)
✔ spreadsheet normalization is strict and masking does not expose IDs (0.6901ms)
✔ registration groups compose without mutable global state (0.451ms)
✔ Stage 2 registers both ingestion sources as production-required (0.9667ms)
✔ registry agent list excludes inactive rows by default (7.3998ms)
✔ registry merchant list supports include_inactive (0.9185ms)
{"level":"info","time":"2026-09-18T22:46:49.287Z","service":"vantage-main-server","env":"development","msg":"cpl_correction.completed","observability_level":"info","category":"admin","workflow":"cpl_correction","entity_id":"6aadbf59929352444f10b050"}
✔ computeCplCorrectionPreviewHash is stable for normalized selection and impact (5.0319ms)
✔ previewCplCorrection returns deterministic hash and bounded sample (5.6225ms)
✔ preview hashes full Lead state and reports full counts beyond its sample (2.6942ms)
✔ Form duplicate flags do not invoke Call duplicate-zero CPL semantics (1.6007ms)
✔ createCplCorrection rejects stale preview hash (16.0308ms)
✔ createCplCorrection rejects changed schedule revision (1.9564ms)
✔ createCplCorrection commits audit metadata without lead payloads (8.7526ms)
✔ correction jobs exclude Leads inserted after the reviewed preview (23.0983ms)
✔ correction jobs fail visibly when reviewed Lead state changes (2.9727ms)
✔ correction jobs fail when a reviewed Lead disappears (16.5198ms)
✔ processCplCorrectionBatch resumes after expired lease (10.7979ms)
✔ overlapping workers do not double-correct the same lead (3.0741ms)
✔ re-entering a completed batch is a no-op (1.6987ms)
✔ cancellation stops future batches without corrupting completed work (3.5547ms)
✔ partial failure records failed count and resumes remaining leads (3.3246ms)
✔ analytics invalidation seam fires once after successful completion with changes (2.1376ms)
✔ analytics handoff failure does not downgrade completed corrections (2.5731ms)
✔ normalizeCplCorrectionSelection converts inclusive business dates (1.754ms)
✔ correction windows query pseudo-UTC Lead timestamps across DST (2.0959ms)
{"level":"warn","time":"2026-09-18T22:46:49.291Z","service":"vantage-main-server","env":"development","msg":"cpl_correction.lead_failed","observability_level":"warn","category":"admin","workflow":"cpl_correction","entity_id":"6aadbf59929352444f10b051"}
{"level":"error","time":"2026-09-18T22:46:49.308Z","service":"vantage-main-server","env":"development","msg":"cpl_correction.reviewed_target_missing","observability_level":"error","category":"admin","workflow":"cpl_correction","entity_id":"6aadbf59929352444f10b052"}
{"level":"info","time":"2026-09-18T22:46:49.319Z","service":"vantage-main-server","env":"development","msg":"cpl_correction.progress","observability_level":"info","category":"admin","workflow":"cpl_correction","entity_id":"6aadbf59929352444f10b053"}
{"level":"info","time":"2026-09-18T22:46:49.319Z","service":"vantage-main-server","env":"development","msg":"cpl_correction.completed","observability_level":"info","category":"admin","workflow":"cpl_correction","entity_id":"6aadbf59929352444f10b053"}
{"level":"info","time":"2026-09-18T22:46:49.323Z","service":"vantage-main-server","env":"development","msg":"cpl_correction.completed","observability_level":"info","category":"admin","workflow":"cpl_correction","entity_id":"6aadbf59929352444f10b054"}
{"level":"info","time":"2026-09-18T22:46:49.325Z","service":"vantage-main-server","env":"development","msg":"cpl_correction.completed","observability_level":"info","category":"admin","workflow":"cpl_correction","entity_id":"6aadbf59929352444f10b055"}
{"level":"info","time":"2026-09-18T22:46:49.327Z","service":"vantage-main-server","env":"development","msg":"cpl_correction.progress","observability_level":"info","category":"admin","workflow":"cpl_correction","entity_id":"6aadbf59929352444f10b056"}
{"level":"info","time":"2026-09-18T22:46:49.328Z","service":"vantage-main-server","env":"development","msg":"cpl_correction.cancelled","observability_level":"info","category":"admin","workflow":"cpl_correction","entity_id":"6aadbf59929352444f10b056"}
{"level":"warn","time":"2026-09-18T22:46:49.331Z","service":"vantage-main-server","env":"development","msg":"cpl_correction.lead_failed","observability_level":"warn","category":"admin","workflow":"cpl_correction","entity_id":"6aadbf59929352444f10b057"}
{"level":"info","time":"2026-09-18T22:46:49.331Z","service":"vantage-main-server","env":"development","msg":"cpl_correction.progress","observability_level":"info","category":"admin","workflow":"cpl_correction","entity_id":"6aadbf59929352444f10b057"}
{"level":"info","time":"2026-09-18T22:46:49.331Z","service":"vantage-main-server","env":"development","msg":"cpl_correction.completed","observability_level":"info","category":"admin","workflow":"cpl_correction","entity_id":"6aadbf59929352444f10b057"}
{"level":"info","time":"2026-09-18T22:46:49.334Z","service":"vantage-main-server","env":"development","msg":"cpl_correction.completed","observability_level":"info","category":"admin","workflow":"cpl_correction","entity_id":"6aadbf59929352444f10b058"}
{"level":"info","time":"2026-09-18T22:46:49.336Z","service":"vantage-main-server","env":"development","msg":"cpl_correction.completed","observability_level":"info","category":"admin","workflow":"cpl_correction","entity_id":"6aadbf59929352444f10b059"}
{"level":"error","time":"2026-09-18T22:46:49.336Z","service":"vantage-main-server","env":"development","msg":"cpl_correction.analytics_handoff_failed","observability_level":"error","category":"admin","workflow":"cpl_correction","entity_id":"6aadbf59929352444f10b059"}
✔ dollarsToCents accepts canonical non-negative precision (3.2236ms)
✔ dollarsToCents rejects negatives, unsafe values, and more than two decimals (1.5033ms)
✔ business dates convert New York local midnight across spring DST (1.3038ms)
✔ business dates convert New York local midnight across fall DST (0.5792ms)
✔ owner inclusive end converts to next local midnight exclusive (0.7484ms)
✔ business date conversion rejects malformed and impossible dates (0.4592ms)
✔ active schedule validation accepts contiguous periods and explicit zero (2.156ms)
✔ active schedule validation rejects gaps, overlaps, and missing open end (2.3767ms)
✔ inactive schedules may be incomplete but remain ordered and non-overlapping (1.7162ms)
✔ simple construction ignores unchanged rates and preserves future periods (2.3734ms)
✔ simple construction splits history and replaces future coverage (1.1929ms)
✔ advanced operations add, split, correct, and replace schedules (2.9856ms)
✔ resolver uses inclusive start and exclusive end business timestamp (0.7987ms)
✔ resolver distinguishes missing, duplicate zero, and not applicable (0.4998ms)
✔ advanced command returns safe stale revision state without writes (2.3827ms)
✔ simple command validates every changed granularity before writing atomically (2.9745ms)
✔ simple command ignores unchanged rows and increments changed rows once (2.2978ms)
✔ simple command ignores an unchanged row without revision comparison (0.7713ms)
✔ CplRatePeriod model declares the three schedule lookup indexes (1.6449ms)
✔ toSmsView defaults a missing policy to off and not attested (2.603ms)
✔ setGranotCrmSourceOutboundSms rejects non-owners and not_attested enable (4.7835ms)
✔ listRecentGranotCrmSourceSms never returns a message body (0.9312ms)
✔ enabling SMS is rejected unless lead_created_policy is create_if_missing (6.6332ms)
✔ editing a template increments template_version and leaves enabled false (1.9541ms)
✔ RegistryError exposes stable registry_code and remediation in HTTP body (3.2541ms)
✔ RegistryError maps registry codes to app log codes without changing legacy error field (0.4545ms)
✔ [AC-38] automation reference write is audited and invalidates caches only after commit (5.6804ms)
✔ [AC-38] replay of the same automation reference is a no-op write (1.1479ms)
✔ [AC-38] audit failure leaves the automation reference unapplied (2.1823ms)
✔ Admin actors cannot write automation references (1.2589ms)
✔ Admin and missing-reason actors cannot mutate Granot CRM source policy (4.8848ms)
✔ [AC-38] Owner create validates inside the transaction and pairs one sanitized granot_crm_source audit (6.5365ms)
✔ [AC-38] audit failure rolls back mutation and does not invalidate caches (1.9038ms)
✔ duplicate request IDs remain a stable replay conflict (2.0212ms)
✔ inactive or mismatched references fail closed and do not write (1.7061ms)
✔ setGranotCrmSourceLifecycleEnabled reuses the audited Owner command (1.9513ms)
✔ read-after-write does not return a cached precommit policy projection (0.711ms)
﹣ [AC-38] replica-set create commits mutation and audit together then invalidates caches (0.8932ms) # Replica-set proof requires TEST_MODE=true before process start.
✔ changing lead_created_policy away from create_if_missing turns SMS off on the stored document (2.0257ms)
✔ normalizeSourceLabel applies NFKC (8.7822ms)
✔ normalizeSourceLabel collapses internal whitespace (0.6644ms)
✔ normalizeSourceLabel trims (0.62ms)
✔ normalizeSourceLabel lowercases (3.1854ms)
✔ normalizeSourceLabel folds full-width characters (2.6167ms)
✔ normalizeSourceLabel collapses a non-breaking space (4.6229ms)
✔ create rejects a client-supplied normalized_label (5.5985ms)
✔ create rejects a change_reason shorter than 10 or longer than 1000 (2.0308ms)
✔ create validation order: Feed exists, belongs to Lead Source, is active, then collision (4.8828ms)
✔ unique index is defined separately from the service collision check (2.0203ms)
✔ create writes through the registry audit trail (3.1109ms)
✔ there is no in-place destination edit; correction is deactivate then create (2.2872ms)
✔ schema validation rejects a mismatched normalized_label (17.5925ms)
✔ schema validation rejects post-create changes to destination fields (3.7028ms)
✔ resolveLabelToFeed returns not_found without throwing (1.0127ms)
✔ resolveLabelToFeed returns ambiguous when two active mappings collide (0.6999ms)
✔ listLabelMappings filters by Feed, Lead Source, and namespace (0.73ms)
✔ consultStaticSourceLabelMap increments the instrumented counter (0.4878ms)
✔ derives company_slug and granularity_key like paid_overflow (4.1256ms)
✔ creates one inactive lead source and feed and returns the readiness plan (13.4509ms)
✔ skippable Granot still creates a valid inactive lead source and feed (2.0206ms)
✔ collision on company_slug writes nothing (2.5587ms)
✔ crm_label collision against an active same-channel feed writes nothing (1.8001ms)
✔ alias collision names both sides and writes nothing (2.1494ms)
✔ granot label collision writes nothing (1.911ms)
✔ mid-transaction feed failure leaves none of the three (1.8238ms)
✔ Paid Overflow-shaped setup creates a new first-class feed and leaves paid_overflow alone (1.3915ms)
✔ preview runs the same validation and writes nothing (1.141ms)
✔ preview reports every collision type without writing (1.5393ms)
✔ translation table maps handling and arrival policy exactly (3.7128ms)
✔ one_feed create is inactive, SMS-off, one any route, lead_model derived from the Feed (10.8871ms)
✔ one_feed Call Feed derives CallLead (2.3055ms)
✔ Owner create accepts an inactive Feed on an inactive Lead Source as a draft (1.9317ms)
✔ submitted lead_source_id that disagrees with the Feed is rejected naming both sides (2.3711ms)
✔ watch_only with a non-null destination is rejected (0.9848ms)
✔ duplicate normalized name is rejected before write (0.9011ms)
✔ short reason is rejected after the name check (0.6297ms)
✔ form_by_move_type with two Call Feeds is rejected (1.0814ms)
✔ form_by_move_type with two local Feeds is rejected (14.0661ms)
✔ form_by_move_type with the same Feed twice is rejected (0.7537ms)
✔ form_by_move_type with Feeds from different Lead Sources is rejected (1.2093ms)
✔ form_by_move_type writes two FormLead routes keyed by move type (1.5092ms)
✔ referral_booking translates to referral disposition and observation_only (1.0442ms)
✔ watch_only translates to deferred and observation_only (1.3247ms)
✔ non-Owner actors cannot create a Granot name (0.7957ms)
✔ banned-term constant is the shared six-term list (3.8482ms)
✔ ORS-3 detail projection Owner strings stay inside the language deck (17.1428ms)
✔ translation table covers every code health.ts can emit (3.6309ms)
✔ every translation has a non-empty owner action and deep link (1.2699ms)
✔ unknown codes surface as themselves and are never dropped (0.8476ms)
✔ active RingCentral validation failure uses the stopped-filing sentence (0.3536ms)
✔ assignment inconsistency states the operational cost with the number (0.3707ms)
✔ source registry health reports invalid defaults and deterministic conflicts (5.3347ms)
✔ source registry health reports active granularity under inactive company (0.6602ms)
✔ CPL health discloses invalid active schedules and unresolved production Leads (1.3622ms)
✔ runtime health discloses stale cache service and remaining compatibility reads (1.1438ms)
✔ label mapping health reports an invalid destination and a collision (0.8361ms)
✔ Registry Health renders with an empty mappings collection (0.2853ms)
✔ Granot health findings raise on one fixture each and stay quiet on a healthy source (3.0711ms)
✔ detail returns every connection in one request for §7.2 (17.8038ms)
✔ two move-type feeds keep separate label sets (9.8221ms)
✔ empty states are present sections, never absent (6.0427ms)
✔ list and detail stay under the round-trip bound and write nothing (4.6292ms)
✔ Owner-facing finding strings keep implementation words out of copy (3.3798ms)
✔ withRegistryMutation rolls back when audit insert fails (4.688ms)
✔ withRegistryMutation invalidates caches only after commit (1.1516ms)
✔ duplicate mutation request IDs fail as a stable replay conflict (1.2374ms)
✔ granot_crm_source audit failure still rolls back and skips cache invalidation (0.9383ms)
✔ invalidateRegistryCaches deduplicates keys for listeners (0.6348ms)
✔ assignment DTO carries Lead Source and Feed labels from one bounded join (20.9881ms)
✔ reassignment request carrying a company ID is still rejected (5.1022ms)
✔ activation still rejects an inactive or non-call feed (5.1184ms)
✔ dependency preview no longer returns a hardcoded can_deactivate gate (1.2227ms)
✔ RingCentral snapshot resolves historical assignment intervals (3.1088ms)
✔ RingCentral snapshot rejects unknown and interval gaps (0.6905ms)
✔ RingCentral snapshot excludes inactive source targets (1.8689ms)
✔ active RingCentral snapshot number listing excludes closed history (0.6972ms)
✔ cache invalidation discards an in-flight stale refresh (1.8479ms)
✔ M5 account validator shares one RingCentral inventory load across numbers (2.6577ms)
{"level":"info","time":"2026-09-18T22:46:56.781Z","service":"vantage-main-server","env":"development","msg":"operations_registry.compatibility_read","observability_level":"info","category":"admin","workflow":"operations_registry"}
✔ runtime telemetry exposes bounded resolver health and compatibility counters (3.8941ms)
✔ durable compatibility recording falls back locally when persistence is unavailable (2.8978ms)
✔ durable compatibility events merge across process-local telemetry (0.6841ms)
✔ sanitizeRegistrySnapshot redacts secret-like keys (3.6781ms)
✔ sanitizeRegistrySnapshot bounds oversized nested payloads (0.6047ms)
✔ sanitizeRegistrySnapshot returns null for empty snapshots (0.312ms)
✔ first-class Source Granularity applies draft and revision defaults (20.089ms)
✔ Source Company defaults sheet projection to derived import (11.883ms)
✔ source company write schema rejects embedded granularities and active flag (8.0458ms)
✔ owner-created dynamic source resolves by exact identifier (3.6912ms)
✔ active company default resolves only to an active same-channel record (0.9105ms)
✔ a company identifier falls through to its default when it is not a granularity alias (0.6653ms)
✔ local classification resolves the matching active granularity before the default (0.7248ms)
✔ fallback aliases choose the unique highest priority candidate (0.7258ms)
✔ an inferred unknown company identifier can resolve as a global alias in one pass (0.6313ms)
✔ equal-priority fallback ambiguity fails deterministically (2.1219ms)
✔ inactive exact records and inactive defaults do not resolve (0.6907ms)
✔ all legacy source-label fixtures preserve company attribution (2.3907ms)
✔ resolves without touching the static map (2.7342ms)
✔ empty collection falls back to the static map and emits exactly one compatibility-read event (0.845ms)
✔ ambiguous mapping fails closed and does not consult the static map (0.9904ms)
✔ inactive-Feed mapping fails closed and does not fall back to the static map (0.8777ms)
✔ canonical payload normalizes email, role, method, and path (2.9161ms)
✔ verifyRegistryActor accepts a valid owner signature (2.4134ms)
✔ verifyRegistryActor rejects admin role for owner-only mutation (2.1503ms)
✔ verifyRegistryActor allows admin read access with valid signature (0.9393ms)
✔ verifyRegistryActor rejects missing signature headers (1.0727ms)
✔ verifyRegistryActor rejects expired signatures outside replay window (1.0148ms)
✔ verifyRegistryActor rejects tampered signatures (0.9638ms)
✔ verifyRegistryActor rejects method/path mismatches (1.0156ms)
✔ verifyAdminActorSignature uses constant-time comparison semantics (0.5757ms)
✔ preview unsigned compatibility is disabled in production (0.8748ms)
✔ preview unsigned compatibility never authorizes mutations (0.642ms)
✔ unsigned preview reads require a unique request ID (0.7145ms)
✔ exported header names match dashboard proxy contract (0.3381ms)
✔ extension owner Bearer auth can read agent catalog without signed proxy headers (0.6192ms)
✔ extension owner Bearer auth can create agents without signed proxy headers (0.5012ms)
✔ extension owner Bearer auth cannot mutate non-catalog registry routes (0.6711ms)
✔ extension sales Bearer auth is not a registry actor (0.6987ms)
✔ extension Sales plus Customer Service Bearer auth is not a registry actor (0.6072ms)
✔ booked reconciliation can preview phone/source matched unbooked call lead updates (15.1118ms)
✔ booked reconciliation does not globally phone-match across assigned source companies (2.0594ms)
✔ booked reconciliation warns but allows idempotent sync when phone-matched lead has a different job_no (2.1316ms)
✔ booked reconciliation prefers phone/source candidates without conflicting job_no (2.5255ms)
✔ Path B phone fallback does not read granot_contact_snapshot as identity (1.4379ms)
✔ ownerIdentitySnapshotFromEmail persists snake_case keys required by ReportingDestination (3.483ms)
✔ ReportingDestination rejects camelCase owner identity snapshots (17.5473ms)
✔ ReportingDestination accepts snake_case owner identity from helper (7.2088ms)
✔ Stage 4 stream resumes without duplicates and preserves checksum state (9.0178ms)
✔ Stage 4 stream validates current page dependencies before and after query (1.7702ms)
✔ Stage 4 source read-through is supplied once as a valid UTC instant (0.8291ms)
✔ manifest builds once and validations are page-targeted across pages (1.5717ms)
✔ resume validates the complete manifest before reopening reader (0.8349ms)
✔ mapped contributing dependency fails before output without O(N) validation (1.2023ms)
✔ columnIndexFromLetters matches Google A1 columns including ZZ (4.7194ms)
✔ createHiddenStagingTab stamps markers on a default 26-column Google sheet (4.25ms)
✔ writeOwnershipAndRunMarkers expands an existing 26-column sheet (0.844ms)
✔ writeValuesRaw expands a default grid before writing past the last row (1.6937ms)
✔ registered container confirmed 404 is treated as cleaned_not_found (2.2205ms)
✔ 403 access denied remains refetch_blocked and does not complete run (0.7723ms)
✔ transient provider error remains refetch_blocked and does not complete run (0.5188ms)
✔ confirmed 404 completes run when all registered containers are cleaned (0.2644ms)
✔ partial attempt A cleaned then failed B completes only after B is cleaned on next run (0.2801ms)
✔ live harness prerequisites fail closed when OAuth export root is absent (29.4337ms)
✔ live harness rejects service-account credentials including local file env vars (1.6821ms)
✔ live harness skips without calling Google when prerequisites are absent (5.3357ms)
✔ PII-safe evidence masks file IDs and omits sensitive detail keys (0.5808ms)
✔ live harness evidence log contains no raw PII field names (6.8481ms)
✔ buildLiveTestRunTag produces unique synthetic tags (1.3553ms)
✔ buildLiveTestAppProperties marks harness_container artifacts for janitor selection (0.4935ms)
✔ transient failure wrapper exhausts injected failures (0.3597ms)
✔ positively marked live test artifact requires export root, age, and marker (27.4244ms)
✔ live test google api factory receives explicit OAuth2Client (2.178ms)
✔ live test google api factory rejects service-account env indicators (2.0488ms)
✔ needs_janitor cleanup status remains janitor-eligible (2.7451ms)
✔ registry binding rejects copied-marker sibling not registered for run (3.8057ms)
✔ registry binding rejects export root mismatch (0.5443ms)
✔ denylist proof accepts only OPERATIONAL_WORKBOOK rejection code (0.9928ms)
✔ picker parent mismatch fails before destination denylist check (2.27ms)
✔ export folder env snapshot restores unset variable after early throw path (1.1107ms)
✔ export folder env snapshot restores prior value when variable was set (6.8287ms)
✔ live test run tag format enforces configured prefix pattern (3.536ms)
✔ direct-child invariant rejects nested artifacts (0.4971ms)
✔ known harness run evidence requires harness_container role and markers (1.1202ms)
✔ recursive evidence sanitizer redacts nested sensitive values (3.3796ms)
✔ sanitizeLiveTestString redacts embedded Drive URLs and bearer tokens (1.9323ms)
✔ structured cleanup errors mask file IDs instead of concatenating raw IDs (11.0908ms)
✔ service-account indicators include env, local file vars, and credential file names (16.4508ms)
✔ janitor returns no-op when live tests are disabled (16.8734ms)
✔ worker transient hook consumes only configured run (0.98ms)
✔ janitor selects only positively marked harness_container folders under export root (4.0059ms)
✔ janitor requires persisted harness-run registry authorization (0.7054ms)
✔ janitor honors optional run-tag prefix filter (0.5195ms)
✔ isPositivelyMarkedHarnessContainer rejects non-folder roles and young artifacts (24.216ms)
✔ isPositivelyMarkedLiveTestArtifact rejects young artifacts (0.4772ms)
✔ promotion plan: fresh reserve when ready and no prior reservation (2.3573ms)
✔ promotion plan: takeover recovers applied rename without competing promote (0.4411ms)
✔ promotion plan: takeover of not-applied rename takes new reservation (0.2656ms)
✔ promotion plan: ambiguous google state preserves prior-tab safety (0.2341ms)
✔ promotion reservation filter requires active lease and prior generation (1.9198ms)
✔ promotion lease interleaving: expiry before provider abandons mutate (0.7558ms)
✔ promotion lease interleaving: expiry during provider blocks stale CAS (0.4407ms)
✔ promotion lease interleaving: stale response after takeover cannot CAS (0.4568ms)
✔ promotion lease interleaving: takeover recovers applied rename via CAS only (0.3322ms)
✔ promotion lease interleaving: takeover of not-applied rename re-reserves then promotes (0.4415ms)
✔ promotion CAS requires provider_applied, not merely reserved (0.3014ms)
✔ transient TX errors are not classified as stale (3.997ms)
✔ catalog contains exactly three code-defined @1 datasets and complete contracts (4.7194ms)
✔ owner sorts reject internal and duplicate terms and append ASC tie-breakers (1.8958ms)
✔ deployment allowlist defaults, narrows, and rejects unknown or duplicate tokens (0.712ms)
✔ strict request contracts reject caller scope and arbitrary dataset filters (11.9382ms)
✔ request bounds and formula-safe labels fail before database work (128.4102ms)
✔ cancel wire contract requires idempotencyKey (admin clients must send it) (2.4978ms)
✔ New York date boundaries are half-open across 23 and 25 hour days (345.7937ms)
✔ rolling windows are strict, bounded, fresh, and DST-aware (240.4148ms)
✔ source performance aggregates all related bookings with approved semantics (1.1606ms)
✔ CPL unresolved semantics exclude resolved zero and not-applicable states (0.556ms)
✔ source performance grouping uses stable IDs and ignores label drift (2.0513ms)
✔ representative policies retain temporal and outcome or exception variation (2.1942ms)
✔ lead detail primary booking is one-row deterministic and prefers active state (12.0758ms)
✔ keyset cursor covers rows once and checksums are deterministic (2.2721ms)
✔ destination port is injectable and fails closed on safety or checksum drift (2.2667ms)
✔ destination verification timestamps must be finite, fresh, and not future-skewed (1.8393ms)
✔ destination validation binds identity and strategy-specific shape (3.8576ms)
✔ unresolved cancellation pipeline scopes through canonical booking attribution (2.2928ms)
✔ every orphan predicate narrows granularities per parent company (0.5793ms)
✔ confirmation binds stable destination identity; health refresh stays valid (11.1452ms)
✔ owner destination checksum treats zero available cells as a real capacity, not missing (0.8864ms)
✔ confirmation evidence binds actor, idempotency key, and immutable fingerprint (2.7511ms)
✔ concurrent confirmation duplicate keys are recognized without a 500 race (0.3871ms)
✔ snapshot adapter contract records a token and fails closed when unavailable (0.884ms)
✔ unchanged leadless booking manifest entries retain job and source fingerprints (20.5222ms)
✔ changed leadless booking job or source data invalidates its manifest entry (5.2803ms)
✔ sample evidence is keyed opaque HMAC rather than raw SHA (2.1404ms)
✔ execution package mandates literal RAW spreadsheet writes (1.7987ms)
✔ query budgets reject oversized materialization and page requests before reads (0.8439ms)
✔ estimates distinguish exact and safe upper bounds without truncation (0.7933ms)
✔ run failures are fixed safe envelopes and unsafe fields are never exposed (2.1639ms)
✔ reporting lifecycle audit payloads contain only safe identifiers and counts (1.1491ms)
✔ source read-through capture is fenced by active lease owner and epoch (0.9756ms)
✔ revision checksum survives Mongo minimize of empty filters (1.6978ms)
✔ revision checksum verification detects tampering and bulk mutation is blocked (1.6647ms)
✔ unexpected reporting errors serialize to a generic 500 response (0.8107ms)
✔ reporting routes preserve RegistryError status and reject malformed IDs (1.0358ms)
✔ reporting routes surface destination AppErrors instead of a generic 500 (0.8012ms)
✔ incomplete operational workbook safety fails closed without leaking keys (0.4175ms)
✔ reporting routes expose the deployment kill switch without leaking config (0.3324ms)
✔ run confirmation HMAC uses VANTAGE_API_SECRET when API_SECRET is unset (1.187ms)
✔ missing reporting confirmation secrets fail closed with a safe 503 (1.2568ms)
✔ persistence models expose required indexes and immutable revision middleware (2.4604ms)
✔ regression 1: queue consumer registers Stage 4 foundation before work (3.5248ms)
✔ regression 4: read-back recomputes deterministic content checksum (11.9268ms)
✔ regression 5: published managed tab verified before staging and promotion (3.7081ms)
✔ regression 6: cleanup does not overwrite delivery terminal status (14.3374ms)
✔ regression 7: artifact creation recovers one positively marked artifact (6.1891ms)
✔ regression 8: resume always fully validates persisted manifest entries/maps (4.6717ms)
✔ regression 9: trash requires ownedByMe, MIME, identity, and Drive appProperties (1.2084ms)
✔ regression 11: promotion ambiguity preserves old tab and never deletes by name (7.3787ms)
✔ regression: empty report checksum equals initial accumulator (0.7393ms)
✔ regression 2/3: lease fence helpers abort on false without Google side effects (408.1337ms)
✔ regression 8b: resume validates entries even with no stream checkpoint (0.6563ms)
✔ regression 10: cancel requires and replays idempotency keys (21.0974ms)
✔ regression 2b: destination CAS after promotion updates managed immutable id (13.094ms)
✔ regression: upper-bound verification never reads estimate headroom (28.926ms)
✔ regression: title change resolved by immutable sheet ID on resume (1.4232ms)
✔ regression: ambiguous marker tampering refuses promotion (2.1332ms)
✔ regression: destination lineage accepts proven replace_tab advancement (29.1346ms)
✔ regression: phase-aware transition skips advanced status without LEASE_LOST (3.1714ms)
✔ regression: delivery fence rejects forged fence fields and stale epoch predicate (12.2945ms)
✔ regression: stale-worker fence bind loses to lease takeover (5.8213ms)
✔ regression: LeaseLost after promote CAS never terminal-fails run (3.5719ms)
✔ regression: retryable provider abandon does not terminal-fail (4.4777ms)
✔ regression: snapshot terminal consistency refuses delivery-completed + run-failed (5.8099ms)
✔ regression: fence bind TX interleaves with lease takeover (4.991ms)
✔ regression: already-promoted recovery requires content verify not title-only (16.2299ms)
✔ regression: CAS-resume path refuses tampered markers and trailing edits (2.9507ms)
✔ regression: worker maps destination ReportingErrors to destination failures (1.7724ms)
✔ regression: Google 400 marker write maps to INTERNAL_FAILURE with provider_status (8.7622ms)
✔ regression: destination stable identity ignores volatile health timestamps (9.0594ms)
✔ acceptance 10: denylist rejects every registered operational workbook id (3.7488ms)
✔ acceptance 11: human-created tab takeover is refused by staging ownership markers (3.1959ms)
✔ acceptance 12: capacity feedback refuses silent truncation (0.8246ms)
✔ acceptance 13/14: bounded RAW writes, idempotent replay, and checksum-safe progress (16.3904ms)
✔ acceptance 13: ambiguous provider timeout replays exact range after read-back (2.6074ms)
✔ acceptance 15/16: staging verification/promotion and failed replacement preserves old tab (6.1874ms)
✔ acceptance 17: incomplete snapshot cleanup only trashes positively marked workbooks (12.0194ms)
✔ cleanup janitor never trashes a completed snapshot artifact (0.9601ms)
✔ acceptance 19: PII is excluded from provider failures, checkpoints, and delivery reads (1.9628ms)
✔ RAW semantics reject formula-shaped cells and require literal serialization (0.9245ms)
✔ persisted manifests reject row payloads and validate resume identity (1.4747ms)
✔ lease fencing failure codes remain typed and PII-safe (0.5965ms)
✔ operational workbook denylist rejects registered workbook IDs (10.8837ms)
✔ operational workbook denylist fails closed when configuration is incomplete (0.6048ms)
✔ managed tab verification rejects human-created name collisions (2.1813ms)
✔ managed tab verification rejects tabs without a Vantage ownership marker (1.1445ms)
✔ managed tab verification accepts a matching Vantage marker (1.7879ms)
✔ destination snapshot validation rejects operational workbook matches (2.0403ms)
✔ managed tab rename preserves immutable sheet ID and revalidates ownership (0.6543ms)
✔ destination read projection omits connection and actor credentials (0.9463ms)
✔ destination snapshot validation rejects stale health timestamps (0.9502ms)
✔ replace-tab capacity subtracts every existing workbook grid (0.6987ms)
✔ replace-tab capacity fails closed without grid metadata (1.5701ms)
✔ reporting observability defines operational alert event keys (2.3199ms)
✔ findReportingStuckRuns respects phase age threshold (2.5626ms)
✔ normalizePhoneNumberToE164Like handles common RingCentral number shapes (2.2944ms)
✔ RingCentral inbound target numbers resolve to configured source metadata (1.5918ms)
✔ RingCentral source labels are consistent with source company mapping (0.3411ms)
✔ normalizer preserves telephony facts before registry qualification (0.9092ms)
✔ normalizer uses an explicit provider call start and never notification time (0.5798ms)
✔ candidate folding preserves answeredAt from an older delayed event (1.2385ms)
✔ sample answered inbound event is pending immediately and qualifies after elapsed buffer (0.8801ms)
✔ evaluator rejects outbound calls (0.3118ms)
✔ evaluator rejects inbound calls to unknown numbers (0.3179ms)
✔ evaluator keeps live inbound target calls candidate until answered (0.4068ms)
✔ evaluator rejects terminal inbound target calls that were not answered (3.598ms)
✔ evaluator distinguishes live and terminal answered calls under 120 seconds (0.5484ms)
✔ evaluator qualifies inbound target calls answered over 120 seconds (0.474ms)
✔ evaluator rejects missed calls without answered evidence (0.3413ms)
﹣ [AC-17] Unit 21 replica lease, cursor, overlap, and rescan proof (2.0061ms) # Replica-set proof is opt-in via GRANOT_LIFECYCLE_REPLICA_TESTS=true.
✔ [AC-17] lease owner identity is bounded, opaque, and per invocation (1.914ms)
✔ [AC-17] masked owner is a short stable digest and never leaks the owner (0.6416ms)
✔ [AC-17] singleton key index contract is the exact unique key index (1.9411ms)
✔ persisted run failure codes are a bounded, non-sensitive set (0.5627ms)
﹣ [AC-17] Mongo state lease elects exactly one winner (0.8396ms) # Replica-set proof is opt-in via GRANOT_LIFECYCLE_REPLICA_TESTS=true.
{"level":"info","time":"2026-09-18T22:47:11.560Z","service":"vantage-main-server","env":"development","msg":"ringcentral.call_log_sync.lease_contended","leaseOwnerHash":"e0e92466da53"}
✔ [AC-17] the lease loser performs no provider, route, ingest, or state work (9.2858ms)
✔ [AC-17] two overlapping invocations produce exactly one winner (3.7576ms)
✔ [AC-17] the winner claims before any provider or ingest work (2.9917ms)
✔ [AC-17] a complete successful run advances the cursor exactly once (2.1057ms)
✔ [AC-17] every failure stage leaves the cursor unchanged (6.359ms)
✔ [AC-17] an observed provider throttle is counted and blocks cursor movement (2.2316ms)
✔ [AC-17] a run with no throttling reports zero throttles (1.507ms)
✔ [AC-17] terminal write failure loses the fence and moves no cursor (2.1581ms)
✔ [AC-17] losing the lease mid-run stops work and writes nothing (1.6011ms)
✔ [AC-17] the lease is renewed while long work remains (1.8394ms)
✔ [AC-17] a failed fenced error write degrades to a PII-safe lease-lost event (0.919ms)
✔ [AC-17] expired-lease recovery is reported without erasing terminal facts (1.0878ms)
✔ [AC-17] the rolling lookback stays exactly 12 hours for a first run (0.9188ms)
✔ [AC-17] the rolling lookback stays exactly 12 hours at a 30-minute cadence (0.6211ms)
✔ [AC-17] a cursor older than the floor keeps its overlap window (0.5863ms)
✔ [AC-17] the winner's window end is its own claim instant (0.7508ms)
✔ [AC-17] pagination stops at a short page and continues through full pages (0.701ms)
✔ a newest-first Call Log page ingests oldest-first so same-run Duplicate Leads classify (0.574ms)
✔ Call Log pages across a newest-first split still ingest oldest-first in one run (0.7305ms)
✔ [AC-17] Call Log telemetry and events carry no caller or provider content (1.532ms)
✔ [AC-17] emitted lease events expose only a masked owner and bounded fields (1.0808ms)
✔ [AC-17] the run summary itself exposes no caller data (0.7974ms)
{"level":"info","time":"2026-09-18T22:47:11.561Z","service":"vantage-main-server","env":"development","msg":"ringcentral.call_log_sync.lease_contended","observability_level":"info","category":"ringcentral","workflow":"ringcentral_call_log_sync","run_id":"2026-08-18T12:00:00.000Z"}
{"level":"info","time":"2026-09-18T22:47:11.567Z","service":"vantage-main-server","env":"development","msg":"ringcentral.call_log_sync.started","observability_level":"info","category":"ringcentral","workflow":"ringcentral_call_log_sync","run_id":"2026-08-18T12:00:00.000Z"}
{"level":"info","time":"2026-09-18T22:47:11.567Z","service":"vantage-main-server","env":"development","msg":"ringcentral.call_log_sync.lease_contended","leaseOwnerHash":"8cefb43f6f11"}
{"level":"info","time":"2026-09-18T22:47:11.567Z","service":"vantage-main-server","env":"development","msg":"ringcentral.call_log_sync.lease_contended","observability_level":"info","category":"ringcentral","workflow":"ringcentral_call_log_sync","run_id":"2026-08-18T12:00:00.000Z"}
{"level":"info","time":"2026-09-18T22:47:11.568Z","service":"vantage-main-server","env":"development","msg":"ringcentral.call_log_sync.completed","ranAt":"2026-08-18T12:00:00.000Z","windowFrom":"2026-08-18T00:00:00.000Z","windowTo":"2026-08-18T12:00:00.000Z","leaseOwnerHash":"7408b41fbeb6","leaseAcquired":true,"leaseRecovered":false,"leaseLost":false,"skipped":false,"skipReason":null,"runtimeMs":0,"fetchedRecords":0,"candidateRecords":0,"qualifiedRecords":0,"ingestActions":{"lead_created":0,"lead_created_duplicate":0,"lead_adopted":0,"lead_adopted_duplicate":0,"shadow_recorded":0,"dry_run":0,"skipped_already_processed":0},"adoptedRecords":0,"adoptionConflicts":0,"throttledResponses":0,"leadsCreated":0,"duplicatesFlagged":0,"cursorAdvanced":true,"errors":[]}
{"level":"info","time":"2026-09-18T22:47:11.568Z","service":"vantage-main-server","env":"development","msg":"ringcentral.call_log_sync.completed","observability_level":"info","category":"ringcentral","workflow":"ringcentral_call_log_sync","run_id":"2026-08-18T12:00:00.000Z"}
{"level":"info","time":"2026-09-18T22:47:11.570Z","service":"vantage-main-server","env":"development","msg":"ringcentral.call_log_sync.started","observability_level":"info","category":"ringcentral","workflow":"ringcentral_call_log_sync","run_id":"2026-08-18T12:00:00.000Z"}
{"level":"info","time":"2026-09-18T22:47:11.571Z","service":"vantage-main-server","env":"development","msg":"ringcentral.call_log_sync.completed","ranAt":"2026-08-18T12:00:00.000Z","windowFrom":"2026-08-18T00:00:00.000Z","windowTo":"2026-08-18T12:00:00.000Z","leaseOwnerHash":"e0e92466da53","leaseAcquired":true,"leaseRecovered":false,"leaseLost":false,"skipped":false,"skipReason":null,"runtimeMs":30,"fetchedRecords":1,"candidateRecords":1,"qualifiedRecords":1,"ingestActions":{"lead_created":0,"lead_created_duplicate":0,"lead_adopted":0,"lead_adopted_duplicate":0,"shadow_recorded":0,"dry_run":1,"skipped_already_processed":0},"adoptedRecords":0,"adoptionConflicts":0,"throttledResponses":0,"leadsCreated":0,"duplicatesFlagged":0,"cursorAdvanced":true,"errors":[]}
{"level":"info","time":"2026-09-18T22:47:11.571Z","service":"vantage-main-server","env":"development","msg":"ringcentral.call_log_sync.completed","observability_level":"info","category":"ringcentral","workflow":"ringcentral_call_log_sync","run_id":"2026-08-18T12:00:00.000Z"}
{"level":"info","time":"2026-09-18T22:47:11.573Z","service":"vantage-main-server","env":"development","msg":"ringcentral.call_log_sync.started","observability_level":"info","category":"ringcentral","workflow":"ringcentral_call_log_sync","run_id":"2026-08-18T12:00:00.000Z"}
{"level":"info","time":"2026-09-18T22:47:11.573Z","service":"vantage-main-server","env":"development","msg":"ringcentral.call_log_sync.completed","ranAt":"2026-08-18T12:00:00.000Z","windowFrom":"2026-08-18T00:00:00.000Z","windowTo":"2026-08-18T12:00:00.000Z","leaseOwnerHash":"e0e92466da53","leaseAcquired":true,"leaseRecovered":false,"leaseLost":false,"skipped":false,"skipReason":null,"runtimeMs":40,"fetchedRecords":2,"candidateRecords":2,"qualifiedRecords":2,"ingestActions":{"lead_created":0,"lead_created_duplicate":1,"lead_adopted":1,"lead_adopted_duplicate":0,"shadow_recorded":0,"dry_run":0,"skipped_already_processed":0},"adoptedRecords":1,"adoptionConflicts":1,"throttledResponses":0,"leadsCreated":1,"duplicatesFlagged":1,"cursorAdvanced":true,"errors":[]}
{"level":"info","time":"2026-09-18T22:47:11.573Z","service":"vantage-main-server","env":"development","msg":"ringcentral.call_log_sync.completed","observability_level":"info","category":"ringcentral","workflow":"ringcentral_call_log_sync","run_id":"2026-08-18T12:00:00.000Z"}
{"level":"info","time":"2026-09-18T22:47:11.576Z","service":"vantage-main-server","env":"development","msg":"ringcentral.call_log_sync.started","observability_level":"info","category":"ringcentral","workflow":"ringcentral_call_log_sync","run_id":"2026-08-18T12:00:00.000Z"}
{"level":"error","time":"2026-09-18T22:47:11.576Z","service":"vantage-main-server","env":"development","msg":"ringcentral.call_log_sync.failed","leaseOwnerHash":"e0e92466da53","stage":"route_snapshot","errorCode":"route_snapshot_failed","windowFrom":"2026-08-18T00:00:00.000Z","windowTo":"2026-08-18T12:00:00.000Z"}
{"level":"error","time":"2026-09-18T22:47:11.576Z","service":"vantage-main-server","env":"development","msg":"ringcentral.call_log_sync.failed","observability_level":"error","category":"ringcentral","workflow":"ringcentral_call_log_sync","run_id":"2026-08-18T12:00:00.000Z"}
{"level":"info","time":"2026-09-18T22:47:11.577Z","service":"vantage-main-server","env":"development","msg":"ringcentral.call_log_sync.started","observability_level":"info","category":"ringcentral","workflow":"ringcentral_call_log_sync","run_id":"2026-08-18T12:00:00.000Z"}
{"level":"error","time":"2026-09-18T22:47:11.577Z","service":"vantage-main-server","env":"development","msg":"ringcentral.call_log_sync.failed","leaseOwnerHash":"e0e92466da53","stage":"provider_fetch","errorCode":"provider_request_failed","windowFrom":"2026-08-18T00:00:00.000Z","windowTo":"2026-08-18T12:00:00.000Z"}
{"level":"error","time":"2026-09-18T22:47:11.577Z","service":"vantage-main-server","env":"development","msg":"ringcentral.call_log_sync.failed","observability_level":"error","category":"ringcentral","workflow":"ringcentral_call_log_sync","run_id":"2026-08-18T12:00:00.000Z"}
{"level":"info","time":"2026-09-18T22:47:11.578Z","service":"vantage-main-server","env":"development","msg":"ringcentral.call_log_sync.started","observability_level":"info","category":"ringcentral","workflow":"ringcentral_call_log_sync","run_id":"2026-08-18T12:00:00.000Z"}
{"level":"error","time":"2026-09-18T22:47:11.579Z","service":"vantage-main-server","env":"development","msg":"ringcentral.call_log_sync.failed","leaseOwnerHash":"e0e92466da53","stage":"provider_fetch","errorCode":"provider_throttled","windowFrom":"2026-08-18T00:00:00.000Z","windowTo":"2026-08-18T12:00:00.000Z"}
{"level":"error","time":"2026-09-18T22:47:11.579Z","service":"vantage-main-server","env":"development","msg":"ringcentral.call_log_sync.failed","observability_level":"error","category":"ringcentral","workflow":"ringcentral_call_log_sync","run_id":"2026-08-18T12:00:00.000Z"}
{"level":"info","time":"2026-09-18T22:47:11.579Z","service":"vantage-main-server","env":"development","msg":"ringcentral.call_log_sync.started","observability_level":"info","category":"ringcentral","workflow":"ringcentral_call_log_sync","run_id":"2026-08-18T12:00:00.000Z"}
{"level":"error","time":"2026-09-18T22:47:11.580Z","service":"vantage-main-server","env":"development","msg":"ringcentral.call_log_sync.failed","leaseOwnerHash":"e0e92466da53","stage":"ingest","errorCode":"ingest_failed","windowFrom":"2026-08-18T00:00:00.000Z","windowTo":"2026-08-18T12:00:00.000Z"}
{"level":"error","time":"2026-09-18T22:47:11.580Z","service":"vantage-main-server","env":"development","msg":"ringcentral.call_log_sync.failed","observability_level":"error","category":"ringcentral","workflow":"ringcentral_call_log_sync","run_id":"2026-08-18T12:00:00.000Z"}
{"level":"info","time":"2026-09-18T22:47:11.581Z","service":"vantage-main-server","env":"development","msg":"ringcentral.call_log_sync.started","observability_level":"info","category":"ringcentral","workflow":"ringcentral_call_log_sync","run_id":"2026-08-18T12:00:00.000Z"}
{"level":"error","time":"2026-09-18T22:47:11.582Z","service":"vantage-main-server","env":"development","msg":"ringcentral.call_log_sync.failed","leaseOwnerHash":"e0e92466da53","stage":"provider_fetch","errorCode":"provider_throttled","windowFrom":"2026-08-18T00:00:00.000Z","windowTo":"2026-08-18T12:00:00.000Z"}
{"level":"error","time":"2026-09-18T22:47:11.582Z","service":"vantage-main-server","env":"development","msg":"ringcentral.call_log_sync.failed","observability_level":"error","category":"ringcentral","workflow":"ringcentral_call_log_sync","run_id":"2026-08-18T12:00:00.000Z"}
{"level":"info","time":"2026-09-18T22:47:11.584Z","service":"vantage-main-server","env":"development","msg":"ringcentral.call_log_sync.started","observability_level":"info","category":"ringcentral","workflow":"ringcentral_call_log_sync","run_id":"2026-08-18T12:00:00.000Z"}
{"level":"info","time":"2026-09-18T22:47:11.584Z","service":"vantage-main-server","env":"development","msg":"ringcentral.call_log_sync.completed","ranAt":"2026-08-18T12:00:00.000Z","windowFrom":"2026-08-18T00:00:00.000Z","windowTo":"2026-08-18T12:00:00.000Z","leaseOwnerHash":"e0e92466da53","leaseAcquired":true,"leaseRecovered":false,"leaseLost":false,"skipped":false,"skipReason":null,"runtimeMs":30,"fetchedRecords":1,"candidateRecords":1,"qualifiedRecords":1,"ingestActions":{"lead_created":0,"lead_created_duplicate":0,"lead_adopted":0,"lead_adopted_duplicate":0,"shadow_recorded":0,"dry_run":1,"skipped_already_processed":0},"adoptedRecords":0,"adoptionConflicts":0,"throttledResponses":0,"leadsCreated":0,"duplicatesFlagged":0,"cursorAdvanced":true,"errors":[]}
{"level":"info","time":"2026-09-18T22:47:11.584Z","service":"vantage-main-server","env":"development","msg":"ringcentral.call_log_sync.completed","observability_level":"info","category":"ringcentral","workflow":"ringcentral_call_log_sync","run_id":"2026-08-18T12:00:00.000Z"}
{"level":"info","time":"2026-09-18T22:47:11.585Z","service":"vantage-main-server","env":"development","msg":"ringcentral.call_log_sync.started","observability_level":"info","category":"ringcentral","workflow":"ringcentral_call_log_sync","run_id":"2026-08-18T12:00:00.000Z"}
{"level":"warn","time":"2026-09-18T22:47:11.586Z","service":"vantage-main-server","env":"development","msg":"ringcentral.call_log_sync.lease_lost","leaseOwnerHash":"e0e92466da53","stage":"state_write"}
{"level":"warn","time":"2026-09-18T22:47:11.586Z","service":"vantage-main-server","env":"development","msg":"ringcentral.call_log_sync.lease_lost","observability_level":"warn","category":"ringcentral","workflow":"ringcentral_call_log_sync","run_id":"2026-08-18T12:00:00.000Z"}
{"level":"info","time":"2026-09-18T22:47:11.588Z","service":"vantage-main-server","env":"development","msg":"ringcentral.call_log_sync.started","observability_level":"info","category":"ringcentral","workflow":"ringcentral_call_log_sync","run_id":"2026-08-18T12:00:00.000Z"}
{"level":"warn","time":"2026-09-18T22:47:11.588Z","service":"vantage-main-server","env":"development","msg":"ringcentral.call_log_sync.lease_lost","leaseOwnerHash":"e0e92466da53","stage":"lease"}
{"level":"warn","time":"2026-09-18T22:47:11.588Z","service":"vantage-main-server","env":"development","msg":"ringcentral.call_log_sync.lease_lost","observability_level":"warn","category":"ringcentral","workflow":"ringcentral_call_log_sync","run_id":"2026-08-18T12:00:00.000Z"}
{"level":"info","time":"2026-09-18T22:47:11.589Z","service":"vantage-main-server","env":"development","msg":"ringcentral.call_log_sync.started","observability_level":"info","category":"ringcentral","workflow":"ringcentral_call_log_sync","run_id":"2026-08-18T12:00:00.000Z"}
{"level":"info","time":"2026-09-18T22:47:11.590Z","service":"vantage-main-server","env":"development","msg":"ringcentral.call_log_sync.completed","ranAt":"2026-08-18T12:00:00.000Z","windowFrom":"2026-08-18T00:00:00.000Z","windowTo":"2026-08-18T12:00:00.000Z","leaseOwnerHash":"e0e92466da53","leaseAcquired":true,"leaseRecovered":false,"leaseLost":false,"skipped":false,"skipReason":null,"runtimeMs":80,"fetchedRecords":6,"candidateRecords":6,"qualifiedRecords":6,"ingestActions":{"lead_created":0,"lead_created_duplicate":0,"lead_adopted":0,"lead_adopted_duplicate":0,"shadow_recorded":0,"dry_run":6,"skipped_already_processed":0},"adoptedRecords":0,"adoptionConflicts":0,"throttledResponses":0,"leadsCreated":0,"duplicatesFlagged":0,"cursorAdvanced":true,"errors":[]}
{"level":"info","time":"2026-09-18T22:47:11.590Z","service":"vantage-main-server","env":"development","msg":"ringcentral.call_log_sync.completed","observability_level":"info","category":"ringcentral","workflow":"ringcentral_call_log_sync","run_id":"2026-08-18T12:00:00.000Z"}
{"level":"info","time":"2026-09-18T22:47:11.591Z","service":"vantage-main-server","env":"development","msg":"ringcentral.call_log_sync.started","observability_level":"info","category":"ringcentral","workflow":"ringcentral_call_log_sync","run_id":"2026-08-18T12:00:00.000Z"}
{"level":"warn","time":"2026-09-18T22:47:11.591Z","service":"vantage-main-server","env":"development","msg":"ringcentral.call_log_sync.lease_lost","leaseOwnerHash":"e0e92466da53","stage":"route_snapshot"}
{"level":"warn","time":"2026-09-18T22:47:11.591Z","service":"vantage-main-server","env":"development","msg":"ringcentral.call_log_sync.lease_lost","observability_level":"warn","category":"ringcentral","workflow":"ringcentral_call_log_sync","run_id":"2026-08-18T12:00:00.000Z"}
{"level":"info","time":"2026-09-18T22:47:11.592Z","service":"vantage-main-server","env":"development","msg":"ringcentral.call_log_sync.started","observability_level":"info","category":"ringcentral","workflow":"ringcentral_call_log_sync","run_id":"2026-08-18T12:00:00.000Z"}
{"level":"warn","time":"2026-09-18T22:47:11.592Z","service":"vantage-main-server","env":"development","msg":"ringcentral.call_log_sync.lease_recovered","leaseOwnerHash":"e0e92466da53"}
{"level":"warn","time":"2026-09-18T22:47:11.592Z","service":"vantage-main-server","env":"development","msg":"ringcentral.call_log_sync.lease_recovered","observability_level":"warn","category":"ringcentral","workflow":"ringcentral_call_log_sync","run_id":"2026-08-18T12:00:00.000Z"}
{"level":"info","time":"2026-09-18T22:47:11.593Z","service":"vantage-main-server","env":"development","msg":"ringcentral.call_log_sync.completed","ranAt":"2026-08-18T12:00:00.000Z","windowFrom":"2026-08-18T00:00:00.000Z","windowTo":"2026-08-18T12:00:00.000Z","leaseOwnerHash":"e0e92466da53","leaseAcquired":true,"leaseRecovered":true,"leaseLost":false,"skipped":false,"skipReason":null,"runtimeMs":20,"fetchedRecords":0,"candidateRecords":0,"qualifiedRecords":0,"ingestActions":{"lead_created":0,"lead_created_duplicate":0,"lead_adopted":0,"lead_adopted_duplicate":0,"shadow_recorded":0,"dry_run":0,"skipped_already_processed":0},"adoptedRecords":0,"adoptionConflicts":0,"throttledResponses":0,"leadsCreated":0,"duplicatesFlagged":0,"cursorAdvanced":true,"errors":[]}
{"level":"info","time":"2026-09-18T22:47:11.593Z","service":"vantage-main-server","env":"development","msg":"ringcentral.call_log_sync.completed","observability_level":"info","category":"ringcentral","workflow":"ringcentral_call_log_sync","run_id":"2026-08-18T12:00:00.000Z"}
{"level":"info","time":"2026-09-18T22:47:11.593Z","service":"vantage-main-server","env":"development","msg":"ringcentral.call_log_sync.started","observability_level":"info","category":"ringcentral","workflow":"ringcentral_call_log_sync","run_id":"2026-08-18T12:00:00.000Z"}
{"level":"info","time":"2026-09-18T22:47:11.594Z","service":"vantage-main-server","env":"development","msg":"ringcentral.call_log_sync.completed","ranAt":"2026-08-18T12:00:00.000Z","windowFrom":"2026-08-18T00:00:00.000Z","windowTo":"2026-08-18T12:00:00.000Z","leaseOwnerHash":"e0e92466da53","leaseAcquired":true,"leaseRecovered":false,"leaseLost":false,"skipped":false,"skipReason":null,"runtimeMs":20,"fetchedRecords":0,"candidateRecords":0,"qualifiedRecords":0,"ingestActions":{"lead_created":0,"lead_created_duplicate":0,"lead_adopted":0,"lead_adopted_duplicate":0,"shadow_recorded":0,"dry_run":0,"skipped_already_processed":0},"adoptedRecords":0,"adoptionConflicts":0,"throttledResponses":0,"leadsCreated":0,"duplicatesFlagged":0,"cursorAdvanced":true,"errors":[]}
{"level":"info","time":"2026-09-18T22:47:11.594Z","service":"vantage-main-server","env":"development","msg":"ringcentral.call_log_sync.completed","observability_level":"info","category":"ringcentral","workflow":"ringcentral_call_log_sync","run_id":"2026-08-18T12:00:00.000Z"}
{"level":"info","time":"2026-09-18T22:47:11.594Z","service":"vantage-main-server","env":"development","msg":"ringcentral.call_log_sync.started","observability_level":"info","category":"ringcentral","workflow":"ringcentral_call_log_sync","run_id":"2026-08-18T12:00:00.000Z"}
{"level":"info","time":"2026-09-18T22:47:11.594Z","service":"vantage-main-server","env":"development","msg":"ringcentral.call_log_sync.completed","ranAt":"2026-08-18T12:00:00.000Z","windowFrom":"2026-08-18T00:00:00.000Z","windowTo":"2026-08-18T12:00:00.000Z","leaseOwnerHash":"e0e92466da53","leaseAcquired":true,"leaseRecovered":false,"leaseLost":false,"skipped":false,"skipReason":null,"runtimeMs":20,"fetchedRecords":0,"candidateRecords":0,"qualifiedRecords":0,"ingestActions":{"lead_created":0,"lead_created_duplicate":0,"lead_adopted":0,"lead_adopted_duplicate":0,"shadow_recorded":0,"dry_run":0,"skipped_already_processed":0},"adoptedRecords":0,"adoptionConflicts":0,"throttledResponses":0,"leadsCreated":0,"duplicatesFlagged":0,"cursorAdvanced":true,"errors":[]}
{"level":"info","time":"2026-09-18T22:47:11.594Z","service":"vantage-main-server","env":"development","msg":"ringcentral.call_log_sync.completed","observability_level":"info","category":"ringcentral","workflow":"ringcentral_call_log_sync","run_id":"2026-08-18T12:00:00.000Z"}
{"level":"info","time":"2026-09-18T22:47:11.595Z","service":"vantage-main-server","env":"development","msg":"ringcentral.call_log_sync.started","observability_level":"info","category":"ringcentral","workflow":"ringcentral_call_log_sync","run_id":"2026-08-18T12:00:00.000Z"}
{"level":"info","time":"2026-09-18T22:47:11.595Z","service":"vantage-main-server","env":"development","msg":"ringcentral.call_log_sync.completed","ranAt":"2026-08-18T12:00:00.000Z","windowFrom":"2026-08-17T15:45:00.000Z","windowTo":"2026-08-18T12:00:00.000Z","leaseOwnerHash":"e0e92466da53","leaseAcquired":true,"leaseRecovered":false,"leaseLost":false,"skipped":false,"skipReason":null,"runtimeMs":20,"fetchedRecords":0,"candidateRecords":0,"qualifiedRecords":0,"ingestActions":{"lead_created":0,"lead_created_duplicate":0,"lead_adopted":0,"lead_adopted_duplicate":0,"shadow_recorded":0,"dry_run":0,"skipped_already_processed":0},"adoptedRecords":0,"adoptionConflicts":0,"throttledResponses":0,"leadsCreated":0,"duplicatesFlagged":0,"cursorAdvanced":true,"errors":[]}
{"level":"info","time":"2026-09-18T22:47:11.595Z","service":"vantage-main-server","env":"development","msg":"ringcentral.call_log_sync.completed","observability_level":"info","category":"ringcentral","workflow":"ringcentral_call_log_sync","run_id":"2026-08-18T12:00:00.000Z"}
{"level":"info","time":"2026-09-18T22:47:11.596Z","service":"vantage-main-server","env":"development","msg":"ringcentral.call_log_sync.started","observability_level":"info","category":"ringcentral","workflow":"ringcentral_call_log_sync","run_id":"2026-08-18T12:00:00.000Z"}
{"level":"info","time":"2026-09-18T22:47:11.596Z","service":"vantage-main-server","env":"development","msg":"ringcentral.call_log_sync.completed","ranAt":"2026-08-18T12:00:00.000Z","windowFrom":"2026-08-18T00:00:00.000Z","windowTo":"2026-08-18T12:00:00.000Z","leaseOwnerHash":"e0e92466da53","leaseAcquired":true,"leaseRecovered":false,"leaseLost":false,"skipped":false,"skipReason":null,"runtimeMs":20,"fetchedRecords":0,"candidateRecords":0,"qualifiedRecords":0,"ingestActions":{"lead_created":0,"lead_created_duplicate":0,"lead_adopted":0,"lead_adopted_duplicate":0,"shadow_recorded":0,"dry_run":0,"skipped_already_processed":0},"adoptedRecords":0,"adoptionConflicts":0,"throttledResponses":0,"leadsCreated":0,"duplicatesFlagged":0,"cursorAdvanced":true,"errors":[]}
{"level":"info","time":"2026-09-18T22:47:11.596Z","service":"vantage-main-server","env":"development","msg":"ringcentral.call_log_sync.completed","observability_level":"info","category":"ringcentral","workflow":"ringcentral_call_log_sync","run_id":"2026-08-18T12:00:00.000Z"}
{"level":"info","time":"2026-09-18T22:47:11.596Z","service":"vantage-main-server","env":"development","msg":"ringcentral.call_log_sync.started","observability_level":"info","category":"ringcentral","workflow":"ringcentral_call_log_sync","run_id":"2026-08-18T12:00:00.000Z"}
{"level":"info","time":"2026-09-18T22:47:11.596Z","service":"vantage-main-server","env":"development","msg":"ringcentral.call_log_sync.completed","ranAt":"2026-08-18T12:00:00.000Z","windowFrom":"2026-08-18T00:00:00.000Z","windowTo":"2026-08-18T12:00:00.000Z","leaseOwnerHash":"e0e92466da53","leaseAcquired":true,"leaseRecovered":false,"leaseLost":false,"skipped":false,"skipReason":null,"runtimeMs":60,"fetchedRecords":3,"candidateRecords":3,"qualifiedRecords":3,"ingestActions":{"lead_created":0,"lead_created_duplicate":0,"lead_adopted":0,"lead_adopted_duplicate":0,"shadow_recorded":0,"dry_run":3,"skipped_already_processed":0},"adoptedRecords":0,"adoptionConflicts":0,"throttledResponses":0,"leadsCreated":0,"duplicatesFlagged":0,"cursorAdvanced":true,"errors":[]}
{"level":"info","time":"2026-09-18T22:47:11.597Z","service":"vantage-main-server","env":"development","msg":"ringcentral.call_log_sync.completed","observability_level":"info","category":"ringcentral","workflow":"ringcentral_call_log_sync","run_id":"2026-08-18T12:00:00.000Z"}
{"level":"info","time":"2026-09-18T22:47:11.597Z","service":"vantage-main-server","env":"development","msg":"ringcentral.call_log_sync.started","observability_level":"info","category":"ringcentral","workflow":"ringcentral_call_log_sync","run_id":"2026-08-18T12:00:00.000Z"}
{"level":"info","time":"2026-09-18T22:47:11.597Z","service":"vantage-main-server","env":"development","msg":"ringcentral.call_log_sync.completed","ranAt":"2026-08-18T12:00:00.000Z","windowFrom":"2026-08-18T00:00:00.000Z","windowTo":"2026-08-18T12:00:00.000Z","leaseOwnerHash":"e0e92466da53","leaseAcquired":true,"leaseRecovered":false,"leaseLost":false,"skipped":false,"skipReason":null,"runtimeMs":40,"fetchedRecords":2,"candidateRecords":2,"qualifiedRecords":2,"ingestActions":{"lead_created":0,"lead_created_duplicate":0,"lead_adopted":0,"lead_adopted_duplicate":0,"shadow_recorded":0,"dry_run":2,"skipped_already_processed":0},"adoptedRecords":0,"adoptionConflicts":0,"throttledResponses":0,"leadsCreated":0,"duplicatesFlagged":0,"cursorAdvanced":true,"errors":[]}
{"level":"info","time":"2026-09-18T22:47:11.597Z","service":"vantage-main-server","env":"development","msg":"ringcentral.call_log_sync.completed","observability_level":"info","category":"ringcentral","workflow":"ringcentral_call_log_sync","run_id":"2026-08-18T12:00:00.000Z"}
{"level":"info","time":"2026-09-18T22:47:11.598Z","service":"vantage-main-server","env":"development","msg":"ringcentral.call_log_sync.started","observability_level":"info","category":"ringcentral","workflow":"ringcentral_call_log_sync","run_id":"2026-08-18T12:00:00.000Z"}
{"level":"info","time":"2026-09-18T22:47:11.598Z","service":"vantage-main-server","env":"development","msg":"ringcentral.call_log_sync.completed","ranAt":"2026-08-18T12:00:00.000Z","windowFrom":"2026-08-18T00:00:00.000Z","windowTo":"2026-08-18T12:00:00.000Z","leaseOwnerHash":"e0e92466da53","leaseAcquired":true,"leaseRecovered":false,"leaseLost":false,"skipped":false,"skipReason":null,"runtimeMs":60,"fetchedRecords":2,"candidateRecords":2,"qualifiedRecords":2,"ingestActions":{"lead_created":0,"lead_created_duplicate":0,"lead_adopted":0,"lead_adopted_duplicate":0,"shadow_recorded":0,"dry_run":2,"skipped_already_processed":0},"adoptedRecords":0,"adoptionConflicts":0,"throttledResponses":0,"leadsCreated":0,"duplicatesFlagged":0,"cursorAdvanced":true,"errors":[]}
{"level":"info","time":"2026-09-18T22:47:11.598Z","service":"vantage-main-server","env":"development","msg":"ringcentral.call_log_sync.completed","observability_level":"info","category":"ringcentral","workflow":"ringcentral_call_log_sync","run_id":"2026-08-18T12:00:00.000Z"}
{"level":"info","time":"2026-09-18T22:47:11.599Z","service":"vantage-main-server","env":"development","msg":"ringcentral.call_log_sync.started","observability_level":"info","category":"ringcentral","workflow":"ringcentral_call_log_sync","run_id":"2026-08-18T12:00:00.000Z"}
{"level":"error","time":"2026-09-18T22:47:11.599Z","service":"vantage-main-server","env":"development","msg":"ringcentral.call_log_sync.failed","leaseOwnerHash":"e0e92466da53","stage":"ingest","errorCode":"ingest_failed","windowFrom":"2026-08-18T00:00:00.000Z","windowTo":"2026-08-18T12:00:00.000Z"}
{"level":"error","time":"2026-09-18T22:47:11.599Z","service":"vantage-main-server","env":"development","msg":"ringcentral.call_log_sync.failed","observability_level":"error","category":"ringcentral","workflow":"ringcentral_call_log_sync","run_id":"2026-08-18T12:00:00.000Z"}
{"level":"info","time":"2026-09-18T22:47:11.600Z","service":"vantage-main-server","env":"development","msg":"ringcentral.call_log_sync.started","observability_level":"info","category":"ringcentral","workflow":"ringcentral_call_log_sync","run_id":"2026-08-18T12:00:00.000Z"}
{"level":"info","time":"2026-09-18T22:47:11.600Z","service":"vantage-main-server","env":"development","msg":"ringcentral.call_log_sync.completed","ranAt":"2026-08-18T12:00:00.000Z","windowFrom":"2026-08-18T00:00:00.000Z","windowTo":"2026-08-18T12:00:00.000Z","leaseOwnerHash":"e0e92466da53","leaseAcquired":true,"leaseRecovered":false,"leaseLost":false,"skipped":false,"skipReason":null,"runtimeMs":30,"fetchedRecords":1,"candidateRecords":1,"qualifiedRecords":1,"ingestActions":{"lead_created":0,"lead_created_duplicate":0,"lead_adopted":0,"lead_adopted_duplicate":0,"shadow_recorded":0,"dry_run":1,"skipped_already_processed":0},"adoptedRecords":0,"adoptionConflicts":0,"throttledResponses":0,"leadsCreated":0,"duplicatesFlagged":0,"cursorAdvanced":true,"errors":[]}
{"level":"info","time":"2026-09-18T22:47:11.600Z","service":"vantage-main-server","env":"development","msg":"ringcentral.call_log_sync.completed","observability_level":"info","category":"ringcentral","workflow":"ringcentral_call_log_sync","run_id":"2026-08-18T12:00:00.000Z"}
{"level":"info","time":"2026-09-18T22:47:11.601Z","service":"vantage-main-server","env":"development","msg":"ringcentral.call_log_sync.started","observability_level":"info","category":"ringcentral","workflow":"ringcentral_call_log_sync","run_id":"2026-08-18T12:00:00.000Z"}
{"level":"info","time":"2026-09-18T22:47:11.601Z","service":"vantage-main-server","env":"development","msg":"ringcentral.call_log_sync.completed","ranAt":"2026-08-18T12:00:00.000Z","windowFrom":"2026-08-18T00:00:00.000Z","windowTo":"2026-08-18T12:00:00.000Z","leaseOwnerHash":"e0e92466da53","leaseAcquired":true,"leaseRecovered":false,"leaseLost":false,"skipped":false,"skipReason":null,"runtimeMs":30,"fetchedRecords":1,"candidateRecords":1,"qualifiedRecords":1,"ingestActions":{"lead_created":0,"lead_created_duplicate":0,"lead_adopted":1,"lead_adopted_duplicate":0,"shadow_recorded":0,"dry_run":0,"skipped_already_processed":0},"adoptedRecords":1,"adoptionConflicts":0,"throttledResponses":0,"leadsCreated":0,"duplicatesFlagged":0,"cursorAdvanced":true,"errors":[]}
{"level":"info","time":"2026-09-18T22:47:11.602Z","service":"vantage-main-server","env":"development","msg":"ringcentral.call_log_sync.completed","observability_level":"info","category":"ringcentral","workflow":"ringcentral_call_log_sync","run_id":"2026-08-18T12:00:00.000Z"}
✔ qualifies an inbound answered call over 120s to a mapped toll-free (4.5029ms)
✔ qualifies a GetMovers inbound call log record (0.6887ms)
✔ rejects a call under 120 seconds (0.6708ms)
✔ rejects an outbound call (0.8562ms)
✔ rejects a call to an unmapped number (0.4324ms)
✔ rejects a missed (unanswered) call (0.3388ms)
✔ matches target number across call legs and picks the inbound caller (0.6516ms)
✔ aggregates a multi-party session and qualifies the canonical queue party over 120s (3.4288ms)
✔ uses answered agent lifecycle timing when the target queue leg disconnects early (2.256ms)
✔ rejects a session that disconnected under 120 seconds (0.5807ms)
✔ a live (non-terminal) call over 120s qualifies but is not ingest-eligible (0.539ms)
✔ an outbound-only session is not a lead (10.9267ms)
﹣ [AC-14][AC-15][AC-16] Unit 20 replica adoption, conflict continuation, races, and rollback (2.119ms) # Replica-set proof is opt-in via GRANOT_LIFECYCLE_REPLICA_TESTS=true.
✔ [AC-14] one exact immutable-phone candidate is selected without guessing (5.1879ms)
✔ [AC-16] zero and multiple candidates remain explicit outcomes (0.9352ms)
✔ [AC-14][AC-16] candidate window is inclusive at exactly plus/minus 12 hours (0.4988ms)
✔ [AC-14][AC-16] exact boundaries qualify and one millisecond outside does not (1.045ms)
✔ [AC-16] missing call start fails adoption closed without querying candidates (0.4662ms)
✔ [AC-16] Job-only/missing-phone input is never an adoption candidate (0.3699ms)
✔ adoption match key stays exact Source Granularity plus ingested phone (1.1295ms)
✔ [AC-16] different Source Granularity with the same phone is not an adoption candidate (0.5894ms)
✔ [AC-14] current-contact drift cannot replace immutable creation phone (0.6884ms)
✔ [AC-14] telephony session wins over call-log identity (2.8243ms)
✔ [AC-14] adoption statuses are terminal replay outcomes (0.4863ms)
✔ [AC-14] call-log race fence is declared unique and sparse (0.3781ms)
✔ recording adapter uses fixed account endpoints and discards contentUri (50.6307ms)
✔ streaming client shares JWT refresh once, returns headers and forbids redirects (2.3664ms)
✔ recording deadline bounds stalled token acquisition and unauthorized refresh (1.6775ms)
{"level":"info","time":"2026-09-18T22:47:13.242Z","service":"vantage-main-server","env":"development","msg":"ringcentral.ingest.skipped_already_processed","telephonySessionId":"u20-session","callLogId":null,"previousStatus":"lead_adopted","ingestionSource":"webhook"}
✔ [AC-14] telephony replay returns before adoption candidate work (6.5508ms)
✔ [AC-14][AC-15] adoption occurs before duplicate classification and suppresses create (3.5807ms)
✔ [AC-16] no adoption candidate continues through normal ingest (1.1971ms)
✔ [AC-14] webhook and Call Log descriptors enter equivalent convergence (0.8323ms)
✔ [AC-14] call-log-only create fails closed before candidate or Lead work without indexes (1.2624ms)
✔ adoption off still creates a RingCentral-origin Call Lead (documented Race B twin) (1.3405ms)
✔ RingCentral ingest lock stays gated on the adoption flag (4.3476ms)
{"level":"info","time":"2026-09-18T22:47:13.252Z","service":"vantage-main-server","env":"development","msg":"ringcentral.ingest.processed","action":"dry_run","writeMode":"dry_run","duplicate":false,"duplicateReason":"unique","ingestionSource":"webhook","telephonySessionId":"u20-session","callLogId":null,"sourceCompany":"main_site","durationSeconds":180,"callLeadId":null}
{"level":"info","time":"2026-09-18T22:47:13.256Z","service":"vantage-main-server","env":"development","msg":"ringcentral.ingest.processed","action":"lead_created","writeMode":"create","duplicate":false,"duplicateReason":"unique","ingestionSource":"webhook","telephonySessionId":"u20-session","callLogId":null,"sourceCompany":"main_site","durationSeconds":180,"callLeadId":"507f1f77bcf86cd799439099"}
✔ first call from a caller is unique (2.7409ms)
✔ a second call from the same caller + source within the window is a duplicate (0.782ms)
✔ the same telephony session is not counted as its own duplicate (0.5585ms)
✔ [AC-15] the same call-log identity is not counted as its own duplicate (5.3613ms)
✔ a call with no caller phone cannot be classified as a duplicate (0.4809ms)
✔ phone numbers in different formats still match as duplicates (0.6048ms)
✔ duplicate lookup uses the earlier-only 90-day window (1.0482ms)
✔ same caller and source exactly 90 days apart is a duplicate (0.6513ms)
✔ same caller and source more than 90 days apart is unique (3.2296ms)
✔ different source is scoped out by the duplicate lookup (2.2067ms)
✔ [AC-15] adopted Lead id is excluded from duplicate classification (2.0222ms)
✔ [AC-15][AC-16] unresolved Granot candidates do not create false duplicates (1.0723ms)
✔ [AC-15] adopted Granot candidate from another physical call remains eligible (0.4592ms)
✔ [AC-15] future Leads are outside the earlier-only duplicate window (0.3785ms)
✔ builder: mode all is the account telephony path with no direction filter and no withRecordings; inbound builder is byte-for-byte unchanged (3.7177ms)
✔ classification: owned+matching managed by health; owned inbound-only and foreign same-address subscriptions are never managed (1.1651ms)
✔ plan/apply: noop when healthy, create when none owned, foreign same-address subscription is reported and untouched (2.957ms)
✔ renewal: expiring owned subscription is renewed; renewing a foreign id is refused before any provider call (1.873ms)
✔ repair: blacklisted owned subscription is deleted, marked and recreated; a foreign id is never deleted or replaced (1.8132ms)
✔ health edges: unknown expiry is renew-due; unknown or missing status is reported and never repaired (review finding 6) (1.44ms)
✔ ownership evidence fails closed: create without a recordable store surfaces the created id instead of orphaning it (review finding 7) (1.515ms)
✔ provider adapter builds the exact RingCentral subscription requests over the shared client (2.095ms)
{"level":"info","time":"2026-09-18T22:47:17.844Z","service":"vantage-main-server","env":"development","msg":"ringcentral.webhook.received","receivedAt":"2026-09-18T22:47:17.843Z","method":"POST","validationTokenPresent":true,"contentType":"application/json","userAgent":"node","eventHeaders":{},"subscriptionId":null,"telephonySessionId":null,"partyId":null,"event":"/restapi/v1.0/account/~/telephony/sessions"}
{"level":"info","time":"2026-09-18T22:47:17.846Z","service":"vantage-main-server","env":"development","msg":"ringcentral.webhook.capture.mongo_unavailable_logged","capture":{"provider":"ringcentral","receivedAt":{},"validationTokenPresent":true,"headers":{"host":"127.0.0.1:55052","connection":"keep-alive","content-type":"application/json","validation-token":"synthetic-validation","accept":"*/*","accept-language":"*","sec-fetch-mode":"cors","user-agent":"node","accept-encoding":"gzip, deflate","content-length":"80"},"rawBody":{"uuid":"echo-1","event":"/restapi/v1.0/account/~/telephony/sessions","body":{}},"normalizedPreview":{"subscriptionId":null,"event":"/restapi/v1.0/account/~/telephony/sessions","uuid":"echo-1","timestamp":null,"telephonySessionId":null,"sessionId":null,"partyId":null,"direction":null,"statusCode":null,"fromPhoneNumber":null,"fromName":null,"toPhoneNumber":null,"toName":null,"extensionId":null,"extensionNumber":null},"uuid":"echo-1","event":"/restapi/v1.0/account/~/telephony/sessions"}}
{"level":"info","time":"2026-09-18T22:47:17.848Z","service":"vantage-main-server","env":"development","msg":"ringcentral.webhook.processing.disabled","subscriptionId":null,"telephonySessionId":null}
{"level":"info","time":"2026-09-18T22:47:17.877Z","service":"vantage-main-server","env":"development","msg":"ringcentral.webhook.received","receivedAt":"2026-09-18T22:47:17.877Z","method":"POST","validationTokenPresent":false,"contentType":"application/json","userAgent":"node","eventHeaders":{},"subscriptionId":null,"telephonySessionId":null,"partyId":null,"event":null}
{"level":"info","time":"2026-09-18T22:47:17.877Z","service":"vantage-main-server","env":"development","msg":"ringcentral.webhook.capture.mongo_unavailable_logged","capture":{"provider":"ringcentral","receivedAt":{},"validationTokenPresent":false,"headers":{"host":"127.0.0.1:55052","connection":"keep-alive","content-type":"application/json","accept":"*/*","accept-language":"*","sec-fetch-mode":"cors","user-agent":"node","accept-encoding":"gzip, deflate","content-length":"27"},"rawBody":{"uuid":"echo-2","body":{}},"normalizedPreview":{"subscriptionId":null,"event":null,"uuid":"echo-2","timestamp":null,"telephonySessionId":null,"sessionId":null,"partyId":null,"direction":null,"statusCode":null,"fromPhoneNumber":null,"fromName":null,"toPhoneNumber":null,"toName":null,"extensionId":null,"extensionNumber":null},"uuid":"echo-2"}}
{"level":"info","time":"2026-09-18T22:47:17.878Z","service":"vantage-main-server","env":"development","msg":"ringcentral.webhook.processing.disabled","subscriptionId":null,"telephonySessionId":null}
✔ validation echo: the route echoes Validation-Token on a 200 and fans out only a durable receipt (241.8969ms)
✔ phone equality is Likely; exact session authorizes only that interaction and account (4.3562ms)
✔ overlaps are ambiguous; nonoverlapping moves and outside-overlap events stay independent (1.9413ms)
✔ unique current Attached outranks candidates; competing Attached blocks; reject and detach persist (1.2619ms)
✔ Form and Call windows include boundaries; later snapshots never backdate identity (3.1677ms)
✔ actual attachment queue and five-minute cron registrations, disabled worker skips without Mongo (3.1464ms)
✔ Owner attachment routes and cron recovery: authority, scope, flag, strict payload, CAS mapping and read-only GET (500.2942ms)
✔ eligibility: all five accepted contexts, both Lead models, exclusions and absent upstream inputs (2.9936ms)
✔ media stream hashes actual bytes, uses immutable account key and cleans transient file (80.7981ms)
✔ media rejects declared and streamed oversize, mismatched length/type and arbitrary audio (80.4925ms)
✔ Retry-After seconds, HTTP date and default (4.5253ms)
✔ text-only transcript retains unknown speakers and unavailable timing (46.057ms)
✔ provider timing and actual speaker survive cross-boundary payment redaction (2.0913ms)
✔ invalid provider timing is unavailable; pricing is configured and rounded to integer cents (3.5846ms)
✔ CSI-12 five-minute cron, authentication, flag-off and default recovery/queue wiring (209.3836ms)
✔ CSI-11 queue stages, cron schedule, auth, flag-off and lease-held wiring (240.846ms)
✔ CSI-11 modules never import qualification, Lead writers, budgets, STT or LLMs (22.5231ms)
✔ CSI route templates expand only the closed run paths and methods (3.241ms)
✔ Owner analysis commands bind exact output and source evidence (11.7105ms)
✔ published DTO fixtures preserve undated and review-only rows and unknown coverage (2.4489ms)
✔ accepted policy defaults and invalid schedules (40.9232ms)
✔ strict commands allow undated independent actions and reject operational injection (26.1266ms)
✔ Grok review: empty channels/evidence and duplicate assessment are rejected; no locator gate (11.9392ms)
✔ all CSI model accessors honor isolated database routing without suffix collections (32.7748ms)
✔ signed run token requires scoped principal, live run, dataset, nonce, expiry, subject and tool (7.0112ms)
✔ single-attempt adapter never retries a non-idempotent submission, including 401/429/timeout (3.8133ms)
✔ Direct chat must have exactly the two reviewed people; supports provider member objects (20.2904ms)
✔ SMS and pager use JWT sender and correct endpoint contract (5.0737ms)
✔ repair receipt requires exact ID, sender and Direct membership, not matching text/time (5.0405ms)
✔ body/customer destination policy handles canonical, formatted and full-width representations (6.5109ms)
✔ versioned templates limit customer identity; purpose/version/client chat are strict (2.9584ms)
✔ optional channels default off (1.0856ms)
✔ documented nudge controls take precedence; aliases cannot widen an explicit channel allowlist (1.4951ms)
✔ nudge routes enforce signed Owner, feature, strict input, idempotency; GET never dispatches (374.1185ms)
✔ repair cron is authenticated, disabled without DB, registered every five minutes (62.2446ms)
✔ 30/15/1440 clocks, Friday close, Sunday, DST and independent weekly calendar (35.0272ms)
✔ day-only waits end at close; Attention next opening; explicit Sunday honoured; ambiguity undated (29.0702ms)
✔ all three actions including undated; snooze preserves contractual overdue and other reasons (31.9613ms)
✔ inbound human versus missed/provider connected; attempts fulfill callback only and retain outcome (18.5195ms)
✔ wait coexistence, official closure precedence, planning denies stale and Owner effects (11.3183ms)
✔ worker, cron and recovery registrations exist without enabling production flags (3.4199ms)
✔ exact names remain proposed; alias ties, duplicate names, missing names and non-Users remain explicit (14.682ms)
✔ account scope, half-open reassignment, retirement and review authority (2.9451ms)
✔ period validation compares instants and rejects unknown input keys (11.9922ms)
✔ registered identity worker is a flag-off no-op (1.898ms)
✔ all five Rep routes enforce Owner, strict contracts, scope, flags and idempotency header (402.6908ms)
✔ minute recovery invokes registered bounded rep stage, honors flag and cron authentication (41.7149ms)
✔ call lead browse q includes Granot snapshot name (11.9709ms)
✔ call lead browse phone matches the typed string on live and snapshot paths (2.0515ms)
✔ Call Lead Search phone ORs live, ingested, and Granot snapshot paths (8.2268ms)
✔ Call Lead Search name ORs ingested and Granot name paths (1.6745ms)
✔ Call Lead Search email ORs ingested and Granot email paths (0.8699ms)
✔ Call Lead Search keeps OR across phone, name, and email (1.2662ms)
✔ form lead browse q includes Granot snapshot name (9.7763ms)
✔ form lead browse name includes ingested and Granot name paths (1.5571ms)
✔ form lead browse email includes ingested and Granot email paths (1.1299ms)
✔ form lead browse phone matches the typed string on live and snapshot paths (4.3744ms)
✔ form lead browse empty query finds all leads including duplicates (3.8685ms)
✔ form lead browse result card omits snapshot objects (1.6751ms)
✔ form lead search excludes duplicate quarantine leads by default (4.2961ms)
✔ form lead search includes duplicate quarantine leads when requested (0.7458ms)
{"level":"info","time":"2026-09-18T22:47:15.206Z","service":"vantage-main-server","env":"development","msg":"sheet_sync.drain.quota_deferral","spreadsheetId":"sheet-1","tabName":"Calls","writes":1}
✔ batches existing-row updates and new-row appends into one call each (5.9653ms)
✔ deletes rows in descending order in a single batchUpdate (3.0084ms)
✔ missing delete rows are an idempotent success (no API call) (0.9951ms)
✔ defers all writes when the read-quota reservation is denied (2.3008ms)
✔ partial failure: update call fails but appends still succeed (2.1855ms)
✔ append batches are split by configured row guardrail (1.554ms)
✔ buildTabRowMap maps Mongo IDs to 1-based row numbers (0.5583ms)
✔ QuotaLimiter grants within budget and denies (with rollback) past it (1.7495ms)
{"level":"info","time":"2026-09-18T22:47:15.756Z","service":"vantage-main-server","env":"development","msg":"sheet_sync.drain.call_lead.created_on_unmatched.skipped","leadId":"6aadbf739bbdc3438a7974a7"}
✔ jobPlanner registers mongoose models required for booked-lead populate (2.9123ms)
✔ planJobWrites turns a tombstone's previous_targets into delete writes (4.7525ms)
✔ planJobWrites skips tombstone targets with unknown headers (0.8992ms)
✔ planJobWrites limits retrying tombstones to target_hints (6.9914ms)
✔ planJobWrites returns a single empty plan when a tombstone has no targets (0.9938ms)
✔ planJobWrites dual-writes bad form leads to Forms and Master Bad Leads (7.6997ms)
✔ planJobWrites deletes stale Master Bad Leads row when bad_lead is cleared (1.7987ms)
✔ planJobWrites deletes stale Calls row when duplicate call lead lacks sheet_sync metadata (2.8976ms)
✔ ordinary No-Sync Form deletes Forms only and does not upsert (1.3417ms)
✔ ordinary No-Sync Call deletes Calls only and does not upsert (1.2066ms)
✔ Booking Chain + ordinary No-Sync Call upserts Booked Deals and deletes Calls (2.0493ms)
✔ Unmatched Call without no_sync stays an empty plan with no deletes (2.481ms)
✔ no_sync + bad_lead matches today's Bad Form dual-write (2.0292ms)
✔ no_sync + Call duplicate matches today's Duplicate Calls plan (2.1164ms)
✔ Form Duplicate upserts Duplicates and does not delete leftover Forms (0.959ms)
✔ no_sync + Form duplicate matches today's Form Duplicate plan (1.5032ms)
✔ clear no_sync on an ordinary Form upserts Forms (1.321ms)
✔ isNoSyncLead is false for missing / false / null (1.7341ms)
✔ noSyncAppliesToNormalTabs is false when duplicate or bad_lead (0.6802ms)
{"level":"info","time":"2026-09-18T22:47:22.350Z","service":"vantage-main-server","env":"development","msg":"sheet_sync.outbox.enqueued","coalescingKey":"source_lead:FormLead:6aadbf7aae13dd6afd97853f","resource":"source_lead","operation":"form_lead.create","jobId":"6aadbf7aae13dd6afd978540","dueAt":"2026-09-18T22:47:25.349Z","priority":60}
✔ enqueueSheetSyncJob writes a coalescing upsert keyed by entity (15.0345ms)
✔ enqueueSheetSyncJob threads the caller session for atomic commit (1.2047ms)
✔ enqueueSheetSyncTombstone cancels the superseded upsert then writes the delete (2.4855ms)
✔ persistSheetSyncIntent only writes the outbox in queued mode (3.1576ms)
{"level":"info","time":"2026-09-18T22:47:22.361Z","service":"vantage-main-server","env":"development","msg":"sheet_sync.outbox.enqueued","coalescingKey":"booking_chain:b1","resource":"booking_chain","operation":"booked_lead.update","jobId":"6aadbf7aae13dd6afd978541","dueAt":"2026-09-18T22:47:25.361Z","priority":80}
{"level":"info","time":"2026-09-18T22:47:22.363Z","service":"vantage-main-server","env":"development","msg":"sheet_sync.outbox.upsert_superseded_by_delete","supersededKey":"source_lead:CallLead:lead-1","cancelled":1}
{"level":"info","time":"2026-09-18T22:47:22.363Z","service":"vantage-main-server","env":"development","msg":"sheet_sync.outbox.tombstone_enqueued","coalescingKey":"delete_source_lead:CallLead:lead-1","resource":"delete_source_lead","operation":"call_lead.delete","jobId":"6aadbf7aae13dd6afd978542","mongoId":"lead-1"}
{"level":"info","time":"2026-09-18T22:47:22.367Z","service":"vantage-main-server","env":"development","msg":"sheet_sync.outbox.enqueued","coalescingKey":"source_lead:CallLead:lead-9","resource":"source_lead","operation":"call_lead.update","jobId":"6aadbf7aae13dd6afd978543","dueAt":"2026-09-18T22:47:25.365Z","priority":50}
✔ syncSourceLead evaluates no_sync before unmatched and deletes ordinary tabs without the facade (30.9936ms)
✔ projects tariff rows into Timestamp through Carrier columns (3.2764ms)
✔ resolves a Granot Carrier Code to the Moving Carrier name and DOT (1.6203ms)
✔ appends both service rows with resolved Carrier and never upserts by identifier (4.5199ms)
✔ appends Linehaul plus a free-text Service row (1.0047ms)
✔ refuses an empty append (1.3868ms)
✔ hasBbbRedaction detects BBB PII redaction tokens (1.6304ms)
✔ listTestimonialsQuerySchema coerces pagination and boolean filters (6.7033ms)
✔ buildTestimonialFilter applies only provided query flags (2.302ms)
✔ adminTestimonialsQuerySchema coerces admin filters and sort direction (5.4195ms)
✔ buildAdminTestimonialFilter applies reviewer, rating, customer, and date filters (2.5051ms)
✔ listTestimonials returns paginated landing-page items (1.7891ms)
✔ listAdminTestimonials returns admin fields and applies requested sort (1.7022ms)
✔ listAdminTestimonialReviewerNames returns sorted unique non-empty names (2.3019ms)
{"level":"warn","time":"2026-09-18T22:47:26.522Z","service":"vantage-main-server","env":"development","msg":"source_lead.update.booking_missing","operation":"call_lead.update","leadModel":"CallLead","leadId":"6aadbf7eb3ec158a21074912","bookingId":"6aadbf7eb3ec158a21074913"}
✔ booked call lead refreshes attached booking customer and local (17.4313ms)
✔ booked form lead refreshes attached booking customer and local (2.8542ms)
✔ unbooked lead keeps source lead sync target (1.1113ms)
✔ stale booking reference falls back to source lead sync (2.4331ms)
✔ mismatched booking reference falls back to source lead sync (2.306ms)
{"level":"warn","time":"2026-09-18T22:47:26.525Z","service":"vantage-main-server","env":"development","msg":"source_lead.update.booking_mismatch","operation":"call_lead.update","leadModel":"CallLead","leadId":"6aadbf7eb3ec158a21074914","bookingId":"6aadbf7eb3ec158a21074915","bookingLeadModel":"FormLead","bookingLeadId":"6aadbf7eb3ec158a21074916"}
✔ V1ServiceError preserves the original (message, statusCode = 400) constructor signature (2.1348ms)
✔ V1ServiceError is an AppError (single instanceof handles both legacy and typed throws) (0.4848ms)
✔ V1ServiceError keeps its historical `name` so existing log filters match (0.2632ms)
✔ V1ServiceError maps its statusCode onto a stable error code for logs (0.505ms)
✔ parseFloridaCalendarDate stores YYYY-MM-DD as Florida calendar midnight UTC (2.6865ms)
✔ formatFloridaCalendarDate renders stored calendar dates without local timezone drift (0.5486ms)
✔ floridaCalendarToday uses the America/New_York calendar day (0.5152ms)
✔ floridaCalendarDateInputValue returns YYYY-MM-DD in Florida time (0.4681ms)
✔ toFloridaTimestamp stores Eastern daylight time clock components (0.6789ms)
✔ toFloridaTimestamp stores Eastern standard time clock components (0.3383ms)
✔ easternDateTimeParts reads America/New_York wall clock in standard and daylight time (1.6483ms)
✔ easternWallClockToUtc maps 8:00 AM Eastern to the matching UTC instant (0.6075ms)
✔ escapeSheetTitleForRange wraps plain titles in single quotes (1.9606ms)
✔ escapeSheetTitleForRange doubles single quotes inside a sheet title (0.3985ms)
✔ escapeSheetTitleForRange preserves whitespace and non-quote punctuation (0.2669ms)
✔ extractRowNumberFromRange parses single-cell updates (0.3445ms)
✔ extractRowNumberFromRange parses appended row ranges (0.2959ms)
✔ extractRowNumberFromRange returns undefined for missing or malformed input (0.2215ms)
✔ generateLeadId returns unique established-format identifiers (3.7141ms)
✔ parseGranotCityState accepts multi-word cities and normalizes state (6.0787ms)
✔ Granot location parsing rejects placeholder and malformed values (0.9262ms)
✔ isObjectIdString accepts 24-char hex ids (4.0238ms)
✔ toObjectId parses hex strings (0.7911ms)
✔ toObjectIdOrUndefined maps empty values to undefined (0.3599ms)
✔ job-number-timeline loader does not value-import ObjectId from mongodb (1.3489ms)
✔ newObjectIdHex returns a distinct 24-char hex id (4.2775ms)
✔ normalizePhoneNumberForStorage strips US formatting and leading country code (1.9715ms)
✔ normalizePhoneNumberForStorage preserves unrecognized phone values (0.4566ms)
✔ normalizePhoneNumberForStorage preserves explicit foreign numbers (0.317ms)
✔ normalizePhoneNumberForMatch keeps existing last-ten-digits matching behavior (0.4039ms)
✔ normalizePhoneNumberForMatch uses full foreign number digits (0.3143ms)
✔ rep promise and customer callback request stay distinct kinds (22.1128ms)
✔ multiple commitments accept an undated action without inventing a due date (2.8074ms)
✔ voicemail with unknown speaker is valid and is not human conversation (2.1441ms)
✔ contact restriction is schema-valid without closing Outreach (4.6436ms)
✔ owner-instruction disagreement cites the exact instruction revision (2.7201ms)
✔ rejects extra operational fields on the envelope and nested objects (3.265ms)
✔ rejects malformed evidence references (4.1472ms)
✔ rejects unknown finding kinds, duplicate keys, and dangling finding_keys (2.517ms)
✔ schema validation does not authorize evidence or apply business effects (1.0023ms)
✔ enforces document 10 engineering bounds (7.2748ms)
✔ createCallLeadSchema accepts a job_no-only call lead (6.8705ms)
✔ updateFormLeadSchema accepts canonical pickup and delivery cities (2.2817ms)
✔ createCallLeadSchema rejects call leads without phone_number or job_no (0.9334ms)
✔ createBookedLeadFromSourceSchema accepts CallLead booking with only call_job_no (2.2461ms)
✔ createReferralBookingSchema accepts owner-facing referral booking fields (1.0976ms)
✔ createReferralBookingSchema accepts optional customer_phone (0.3205ms)
✔ createBookedLeadFromSourceSchema accepts optional customer contact fields (1.185ms)
✔ createCustomerSchema accepts name-only customers (0.5764ms)
✔ createReferralBookingSchema rejects server-owned referral source fields (0.8197ms)
✔ createLeadlessBookingSchema accepts owner-facing leadless booking fields (1.4837ms)
✔ createLeadlessBookingSchema accepts booking without customer contact fields (0.3473ms)
✔ createLeadlessBookingSchema rejects server-owned leadless flags (0.3132ms)
✔ createBookedLeadSchema accepts FormLead booking by Mongo id without job_no (1.4847ms)
✔ createBookedLeadFromSourceSchema accepts transient CallLead booking phone (0.343ms)
✔ createBookedLeadFromSourceSchema accepts CallLead booking with only phone on Best Relocation import (0.25ms)
✔ createBookedLeadFromSourceSchema rejects Owner Call Lead booking with only phone (0.323ms)
✔ createBookedLeadFromSourceSchema rejects CallLead booking without job or phone (0.3405ms)
✔ createFormLeadSchema does not accept duplicate from clients (2.6735ms)
✔ createFormLeadSchema does not accept bad_lead from clients (0.4784ms)
✔ createFormLeadSchema accepts optional lid from clients (0.4983ms)
✔ createFormLeadSchema accepts Best Relocation UUID identity and sheet flags (0.4493ms)
✔ createFormLeadSchema rejects malformed lid values (0.4911ms)
✔ updateFormLeadSchema accepts duplicate for backfill and admin patches (0.3765ms)
✔ updateFormLeadSchema accepts and clears bad_lead reasons (0.711ms)
✔ createFormLeadSchema accepts optional wordpress_submission_key (0.8835ms)
✔ createFormLeadSchema defaults post_to_granot to false when omitted (0.3334ms)
✔ createFormLeadSchema defaults an omitted or blank ref_no (0.7688ms)
✔ createFormLeadSchema accepts first and last name without name (0.3727ms)
✔ createFormLeadSchema rejects payloads without any name fields (0.5391ms)
✔ createFormLeadSchema accepts post_to_granot boolean false (0.4055ms)
✔ createFormLeadSchema accepts post_to_granot string false (0.2222ms)
✔ createFormLeadSchema accepts boolean sms_consent (0.392ms)
✔ createFormLeadSchema coerces string sms_consent values (0.3174ms)
✔ createFormLeadSchema accepts typo emails as plain strings (0.2646ms)
✔ createCallLeadSchema does not accept server-owned flags from clients (0.4365ms)
✔ createCallLeadSchema accepts imported qualification flags (0.2799ms)
✔ createCallLeadSchema accepts optional first and last name (0.3025ms)
✔ createCallLeadSchema accepts Best Relocation Inbounds webhook payload (0.5472ms)
✔ bookedCallLeadReconciliationBatchSchema accepts Booked Jobs CRM rows (1.7068ms)
✔ CallLead model validates job_no-only identity (15.4337ms)
✔ CallLead model stores form_fill when computed by the service (3.6281ms)
✔ BookedLead model validates phone-only CallLead bookings without job_no (6.9406ms)
✔ BookedLead model validates leadless referral bookings (1.9607ms)
✔ BookedLead model validates leadless bookings without lead linkage (1.9756ms)
✔ BookedLead model still requires lead linkage for non-referral bookings (3.2155ms)
✔ FormLead model stores duplicate quarantine flag (3.3373ms)
✔ FormLead model stores bad_lead enum values (1.7842ms)
✔ FormLead model and update validation support lossless legacy bad-tab provenance (1.8427ms)
✔ FormLead model rejects unknown bad_lead values (2.1396ms)
✔ FormLead model defaults missing state fields to not_found (1.392ms)
✔ CallLead model rejects identity-less documents (1.4389ms)
✔ FormLead model accepts receiver_agent provenance fields (1.4658ms)
✔ FormLead model rejects an unknown receiver_agent_source value (1.493ms)
✔ CallLead model accepts receiver_agent provenance fields (1.3985ms)
✔ updateFormLeadSchema accepts receiver_agent linking fields (0.3921ms)
✔ updateCallLeadSchema accepts receiver_agent linking fields (1.778ms)
✔ searchFormLeadsSchema accepts typo emails as plain strings (0.6918ms)
✔ searchFormLeadsSchema accepts include_duplicates to search quarantined leads (0.1747ms)
✔ resolveGranotFormLeadSchema keeps provider refs and requires a Granot source (0.6572ms)
✔ granotFormLeadSyncSchema separates the patch from its source precondition (3.3062ms)
✔ browseFormLeadsQuerySchema allows an empty query (view all) with defaults (0.9351ms)
✔ browseFormLeadsQuerySchema accepts a standalone source_company filter (0.1827ms)
✔ browseFormLeadsQuerySchema coerces booked and limit query strings (0.2483ms)
✔ browseFormLeadsQuerySchema rejects unknown keys (0.2369ms)
✔ browseCallLeadsQuerySchema accepts job_no and full-text q (0.8624ms)
✔ [AC-07] [AC-10] public/admin Form create and patch reject internal lifecycle metadata (5.4721ms)
✔ [AC-12] public/admin Call create and patch reject internal lifecycle metadata (2.976ms)
✔ create and update Form and Call schemas accept optional no_sync (0.5076ms)
✔ [AC-07] ordinary Form create still requires move_size; ordinary Call still requires phone or job_no (0.3738ms)
✔ create and update Cancellation schemas reject client-supplied correlation snapshots (9.2107ms)
✔ reconciliation list query accepts owner_booking origin (4.7766ms)
✔ create-and-attach validates Form Lead fields for its selected model (6.9449ms)
✔ create-and-attach requires Phone or Job Number for a Call Lead (1.6658ms)
✔ [AC-31] foundation activation input is strict and bounded (4.7265ms)
✔ [AC-37] requeue reason is strict 10-500 and rejects unknown keys (1.6737ms)
✔ [AC-35] portion lifecycle error envelopes stay raw-free (0.385ms)
✔ [AC-34] extension apply item requires lowercase UUID v4 and raw statement scalars (4.7582ms)
✔ [AC-02] batch rejects duplicate operation IDs and more than 100 items (1.4521ms)
✔ [AC-23][AC-35][AC-36] discrepancy filters and Owner bodies are strict and revision guarded (5.9107ms)
✔ receipt search query is strict, normalizes identity, and implies booking_status_changed (4.5148ms)
✔ [AC-18] [AC-19] case list query is strict, bounded, and validates date order (3.0663ms)
✔ [AC-35] candidate and timeline queries reject unsafe cursor/contact shapes (1.7255ms)
✔ [AC-40] Lead timeline accepts only the exact model union and ObjectId (0.9413ms)
✔ [AC-22] confirm Booking input is strict and validates exact official cents (3.4847ms)
✔ Connect Booking to Lead input is strict and requires selected_lead (1.6788ms)
✔ Connect candidate query allows empty q and rejects unknown keys (0.9497ms)
✔ [AC-28] Referral Booking input accepts only case revision and strict official details (1.7535ms)
✔ [AC-22] confirm Booking accepts one or two unique Agents and rejects a matching secondary (0.8015ms)
✔ [AC-24] update Booking is a strict complete replacement with both revisions (1.6252ms)
✔ [AC-20] Booking No Action reasons are independently optional and strict (0.9464ms)
✔ [AC-25] Confirm Cancellation accepts only strict official fields with exact date and cents (1.4329ms)
✔ lead message admin query applies bounded pagination (7.0844ms)
✔ manual retry requires explicit confirmation (1.4315ms)
✔ Simple CPL validation requires revisions and cents-precise nonnegative amounts (9.4958ms)
✔ Advanced CPL validation accepts only explicit discriminated commands (3.1018ms)
✔ Correction preview validates an inclusive ordered business-date window (2.1791ms)
✔ catalog update accepts Granot username correction with optional reason (7.3027ms)
✔ catalog update rejects reason-only payloads (3.1156ms)
✔ Source Company writes reject embedded granularities and compatibility defaults (8.217ms)
✔ Source Granularity create requires a first-class company ObjectId (2.5141ms)
✔ Source Granularity update rejects immutable identity fields (2.0622ms)
✔ source activation and resolution preview parse contract fields (2.1302ms)
✔ createTariffAdjustmentsSchema accepts two shared-field service rows (7.2058ms)
✔ createTariffAdjustmentsSchema accepts a Linehaul-only payload (0.6076ms)
✔ createTariffAdjustmentsSchema accepts Linehaul plus an owner-written service (0.5478ms)
✔ createTariffAdjustmentsSchema accepts three matching rows (0.5992ms)
✔ createTariffAdjustmentsSchema allows omitted effective_date when all rows omit it (0.8758ms)
✔ createTariffAdjustmentsSchema rejects an empty rows array (1.2343ms)
✔ createTariffAdjustmentsSchema rejects more than 20 rows (1.2302ms)
✔ createTariffAdjustmentsSchema requires at least one Linehaul row (0.5878ms)
✔ createTariffAdjustmentsSchema requires shared fields to match (0.5834ms)
✔ createTariffAdjustmentsSchema rejects three rows with a mismatched pickup_zone (0.6729ms)
✔ createTariffAdjustmentsSchema requires a 5-digit ZIP and a carrier (1.2918ms)
✔ createTariffAdjustmentsSchema rejects a Service and Rule that are not a Drop Downs pair (0.7746ms)
✔ createTariffAdjustmentsSchema rejects customer and job identifiers (5.7558ms)
ℹ tests 2522
ℹ suites 13
ℹ pass 2408
ℹ fail 0
ℹ cancelled 0
ℹ skipped 114
ℹ todo 0
ℹ duration_ms 306806.6027
