
> vantage_movers_server@1.0.0 test C:\Users\Pinda\Proyectos\vantage\vantage-main-server
> node --import tsx --import ./ops/test-setup.ts --test "src/**/*.test.ts" "api/queues/**/*.test.ts" "scripts/api/*.test.ts" "scripts/migrations/cancellation-correlation-snapshots.lib.test.ts" "scripts/migrations/wordpress-form-submission-receipts.lib.test.ts" "scripts/migrations/extension-user-roles-sales-backfill.lib.test.ts" "scripts/migrations/extension-user-roles-array.lib.test.ts" "scripts/migrations/form-lead-unknown-state-local.lib.test.ts" "scripts/prototypes/lead-conversion-and-granot-search/**/*.test.ts" "scripts/prototypes/job-number-timeline/**/*.test.ts"

✔ consumer accepts only { receipt_id } (4.304ms)
✔ vercel.json registers queue/v2beta topic granot-lifecycle-events* (1.045ms)
✔ consumer accepts only { job_id } (7.2608ms)
✔ vercel.json registers queue/v2beta topic sales-intelligence-events* (0.8875ms)
✔ loadVantageApiConfig requires VANTAGE_API_SECRET (2.7558ms)
✔ loadVantageApiConfig defaults to production and never echoes the secret (1.2178ms)
✔ production write guard (0.8039ms)
✔ buildVantageApiUrl joins path and query (1.3692ms)
✔ historical analysis stamps only surviving Booking job evidence (2.1228ms)
✔ historical analysis leaves missing Booking links as remainder (0.3879ms)
✔ historical analysis does not infer a job from a Booking without job fields (0.3343ms)
✔ already-stamped historical rows are not remainder and are not reapplied (0.2698ms)
✔ inventory summary lists remainder ids only (1.6954ms)
✔ roles-array report maps leftover singular role per spec §3.3 (5.2108ms)
✔ already-has-roles rows do not bump token_version and will not apply (0.5521ms)
✔ roles-array summary counts convert versus already-has-roles (0.643ms)
✔ sales backfill remaps the three production Employee emails and increments token_version (2.9706ms)
✔ sales backfill is a no-op when those emails are already Sales (0.5212ms)
✔ sales backfill leaves jbell, kylm, and ringram unchanged (0.5504ms)
✔ sales backfill summary counts remap versus leave-alone rows (0.524ms)
✔ September 2026 window is the Florida-stamped calendar month (3.7107ms)
✔ filter is Form Leads in the month with a not_found state (2.1328ms)
✔ classify marks long_distance unknown-state rows for update (0.7586ms)
✔ classify skips rows that are already local (0.2916ms)
✔ summary counts needs_update versus already_local (0.3472ms)
✔ unique idempotency index is named and unique (2.3117ms)
✔ report-first index inventory names present vs missing (0.4881ms)
✔ CLI unknown flags fail closed (3.1931ms)
✔ CLI production gate (16.6549ms)
✔ CLI render requires --job-no (0.4984ms)
✔ CLI and load stay zero-mutation (1.56ms)
✔ CLI render uses the production module (0.6494ms)
✔ Discover score (44.5216ms)
✔ activity grouping preserves every event id (34.0635ms)
✔ proof notes alias Job Numbers and pick required shapes (13.8657ms)
✔ collection count deltas stay empty when counts match (1.7226ms)
✔ percentile uses the ceiling rank (0.4176ms)
✔ observation Job filter remaps equivalentNormalizedJobFilter onto identity.normalized_job_no (1.8287ms)
✔ successful text is accepted, sent, or delivered (1.81ms)
✔ conversion rate is zero when the cohort is empty (1.8094ms)
✔ two successful messages for one Lead count once (0.405ms)
✔ SMS booked rate is booked among successfully texted Leads, not all Leads (0.7244ms)
✔ receiver-agent booked and cancelled both use received Leads as the denominator (1.7505ms)
✔ blank Job Number is rejected before any search (2.6665ms)
✔ Booked / Releas without booking_status_changed is rejected (1.141ms)
✔ equivalent Job Numbers resolve to the same hit set (22.0379ms)
✔ event class keeps route_event_class, not payload event_type aliases (0.5273ms)
✔ booking_status_changed Booked and Releas are two granularities (0.5273ms)
✔ Priority 5 is not Booked (0.3437ms)
✔ latest Decision attempt only, and commands attach by observation provenance (0.3748ms)
✔ a command on another Job does not leak into this Job's timeline seed (0.2817ms)
✔ matching roles set authenticates even when order differs (2.2909ms)
✔ set mismatch, missing roles, missing version, email drift, inactive, and deleted fail (0.5819ms)
✔ leftover employee stored role matches Sales plus Customer Service claims (1.1981ms)
✔ refresh rejects a stale token_version (0.53ms)
✔ issueTokens writes roles and token_version onto the access token (12.0784ms)
✔ PublicExtensionUser is id, email, and roles (0.618ms)
✔ getExtensionUserFromAccessToken uses the matcher through an injected lookup (4.1847ms)
✔ access token includes roles and token_version (11.9155ms)
✔ singular role tokens and missing claims fail access verify (4.2881ms)
✔ isAccessTokenPayload requires current roles and numeric token_version (0.5923ms)
✔ refresh token still signs and verifies sub plus token_version (2.1761ms)
✔ hasExtensionRole Owner checks pass for Owner unions and fail for Sales plus Customer Service (0.6395ms)
✔ lead sheet headers include booked date on Forms and Calls tabs (2.255ms)
✔ call sheet headers omit owner-hidden descriptive and location columns (0.4768ms)
✔ lead sheet configuration includes duplicate and form fill surfaces (0.3492ms)
✔ source label mapping accepts Granot compact BestRelocation labels (0.4893ms)
✔ top10_leads sheet label is Top 10 Forms while legacy labels still resolve (0.5707ms)
✔ 10 Best inbound labels resolve to tbm_leads (0.3265ms)
✔ GetMovers labels resolve to get_movers_leads (0.353ms)
✔ Paid Overflow labels resolve to paid_overflow (0.3599ms)
✔ lead sheet source company labels are precise by lead type (0.4733ms)
✔ getBookingReconciliationConfig defaults rematch reasons to matching_unavailable and no_match (3.6583ms)
✔ parseBookingReconciliationReasons rejects unknown values (1.1852ms)
✔ getBookingReconciliationConfig reads configured delays and limits (0.8839ms)
{"level":"info","time":"2026-09-18T22:29:55.494Z","service":"vantage-main-server","env":"development","msg":"operations_registry.compatibility_read","observability_level":"info","category":"admin","workflow":"operations_registry"}
{"level":"info","time":"2026-09-18T22:30:15.549Z","service":"vantage-main-server","env":"development","msg":"operations_registry.compatibility_read","observability_level":"info","category":"admin","workflow":"operations_registry"}
{"level":"info","time":"2026-09-18T22:30:35.592Z","service":"vantage-main-server","env":"development","msg":"operations_registry.compatibility_read","observability_level":"info","category":"admin","workflow":"operations_registry"}
{"level":"info","time":"2026-09-18T22:30:55.634Z","service":"vantage-main-server","env":"development","msg":"operations_registry.compatibility_read","observability_level":"info","category":"admin","workflow":"operations_registry"}
✔ simple-rate sources return their configured CPL for both form and call leads (80211.4779ms)
{"level":"info","time":"2026-09-18T22:31:15.677Z","service":"vantage-main-server","env":"development","msg":"operations_registry.compatibility_read","observability_level":"info","category":"admin","workflow":"operations_registry"}
{"level":"info","time":"2026-09-18T22:31:35.711Z","service":"vantage-main-server","env":"development","msg":"operations_registry.compatibility_read","observability_level":"info","category":"admin","workflow":"operations_registry"}
{"level":"info","time":"2026-09-18T22:31:55.729Z","service":"vantage-main-server","env":"development","msg":"operations_registry.compatibility_read","observability_level":"info","category":"admin","workflow":"operations_registry"}
{"level":"info","time":"2026-09-18T22:32:15.752Z","service":"vantage-main-server","env":"development","msg":"operations_registry.compatibility_read","observability_level":"info","category":"admin","workflow":"operations_registry"}
{"level":"info","time":"2026-09-18T22:32:35.770Z","service":"vantage-main-server","env":"development","msg":"operations_registry.compatibility_read","observability_level":"info","category":"admin","workflow":"operations_registry"}
✔ best_relocation_leads splits form CPL by local vs long_distance but not call CPL (100110.648ms)
✔ not_provided always reports CPL 0 without querying CplRate (30031.5478ms)
{"level":"info","time":"2026-09-18T22:33:25.820Z","service":"vantage-main-server","env":"development","msg":"operations_registry.compatibility_read","observability_level":"info","category":"admin","workflow":"operations_registry"}
{"level":"info","time":"2026-09-18T22:33:45.837Z","service":"vantage-main-server","env":"development","msg":"operations_registry.compatibility_read","observability_level":"info","category":"admin","workflow":"operations_registry"}
{"level":"info","time":"2026-09-18T22:34:05.863Z","service":"vantage-main-server","env":"development","msg":"operations_registry.compatibility_read","observability_level":"info","category":"admin","workflow":"operations_registry"}
✔ legacy source labels are normalized before CPL lookup (60060.2668ms)
{"level":"info","time":"2026-09-18T22:34:25.879Z","service":"vantage-main-server","env":"development","msg":"operations_registry.compatibility_read","observability_level":"info","category":"admin","workflow":"operations_registry"}
{"level":"info","time":"2026-09-18T22:34:35.893Z","service":"vantage-main-server","env":"development","msg":"operations_registry.compatibility_read","observability_level":"info","category":"admin","workflow":"operations_registry"}
✔ falls back to canonical defaults when Mongo is unreachable (20029.4368ms)
✔ missing Redis URL or token returns a null client (3.1748ms)
✔ UPSTASH_* names construct a client and KV_* aliases do too (6.0137ms)
✔ read-only token, KV_URL, and REDIS_URL are not used for the client (0.7945ms)
✔ test runner never publishes Daily Operations Redis writes (0.7276ms)
✔ TEST_MODE also keeps Daily Operations Redis publish off (0.8291ms)
✔ missing credentials keep publish off even outside the TEST_MODE flag (0.6058ms)
✔ Redis stream key uses VERCEL_ENV production or preview, otherwise local (1.0365ms)
✔ collection names use the test prefix in the test runner (2.0109ms)
✔ parseEmployeeBookingAutoMatchRules preserves Exact Job Booking Attach order (3.2455ms)
✔ parseEmployeeBookingAutoMatchRules accepts none (0.5629ms)
✔ parseEmployeeBookingAutoMatchRules rejects duplicates (0.8378ms)
✔ parseEmployeeBookingAutoMatchRules rejects retired phone, LID, and email rules (0.49ms)
✔ getEmployeeBookingMatchingConfig defaults to Exact Job Booking Attach (0.7304ms)
✔ getEmployeeBookingMatchingConfig reads env values (0.4844ms)
✔ snapshotEmployeeBookingAutoMatchPolicy uses parsed config, not a raw env string (0.4765ms)
✔ Google service account env var name constants match the production / test names (9.8836ms)
✔ Google service account env var selectors swap to the *_TEST_* names in test mode (1.2567ms)
✔ completion redirect must match configured trusted admin origin (2.1672ms)
✔ localhost completion redirect is rejected in production (0.5179ms)
✔ production detection follows NODE_ENV and VERCEL_ENV (1.973ms)
✔ owner email allowlist keeps the primary identity and unions extras (2.751ms)
✔ owner email allowlist rejects blank or duplicate extras (17.4765ms)
✔ [AC-31] foundation execution mode is historical without activation and permanent before cutoff (1.7477ms)
✔ [AC-31] foundation channel never changes execution mode (0.4859ms)
✔ lifecycle flags default to processing true, shadow true, and all effects false (14.9753ms)
✔ malformed lifecycle flag values fail closed (1.4844ms)
✔ blank Granot webhook secret is treated as missing configuration (6.6668ms)
✔ lifecycle queue topic is environment scoped (0.9554ms)
✔ lifecycle queue publishing stays off in the test runner and unapproved environments (0.7104ms)
✔ lead messaging mode defaults invalid and missing values to disabled (2.6032ms)
✔ lead messaging credentials use only definite environment variables (2.7657ms)
✔ lead messaging queue topic is environment scoped and test-safe (21.4152ms)
✔ Granot create-if-missing SMS stays off unless the env flag is an explicit boolean true (4.1918ms)
✔ quiet-hours scheduling is off unless the env flag is exactly true (8.1071ms)
✔ lead messaging abuse guards have safe defaults and env overrides (4.5104ms)
✔ a successful confirmation text is accepted, sent, or delivered (1.358ms)
✔ observability is disabled inside the test runner even with opt-in flags (2.8684ms)
✔ node test runner disables observability writes even when explicitly allowed (0.8639ms)
✔ bootstrap test runner marker survives env cleanup (0.9541ms)
✔ ALLOW_TEST_OBSERVABILITY is ignored on Vercel runtimes (0.8366ms)
✔ zip-state and auth capture flags are off while observability is disabled (0.8116ms)
✔ node test runner always forces test observability collections (0.8242ms)
✔ write mode parses values while test runner still blocks collection writes (3.8627ms)
✔ collection names follow runtime TEST_MODE by default (0.9668ms)
✔ collection mode production/test override TEST_MODE (0.7804ms)
✔ collection prefix is applied to default names (1.0952ms)
✔ custom collection mode cannot override forced test collections in the test runner (1.8705ms)
✔ event min level and info capture gate persistence (0.9853ms)
✔ owner-visible info events can bypass general info suppression (0.8866ms)
✔ email mode defaults to log_only and immediate levels default to critical (1.6373ms)
✔ owner events parse from csv (0.498ms)
✔ config validation keeps test collections under custom mode in the test runner (0.7254ms)
✔ Google reporting delivery kill switch is fail-closed (2.4197ms)
✔ Google reporting delivery kill switch accepts only explicit true (0.616ms)
✔ isTestMode is true only for the literal string 'true' after trim/lowercasing (6.6163ms)
✔ shouldWriteSourceLeadSheets is false by default and only true for the literal 'true' (3.7482ms)
✔ getMongoDatabaseName swaps between the prod and test databases on TEST_MODE (1.0945ms)
✔ getRuntimeSheetContainerEnvVar prefixes TEST_ in test mode and is identity otherwise (0.6017ms)
✔ getRequiredEnv throws when the env var is missing or blank, with the var name in the message (2.9456ms)
✔ sheet container id helpers route through the TEST_-prefixed env var in test mode (1.6557ms)
✔ getSourceLeadSheetContainerId returns undefined for not_provided (no source sheet env var) (0.3556ms)
✔ getSourceLeadSheetContainerId returns undefined for paid_overflow (Master Sheets only) (0.2396ms)
✔ getSheetSyncMode defaults to legacy and parses known values (5.8102ms)
✔ queue topic is env-scoped and overridable (1.1019ms)
✔ budgets default below documented Google limits and parse overrides (1.4752ms)
✔ drain guardrails default to fast queue draining and parse overrides (0.8301ms)
✔ shouldPublishSheetSyncQueue stays off outside production Vercel (1.5536ms)
✔ isVercelFunctionRuntimeEnv requires hosted runtime markers (1.0178ms)
✔ shouldPublishSheetSyncQueue is always off during the test runner (0.7311ms)
✔ shouldPublishSheetSyncQueue keeps test runner guard after env cleanup (1.0611ms)
✔ coalescing keys follow the design doc shape (0.7777ms)
✔ delete resources supersede their matching upsert keys (4.482ms)
✔ priority ordering: deletes > booking > cancellation > create > update (0.679ms)
✔ maps Initial Price cubic feet onto the Drop Downs Linehaul ranges (1.6979ms)
✔ treats Binding Estimate Fee as automatic, not an owner dropdown (0.4525ms)
✔ rules for a Service stay inside that Service (1.1823ms)
{"level":"info","time":"2026-09-18T22:29:39.292Z","service":"vantage-main-server","env":"development","msg":"logger.test.circular","data":{"name":"ring","self":"[Circular]"}}
✔ logger does not throw when an object passed to info() contains a circular reference (3.795ms)
✔ logger does not throw when an object passed to info() contains BigInt values (0.6184ms)
✔ logger does not throw when err key is a non-Error value (0.6593ms)
✔ logger does not throw when given undefined or null payloads (0.4115ms)
✔ logger exposes the pino API the codebase relies on (0.3456ms)
{"level":"info","time":"2026-09-18T22:29:39.295Z","service":"vantage-main-server","env":"development","msg":"logger.test.bigint","pos":1234567890123456789,"neg":-9876543210123456789}
{"level":"error","time":"2026-09-18T22:29:39.296Z","service":"vantage-main-server","env":"development","err":"plain string error","msg":"logger.test.string_err"}
{"level":"error","time":"2026-09-18T22:29:39.296Z","service":"vantage-main-server","env":"development","err":{"code":"E_BAD","details":{"a":1}},"msg":"logger.test.object_err"}
{"level":"error","time":"2026-09-18T22:29:39.296Z","service":"vantage-main-server","env":"development","err":null,"msg":"logger.test.null_err"}
{"level":"error","time":"2026-09-18T22:29:39.296Z","service":"vantage-main-server","env":"development","msg":"logger.test.undefined_err"}
{"level":"info","time":"2026-09-18T22:29:39.297Z","service":"vantage-main-server","env":"development","msg":"plain string message"}
{"level":"info","time":"2026-09-18T22:29:39.297Z","service":"vantage-main-server","env":"development","msg":"logger.test.empty"}
{"level":"warn","time":"2026-09-18T22:29:39.297Z","service":"vantage-main-server","env":"development","msg":"logger.test.warn_no_data"}
✔ requireApiSecret accepts the global API secret on any v1 route (4.1286ms)
✔ requireApiSecret accepts a source-scoped key for its configured route (2.7474ms)
✔ requireApiSecret accepts a source-scoped key for configured call lead route (1.7005ms)
✔ requireApiSecret rejects a scoped key on a different route (2.8673ms)
✔ requireApiSecret rejects a scoped key for a different source company (1.354ms)
✔ requireApiSecret rejects Sales plus Customer Service Bearer on form-lead data routes (1.3935ms)
✔ requireApiSecret allows Sales plus Customer Service Bearer on Tariff Adjustment Submit (0.8539ms)
✔ requireApiSecret rejects Sales-only Bearer on tariff, form-lead, and Enrichment apply routes (1.0493ms)
✔ requireApiSecret allows Customer Service Bearer on Tariff Adjustment Submit (0.7289ms)
✔ requireApiSecret rejects Customer Service Bearer on form-lead data routes (0.9231ms)
✔ requireApiSecret allows Owner Bearer on Tariff Adjustment Submit (0.8873ms)
✔ requireApiSecret rejects unknown secrets (1.5266ms)
✔ [AC-01] both valid secrets store header_secret and still validate the body (3.9717ms)
✔ [AC-01] one valid form authenticates; missing, wrong, nonscalar, and mismatched dual secrets do not (1.0701ms)
✔ [AC-01][AC-35] middleware deletes the body credential before 500, 401, and success (2.4382ms)
✔ [AC-01] nonscalar header or body forms are unauthorized and still strip the body key (0.7085ms)
✔ [AC-01][AC-35] delete helper removes the body credential without exposing it (0.6922ms)
✔ [AC-08][AC-12] CallLead defaults quoted/post_to_granot false and has exact provenance paths (41.1432ms)
✔ [AC-12] Call quoted and ingested snapshot/origin are immutable after insert (5.2464ms)
✔ [AC-12] new Call rows reject legacy_unknown and malformed provenance (12.6017ms)
✔ [AC-12] CallLead receiver-agent enum gains granot_username_match (0.3721ms)
✔ [AC-07] CallLead declares the three exact S08 indexes and no unique Lead Job index (2.3946ms)
✔ [AC-14] RingCentral original caller evidence is required and immutable (6.4264ms)
✔ CancelledLead persists the four correlation snapshot fields (18.9489ms)
✔ CancelledLead correlation snapshots are immutable after insert (8.7016ms)
✔ CancelledLead snapshot index is named and not auto-unique (1.6845ms)
✔ [AC-21] command execution model keeps unique origin/idempotency and command_id indexes (2.8045ms)
✔ [AC-32] origin enum accepts the four command origins and nested applied result (2.4204ms)
✔ [AC-21] legacy top-level refs/warnings derive the stored applied result without rewrite (3.8671ms)
✔ [AC-32] EntityChange model uses the named collection and four exact indexes (7.9699ms)
✔ [AC-32] EntityChange requires adjacent nonnegative revisions and matching changed_paths (40.0442ms)
✔ [AC-32] contact/address and delete fields are reference_only with no raw values (16.271ms)
✔ [AC-32] EntityChange serialization omits payload, headers, secrets, and unmasked contact (27.6406ms)
✔ [AC-32] EntityChange save and query hooks reject post-insert mutation (9.9157ms)
✔ [AC-10] [AC-11] FormLead declares exact origin, snapshot, job, and provenance paths (27.029ms)
✔ [AC-03] Form Job Number is distinct from Tracking Reference ref_no (4.97ms)
✔ [AC-10] ingested Form snapshots and origin are immutable after insert (13.7893ms)
✔ [AC-10] new Form rows cannot use legacy_unknown or legacy_baseline (5.6447ms)
✔ [AC-07][AC-08] trusted Form may omit move size/date without inventing facts (20.1908ms)
✔ [AC-12] FormLead receiver-agent enum gains granot_username_match and keeps compatibility (0.3159ms)
✔ [AC-07] FormLead declares the four exact S08 indexes and no unique Lead Job index (2.0613ms)
✔ [AC-38] GranotAutomationSource declares an optional CRM reference and non-unique lookup index (2.4462ms)
▶ GranotBookingDiscrepancy
  ✔ [AC-26][AC-35][AC-36] fixes Booking reasons and exact partial indexes (4.8972ms)
  ✔ [AC-26][AC-36] rejects Release reasons and unsafe resolved/evidence mutation (29.8975ms)
✔ GranotBookingDiscrepancy (37.1997ms)
▶ GranotBookingReconciliationCase model
  ✔ [AC-20] declares the exact six named indexes and open partial uniqueness (3.4724ms)
  ✔ [AC-18] validates exact defaults, enums, evidence shape, and bounded context (27.6767ms)
  ✔ [AC-20] rejects mutation of existing evidence IDs and every resolved-row write (3.5173ms)
✔ GranotBookingReconciliationCase model (36.6064ms)
✔ GranotCrmSource keeps the operational CSV collection and model name (3.483ms)
✔ legacy and new rows default to disabled deferred observation-only policy (24.9447ms)
✔ declares the three named lifecycle indexes without removing CSV uniqueness (2.4046ms)
✔ normalized labels use NFKC, trim, collapse, lowercase, and reject empty/control/bidi (0.7995ms)
✔ model writes reject illegal Call/Form/mixed/ambiguous routes (24.2019ms)
✔ referral_booking and deferred reject Lead routes and non-observation policies (6.6451ms)
✔ enabled source_scoped_lead requires active same-company matching-channel refs and policy version (1.2417ms)
✔ disabled rows may keep reviewed policy but still reject structurally illegal routes (0.4412ms)
✔ client-supplied normalized labels that disagree with the server fail closed (0.4308ms)
✔ [AC-31] Activation model is write-once with a unique key index (5.0627ms)
✔ [AC-31] Activation rejects unknown keys and post-insert mutation (30.9547ms)
✔ [AC-05] Observation model uses the named collection and mongoose name (6.1836ms)
✔ [AC-05][AC-06][AC-25][AC-29] declares exactly six named indexes and unique receipt_id only (5.9799ms)
✔ [AC-05][AC-06][AC-25] frozen Observation enums are not widened (0.4256ms)
✔ [AC-05] Observation documents reject unknown kinds, results, and issue codes (64.8065ms)
✔ [AC-05] Observation documents omit processing, target, policy, and effect fields (4.29ms)
✔ [AC-05] model save and query hooks reject post-insert Observation mutation (11.4941ms)
✔ [AC-02] receipt keeps the physical collection and mongoose model name (4.3725ms)
✔ [AC-02] declares only the five named Section 9.1 indexes (5.5878ms)
✔ [AC-02] unique operation-id index is partial and payload hash index is never unique (1.202ms)
✔ [AC-02] webhook receipts require route_event_class and forbid channel_operation_kind (31.4884ms)
✔ [AC-02] extension and automation receipts require operation kind and operation id (15.6311ms)
✔ [AC-02] operation-id validation rejects empty, overlong, control, bidi, and wrong-channel shapes (8.5076ms)
✔ [AC-02] last_error.message is capped at 500 characters (37.2325ms)
✔ [AC-02] legacy capture-shaped create is rejected after compatibility retirement (3.1976ms)
✔ [AC-02] model save rejects post-insert evidence mutation (7.8152ms)
✔ [AC-02] query updates reject non-processing operators and evidence paths (1.0631ms)
✔ [AC-02] replace and delete query hooks reject evidence mutation (4.5944ms)
✔ [AC-32] Record Link model declares the three named indexes including partial unique job (5.1738ms)
✔ [AC-32] Record Link establishment defaults and snapshot normalize back to the Job Number (17.1898ms)
✔ [AC-23][AC-32] disputed active links remain lookup-visible and correction supersession is narrowly allowlisted (1.709ms)
✔ [AC-32] Record Link query hooks reject replace and delete (3.7203ms)
▶ GranotReleaseDiscrepancy
  ✔ [AC-27][AC-35][AC-36] fixes Release reasons and separate indexes (2.8583ms)
  ✔ [AC-27][AC-36] accepts only Release reason rows (28.1189ms)
✔ GranotReleaseDiscrepancy (33.1044ms)
▶ GranotReleaseReconciliationCase model
  ✔ [AC-25][AC-36] requires deterministic Booking identity and declares the five Release indexes (42.5117ms)
  ✔ [AC-35][AC-36] strips forbidden transport fields and enforces revisions plus immutable guards (12.3215ms)
✔ GranotReleaseReconciliationCase model (57.1328ms)
✔ LeadConversation unique recording index is the only unique index (2.9203ms)
✔ LeadConversation schema declares the seven contract indexes (1.5324ms)
✔ LeadConversation validates a complete seeded conversation (21.7712ms)
✔ LeadConversation rejects an invented match method (10.802ms)
✔ LeadMessage validates normalized FormLead relationship and message snapshot (19.9871ms)
✔ LeadMessage unique SID index excludes unsent documents (1.6566ms)
✔ LeadMessage rejects unsupported lifecycle states (5.7351ms)
✔ LeadMessageRateLimit validates atomic reservation buckets (10.959ms)
✔ RingCentral assignments enforce one active assignment per route with a supported partial index (3.4588ms)
✔ [AC-02] Decision model uses the named collection and four named indexes (5.4669ms)
✔ [AC-02] Decision defaults empty arrays and rejects invented outcomes (32.2161ms)
✔ [AC-02] Decision documents omit copied contact and payload fields (14.5539ms)
✔ [AC-28] Referral Decision preserves exact reviewed source policy without a Lead Source Scope (6.6055ms)
✔ [AC-02] Decision save and query hooks reject post-insert mutation (10.2455ms)
✔ [AC-21] all four aggregates default to nonnegative integer domain_revision 0 (45.2525ms)
✔ [AC-21] invalid revisions and one-sided last-change metadata fail validation (48.2786ms)
✔ [AC-21] __v is not the lifecycle revision contract (6.2917ms)
✔ [AC-32] genuinely new aggregates receive a server history boundary and ignore client supply (1.9397ms)
✔ [AC-32] change_history_started_at is write-once outside the migration seam (3.8508ms)
✔ [AC-32] existing public/admin DTOs cannot set lifecycle revision metadata (33.0725ms)
✔ [AC-21] Booking unique normalized-Job index is named and is not a unique Lead Job index (3.3225ms)
✔ [AC-32] historical schemas remain readable and do not gain revision fields (0.5404ms)
✔ booking reconciliation cron requires CRON_SECRET (59.0555ms)
✔ booking reconciliation cron rejects wrong secret (41.873ms)
✔ Owner can read the conversation list without transcript text (60.1892ms)
✔ by-lead list does not include transcript or summary text (16.7147ms)
✔ Owner detail includes the redacted transcript (17.094ms)
✔ audio-url writes an audit row and is Owner-only (29.0578ms)
✔ CPL correction drain requires configured cron authentication (129.6309ms)
✔ CPL correction drain rejects an invalid cron secret (11.6936ms)
✔ Owner snapshot includes yesterday_by_now, company zeros, and wordpress_form (86.379ms)
✔ Admin without Owner is 403 on every Daily Operations method (128.3116ms)
✔ missing API secret is 401 (5.7441ms)
✔ events page is newest-first and forwards cursor, lane, and limit (51.4681ms)
✔ Owner live SSE emits snapshot then Redis event; lane query is ignored (15.0522ms)
✔ Owner live SSE with Last-Event-ID skips snapshot (9.4059ms)
✔ Owner rebuild returns counters-replaced, events not deleted (27.1098ms)
✔ close cron rejects missing secret header and missing CRON_SECRET (74.3538ms)
✔ [AC-33] Form and Call apply routes remain registered on the v1 surface (8.0634ms)
✔ [AC-33] Owner Form apply captures a statement and never a quoted patch (117.9377ms)
✔ [AC-35] Admin, secret, and unauthenticated apply create no receipt (85.8124ms)
✔ [AC-02] strict Zod rejects unknown outer keys, invalid IDs, and booking action on snapshot apply (46.9708ms)
✔ [AC-33] Call enrichment accepts a bounded batch in input order and rejects duplicate operation IDs (40.857ms)
✔ [AC-33] booked reconciliation permits only booking_action_apply (30.1147ms)
✔ [AC-33] no extension apply path imports or invokes the legacy patch services (1.322ms)
✔ [AC-35] validation errors omit raw statement values (8.5059ms)
✔ Owner can list Extension Users (101.9806ms)
✔ Admin cannot list, create, PATCH, or DELETE Extension Users (102.5608ms)
✔ Owner can create an Extension User with roles (13.1706ms)
✔ Owner cannot create an Extension User with empty roles or leftover employee (38.5206ms)
✔ create rejects an invalid payload and a duplicate email (20.1859ms)
✔ Owner can PATCH and DELETE an Extension User (21.3618ms)
✔ PATCH treats an empty password as omitted and requires another field (19.2804ms)
✔ unknown Extension User id is 404 and invalid ObjectId is 400 (50.7396ms)
✔ Granot automation exposes the durable admin run contract (2.3113ms)
✔ Granot run schema carries immutable plan and durable control fields (17.1625ms)
✔ Granot source catalog persists exact labels and ships all requested defaults (3.7721ms)
✔ Granot source schema requires one or two unique supported workflows (6.1519ms)
✔ [AC-35] run details project lifecycle receipt IDs without raw statements or payloads (14.2217ms)
✔ Granot queue contention defers to a durable continuation (6.0069ms)
✔ [AC-38] Granot CRM source update accepts create_if_missing and rejects client normalized labels (12.9402ms)
✔ [AC-38] Granot CRM source mutations require a 10-1000 character reason (2.2178ms)
✔ [AC-38] Registry projections and update schemas omit payload and contact fields (0.7639ms)
✔ Owner Granot create schema accepts one_feed intent and rejects unknown keys (11.5969ms)
✔ Owner Granot create schema rejects a short reason and raw lifecycle fields (1.1004ms)
✔ outbound SMS Owner schema no longer accepts daily_cap (1.2722ms)
✔ [AC-37] Owner requeue route returns 200 {ok:true,data} (151.7832ms)
✔ [AC-37] Admin without Owner cannot requeue (17.9287ms)
✔ [AC-37] invalid requeue body is GRANOT_VALIDATION_FAILED (12.8168ms)
✔ [AC-18] [AC-19] read list applies the exact default queue for Owner/Admin (35.4034ms)
✔ [AC-25][AC-35] read list forwards the explicit Release discriminants (13.8022ms)
✔ [AC-35] unsigned lifecycle reads are denied before projection (5.9571ms)
✔ [AC-35] strict case filters reject unknown keys with a safe 400 (9.9681ms)
✔ [AC-35] [AC-39] case detail has safe 404 and exact read envelope (22.4469ms)
✔ creating observation is Owner-only and returns the Booked statement for a booking case (28.5553ms)
✔ creating observation returns the Release statement for a cancellation intake (6.4149ms)
✔ [AC-35] candidate browser is Owner-only for source and all scope and performs a read (32.9768ms)
✔ [AC-40] Lead timeline validates model/ID and preserves generic missing Lead envelope (25.5738ms)
✔ [AC-20] Job timeline is readable by Admin and strictly bounds pagination (9.9629ms)
✔ [AC-35][AC-36] discrepancy list/detail are signed reads with strict filters (21.5221ms)
{"level":"info","time":"2026-09-18T22:29:52.639Z","service":"vantage-main-server","env":"development","msg":"granot_lifecycle.owner_command.applied","observability_level":"info","category":"admin","workflow":"granot_lifecycle"}
{"level":"info","time":"2026-09-18T22:29:52.686Z","service":"vantage-main-server","env":"development","msg":"granot_lifecycle.owner_command.applied","observability_level":"info","category":"admin","workflow":"granot_lifecycle"}
{"level":"info","time":"2026-09-18T22:29:52.687Z","service":"vantage-main-server","env":"development","msg":"granot_lifecycle.booking_discrepancy.resolved","observability_level":"info","category":"admin","workflow":"granot_lifecycle"}
{"level":"info","time":"2026-09-18T22:29:52.722Z","service":"vantage-main-server","env":"development","msg":"granot_lifecycle.owner_command.applied","observability_level":"info","category":"admin","workflow":"granot_lifecycle"}
{"level":"info","time":"2026-09-18T22:29:52.723Z","service":"vantage-main-server","env":"development","msg":"granot_lifecycle.booking_discrepancy.resolved","observability_level":"info","category":"admin","workflow":"granot_lifecycle"}
✔ [AC-23][AC-36] discrepancy commands are Owner-only, strict, and route-own identity (122.8407ms)
{"level":"info","time":"2026-09-18T22:29:52.770Z","service":"vantage-main-server","env":"development","msg":"granot_lifecycle.owner_command.applied","observability_level":"info","category":"admin","workflow":"granot_lifecycle"}
{"level":"info","time":"2026-09-18T22:29:52.771Z","service":"vantage-main-server","env":"development","msg":"granot_lifecycle.booking_case.resolved","observability_level":"info","category":"admin","workflow":"granot_lifecycle"}
✔ [AC-21] [AC-22] Owner confirm route requires one idempotency header and returns 201 (50.5065ms)
✔ [AC-22] Admin cannot invoke confirm Booking (5.6358ms)
{"level":"info","time":"2026-09-18T22:29:52.807Z","service":"vantage-main-server","env":"development","msg":"granot_lifecycle.owner_command.applied","observability_level":"info","category":"admin","workflow":"granot_lifecycle"}
{"level":"info","time":"2026-09-18T22:29:52.808Z","service":"vantage-main-server","env":"development","msg":"granot_lifecycle.booking_case.resolved","observability_level":"info","category":"admin","workflow":"granot_lifecycle"}
✔ [AC-21] [AC-24] Owner update route is strict, idempotent-envelope only, and returns 200 (25.5449ms)
{"level":"info","time":"2026-09-18T22:29:52.836Z","service":"vantage-main-server","env":"development","msg":"granot_lifecycle.owner_command.applied","observability_level":"info","category":"admin","workflow":"granot_lifecycle"}
{"level":"info","time":"2026-09-18T22:29:52.837Z","service":"vantage-main-server","env":"development","msg":"granot_lifecycle.booking_case.resolved","observability_level":"info","category":"admin","workflow":"granot_lifecycle"}
✔ [AC-28] Owner Referral create route accepts only revision plus official fields (15.8557ms)
{"level":"info","time":"2026-09-18T22:29:52.848Z","service":"vantage-main-server","env":"development","msg":"granot_lifecycle.owner_command.applied","observability_level":"info","category":"admin","workflow":"granot_lifecycle"}
{"level":"info","time":"2026-09-18T22:29:52.849Z","service":"vantage-main-server","env":"development","msg":"granot_lifecycle.booking_case.resolved","observability_level":"info","category":"admin","workflow":"granot_lifecycle"}
✔ [AC-20] [AC-32] Owner No Action accepts optional reason metadata and Admin is denied (14.7667ms)
{"level":"info","time":"2026-09-18T22:29:52.869Z","service":"vantage-main-server","env":"development","msg":"granot_lifecycle.owner_command.applied","observability_level":"info","category":"admin","workflow":"granot_lifecycle"}
{"level":"info","time":"2026-09-18T22:29:52.870Z","service":"vantage-main-server","env":"development","msg":"granot_lifecycle.booking_case.resolved","observability_level":"info","category":"admin","workflow":"granot_lifecycle"}
{"level":"warn","time":"2026-09-18T22:29:52.922Z","service":"vantage-main-server","env":"development","msg":"granot_lifecycle.owner_command.conflict","observability_level":"warn","category":"admin","workflow":"granot_lifecycle"}
{"level":"warn","time":"2026-09-18T22:29:52.928Z","service":"vantage-main-server","env":"development","msg":"granot_lifecycle.owner_command.conflict","observability_level":"warn","category":"admin","workflow":"granot_lifecycle"}
✔ [AC-R9] Owner booking-case confirm-cancellation succeeds and rejects create-missing posture (90.5576ms)
{"level":"info","time":"2026-09-18T22:29:52.963Z","service":"vantage-main-server","env":"development","msg":"granot_lifecycle.owner_command.applied","observability_level":"info","category":"admin","workflow":"granot_lifecycle"}
{"level":"info","time":"2026-09-18T22:29:52.983Z","service":"vantage-main-server","env":"development","msg":"granot_lifecycle.release_case.resolved","observability_level":"info","category":"admin","workflow":"granot_lifecycle"}
{"level":"info","time":"2026-09-18T22:29:52.994Z","service":"vantage-main-server","env":"development","msg":"granot_lifecycle.owner_command.applied","observability_level":"info","category":"admin","workflow":"granot_lifecycle"}
{"level":"info","time":"2026-09-18T22:29:52.995Z","service":"vantage-main-server","env":"development","msg":"granot_lifecycle.release_case.resolved","observability_level":"info","category":"admin","workflow":"granot_lifecycle"}
{"level":"info","time":"2026-09-18T22:29:53.018Z","service":"vantage-main-server","env":"development","msg":"granot_lifecycle.owner_command.applied","observability_level":"info","category":"admin","workflow":"granot_lifecycle"}
{"level":"info","time":"2026-09-18T22:29:53.018Z","service":"vantage-main-server","env":"development","msg":"granot_lifecycle.release_case.resolved","observability_level":"info","category":"admin","workflow":"granot_lifecycle"}
✔ [AC-25] [AC-32] Release Owner routes are strict, idempotent, and use exact statuses (76.6164ms)
✔ Owner can search webhook receipts; Admin cannot; unsigned is denied (50.4972ms)
✔ receipt search booking_action=release with lead_created is 400; booking_action alone implies booking_status_changed (9.0657ms)
✔ Owner can open the live webhook SSE stream; Admin cannot (27.0741ms)
✔ [AC-31][AC-35] Owner and Admin can read the health envelope without raw payload keys (37.8573ms)
✔ returns 500 when CRON_SECRET is not configured (119.5078ms)
✔ returns 401 when the secret does not match (30.2967ms)
{"level":"info","time":"2026-09-18T22:29:53.310Z","service":"vantage-main-server","env":"development","msg":"granot_lifecycle.cron.run.completed","trigger":"cron","skipped":false,"scanned":1,"claimed":1,"completed":1,"retried":0,"dead_lettered":0,"recovered":0,"lease_lost":0}
{"level":"info","time":"2026-09-18T22:29:53.312Z","service":"vantage-main-server","env":"development","msg":"granot_lifecycle.cron.run.completed","observability_level":"info","category":"cron","workflow":"granot_lifecycle"}
✔ processing-enabled cron returns a bounded summary and no payload values (13.9552ms)
✔ vercel.json registers the five-minute lifecycle drain cron (2.5913ms)
✔ [AC-01] missing configuration returns 500 and reaches neither capture nor publisher (102.9634ms)
✔ [AC-01] missing, wrong, nonscalar, and mismatched dual secrets return exact 401 and create no receipt (90.6206ms)
✔ [AC-01][AC-35] JSON body, form body, and header secrets authenticate and strip the credential before capture (37.1682ms)
✔ [AC-01] both valid secrets attach header_secret after the body is also validated (32.0096ms)
✔ [AC-02] unused Granot field additions or omissions are captured as-is and still return 202 (37.8488ms)
✔ [AC-02] capture happens before 202 and uses the invoked route class (72.899ms)
{"level":"error","time":"2026-09-18T22:29:51.894Z","service":"vantage-main-server","env":"development","msg":"granot_lifecycle.capture.failed","error_code":"technical_failure","observation_channel":"granot_webhook","route_event_class":"priority_updated"}
{"level":"error","time":"2026-09-18T22:29:51.897Z","service":"vantage-main-server","env":"development","msg":"granot_lifecycle.capture.failed","observability_level":"error","category":"mongo","workflow":"granot_lifecycle_capture"}
✔ [AC-01] capture failure returns safe 503, creates no publish, and stays distinct from queue failure (15.5614ms)
{"level":"error","time":"2026-09-18T22:29:51.926Z","service":"vantage-main-server","env":"development","msg":"granot_lifecycle.queue.publish_failed","error_code":"technical_failure","receipt_id":"rece…pt-2","observation_channel":"granot_webhook","route_event_class":"lead_created"}
✔ [AC-02] publish failure cannot change 202 or the accepted receipt (28.4146ms)
✔ Owner Job Number timeline read returns the assembler DTO (112.1999ms)
✔ Admin cannot read the owner Job Number timeline (15.0681ms)
✔ typed miss returns not_found without an event list (42.4381ms)
✔ Owner recent official booking examples return only Job Numbers (10.9586ms)
{"level":"error","time":"2026-09-18T22:29:53.881Z","service":"vantage-main-server","env":"development","err":{"type":"Error","message":"mongo connection string leaked","stack":"Error: mongo connection string leaked\n    at read (C:\\Users\\Pinda\\Proyectos\\vantage\\vantage-main-server\\src\\routes\\job-number-timeline-admin.routes.test.ts:205:15)\n    at <anonymous> (C:\\Users\\Pinda\\Proyectos\\vantage\\vantage-main-server\\src\\routes\\job-number-timeline-admin.routes.ts:85:26)\n    at process.processTicksAndRejections (node:internal/process/task_queues:104:5)"},"request_id":"req-jnt-1789770593853","msg":"job-number-timeline.admin.unhandled"}
✔ unhandled timeline read failure does not echo error.message (47.2357ms)
✔ Admin cannot read recent official booking examples (12.534ms)
✔ lead-source-setups schema rejects unknown keys and derived internals (9.6231ms)
✔ lead-source-setups schema requires a 10-1000 character reason (1.2524ms)
✔ projection query schemas reject unknown keys (3.8471ms)
✔ error envelope parity uses RegistryError.toHttpBody and Zod unrecognized keys (2.5904ms)
✔ returns 500 when CRON_SECRET is not configured (85.2544ms)
✔ returns 401 when the cron secret does not match (21.9848ms)
✔ accepts the x-cron-secret header (22.3813ms)
✔ [AC-17] a disabled Call Log sync never claims the lease (71.3902ms)
✔ [AC-17] lease contention is a bounded skip, not an HTTP 500 (8.8893ms)
✔ [AC-17] a successful run returns the bounded lease/cursor summary (7.268ms)
{"level":"error","time":"2026-09-18T22:29:54.271Z","service":"vantage-main-server","env":"development","msg":"ringcentral.cron.call_log_sync.failed","errorName":"Error"}
✔ [AC-17] a genuine failure stays safe and non-sensitive (9.2534ms)
✔ [AC-17] vercel.json schedules the Call Log sync every 30 minutes (2.4367ms)
✔ CSI-04 admin routes: Owner guard, flag-off 404, scope, validation, idempotency, error mapping; reads never call a writer (467.5423ms)
✔ admin router is mounted in v1.routes.ts after the CSI boundary router (1.6202ms)
✔ real v1 guard + CSI boundary keeps Owner and scoped service authority separate (369.9892ms)
✔ CSI cron routes: cron auth, flag-off and lease_held skips, never a provider body (313.4816ms)
{"level":"error","time":"2026-09-18T22:30:01.665Z","service":"vantage-main-server","env":"development","msg":"sales_intelligence.cron.call_log_reconcile.failed","errorName":"Error"}
✔ CSI cron routes: a throwing service maps to a bounded 500 without provider content (34.7285ms)
✔ vercel.json registers the CSI-03 crons and the queue consumer trigger (a handler file alone is not registration) (1.187ms)
✔ app.ts mounts the CSI cron router before the v1 guard like the other cron routers (0.611ms)
✔ returns 500 when CRON_SECRET is not configured (66.422ms)
✔ returns 401 when the secret does not match (11.4171ms)
✔ skips the drain (no DB work) when mode is not queued (10.6624ms)
✔ accepts a bearer token matching CRON_SECRET (8.5913ms)
✔ source label mapping create rejects unknown keys (6.3833ms)
✔ source label mapping create rejects a client-supplied normalized_label (2.2915ms)
✔ source label mapping mutations require a 10-1000 character reason (2.8883ms)
✔ label resolution preview rejects unknown keys and is read-only shape (2.257ms)
✔ error envelope parity uses RegistryError.toHttpBody and Zod unrecognized keys (3.6821ms)
{"level":"info","time":"2026-09-18T22:29:58.443Z","service":"vantage-main-server","env":"development","msg":"tariff_adjustment.append.succeeded","actor_kind":"user","actor_role":"owner","actor_email":"owner@example.invalid","appended":2,"tab_name":"Master"}
✔ Owner can append two Tariff Adjustment rows (142.7519ms)
{"level":"info","time":"2026-09-18T22:29:58.470Z","service":"vantage-main-server","env":"development","msg":"tariff_adjustment.append.succeeded","actor_kind":"user","actor_role":"sales+customer_service","actor_email":"employee@example.invalid","appended":2,"tab_name":"Master"}
✔ Employee can append two Tariff Adjustment rows (12.6497ms)
{"level":"info","time":"2026-09-18T22:29:58.480Z","service":"vantage-main-server","env":"development","msg":"tariff_adjustment.append.succeeded","actor_kind":"user","actor_role":"customer_service","actor_email":"customer_service@example.invalid","appended":2,"tab_name":"Master"}
✔ Customer Service can append two Tariff Adjustment rows (11.5747ms)
{"level":"info","time":"2026-09-18T22:29:58.489Z","service":"vantage-main-server","env":"development","msg":"tariff_adjustment.append.succeeded","actor_kind":"secret","appended":2,"tab_name":"Master"}
✔ x-api-secret actors can append two Tariff Adjustment rows (6.2128ms)
{"level":"warn","time":"2026-09-18T22:29:58.502Z","service":"vantage-main-server","env":"development","msg":"tariff_adjustment.append.failed","actor_kind":"user","actor_role":"sales+customer_service","actor_email":"employee@example.invalid","error":"[\n  {\n    \"code\": \"unrecognized_keys\",\n    \"keys\": [\n      \"job_no\"\n    ],\n    \"path\": [],\n    \"message\": \"Unrecognized key: \\\"job_no\\\"\"\n  }\n]"}
✔ rejects customer and job identifiers (13.6646ms)
{"level":"info","time":"2026-09-18T22:29:58.520Z","service":"vantage-main-server","env":"development","msg":"tariff_adjustment.append.succeeded","actor_kind":"user","actor_role":"owner","actor_email":"owner@example.invalid","appended":2,"tab_name":"Master"}
✔ stamps today's date when effective_date is omitted (17.427ms)
{"level":"info","time":"2026-09-18T22:29:58.527Z","service":"vantage-main-server","env":"development","msg":"tariff_adjustment.append.succeeded","actor_kind":"user","actor_role":"owner","actor_email":"owner@example.invalid","appended":1,"tab_name":"Master"}
✔ Owner can append a Linehaul-only payload (6.6417ms)
{"level":"info","time":"2026-09-18T22:29:58.535Z","service":"vantage-main-server","env":"development","msg":"tariff_adjustment.append.succeeded","actor_kind":"user","actor_role":"owner","actor_email":"owner@example.invalid","appended":2,"tab_name":"Master"}
✔ Owner can append Linehaul plus an owner-written service (7.7291ms)
{"level":"info","time":"2026-09-18T22:29:58.543Z","service":"vantage-main-server","env":"development","msg":"tariff_adjustment.append.succeeded","actor_kind":"user","actor_role":"owner","actor_email":"owner@example.invalid","appended":3,"tab_name":"Master"}
✔ Owner can append three matching rows (7.3957ms)
{"level":"warn","time":"2026-09-18T22:29:58.550Z","service":"vantage-main-server","env":"development","msg":"tariff_adjustment.append.failed","actor_kind":"user","actor_role":"owner","actor_email":"owner@example.invalid","error":"[\n  {\n    \"origin\": \"array\",\n    \"code\": \"too_small\",\n    \"minimum\": 1,\n    \"inclusive\": true,\n    \"path\": [\n      \"rows\"\n    ],\n    \"message\": \"Too small: expected array to have >=1 items\"\n  },\n  {\n    \"code\": \"custom\",\n    \"path\": [\n      \"rows\"\n    ],\n    \"message\": \"rows must include at least one Linehaul\"\n  }\n]"}
✔ rejects an empty rows array (8.4616ms)
{"level":"warn","time":"2026-09-18T22:29:58.568Z","service":"vantage-main-server","env":"development","msg":"tariff_adjustment.append.failed","actor_kind":"user","actor_role":"owner","actor_email":"owner@example.invalid","error":"[\n  {\n    \"code\": \"custom\",\n    \"path\": [\n      \"rows\"\n    ],\n    \"message\": \"rows must include at least one Linehaul\"\n  }\n]"}
✔ rejects a payload with no Linehaul row (17.2469ms)
{"level":"warn","time":"2026-09-18T22:29:58.592Z","service":"vantage-main-server","env":"development","msg":"tariff_adjustment.append.failed","actor_kind":"user","actor_role":"owner","actor_email":"owner@example.invalid","error":"[\n  {\n    \"code\": \"custom\",\n    \"path\": [\n      \"rows\"\n    ],\n    \"message\": \"pickup_zone must be identical on all Tariff Adjustment rows\"\n  }\n]"}
✔ rejects three rows with a mismatched pickup_zone (23.9195ms)
✔ Operations Registry entities expose complete lifecycle CRUD surfaces (6.694ms)
✔ GET /api/v1/admin/agents is browse only — catalog list is /catalog/agents (0.5788ms)
✔ admin analytics receiver-agent reports have GET routes (0.4445ms)
✔ Owner Extension User routes are registered (0.5888ms)
✔ Owner conversation read routes are registered (0.4092ms)
✔ employee booking reconciliation routes are registered (0.3249ms)
✔ Tariff Adjustment Submit route is registered (0.3654ms)
✔ Granot form-lead resolution route is registered before the id route (0.6274ms)
✔ Granot sync expected filter enforces fill-only and empty receiver fields (2.9926ms)
✔ Lead Source projection and setup routes are registered next to overview (1.1176ms)
✔ legacy CPL rates remain read-only after temporal schedule cutover (0.7493ms)
✔ temporal CPL schedule and correction routes are registered (0.5395ms)
✔ admin browse builds filters, pagination, sorting, and response shape (19.2608ms)
✔ admin form lead browse q includes snapshot contact paths (2.7251ms)
✔ admin form lead browse name email and phone include snapshot paths (1.9286ms)
✔ admin duplicate form lead browse uses the same contact paths (1.5981ms)
✔ admin form lead browse excludes duplicates by default (1.4463ms)
✔ admin form lead browse filters past move dates relative to timestamp (1.5115ms)
✔ admin form lead browse can invert the past move date filter (1.226ms)
✔ admin form lead browse filters receiver agent by ObjectId equality (3.0294ms)
✔ admin form lead browse matches source_granularity_key exactly and does not substring-match source_company (4.5583ms)
✔ admin form lead browse still accepts source_company as bookmark compatibility (2.0169ms)
✔ admin booked lead browse filters source company slugs on the source field (2.0037ms)
✔ admin booked lead browse resolves legacy source company labels onto source (1.0319ms)
✔ admin booked lead browse filters leadless bookings (4.4266ms)
✔ admin agents browse returns metrics for list rows (4.6739ms)
✔ admin agents browse applies date range to booked lead metrics (2.9391ms)
✔ admin agents browse matches catalog names case-insensitively (1.3956ms)
✔ admin agents browse matches allocations on normalized_name when display name differs (1.0186ms)
✔ admin agents browse returns zero metric fields for agents without bookings (0.8935ms)
✔ admin form lead browse can filter to duplicates only (0.7333ms)
✔ admin call lead browse q and phone include snapshot contact paths (1.166ms)
✔ admin call lead browse Manual attach filters (name/email/phone without q) include snapshot paths (1.2726ms)
✔ admin call lead browse excludes duplicates by default (0.7444ms)
✔ admin call lead browse can filter to duplicates only (0.7063ms)
✔ admin form lead browse no_sync true is exact true, not presence (1.0029ms)
✔ admin form lead browse no_sync false uses $ne true so missing-field rows count (0.9879ms)
✔ admin form lead browse omit does not mention no_sync (0.6341ms)
✔ admin call lead browse no_sync true is exact true, not presence (0.7059ms)
✔ admin call lead browse no_sync false uses $ne true so missing-field rows count (0.7965ms)
✔ admin call lead browse omit does not mention no_sync (0.6746ms)
✔ admin detail lookup returns normalized production record (1.4554ms)
✔ admin agent detail returns metrics consistent with browse enrichment (1.7992ms)
✔ admin historical browse uses historical models and remains read-only (0.9438ms)
✔ global admin search form leads include Granot snapshot contact paths (3.6709ms)
✔ global admin search returns grouped results (1.7985ms)
✔ admin agents export includes booking metric columns (1.7025ms)
✔ admin CSV export uses browse rows and escapes CSV body (2.0555ms)
✔ csv helper emits text/csv-compatible header and rows (0.3279ms)
✔ getAdminFacets production builds a structured catalog from first-class collections (8.6794ms)
✔ getAdminFacets historical builds distinct rows and overlays production identity (5.3545ms)
✔ getAdminFacets historical empty granularity distincts do not fail (1.9221ms)
✔ getAdminFacets combined keeps registry owner_label and historical-only extras (3.2631ms)
✔ registry facets invalidation evicts the production and historical catalog caches (2.9961ms)
✔ getSheetSyncHealth aggregates job counts and derives backlog age (3.3254ms)
✔ listSheetSyncJobs builds a filtered, paginated query (3.8605ms)
✔ retrySheetSyncJobs re-queues failed jobs by default and reports the count (5.3965ms)
✔ retrySheetSyncJobs starts an admin drain instead of publishing a queue wake-up (1.1424ms)
✔ retrySheetSyncJobs is a no-op when nothing matches (0.8149ms)
✔ agent browse metrics match keys are lowercased strings, not regexes (13.2377ms)
✔ agent browse metrics count distinct bookings and take this agent's binder share (17.6505ms)
✔ agent browse metrics date range filters book_date and skips Agent createdAt (5.7912ms)
✔ agent browse metrics omit a date match when from/to are absent (1.7227ms)
✔ lookupAgentBrowseMetrics uses name or normalized_name and returns zeros when unmatched (0.5983ms)
✔ even Binder split uses integer cents and gives the leftover cent to the primary Agent (5.0208ms)
✔ Best Relocation allocation resolves an existing inactive agent (4.3225ms)
✔ primary booking allocation becomes Best Relocation receiver attribution (0.5268ms)
✔ primary booking allocation does not replace existing receiver attribution (0.3462ms)
✔ automatic CRM username receiver matching excludes inactive Agents (4.1388ms)
✔ findAgentByGranotCrmUsername prefers embedded granot_identity username (2.8654ms)
✔ findAgentByGranotCrmUsername never reads the retained flat compatibility field (0.5866ms)
✔ CRM username receiver match never overwrites an existing receiver (0.5266ms)
✔ analytics validation accepts report filters and rejects invalid report names (8.8868ms)
✔ sourceGranularityMatch filters derived key only and wins over source_company (7.1461ms)
✔ analytics booked lead filters start with a leading date match (1.3766ms)
✔ booked lead source attribution falls back to the employee source snapshot (1.997ms)
✔ leadMatch matches historical slug options and channel-scoped company slugs (3.6128ms)
✔ combined source analytics merge by stable text dimension instead of ids (1.935ms)
✔ combined revenue trend merges rows by date period (0.7493ms)
✔ combined source analytics merge parent metrics and keep company-only extras as leaves (2.7321ms)
✔ combined receiver-agent analytics merge production rows and keep historical warning metadata (1.0253ms)
✔ combined SMS conversion merge keeps production rows and historical warning metadata (0.7221ms)
✔ analytics CSV export uses the selected report rows (6.6353ms)
✔ source hierarchy CSV rows emit leaves or a childless company, never both (0.5172ms)
✔ combined hierarchy CSV does not duplicate its production contribution (0.3261ms)
✔ lead cost excludes duplicate form leads and unmatched call leads (17.9674ms)
✔ overviewQuerySchema accepts database_scope (3.3516ms)
✔ rollingLast7DaysWindow spans seven days ending now (0.4832ms)
✔ mergeOverviewAllTime merges combined totals and clears production-only lead cost (2.0743ms)
✔ mergeOverviewAllTime keeps lead cost for production scope (0.8629ms)
✔ mergeOverviewAllTime clears lead cost for historical scope (0.3263ms)
✔ receiver-agent analytics use persisted CPL without rate-period status (7.8214ms)
✔ SMS booked rate uses successfully texted Leads as the denominator (2.4705ms)
✔ an empty texted-lead cohort is a zero rate, not missing data (0.6274ms)
✔ historical scope does not read Lead Messages (2.4772ms)
✔ production SMS conversion matches successful statuses and official booked refs (6.8368ms)
✔ source hierarchy uses registry labels and rolls additive child metrics (6.2662ms)
✔ source hierarchy retains unknown granularity in parent totals (0.7376ms)
✔ source hierarchy folds normalized company and granularity collisions (0.6813ms)
✔ nestSourceCompanyRows seeds catalog children including zeros (1.1376ms)
✔ company-only source rows use domain labels and never create children (0.5421ms)
✔ historical source performance stays company-only without registry data (13.1123ms)
✔ historical funnel recomputes company rates and has no children (4.0771ms)
✔ normalizes observed sheet move sizes into the model enum (3.5532ms)
✔ restores leading zeroes dropped from formatted ZIP cells (0.7097ms)
✔ decodes Google Sheets serial timestamps as owner-facing UTC components (4.1541ms)
✔ call parser accepts a combined Google Sheets serial timestamp (1.7372ms)
✔ parsers preserve source-row provenance and skip formula sentinels (8.4702ms)
✔ duplicate booking jobs collapse into split allocations without doubling deposit (5.1003ms)
✔ plan orders leads, attached booking, and cancellation with response bindings (9.9115ms)
✔ refund discovery keeps contradictory LID evidence below auto-cancel threshold (9.3867ms)
✔ live apply refuses to send the secret to an unpinned host (1.5133ms)
✔ booking preflight uses filtered admin lookup and skips an existing job (4.2512ms)
✔ call preflight recognizes the route's bare-array response (2.0715ms)
✔ unique Tracking Reference adopts the existing Form Lead and does not create (4.4201ms)
✔ two Form Leads sharing a Tracking Reference become an ambiguous conflict (0.6072ms)
✔ phone + name + same New York day adopts when Tracking Reference misses (3.8643ms)
✔ two phone + name + date Form Leads conflict instead of creating (1.8741ms)
✔ no identity and no phone-name-date match stays a create (0.5051ms)
✔ pre-cutoff Form Leads are ignored by phone-name-date adoption (0.5738ms)
✔ canonical adoption remaps remaining creates and leaves receipt outcomes alone (1.7986ms)
✔ Best Relocation import capability requires the Best Relocation source (2.546ms)
✔ ordinary booking requests do not receive import capability (0.3609ms)
✔ Best Relocation call lookup is source-scoped before mutation (1.5804ms)
✔ Form Lead + id attaches with booking_origin owner_booking and no case (2.2842ms)
✔ Owner Call Lead unique job attaches with booking_origin owner_booking (0.8884ms)
✔ Owner Call Lead with no Call Lead row is pending owner_booking no_match (0.7594ms)
✔ Owner Call Lead with two job matches is pending multiple_matches, not a 409 (0.448ms)
✔ Best Relocation import Call Lead still uses the from-source resolver (0.5333ms)
✔ letter prefixes are equivalent to the same Granot digit core (2.8892ms)
✔ equivalent job filter matches exact, core, and letter-prefixed variants (1.75ms)
✔ equivalent snapshot filter remaps to the indexed cancellation snapshot field (0.4794ms)
✔ atomic employee Lead claim does not rewrite the existing CPL (6.1487ms)
✔ concurrent booking claims allow only one booking to claim a lead (11.1186ms)
✔ reconciliation mirror can preserve Lead source CPL (2.8937ms)
✔ import Call Lead resolver still 409s when two Call Leads share a job (4.4532ms)
✔ Owner leadless create opens owner_booking case and sets booking_origin (29.1024ms)
✔ Best Relocation import leadless keeps external_sheet_ingestion and no booking_origin (4.1779ms)
✔ owner snapshot uses Call phone or customer phone, else not provided (1.9825ms)
✔ evaluateOwnerCallLeadMatch links a unique Call Lead Job Number (4.3902ms)
✔ evaluateOwnerCallLeadMatch is pending multiple_matches for two Call Leads with the same job (1.0191ms)
✔ evaluateOwnerCallLeadMatch is pending no_match when no Call Lead has the job (0.747ms)
✔ evaluateOwnerCallLeadMatch does not attach on phone of a different Call Lead (0.9207ms)
✔ Owner pending case snapshot fills spec §4.6 fields and origin owner_booking (1.5525ms)
✔ Referral Booking create does not open a Booking Lead Reconciliation Case (2.2718ms)
✔ cancellation snapshots stamp four fields from a surviving Booking (3.6768ms)
✔ cancellation snapshots normalize job_no when Booking normalized field is missing (1.8163ms)
✔ cancellation snapshots stay null without a recoverable Booking job (0.6205ms)
✔ cancellation snapshots refuse silent inference from contact-shaped fields (0.3598ms)
✔ create-path stamp keeps ObjectId lead ref (1.059ms)
✔ getBookedLeadForCancellation allows explicitly authorized imported leadless booking (12.2377ms)
✔ CancelledLead validates an unresolved employee Booking without Lead metadata (10.787ms)
✔ active catalog list excludes inactive rows by default (6.4885ms)
✔ agent resolution rejects inactive or unknown names (1.7347ms)
✔ agent resolution can include an existing inactive agent (1.065ms)
✔ merchant resolution returns canonical display name (0.7386ms)
✔ list projection keeps cost cents and does not treat them as leaked summary text (6.6135ms)
✔ list projection still rejects a top-level transcript or summary field (1.673ms)
✔ redactTranscript redacts a Luhn-valid card spoken as digit groups plus CVV, expiry, SSN, and routing (3.401ms)
✔ redactTranscript does not redact a job number, spoken phone, or cubic-feet figure (0.4467ms)
✔ an unvalidated 16-digit sequence that fails Luhn is left alone (0.2997ms)
✔ spoken digit runs of seven or more are redacted without changing existing payment rules (0.454ms)
✔ parseConversationArtifact splits summary and transcript (3.0902ms)
✔ buildSeededTranscript redacts before the text is stored (1.8961ms)
✔ hasCrmMismatch is true only when the section contradicts CRM (0.7161ms)
✔ Gateway adapter sends configured model, makes one call, keeps timing optional and never logs warnings (594.6718ms)
✔ Gateway errors do not expose provider bodies and do not internally retry (21.3202ms)
✔ Blob bytes/digest validated and missing billing never becomes estimated actual cost (0.9971ms)
{"level":"info","time":"2026-09-18T22:30:14.107Z","service":"vantage-main-server","env":"development","msg":"operations_registry.compatibility_read","observability_level":"info","category":"admin","workflow":"operations_registry"}
✔ listCplRates seeds any missing slots and returns all 14 rates (10.9576ms)
{"level":"info","time":"2026-09-18T22:30:13.248Z","service":"vantage-main-server","env":"development","msg":"crm.form_lead.submit.started","leadId":"6aadbb751a3fa861cb078a35","endpoint":"https://lead.hellomoving.com/LEADSGWHTTP.lidgw?&API_ID=[redacted]&MOVERREF=[redacted]","payload":{"label":"Main Site Forms","firstname":"J***","lastname":"C***","ozip":"sha256:ce6d2151873f","dzip":"sha256:9a1f53dc5d98","email":"j***@example.com","phone1":"***2222","movesize":"2 Bedrooms","movedte":"5/28/2026","notes":"sha256:81da1dce6ae7","leadno":"sha256:7b6d8986d052"}}
✔ submitFormLeadToCrm POSTs to the Granot lead gateway with the urlencoded payload (28.9347ms)
✔ submitFormLeadToCrm reports ok=true with the response body and payload on HTTP 200 (6.5727ms)
✔ submitFormLeadToCrm reports ok=false with response body on HTTP error (8.1609ms)
✔ submitFormLeadToCrm catches network errors and returns ok=false with status 0 and an error message (10.9181ms)
✔ submitFormLeadToCrm forwards companyLabel as the Granot label (2.551ms)
{"level":"info","time":"2026-09-18T22:30:13.250Z","service":"vantage-main-server","env":"development","msg":"crm.form_lead.submit.started","observability_level":"info","category":"crm","workflow":"crm_submit","source_company":"not_provided","entity_id":"6aadbb751a3fa861cb078a35"}
{"level":"info","time":"2026-09-18T22:30:13.253Z","service":"vantage-main-server","env":"development","msg":"crm.form_lead.submit.completed","leadId":"6aadbb751a3fa861cb078a35","endpoint":"https://lead.hellomoving.com/LEADSGWHTTP.lidgw?&API_ID=[redacted]&MOVERREF=[redacted]","status":200,"responseText":"OK"}
{"level":"info","time":"2026-09-18T22:30:13.253Z","service":"vantage-main-server","env":"development","msg":"crm.form_lead.submit.completed","observability_level":"info","category":"crm","workflow":"crm_submit","source_company":"not_provided","entity_id":"6aadbb751a3fa861cb078a35"}
{"level":"info","time":"2026-09-18T22:30:13.264Z","service":"vantage-main-server","env":"development","msg":"crm.form_lead.submit.started","leadId":"6aadbb751a3fa861cb078a36","endpoint":"https://lead.hellomoving.com/LEADSGWHTTP.lidgw?&API_ID=[redacted]&MOVERREF=[redacted]","payload":{"label":"Main Site Forms","firstname":"J***","lastname":"C***","ozip":"sha256:ce6d2151873f","dzip":"sha256:9a1f53dc5d98","email":"j***@example.com","phone1":"***2222","movesize":"2 Bedrooms","movedte":"5/28/2026","notes":"sha256:81da1dce6ae7","leadno":"sha256:7b6d8986d052"}}
{"level":"info","time":"2026-09-18T22:30:13.264Z","service":"vantage-main-server","env":"development","msg":"crm.form_lead.submit.started","observability_level":"info","category":"crm","workflow":"crm_submit","source_company":"not_provided","entity_id":"6aadbb751a3fa861cb078a36"}
{"level":"info","time":"2026-09-18T22:30:13.265Z","service":"vantage-main-server","env":"development","msg":"crm.form_lead.submit.completed","leadId":"6aadbb751a3fa861cb078a36","endpoint":"https://lead.hellomoving.com/LEADSGWHTTP.lidgw?&API_ID=[redacted]&MOVERREF=[redacted]","status":200,"responseText":"Granot accepted lead 42"}
{"level":"info","time":"2026-09-18T22:30:13.265Z","service":"vantage-main-server","env":"development","msg":"crm.form_lead.submit.completed","observability_level":"info","category":"crm","workflow":"crm_submit","source_company":"not_provided","entity_id":"6aadbb751a3fa861cb078a36"}
{"level":"info","time":"2026-09-18T22:30:13.267Z","service":"vantage-main-server","env":"development","msg":"crm.form_lead.submit.started","leadId":"6aadbb751a3fa861cb078a37","endpoint":"https://lead.hellomoving.com/LEADSGWHTTP.lidgw?&API_ID=[redacted]&MOVERREF=[redacted]","payload":{"label":"Main Site Forms","firstname":"J***","lastname":"C***","ozip":"sha256:ce6d2151873f","dzip":"sha256:9a1f53dc5d98","email":"j***@example.com","phone1":"***2222","movesize":"2 Bedrooms","movedte":"5/28/2026","notes":"sha256:81da1dce6ae7","leadno":"sha256:7b6d8986d052"}}
{"level":"info","time":"2026-09-18T22:30:13.268Z","service":"vantage-main-server","env":"development","msg":"crm.form_lead.submit.started","observability_level":"info","category":"crm","workflow":"crm_submit","source_company":"not_provided","entity_id":"6aadbb751a3fa861cb078a37"}
{"level":"info","time":"2026-09-18T22:30:13.269Z","service":"vantage-main-server","env":"development","msg":"crm.form_lead.submit.http_error","leadId":"6aadbb751a3fa861cb078a37","endpoint":"https://lead.hellomoving.com/LEADSGWHTTP.lidgw?&API_ID=[redacted]&MOVERREF=[redacted]","status":400,"responseText":"bad request"}
{"level":"error","time":"2026-09-18T22:30:13.269Z","service":"vantage-main-server","env":"development","msg":"crm.form_lead.submit.http_error","observability_level":"error","category":"crm","workflow":"crm_submit","source_company":"not_provided","entity_id":"6aadbb751a3fa861cb078a37"}
{"level":"info","time":"2026-09-18T22:30:13.276Z","service":"vantage-main-server","env":"development","msg":"crm.form_lead.submit.started","leadId":"6aadbb751a3fa861cb078a38","endpoint":"https://lead.hellomoving.com/LEADSGWHTTP.lidgw?&API_ID=[redacted]&MOVERREF=[redacted]","payload":{"label":"Main Site Forms","firstname":"J***","lastname":"C***","ozip":"sha256:ce6d2151873f","dzip":"sha256:9a1f53dc5d98","email":"j***@example.com","phone1":"***2222","movesize":"2 Bedrooms","movedte":"5/28/2026","notes":"sha256:81da1dce6ae7","leadno":"sha256:7b6d8986d052"}}
{"level":"info","time":"2026-09-18T22:30:13.276Z","service":"vantage-main-server","env":"development","msg":"crm.form_lead.submit.started","observability_level":"info","category":"crm","workflow":"crm_submit","source_company":"not_provided","entity_id":"6aadbb751a3fa861cb078a38"}
{"level":"error","time":"2026-09-18T22:30:13.276Z","service":"vantage-main-server","env":"development","err":{"type":"Error","message":"ECONNRESET","stack":"Error: ECONNRESET\n    at <anonymous> (C:\\Users\\Pinda\\Proyectos\\vantage\\vantage-main-server\\src\\services\\crm\\crm.service.test.ts:126:11)\n    at globalThis.fetch (C:\\Users\\Pinda\\Proyectos\\vantage\\vantage-main-server\\src\\services\\crm\\crm.service.test.ts:43:12)\n    at submitFormLeadToCrm (C:\\Users\\Pinda\\Proyectos\\vantage\\vantage-main-server\\src\\services\\crm\\crm.service.ts:74:28)\n    at async TestContext.<anonymous> (C:\\Users\\Pinda\\Proyectos\\vantage\\vantage-main-server\\src\\services\\crm\\crm.service.test.ts:129:18)\n    at async Test.run (node:internal/test_runner/test:1332:7)\n    at async Test.processPendingSubtests (node:internal/test_runner/test:911:7)"},"msg":"crm.form_lead.submit.failed","leadId":"6aadbb751a3fa861cb078a38","endpoint":"https://lead.hellomoving.com/LEADSGWHTTP.lidgw?&API_ID=[redacted]&MOVERREF=[redacted]","msg":"CRM form lead submission failed"}
{"level":"error","time":"2026-09-18T22:30:13.284Z","service":"vantage-main-server","env":"development","msg":"crm.form_lead.submit.failed","observability_level":"error","category":"crm","workflow":"crm_submit","source_company":"not_provided","entity_id":"6aadbb751a3fa861cb078a38"}
{"level":"info","time":"2026-09-18T22:30:13.286Z","service":"vantage-main-server","env":"development","msg":"crm.form_lead.submit.started","leadId":"6aadbb751a3fa861cb078a39","endpoint":"https://lead.hellomoving.com/LEADSGWHTTP.lidgw?&API_ID=[redacted]&MOVERREF=[redacted]","payload":{"label":"BestRelocation","firstname":"J***","lastname":"C***","ozip":"sha256:ce6d2151873f","dzip":"sha256:9a1f53dc5d98","email":"j***@example.com","phone1":"***2222","movesize":"2 Bedrooms","movedte":"5/28/2026","notes":"sha256:81da1dce6ae7","leadno":"sha256:7b6d8986d052"}}
{"level":"info","time":"2026-09-18T22:30:13.286Z","service":"vantage-main-server","env":"development","msg":"crm.form_lead.submit.started","observability_level":"info","category":"crm","workflow":"crm_submit","source_company":"not_provided","entity_id":"6aadbb751a3fa861cb078a39"}
{"level":"info","time":"2026-09-18T22:30:13.287Z","service":"vantage-main-server","env":"development","msg":"crm.form_lead.submit.completed","leadId":"6aadbb751a3fa861cb078a39","endpoint":"https://lead.hellomoving.com/LEADSGWHTTP.lidgw?&API_ID=[redacted]&MOVERREF=[redacted]","status":200,"responseText":"OK"}
{"level":"info","time":"2026-09-18T22:30:13.287Z","service":"vantage-main-server","env":"development","msg":"crm.form_lead.submit.completed","observability_level":"info","category":"crm","workflow":"crm_submit","source_company":"not_provided","entity_id":"6aadbb751a3fa861cb078a39"}
✔ CRM env var name constants are stable and match what is read at module load (1.623ms)
✔ CRM_FORM_LEAD_ENDPOINT is the Granot lead gateway URL with API_ID and MOVERREF params (0.5592ms)
✔ crmEndpointForLog redacts API_ID and MOVERREF values from the endpoint URL (0.4224ms)
✔ crmEndpointForLog defaults to the module-loaded CRM_FORM_LEAD_ENDPOINT and never leaks credentials (0.3799ms)
✔ splitNameForCrm returns empty firstname and lastname for blank input (3.563ms)
✔ splitNameForCrm duplicates a single token into firstname and lastname (0.398ms)
✔ splitNameForCrm takes the first and last token for multi-word names (0.3719ms)
✔ formatCrmMoveDate preserves the UTC calendar date as unpadded M/D/YYYY (0.4453ms)
✔ buildCrmFormLeadPayload defaults label to CRM_FORM_LEAD_LABEL when blank (10.5174ms)
✔ [AC-03] buildCrmFormLeadPayload uses the provider ref_no as Granot leadno (1.1346ms)
✔ [AC-03] Form Job Number parity does not reinterpret ref_no as CRM leadno (1.0107ms)
✔ [AC-03] buildCrmFormLeadPayload carries lid in notes without using it for identity (0.9696ms)
✔ [AC-03] buildCrmFormLeadPayload leaves leadno blank for the not-provided sentinel (1.7382ms)
✔ buildCrmFormLeadPayload maps lead fields onto the Granot wire shape (4.0143ms)
✔ [AC-08] CRM payload does not invent an absent trusted Granot move date (1.0834ms)
✔ summarizeCrmPayloadForLog masks PII and fingerprints identifiers and locations (1.9256ms)
✔ summarizeCrmPayloadForLog handles blank PII fields without throwing (1.242ms)
✔ upsertCustomerFromBookingContact matches by phone when provided (4.6037ms)
✔ upsertCustomerFromBookingContact falls back to lead phone when customer phone is blank (0.5255ms)
✔ upsertCustomerFromBookingContact matches by normalized name when phone is absent (0.4226ms)
✔ upsertCustomerFromLead allows name-only leads (0.5742ms)
✔ close sets yesterday status closed when it is still open (3.1913ms)
✔ close is a no-op when yesterday is already closed (0.6881ms)
✔ close also seals older open days, not only yesterday (0.6708ms)
✔ 2026-06-01T03:00:00.000Z maps to the NY day 2026-05-31 (2.3328ms)
✔ first day seed has 24 hourly buckets and known Source Company slugs (3.2521ms)
✔ metric_touches expand hourly.* onto the NY hour and always bump revision (0.6934ms)
✔ already-expanded hourly paths stay as written (1.8131ms)
✔ dotted increments apply onto a seeded day including hourly buckets (0.8949ms)
✔ previousEasternDayKey walks the NY calendar, not UTC midnight (0.6888ms)
✔ florida timestamp bounds are UTC wall-clock of the day key (0.7446ms)
✔ eastern instant bounds start at NY midnight, not UTC midnight (0.9214ms)
✔ sumHourlyThrough is pace 0..currentNyHour, not the full day (0.544ms)
✔ first open emits snapshot then tails Redis envelopes as event plus metrics (6.4945ms)
✔ valid Last-Event-ID skips snapshot and continues from the cursor (5.484ms)
✔ invalid Last-Event-ID is treated as first open and emits snapshot (1.7942ms)
✔ missing Redis uses Mongo tail oldest-after-cursor and still emits facts (3.0397ms)
✔ a burst of facts in one wake keeps every touch in the metrics frame (2.2215ms)
✔ Redis throw degrades to Mongo tail for that loop (1.4681ms)
✔ replica-lag skip retries the same Redis id and does not drop the event (1.9996ms)
✔ lane query is ignored — one socket emits every Daily Operations Event (1.5133ms)
✔ heartbeat fires after 15s idle and has no id (1.0352ms)
✔ parseDailyOperationsXread reads object and flat-array field shapes (0.9181ms)
✔ test runner never constructs an Upstash client for the live isolate (0.3511ms)
✔ rebuild of an open day replaces counters and never deletes events (5.7654ms)
✔ rebuild refuses a closed day and leaves counters and events alone (1.6913ms)
✔ rebuild of a missing open day still writes seeded counters (3.9503ms)
✔ rebuild rejects a deleteEvents hook so events stay append-only (1.1188ms)
{"level":"warn","time":"2026-09-18T22:30:11.195Z","service":"vantage-main-server","env":"development","msg":"daily_operations.redis.xadd_failed","kind":"form_lead.created","day":"2026-05-31","err":{"type":"Error","message":"upstash unavailable","stack":"Error: upstash unavailable\n    at Object.xadd (C:\\Users\\Pinda\\Proyectos\\vantage\\vantage-main-server\\src\\services\\dailyOperations\\recordDailyOperationsFact.test.ts:254:15)\n    at publishRedisDoorbell (C:\\Users\\Pinda\\Proyectos\\vantage\\vantage-main-server\\src\\services\\dailyOperations\\recordDailyOperationsFact.ts:200:34)\n    at recordDailyOperationsFact (C:\\Users\\Pinda\\Proyectos\\vantage\\vantage-main-server\\src\\services\\dailyOperations\\recordDailyOperationsFact.ts:307:11)\n    at async TestContext.<anonymous> (C:\\Users\\Pinda\\Proyectos\\vantage\\vantage-main-server\\src\\services\\dailyOperations\\recordDailyOperationsFact.test.ts:249:18)\n    at async Test.run (node:internal/test_runner/test:1332:7)\n    at async Test.processPendingSubtests (node:internal/test_runner/test:911:7)"}}
✔ unique dedupe_key insert increments the named metric_touches (7.2019ms)
✔ duplicate dedupe_key is a no-op: no second increment and no XADD (6.0727ms)
✔ closed day skips increment and records empty metric_touches (1.3193ms)
✔ missing Redis client still persists the event and day increment (1.048ms)
✔ test runner never constructs a publish that would call Upstash (1.3058ms)
✔ Redis XADD failure is swallowed and does not fail the fact (9.4357ms)
✔ successful XADD stores redis_stream_id and only envelope fields (1.5017ms)
✔ writer never throws when stores fail (1.3773ms)
✔ test sink captures when stores are not injected (0.6952ms)
✔ granot.minted increments decisions only and sheet sync increments only its own panel counter (0.5808ms)
{"level":"error","time":"2026-09-18T22:30:11.204Z","service":"vantage-main-server","env":"development","msg":"daily_operations.record_fact_failed","kind":"form_lead.created","err":{"type":"Error","message":"mongo down","stack":"Error: mongo down\n    at Object.insertEvent (C:\\Users\\Pinda\\Proyectos\\vantage\\vantage-main-server\\src\\services\\dailyOperations\\recordDailyOperationsFact.test.ts:326:15)\n    at recordDailyOperationsFact (C:\\Users\\Pinda\\Proyectos\\vantage\\vantage-main-server\\src\\services\\dailyOperations\\recordDailyOperationsFact.ts:261:35)\n    at TestContext.<anonymous> (C:\\Users\\Pinda\\Proyectos\\vantage\\vantage-main-server\\src\\services\\dailyOperations\\recordDailyOperationsFact.test.ts:323:24)\n    at Test.runInAsyncScope (node:async_hooks:227:14)\n    at Test.run (node:internal/test_runner/test:1325:25)\n    at Test.processPendingSubtests (node:internal/test_runner/test:911:18)\n    at Test.postRun (node:internal/test_runner/test:1465:19)\n    at Test.run (node:internal/test_runner/test:1390:12)\n    at async Test.processPendingSubtests (node:internal/test_runner/test:911:7)"}}
{"level":"info","time":"2026-09-18T22:30:17.460Z","service":"vantage-main-server","env":"development","msg":"call_lead.create.sheet_sync.disabled","resource":"source_lead","leadModel":"CallLead","leadId":"507f1f77bcf86cd799439011"}
✔ Form create increments leads.form + origin + company once (12.6423ms)
✔ Duplicate Form increments leads.duplicate_form only (1.0768ms)
✔ reused WordPress lead does not call the writer (1.2829ms)
✔ zip 33101 + state not_found counts the Lead and records exception.zip_missing (1.5387ms)
✔ Call unmatched increments leads.unmatched_call only (4.7836ms)
✔ Call zip present + blank state is a zip miss and still counts the Lead (1.3736ms)
✔ quiet hours at 02:14 ET record text.deferred with 8:00 AM send_at and no messages.successful (14.2606ms)
✔ 07:00 ET send records text.sent only (0.6437ms)
✔ first sent/delivered after deferred records text.sent once (1.8358ms)
✔ status callback terminal fail records text.failed (0.8537ms)
✔ unapplied status callback does not call the writer (0.3987ms)
✔ dispatchOrQueue skipped path records text.skipped (2.752ms)
✔ completeCallLeadIngestion records call_lead.created once via the sink (3.6176ms)
✔ CRM HTTP fail records exception.crm_failed (28.6753ms)
✔ RingCentral adoption conflict records exception.adoption_conflict and not a Call Lead create (2.8494ms)
✔ duplicate booking submission helper is not used — skip is kind duplicate at finalize (0.7508ms)
✔ employee pending booking increments employee_pending and not a kind bucket (0.4887ms)
✔ cancellation.created uses cancellation:<id>:created (0.62ms)
✔ writer sink captures without stores and does not require Mongo (0.4111ms)
✔ zipMissSides treats not_found and blank as a miss only when a zip is present (0.313ms)
{"level":"info","time":"2026-09-18T22:30:17.462Z","service":"vantage-main-server","env":"development","msg":"lead.call.created","observability_level":"info","category":"lead","workflow":"call_lead_create","source_company":"tbm_leads","entity_id":"507f1f77bcf86cd799439011"}
{"level":"info","time":"2026-09-18T22:30:17.486Z","service":"vantage-main-server","env":"development","msg":"crm.form_lead.submit.started","leadId":"507f1f77bcf86cd799439011","endpoint":"https://lead.hellomoving.com/LEADSGWHTTP.lidgw?&API_ID=[redacted]&MOVERREF=[redacted]","payload":{"label":"Main Site Forms","firstname":"J***","lastname":"C***","ozip":"sha256:ce6d2151873f","dzip":"sha256:9a1f53dc5d98","email":"j***@example.com","phone1":"***2222","movesize":"14","movedte":"","notes":"","leadno":""}}
{"level":"info","time":"2026-09-18T22:30:17.487Z","service":"vantage-main-server","env":"development","msg":"crm.form_lead.submit.started","observability_level":"info","category":"crm","workflow":"crm_submit","source_company":"tbm_leads","entity_id":"507f1f77bcf86cd799439011"}
{"level":"info","time":"2026-09-18T22:30:17.490Z","service":"vantage-main-server","env":"development","msg":"crm.form_lead.submit.http_error","leadId":"507f1f77bcf86cd799439011","endpoint":"https://lead.hellomoving.com/LEADSGWHTTP.lidgw?&API_ID=[redacted]&MOVERREF=[redacted]","status":400,"responseText":"bad request"}
{"level":"error","time":"2026-09-18T22:30:17.490Z","service":"vantage-main-server","env":"development","msg":"crm.form_lead.submit.http_error","observability_level":"error","category":"crm","workflow":"crm_submit","source_company":"tbm_leads","entity_id":"507f1f77bcf86cd799439011"}
{"level":"info","time":"2026-09-18T22:30:17.494Z","service":"vantage-main-server","env":"development","msg":"ringcentral.ingest.processed","action":"dry_run","writeMode":"dry_run","duplicate":false,"duplicateReason":"unique","ingestionSource":"webhook","telephonySessionId":"u20-session","callLogId":null,"sourceCompany":"main_site","durationSeconds":180,"callLeadId":null}
✔ applyBestRelocationPlan is not a Daily Operations hook site (35.8366ms)
✔ persistLeadMessageIntent is not a Daily Operations hook site (5.7115ms)
✔ completeFormLeadIngestion hooks after the reused-lead return (33.4901ms)
✔ duplicate booking finalize returns before the Daily Operations writer (4.9255ms)
✔ Sheet Sync job outcomes record one deduped fact per job and outcome with a metric touch (1.9008ms)
✔ the drainer records Sheet Sync facts on synced and failed jobs, never on coalesced duplicates or deferrals (13.4786ms)
✔ completeCallLeadIngestion is the only Call Lead volume hook (5.4695ms)
✔ lead_created capture increments webhook class only (6.7961ms)
✔ priority_updated capture increments webhook class only (0.9095ms)
✔ Booked payload at capture increments class and booked once (0.9726ms)
✔ Release payload at capture increments class and release once (0.6911ms)
✔ Releas token classifies as release (0.5957ms)
✔ unclassified booking_status_changed increments class only (0.8143ms)
✔ granot.minted touches decisions.minted only and does not increment leads.* (2.017ms)
✔ outcome card parent_receipt_id pairs to the receipt card (0.8778ms)
✔ linked outcome uses parent_receipt_id and decisions.linked (0.8376ms)
✔ synchronize conflict pending does not record granot.linked (2.1005ms)
✔ processor maps observe / pending_match / unmatched and skips mint/link (1.1345ms)
✔ intake opened increments intakes.opened; refresh does not (1.0999ms)
✔ process-time Booked increments booked only when capture did not classify (1.014ms)
✔ Booked increments those buckets once when capture already classified (0.6157ms)
✔ dead letter uses exception:dead_letter:<receiptId> (0.406ms)
✔ receipt kind and dedupe follow spec §14 (0.2096ms)
✔ captureChannelOperationReceipt is not a Daily Operations hook site (30.2752ms)
✔ createLeadFromGranot finalize records granot.minted after existing after-commit work (2.493ms)
✔ synchronizeLeadFromGranot pending carries outcome and provenance (2.8456ms)
✔ logProcessingCompletion records observe/pending/unmatched when no lead finalize ran (3.4739ms)
✔ dead letter hook is the drainer entered seam, not the 202 path (9.9399ms)
✔ webhook capture hooks after persist and before return (1.8631ms)
✔ missing open day returns seeded zeros, not 404 (6.4989ms)
✔ sheet_sync touches increment the day and surface on the snapshot; pre-hook days read zero (2.6661ms)
✔ missing yesterday yields null totals so the UI can show a dash (2.5364ms)
✔ yesterday_by_now is hourly 0..currentNyHour, not the full yesterday (3.9657ms)
✔ day_before and day_before_by_now come from the third NY day; missing day is null (3.1637ms)
✔ every SOURCE_COMPANIES slug is present including zeros (1.72ms)
✔ wordpress_form is a present key even when zero (0.9014ms)
✔ intakes.still_open and texts.held_now are live queries, not day increments (0.905ms)
✔ GET snapshot does not mutate loaded day documents (4.0749ms)
✔ events cursor is occurred_at ISO plus event id, parsed at the last colon (0.9543ms)
✔ events page is newest-first for the NY day and returns next_cursor (1.3523ms)
✔ test runner reports redis.configured false without constructing a client (0.8645ms)
{"level":"info","time":"2026-09-18T22:30:18.093Z","service":"vantage-main-server","env":"development","msg":"domain_command.applied","observability_level":"info","category":"admin","workflow":"canonical_domain_command","entity_id":"lead-admin"}
✔ [AC-21] command execution model has durable origin/idempotency uniqueness (3.2165ms)
✔ invalid command context fails before database access (1.8466ms)
✔ external ingestion rejects human executors and incomplete provenance (0.9857ms)
✔ [AC-21] four origins validate exactly; Granot and RingCentral identities cannot be client-forged (7.7841ms)
✔ [AC-21] replay returns stored applied result; checksum reuse conflicts; compatibility adapter is one-way (3.5561ms)
✔ [AC-21] failed command leaves no successful execution outcome (0.785ms)
✔ [AC-21] stable now and preallocated IDs survive a transaction callback retry (1.2284ms)
✔ [AC-32] observation_channel must agree with the initiator path (0.507ms)
✔ [AC-21] compatibility API-secret and scoped-key system actors validate for vantage_admin (2.0675ms)
✔ owner idempotency key helper preserves the 8-200 printable envelope (0.8047ms)
✔ call-lead command validates DTO without an unsupported ingestion field (6.261ms)
{"level":"info","time":"2026-09-18T22:30:18.095Z","service":"vantage-main-server","env":"development","msg":"domain_command.applied","observability_level":"info","category":"admin","workflow":"canonical_domain_command","entity_id":"lead-1","run_id":"run-1"}
{"level":"info","time":"2026-09-18T22:30:18.097Z","service":"vantage-main-server","env":"development","msg":"domain_command.replayed","observability_level":"info","category":"admin","workflow":"canonical_domain_command","entity_id":"lead-1","run_id":"run-1"}
{"level":"info","time":"2026-09-18T22:30:18.099Z","service":"vantage-main-server","env":"development","msg":"domain_command.applied","observability_level":"info","category":"admin","workflow":"canonical_domain_command","entity_id":"lead-retry","run_id":"run-1"}
{"level":"info","time":"2026-09-18T22:30:18.101Z","service":"vantage-main-server","env":"development","msg":"domain_command.applied","observability_level":"info","category":"admin","workflow":"canonical_domain_command","entity_id":"lead-secret"}
{"level":"info","time":"2026-09-18T22:30:18.102Z","service":"vantage-main-server","env":"development","msg":"domain_command.applied","observability_level":"info","category":"admin","workflow":"canonical_domain_command","entity_id":"lead-scoped"}
✔ [AC-21] transaction-bound internals do not open nested transactions or finalize Sheets (77.7562ms)
✔ canonical command modules do not depend on transport or Google adapters (21.5507ms)
✔ durable actor factories mint the fixed Granot and RingCentral identities (0.6149ms)
✔ [AC-32] existing write context factory hashes payload and never stores credentials (0.5616ms)
✔ [AC-32] v1 write routes enter existing adapters and do not patch models (3.9677ms)
✔ runExistingUpdateSourceOwnedLead still uses updateSourceOwnedLead and pending source_lead update (2.0361ms)
✔ [AC-32] existing write adapters persist Changes inside the executor and keep later commands disabled (4.0247ms)
﹣ [AC-21] [AC-32] replica existing write commits Command/Change/revision/outbox; replay and rollback do not (2.2218ms) # Replica-set proof requires TEST_MODE=true before process start.
✔ [AC-32] contact and address paths are reference_only; low-risk paths stay stored (5.4014ms)
✔ [AC-32] Change builders omit raw contact values and emit deterministic paths (26.5936ms)
✔ [AC-32] no-op field collection emits no Change descriptors (0.6221ms)
✔ FORM and CALL CHANGE_PATHS include no_sync so a flip is not a silent no-op (0.3114ms)
✔ collectDocumentFieldChanges reports no_sync when it flips and no-ops when unchanged (2.0911ms)
✔ existing write context maps an Owner extension user to an owner actor (39.3152ms)
✔ existing write context maps Owner plus Sales to an owner actor (0.7265ms)
✔ existing write context rejects sales extension user (1.0751ms)
✔ existing write context rejects customer_service extension user (0.3855ms)
✔ existing write context rejects sales+customer_service extension user (0.3052ms)
﹣ [AC-21] replica executor: exact stored-result replay, checksum conflict, and no second mutation (2.643ms) # Replica-set proof is opt-in via GRANOT_LIFECYCLE_REPLICA_TESTS=true.
﹣ [AC-21] replica executor: same-key commit race has one winner and exact replay of the stored result (0.7724ms) # Replica-set proof is opt-in via GRANOT_LIFECYCLE_REPLICA_TESTS=true.
﹣ [AC-21] replica executor: expected-revision loser is DOMAIN_REVISION_CONFLICT with no Decision/Command (0.5535ms) # Replica-set proof is opt-in via GRANOT_LIFECYCLE_REPLICA_TESTS=true.
﹣ [AC-32] replica executor: Receipt/Observation/Decision causal IDs persist; rollback leaves zero partial rows (0.4214ms) # Replica-set proof is opt-in via GRANOT_LIFECYCLE_REPLICA_TESTS=true.
﹣ [AC-21] replica executor: stable now and preallocated IDs survive callback retry (0.5324ms) # Replica-set proof is opt-in via GRANOT_LIFECYCLE_REPLICA_TESTS=true.
﹣ [AC-32] replica executor: persist failure rolls back Decision, aggregate, and Command (0.3808ms) # Replica-set proof is opt-in via GRANOT_LIFECYCLE_REPLICA_TESTS=true.
﹣ [AC-32] replica executor: post-commit finalize never runs on rollback (0.3807ms) # Replica-set proof is opt-in via GRANOT_LIFECYCLE_REPLICA_TESTS=true.
﹣ [AC-32] replica executor: no Sheet/queue/email/CRM call occurs before commit (0.3579ms) # Replica-set proof is opt-in via GRANOT_LIFECYCLE_REPLICA_TESTS=true.
✔ canonical JSON is stable across object insertion order (7.559ms)
✔ canonical JSON rejects unsupported values (1.1307ms)
✔ effective capability requires all three gates (1.65ms)
✔ provider failures classify and retry deterministically (1.0535ms)
✔ fenced in-memory leases reject stale epochs (0.7799ms)
✔ model-backed lease schema carries unique scope and fencing epoch (0.8249ms)
✔ run fake enforces status graph, lease fencing, and monotonic checkpoints (1.0339ms)
✔ system actors remain distinct and metadata is sanitized (0.8755ms)
✔ listBookingLeadReconciliationCases returns admin-facing summary fields (6.4451ms)
✔ getBookingLeadReconciliationCase returns detail fields consumed by admin (1.7081ms)
✔ searchBookingLeadCandidates returns compact case-aware results with a cursor (3.3856ms)
✔ searchBookingLeadCandidates Call q and contact filters include snapshot paths (3.4702ms)
✔ searchBookingLeadCandidates returns Granot and ingested contact snapshots (1.8284ms)
✔ dismissing an owner_booking pending case leaves the Booking Leadless (3.6144ms)
✔ reopenBookingLeadReconciliation guards status and live booking before rematch (0.9845ms)
✔ assembleEmployeeBookingOptions joins active granularities to active companies (4.5086ms)
✔ assembleEmployeeBookingOptions ignores unknown company ids (0.4699ms)
✔ candidate query detects the 26th matching lead instead of proving false uniqueness (8.2375ms)
✔ candidate snapshots keep Granot and ingested contact for owner display (1.4119ms)
✔ candidate query tags a unique Form Lead Job Number as job_no (0.9705ms)
✔ evaluateEmployeeBookingMatch auto-links a unique Call Lead Job Number (3.9016ms)
✔ evaluateEmployeeBookingMatch auto-links a unique Form Lead Job Number on form channel (0.8644ms)
✔ evaluateEmployeeBookingMatch treats two Call Leads with the same Job Number as multiple_matches (1.9327ms)
✔ evaluateEmployeeBookingMatch leaves same-phone no-job as pending no_match (0.9571ms)
✔ evaluateEmployeeBookingMatch never auto-links LID, email, or phone under Exact Job Booking Attach (0.8014ms)
✔ evaluateEmployeeBookingMatch never auto-links when candidate query overflowed (0.6549ms)
✔ evaluateEmployeeBookingMatch returns channel_conflict for opposite-channel-only Job Number (0.5322ms)
✔ evaluateEmployeeBookingMatch respects none policy (0.77ms)
✔ evaluateEmployeeBookingMatch treats contradictory phone/name signals as a hard conflict (1.223ms)
✔ evaluateEmployeeBookingMatch blocks Job Number and Phone pointing to different Leads (0.7398ms)
✔ evaluateEmployeeBookingMatch does not auto-link a different same-company granularity (0.5079ms)
✔ evaluateEmployeeBookingMatch rematch attaches only after a unique job appears (0.4634ms)
✔ test-mode migration apply remains available with --apply (1.7297ms)
✔ production migration apply requires explicit confirmation (0.8955ms)
✔ test mode cannot apply to the production database without production confirmation (0.3228ms)
✔ production migration apply rejects an unexpected connected database (0.2692ms)
✔ production migration apply accepts explicit confirmation on the production database (0.3213ms)
✔ collectNormalizedCollisions groups normalized duplicates (5.6605ms)
✔ reportHasBlockingCollisions flags booking identity collisions (1.8527ms)
✔ submission collision preflight ignores bookings outside the partial unique index scope (3.14ms)
✔ deriveTrustedOwnerActor rejects bare api secret actor (2.9055ms)
✔ deriveTrustedOwnerActor accepts trusted owner headers with primary secret (1.7149ms)
✔ deriveTrustedOwnerActor accepts owner users directly (0.3971ms)
✔ deriveTrustedOwnerActor rejects non-owner users and bare secrets (0.5159ms)
✔ assertExactWarningOverrides requires exact current overrideable warnings (0.7176ms)
✔ assertAllowedCaseAction allows only valid transitions (0.658ms)
✔ assertLiveBookingState blocks cancelled and invalid booking states (0.8712ms)
✔ applyCursorFilter uses date plus id tie-break (3.0533ms)
✔ decodeDateIdCursor rejects malformed dates and object ids (0.8861ms)
{"level":"info","time":"2026-09-18T22:30:20.505Z","service":"vantage-main-server","env":"development","msg":"mongo.dns.servers_configured","servers":["8.8.8.8","1.1.1.1"]}
✔ cold rematch connects to Mongo before attempting a lease or model operation (15.1058ms)
✔ rematch snapshots Exact Job Booking Attach, not the retired five-rule list (2.512ms)
✔ rematch evaluator attaches only when a unique Call Lead job appears (2.3161ms)
✔ call lead enrichment prefers source-compatible Job Number matches when the row has a Job Number (17.0399ms)
✔ call lead enrichment blocks sync when phone matches only across assigned source companies (3.3204ms)
✔ syncCallLeadEnrichment does not write when source match is conflict (3.5999ms)
✔ call lead enrichment can claim an unassigned phone-matched call lead source (1.6311ms)
✔ preview does not write live phone, name, or email (2.216ms)
✔ conflicting stored Job Number is not overwritten (2.3805ms)
✔ row Job on Lead A plus Granot phone equal to Lead B ANI selects A (2.0411ms)
✔ contact-only Granot card diff is updateable (3.4549ms)
✔ preview phone rung does not query granot_contact_snapshot (4.8857ms)
✔ parseEnrichmentRow enriches valid cities while ignoring zero and comma placeholders (3.0536ms)
✔ AppError defaults to INTERNAL code and 500 status when no options are given (1.8114ms)
✔ AppError preserves code, statusCode, internalMessage, cause, and metadata from options (1.4475ms)
✔ AppError.toLog returns a safe, structured summary of public fields plus log-only context (0.539ms)
✔ AppError.toLog omits cause/internalMessage/metadata when they are not provided (0.2602ms)
✔ AppError.toLog handles string causes and unserializable causes without throwing (0.565ms)
✔ AppError does NOT expose internalMessage or cause via its public message field (0.2811ms)
✔ BadRequestError defaults to 400 and BAD_REQUEST code (2.2902ms)
✔ ValidationError defaults to 400 and VALIDATION code (1.731ms)
✔ UnauthorizedError defaults to 401 and UNAUTHORIZED code (0.414ms)
✔ NotFoundError defaults to 404 and NOT_FOUND code (0.3871ms)
✔ ConflictError defaults to 409 and CONFLICT code (0.3264ms)
✔ IntegrationError defaults to 502 and INTEGRATION code (0.7181ms)
✔ subclasses allow callers to override the default statusCode without losing the code (1.6666ms)
✔ subclasses carry their constructor name (useful for log filters) (0.5418ms)
✔ subclasses are all instanceof AppError and Error (0.6125ms)
✔ createExtensionUser persists canonical roles and never returns the secret (4.4092ms)
✔ createExtensionUser rejects a duplicate email (1.292ms)
✔ listExtensionUsers returns roles and dual-reads leftover employee (0.5959ms)
✔ toAdminExtensionUser dual-reads leftover employee as Sales plus Customer Service (0.3217ms)
✔ updateExtensionUser bumps token_version only on actual email, password, or roles change (1.5278ms)
✔ updateExtensionUser rejects a duplicate email with the create message (0.6997ms)
✔ updateExtensionUser returns not found for a missing id (0.5919ms)
✔ deleteExtensionUser removes the row so the email can be reused (0.6327ms)
✔ deleteExtensionUser returns not found for a missing id (0.3917ms)
✔ fetchDriveFileMetadata maps 404 distinctly from 403 access denied (5.958ms)
✔ fetchDriveFileMetadata maps provider failures to integration errors (1.0734ms)
✔ Google refresh tokens round-trip through authenticated encryption (3.6075ms)
✔ encrypted Google refresh tokens are bound to the owner identity (0.8555ms)
✔ OAuth state is stored as a deterministic SHA-256 digest (0.6111ms)
✔ Google Drive folder IDs can be read from IDs or shared URLs (0.4911ms)
✔ invalid Google Drive folder IDs are rejected (0.7603ms)
✔ a requested folder is created under the normalized configured parent (1.5518ms)
✔ public Google OAuth config excludes server secrets (3.5816ms)
✔ sanitized Google Drive connection status excludes configured owner email (0.4815ms)
✔ sanitized Google Drive connection status excludes refresh credentials (0.5015ms)
✔ Picker bootstrap allowlist rejects unexpected response fields (1.0467ms)
✔ reporting ownership marker round-trips and matches destination ID (0.6282ms)
✔ allowed OAuth scopes reject overgrant and extra scopes (2.541ms)
✔ OAuth scope normalization is order-insensitive (1.6175ms)
✔ Google userinfo.email URI is treated as the email scope (0.4108ms)
✔ google drive owner auth accepts the signed owner admin proxy (6.9687ms)
✔ google drive owner auth rejects scoped API keys (2.3315ms)
✔ google drive owner auth accepts an allowlisted extra owner email (2.0839ms)
✔ google drive owner auth rejects a signed owner outside the allowlist (2.3143ms)
✔ google drive owner auth requires signed owner matching configured identity (1.8105ms)
✔ sanitized google drive API errors do not expose configured owner email (1.9233ms)
✔ callback failure logs use stable categories without provider text (1.3363ms)
✔ drive metadata validation rejects wrong mime types (2.425ms)
✔ drive metadata validation rejects trashed files (0.5158ms)
✔ drive metadata validation rejects non-owned files (0.3918ms)
✔ picker nonce and selection references hash to stable digests (0.7444ms)
✔ invalid picker selection preserves nonce until metadata validates (26.4115ms)
✔ picker nonce replay is rejected after successful verification (2.2484ms)
✔ concurrent valid picker verifications issue at most one selection reference (1.985ms)
✔ invalid selection reference metadata preserves reference until validation passes (5.1632ms)
✔ denylisted workbook preserves reference until denylist clears (4.3012ms)
✔ denylist configuration fails closed without consuming reference (1.9603ms)
✔ selection reference replay is rejected after successful consume (1.7888ms)
✔ concurrent valid selection reference consumes yield at most one winner (4.8534ms)
✔ extractStateCodeFromGoogleGeocodeResponse uses postal address state code (2.4314ms)
✔ extractStateCodeFromGoogleGeocodeResponse converts state component name (0.7131ms)
✔ Form Lead that is not a Duplicate Lead expects Master Leads Forms (3.4029ms)
✔ Duplicate Form Lead expects Master Leads Duplicates (0.6507ms)
✔ Bad Lead expects the primary tab and Bad Leads (0.3326ms)
✔ Call Lead that is not a Duplicate Lead expects Master Leads Calls (0.3463ms)
✔ Duplicate Call Lead expects Master Leads Duplicate Calls (0.2774ms)
✔ Unmatched Call Lead is not expected on Master Leads (0.2482ms)
✔ ordinary No-Sync Form Lead skips Master Leads with no_sync (0.2098ms)
✔ ordinary No-Sync Call Lead skips Master Leads with no_sync (0.2597ms)
✔ No-Sync + Bad Lead still expects today's Bad tabs (0.3245ms)
✔ No-Sync + Duplicate Call Lead still expects Duplicate Calls (0.4064ms)
✔ Booking expects Master Booked Booked Deals (0.3162ms)
✔ Cancellation expects Master Booked Cancelled Deals (0.2218ms)
✔ formatDateOnly returns ISO date prefix (2.9823ms)
✔ formatTimestamp uses owner-facing UTC clock components (0.488ms)
✔ booleanCell maps booleans to sheet strings (0.2939ms)
✔ localCell maps values to local/long_distance (0.2975ms)
✔ optionalLocalCell returns empty string when blank (0.4102ms)
✔ bookedCell, bookedDateCell, cancelledCell, quotedCell map booleans to labels (2.1023ms)
✔ overThresholdCell returns label or blank (0.3708ms)
✔ formatNumber stringifies finite numbers and elides null/undefined/NaN (0.3204ms)
✔ primaryBookingAgent returns first agent name snapshot (0.4602ms)
✔ splitCell only flags true splits when there are at least two named allocations with non-zero amounts (0.6336ms)
✔ formLeadToRow projects fields in the documented header order (1.1768ms)
✔ formLeadToRow defaults missing ref_no to 'not provided' (0.4601ms)
✔ lead projections use exact GetMovers source labels (0.6659ms)
✔ formLeadToRow clears booking reporting columns after booking deletion (0.361ms)
✔ callLeadToRow projects fields in the documented header order (0.4598ms)
✔ callLeadToRow clears booking reporting columns after booking deletion (0.3991ms)
✔ bookedLeadToRow projects allocations, customer, and lead ref (1.1682ms)
✔ bookedLeadToRow writes form source label from canonical slug (0.4116ms)
✔ bookedLeadToRow writes call source label from canonical slug (0.3148ms)
✔ bookedLeadToRow resolves legacy source labels before writing (0.2307ms)
✔ bookedLeadToRow projects referral customer name and blank lead ref (0.2859ms)
✔ bookedLeadToRow projects leadless booking source label and blank lead ref (0.5628ms)
✔ cancelledLeadToRow projects cancellation fields (0.4051ms)
✔ cancelledLeadToRow leaves cancel_date blank when missing (0.1972ms)
✔ rowsFromValues maps Mongo ID cells and keeps evidence columns (2.3504ms)
✔ found Form Lead returns Master Leads Forms evidence and a sheet link (5.0798ms)
✔ missing Form Lead stays missing and can attach an open Sheet Sync job (0.7768ms)
✔ Form Lead on Duplicates when Forms was expected is wrong_tab (1.06ms)
✔ unmatched Call Lead is not_expected and does not read tabs (1.1133ms)
✔ ordinary No-Sync Form Lead is not_expected and does not read tabs (0.5807ms)
✔ ordinary No-Sync Call Lead is not_expected and does not read tabs (0.6772ms)
✔ No-Sync + Bad Lead uses today's Bad expected tabs, not the no_sync skip (2.8888ms)
✔ No-Sync + Duplicate Call Lead uses today's Duplicate Calls tab, not the no_sync skip (10.9703ms)
✔ ordinary Call missing from Calls is still missing (0.9016ms)
✔ unknown Mongo id is not_found (0.4873ms)
✔ Bad Lead found on Forms but missing Bad Leads is still found with a missing tab (0.699ms)
✔ Booking found on Booked Deals (0.7516ms)
✔ preserves request order and dedupes ids (0.7044ms)
✔ ensureTabsAndHeaders expands an undersized existing grid without shrinking it (4.409ms)
✔ Master Leads provisions a dedicated Duplicate Calls tab (1.9928ms)
✔ Duplicate Calls tab reuses the Calls headers (0.8004ms)
✔ duplicate-call sync targets resolve to the Calls headers (0.3744ms)
✔ duplicate-call master target ensures the Master Leads tab set (0.4586ms)
✔ Master Leads provisions Bad Leads with form headers (0.3706ms)
✔ Bad Leads master target ensures the Master Leads tab set (0.3109ms)
✔ buildGranotCrmCsvObjectKeys creates latest/meta/history paths (3.3758ms)
✔ buildRegistryKey follows CRM origin host (0.9072ms)
✔ parseGranotCsv normalizes headers and skips total rows (4.8939ms)
✔ [AC-03] form identity vocabulary excludes lids while allowing Mongo id as a secondary lookup (3.6429ms)
✔ [AC-03] form planning gives exact FormLead.ref_no priority over every fallback (2.5944ms)
✔ exact identity wins but surfaces a source-company mismatch warning (0.9935ms)
✔ duplicate exact FormLead.ref_no candidates are a conflict (0.7133ms)
✔ [AC-03] form planning falls back only after FormLead.ref_no has no match (1.766ms)
✔ [AC-03] form planning resolves an ObjectId ref_no only after exact field lookup misses (1.0578ms)
✔ fallback ties resolve by source company then quoted prior (0.5284ms)
✔ fallback refuses a sole candidate from a different source company (0.8005ms)
✔ fallback does not select a lead from name alone (0.8579ms)
✔ fallback scores only candidates that pass the source-company gate (0.8848ms)
✔ form patch has extension parity and fills only missing locations (1.2493ms)
✔ [AC-33] form planning labels Booked Jobs and Follow Up sections separately (0.6649ms)
✔ apply deployment gate is explicit (0.3481ms)
✔ form patch never overwrites an existing receiver (0.3428ms)
✔ source report parsing returns both Granot lead sections with job numbers (34.5938ms)
✔ source report parsing finds Granot's nested tables after centered headings (11.2057ms)
✔ content hashes ignore per-login Granot session tokens (24.3611ms)
✔ collected rows map to existing call-lead endpoint payloads (9.8245ms)
✔ call-lead payloads never expose or interpret Granot ref_no (6.7963ms)
✔ collector follows the Granot report flow and records absent sources (26.9345ms)
✔ collector retries the full flow when the source page expires the session (19.5891ms)
✔ collector rejects impossible date windows before contacting Granot (1.5397ms)
✔ [AC-33] Form Follow Up statement keeps raw Priority, separate user/rep, and location aliases (3.8511ms)
✔ [AC-33] Form Booked statement is booking_action_apply with raw Booked evidence (1.4292ms)
✔ [AC-33] Call enrichment statement does not collapse user/rep (0.597ms)
✔ [AC-33] Call Booked statement keeps raw Booked and does not infer Release (0.6578ms)
✔ [AC-02] oversized ${run_id}:${action_id} is rejected before plan lock (1.1062ms)
✔ [AC-02] schema-v1 plans fail closed as RUN_REPLAN_REQUIRED (0.4498ms)
✔ [AC-02] sealing a collected plan stores schema v2 lifecycle_apply before checksum (1.3266ms)
✔ pending lifecycle outcomes keep the run applying (0.6666ms)
✔ run-group creation inserts two correlated compatible queued children (4.8811ms)
✔ run-group validation completes before any child insertion (1.3188ms)
✔ call plan previews convert Mongo ObjectIds before checksumming (3.4451ms)
✔ form expected filters do not cast empty strings as ObjectIds (0.4996ms)
✔ [AC-02] applyRun has no runtime path to legacy Form/Call/Booked mutation services (34.2557ms)
✔ source IDs canonicalize case before lookup and duplicate validation (4.3535ms)
✔ source partitioning keeps only compatible IDs in each child snapshot (0.6264ms)
✔ [AC-38] unavailable resolve issues keep INVALID_GRANOT_SOURCES and per-source codes (0.5308ms)
✔ run-group resolve asks each source only for operations its Registry routes permit (1.0311ms)
✔ a source with no matching Registry route still fails the asked operation (0.5932ms)
✔ [AC-38] resolve never treats label or supported_operations as semantic authority (0.4695ms)
✔ source partitioning rejects an empty selected workflow (0.4668ms)
﹣ [AC-21] replica CAS: one winner increments once; loser is DOMAIN_REVISION_CONFLICT (1.6684ms) # Replica-set proof is opt-in via GRANOT_LIFECYCLE_REPLICA_TESTS=true.
✔ [AC-21] CAS primitive requires { _id, domain_revision } and names DOMAIN_REVISION_CONFLICT (17.2124ms)
✔ [AC-37][AC-38] Unit 30 rollout alert codes stay frozen (3.7169ms)
✔ [AC-37] oldest due fires only after 15 minutes plus 10 minutes continuity (2.7534ms)
✔ [AC-31] insufficient data never recovers an active alert (0.4744ms)
✔ [AC-37] any current dead letter fires and zero is ok (0.5452ms)
✔ [AC-37] capture 503 and claim-recovery windows use exact thresholds (0.5257ms)
✔ [AC-31] empty p95 and source-rate samples are insufficient_data, not success (0.3712ms)
✔ [AC-31] p95 uses deterministic nearest-rank and the 10-minute threshold (0.5999ms)
✔ [AC-38] RingCentral lease and enabled-source ambiguity rate stay bounded (0.5528ms)
✔ [AC-37] repeated evaluation does not fan out: only open/clear transitions emit (0.4118ms)
✔ [AC-05] planner conversion keeplisted Priority/Quoted/move paths and drops derived metadata (25.1871ms)
✔ [AC-05] quoted:false is rejected and no write path sets it false (1.3805ms)
✔ snapshot-only Call plan converts and keeps live phone off contact_changed_paths (0.7774ms)
✔ [AC-10] [AC-12] contact leaves stay on current-contact paths; snapshot is not a contact leaf (0.4238ms)
✔ [AC-11] FormLead destination_zip is allowed and CallLead delivery_zip is required instead (0.6218ms)
✔ [AC-32] forbidden metadata, extra paths, and unsorted path lists are rejected (1.7735ms)
✔ [AC-32] contact hash is stable and omits values from the checksum helper output (5.0106ms)
﹣ [AC-02] concurrent automation operation ID + same hash yields one receipt (2.662ms) # Replica-set proof requires TEST_MODE=true before process start.
﹣ [AC-02] concurrent automation operation ID + different hash has one winner and 409 (0.8733ms) # Replica-set proof requires TEST_MODE=true before process start.
﹣ [AC-02][AC-33] automation apply captures one receipt, replays it, and writes zero forbidden collections (0.5324ms) # Replica-set proof requires TEST_MODE=true before process start.
✔ [AC-02][AC-33] automation apply captures granot_http_automation then claimAndProcessOrPoll (4.0151ms)
✔ [AC-02] exact replay returns the stored terminal receipt without another capture (0.636ms)
✔ [AC-02] accepted_for_processing yields a nonterminal receipt for the same operation ID (0.6193ms)
✔ pending_match stays accepted_for_processing until a terminal Decision exists (0.5181ms)
✔ dead-lettered receipts become bounded technical_failure (0.6685ms)
✔ processing disabled leaves the durable receipt recoverable (0.4656ms)
✔ [AC-38] missing automation reference is visible and unavailable for apply (2.4413ms)
✔ [AC-38] invalid referenced Registry row is missing_reference, not a label fallback (9.7053ms)
✔ [AC-38] multiple normalized Registry matches make the automation source ambiguous (0.4716ms)
✔ [AC-38] disabled, lifecycle-disabled, or deferred Registry rows cannot be applied (0.3752ms)
✔ [AC-38] Call routes cannot satisfy a form_leads apply selection (0.4022ms)
✔ [AC-09] ready Form policy permits form_leads and never uses supported_operations as authority (1.3437ms)
﹣ [AC-21][AC-22][AC-23][AC-32] replica confirm is atomic, replay-safe, exact, and source-preserving (3.6694ms) # Replica-set proof requires TEST_MODE=true before process start.
﹣ [AC-22][AC-23] inactive catalog failure leaves the whole effect set invisible (0.8208ms) # Replica-set proof requires TEST_MODE=true before process start.
﹣ [AC-21] simultaneous confirms produce one winner and no duplicate effects (0.4748ms) # Replica-set proof requires TEST_MODE=true before process start.
﹣ [AC-20][AC-21][AC-24][AC-32] replica update fully replaces official fields with one causal chain (0.617ms) # Replica-set proof requires TEST_MODE=true before process start.
﹣ [AC-20][AC-21][AC-32] replica No Action resolves only case and Command with exact replay (0.4606ms) # Replica-set proof requires TEST_MODE=true before process start.
﹣ [AC-24][AC-32] replica update rolls back atomically after every persisted write boundary (0.6066ms) # Replica-set proof requires TEST_MODE=true before process start.
﹣ [AC-21] replica update versus No Action has one case-revision winner (0.4855ms) # Replica-set proof requires TEST_MODE=true before process start.
﹣ Confirm omit selected_lead with unique high suggestion attaches and queues booking_chain (1.553ms) # Replica-set proof requires TEST_MODE=true before process start.
﹣ Confirm omit selected_lead with medium-only suggestion creates a Leadless Booking (0.729ms) # Replica-set proof requires TEST_MODE=true before process start.
﹣ Confirm Owner-selected medium attaches that Lead (1.1438ms) # Replica-set proof requires TEST_MODE=true before process start.
﹣ Confirm lost claim fails closed and does not fall through to Leadless (0.7108ms) # Replica-set proof requires TEST_MODE=true before process start.
﹣ Update Existing Booking on a Granot Leadless Booking writes official fields and Master Booked only (3.9812ms) # Replica-set proof requires TEST_MODE=true before process start.
▶ selectBookingIntakeLatestAction
  ✔ returns undefined for empty evidence (2.8418ms)
  ✔ returns priority_5 when that is the only action (0.4977ms)
  ✔ ignores priority_5 when booked or release evidence exists (0.3301ms)
  ✔ selects the temporally latest booked or release action (0.4416ms)
  ✔ tie-breaks same captured_at with higher Observation id hex (0.2766ms)
✔ selectBookingIntakeLatestAction (14.0531ms)
﹣ [AC-R9] Confirm Cancellation succeeds only for AC-R3 posture and replays (4.2045ms) # Replica-set proof requires TEST_MODE=true before process start.
﹣ [AC-R9] create-missing + latest Release writes no Cancellation (0.6071ms) # Replica-set proof requires TEST_MODE=true before process start.
﹣ [AC-R9] latest Booked on review mode is GRANOT_CASE_REVISION_CONFLICT and writes no Cancellation (2.862ms) # Replica-set proof requires TEST_MODE=true before process start.
﹣ [AC-R9] booking commands disabled is POLICY_BLOCKED even when release command flags are true (0.5031ms) # Replica-set proof requires TEST_MODE=true before process start.
﹣ [AC-RRF-01][AC-RRF-06] Release-first Referral review No Action closes the case only (0.6389ms) # Replica-set proof requires TEST_MODE=true before process start.
﹣ [AC-RRF-02] Release-first Referral review Update keeps one Booking (0.7565ms) # Replica-set proof requires TEST_MODE=true before process start.
﹣ [AC-RRF-03] Release-first review latest Booked Cancel is GRANOT_CASE_REVISION_CONFLICT (5.5241ms) # Replica-set proof requires TEST_MODE=true before process start.
﹣ [AC-RRF-03] Release-first review latest Release Cancel creates Cancellation without a Lead (36.7877ms) # Replica-set proof requires TEST_MODE=true before process start.
﹣ [AC-RRF-05] Release-first Referral review dead Registry is GRANOT_POLICY_BLOCKED (0.6463ms) # Replica-set proof requires TEST_MODE=true before process start.
﹣ [AC-RRF-01] Release-first Referral review job mismatch or pre-activation is GRANOT_IDENTITY_CONFLICT (0.5961ms) # Replica-set proof requires TEST_MODE=true before process start.
▶ assertBookingIntakeCancelAllowed
  ✔ allows open review_existing_booking with latest Release (1.9194ms)
  ✔ rejects create_missing_booking even when latest action is Release (0.8809ms)
  ✔ rejects create_referral_booking even when latest action is Release (0.2911ms)
  ✔ rejects review_existing_booking when latest action is Booked (0.3323ms)
  ✔ rejects a resolved review case even when latest action is Release (0.2454ms)
✔ assertBookingIntakeCancelAllowed (5.7301ms)
▶ isAcceptedReferralPolicyAction
  ✔ [AC-RRF-01] review_existing_booking + first action release → accept (0.4206ms)
  ✔ [AC-RRF-02] review_existing_booking + first action booked → accept (0.2804ms)
  ✔ [AC-RRF-01] create_referral_booking + first action booked → accept (0.2721ms)
  ✔ [AC-RRF-01] first action priority_5 / missing / unknown / empty → reject (0.2787ms)
✔ isAcceptedReferralPolicyAction (1.892ms)
✔ [AC-P1] Priority 5 then Booked selects the preceding Priority Update (3.6265ms)
✔ [AC-P2] Booked that carries Priority 5 with no preceding Priority Update (0.5324ms)
✔ [AC-P3] Booked without valid canonical 5 is booked_without_priority_5 (1.0509ms)
✔ [AC-P4] later Priority 5 is read-time only and does not become preceding (0.4322ms)
✔ equal temporal tuple is neither preceding nor later (0.3992ms)
✔ other jobs are ignored and lead_created Priority 5 is not preceding (0.4831ms)
✔ latest older Priority 5 wins when several precede Booked (0.4992ms)
✔ throws without a Booked creating Observation or Job Number (1.0227ms)
✔ isCanonicalPriorityFive requires valid canonical 5 (0.3823ms)
✔ wire and list projections keep IDs, times, route, and Priority only (3.7563ms)
﹣ [AC-28][AC-32] replica simultaneous Referral evidence opens one lead-free case and preserves Decision source policy (3.2864ms) # Replica-set proof requires TEST_MODE=true before process start.
﹣ [AC-18][AC-20][AC-32][AC-36] replica races converge, replay dedupes, and resolved rows advance max+1 (0.88ms) # Replica-set proof requires TEST_MODE=true before process start.
﹣ [AC-20] replica candidate refresh splits owner and evidence revisions (0.4986ms) # Replica-set proof requires TEST_MODE=true before process start.
﹣ [AC-20][AC-32] replica transaction rolls back case create, refresh, and Decision failures (0.5213ms) # Replica-set proof requires TEST_MODE=true before process start.
﹣ [AC-P8] replica persists pairing on Booked open, replay is a no-op, later Priority 5 does not write (1.0104ms) # Replica-set proof requires TEST_MODE=true before process start.
﹣ [AC-R1] replica later Releas appends Release evidence on the same open Booked case (0.7444ms) # Replica-set proof requires TEST_MODE=true before process start.
﹣ [AC-R2] replica Releas first opens create-missing; later Booked refreshes the same case (0.6987ms) # Replica-set proof requires TEST_MODE=true before process start.
﹣ [AC-R7] replica later Releas after resolve opens sequence+1 create-missing; no Release case (0.4627ms) # Replica-set proof requires TEST_MODE=true before process start.
﹣ [AC-R7] replica later Releas after resolve opens sequence+1 review when Booking is still active (0.5358ms) # Replica-set proof requires TEST_MODE=true before process start.
﹣ [AC-R8] replica exact Release Observation replay is a no-op (0.5104ms) # Replica-set proof requires TEST_MODE=true before process start.
{"level":"info","time":"2026-09-18T22:30:32.999Z","service":"vantage-main-server","env":"development","msg":"granot_lifecycle.booking_case.opened","observability_level":"info","category":"booking","workflow":"granot_booking_reconciliation"}
✔ [AC-35] candidate browser preserves source scope metadata and override warning (2.2155ms)
▶ Booking Reconciliation classification
  ✔ [AC-18] Priority 5 never opens or refreshes a Booking case (5.403ms)
  ✔ [AC-18a] Referral Priority 5 only remains not_booking_evidence (0.9695ms)
  ✔ [AC-19] actual Booked opens create-missing or review-existing and never treats ambiguity as no-case (0.799ms)
  ✔ [AC-28][AC-39] delegates employee work, routes cancellation, and owns Referral cases (0.756ms)
  ✔ [AC-40] excludes Bad/Duplicate or ambiguous suggestions (0.6104ms)
  ✔ [AC-18][AC-19] projects only canonical eligible candidates and bounds refresh to 24 hours (0.7989ms)
✔ Booking Reconciliation classification (10.61ms)
▶ Booking Reconciliation persistence
  ✔ [AC-19] atomically opens one create-missing case with causal evidence and Decision (9.8031ms)
  ✔ does not increment booked again when capture already classified Booked (2.3258ms)
  ✔ [AC-20] refreshes new evidence without staling case revision and dedupes Observation replay (3.2917ms)
  ✔ Observation replay does not increment Daily Operations intake again (2.4726ms)
  ✔ [AC-28] opens and refreshes a Referral case without Source Scope or Lead suggestion (2.5518ms)
  ✔ [AC-20] allocates next sequence after a resolved case and never reopens it (3.271ms)
  ✔ [AC-P1][AC-P8] persists Booked pairing snapshot, replay is a no-op, later Priority 5 does not write (2.2612ms)
  ✔ [AC-P1] persist snapshot is priority_5_then_booked and evidence is Booked only (1.6302ms)
  ✔ [AC-P5] Releas/Release with no official Booking opens a booked booking case with release evidence (1.0638ms)
  ✔ [AC-R1] later Releas appends Release evidence on the same open Booked case (2.0251ms)
  ✔ [AC-R2] Releas first opens create-missing; later Booked refreshes the same case (1.7925ms)
  ✔ [AC-R3] official active Booking + Releas opens review_existing_booking with release evidence (1.0536ms)
  ✔ [AC-R4] officially cancelled Booking + Releas is already_current and writes no booking case (0.7727ms)
  ✔ [AC-R5] officially cancelled Booking + Booked still opens booked_after_official_cancellation (0.7216ms)
  ✔ [AC-R6] identity conflict on Release opens a release_* discrepancy and no booking case (1.0384ms)
  ✔ [AC-P2][AC-P3][AC-P4] second Booked refreshes evidence and pairing snapshot (1.9056ms)
  ✔ [AC-39] fails closed when expected employee reconciliation work is absent (0.6093ms)
  ✔ actual Booked on a Granot official Leadless Booking opens review_existing_booking (1.1868ms)
✔ Booking Reconciliation persistence (41.6072ms)
{"level":"info","time":"2026-09-18T22:30:33.004Z","service":"vantage-main-server","env":"development","msg":"granot_lifecycle.booking_case.opened","observability_level":"info","category":"booking","workflow":"granot_booking_reconciliation"}
{"level":"info","time":"2026-09-18T22:30:33.007Z","service":"vantage-main-server","env":"development","msg":"granot_lifecycle.booking_case.opened","observability_level":"info","category":"booking","workflow":"granot_booking_reconciliation"}
{"level":"info","time":"2026-09-18T22:30:33.008Z","service":"vantage-main-server","env":"development","msg":"granot_lifecycle.booking_case.refreshed","observability_level":"info","category":"booking","workflow":"granot_booking_reconciliation"}
{"level":"info","time":"2026-09-18T22:30:33.010Z","service":"vantage-main-server","env":"development","msg":"granot_lifecycle.booking_case.opened","observability_level":"info","category":"booking","workflow":"granot_booking_reconciliation"}
{"level":"info","time":"2026-09-18T22:30:33.011Z","service":"vantage-main-server","env":"development","msg":"granot_lifecycle.booking_case.refreshed","observability_level":"info","category":"booking","workflow":"granot_booking_reconciliation"}
{"level":"info","time":"2026-09-18T22:30:33.013Z","service":"vantage-main-server","env":"development","msg":"granot_lifecycle.booking_case.opened","observability_level":"info","category":"booking","workflow":"granot_booking_reconciliation"}
{"level":"info","time":"2026-09-18T22:30:33.014Z","service":"vantage-main-server","env":"development","msg":"granot_lifecycle.booking_case.refreshed","observability_level":"info","category":"booking","workflow":"granot_booking_reconciliation"}
{"level":"info","time":"2026-09-18T22:30:33.015Z","service":"vantage-main-server","env":"development","msg":"granot_lifecycle.booking_case.opened","observability_level":"info","category":"booking","workflow":"granot_booking_reconciliation"}
{"level":"info","time":"2026-09-18T22:30:33.016Z","service":"vantage-main-server","env":"development","msg":"granot_lifecycle.booking_case.opened","observability_level":"info","category":"booking","workflow":"granot_booking_reconciliation"}
{"level":"info","time":"2026-09-18T22:30:33.019Z","service":"vantage-main-server","env":"development","msg":"granot_lifecycle.booking_case.opened","observability_level":"info","category":"booking","workflow":"granot_booking_reconciliation"}
{"level":"info","time":"2026-09-18T22:30:33.019Z","service":"vantage-main-server","env":"development","msg":"granot_lifecycle.booking_case.refreshed","observability_level":"info","category":"booking","workflow":"granot_booking_reconciliation"}
{"level":"info","time":"2026-09-18T22:30:33.021Z","service":"vantage-main-server","env":"development","msg":"granot_lifecycle.booking_case.opened","observability_level":"info","category":"booking","workflow":"granot_booking_reconciliation"}
{"level":"info","time":"2026-09-18T22:30:33.022Z","service":"vantage-main-server","env":"development","msg":"granot_lifecycle.booking_case.opened","observability_level":"info","category":"booking","workflow":"granot_booking_reconciliation"}
{"level":"info","time":"2026-09-18T22:30:33.023Z","service":"vantage-main-server","env":"development","msg":"granot_lifecycle.booking_case.opened","observability_level":"info","category":"booking","workflow":"granot_booking_reconciliation"}
{"level":"info","time":"2026-09-18T22:30:33.024Z","service":"vantage-main-server","env":"development","msg":"granot_lifecycle.booking_case.refreshed","observability_level":"info","category":"booking","workflow":"granot_booking_reconciliation"}
{"level":"info","time":"2026-09-18T22:30:33.025Z","service":"vantage-main-server","env":"development","msg":"granot_lifecycle.booking_case.opened","observability_level":"info","category":"booking","workflow":"granot_booking_reconciliation"}
{"level":"info","time":"2026-09-18T22:30:33.026Z","service":"vantage-main-server","env":"development","msg":"granot_lifecycle.booking_case.refreshed","observability_level":"info","category":"booking","workflow":"granot_booking_reconciliation"}
{"level":"info","time":"2026-09-18T22:30:33.027Z","service":"vantage-main-server","env":"development","msg":"granot_lifecycle.booking_case.opened","observability_level":"info","category":"booking","workflow":"granot_booking_reconciliation"}
{"level":"info","time":"2026-09-18T22:30:33.031Z","service":"vantage-main-server","env":"development","msg":"granot_lifecycle.booking_case.opened","observability_level":"info","category":"booking","workflow":"granot_booking_reconciliation"}
{"level":"info","time":"2026-09-18T22:30:33.032Z","service":"vantage-main-server","env":"development","msg":"granot_lifecycle.booking_case.refreshed","observability_level":"info","category":"booking","workflow":"granot_booking_reconciliation"}
{"level":"info","time":"2026-09-18T22:30:33.034Z","service":"vantage-main-server","env":"development","msg":"granot_lifecycle.booking_case.opened","observability_level":"info","category":"booking","workflow":"granot_booking_reconciliation"}
✔ [AC-01][AC-35] capture writes a complete v2 webhook receipt with proven auth and no later fields (6.8398ms)
✔ [AC-01][AC-35] header allowlist keeps only the five bounded names (0.8565ms)
✔ [AC-02][AC-35] hashes the credential-redacted payload after allowlisting headers (1.1486ms)
✔ [AC-02] identical webhook deliveries stay distinct receipts and may share the diagnostic hash (1.5781ms)
✔ [AC-01] capture refuses an unproven authentication method before persist (1.5671ms)
✔ [AC-02][AC-33][AC-35] extension channel capture stores one browser_extension receipt and redacts credentials (1.673ms)
✔ [AC-02] same extension operation ID + same hash replays the existing receipt (1.4546ms)
✔ [AC-02] same extension operation ID + different hash is GRANOT_OPERATION_IDEMPOTENCY_CONFLICT (1.2431ms)
✔ webhook capture records a Daily Operations receipt fact after persist (0.9939ms)
✔ booking_status_changed Booked payload records granot.booked at capture (1.1857ms)
✔ identical webhook deliveries increment Daily Operations once per receipt (1.5217ms)
✔ extension channel capture does not record a Daily Operations fact (0.6432ms)
✔ Booked webhook capture increments class and booked once (0.8783ms)
✔ unclassified booking_status_changed increments class only (0.8182ms)
✔ channel capture replay does not increment Daily Operations (0.7698ms)
✔ [AC-02] automation channel capture stores one granot_http_automation receipt (0.6509ms)
✔ [AC-02] same automation operation ID + different kind is GRANOT_OPERATION_IDEMPOTENCY_CONFLICT (1.3518ms)
✔ Owner selected_lead attaches even when the suggestion is medium (3.4241ms)
✔ no selected_lead and a unique high suggestion auto-attaches (0.4852ms)
✔ no selected_lead and a medium-only suggestion stays Leadless (0.2095ms)
✔ no selected_lead and no suggestion stays Leadless (0.2104ms)
✔ source_scoped_contact never auto-attaches even if confidence were high (0.2702ms)
✔ Sheet intents distinguish attached Confirm from Leadless Confirm and Update (0.4976ms)
✔ Referral is not a Granot official Leadless Booking (0.3484ms)
﹣ Connect happy path attaches the Lead, writes EntityChange, and queues booking_chain (1.9658ms) # Replica-set proof is opt-in via GRANOT_LIFECYCLE_REPLICA_TESTS=true.
﹣ Connect already_satisfied on the exact same Lead writes no new Change (0.6432ms) # Replica-set proof is opt-in via GRANOT_LIFECYCLE_REPLICA_TESTS=true.
﹣ Connect exact Idempotency-Key replay returns the durable result (0.4242ms) # Replica-set proof is opt-in via GRANOT_LIFECYCLE_REPLICA_TESTS=true.
﹣ Connect rejects Referral, cancelled, already-booked Lead, and stale revision (1.0137ms) # Replica-set proof is opt-in via GRANOT_LIFECYCLE_REPLICA_TESTS=true.
﹣ Connect flag-off is POLICY_BLOCKED (0.608ms) # Replica-set proof is opt-in via GRANOT_LIFECYCLE_REPLICA_TESTS=true.
✔ Connect sheet intent is booking_chain / booked_lead.connect_lead (3.2245ms)
✔ only Granot official Leadless Bookings without an open case are connectable (0.5924ms)
✔ Connect rejects owner_booking and employee_booking Leadless and any open case (0.6399ms)
✔ Eligible Connect Leads exclude Duplicate, Bad, cancelled, booked, and unmatched Call Leads (0.4092ms)
✔ Source assignment prefers Record Link scope, then employee snapshot, then booking source slug (0.4585ms)
✔ Lead matches booking source on company id, granularity, or slug (0.3468ms)
✔ evaluateConnectPreconditions attaches an eligible unbooked Lead (0.3092ms)
✔ already_satisfied when the Booking already has this exact Lead (0.3386ms)
✔ IDENTITY_CONFLICT when the Booking already has a different Lead (0.3346ms)
✔ IDENTITY_CONFLICT when another Booking already owns the Lead (0.5962ms)
✔ Referral, cancelled, Duplicate, Bad, and unmatched Call Leads are rejected (0.4678ms)
✔ stale booking revision fails closed (0.2352ms)
✔ out-of-scope without override is rejected; with reason it connects (0.6252ms)
✔ empty Connect q does not dump the book (8.6103ms)
✔ Connect Form q hits snapshot paths and omits ineligible Leads (5.9013ms)
✔ Connect Call q hits snapshot paths and excludes unmatched Call Leads (2.6063ms)
✔ Connect Call q for Granot-only phone hits snapshot phone paths (1.9727ms)
✔ Connect candidates fail closed on Referral, cancelled, and open-case Bookings (4.9174ms)
﹣ [AC-08] replica concurrent same-Observation replay commits one atomic Form creation chain (3.4683ms) # Replica-set proof requires TEST_MODE=true before process start.
﹣ [AC-08][AC-09] replica Call phone is pending, Job-only is not_applicable, and fabricates no telephony (0.9671ms) # Replica-set proof requires TEST_MODE=true before process start.
﹣ [AC-08] replica Call creation rejects missing or multiple active route assignments (0.8584ms) # Replica-set proof requires TEST_MODE=true before process start.
﹣ [AC-07][AC-08] replica competing scoped Call phone identity creates nothing (1.1788ms) # Replica-set proof requires TEST_MODE=true before process start.
﹣ Race A: existing RingCentral Call Lead synchronizes even with adoption off (1.5872ms) # Replica-set proof requires TEST_MODE=true before process start.
﹣ [AC-08] replica exact replay returns stored refs; checksum conflict creates no partial state (0.7217ms) # Replica-set proof requires TEST_MODE=true before process start.
﹣ [AC-08] replica rollback after reserved-link identity race leaves zero orphan effects (0.6124ms) # Replica-set proof requires TEST_MODE=true before process start.
﹣ [AC-07][AC-08] replica concurrent same-job writers keep one Lead and one active link (0.5622ms) # Replica-set proof requires TEST_MODE=true before process start.
﹣ [AC-07][AC-08] replica processor race replans the loser through Unit 18 (0.8213ms) # Replica-set proof requires TEST_MODE=true before process start.
﹣ [AC-08] replica rolls back Lead/link/Change/Decision/Command/outbox stage failures (0.9213ms) # Replica-set proof requires TEST_MODE=true before process start.
✔ [AC-08] idempotency key is observation-scoped and stable (4.0375ms)
✔ [AC-08] checksum covers Observation, model, source-scope, policy version, and creation semantics (2.3553ms)
✔ [AC-08] checksum never includes raw transport envelope or secret-bearing headers (1.1772ms)
✔ [AC-08] command envelope rejects invalid Observation, missing provenance, and wrong idempotency key (4.9666ms)
✔ create_if_missing SMS handoff requires the resolved Lead Source ID from source_scope (0.8526ms)
✔ observation-load create guard allows lead_created only (0.3514ms)
✔ command rejects priority_updated even for Call create_if_missing (0.3931ms)
✔ executeCreation requested_effect stays lead_created (2.0673ms)
✔ both Granot phone-fence sites run without the adoption flag; Job-only still skips (1.2792ms)
✔ booking intake selection prefers the latest Booked evidence (3.7837ms)
✔ booking intake selection falls back to the latest creating evidence (1.0192ms)
✔ booking intake selection prefers latest Release when the case has only Release evidence (0.3604ms)
✔ booking intake selection prefers Booked when Booked and Release evidence both exist (0.3892ms)
✔ booking intake creating observation returns the credential-redacted Booked statement (4.2148ms)
✔ booking intake creating observation is absent for missing booking cases (0.5115ms)
✔ [AC-P1] creating observation includes pairing and the preceding Priority 5 snapshot (1.6542ms)
✔ [AC-P3] Booked-without-5 still returns 200 with the Booked statement and no paired snapshot (0.7666ms)
✔ Release-only booking case creating observation is preferred_release with null pairing (0.8143ms)
✔ Booked plus Release booking case creating observation stays preferred_booked (0.784ms)
✔ [AC-P6] historical Priority-5-only remains latest_creating with null pairing (0.5162ms)
✔ cancellation intake selection prefers the latest Release evidence (0.4882ms)
✔ cancellation intake creating observation returns the credential-redacted Release statement (1.086ms)
✔ intake creating observation uses the booking statement when both collections could match (0.9918ms)
✔ intake creating observation is absent when neither case exists (0.5244ms)
{"level":"info","time":"2026-09-18T22:30:38.443Z","service":"vantage-main-server","env":"development","msg":"granot_lifecycle.processing.completed","receipt_id":"6aad…f1ae","observation_id":"6aad…f1af","decision_id":"6aad…f1b2","attempt":1,"execution_mode":"historical_shadow","outcome":"linked","reason_code":"record_link_established","duration_ms":8}
✔ [AC-33] equivalent webhook and extension statements normalize to the same identity and Priority (6.6618ms)
✔ [AC-33] equivalent shadow processor outcomes match and produce zero changed paths (39.9675ms)
✔ [AC-02][AC-33] apply-item envelope unwraps to the statement without a second policy (1.5785ms)
✔ [AC-02][AC-33] equivalent webhook and automation statements share Observation identity (0.9985ms)
✔ [AC-33] equivalent webhook and automation shadow desired-state outcomes match (3.8495ms)
✔ [AC-33] equivalent live webhook, extension, and automation desired states match (19.3905ms)
{"level":"info","time":"2026-09-18T22:30:38.467Z","service":"vantage-main-server","env":"development","msg":"granot_lifecycle.processing.completed","observability_level":"info","category":"mongo","workflow":"granot_lifecycle"}
{"level":"info","time":"2026-09-18T22:30:38.469Z","service":"vantage-main-server","env":"development","msg":"granot_lifecycle.processing.completed","receipt_id":"6aad…f1b0","observation_id":"6aad…f1b1","decision_id":"6aad…f1b4","attempt":1,"execution_mode":"historical_shadow","outcome":"linked","reason_code":"record_link_established","duration_ms":2}
{"level":"info","time":"2026-09-18T22:30:38.469Z","service":"vantage-main-server","env":"development","msg":"granot_lifecycle.processing.completed","observability_level":"info","category":"mongo","workflow":"granot_lifecycle"}
{"level":"info","time":"2026-09-18T22:30:38.475Z","service":"vantage-main-server","env":"development","msg":"granot_lifecycle.processing.completed","receipt_id":"6aad…f1b6","observation_id":"6aad…f1b7","decision_id":"6aad…f1ba","attempt":1,"execution_mode":"historical_shadow","outcome":"linked","reason_code":"record_link_established","duration_ms":1}
{"level":"info","time":"2026-09-18T22:30:38.475Z","service":"vantage-main-server","env":"development","msg":"granot_lifecycle.processing.completed","observability_level":"info","category":"mongo","workflow":"granot_lifecycle"}
{"level":"info","time":"2026-09-18T22:30:38.476Z","service":"vantage-main-server","env":"development","msg":"granot_lifecycle.processing.completed","receipt_id":"6aad…f1b8","observation_id":"6aad…f1b9","decision_id":"6aad…f1bc","attempt":1,"execution_mode":"historical_shadow","outcome":"linked","reason_code":"record_link_established","duration_ms":0}
{"level":"info","time":"2026-09-18T22:30:38.477Z","service":"vantage-main-server","env":"development","msg":"granot_lifecycle.processing.completed","observability_level":"info","category":"mongo","workflow":"granot_lifecycle"}
{"level":"info","time":"2026-09-18T22:30:38.483Z","service":"vantage-main-server","env":"development","msg":"granot_lifecycle.processing.completed","receipt_id":"6aad…f1be","observation_id":"6aad…f1bf","decision_id":"6aad…f1c0","attempt":1,"execution_mode":"live","outcome":"applied","reason_code":"lead_state_changed","duration_ms":5}
{"level":"info","time":"2026-09-18T22:30:38.483Z","service":"vantage-main-server","env":"development","msg":"granot_lifecycle.processing.completed","observability_level":"info","category":"mongo","workflow":"granot_lifecycle"}
{"level":"info","time":"2026-09-18T22:30:38.485Z","service":"vantage-main-server","env":"development","msg":"granot_lifecycle.processing.completed","receipt_id":"6aad…f1c2","observation_id":"6aad…f1c3","decision_id":"6aad…f1c4","attempt":1,"execution_mode":"live","outcome":"applied","reason_code":"lead_state_changed","duration_ms":1}
{"level":"info","time":"2026-09-18T22:30:38.485Z","service":"vantage-main-server","env":"development","msg":"granot_lifecycle.processing.completed","observability_level":"info","category":"mongo","workflow":"granot_lifecycle"}
{"level":"info","time":"2026-09-18T22:30:38.496Z","service":"vantage-main-server","env":"development","msg":"granot_lifecycle.processing.completed","receipt_id":"6aad…f1c6","observation_id":"6aad…f1c7","decision_id":"6aad…f1c8","attempt":1,"execution_mode":"live","outcome":"applied","reason_code":"lead_state_changed","duration_ms":2}
{"level":"info","time":"2026-09-18T22:30:38.496Z","service":"vantage-main-server","env":"development","msg":"granot_lifecycle.processing.completed","observability_level":"info","category":"mongo","workflow":"granot_lifecycle"}
﹣ [AC-36] partial unique index allows one open fingerprint and a resolved history row (2.8692ms) # Replica proof requires testvantagemovers.
﹣ [AC-35][AC-36] No Action is exactly replayable and a revision race has one winner with zero Changes/Sheets (0.8088ms) # Replica proof requires testvantagemovers.
﹣ [AC-26][AC-36] re-evaluation leaves an unchanged current conflict open and exactly replays (0.5999ms) # Replica proof requires testvantagemovers.
﹣ [AC-23][AC-35] correction atomically preserves the old link and Lead scope with two Changes and zero official/Sheet effects (0.7064ms) # Replica proof requires testvantagemovers.
﹣ [AC-23][AC-36] correction failure after Change writes rolls back link, discrepancy, Command, and Changes (1.6159ms) # Replica proof requires testvantagemovers.
{"level":"info","time":"2026-09-18T22:30:39.118Z","service":"vantage-main-server","env":"development","msg":"granot_lifecycle.booking_discrepancy.opened","observability_level":"info","category":"admin","workflow":"granot_discrepancy"}
▶ Granot discrepancy fingerprint
  ✔ [AC-35][AC-36] freezes versioned canonical non-PII identity (3.6389ms)
  ✔ [AC-26][AC-27][AC-35] includes every null identity key and excludes evidence/display data (1.0371ms)
✔ Granot discrepancy fingerprint (6.8248ms)
▶ Granot discrepancy persistence
  ✔ [AC-26][AC-36] opens, refreshes, and exactly deduplicates one fingerprint (7.0012ms)
✔ Granot discrepancy persistence (7.3221ms)
{"level":"info","time":"2026-09-18T22:30:39.120Z","service":"vantage-main-server","env":"development","msg":"granot_lifecycle.booking_discrepancy.refreshed","observability_level":"info","category":"admin","workflow":"granot_discrepancy"}
﹣ [AC-30] replica-set two claimants have one winner (2.5034ms) # Replica-set proof requires TEST_MODE=true before process start.
﹣ [AC-30] replica-set expired lease recovers and stale owner cannot finalize (0.8492ms) # Replica-set proof requires TEST_MODE=true before process start.
﹣ [AC-30] replica-set attempt 10 dead-letters with zero Decision (0.4584ms) # Replica-set proof requires TEST_MODE=true before process start.
﹣ [AC-37] replica-set concurrent requeue has one winner and one audit (0.5773ms) # Replica-set proof requires TEST_MODE=true before process start.
﹣ [AC-30] replica-set queue and cron due scan share the claim fence (0.4056ms) # Replica-set proof requires TEST_MODE=true before process start.
{"level":"info","time":"2026-09-18T22:30:39.871Z","service":"vantage-main-server","env":"development","msg":"granot_lifecycle.claim.recovered","observability_level":"info","category":"mongo","workflow":"granot_lifecycle","entity_id":"6aadbb...bb21"}
✔ claim predicate and update match Section 26 exactly (5.8351ms)
✔ [AC-30] foundation terminal processor outcomes complete and reset technical budget (4.205ms)
✔ [AC-30] foundation pending_match increments match_attempt once and does not consume technical budget (1.6069ms)
✔ [AC-30] foundation pending_match at 24 hours completes and is not scheduled further (1.1335ms)
✔ [AC-30] foundation insufficient_creation_data completes and is never converted to pending match (0.8518ms)
✔ [AC-30] foundation unknown outcome fails closed as a technical contract error (2.5454ms)
✔ [AC-30] foundation dependency failure creates no Decision and schedules technical retry (2.2064ms)
✔ [AC-30] foundation consecutive technical failure 10 dead-letters with a safe error (3.5679ms)
✔ two claimants have one winner and an unexpired lease cannot be stolen (1.1702ms)
✔ expired lease recovers and increments the recovery counter only after success (11.5671ms)
✔ stale owner cannot renew or finalize (2.2429ms)
✔ processing disabled skips without claiming (0.687ms)
✔ [AC-30] foundation historical shadow drain creates no forbidden aggregate effects (0.9104ms)
✔ synchronous loser polls at most five seconds and never starts a second processor (1.808ms)
✔ synchronous completed work returns the stored processor result (0.6584ms)
✔ queue wakeup parser accepts only { receipt_id } (2.4133ms)
﹣ [AC-02] concurrent same operation ID + same hash yields one receipt (2.2776ms) # Replica-set proof is opt-in via GRANOT_LIFECYCLE_REPLICA_TESTS=true.
﹣ [AC-02] concurrent same operation ID + different hash has one winner and 409 (0.6431ms) # Replica-set proof is opt-in via GRANOT_LIFECYCLE_REPLICA_TESTS=true.
✔ [AC-33][AC-35] apply captures a browser_extension receipt then claim/process-or-poll (5.8745ms)
✔ [AC-02] replayed capture still returns the stored processor result (0.6235ms)
✔ [AC-02] accepted_for_processing keeps the same operation ID for refresh (0.4889ms)
✔ [AC-33] expected_target disagreement is a non-syncable conflict and never an override (0.4152ms)
✔ [AC-35] compatibility messages are fixed and never echo payload values (0.235ms)
✔ [AC-32] temporal comparator treats a missing stored winner as newer (1.969ms)
✔ [AC-32] temporal comparator compares captured_at before Observation ObjectId (0.4321ms)
✔ [AC-32] equal captured_at uses lowercase 24-character Observation ObjectId hex (0.3808ms)
✔ [AC-32] exact same temporal tuple is same and never a second winner (0.4755ms)
✔ [AC-32] no source, channel, or Priority can be encoded in the temporal tuple (4.5823ms)
✔ [AC-39] Booking without a Lead returns Booking Lead Reconciliation delegation only (5.302ms)
✔ [AC-04] module portion multiple current Bookings are an operational Job conflict (0.9388ms)
✔ [AC-07] module portion Record Link model mismatch is a hard conflict (0.889ms)
✔ missing Record Link Lead is a hard conflict and not a contact fallback (0.7494ms)
✔ [AC-07] module portion Call ladder never queries phone without Source Granularity (1.3025ms)
✔ Booking owner that differs from a contact candidate is conflict evidence, not reassignment (2.3491ms)
﹣ [AC-07] replica identity is read-only across lifecycle and aggregate collections (3.7555ms) # Replica-set proof requires TEST_MODE=true before process start.
﹣ [AC-13] replica cross-field Agent username contradiction returns no suggestion (0.8658ms) # Replica-set proof requires TEST_MODE=true before process start.
﹣ [AC-39] replica Booking without Lead delegates and writes no case (0.4677ms) # Replica-set proof requires TEST_MODE=true before process start.
﹣ replica active Record Link lookup is findOne and writes nothing (1.071ms) # Replica-set proof requires TEST_MODE=true before process start.
﹣ [AC-04] replica Call Job query is granularity-scoped and read-only (7.238ms) # Replica-set proof requires TEST_MODE=true before process start.
✔ [AC-09] identity portion missing or invalid route never queries a Lead (3.9938ms)
✔ [AC-29] identity portion deferred policy and provider type never enter a Lead ladder (0.7667ms)
✔ [AC-03] exact Form ref_no match verifies Source Scope and does not post (1.5492ms)
✔ [AC-03] valid 24-character ObjectId compatibility lookup remains a later rung (0.9331ms)
✔ [AC-03] blank or not-provided Form reference is never queried (0.8699ms)
✔ [AC-04] Form ref with conflicting Source Scope is a hard conflict and stops contact fallback (0.8308ms)
✔ [AC-04] Call Job outside resolved Source Granularity is never a global match (2.8059ms)
✔ [AC-04] Record Link Source Scope conflict does not continue the Form ladder (1.1493ms)
✔ [AC-04] Booking owner with conflicting Source Scope is conflict evidence (1.4024ms)
✔ [AC-07] identity portion returns one deterministic Form target and never queries globally (1.5745ms)
✔ current and immutable Form contact values dedupe to one candidate (0.6033ms)
✔ job-only Record Link is evidence and the Form ladder continues (0.477ms)
✔ usable Record Link with agreeing scope stops on granot_record_link (0.5783ms)
✔ Duplicate Form Lead is ineligible on exact identity (0.5803ms)
✔ Bad Form Lead is priority_only from strong exact identity and excluded from contact matching (0.8153ms)
✔ inbound letter prefix is the same Job as Granot digits (1.7772ms)
✔ conflicting nonempty Job Numbers are a hard conflict (0.3448ms)
✔ multiple eligible Form contact candidates are ambiguous (0.3576ms)
✔ Call Job rung is scoped and Duplicate Call Leads remain readable (0.4551ms)
✔ Call unique Job wins when Observation phone matches a different Lead (0.4899ms)
✔ Call with no Job on the Lead still binds by operational phone (0.4493ms)
✔ two eligible Call Jobs are a conflict (0.4191ms)
✔ Call phone query omits granot_contact_snapshot (0.8551ms)
✔ Call current and ingested phones dedupe to one Lead (0.6872ms)
✔ [AC-08] multiple scoped Call phone candidates are a creation conflict (0.4637ms)
✔ [AC-13] identity portion equal usernames suggest one active Agent and never mutate (0.8082ms)
✔ [AC-13] identity portion differing user and rep block Agent suggestion (0.3938ms)
✔ [AC-13] more than one active Agent for one username returns no suggestion (0.3857ms)
✔ Referral policy returns leadless context and performs no Lead search (0.4893ms)
✔ [AC-35] portion last_error strips payload, credentials, and contact text (4.4763ms)
✔ [AC-35] portion last_error keeps a bounded safe code and short message (1.2467ms)
✔ unknown error codes collapse to a bounded technical class (0.6416ms)
✔ [AC-10] WordPress submitted contact and Granot snapshot stay separately identifiable and masked (5.5718ms)
✔ [AC-05] all listed Priority forms canonicalize into desired state; only 1/5 enrich and set quoted true (10.1771ms)
✔ [AC-05] leading-zero canonical 5 enriches; no Priority plans quoted false (0.9851ms)
✔ [AC-06] malformed Priority Update is invalid and plans nothing (1.7116ms)
✔ [AC-06] malformed Priority on Lead Created/Booked/Release skips Priority and continues (1.1972ms)
✔ [AC-07] matched Lead Created selects one target and never plans a second Lead (2.4956ms)
✔ [AC-08] create_if_missing with minimum data authorizes the gated creation command (1.3636ms)
✔ [AC-08] incomplete create_if_missing is exact insufficient_creation_data (0.7744ms)
✔ [AC-09] Local vs long-distance route result controls Form minimum-data eligibility (0.7209ms)
✔ [AC-10] WordPress primary contact and immutable snapshot never enter changed paths (0.74ms)
✔ [AC-11] WordPress immutable move snapshot and Vantage move_size stay unchanged (0.8769ms)
✔ [AC-12] RingCentral Call qualified contact plans Granot Contact Snapshot only (1.0566ms)
✔ granot_lead_created Call later different Granot phone plans snapshot only (0.8825ms)
✔ Priority 8 Call Lead does not plan Granot Contact Snapshot (0.4664ms)
✔ [AC-13] empty receiver fills from one active Agent at a non-1/5 Priority (7.4824ms)
✔ [AC-13] Agent conflict or existing receiver never overwrites (0.6404ms)
✔ [AC-30] link_only pending match persists the next offset and becomes unmatched at 24h (0.7711ms)
✔ [AC-30] incomplete creation data is never scheduled as pending match (0.2995ms)
✔ [AC-32] no-op desired state creates no changed paths (1.1273ms)
✔ Call Lead snapshot formatting-only Granot contact does not remanufacture a change (0.489ms)
✔ WordPress snapshot formatting-only Granot contact does not remanufacture a change (0.3605ms)
✔ [AC-32] older temporal winner is stale and plans no desired-state effect (0.3156ms)
✔ Bad exact Form target plans only valid Priority; Duplicate has no target (0.554ms)
✔ letter-prefixed Lead Job matches Granot digits and does not conflict (9.0828ms)
✔ equivalent formatting does not manufacture a Job Number change (0.4814ms)
✔ observation_only policy stays evidence-only (0.3026ms)
✔ Call create_if_missing + priority_updated + unmatched + Job is not eligible (0.384ms)
✔ Call create_if_missing + lead_created stays eligible (0.3211ms)
✔ Form create_if_missing + lead_created stays eligible (0.3277ms)
✔ Call link_only + priority_updated is not eligible (0.3202ms)
✔ Form create_if_missing + priority_updated is not eligible (0.3038ms)
✔ Call create_if_missing + booking_status_changed is not eligible (0.3456ms)
✔ invalid Call priority_updated never creates even with create_if_missing (0.4586ms)
✔ SSE snapshot then streams newer receipts and heartbeats before closing (3.1995ms)
✔ SSE reconnect with Last-Event-ID skips the snapshot and continues from the cursor (0.7696ms)
✔ [AC-L4] late intake_link emits receipt_updated without advancing the capture cursor (1.2516ms)
✔ SSE does not emit receipt_updated for a brand-new receipt just sent as receipt (0.8254ms)
✔ extractLiveWebhookLead reads name, contact, job, and move fields from a Granot body (2.2396ms)
✔ projectLiveWebhookReceipt keeps webhook lead facts and strips credential keys (2.8316ms)
✔ projectLiveWebhookReceipt ignores extension receipts and unknown event classes (0.4354ms)
✔ live receipt event ids round-trip captured_at and receipt_id (2.1216ms)
✔ [AC-L1] lead_created and priority_updated keep observation_id but never a non-null intake_link (1.6833ms)
✔ [AC-L2] booking_status_changed links the unique booking case that holds the Observation (0.9717ms)
✔ [AC-L3] empty, unsupported, or discrepancy-only booking_status_changed never gets an intake_link (0.7126ms)
✔ [AC-L5] two receipts on the same job only link the Observation that is on the case (0.5579ms)
✔ duplicate booking cases for one Observation fail closed and record an operational event (0.6383ms)
✔ missing Observation yields null observation_id and intake_link (0.524ms)
✔ [AC-35] portion Unit 08 metrics accept only bounded error-code labels (2.3314ms)
✔ [AC-31][AC-35] Section 33 metric names stay exact and receipt labels stay closed (2.9839ms)
✔ [AC-18][AC-19] Booking-case gauge is current cardinality, not an evidence counter (0.7623ms)
✔ [AC-05][AC-06] one receipt upserts one Observation and sequential reprocess reuses it (6.7613ms)
✔ [AC-05] concurrent same-candidate inserts collapse to one stored row (11.1359ms)
✔ [AC-05] a differing candidate fails closed and does not overwrite stored evidence (1.81ms)
✔ [AC-06] invalid and unsupported results persist as completed classifications (1.017ms)
✔ [AC-05] technical insert failure creates no partial second row (0.5742ms)
✔ [AC-05][AC-29] upsertGranotObservation normalizes an already-read receipt without Registry or aggregate fields (3.3971ms)
✔ [AC-05][AC-06][AC-25][AC-29] every Unit 01 fixture produces the expected normalized facts (16.9263ms)
✔ [AC-05] Priority 0, 1, 5, 8, 05, all-zero, and 12-digit retain raw/canonical/valid without enrichment (1.9531ms)
✔ [AC-06] missing or malformed Priority invalidates Priority Update only (0.6673ms)
✔ [AC-25] exact Booked, Releas, and Release aliases normalize; Released and prefixes do not (0.5287ms)
✔ [AC-29] type=AUTO stays provider context and does not supply source classification (0.8272ms)
✔ [AC-05] webhook, extension, and automation parity fixtures share normalized business fields (2.3517ms)
✔ [AC-06] lead_created payload event type is accepted case-insensitively (1.8327ms)
✔ [AC-06] non-object payload and route/event conflicts persist as terminal invalid vocabulary (1.3247ms)
✔ [AC-06] unsupported Booking Action is not upgraded or downgraded by Priority (39.3094ms)
✔ [AC-05][AC-29] source, identity, contact, move, money, and agent rules cover NFKC, bounds, and invalid dates (44.0006ms)
✔ [AC-05] omitted service_type and unused cubic_rate do not change extracted webhook facts (0.7858ms)
✔ [AC-05] display money never becomes domain command input (0.5286ms)
✔ fixture inventory paths normalize Windows and POSIX separators identically (5.0031ms)
✔ [AC-03][AC-05][AC-06][AC-29] every committed fixture satisfies the strict contract (5.9793ms)
✔ [AC-03][AC-05][AC-06][AC-29] invalid fixture authority and metadata combinations are rejected (5.6934ms)
✔ [AC-03] identity fixtures preserve exact-reference priority and blank compatibility boundaries (0.607ms)
✔ [AC-05] valid Priority fixtures freeze raw and canonical values without false downgrade authority (0.634ms)
✔ [AC-06] malformed Priority and exact Booking Action aliases retain independent behavior (0.4594ms)
✔ [AC-29] source labels remain separate from provider type and deferred effects (0.439ms)
✔ [AC-05][AC-06] equivalent statements seed cross-channel normalization parity (0.7608ms)
✔ [AC-03][AC-05][AC-06][AC-29] scanner accepts all schema-validated fixture sources (667.8252ms)
✔ [AC-03][AC-05][AC-06][AC-29] scanner rejects injected sensitive material with safe locations only (275.7209ms)
✔ [AC-03][AC-05][AC-06][AC-29] scanner rejects raw and prohibited fixture source paths (0.6701ms)
✔ [AC-03][AC-05][AC-06][AC-29] recursive inventory rejects alternate durable fixture sources (20.2295ms)
{"level":"info","time":"2026-09-18T22:30:45.094Z","service":"vantage-main-server","env":"development","msg":"granot_lifecycle.booking_case.opened","observability_level":"info","category":"admin","workflow":"granot_lifecycle"}
✔ [AC-35][AC-37] Unit 30 event catalog is frozen and aliases are one-way (3.532ms)
✔ [AC-35] sanitizer drops payload, contact, credentials, and free-form reason text (0.8501ms)
✔ [AC-35] sanitizer masks identifiers case-insensitively and retains bounded conflict codes (0.5052ms)
✔ [AC-35] unknown catalog keys are dropped and emission never throws (2.9663ms)
✔ [AC-31][AC-37] apply/replay/conflict stay distinguishable and replay emits no resolve (1.3956ms)
✔ [AC-35] owner command conflicts increment closed codes only (1.4889ms)
{"level":"info","time":"2026-09-18T22:30:45.096Z","service":"vantage-main-server","env":"development","msg":"granot_lifecycle.owner_command.applied","observability_level":"info","category":"admin","workflow":"granot_lifecycle"}
{"level":"info","time":"2026-09-18T22:30:45.096Z","service":"vantage-main-server","env":"development","msg":"granot_lifecycle.booking_case.resolved","observability_level":"info","category":"admin","workflow":"granot_lifecycle"}
{"level":"info","time":"2026-09-18T22:30:45.096Z","service":"vantage-main-server","env":"development","msg":"granot_lifecycle.owner_command.replayed","observability_level":"info","category":"admin","workflow":"granot_lifecycle"}
{"level":"warn","time":"2026-09-18T22:30:45.098Z","service":"vantage-main-server","env":"development","msg":"granot_lifecycle.owner_command.conflict","observability_level":"warn","category":"admin","workflow":"granot_lifecycle"}
{"level":"warn","time":"2026-09-18T22:30:45.098Z","service":"vantage-main-server","env":"development","msg":"granot_lifecycle.owner_command.conflict","observability_level":"warn","category":"admin","workflow":"granot_lifecycle"}
﹣ [AC-31][AC-35][AC-37][AC-38] replica health counts come from Mongo and do not mutate official facts (3.6043ms) # Replica-set proof requires TEST_MODE=true before process start.
{"level":"info","time":"2026-09-18T22:30:45.999Z","service":"vantage-main-server","env":"development","msg":"granot_lifecycle.activation.committed","activation_id":"6aadbb...33dd","activated_at":"2026-08-17T16:00:00.000Z","processor_version":"granot-lifecycle-processor-v1","request_id":"req-activation-test"}
✔ [AC-31] foundation Owner activation is write-once and returns a safe projection (6.6576ms)
✔ [AC-31] foundation Admin without Owner cannot activate (0.5276ms)
✔ [AC-31] activation audit failure cannot roll back the committed activation (0.8513ms)
﹣ [AC-31] foundation replica-set concurrent activation has one winner (0.6209ms) # Replica-set proof is opt-in via GRANOT_LIFECYCLE_REPLICA_TESTS=true.
✔ [AC-37] Owner requeue moves dead_letter to pending without replacing evidence (2.0357ms)
✔ [AC-37] requeue audit failure cannot roll back the receipt transition (1.0341ms)
✔ [AC-37] requeue of completed or claimed work conflicts and creates no audit (1.2879ms)
✔ [AC-37] missing receipt returns GRANOT_RECEIPT_NOT_FOUND (0.7259ms)
✔ [AC-37] Admin without Owner cannot requeue (0.4901ms)
✔ [AC-35] portion activation projection omits reason and actor PII (0.6186ms)
{"level":"info","time":"2026-09-18T22:30:46.004Z","service":"vantage-main-server","env":"development","msg":"granot_lifecycle.activation.committed","activation_id":"6aadbb...33de","activated_at":"2026-08-17T16:00:00.000Z","processor_version":"granot-lifecycle-processor-v1","request_id":"req-activation-test"}
{"level":"info","time":"2026-09-18T22:30:46.006Z","service":"vantage-main-server","env":"development","msg":"granot_lifecycle.manual_requeue.committed","receipt_id":"6aadbb...33df","prior_state":"dead_letter","new_state":"pending","manual_requeue_count":1,"request_id":"req-activation-test"}
{"level":"info","time":"2026-09-18T22:30:46.008Z","service":"vantage-main-server","env":"development","msg":"granot_lifecycle.manual_requeue.committed","receipt_id":"6aadbb...33e1","prior_state":"dead_letter","new_state":"pending","manual_requeue_count":1,"request_id":"req-activation-test"}
﹣ [AC-32] replica temporal CAS one winner advances metadata without revision/Change/outbox (2.4155ms) # Replica-set proof requires TEST_MODE=true before process start.
﹣ [AC-32] replica concurrent temporal loser re-evaluates stale and does not persist already_current (0.7745ms) # Replica-set proof requires TEST_MODE=true before process start.
{"level":"info","time":"2026-09-18T22:30:47.728Z","service":"vantage-main-server","env":"development","msg":"granot_lifecycle.processing.completed","receipt_id":"6aad…4c8b","observation_id":"6aad…4c8a","decision_id":"6aad…4c8f","attempt":1,"execution_mode":"live","outcome":"pending_match","reason_code":"pending_source_scoped_match","duration_ms":9}
✔ [AC-18] processor does not invoke Booking reconciliation for Priority 5 (19.5539ms)
✔ [AC-18] Priority 5 with booking cases enabled still applies lead desired-state (8.5603ms)
✔ [AC-18][AC-19] processor invokes Booking reconciliation only in live gate-enabled posture (4.7587ms)
✔ [AC-25][AC-26][AC-27][AC-P5] processor invokes Booking reconciliation for live gate-enabled Release evidence (3.4163ms)
✔ [AC-26][AC-27][AC-36][AC-R6] processor persists Release identity conflict through the discrepancy module (2.8222ms)
✔ [AC-R4] officially cancelled Booking + Release is already_current via Booking reconciliation (3.2004ms)
✔ Release booking-case early-return does not invoke synchronizeLeadFromGranot (4.2114ms)
✔ [AC-02] portion identical webhook evidence in two receipts creates two Decisions (2.973ms)
✔ [AC-02] portion same observation/attempt replay returns one Decision (1.8302ms)
✔ [AC-02] portion a differing stored Decision is an integrity failure (1.9998ms)
✔ [AC-31] foundation pre-activation receipts stay historical and create no live effects (1.1732ms)
✔ [AC-31] foundation live-shadow Decisions are not promoted and mutate no Record Link (1.1861ms)
✔ [AC-32] portion historical establishment, confirmation, and conflict keep one active link (6.7559ms)
✔ [AC-32] portion invalid, unsupported, and unclassified paths create no link or forbidden effects (3.4773ms)
✔ processing disabled refuses unless a test supplies config (0.7372ms)
✔ [AC-31] foundation live configuration with no match stays pending and mutates no Lead (1.3548ms)
﹣ [AC-32] portion replica-set Decision+link persist atomically and unique job races keep one active link (0.9982ms) # Replica-set proof requires TEST_MODE=true before process start.
✔ [AC-07] shadow matched Lead Created records one target and never claims a second Lead (1.6385ms)
✔ [AC-08] foundation eligible create_if_missing stays suppressed with no reservation (1.5824ms)
✔ [AC-30] processor emits terminal unmatched at 24 hours (1.1176ms)
✔ [AC-06] malformed Priority on Lead Created continues independent identity work (1.4308ms)
✔ [AC-32] shadow no-op already_current writes no Change, Sheet, or Record Link (1.2766ms)
✔ [AC-32] live test posture advances metadata-only winner and does not emit Change (1.4657ms)
✔ [AC-32] CAS loser re-evaluates as stale and never persists already_current (2.0525ms)
✔ gate snapshot uses real policy facts in stable eight-name order (1.0572ms)
✔ [AC-35] portion Decision metrics use only bounded enum labels (0.9183ms)
✔ [AC-05][AC-07] live authorized matched write invokes synchronizeLeadFromGranot once (1.742ms)
✔ [AC-32] live applied Decision replays without a second command after the Lead is current (0.9174ms)
✔ [AC-32] lost live command race replans as stale and never persists applied (3.2281ms)
✔ [AC-32] already_current exact link does not invoke the command (1.2151ms)
✔ [AC-32] stale classification does not invoke the command (1.5177ms)
✔ [AC-32] inactive Source Company is policy_blocked and never invokes the command (1.2662ms)
✔ [AC-07] live already_current with no active link still invokes association (1.3856ms)
✔ [AC-08] live eligible no-match invokes createLeadFromGranot once with the exact no-patch command (4.941ms)
✔ [AC-08] live authorized Job-only Call invokes creation and multiple candidates block it (2.9335ms)
✔ RingCentral-origin Call Lead plus later Granot Call observation synchronizes and does not create (3.4636ms)
✔ fence identity race replans Call create_if_missing onto the RingCentral Call Lead (2.3855ms)
✔ Call Job versus phone pointing at two Leads is job_number_conflict and never creates (1.2062ms)
✔ [AC-07] live matched Lead Created never invokes createLeadFromGranot (1.6516ms)
✔ [AC-07] identity race winner replans through Unit 18 and never retries blind creation (2.3138ms)
✔ [AC-07] lead-less active link reservation replans as record-link conflict (1.9098ms)
✔ [AC-07] unrelated duplicate-key failures remain technical errors (1.2676ms)
✔ [AC-08] disabled, shadow, incomplete, and route-failure paths create no command (4.5037ms)
✔ [AC-09] live Form same states select Local; differing states select long-distance; invalid ZIP/state create no command (4.9472ms)
✔ pending_match records granot.pending_match with parent_receipt_id (1.3721ms)
✔ unmatched records granot.unmatched and created is not minted by the processor (2.0508ms)
✔ same observation/attempt replay does not increment Daily Operations again (1.9816ms)
{"level":"info","time":"2026-09-18T22:30:47.731Z","service":"vantage-main-server","env":"development","msg":"granot_lifecycle.processing.completed","observability_level":"info","category":"mongo","workflow":"granot_lifecycle"}
{"level":"info","time":"2026-09-18T22:30:47.743Z","service":"vantage-main-server","env":"development","msg":"granot_lifecycle.processing.completed","receipt_id":"6aad…4c91","observation_id":"6aad…4c90","decision_id":"6aad…4c96","attempt":1,"execution_mode":"live","outcome":"applied","reason_code":"lead_state_changed","duration_ms":6}
{"level":"info","time":"2026-09-18T22:30:47.743Z","service":"vantage-main-server","env":"development","msg":"granot_lifecycle.processing.completed","observability_level":"info","category":"mongo","workflow":"granot_lifecycle"}
{"level":"info","time":"2026-09-18T22:30:47.746Z","service":"vantage-main-server","env":"development","msg":"granot_lifecycle.processing.completed","receipt_id":"6aad…4c99","observation_id":"6aad…4c98","decision_id":"6aad…4c9d","attempt":1,"execution_mode":"live","outcome":"linked","reason_code":"booking_case_opened","duration_ms":2}
{"level":"info","time":"2026-09-18T22:30:47.746Z","service":"vantage-main-server","env":"development","msg":"granot_lifecycle.processing.completed","observability_level":"info","category":"mongo","workflow":"granot_lifecycle"}
{"level":"info","time":"2026-09-18T22:30:47.747Z","service":"vantage-main-server","env":"development","msg":"granot_lifecycle.processing.completed","receipt_id":"6aad…4c99","observation_id":"6aad…4c98","decision_id":"6aad…4ca2","attempt":1,"execution_mode":"live","outcome":"pending_match","reason_code":"pending_source_scoped_match","duration_ms":1}
{"level":"info","time":"2026-09-18T22:30:47.748Z","service":"vantage-main-server","env":"development","msg":"granot_lifecycle.processing.completed","observability_level":"info","category":"mongo","workflow":"granot_lifecycle"}
{"level":"info","time":"2026-09-18T22:30:47.750Z","service":"vantage-main-server","env":"development","msg":"granot_lifecycle.processing.completed","receipt_id":"6aad…4ca4","observation_id":"6aad…4ca3","decision_id":"6aad…4ca8","attempt":1,"execution_mode":"live","outcome":"linked","reason_code":"booking_case_opened","duration_ms":1}
{"level":"info","time":"2026-09-18T22:30:47.750Z","service":"vantage-main-server","env":"development","msg":"granot_lifecycle.processing.completed","observability_level":"info","category":"mongo","workflow":"granot_lifecycle"}
{"level":"info","time":"2026-09-18T22:30:47.751Z","service":"vantage-main-server","env":"development","msg":"granot_lifecycle.processing.completed","receipt_id":"6aad…4ca4","observation_id":"6aad…4ca3","decision_id":"6aad…4cad","attempt":1,"execution_mode":"live","outcome":"pending_match","reason_code":"pending_source_scoped_match","duration_ms":0}
{"level":"info","time":"2026-09-18T22:30:47.751Z","service":"vantage-main-server","env":"development","msg":"granot_lifecycle.processing.completed","observability_level":"info","category":"mongo","workflow":"granot_lifecycle"}
{"level":"info","time":"2026-09-18T22:30:47.754Z","service":"vantage-main-server","env":"development","msg":"granot_lifecycle.processing.completed","receipt_id":"6aad…4caf","observation_id":"6aad…4cae","decision_id":"6aad…4cb3","attempt":1,"execution_mode":"live","outcome":"conflict","reason_code":"release_discrepancy_opened","duration_ms":1}
{"level":"info","time":"2026-09-18T22:30:47.754Z","service":"vantage-main-server","env":"development","msg":"granot_lifecycle.processing.completed","observability_level":"info","category":"mongo","workflow":"granot_lifecycle"}
{"level":"info","time":"2026-09-18T22:30:47.756Z","service":"vantage-main-server","env":"development","msg":"granot_lifecycle.processing.completed","receipt_id":"6aad…4cb6","observation_id":"6aad…4cb5","decision_id":"6aad…4cbb","attempt":1,"execution_mode":"live","outcome":"already_current","reason_code":"booking_already_cancelled","duration_ms":1}
{"level":"info","time":"2026-09-18T22:30:47.756Z","service":"vantage-main-server","env":"development","msg":"granot_lifecycle.processing.completed","observability_level":"info","category":"mongo","workflow":"granot_lifecycle"}
{"level":"info","time":"2026-09-18T22:30:47.760Z","service":"vantage-main-server","env":"development","msg":"granot_lifecycle.processing.completed","receipt_id":"6aad…4cbd","observation_id":"6aad…4cbc","decision_id":"6aad…4cc2","attempt":1,"execution_mode":"live","outcome":"linked","reason_code":"booking_case_opened","duration_ms":1}
{"level":"info","time":"2026-09-18T22:30:47.761Z","service":"vantage-main-server","env":"development","msg":"granot_lifecycle.processing.completed","observability_level":"info","category":"mongo","workflow":"granot_lifecycle"}
{"level":"info","time":"2026-09-18T22:30:47.762Z","service":"vantage-main-server","env":"development","msg":"granot_lifecycle.processing.completed","receipt_id":"6aad…4cbd","observation_id":"6aad…4cbc","decision_id":"6aad…4cc7","attempt":1,"execution_mode":"live","outcome":"linked","reason_code":"booking_case_refreshed","duration_ms":1}
{"level":"info","time":"2026-09-18T22:30:47.762Z","service":"vantage-main-server","env":"development","msg":"granot_lifecycle.processing.completed","observability_level":"info","category":"mongo","workflow":"granot_lifecycle"}
{"level":"info","time":"2026-09-18T22:30:47.764Z","service":"vantage-main-server","env":"development","msg":"granot_lifecycle.processing.completed","receipt_id":"6aad…4cca","observation_id":"6aad…4cc9","decision_id":"6aad…4cd4","attempt":1,"execution_mode":"historical_shadow","outcome":"linked","reason_code":"record_link_established","duration_ms":1}
{"level":"info","time":"2026-09-18T22:30:47.764Z","service":"vantage-main-server","env":"development","msg":"granot_lifecycle.processing.completed","observability_level":"info","category":"mongo","workflow":"granot_lifecycle"}
{"level":"info","time":"2026-09-18T22:30:47.765Z","service":"vantage-main-server","env":"development","msg":"granot_lifecycle.processing.completed","receipt_id":"6aad…4ccb","observation_id":"6aad…4ccc","decision_id":"6aad…4cd6","attempt":1,"execution_mode":"historical_shadow","outcome":"linked","reason_code":"record_link_established","duration_ms":0}
{"level":"info","time":"2026-09-18T22:30:47.765Z","service":"vantage-main-server","env":"development","msg":"granot_lifecycle.processing.completed","observability_level":"info","category":"mongo","workflow":"granot_lifecycle"}
{"level":"info","time":"2026-09-18T22:30:47.766Z","service":"vantage-main-server","env":"development","msg":"granot_lifecycle.processing.completed","receipt_id":"6aad…4cd9","observation_id":"6aad…4cd8","decision_id":"6aad…4cdd","attempt":1,"execution_mode":"historical_shadow","outcome":"linked","reason_code":"record_link_established","duration_ms":0}
{"level":"info","time":"2026-09-18T22:30:47.767Z","service":"vantage-main-server","env":"development","msg":"granot_lifecycle.processing.completed","observability_level":"info","category":"mongo","workflow":"granot_lifecycle"}
{"level":"info","time":"2026-09-18T22:30:47.771Z","service":"vantage-main-server","env":"development","msg":"granot_lifecycle.processing.completed","receipt_id":"6aad…4ce9","observation_id":"6aad…4ce8","decision_id":"6aad…4ced","attempt":1,"execution_mode":"historical_shadow","outcome":"linked","reason_code":"record_link_established","duration_ms":1}
{"level":"info","time":"2026-09-18T22:30:47.771Z","service":"vantage-main-server","env":"development","msg":"granot_lifecycle.processing.completed","observability_level":"info","category":"mongo","workflow":"granot_lifecycle"}
{"level":"info","time":"2026-09-18T22:30:47.772Z","service":"vantage-main-server","env":"development","msg":"granot_lifecycle.processing.completed","receipt_id":"6aad…4cf0","observation_id":"6aad…4cef","decision_id":"6aad…4cf4","attempt":1,"execution_mode":"live_shadow","outcome":"pending_match","reason_code":"pending_source_scoped_match","duration_ms":0}
{"level":"info","time":"2026-09-18T22:30:47.772Z","service":"vantage-main-server","env":"development","msg":"granot_lifecycle.processing.completed","observability_level":"info","category":"mongo","workflow":"granot_lifecycle"}
{"level":"info","time":"2026-09-18T22:30:47.773Z","service":"vantage-main-server","env":"development","msg":"granot_lifecycle.processing.completed","receipt_id":"6aad…4cf9","observation_id":"6aad…4cf8","decision_id":"6aad…4cfa","attempt":1,"execution_mode":"historical_shadow","outcome":"linked","reason_code":"record_link_established","duration_ms":0}
{"level":"info","time":"2026-09-18T22:30:47.773Z","service":"vantage-main-server","env":"development","msg":"granot_lifecycle.processing.completed","observability_level":"info","category":"mongo","workflow":"granot_lifecycle"}
{"level":"info","time":"2026-09-18T22:30:47.774Z","service":"vantage-main-server","env":"development","msg":"granot_lifecycle.processing.completed","receipt_id":"6aad…4cfc","observation_id":"6aad…4cfd","decision_id":"6aad…4cff","attempt":1,"execution_mode":"historical_shadow","outcome":"linked","reason_code":"record_link_confirmed","duration_ms":1}
{"level":"info","time":"2026-09-18T22:30:47.774Z","service":"vantage-main-server","env":"development","msg":"granot_lifecycle.processing.completed","observability_level":"info","category":"mongo","workflow":"granot_lifecycle"}
{"level":"info","time":"2026-09-18T22:30:47.778Z","service":"vantage-main-server","env":"development","msg":"granot_lifecycle.processing.completed","receipt_id":"6aad…4d02","observation_id":"6aad…4d03","decision_id":"6aad…4d06","attempt":1,"execution_mode":"historical_shadow","outcome":"conflict","reason_code":"record_link_conflict","duration_ms":4}
{"level":"info","time":"2026-09-18T22:30:47.779Z","service":"vantage-main-server","env":"development","msg":"granot_lifecycle.processing.completed","observability_level":"info","category":"mongo","workflow":"granot_lifecycle"}
{"level":"info","time":"2026-09-18T22:30:47.780Z","service":"vantage-main-server","env":"development","msg":"granot_lifecycle.processing.completed","receipt_id":"6aad…4d08","observation_id":"6aad…4d07","decision_id":"6aad…4d0d","attempt":1,"execution_mode":"historical_shadow","outcome":"invalid","reason_code":"invalid_priority_update","duration_ms":0}
{"level":"info","time":"2026-09-18T22:30:47.780Z","service":"vantage-main-server","env":"development","msg":"granot_lifecycle.processing.completed","observability_level":"info","category":"mongo","workflow":"granot_lifecycle"}
{"level":"info","time":"2026-09-18T22:30:47.781Z","service":"vantage-main-server","env":"development","msg":"granot_lifecycle.processing.completed","receipt_id":"6aad…4d0f","observation_id":"6aad…4d0e","decision_id":"6aad…4d14","attempt":1,"execution_mode":"historical_shadow","outcome":"unsupported","reason_code":"unsupported_booking_action","duration_ms":1}
{"level":"info","time":"2026-09-18T22:30:47.781Z","service":"vantage-main-server","env":"development","msg":"granot_lifecycle.processing.completed","observability_level":"info","category":"mongo","workflow":"granot_lifecycle"}
{"level":"info","time":"2026-09-18T22:30:47.782Z","service":"vantage-main-server","env":"development","msg":"granot_lifecycle.processing.completed","receipt_id":"6aad…4d16","observation_id":"6aad…4d15","decision_id":"6aad…4d18","attempt":1,"execution_mode":"historical_shadow","outcome":"policy_blocked","reason_code":"source_unclassified","duration_ms":0}
{"level":"info","time":"2026-09-18T22:30:47.782Z","service":"vantage-main-server","env":"development","msg":"granot_lifecycle.processing.completed","observability_level":"info","category":"mongo","workflow":"granot_lifecycle"}
{"level":"info","time":"2026-09-18T22:30:47.784Z","service":"vantage-main-server","env":"development","msg":"granot_lifecycle.processing.completed","receipt_id":"6aad…4d20","observation_id":"6aad…4d1f","decision_id":"6aad…4d24","attempt":1,"execution_mode":"live","outcome":"pending_match","reason_code":"pending_source_scoped_match","duration_ms":0}
{"level":"info","time":"2026-09-18T22:30:47.785Z","service":"vantage-main-server","env":"development","msg":"granot_lifecycle.processing.completed","observability_level":"info","category":"mongo","workflow":"granot_lifecycle"}
{"level":"info","time":"2026-09-18T22:30:47.787Z","service":"vantage-main-server","env":"development","msg":"granot_lifecycle.processing.completed","receipt_id":"6aad…4d26","observation_id":"6aad…4d25","decision_id":"6aad…4d2b","attempt":1,"execution_mode":"live_shadow","outcome":"policy_blocked","reason_code":"shadow_effect_suppressed","duration_ms":0}
{"level":"info","time":"2026-09-18T22:30:47.788Z","service":"vantage-main-server","env":"development","msg":"granot_lifecycle.processing.completed","observability_level":"info","category":"mongo","workflow":"granot_lifecycle"}
{"level":"info","time":"2026-09-18T22:30:47.789Z","service":"vantage-main-server","env":"development","msg":"granot_lifecycle.processing.completed","receipt_id":"6aad…4d2d","observation_id":"6aad…4d2c","decision_id":"6aad…4d31","attempt":1,"execution_mode":"live_shadow","outcome":"policy_blocked","reason_code":"shadow_effect_suppressed","duration_ms":1}
{"level":"info","time":"2026-09-18T22:30:47.789Z","service":"vantage-main-server","env":"development","msg":"granot_lifecycle.processing.completed","observability_level":"info","category":"mongo","workflow":"granot_lifecycle"}
{"level":"info","time":"2026-09-18T22:30:47.790Z","service":"vantage-main-server","env":"development","msg":"granot_lifecycle.processing.completed","receipt_id":"6aad…4d33","observation_id":"6aad…4d32","decision_id":"6aad…4d37","attempt":9,"execution_mode":"live_shadow","outcome":"unmatched","reason_code":"match_window_expired","duration_ms":0}
{"level":"info","time":"2026-09-18T22:30:47.790Z","service":"vantage-main-server","env":"development","msg":"granot_lifecycle.processing.completed","observability_level":"info","category":"mongo","workflow":"granot_lifecycle"}
{"level":"info","time":"2026-09-18T22:30:47.792Z","service":"vantage-main-server","env":"development","msg":"granot_lifecycle.processing.completed","receipt_id":"6aad…4d39","observation_id":"6aad…4d38","decision_id":"6aad…4d3e","attempt":1,"execution_mode":"live_shadow","outcome":"policy_blocked","reason_code":"shadow_effect_suppressed","duration_ms":1}
{"level":"info","time":"2026-09-18T22:30:47.792Z","service":"vantage-main-server","env":"development","msg":"granot_lifecycle.processing.completed","observability_level":"info","category":"mongo","workflow":"granot_lifecycle"}
{"level":"info","time":"2026-09-18T22:30:47.793Z","service":"vantage-main-server","env":"development","msg":"granot_lifecycle.processing.completed","receipt_id":"6aad…4d40","observation_id":"6aad…4d3f","decision_id":"6aad…4d45","attempt":1,"execution_mode":"live_shadow","outcome":"already_current","reason_code":"desired_state_already_current","duration_ms":0}
{"level":"info","time":"2026-09-18T22:30:47.793Z","service":"vantage-main-server","env":"development","msg":"granot_lifecycle.processing.completed","observability_level":"info","category":"mongo","workflow":"granot_lifecycle"}
{"level":"info","time":"2026-09-18T22:30:47.795Z","service":"vantage-main-server","env":"development","msg":"granot_lifecycle.processing.completed","receipt_id":"6aad…4d47","observation_id":"6aad…4d46","decision_id":"6aad…4d50","attempt":1,"execution_mode":"live","outcome":"already_current","reason_code":"desired_state_already_current","duration_ms":1}
{"level":"info","time":"2026-09-18T22:30:47.795Z","service":"vantage-main-server","env":"development","msg":"granot_lifecycle.processing.completed","observability_level":"info","category":"mongo","workflow":"granot_lifecycle"}
{"level":"info","time":"2026-09-18T22:30:47.797Z","service":"vantage-main-server","env":"development","msg":"granot_lifecycle.processing.completed","receipt_id":"6aad…4d52","observation_id":"6aad…4d51","decision_id":"6aad…4d5d","attempt":1,"execution_mode":"live","outcome":"stale","reason_code":"older_than_temporal_winner","duration_ms":1}
{"level":"info","time":"2026-09-18T22:30:47.797Z","service":"vantage-main-server","env":"development","msg":"granot_lifecycle.processing.completed","observability_level":"info","category":"mongo","workflow":"granot_lifecycle"}
{"level":"info","time":"2026-09-18T22:30:47.798Z","service":"vantage-main-server","env":"development","msg":"granot_lifecycle.processing.completed","receipt_id":"6aad…4d5f","observation_id":"6aad…4d5e","decision_id":"6aad…4d63","attempt":1,"execution_mode":"historical_shadow","outcome":"linked","reason_code":"record_link_established","duration_ms":0}
{"level":"info","time":"2026-09-18T22:30:47.798Z","service":"vantage-main-server","env":"development","msg":"granot_lifecycle.processing.completed","observability_level":"info","category":"mongo","workflow":"granot_lifecycle"}
{"level":"info","time":"2026-09-18T22:30:47.799Z","service":"vantage-main-server","env":"development","msg":"granot_lifecycle.processing.completed","receipt_id":"6aad…4d66","observation_id":"6aad…4d65","decision_id":"6aad…4d6a","attempt":1,"execution_mode":"historical_shadow","outcome":"linked","reason_code":"record_link_established","duration_ms":0}
{"level":"info","time":"2026-09-18T22:30:47.799Z","service":"vantage-main-server","env":"development","msg":"granot_lifecycle.processing.completed","observability_level":"info","category":"mongo","workflow":"granot_lifecycle"}
{"level":"info","time":"2026-09-18T22:30:47.801Z","service":"vantage-main-server","env":"development","msg":"granot_lifecycle.processing.completed","receipt_id":"6aad…4d6d","observation_id":"6aad…4d6c","decision_id":"6aad…4d72","attempt":1,"execution_mode":"live","outcome":"applied","reason_code":"lead_state_changed","duration_ms":1}
{"level":"info","time":"2026-09-18T22:30:47.801Z","service":"vantage-main-server","env":"development","msg":"granot_lifecycle.processing.completed","observability_level":"info","category":"mongo","workflow":"granot_lifecycle"}
{"level":"info","time":"2026-09-18T22:30:47.805Z","service":"vantage-main-server","env":"development","msg":"granot_lifecycle.processing.completed","receipt_id":"6aad…4d7f","observation_id":"6aad…4d7e","decision_id":"6aad…4d8c","attempt":1,"execution_mode":"live","outcome":"stale","reason_code":"older_than_temporal_winner","duration_ms":2}
{"level":"info","time":"2026-09-18T22:30:47.805Z","service":"vantage-main-server","env":"development","msg":"granot_lifecycle.processing.completed","observability_level":"info","category":"mongo","workflow":"granot_lifecycle"}
{"level":"info","time":"2026-09-18T22:30:47.806Z","service":"vantage-main-server","env":"development","msg":"granot_lifecycle.processing.completed","receipt_id":"6aad…4d8e","observation_id":"6aad…4d8d","decision_id":"6aad…4d97","attempt":1,"execution_mode":"live","outcome":"already_current","reason_code":"desired_state_already_current","duration_ms":0}
{"level":"info","time":"2026-09-18T22:30:47.806Z","service":"vantage-main-server","env":"development","msg":"granot_lifecycle.processing.completed","observability_level":"info","category":"mongo","workflow":"granot_lifecycle"}
{"level":"info","time":"2026-09-18T22:30:47.808Z","service":"vantage-main-server","env":"development","msg":"granot_lifecycle.processing.completed","receipt_id":"6aad…4d99","observation_id":"6aad…4d98","decision_id":"6aad…4da2","attempt":1,"execution_mode":"live","outcome":"stale","reason_code":"older_than_temporal_winner","duration_ms":1}
{"level":"info","time":"2026-09-18T22:30:47.808Z","service":"vantage-main-server","env":"development","msg":"granot_lifecycle.processing.completed","observability_level":"info","category":"mongo","workflow":"granot_lifecycle"}
{"level":"info","time":"2026-09-18T22:30:47.809Z","service":"vantage-main-server","env":"development","msg":"granot_lifecycle.processing.completed","receipt_id":"6aad…4da4","observation_id":"6aad…4da3","decision_id":"6aad…4da9","attempt":1,"execution_mode":"live","outcome":"policy_blocked","reason_code":"target_source_company_inactive","duration_ms":0}
{"level":"info","time":"2026-09-18T22:30:47.809Z","service":"vantage-main-server","env":"development","msg":"granot_lifecycle.processing.completed","observability_level":"info","category":"mongo","workflow":"granot_lifecycle"}
{"level":"info","time":"2026-09-18T22:30:47.811Z","service":"vantage-main-server","env":"development","msg":"granot_lifecycle.processing.completed","receipt_id":"6aad…4dab","observation_id":"6aad…4daa","decision_id":"6aad…4db0","attempt":1,"execution_mode":"live","outcome":"linked","reason_code":"record_link_established","duration_ms":1}
{"level":"info","time":"2026-09-18T22:30:47.811Z","service":"vantage-main-server","env":"development","msg":"granot_lifecycle.processing.completed","observability_level":"info","category":"mongo","workflow":"granot_lifecycle"}
{"level":"info","time":"2026-09-18T22:30:47.815Z","service":"vantage-main-server","env":"development","msg":"granot_lifecycle.processing.completed","receipt_id":"6aad…4db3","observation_id":"6aad…4db2","decision_id":"6aad…4db8","attempt":1,"execution_mode":"live","outcome":"created","reason_code":"lead_created_authorized","duration_ms":3}
{"level":"info","time":"2026-09-18T22:30:47.815Z","service":"vantage-main-server","env":"development","msg":"granot_lifecycle.processing.completed","observability_level":"info","category":"mongo","workflow":"granot_lifecycle"}
{"level":"info","time":"2026-09-18T22:30:47.818Z","service":"vantage-main-server","env":"development","msg":"granot_lifecycle.processing.completed","receipt_id":"6aad…4dbd","observation_id":"6aad…4dbc","decision_id":"6aad…4dc1","attempt":1,"execution_mode":"live","outcome":"created","reason_code":"lead_created_authorized","duration_ms":1}
{"level":"info","time":"2026-09-18T22:30:47.818Z","service":"vantage-main-server","env":"development","msg":"granot_lifecycle.processing.completed","observability_level":"info","category":"mongo","workflow":"granot_lifecycle"}
{"level":"info","time":"2026-09-18T22:30:47.819Z","service":"vantage-main-server","env":"development","msg":"granot_lifecycle.processing.completed","receipt_id":"6aad…4dbd","observation_id":"6aad…4dbc","decision_id":"6aad…4dca","attempt":1,"execution_mode":"live","outcome":"conflict","reason_code":"multiple_eligible_matches","duration_ms":1}
{"level":"info","time":"2026-09-18T22:30:47.819Z","service":"vantage-main-server","env":"development","msg":"granot_lifecycle.processing.completed","observability_level":"info","category":"mongo","workflow":"granot_lifecycle"}
{"level":"info","time":"2026-09-18T22:30:47.821Z","service":"vantage-main-server","env":"development","msg":"granot_lifecycle.processing.completed","receipt_id":"6aad…4dcd","observation_id":"6aad…4dcc","decision_id":"6aad…4dd1","attempt":1,"execution_mode":"live","outcome":"applied","reason_code":"lead_state_changed","duration_ms":1}
{"level":"info","time":"2026-09-18T22:30:47.821Z","service":"vantage-main-server","env":"development","msg":"granot_lifecycle.processing.completed","observability_level":"info","category":"mongo","workflow":"granot_lifecycle"}
{"level":"info","time":"2026-09-18T22:30:47.822Z","service":"vantage-main-server","env":"development","msg":"granot_lifecycle.processing.completed","receipt_id":"6aad…4dd4","observation_id":"6aad…4dd3","decision_id":"6aad…4dd8","attempt":1,"execution_mode":"live","outcome":"applied","reason_code":"lead_state_changed","duration_ms":0}
{"level":"info","time":"2026-09-18T22:30:47.823Z","service":"vantage-main-server","env":"development","msg":"granot_lifecycle.processing.completed","observability_level":"info","category":"mongo","workflow":"granot_lifecycle"}
{"level":"info","time":"2026-09-18T22:30:47.825Z","service":"vantage-main-server","env":"development","msg":"granot_lifecycle.processing.completed","receipt_id":"6aad…4ddb","observation_id":"6aad…4dda","decision_id":"6aad…4de2","attempt":1,"execution_mode":"live","outcome":"applied","reason_code":"lead_state_changed","duration_ms":2}
{"level":"info","time":"2026-09-18T22:30:47.825Z","service":"vantage-main-server","env":"development","msg":"granot_lifecycle.processing.completed","observability_level":"info","category":"mongo","workflow":"granot_lifecycle"}
{"level":"info","time":"2026-09-18T22:30:47.826Z","service":"vantage-main-server","env":"development","msg":"granot_lifecycle.processing.completed","receipt_id":"6aad…4de5","observation_id":"6aad…4de4","decision_id":"6aad…4deb","attempt":1,"execution_mode":"live","outcome":"conflict","reason_code":"job_number_conflict","duration_ms":0}
{"level":"info","time":"2026-09-18T22:30:47.826Z","service":"vantage-main-server","env":"development","msg":"granot_lifecycle.processing.completed","observability_level":"info","category":"mongo","workflow":"granot_lifecycle"}
{"level":"info","time":"2026-09-18T22:30:47.828Z","service":"vantage-main-server","env":"development","msg":"granot_lifecycle.processing.completed","receipt_id":"6aad…4ded","observation_id":"6aad…4dec","decision_id":"6aad…4df3","attempt":1,"execution_mode":"live","outcome":"applied","reason_code":"lead_state_changed","duration_ms":1}
{"level":"info","time":"2026-09-18T22:30:47.828Z","service":"vantage-main-server","env":"development","msg":"granot_lifecycle.processing.completed","observability_level":"info","category":"mongo","workflow":"granot_lifecycle"}
{"level":"info","time":"2026-09-18T22:30:47.830Z","service":"vantage-main-server","env":"development","msg":"granot_lifecycle.processing.completed","receipt_id":"6aad…4df6","observation_id":"6aad…4df5","decision_id":"6aad…4dfe","attempt":1,"execution_mode":"live","outcome":"applied","reason_code":"lead_state_changed","duration_ms":1}
{"level":"info","time":"2026-09-18T22:30:47.830Z","service":"vantage-main-server","env":"development","msg":"granot_lifecycle.processing.completed","observability_level":"info","category":"mongo","workflow":"granot_lifecycle"}
{"level":"info","time":"2026-09-18T22:30:47.832Z","service":"vantage-main-server","env":"development","msg":"granot_lifecycle.processing.completed","receipt_id":"6aad…4e01","observation_id":"6aad…4e00","decision_id":"6aad…4e08","attempt":1,"execution_mode":"live","outcome":"conflict","reason_code":"record_link_conflict","duration_ms":1}
{"level":"info","time":"2026-09-18T22:30:47.832Z","service":"vantage-main-server","env":"development","msg":"granot_lifecycle.processing.completed","observability_level":"info","category":"mongo","workflow":"granot_lifecycle"}
{"level":"info","time":"2026-09-18T22:30:47.835Z","service":"vantage-main-server","env":"development","msg":"granot_lifecycle.processing.completed","receipt_id":"6aad…4e12","observation_id":"6aad…4e11","decision_id":"6aad…4e17","attempt":1,"execution_mode":"live","outcome":"policy_blocked","reason_code":"global_effect_disabled","duration_ms":0}
{"level":"info","time":"2026-09-18T22:30:47.835Z","service":"vantage-main-server","env":"development","msg":"granot_lifecycle.processing.completed","observability_level":"info","category":"mongo","workflow":"granot_lifecycle"}
{"level":"info","time":"2026-09-18T22:30:47.836Z","service":"vantage-main-server","env":"development","msg":"granot_lifecycle.processing.completed","receipt_id":"6aad…4e12","observation_id":"6aad…4e11","decision_id":"6aad…4e18","attempt":1,"execution_mode":"live_shadow","outcome":"policy_blocked","reason_code":"shadow_effect_suppressed","duration_ms":0}
{"level":"info","time":"2026-09-18T22:30:47.836Z","service":"vantage-main-server","env":"development","msg":"granot_lifecycle.processing.completed","observability_level":"info","category":"mongo","workflow":"granot_lifecycle"}
{"level":"info","time":"2026-09-18T22:30:47.837Z","service":"vantage-main-server","env":"development","msg":"granot_lifecycle.processing.completed","receipt_id":"6aad…4e1a","observation_id":"6aad…4e19","decision_id":"6aad…4e1b","attempt":1,"execution_mode":"live","outcome":"insufficient_creation_data","reason_code":"missing_creation_contact","duration_ms":0}
{"level":"info","time":"2026-09-18T22:30:47.837Z","service":"vantage-main-server","env":"development","msg":"granot_lifecycle.processing.completed","observability_level":"info","category":"mongo","workflow":"granot_lifecycle"}
{"level":"info","time":"2026-09-18T22:30:47.838Z","service":"vantage-main-server","env":"development","msg":"granot_lifecycle.processing.completed","receipt_id":"6aad…4e12","observation_id":"6aad…4e11","decision_id":"6aad…4e1e","attempt":1,"execution_mode":"live","outcome":"insufficient_creation_data","reason_code":"missing_creation_route_data","duration_ms":0}
{"level":"info","time":"2026-09-18T22:30:47.838Z","service":"vantage-main-server","env":"development","msg":"granot_lifecycle.processing.completed","observability_level":"info","category":"mongo","workflow":"granot_lifecycle"}
{"level":"info","time":"2026-09-18T22:30:47.840Z","service":"vantage-main-server","env":"development","msg":"granot_lifecycle.processing.completed","receipt_id":"6aad…4e24","observation_id":"6aad…4e23","decision_id":"6aad…4e25","attempt":1,"execution_mode":"live","outcome":"created","reason_code":"lead_created_authorized","duration_ms":1}
{"level":"info","time":"2026-09-18T22:30:47.841Z","service":"vantage-main-server","env":"development","msg":"granot_lifecycle.processing.completed","observability_level":"info","category":"mongo","workflow":"granot_lifecycle"}
{"level":"info","time":"2026-09-18T22:30:47.842Z","service":"vantage-main-server","env":"development","msg":"granot_lifecycle.processing.completed","receipt_id":"6aad…4e2a","observation_id":"6aad…4e29","decision_id":"6aad…4e2b","attempt":1,"execution_mode":"live","outcome":"created","reason_code":"lead_created_authorized","duration_ms":1}
{"level":"info","time":"2026-09-18T22:30:47.842Z","service":"vantage-main-server","env":"development","msg":"granot_lifecycle.processing.completed","observability_level":"info","category":"mongo","workflow":"granot_lifecycle"}
{"level":"info","time":"2026-09-18T22:30:47.842Z","service":"vantage-main-server","env":"development","msg":"granot_lifecycle.processing.completed","receipt_id":"6aad…4e30","observation_id":"6aad…4e2f","decision_id":"6aad…4e31","attempt":1,"execution_mode":"live","outcome":"insufficient_creation_data","reason_code":"missing_creation_route_data","duration_ms":0}
{"level":"info","time":"2026-09-18T22:30:47.843Z","service":"vantage-main-server","env":"development","msg":"granot_lifecycle.processing.completed","observability_level":"info","category":"mongo","workflow":"granot_lifecycle"}
{"level":"info","time":"2026-09-18T22:30:47.843Z","service":"vantage-main-server","env":"development","msg":"granot_lifecycle.processing.completed","receipt_id":"6aad…4e33","observation_id":"6aad…4e32","decision_id":"6aad…4e34","attempt":1,"execution_mode":"live","outcome":"insufficient_creation_data","reason_code":"missing_creation_route_data","duration_ms":0}
{"level":"info","time":"2026-09-18T22:30:47.843Z","service":"vantage-main-server","env":"development","msg":"granot_lifecycle.processing.completed","observability_level":"info","category":"mongo","workflow":"granot_lifecycle"}
{"level":"info","time":"2026-09-18T22:30:47.845Z","service":"vantage-main-server","env":"development","msg":"granot_lifecycle.processing.completed","receipt_id":"6aad…4e36","observation_id":"6aad…4e35","decision_id":"6aad…4e3a","attempt":1,"execution_mode":"live","outcome":"pending_match","reason_code":"pending_source_scoped_match","duration_ms":1}
{"level":"info","time":"2026-09-18T22:30:47.845Z","service":"vantage-main-server","env":"development","msg":"granot_lifecycle.processing.completed","observability_level":"info","category":"mongo","workflow":"granot_lifecycle"}
{"level":"info","time":"2026-09-18T22:30:47.846Z","service":"vantage-main-server","env":"development","msg":"granot_lifecycle.processing.completed","receipt_id":"6aad…4e3c","observation_id":"6aad…4e3b","decision_id":"6aad…4e40","attempt":9,"execution_mode":"live_shadow","outcome":"unmatched","reason_code":"match_window_expired","duration_ms":0}
{"level":"info","time":"2026-09-18T22:30:47.846Z","service":"vantage-main-server","env":"development","msg":"granot_lifecycle.processing.completed","observability_level":"info","category":"mongo","workflow":"granot_lifecycle"}
{"level":"info","time":"2026-09-18T22:30:47.847Z","service":"vantage-main-server","env":"development","msg":"granot_lifecycle.processing.completed","receipt_id":"6aad…4e42","observation_id":"6aad…4e41","decision_id":"6aad…4e47","attempt":1,"execution_mode":"live","outcome":"created","reason_code":"lead_created_authorized","duration_ms":0}
{"level":"info","time":"2026-09-18T22:30:47.847Z","service":"vantage-main-server","env":"development","msg":"granot_lifecycle.processing.completed","observability_level":"info","category":"mongo","workflow":"granot_lifecycle"}
{"level":"info","time":"2026-09-18T22:30:47.849Z","service":"vantage-main-server","env":"development","msg":"granot_lifecycle.processing.completed","receipt_id":"6aad…4e4c","observation_id":"6aad…4e4b","decision_id":"6aad…4e50","attempt":1,"execution_mode":"live","outcome":"pending_match","reason_code":"pending_source_scoped_match","duration_ms":1}
{"level":"info","time":"2026-09-18T22:30:47.849Z","service":"vantage-main-server","env":"development","msg":"granot_lifecycle.processing.completed","observability_level":"info","category":"mongo","workflow":"granot_lifecycle"}
✔ Form q for a Granot-only name includes granot_contact_snapshot.name (4.4467ms)
✔ Form q for an ingested-only email includes ingested_contact_snapshot.email (1.2277ms)
✔ Form q for a typed phone substring hits live and snapshot phone paths (1.1564ms)
✔ Form q still hits job_no and ref_no (0.9169ms)
✔ Call q includes ingested and Granot snapshot contact paths (1.1132ms)
✔ empty q still pins ranked identity; explicit q still pins nothing (2.1206ms)
✔ Form item with a snapshot returns known_contacts.granot and live contact stays Form submitted (1.5306ms)
✔ Form item without a snapshot omits known_contacts.granot (0.4993ms)
✔ listGranotLifecycleCaseCandidates Form q uses snapshot paths, excludes Duplicate/Bad, and maps known_contacts (11.9ms)
✔ listGranotLifecycleCaseCandidates Call q uses snapshot paths and maps known_contacts (2.1884ms)
✔ listGranotLifecycleCaseCandidates Call q for Granot-only phone hits snapshot phone paths (1.5896ms)
﹣ [AC-18][AC-20][AC-35][AC-39] replica lifecycle reads leave aggregate and effect collection counts unchanged (3.8183ms) # Replica-set proof requires TEST_MODE=true before process start.
✔ [AC-35] Job path normalization rejects empty values (5.5132ms)
✔ [AC-35] the discrepancy queue still masks the contact it never asks anyone to call (0.6008ms)
✔ an intake names the customer the Owner has to call, and falls back to how to reach them (0.3943ms)
✔ [AC-23] candidate ranking pins the suggested Lead, then high confidence, and is stable (8.1137ms)
✔ intake case detail hands the Owner the whole contact, not an initial and four digits (0.6175ms)
✔ [AC-20] [AC-36] [AC-40] timeline order is stable and evidence is not collapsed (3.5615ms)
✔ [AC-35] lifecycle DTO recursive guard rejects raw transport and credentials (0.6953ms)
✔ list deterministic booking exposes the official id and public-cancel eligibility (0.632ms)
✔ [AC-31] health flag names match the ten centralized lifecycle flags and do not promote effects (0.3806ms)
✔ [AC-37] due work includes expired claims and excludes unexpired claimed leases (0.5711ms)
✔ [AC-P7] list compact pairing matches the creating Booked class and omits Release rows (1.9858ms)
✔ [AC-P4][AC-P6][AC-P7] detail pairing includes later Priority 5 and is null for historical Priority 5 only (0.9823ms)
✔ [AC-R10] default intakes list is booking-only; kind=release still lists historical Release cases (0.4955ms)
✔ list latest_action uses booking-intake selection so later Priority 5 cannot win (0.6482ms)
✔ [AC-R3] pairing is omitted on a Release-only booking case (0.3014ms)
✔ [AC-R3] capabilities matrix follows spec §7 and hides Confirm Cancellation when commands are off (0.4814ms)
{"level":"info","time":"2026-09-18T22:30:47.491Z","service":"vantage-main-server","env":"development","msg":"granot_lifecycle.queue.publish_skipped","receipt_id":"rece…skip","observation_channel":"granot_webhook"}
✔ [AC-35] publisher is skipped in the test runner and never sends a queue message (6.2638ms)
✔ [AC-02][AC-35] publisher sends exactly { receipt_id } when publishing is enabled (1.1656ms)
✔ [AC-35] publish failure is observed safely and does not throw (3.4414ms)
{"level":"info","time":"2026-09-18T22:30:47.497Z","service":"vantage-main-server","env":"development","msg":"granot_lifecycle.queue.published","receipt_id":"rece…pt-1","observation_channel":"granot_webhook"}
{"level":"error","time":"2026-09-18T22:30:47.499Z","service":"vantage-main-server","env":"development","msg":"granot_lifecycle.queue.publish_failed","error_code":"technical_failure","receipt_id":"rece…iled","observation_channel":"granot_webhook"}
{"level":"error","time":"2026-09-18T22:30:47.500Z","service":"vantage-main-server","env":"development","msg":"granot_lifecycle.queue.publish_failed","observability_level":"error","category":"queue","workflow":"granot_lifecycle_queue","entity_id":"receip...iled"}
✔ [AC-02][AC-35] hashes canonical credential-redacted JSON as lowercase SHA-256 hex (3.7515ms)
✔ [AC-35] reports removed credential-key counts only and never values (0.6702ms)
✔ [AC-35] leaves non-credential keys untouched and starts counts at zero (0.3805ms)
✔ [AC-02] identical redacted payloads produce the same hash and remain distinct receipts later (0.3758ms)
✔ [AC-02] received legacy processing translates to pending defaults only (0.5132ms)
✔ [AC-02] refused legacy processing statuses are not translated (0.3411ms)
✔ [AC-02][AC-35] legacy webhook fill uses 34.1 mapping, legacy_unknown, and count-only redaction (5.521ms)
✔ channel filter excludes browser_extension and granot_http_automation receipts (36.5008ms)
✔ ref_no hits an Observation, a pending receipt fallback, and misses others (1.9399ms)
✔ job_no hits an Observation, a pending receipt fallback, and misses others (1.7689ms)
✔ name hits an Observation, a pending receipt fallback, and misses others (1.3099ms)
✔ phone hits an Observation, a pending receipt fallback, and misses others (1.043ms)
✔ email hits an Observation, a pending receipt fallback, and misses others (1.1123ms)
✔ source_company_id and booking_action ignore pending receipts (2.6339ms)
✔ booking_action booked and release are distinct (1.5699ms)
✔ payload event_type cannot reroute route_event_class (1.2173ms)
✔ lead_created and priority_updated never return a booking action on the DTO (0.9291ms)
✔ Owner list returns unmasked contact and credential-redacted granot_statement (0.8555ms)
✔ pending receipt and empty Observation phone or email fill from the redacted payload (0.7431ms)
✔ cursor page is stable newest-first (2.6386ms)
✔ intake_case_id joins the booking case by Job Number, including lead_created (1.8586ms)
✔ empty find lists newest webhook receipts first (1.1503ms)
✔ opaque cursor encoder matches the case-list keyset shape (0.6364ms)
﹣ [AC-28][AC-32] replica Referral creation is exact, lead-free, atomic, and replay-safe (2.695ms) # Replica-set proof requires TEST_MODE=true before process start.
﹣ [AC-28] already-satisfied Referral evidence resolves without a second Booking (1.0744ms) # Replica-set proof requires TEST_MODE=true before process start.
﹣ [AC-28] existing Referral Booking supports official update and case-only No Action without a Lead (0.8757ms) # Replica-set proof requires TEST_MODE=true before process start.
﹣ [AC-28][AC-32] competing Owners converge and policy drift fails closed (0.9648ms) # Replica-set proof requires TEST_MODE=true before process start.
﹣ [AC-28][AC-32] Referral creation rolls back after every persisted boundary (8.3714ms) # Replica-set proof requires TEST_MODE=true before process start.
✔ [AC-28] Referral Booking exposes the canonical command name (1.6361ms)
✔ [AC-28] Referral Booking rejects non-Owner authority before storage access (1.6903ms)
﹣ [AC-21][AC-25][AC-32] Release No Action resolves only case and Command with exact replay (3.3231ms) # Replica-set proof requires TEST_MODE=true before process start.
﹣ [AC-21][AC-25][AC-32] Release Update Booking fully replaces official fields atomically (0.8605ms) # Replica-set proof requires TEST_MODE=true before process start.
﹣ [AC-21][AC-25][AC-26][AC-32] Confirm Cancellation writes one complete causal chain (0.7382ms) # Replica-set proof requires TEST_MODE=true before process start.
﹣ [AC-26][AC-32] a verified current Cancellation resolves already-satisfied without another effect (0.4501ms) # Replica-set proof requires TEST_MODE=true before process start.
﹣ [AC-25][AC-32] verified Referral Booking cancels without fabricating a Lead mirror (0.4922ms) # Replica-set proof requires TEST_MODE=true before process start.
﹣ Confirm Granot Cancellation succeeds on a Granot official Leadless Booking without a Lead mirror (0.3828ms) # Replica-set proof requires TEST_MODE=true before process start.
﹣ [AC-21] all pairwise Release commands have exactly one case-revision winner (0.4618ms) # Replica-set proof requires TEST_MODE=true before process start.
﹣ [AC-32] Cancellation, update, and No Action roll back after every write boundary (0.6522ms) # Replica-set proof requires TEST_MODE=true before process start.
﹣ [AC-25][AC-32][AC-36] Release races converge, replay dedupes, and resolved rows advance max+1 (2.496ms) # Replica-set proof requires TEST_MODE=true before process start.
﹣ [AC-25][AC-31][AC-32] refresh splits revisions and Decision failure rolls back create and refresh (0.6985ms) # Replica-set proof requires TEST_MODE=true before process start.
﹣ [AC-25][AC-29][AC-40] Booking and Release cases coexist without forbidden side effects (0.7263ms) # Replica-set proof requires TEST_MODE=true before process start.
{"level":"info","time":"2026-09-18T22:30:53.234Z","service":"vantage-main-server","env":"development","msg":"granot_lifecycle.release_case.opened","observability_level":"info","category":"booking","workflow":"granot_release_reconciliation"}
▶ Release Reconciliation classification
  ✔ [AC-25] active deterministic Booking opens Release review even without a Lead (4.6113ms)
  ✔ [AC-26] already officially cancelled Release is already-current and never a case (0.5902ms)
  ✔ [AC-27] missing Booking and exact identity conflicts route to the typed discrepancy seam (0.6625ms)
  ✔ [AC-40] ignores non-Release evidence and never contact-selects a Booking (0.3678ms)
✔ Release Reconciliation classification (8.3618ms)
▶ Release Reconciliation persistence
  ✔ [AC-25] atomically opens and refreshes one Release case with immutable opening Booking revision (17.5178ms)
✔ Release Reconciliation persistence (17.8317ms)
{"level":"info","time":"2026-09-18T22:30:53.242Z","service":"vantage-main-server","env":"development","msg":"granot_lifecycle.release_case.refreshed","observability_level":"info","category":"booking","workflow":"granot_release_reconciliation"}
✔ [AC-35] lifecycle failure logs contain bounded codes and masked identifiers only (8.7698ms)
✔ [AC-30] foundation technical retry uses exact exponential cap and 0-25% jitter (1.8368ms)
✔ [AC-30] foundation pending-match offsets are absolute from captured_at (3.316ms)
✔ [AC-30] foundation still-failed match at or after 24 hours is not scheduled (0.4896ms)
✔ [AC-30] foundation sync poll backoff stays bounded inside five seconds (0.3784ms)
✔ [AC-38] zero, multiple, inactive, and ambiguous runtime matches never pick a row or route (4.102ms)
✔ [AC-38] policy cache cannot serve a precommit snapshot (2.7949ms)
✔ [AC-09] Best Relocation Form same valid states select local; different select long-distance; invalid select none (2.0285ms)
✔ [AC-29] deferred Paid Overflow and Auto authorize no effect; payload type is not classification input (0.9774ms)
✔ [AC-04] ineligible Source Scope fails gates and provides no reassignment output (1.1904ms)
✔ gate evaluator snapshots every layer in stable order and maps deferred vs policy_blocked (2.561ms)
✔ [AC-28] reviewed Referral reconciliation treats absent Lead scope gates as not applicable (2.2217ms)
✔ source-policy suite never imports the Twilio adapter (0.8928ms)
✔ twelve policy × effect outcomes are independent for link, enrich, create, and text (1.0708ms)
✔ a later store edit does not mutate an already-returned SourcePolicySnapshot (0.8843ms)
﹣ [AC-05][AC-07][AC-10][AC-11][AC-32] replica WordPress matched write is one causal transaction (5.1545ms) # Replica-set proof requires TEST_MODE=true before process start.
﹣ [AC-12] replica RingCentral Call qualified contact writes snapshot only (1.1182ms) # Replica-set proof requires TEST_MODE=true before process start.
﹣ [AC-12] replica Granot-created Form contact becomes current and keeps origin (0.4488ms) # Replica-set proof requires TEST_MODE=true before process start.
﹣ [AC-13] replica Agent fills only an empty receiver through one active match (0.5358ms) # Replica-set proof requires TEST_MODE=true before process start.
﹣ [AC-05] replica Bad Form stores Priority only and Duplicate never becomes a target (0.5042ms) # Replica-set proof requires TEST_MODE=true before process start.
﹣ [AC-07][AC-32] replica establish, attach, confirm, and duplicate-key race (0.9383ms) # Replica-set proof requires TEST_MODE=true before process start.
﹣ [AC-32] replica revision race has one winner and rolls back the losing transaction (0.5312ms) # Replica-set proof requires TEST_MODE=true before process start.
﹣ [AC-32] replica equal-time Observation tie-break admits only the greater ObjectId (0.4243ms) # Replica-set proof requires TEST_MODE=true before process start.
✔ [AC-32] command refuses shadow or disabled Lead writes before the executor (6.7757ms)
✔ [AC-32] command refuses a failed gate snapshot before the executor (1.0313ms)
✔ [AC-32] Granot command context requires the processor actor and webhook initiator (1.3634ms)
✔ receiver fill derives catalog name snapshot and set_at off the planner (1.9448ms)
✔ Changed in Granot ignores US country-code phone formatting (1.4307ms)
✔ Changed in Granot ignores email case and name capitalization (0.4829ms)
✔ Changed in Granot ignores Granot first/last split of a name-only form submit (1.7794ms)
✔ Changed in Granot stays true when Granot last name adds another person (0.4808ms)
✔ Changed in Granot stays true for a different person or reach path (0.503ms)
✔ Call Lead synchronize persists Granot Contact Snapshot and leaves live phone unchanged (3.006ms)
✔ [AC-07] trusted Granot Form validator may omit move_size and forces post_to_granot=false (12.9953ms)
✔ [AC-07] trusted Granot Form validator rejects caller override of post_to_granot (1.6263ms)
✔ [AC-07] trusted Granot Call validator allows Job Number without phone and forces post_to_granot=false (1.8429ms)
✔ [AC-07] trusted Granot validators reject public lifecycle metadata keys (1.0608ms)
✔ [AC-03][AC-05][AC-06][AC-29] shared lifecycle vocabulary remains exact (2.0159ms)
✔ Form duplicate classification isolates cutoff cohorts and exact granularities (46.6364ms)
✔ matched modern production duplicate outcome is preserved (4.5967ms)
✔ Call duplicates use earlier non-duplicate anchors in inclusive 90-day exact-granularity window (0.7273ms)
✔ Form Fill is time-unbounded and Source Company scoped after Form classification (0.4035ms)
✔ classification fails closed without exact granularity (0.8388ms)
✔ manifest bytes and hash are stable for identical reviewed inputs (48.1132ms)
✔ manifest identity is deterministic when the caller does not supply one (3.1353ms)
✔ manifest parser rejects modified bytes (5.1951ms)
✔ rehearsal and production target guards fail closed (5.0039ms)
✔ migration context cannot be enabled outside the canonical local adapter (1.0008ms)
✔ exact normalization applies NFKC, whitespace collapse, and case folding (2.0848ms)
✔ agent parsing removes terminal metadata and preserves slash order (2.6176ms)
✔ agent parsing rejects repeated and unrecognized separators (0.9776ms)
✔ customer parsing preserves compound display text as one customer (0.5653ms)
✔ money parser uses cents and rejects blank, negative, and over-precision (0.7656ms)
✔ integer-cent allocations are exact for one, two, and three agents (2.6123ms)
✔ Eastern parser handles DST and the reviewed malformed-year correction (50.3074ms)
✔ Google serial dates are interpreted as Eastern wall-clock values (0.8665ms)
✔ planner produces a schema-valid deterministic manifest for a new source and form lead (150.1155ms)
✔ rollback restores exact values and unsets fields that were originally absent (4.6114ms)
✔ update validation accepts a production nested object path (3.4081ms)
✔ update validation rejects an unknown nested object path (1.0613ms)
✔ recurring source window starts at New York midnight on 2026-04-30 (8.1855ms)
✔ stable managed identity survives row reordering (8.0665ms)
✔ preview never repairs missing managed identities (1.3139ms)
✔ leased identity repair writes empty cells once and verifies read-back (4.5013ms)
✔ copied managed identities block repair instead of falling back to row number (4.5092ms)
✔ malformed managed identities block inspection (0.5794ms)
✔ identity repair never overwrites a value added after inspection (0.6357ms)
✔ identity repair uses atomic empty-cell replacement (0.8772ms)
✔ application plan is immutable and material changes alter its checksum (11.2693ms)
✔ unmatched booking becomes leadless plus one reconciliation conflict (3.7198ms)
✔ LID_BestRelo remains matching evidence and never becomes an action (2.9307ms)
✔ unmatched refund is blocking and cannot guess a cancellation (6.7765ms)
✔ refund matches below the calibrated threshold never cancel (5.1209ms)
✔ review-only refund evidence does not consume a later corroborated match (7.0265ms)
✔ invalid source rows become isolated conflict actions (4.8378ms)
✔ three-way update permits only unchanged canonical source-owned fields (1.6073ms)
✔ persistence schemas enforce receipt uniqueness and required indexes (2.1834ms)
✔ ingestion run graph makes all terminal states immutable (0.4321ms)
✔ heartbeat gates skip before source reads (0.517ms)
✔ apply worker mutates domain state only through canonical commands (32.5245ms)
✔ read paths use readonly Sheets scope and repair has a separate writer (5.2622ms)
✔ worker final and failure transitions remain lease-fenced (2.8785ms)
✔ pre-cutoff observations never enter the application plan (9.4755ms)
✔ refund application window uses Timestamp with exact half-open boundaries (12.5972ms)
✔ one new form lead and one linked refund map to single create actions (6.4307ms)
✔ identical evidence is classified unchanged across replans (6.3555ms)
✔ source evidence reappearance uses the applied baseline, not conflicts (0.4795ms)
✔ missing-source actions preserve canonical refs and never delete (0.5059ms)
✔ bootstrap adoption remaps creates to receipt-only adopt_existing (3.2036ms)
✔ bootstrap adopts nonduplicate calls using DST-aware persisted timestamps (8.4664ms)
✔ apply resumes from checkpoint without replaying successful actions (6.0193ms)
✔ adopt_existing Form Lead supplies the Booking lead_ref without creating a second Lead (4.3193ms)
✔ failed lead dependency blocks dependent booking and continues independently (4.4316ms)
✔ concurrent apply lease acquisition admits only one owner (0.3301ms)
✔ altered plan checksum is rejected before any mutation (4.1417ms)
✔ health signals alert on structural and growth thresholds (2.7123ms)
✔ conflict resolve route delegates booking attach to canonical command (8.1705ms)
✔ ingestion route errors never expose provider or source details (0.8398ms)
✔ WordPress walk-back (35.8778ms)
✔ Lead updated headline omits changed paths (3.0654ms)
✔ Granot-born (2.4448ms)
✔ Latest attempt only (1.7994ms)
✔ Granularity filter (0.7954ms)
✔ No contact match (1.4683ms)
✔ Priority 5 is not Booked (1.2469ms)
✔ Case is not a Booking (1.226ms)
✔ Equivalent Job Number (2.4926ms)
✔ Sheet Sync walk-back (2.5716ms)
✔ Sheet Sync after official Booking (2.33ms)
✔ Unresolved Lead has no source-lead Sheet Sync (0.9983ms)
✔ orphan cancellation without snapshot is not a first-hop survivor (0.6715ms)
✔ Typed search not_found (0.4969ms)
✔ Typed equivalent search (1.3494ms)
✔ blank Job Number is invalid_job_number (0.3427ms)
✔ assemble is a pure function over injected rows (2.6434ms)
✔ text policy skip is not applicable rather than attention (40.5884ms)
✔ open booking intake yields active stage and no official booking (4.0162ms)
✔ resolved finalizing booking case without fact yields attention (2.4967ms)
✔ ordinary booked job has no cancellation attention (3.8872ms)
✔ resolved release case without cancellation yields attention (2.4785ms)
✔ official cancellation determines cancelled outcome (5.5165ms)
✔ contradictory official chronology yields contradictory outcome (2.1365ms)
✔ synced sheet job still reports google destination unverified (1.9879ms)
✔ wordpress-born golden includes wordpress receipt limitation (2.423ms)
✔ later Granot receipt does not clear wordpress receipt limitation (2.2757ms)
✔ ringcentral-born golden bounds confidence with the cursor (2.0496ms)
✔ move completion and multi query appear only as limitations (8.2403ms)
✔ open cancellation intake does not become official cancelled outcome (1.996ms)
✔ unresolved lead without official fact is unknown and lead unresolved (1.0469ms)
✔ snapshot-only cancellation is a found cancelled page (1.1777ms)
✔ orphan cancellation without snapshot yields orphan attention (2.0807ms)
✔ sheet sync pending too long uses the module default threshold (2.4221ms)
✔ terminal sheet failure yields sheet sync terminal failure (1.8581ms)
✔ disagreeing source scopes yield source scope conflict (5.3963ms)
✔ applied decision without entity change yields processing evidence gap (1.8715ms)
✔ applied decision linked by entity change decision id is not a processing evidence gap (1.7341ms)
✔ Masking (35.3335ms)
✔ module WordPress walk-back matches assemble headlines (46.5151ms)
✔ module Granot-born (4.2441ms)
✔ module latest Decision attempt only (1.9896ms)
✔ module intake is not official Booking (1.7009ms)
✔ module equivalent Job Number (2.0034ms)
✔ module Sheet Sync joins by entity ID (1.6403ms)
✔ module redacts contact, SMS body, and raw payloads (2.1014ms)
✔ module typed search not_found (0.6255ms)
✔ module company/granularity mismatch is filtered_out (0.6485ms)
✔ module without now still stamps assembled_at after reads (2.3129ms)
✔ module now sets assembled_at after reads (1.7926ms)
✔ normalizeTypedJobNo trims and uppercases (2.5397ms)
✔ jobsEquivalent treats letter prefix as the same Job Number (0.5412ms)
✔ recent official booking examples stay capped at three and newest book_date first (5.0946ms)
✔ recent official booking examples skip rows without a Job Number and never copy contact (0.8315ms)
✔ schema_version is job_timeline.v2 on ok pages (52.1412ms)
✔ source receipt and lead creation remain separate events (4.0809ms)
✔ wordpress creation reports no invented receipt event (2.4846ms)
✔ timeline emits wordpress source_received only when the receipt exists (4.7464ms)
✔ dual clocks order by occurred time and preserve recorded time (2.6437ms)
✔ related receipt decision change and sheet rows share activity id (3.4654ms)
✔ activity grouping does not remove original evidence events (2.2234ms)
✔ orphan cancellation is not attached without durable job snapshot (2.3925ms)
✔ cancellation snapshot restores exact job correlation (2.0569ms)
✔ event cap returns explicit truncation limitation (32.0349ms)
✔ serialized v2 page contains no forbidden fields or contact (21.3635ms)
✔ golden pages cover origin and official-fact shapes (6.3146ms)
✔ skipped ringcentral ledger row is not a source receipt (1.2045ms)
✔ v1 fields remain populated on enhanced events (1.413ms)
{"level":"info","time":"2026-09-18T22:30:57.516Z","service":"vantage-main-server","env":"development","msg":"lead_messaging.granot_created.already_sent","observationId":"6aadbba1d1a987116c3b26c4"}
✔ Granot SMS gates evaluate every named gate and report the first blocker (2.2599ms)
✔ link_only never texts even when every other gate passes (0.3712ms)
✔ not_attested blocks even when outbound_sms.enabled is somehow true (0.2947ms)
✔ renderer substitutes allowlisted placeholders and always appends one opt-out (1.9873ms)
✔ sendGranotCreatedLeadConfirmation never throws and reports already_sent on duplicate key (5.0905ms)
✔ create_if_missing texting uses the resolved Lead Source ID and never looks up by label (1.0042ms)
✔ Twilio adapter stays un-called on gate decisions and persist/dispatch stubs (1.3182ms)
✔ link_only enrich path sends nothing even when persist/dispatch are provided (0.9828ms)
✔ replaying one observation twice yields at most one persist, bounded by identity (0.9642ms)
{"level":"info","time":"2026-09-18T22:30:57.519Z","service":"vantage-main-server","env":"development","msg":"lead_messaging.granot_created.blocked","observationId":"6aadbba1d1a987116c3b26cd","blockedReason":"source_policy_create_if_missing","leadModel":"FormLead"}
{"level":"info","time":"2026-09-18T22:30:57.520Z","service":"vantage-main-server","env":"development","msg":"lead_messaging.granot_created.blocked","observationId":"6aadbba1d1a987116c3b26d1","blockedReason":"source_policy_create_if_missing","leadModel":"FormLead"}
{"level":"info","time":"2026-09-18T22:30:57.522Z","service":"vantage-main-server","env":"development","msg":"lead_messaging.granot_created.already_sent","observationId":"6aadbba1d1a987116c3b26d5"}
{"level":"error","time":"2026-09-18T22:30:57.595Z","service":"vantage-main-server","env":"development","err":{"type":"Error","message":"quiet-hours scheduling failed","stack":"Error: quiet-hours scheduling failed\n    at dispatch (C:\\Users\\Pinda\\Proyectos\\vantage\\vantage-main-server\\src\\services\\leadMessaging\\leadMessaging.service.test.ts:404:15)\n    at dispatchOrQueuePersistedLeadMessage (C:\\Users\\Pinda\\Proyectos\\vantage\\vantage-main-server\\src\\services\\leadMessaging\\leadMessaging.service.ts:274:44)\n    at TestContext.<anonymous> (C:\\Users\\Pinda\\Proyectos\\vantage\\vantage-main-server\\src\\services\\leadMessaging\\leadMessaging.service.test.ts:395:27)\n    at async Test.run (node:internal/test_runner/test:1332:7)\n    at async Test.processPendingSubtests (node:internal/test_runner/test:911:7)"},"msg":"lead_messaging.post_persist_dispatch_failed","leadMessageId":"6aadbba13d60ca70bc0d71a1","leadId":"6aadbba13d60ca70bc0d71a3"}
✔ confirmation builder retains the approved server-side copy (2.4793ms)
✔ confirmation builder derives the first name from a combined name (0.4962ms)
✔ overnight deferral stays off until quiet hours are explicitly enabled (0.6115ms)
✔ form-lead SMS send input defers overnight Eastern traffic to 8:00 AM via Twilio (1.0603ms)
✔ Twilio schedule window rejects sendAt values Twilio would 400 (1.1654ms)
✔ overnight deferral fails closed when the Messaging Service SID is missing (0.6215ms)
✔ SMS destinations are normalized to E.164 when safely possible (0.4527ms)
✔ disabled mode is a dispatch-time kill switch (3.6505ms)
✔ test mode is also enforced at dispatch time (0.9125ms)
✔ intent persistence gates strictly on parsed true consent (1.3206ms)
✔ duplicate, disabled, and test modes cannot send (0.9189ms)
✔ Granot persist shape shares one capacity reservation and does not require form consent (0.8397ms)
✔ destination policy decisions persist as non-retryable skips (0.6672ms)
✔ 429 and definite connection failures are retryable (0.6343ms)
✔ ambiguous timeouts are never automatically retried (0.4668ms)
✔ retry budget stops automatic retries (0.2713ms)
✔ status callbacks do not regress or replace terminal outcomes (0.2377ms)
✔ scheduled provider status can advance to queued, sent, or failed (0.2005ms)
✔ post-persist dispatch never rejects the form-lead create path (10.474ms)
{"level":"error","time":"2026-09-18T22:30:57.602Z","service":"vantage-main-server","env":"development","err":{"type":"Error","message":"event write failed after Twilio accepted","stack":"Error: event write failed after Twilio accepted\n    at dispatch (C:\\Users\\Pinda\\Proyectos\\vantage\\vantage-main-server\\src\\services\\leadMessaging\\leadMessaging.service.test.ts:423:15)\n    at dispatchOrQueuePersistedLeadMessage (C:\\Users\\Pinda\\Proyectos\\vantage\\vantage-main-server\\src\\services\\leadMessaging\\leadMessaging.service.ts:274:44)\n    at TestContext.<anonymous> (C:\\Users\\Pinda\\Proyectos\\vantage\\vantage-main-server\\src\\services\\leadMessaging\\leadMessaging.service.test.ts:414:33)\n    at async Test.run (node:internal/test_runner/test:1332:7)\n    at async Test.processPendingSubtests (node:internal/test_runner/test:911:7)"},"msg":"lead_messaging.post_persist_dispatch_failed","leadMessageId":"6aadbba13d60ca70bc0d71a1","leadId":"6aadbba13d60ca70bc0d71a4"}
✔ midnight through 6:59 AM Eastern defers to 8:00 AM the same Eastern day (3.3363ms)
✔ 7:00 AM Eastern and later send immediately (1.1686ms)
✔ immediate Twilio payloads keep the existing from-number send shape (3.8493ms)
✔ scheduled Twilio payloads require a Messaging Service and use fixed sendAt (1.3506ms)
✔ status callback validation uses the exact configured URL and primary token (2.5744ms)
✔ builds signed-callback-compatible TwiML that forwards to RingCentral (10.3528ms)
✔ defaults forwarding to the Vantage RingCentral number (0.7222ms)
✔ rejects a forwarding loop (1.3538ms)
✔ completed callback hangs up the parent call (1.4278ms)
✔ lead source catalog seeds legacy companies and resolves granularities (10.9844ms)
✔ all legacy source labels resolve through the lead source catalog (7.5938ms)
✔ lead source catalog seeds production and test databases independently (4.0597ms)
{"level":"info","time":"2026-09-18T22:30:59.423Z","service":"vantage-main-server","env":"development","msg":"call_lead.create.sheet_sync.disabled","resource":"source_lead","leadModel":"CallLead","leadId":"507f1f77bcf86cd799439011"}
✔ rememberBothCallSheetTabsForTombstone includes Calls and Duplicate Calls fallbacks (4.9996ms)
✔ rememberBothCallSheetTabsForTombstone preserves known rows from sheet_sync (1.1991ms)
✔ completeCallLeadIngestion records lead.call.created after commit and skips form-fill when false (6.7425ms)
✔ completeCallLeadIngestion records form-fill only when Form Fill is true (1.7476ms)
✔ completeCallLeadIngestion reports missing CPL after the write, not as a CRM post (1.9504ms)
✔ Admin and Best Relocation origins never set Duplicate Lead; public ingest is vantage_admin (1.2896ms)
✔ [AC-12] RingCentral Call provenance is ringcentral, quoted false, transport stays nested (0.8224ms)
✔ correctCallLead refuses Duplicate Lead on a Booked Call Lead (2.3121ms)
{"level":"info","time":"2026-09-18T22:30:59.425Z","service":"vantage-main-server","env":"development","msg":"lead.call.created","observability_level":"info","category":"lead","workflow":"call_lead_create","source_company":"tbm_leads","entity_id":"507f1f77bcf86cd799439011"}
{"level":"info","time":"2026-09-18T22:30:59.429Z","service":"vantage-main-server","env":"development","msg":"call_lead.create.sheet_sync.disabled","resource":"source_lead","leadModel":"CallLead","leadId":"507f1f77bcf86cd799439011"}
{"level":"info","time":"2026-09-18T22:30:59.429Z","service":"vantage-main-server","env":"development","msg":"lead.call.created","observability_level":"info","category":"lead","workflow":"call_lead_create","source_company":"tbm_leads","entity_id":"507f1f77bcf86cd799439011"}
{"level":"info","time":"2026-09-18T22:30:59.430Z","service":"vantage-main-server","env":"development","msg":"lead.call.form_fill_detected","observability_level":"info","category":"lead","workflow":"call_lead_create","source_company":"tbm_leads","entity_id":"507f1f77bcf86cd799439011"}
{"level":"info","time":"2026-09-18T22:30:59.431Z","service":"vantage-main-server","env":"development","msg":"call_lead.create.sheet_sync.disabled","resource":"source_lead","leadModel":"CallLead","leadId":"507f1f77bcf86cd799439011"}
{"level":"error","time":"2026-09-18T22:30:59.431Z","service":"vantage-main-server","env":"development","msg":"lead.cpl.missing_rate","observability_level":"error","category":"lead","workflow":"lead_cpl_resolution","source_company":"tbm_leads","entity_id":"507f1f77bcf86cd799439011"}
{"level":"info","time":"2026-09-18T22:30:59.432Z","service":"vantage-main-server","env":"development","msg":"lead.call.created","observability_level":"info","category":"lead","workflow":"call_lead_create","source_company":"tbm_leads","entity_id":"507f1f77bcf86cd799439011"}
✔ correctCallLead maps a missing receiver agent to 404 (19.8397ms)
✔ correctCallLead skips Sheet Sync when nothing material changed (2.3166ms)
✔ listRecentCallLeads keeps a Duplicate Lead in the last 200 (0.7931ms)
✔ removeCallLead refuses a Booked Call Lead without cascade (0.8489ms)
✔ refuseToMarkABookedCallAsDuplicate does not mention no_sync (3.3711ms)
✔ correctCallLead does not throw ConflictError when marking no_sync on booked or duplicate (1.5549ms)
✔ Admin Call create stamps no_sync from origin and skips call_lead.create outbox when true (3.1175ms)
✔ Admin Call omit stamps no_sync true; RingCentral client true stamps false (12.9216ms)
✔ CallLead schema defaults no_sync to false so missing-field documents stay syncable (0.3873ms)
✔ begin remembers Sheet Sync before commit; complete dispatches and records owner events (3.4883ms)
✔ form duplicate check matches an earlier lead by email within exact granularity (6.5301ms)
✔ form duplicate check matches existing lead by phone within exact granularity (0.9218ms)
✔ form duplicate check does not fall back from exact granularity to company (2.3575ms)
✔ form duplicate check allows single identifier duplicate matches (0.6266ms)
✔ form duplicate check ignores regex candidates that fail exact phone verification (0.9231ms)
✔ form duplicate check skips lookup when no usable identifier exists (0.5577ms)
✔ findFormLeadForEnrichment does not return a Duplicate Lead (4.3133ms)
✔ findFormLeadForEnrichment is not found when the Form Lead is missing (1.0163ms)
✔ correctFormLead refuses quoted and cubic feet on a Duplicate Lead (1.9973ms)
✔ refuseIllegalCorrections does not mention no_sync (20.5691ms)
✔ correctFormLead does not throw ConflictError when marking no_sync on booked, duplicate, or bad (1.661ms)
✔ correctFormLead refuses Bad Lead on duplicate, Booked, or Cancelled (1.1081ms)
✔ removeFormLead refuses a Booked Form Lead without cascade (0.7189ms)
✔ [AC-10] WordPress and Admin Form create paths derive exact origins (0.4181ms)
✔ Admin Form create omit stores no_sync true and skips form_lead.create outbox (3.6252ms)
✔ Admin Form omit stamps no_sync true; opt-in false and WordPress client true stamp correctly (16.7748ms)
✔ FormLead schema defaults no_sync to false so missing-field documents stay syncable (0.3369ms)
✔ [AC-10] Form updates cannot carry internal snapshot or origin fields (0.4318ms)
✔ lead CPL resolution uses the stored Eastern business calendar day (3.1126ms)
✔ duplicate Call Lead snapshots retain base-period evidence at zero (0.9039ms)
✔ missing rates remain compatibility zero with a cleared period reference (0.6009ms)
✔ [AC-10] Form origin derivation uses trusted entry points and fails closed (3.012ms)
✔ [AC-12] Call origin derivation uses trusted entry points and fails closed (0.9248ms)
✔ [AC-10] [AC-11] creation provenance captures ingested snapshots with trusted now (2.4106ms)
✔ [AC-12] Call creation provenance forces quoted false and captured_at_ingestion (0.5198ms)
✔ noSyncOnCreate defaults true for vantage_admin and ignores other-origin client true (0.3226ms)
✔ [AC-07] omitForbiddenLeadLifecycleFields strips internal metadata from updates (0.3971ms)
✔ deriveLocal is local only when both states match (1.7087ms)
✔ deriveFormLeadLocal treats not_found on either side as a Local Move (0.4431ms)
✔ deriveFormLeadLocal still classifies two known states (0.2638ms)
✔ normalizeState keeps the not_found sentinel and uppercases codes (0.3449ms)
﹣ [AC-10] [AC-11] replica WordPress Form create captures origin and snapshots atomically (3.1784ms) # Replica-set proof requires TEST_MODE=true before process start.
﹣ [AC-10] replica Form origin/snapshot insert rolls back with the Lead (0.7955ms) # Replica-set proof requires TEST_MODE=true before process start.
﹣ [AC-12] replica RingCentral Call create captures origin, quoted false, and rolls back atomically (0.6214ms) # Replica-set proof requires TEST_MODE=true before process start.
✔ lead source assignment persists owner-created registry sources (3.0502ms)
✔ lead source assignment retries a valid fallback alias after exact lookup misses (0.735ms)
✔ classifies a different legacy source company as conflict (1.8253ms)
✔ classifies a genuinely unassigned Lead as unassigned (0.4671ms)
✔ receipt exists before Lead create on the authorized path (3.9901ms)
✔ duplicates collapse on the idempotency key (3.1109ms)
✔ unauthorized or keyless WordPress create does not write a receipt (0.9118ms)
✔ unattached receipt refuses a second Lead create (1.9104ms)
✔ attach failure does not leave a creatable second Lead (1.2668ms)
✔ capture failure aborts Lead create (0.7198ms)
✔ seed catalog has unique Granot Carrier Codes and DOTs (2.6432ms)
✔ seed plan sets missing codes and leaves matching codes alone (1.0242ms)
✔ carrier normalization collapses whitespace and lowercases names (8.6513ms)
✔ carrier CSV parser normalizes headers and rejects duplicate compound identities (1.6981ms)
✔ carrier CSV parser rejects duplicate Granot Carrier Codes (0.6231ms)
✔ carrier list defaults to active rows and applies q across searchable fields (2.8741ms)
✔ patch import creates missing carriers and reactivates changed existing carriers (1.7969ms)
✔ replace import deactivates active carriers missing from the uploaded CSV (1.0686ms)
✔ phone classification: external, company DID, extension, withheld, service code, malformed (3.4205ms)
✔ provider account resolution never fabricates or silently picks between accounts (2.0525ms)
✔ window start honors the twelve-hour floor and the cursor overlap (0.6428ms)
✔ coverage: complete rolling window advances cursor and watermark, closes covered gaps (1.1906ms)
✔ coverage: partial page failure never advances complete-through and records the missing range (4.3292ms)
✔ coverage: gap repair removes a repaired gap, narrows a partially repaired one, and never drops gaps past the bound (2.2275ms)
✔ import boundary: numberActivity never imports qualification, ingest, convergence or Lead write services (9.4065ms)
✔ normalizeDirectory reduces provider records to the snapshot shape deterministically; digest is order-independent (9.0703ms)
✔ fetcher issues the documented account, extension, phone-number and call-queue reads over the shared client (0.6958ms)
✔ capture-projection dedupe key is the provider uuid, falling back to the receipt id only when the uuid is absent (4.0041ms)
✔ queue topic is env-scoped and never published from a test runner (3.028ms)
✔ fan-out: flag off means no job and no publish; a non-durable receipt is skipped honestly (1.97ms)
{"level":"warn","time":"2026-09-18T22:31:05.115Z","service":"vantage-main-server","env":"development","msg":"sales_intelligence.capture.fanout.enqueue_timeout","receiptId":"6aadbba97a612b495b34470f","timeoutMs":20}
✔ fan-out: the acknowledgement waits a bounded time for the job transaction; a slow transaction is reported, not awaited forever (33.5708ms)
✔ fan-out: job is durable before publish; publish failure keeps the enqueued job; enqueue failure is bounded (1.8931ms)
✔ publish wake-up: gated, best-effort, never throws (8.1111ms)
✔ wake-up payload is exactly { job_id } with a 24-hex id (4.351ms)
✔ worker: unclaimable job (completed, leased elsewhere, foreign stage) does nothing (1.3699ms)
✔ worker: loads the stored receipt, passes the job id as request_id, completes with a bounded per-session result (3.6254ms)
✔ worker: deterministic per-session failures (account_unresolved) complete the job with the error visible; retryable ones retry with partial result (9.9572ms)
✔ worker: missing receipt is schema_invalid (bounded retries), lease loss during completion is reported not retried (1.3909ms)
{"level":"error","time":"2026-09-18T22:31:05.118Z","service":"vantage-main-server","env":"development","msg":"sales_intelligence.capture.fanout.enqueue_failed","receiptId":"6aadbba97a612b495b344714","errorName":"Error","errorCode":null}
{"level":"error","time":"2026-09-18T22:31:05.126Z","service":"vantage-main-server","env":"development","msg":"sales_intelligence.queue.publish_failed","jobId":"6aadbba97a612b495b344716","errorName":"Error"}
{"level":"warn","time":"2026-09-18T22:31:05.148Z","service":"vantage-main-server","env":"development","msg":"sales_intelligence.capture.projection.lease_lost","jobId":"6aadbba97a612b495b344722"}
✔ terminal party statuses stay in parity with the qualification evaluator (2.2976ms)
✔ inbound queue call projects all directions of evidence: parties, connection, terminal, external number (13.5725ms)
✔ duplicate webhook delivery is a semantic no-op: no revision, fenced per party (4.3399ms)
✔ one party's sequence never suppresses another party in the same delivery (2.1189ms)
✔ out-of-order and late events never regress terminal or connected facts (3.2364ms)
✔ Call Log is authoritative: result/duration survive a late webhook terminal event (10.3861ms)
✔ identical Call Log replay and older lastModifiedTime never create a new revision or regress facts (3.133ms)
✔ transfer with multiple recordings keeps every leg and recording, counted once as one interaction (1.5986ms)
✔ delayed recording evidence after terminal is surfaced as new recording ids (1.7833ms)
✔ voicemail is provider evidence; connected is not human; outbound unanswered stays unknown (2.5095ms)
✔ internal, withheld and malformed observations keep provider evidence without a customer identity (2.1851ms)
✔ review fix: an unknown short caller id is malformed, never a fabricated extension that makes a customer call Internal (1.2721ms)
✔ review fix: a party event missing `direction` does not turn an outbound customer call into a sticky Internal (2.032ms)
✔ review fix: a stale Call Log record never regresses leg-level result or duration (1.7539ms)
✔ review fix: legs_overflow_count is monotone across records and not double counted on merge (4.6717ms)
✔ session-id only Call Log record resolves to fallback identity and gains the strongest basis when bridged (1.3899ms)
✔ Call Log first, webhook later: the extension party is adopted, not duplicated (1.1846ms)
✔ mergeProjections requires same account and folds evidence without dropping recordings (1.3873ms)
✔ no directory snapshot keeps roles unknown instead of guessing (0.8778ms)
✔ parseSearchTerm: e164, suffix, term and formatting (5.7661ms)
✔ term regex characters are escaped and anchored as a prefix (4.5756ms)
✔ number cursor round trip; garbage is INVALID_INPUT (5.3845ms)
✔ buildNumberSearchFilter: hygiene, attachment, range, term and keyset cursor (7.473ms)
✔ timeline total order: happened_at desc, kind asc, id desc; isAfterCursor is strict (2.1669ms)
✔ keysetAfterCursor mirrors isAfterCursor for a fixed kind (0.5661ms)
✔ mergeTimeline: k-way merge, dedupe on (kind,id), cursor only when more remain (1.3721ms)
✔ NUMBER_DTO_FIXTURES parse against their schemas; CSI-01 detail data is a subset of the CSI-04 detail data (17.0132ms)
✔ recount replays stored canonical interactions through the CSI-02 counting rules and derives search terms from evidence only (17.6277ms)
✔ recount is idempotent: recounting the rebuilt fields yields the same fields; a fresh recount equals incremental rollups (2.9032ms)
✔ incident severity comparison ranks critical above error and warn (1.9807ms)
✔ event filter keeps exact-match fields exact (20.6962ms)
✔ event filter matches lead name partially and case-insensitively (1.7803ms)
✔ event filter escapes regex metacharacters in lead inputs (1.1071ms)
✔ event filter matches phone digits across formatting (1.6308ms)
✔ event filter supports partial phone digit search (3.0499ms)
✔ event filter builds date window and text search (2.4481ms)
✔ facets query schema coerces dates and strips unknown params (1.1032ms)
✔ incident filter applies partial lead matching and q regex OR (2.859ms)
✔ fingerprint is deterministic for the same inputs (2.1789ms)
✔ fingerprint differs by event key and environment (0.5226ms)
✔ explicit dedupeKey takes precedence over composed fields (0.3348ms)
✔ normalized error messages group transient differences (0.6006ms)
✔ dedupe key is human-readable and stable (0.3745ms)
✔ returns all-null for missing identity (4.8227ms)
✔ trims name/phone and lowercases email (2.5053ms)
✔ empty strings become null (0.3291ms)
✔ returns empty object for nullish or non-object details (3.3054ms)
✔ truncates long strings to 500 characters with ellipsis (1.0369ms)
✔ collapses oversized arrays and deep objects (0.5816ms)
✔ normalizes dates and drops unsupported values (3.2953ms)
✔ replaces details exceeding byte budget with a truncation marker (0.8958ms)
✔ canonicalize sorts object keys and serializes dates deterministically (1.9638ms)
✔ result hash is stable for identical inputs regardless of key order (0.8294ms)
✔ result hash changes when result data changes (0.5111ms)
✔ isOperationalReportKey validates known keys (0.2595ms)
✔ registry denies exact IDs and normalized Google spreadsheet URLs (4.1124ms)
✔ production registry fails closed when required registration is absent (1.1555ms)
✔ spreadsheet normalization is strict and masking does not expose IDs (0.6437ms)
✔ registration groups compose without mutable global state (0.4613ms)
✔ Stage 2 registers both ingestion sources as production-required (0.5355ms)
✔ registry agent list excludes inactive rows by default (6.1454ms)
✔ registry merchant list supports include_inactive (0.5589ms)
{"level":"info","time":"2026-09-18T22:31:06.186Z","service":"vantage-main-server","env":"development","msg":"cpl_correction.completed","observability_level":"info","category":"admin","workflow":"cpl_correction","entity_id":"6aadbbaa6aeac3cc8df258fc"}
✔ computeCplCorrectionPreviewHash is stable for normalized selection and impact (7.4022ms)
✔ previewCplCorrection returns deterministic hash and bounded sample (4.5415ms)
✔ preview hashes full Lead state and reports full counts beyond its sample (1.9392ms)
✔ Form duplicate flags do not invoke Call duplicate-zero CPL semantics (1.2019ms)
✔ createCplCorrection rejects stale preview hash (3.6482ms)
✔ createCplCorrection rejects changed schedule revision (1.0679ms)
✔ createCplCorrection commits audit metadata without lead payloads (4.8964ms)
✔ correction jobs exclude Leads inserted after the reviewed preview (6.7733ms)
✔ correction jobs fail visibly when reviewed Lead state changes (3.7688ms)
✔ correction jobs fail when a reviewed Lead disappears (2.5251ms)
✔ processCplCorrectionBatch resumes after expired lease (2.5757ms)
✔ overlapping workers do not double-correct the same lead (2.2204ms)
✔ re-entering a completed batch is a no-op (1.8983ms)
✔ cancellation stops future batches without corrupting completed work (2.7654ms)
✔ partial failure records failed count and resumes remaining leads (3.2987ms)
✔ analytics invalidation seam fires once after successful completion with changes (1.7585ms)
✔ analytics handoff failure does not downgrade completed corrections (2.1438ms)
✔ normalizeCplCorrectionSelection converts inclusive business dates (1.387ms)
✔ correction windows query pseudo-UTC Lead timestamps across DST (2.2562ms)
{"level":"warn","time":"2026-09-18T22:31:06.192Z","service":"vantage-main-server","env":"development","msg":"cpl_correction.lead_failed","observability_level":"warn","category":"admin","workflow":"cpl_correction","entity_id":"6aadbbaa6aeac3cc8df258fd"}
{"level":"error","time":"2026-09-18T22:31:06.194Z","service":"vantage-main-server","env":"development","msg":"cpl_correction.reviewed_target_missing","observability_level":"error","category":"admin","workflow":"cpl_correction","entity_id":"6aadbbaa6aeac3cc8df258fe"}
{"level":"info","time":"2026-09-18T22:31:06.196Z","service":"vantage-main-server","env":"development","msg":"cpl_correction.progress","observability_level":"info","category":"admin","workflow":"cpl_correction","entity_id":"6aadbbaa6aeac3cc8df258ff"}
{"level":"info","time":"2026-09-18T22:31:06.197Z","service":"vantage-main-server","env":"development","msg":"cpl_correction.completed","observability_level":"info","category":"admin","workflow":"cpl_correction","entity_id":"6aadbbaa6aeac3cc8df258ff"}
{"level":"info","time":"2026-09-18T22:31:06.199Z","service":"vantage-main-server","env":"development","msg":"cpl_correction.completed","observability_level":"info","category":"admin","workflow":"cpl_correction","entity_id":"6aadbbaa6aeac3cc8df25900"}
{"level":"info","time":"2026-09-18T22:31:06.201Z","service":"vantage-main-server","env":"development","msg":"cpl_correction.completed","observability_level":"info","category":"admin","workflow":"cpl_correction","entity_id":"6aadbbaa6aeac3cc8df25901"}
{"level":"info","time":"2026-09-18T22:31:06.203Z","service":"vantage-main-server","env":"development","msg":"cpl_correction.progress","observability_level":"info","category":"admin","workflow":"cpl_correction","entity_id":"6aadbbaa6aeac3cc8df25902"}
{"level":"info","time":"2026-09-18T22:31:06.204Z","service":"vantage-main-server","env":"development","msg":"cpl_correction.cancelled","observability_level":"info","category":"admin","workflow":"cpl_correction","entity_id":"6aadbbaa6aeac3cc8df25902"}
{"level":"warn","time":"2026-09-18T22:31:06.207Z","service":"vantage-main-server","env":"development","msg":"cpl_correction.lead_failed","observability_level":"warn","category":"admin","workflow":"cpl_correction","entity_id":"6aadbbaa6aeac3cc8df25903"}
{"level":"info","time":"2026-09-18T22:31:06.207Z","service":"vantage-main-server","env":"development","msg":"cpl_correction.progress","observability_level":"info","category":"admin","workflow":"cpl_correction","entity_id":"6aadbbaa6aeac3cc8df25903"}
{"level":"info","time":"2026-09-18T22:31:06.208Z","service":"vantage-main-server","env":"development","msg":"cpl_correction.completed","observability_level":"info","category":"admin","workflow":"cpl_correction","entity_id":"6aadbbaa6aeac3cc8df25903"}
{"level":"info","time":"2026-09-18T22:31:06.210Z","service":"vantage-main-server","env":"development","msg":"cpl_correction.completed","observability_level":"info","category":"admin","workflow":"cpl_correction","entity_id":"6aadbbaa6aeac3cc8df25904"}
{"level":"info","time":"2026-09-18T22:31:06.211Z","service":"vantage-main-server","env":"development","msg":"cpl_correction.completed","observability_level":"info","category":"admin","workflow":"cpl_correction","entity_id":"6aadbbaa6aeac3cc8df25905"}
{"level":"error","time":"2026-09-18T22:31:06.212Z","service":"vantage-main-server","env":"development","msg":"cpl_correction.analytics_handoff_failed","observability_level":"error","category":"admin","workflow":"cpl_correction","entity_id":"6aadbbaa6aeac3cc8df25905"}
✔ dollarsToCents accepts canonical non-negative precision (2.7591ms)
✔ dollarsToCents rejects negatives, unsafe values, and more than two decimals (1.6853ms)
✔ business dates convert New York local midnight across spring DST (1.4446ms)
✔ business dates convert New York local midnight across fall DST (0.8709ms)
✔ owner inclusive end converts to next local midnight exclusive (0.7304ms)
✔ business date conversion rejects malformed and impossible dates (0.495ms)
✔ active schedule validation accepts contiguous periods and explicit zero (1.5755ms)
✔ active schedule validation rejects gaps, overlaps, and missing open end (5.8641ms)
✔ inactive schedules may be incomplete but remain ordered and non-overlapping (1.832ms)
✔ simple construction ignores unchanged rates and preserves future periods (3.965ms)
✔ simple construction splits history and replaces future coverage (1.3038ms)
✔ advanced operations add, split, correct, and replace schedules (3.3296ms)
✔ resolver uses inclusive start and exclusive end business timestamp (1.1063ms)
✔ resolver distinguishes missing, duplicate zero, and not applicable (1.8356ms)
✔ advanced command returns safe stale revision state without writes (5.5541ms)
✔ simple command validates every changed granularity before writing atomically (3.0755ms)
✔ simple command ignores unchanged rows and increments changed rows once (2.057ms)
✔ simple command ignores an unchanged row without revision comparison (0.7061ms)
✔ CplRatePeriod model declares the three schedule lookup indexes (1.0076ms)
✔ toSmsView defaults a missing policy to off and not attested (2.6022ms)
✔ setGranotCrmSourceOutboundSms rejects non-owners and not_attested enable (5.7803ms)
✔ listRecentGranotCrmSourceSms never returns a message body (0.9137ms)
✔ enabling SMS is rejected unless lead_created_policy is create_if_missing (1.629ms)
✔ editing a template increments template_version and leaves enabled false (2.4776ms)
✔ RegistryError exposes stable registry_code and remediation in HTTP body (4.0454ms)
✔ RegistryError maps registry codes to app log codes without changing legacy error field (0.6189ms)
✔ [AC-38] automation reference write is audited and invalidates caches only after commit (5.1707ms)
✔ [AC-38] replay of the same automation reference is a no-op write (1.0305ms)
✔ [AC-38] audit failure leaves the automation reference unapplied (2.1785ms)
✔ Admin actors cannot write automation references (1.3289ms)
✔ Admin and missing-reason actors cannot mutate Granot CRM source policy (4.7945ms)
✔ [AC-38] Owner create validates inside the transaction and pairs one sanitized granot_crm_source audit (7.3321ms)
✔ [AC-38] audit failure rolls back mutation and does not invalidate caches (2.8587ms)
✔ duplicate request IDs remain a stable replay conflict (7.5695ms)
✔ inactive or mismatched references fail closed and do not write (1.4631ms)
✔ setGranotCrmSourceLifecycleEnabled reuses the audited Owner command (2.5294ms)
✔ read-after-write does not return a cached precommit policy projection (25.6984ms)
﹣ [AC-38] replica-set create commits mutation and audit together then invalidates caches (1.011ms) # Replica-set proof requires TEST_MODE=true before process start.
✔ changing lead_created_policy away from create_if_missing turns SMS off on the stored document (2.1299ms)
✔ normalizeSourceLabel applies NFKC (3.0925ms)
✔ normalizeSourceLabel collapses internal whitespace (0.574ms)
✔ normalizeSourceLabel trims (0.5231ms)
✔ normalizeSourceLabel lowercases (0.4582ms)
✔ normalizeSourceLabel folds full-width characters (0.5572ms)
✔ normalizeSourceLabel collapses a non-breaking space (0.5076ms)
✔ create rejects a client-supplied normalized_label (2.25ms)
✔ create rejects a change_reason shorter than 10 or longer than 1000 (0.9489ms)
✔ create validation order: Feed exists, belongs to Lead Source, is active, then collision (5.8511ms)
✔ unique index is defined separately from the service collision check (1.7063ms)
✔ create writes through the registry audit trail (2.0463ms)
✔ there is no in-place destination edit; correction is deactivate then create (2.4123ms)
✔ schema validation rejects a mismatched normalized_label (32.7871ms)
✔ schema validation rejects post-create changes to destination fields (4.4345ms)
✔ resolveLabelToFeed returns not_found without throwing (2.156ms)
✔ resolveLabelToFeed returns ambiguous when two active mappings collide (0.9024ms)
✔ listLabelMappings filters by Feed, Lead Source, and namespace (0.7902ms)
✔ consultStaticSourceLabelMap increments the instrumented counter (0.4859ms)
✔ derives company_slug and granularity_key like paid_overflow (4.5291ms)
✔ creates one inactive lead source and feed and returns the readiness plan (11.7911ms)
✔ skippable Granot still creates a valid inactive lead source and feed (1.6666ms)
✔ collision on company_slug writes nothing (2.5777ms)
✔ crm_label collision against an active same-channel feed writes nothing (2.2598ms)
✔ alias collision names both sides and writes nothing (2.3625ms)
✔ granot label collision writes nothing (1.6036ms)
✔ mid-transaction feed failure leaves none of the three (1.6057ms)
✔ Paid Overflow-shaped setup creates a new first-class feed and leaves paid_overflow alone (1.5381ms)
✔ preview runs the same validation and writes nothing (1.1338ms)
✔ preview reports every collision type without writing (1.5875ms)
✔ translation table maps handling and arrival policy exactly (3.3199ms)
✔ one_feed create is inactive, SMS-off, one any route, lead_model derived from the Feed (8.0351ms)
✔ one_feed Call Feed derives CallLead (1.9864ms)
✔ Owner create accepts an inactive Feed on an inactive Lead Source as a draft (1.7296ms)
✔ submitted lead_source_id that disagrees with the Feed is rejected naming both sides (2.0746ms)
✔ watch_only with a non-null destination is rejected (0.8791ms)
✔ duplicate normalized name is rejected before write (0.8543ms)
✔ short reason is rejected after the name check (0.5851ms)
✔ form_by_move_type with two Call Feeds is rejected (0.989ms)
✔ form_by_move_type with two local Feeds is rejected (1.0896ms)
✔ form_by_move_type with the same Feed twice is rejected (0.6659ms)
✔ form_by_move_type with Feeds from different Lead Sources is rejected (0.9747ms)
✔ form_by_move_type writes two FormLead routes keyed by move type (2.4927ms)
✔ referral_booking translates to referral disposition and observation_only (1.7384ms)
✔ watch_only translates to deferred and observation_only (0.958ms)
✔ non-Owner actors cannot create a Granot name (0.7243ms)
✔ banned-term constant is the shared six-term list (3.8576ms)
✔ ORS-3 detail projection Owner strings stay inside the language deck (15.1344ms)
✔ translation table covers every code health.ts can emit (4.0416ms)
✔ every translation has a non-empty owner action and deep link (1.6388ms)
✔ unknown codes surface as themselves and are never dropped (0.659ms)
✔ active RingCentral validation failure uses the stopped-filing sentence (0.2824ms)
✔ assignment inconsistency states the operational cost with the number (0.2988ms)
✔ source registry health reports invalid defaults and deterministic conflicts (5.3897ms)
✔ source registry health reports active granularity under inactive company (0.6699ms)
✔ CPL health discloses invalid active schedules and unresolved production Leads (1.4214ms)
✔ runtime health discloses stale cache service and remaining compatibility reads (1.0284ms)
✔ label mapping health reports an invalid destination and a collision (0.9146ms)
✔ Registry Health renders with an empty mappings collection (0.2765ms)
✔ Granot health findings raise on one fixture each and stay quiet on a healthy source (3.1011ms)
✔ detail returns every connection in one request for §7.2 (18.141ms)
✔ two move-type feeds keep separate label sets (4.7317ms)
✔ empty states are present sections, never absent (5.2041ms)
✔ list and detail stay under the round-trip bound and write nothing (3.4613ms)
✔ Owner-facing finding strings keep implementation words out of copy (22.0405ms)
✔ withRegistryMutation rolls back when audit insert fails (7.936ms)
✔ withRegistryMutation invalidates caches only after commit (1.3152ms)
✔ duplicate mutation request IDs fail as a stable replay conflict (1.4979ms)
✔ granot_crm_source audit failure still rolls back and skips cache invalidation (0.9716ms)
✔ invalidateRegistryCaches deduplicates keys for listeners (0.6173ms)
✔ assignment DTO carries Lead Source and Feed labels from one bounded join (8.1634ms)
✔ reassignment request carrying a company ID is still rejected (3.7788ms)
✔ activation still rejects an inactive or non-call feed (3.6322ms)
✔ dependency preview no longer returns a hardcoded can_deactivate gate (0.9878ms)
✔ RingCentral snapshot resolves historical assignment intervals (3.3236ms)
✔ RingCentral snapshot rejects unknown and interval gaps (0.6208ms)
✔ RingCentral snapshot excludes inactive source targets (1.4189ms)
✔ active RingCentral snapshot number listing excludes closed history (0.5335ms)
✔ cache invalidation discards an in-flight stale refresh (1.3867ms)
✔ M5 account validator shares one RingCentral inventory load across numbers (2.8652ms)
{"level":"info","time":"2026-09-18T22:31:12.583Z","service":"vantage-main-server","env":"development","msg":"operations_registry.compatibility_read","observability_level":"info","category":"admin","workflow":"operations_registry"}
✔ runtime telemetry exposes bounded resolver health and compatibility counters (3.3029ms)
✔ durable compatibility recording falls back locally when persistence is unavailable (2.5273ms)
✔ durable compatibility events merge across process-local telemetry (0.6544ms)
✔ sanitizeRegistrySnapshot redacts secret-like keys (4.1216ms)
✔ sanitizeRegistrySnapshot bounds oversized nested payloads (0.6933ms)
✔ sanitizeRegistrySnapshot returns null for empty snapshots (0.3362ms)
✔ first-class Source Granularity applies draft and revision defaults (22.0516ms)
✔ Source Company defaults sheet projection to derived import (12.157ms)
✔ source company write schema rejects embedded granularities and active flag (7.5312ms)
✔ owner-created dynamic source resolves by exact identifier (8.2013ms)
✔ active company default resolves only to an active same-channel record (0.7585ms)
✔ a company identifier falls through to its default when it is not a granularity alias (0.7707ms)
✔ local classification resolves the matching active granularity before the default (0.7174ms)
✔ fallback aliases choose the unique highest priority candidate (0.7625ms)
✔ an inferred unknown company identifier can resolve as a global alias in one pass (0.6647ms)
✔ equal-priority fallback ambiguity fails deterministically (1.9347ms)
✔ inactive exact records and inactive defaults do not resolve (0.6042ms)
✔ all legacy source-label fixtures preserve company attribution (2.8648ms)
✔ resolves without touching the static map (2.1272ms)
✔ empty collection falls back to the static map and emits exactly one compatibility-read event (0.8469ms)
✔ ambiguous mapping fails closed and does not consult the static map (1.6542ms)
✔ inactive-Feed mapping fails closed and does not fall back to the static map (1.4762ms)
✔ canonical payload normalizes email, role, method, and path (3.3418ms)
✔ verifyRegistryActor accepts a valid owner signature (3.1977ms)
✔ verifyRegistryActor rejects admin role for owner-only mutation (2.7021ms)
✔ verifyRegistryActor allows admin read access with valid signature (0.9295ms)
✔ verifyRegistryActor rejects missing signature headers (1.0708ms)
✔ verifyRegistryActor rejects expired signatures outside replay window (1.1308ms)
✔ verifyRegistryActor rejects tampered signatures (0.9245ms)
✔ verifyRegistryActor rejects method/path mismatches (1.0456ms)
✔ verifyAdminActorSignature uses constant-time comparison semantics (0.5686ms)
✔ preview unsigned compatibility is disabled in production (0.8416ms)
✔ preview unsigned compatibility never authorizes mutations (0.6343ms)
✔ unsigned preview reads require a unique request ID (0.7721ms)
✔ exported header names match dashboard proxy contract (0.2926ms)
✔ extension owner Bearer auth can read agent catalog without signed proxy headers (0.4212ms)
✔ extension owner Bearer auth can create agents without signed proxy headers (0.3878ms)
✔ extension owner Bearer auth cannot mutate non-catalog registry routes (0.6544ms)
✔ extension sales Bearer auth is not a registry actor (0.7009ms)
✔ extension Sales plus Customer Service Bearer auth is not a registry actor (0.5885ms)
✔ booked reconciliation can preview phone/source matched unbooked call lead updates (15.93ms)
✔ booked reconciliation does not globally phone-match across assigned source companies (5.5459ms)
✔ booked reconciliation warns but allows idempotent sync when phone-matched lead has a different job_no (1.7604ms)
✔ booked reconciliation prefers phone/source candidates without conflicting job_no (2.1622ms)
✔ Path B phone fallback does not read granot_contact_snapshot as identity (1.6826ms)
✔ ownerIdentitySnapshotFromEmail persists snake_case keys required by ReportingDestination (3.8371ms)
✔ ReportingDestination rejects camelCase owner identity snapshots (24.77ms)
✔ ReportingDestination accepts snake_case owner identity from helper (2.8821ms)
✔ Stage 4 stream resumes without duplicates and preserves checksum state (5.8629ms)
✔ Stage 4 stream validates current page dependencies before and after query (1.7714ms)
✔ Stage 4 source read-through is supplied once as a valid UTC instant (0.5695ms)
✔ manifest builds once and validations are page-targeted across pages (1.4459ms)
✔ resume validates the complete manifest before reopening reader (0.7394ms)
✔ mapped contributing dependency fails before output without O(N) validation (0.9711ms)
✔ columnIndexFromLetters matches Google A1 columns including ZZ (4.0784ms)
✔ createHiddenStagingTab stamps markers on a default 26-column Google sheet (5.8402ms)
✔ writeOwnershipAndRunMarkers expands an existing 26-column sheet (1.1474ms)
✔ writeValuesRaw expands a default grid before writing past the last row (1.8917ms)
✔ registered container confirmed 404 is treated as cleaned_not_found (2.1289ms)
✔ 403 access denied remains refetch_blocked and does not complete run (0.6898ms)
✔ transient provider error remains refetch_blocked and does not complete run (0.3987ms)
✔ confirmed 404 completes run when all registered containers are cleaned (0.269ms)
✔ partial attempt A cleaned then failed B completes only after B is cleaned on next run (0.2878ms)
✔ live harness prerequisites fail closed when OAuth export root is absent (3.9755ms)
✔ live harness rejects service-account credentials including local file env vars (2.9627ms)
✔ live harness skips without calling Google when prerequisites are absent (4.0669ms)
✔ PII-safe evidence masks file IDs and omits sensitive detail keys (0.661ms)
✔ live harness evidence log contains no raw PII field names (1.1171ms)
✔ buildLiveTestRunTag produces unique synthetic tags (1.4879ms)
✔ buildLiveTestAppProperties marks harness_container artifacts for janitor selection (0.4968ms)
✔ transient failure wrapper exhausts injected failures (0.4543ms)
✔ positively marked live test artifact requires export root, age, and marker (1.1646ms)
✔ live test google api factory receives explicit OAuth2Client (2.2794ms)
✔ live test google api factory rejects service-account env indicators (2.4358ms)
✔ needs_janitor cleanup status remains janitor-eligible (1.9475ms)
✔ registry binding rejects copied-marker sibling not registered for run (1.0968ms)
✔ registry binding rejects export root mismatch (0.4138ms)
✔ denylist proof accepts only OPERATIONAL_WORKBOOK rejection code (1.0149ms)
✔ picker parent mismatch fails before destination denylist check (1.1378ms)
✔ export folder env snapshot restores unset variable after early throw path (0.7635ms)
✔ export folder env snapshot restores prior value when variable was set (0.7382ms)
✔ live test run tag format enforces configured prefix pattern (3.9158ms)
✔ direct-child invariant rejects nested artifacts (0.5662ms)
✔ known harness run evidence requires harness_container role and markers (1.0913ms)
✔ recursive evidence sanitizer redacts nested sensitive values (3.3043ms)
✔ sanitizeLiveTestString redacts embedded Drive URLs and bearer tokens (0.6857ms)
✔ structured cleanup errors mask file IDs instead of concatenating raw IDs (0.5581ms)
✔ service-account indicators include env, local file vars, and credential file names (1.2054ms)
✔ janitor returns no-op when live tests are disabled (1.6573ms)
✔ worker transient hook consumes only configured run (0.6913ms)
✔ janitor selects only positively marked harness_container folders under export root (4.3315ms)
✔ janitor requires persisted harness-run registry authorization (0.5513ms)
✔ janitor honors optional run-tag prefix filter (0.4234ms)
✔ isPositivelyMarkedHarnessContainer rejects non-folder roles and young artifacts (0.4294ms)
✔ isPositivelyMarkedLiveTestArtifact rejects young artifacts (0.5266ms)
✔ promotion plan: fresh reserve when ready and no prior reservation (2.1026ms)
✔ promotion plan: takeover recovers applied rename without competing promote (3.2854ms)
✔ promotion plan: takeover of not-applied rename takes new reservation (0.3951ms)
✔ promotion plan: ambiguous google state preserves prior-tab safety (0.3294ms)
✔ promotion reservation filter requires active lease and prior generation (2.2338ms)
✔ promotion lease interleaving: expiry before provider abandons mutate (0.6756ms)
✔ promotion lease interleaving: expiry during provider blocks stale CAS (0.5467ms)
✔ promotion lease interleaving: stale response after takeover cannot CAS (0.5701ms)
✔ promotion lease interleaving: takeover recovers applied rename via CAS only (0.6459ms)
✔ promotion lease interleaving: takeover of not-applied rename re-reserves then promotes (0.7537ms)
✔ promotion CAS requires provider_applied, not merely reserved (0.3743ms)
✔ transient TX errors are not classified as stale (0.5343ms)
✔ catalog contains exactly three code-defined @1 datasets and complete contracts (5.1708ms)
✔ owner sorts reject internal and duplicate terms and append ASC tie-breakers (1.7279ms)
✔ deployment allowlist defaults, narrows, and rejects unknown or duplicate tokens (0.4853ms)
✔ strict request contracts reject caller scope and arbitrary dataset filters (14.4304ms)
✔ request bounds and formula-safe labels fail before database work (61.4123ms)
✔ cancel wire contract requires idempotencyKey (admin clients must send it) (3.6465ms)
✔ New York date boundaries are half-open across 23 and 25 hour days (225.8277ms)
✔ rolling windows are strict, bounded, fresh, and DST-aware (164.6209ms)
✔ source performance aggregates all related bookings with approved semantics (1.3605ms)
✔ CPL unresolved semantics exclude resolved zero and not-applicable states (0.8553ms)
✔ source performance grouping uses stable IDs and ignores label drift (1.8135ms)
✔ representative policies retain temporal and outcome or exception variation (2.7688ms)
✔ lead detail primary booking is one-row deterministic and prefers active state (6.0714ms)
✔ keyset cursor covers rows once and checksums are deterministic (5.5619ms)
✔ destination port is injectable and fails closed on safety or checksum drift (4.4134ms)
✔ destination verification timestamps must be finite, fresh, and not future-skewed (4.2611ms)
✔ destination validation binds identity and strategy-specific shape (1.4517ms)
✔ unresolved cancellation pipeline scopes through canonical booking attribution (1.7865ms)
✔ every orphan predicate narrows granularities per parent company (0.5553ms)
✔ confirmation binds stable destination identity; health refresh stays valid (3.7621ms)
✔ owner destination checksum treats zero available cells as a real capacity, not missing (0.7154ms)
✔ confirmation evidence binds actor, idempotency key, and immutable fingerprint (1.9229ms)
✔ concurrent confirmation duplicate keys are recognized without a 500 race (0.4809ms)
✔ snapshot adapter contract records a token and fails closed when unavailable (4.5304ms)
✔ unchanged leadless booking manifest entries retain job and source fingerprints (18.1269ms)
✔ changed leadless booking job or source data invalidates its manifest entry (3.3727ms)
✔ sample evidence is keyed opaque HMAC rather than raw SHA (1.0106ms)
✔ execution package mandates literal RAW spreadsheet writes (1.3282ms)
✔ query budgets reject oversized materialization and page requests before reads (0.8241ms)
✔ estimates distinguish exact and safe upper bounds without truncation (0.5277ms)
✔ run failures are fixed safe envelopes and unsafe fields are never exposed (1.1553ms)
✔ reporting lifecycle audit payloads contain only safe identifiers and counts (0.7481ms)
✔ source read-through capture is fenced by active lease owner and epoch (0.5563ms)
✔ revision checksum survives Mongo minimize of empty filters (1.4185ms)
✔ revision checksum verification detects tampering and bulk mutation is blocked (1.6088ms)
✔ unexpected reporting errors serialize to a generic 500 response (0.7682ms)
✔ reporting routes preserve RegistryError status and reject malformed IDs (2.0849ms)
✔ reporting routes surface destination AppErrors instead of a generic 500 (1.6539ms)
✔ incomplete operational workbook safety fails closed without leaking keys (7.6116ms)
✔ reporting routes expose the deployment kill switch without leaking config (0.4722ms)
✔ run confirmation HMAC uses VANTAGE_API_SECRET when API_SECRET is unset (0.9651ms)
✔ missing reporting confirmation secrets fail closed with a safe 503 (1.6562ms)
✔ persistence models expose required indexes and immutable revision middleware (2.4946ms)
✔ regression 1: queue consumer registers Stage 4 foundation before work (2.833ms)
✔ regression 4: read-back recomputes deterministic content checksum (11.5435ms)
✔ regression 5: published managed tab verified before staging and promotion (2.3406ms)
✔ regression 6: cleanup does not overwrite delivery terminal status (8.6762ms)
✔ regression 7: artifact creation recovers one positively marked artifact (2.1902ms)
✔ regression 8: resume always fully validates persisted manifest entries/maps (1.2133ms)
✔ regression 9: trash requires ownedByMe, MIME, identity, and Drive appProperties (1.1611ms)
✔ regression 11: promotion ambiguity preserves old tab and never deletes by name (1.9423ms)
✔ regression: empty report checksum equals initial accumulator (0.7228ms)
✔ regression 2/3: lease fence helpers abort on false without Google side effects (284.797ms)
✔ regression 8b: resume validates entries even with no stream checkpoint (0.4978ms)
✔ regression 10: cancel requires and replays idempotency keys (5.92ms)
✔ regression 2b: destination CAS after promotion updates managed immutable id (7.3962ms)
✔ regression: upper-bound verification never reads estimate headroom (6.1764ms)
✔ regression: title change resolved by immutable sheet ID on resume (1.5792ms)
✔ regression: ambiguous marker tampering refuses promotion (2.3863ms)
✔ regression: destination lineage accepts proven replace_tab advancement (12.1843ms)
✔ regression: phase-aware transition skips advanced status without LEASE_LOST (1.9703ms)
✔ regression: delivery fence rejects forged fence fields and stale epoch predicate (2.2583ms)
✔ regression: stale-worker fence bind loses to lease takeover (2.9025ms)
✔ regression: LeaseLost after promote CAS never terminal-fails run (1.9235ms)
✔ regression: retryable provider abandon does not terminal-fail (4.5496ms)
✔ regression: snapshot terminal consistency refuses delivery-completed + run-failed (2.6724ms)
✔ regression: fence bind TX interleaves with lease takeover (1.6706ms)
✔ regression: already-promoted recovery requires content verify not title-only (5.1536ms)
✔ regression: CAS-resume path refuses tampered markers and trailing edits (2.7481ms)
✔ regression: worker maps destination ReportingErrors to destination failures (2.7389ms)
✔ regression: Google 400 marker write maps to INTERNAL_FAILURE with provider_status (2.7015ms)
✔ regression: destination stable identity ignores volatile health timestamps (2.836ms)
✔ acceptance 10: denylist rejects every registered operational workbook id (3.0501ms)
✔ acceptance 11: human-created tab takeover is refused by staging ownership markers (2.9448ms)
✔ acceptance 12: capacity feedback refuses silent truncation (0.8533ms)
✔ acceptance 13/14: bounded RAW writes, idempotent replay, and checksum-safe progress (8.1322ms)
✔ acceptance 13: ambiguous provider timeout replays exact range after read-back (2.2653ms)
✔ acceptance 15/16: staging verification/promotion and failed replacement preserves old tab (5.8434ms)
✔ acceptance 17: incomplete snapshot cleanup only trashes positively marked workbooks (1.9543ms)
✔ cleanup janitor never trashes a completed snapshot artifact (0.8028ms)
✔ acceptance 19: PII is excluded from provider failures, checkpoints, and delivery reads (3.1595ms)
✔ RAW semantics reject formula-shaped cells and require literal serialization (1.0829ms)
✔ persisted manifests reject row payloads and validate resume identity (1.0828ms)
✔ lease fencing failure codes remain typed and PII-safe (0.3898ms)
✔ operational workbook denylist rejects registered workbook IDs (3.1763ms)
✔ operational workbook denylist fails closed when configuration is incomplete (0.5449ms)
✔ managed tab verification rejects human-created name collisions (3.0261ms)
✔ managed tab verification rejects tabs without a Vantage ownership marker (1.0307ms)
✔ managed tab verification accepts a matching Vantage marker (1.9079ms)
✔ destination snapshot validation rejects operational workbook matches (2.3422ms)
✔ managed tab rename preserves immutable sheet ID and revalidates ownership (0.6845ms)
✔ destination read projection omits connection and actor credentials (1.1502ms)
✔ destination snapshot validation rejects stale health timestamps (1.0032ms)
✔ replace-tab capacity subtracts every existing workbook grid (0.9439ms)
✔ replace-tab capacity fails closed without grid metadata (0.6898ms)
✔ reporting observability defines operational alert event keys (1.9316ms)
✔ findReportingStuckRuns respects phase age threshold (1.7334ms)
✔ normalizePhoneNumberToE164Like handles common RingCentral number shapes (2.3958ms)
✔ RingCentral inbound target numbers resolve to configured source metadata (1.6499ms)
✔ RingCentral source labels are consistent with source company mapping (0.4499ms)
✔ normalizer preserves telephony facts before registry qualification (1.1399ms)
✔ normalizer uses an explicit provider call start and never notification time (0.6763ms)
✔ candidate folding preserves answeredAt from an older delayed event (1.6167ms)
✔ sample answered inbound event is pending immediately and qualifies after elapsed buffer (1.2184ms)
✔ evaluator rejects outbound calls (0.6713ms)
✔ evaluator rejects inbound calls to unknown numbers (0.6031ms)
✔ evaluator keeps live inbound target calls candidate until answered (0.6644ms)
✔ evaluator rejects terminal inbound target calls that were not answered (0.3283ms)
✔ evaluator distinguishes live and terminal answered calls under 120 seconds (0.3545ms)
✔ evaluator qualifies inbound target calls answered over 120 seconds (0.3608ms)
✔ evaluator rejects missed calls without answered evidence (0.25ms)
﹣ [AC-17] Unit 21 replica lease, cursor, overlap, and rescan proof (1.8531ms) # Replica-set proof is opt-in via GRANOT_LIFECYCLE_REPLICA_TESTS=true.
✔ [AC-17] lease owner identity is bounded, opaque, and per invocation (4.9375ms)
✔ [AC-17] masked owner is a short stable digest and never leaks the owner (0.6937ms)
✔ [AC-17] singleton key index contract is the exact unique key index (1.6147ms)
✔ persisted run failure codes are a bounded, non-sensitive set (0.6516ms)
﹣ [AC-17] Mongo state lease elects exactly one winner (1.2403ms) # Replica-set proof is opt-in via GRANOT_LIFECYCLE_REPLICA_TESTS=true.
{"level":"info","time":"2026-09-18T22:31:24.258Z","service":"vantage-main-server","env":"development","msg":"ringcentral.call_log_sync.lease_contended","leaseOwnerHash":"e0e92466da53"}
✔ [AC-17] the lease loser performs no provider, route, ingest, or state work (11.3353ms)
✔ [AC-17] two overlapping invocations produce exactly one winner (3.4657ms)
✔ [AC-17] the winner claims before any provider or ingest work (2.7085ms)
✔ [AC-17] a complete successful run advances the cursor exactly once (2.0484ms)
✔ [AC-17] every failure stage leaves the cursor unchanged (4.9264ms)
✔ [AC-17] an observed provider throttle is counted and blocks cursor movement (1.6783ms)
✔ [AC-17] a run with no throttling reports zero throttles (1.3695ms)
✔ [AC-17] terminal write failure loses the fence and moves no cursor (1.756ms)
✔ [AC-17] losing the lease mid-run stops work and writes nothing (1.8944ms)
✔ [AC-17] the lease is renewed while long work remains (2.0838ms)
✔ [AC-17] a failed fenced error write degrades to a PII-safe lease-lost event (1.0021ms)
✔ [AC-17] expired-lease recovery is reported without erasing terminal facts (1.3891ms)
✔ [AC-17] the rolling lookback stays exactly 12 hours for a first run (1.5912ms)
✔ [AC-17] the rolling lookback stays exactly 12 hours at a 30-minute cadence (1.4224ms)
✔ [AC-17] a cursor older than the floor keeps its overlap window (0.8805ms)
✔ [AC-17] the winner's window end is its own claim instant (0.7544ms)
✔ [AC-17] pagination stops at a short page and continues through full pages (1.4324ms)
✔ a newest-first Call Log page ingests oldest-first so same-run Duplicate Leads classify (1.1347ms)
✔ Call Log pages across a newest-first split still ingest oldest-first in one run (1.3886ms)
✔ [AC-17] Call Log telemetry and events carry no caller or provider content (0.8408ms)
✔ [AC-17] emitted lease events expose only a masked owner and bounded fields (0.8595ms)
✔ [AC-17] the run summary itself exposes no caller data (0.6499ms)
{"level":"info","time":"2026-09-18T22:31:24.260Z","service":"vantage-main-server","env":"development","msg":"ringcentral.call_log_sync.lease_contended","observability_level":"info","category":"ringcentral","workflow":"ringcentral_call_log_sync","run_id":"2026-08-18T12:00:00.000Z"}
{"level":"info","time":"2026-09-18T22:31:24.266Z","service":"vantage-main-server","env":"development","msg":"ringcentral.call_log_sync.started","observability_level":"info","category":"ringcentral","workflow":"ringcentral_call_log_sync","run_id":"2026-08-18T12:00:00.000Z"}
{"level":"info","time":"2026-09-18T22:31:24.267Z","service":"vantage-main-server","env":"development","msg":"ringcentral.call_log_sync.lease_contended","leaseOwnerHash":"8cefb43f6f11"}
{"level":"info","time":"2026-09-18T22:31:24.267Z","service":"vantage-main-server","env":"development","msg":"ringcentral.call_log_sync.lease_contended","observability_level":"info","category":"ringcentral","workflow":"ringcentral_call_log_sync","run_id":"2026-08-18T12:00:00.000Z"}
{"level":"info","time":"2026-09-18T22:31:24.267Z","service":"vantage-main-server","env":"development","msg":"ringcentral.call_log_sync.completed","ranAt":"2026-08-18T12:00:00.000Z","windowFrom":"2026-08-18T00:00:00.000Z","windowTo":"2026-08-18T12:00:00.000Z","leaseOwnerHash":"7408b41fbeb6","leaseAcquired":true,"leaseRecovered":false,"leaseLost":false,"skipped":false,"skipReason":null,"runtimeMs":0,"fetchedRecords":0,"candidateRecords":0,"qualifiedRecords":0,"ingestActions":{"lead_created":0,"lead_created_duplicate":0,"lead_adopted":0,"lead_adopted_duplicate":0,"shadow_recorded":0,"dry_run":0,"skipped_already_processed":0},"adoptedRecords":0,"adoptionConflicts":0,"throttledResponses":0,"leadsCreated":0,"duplicatesFlagged":0,"cursorAdvanced":true,"errors":[]}
{"level":"info","time":"2026-09-18T22:31:24.268Z","service":"vantage-main-server","env":"development","msg":"ringcentral.call_log_sync.completed","observability_level":"info","category":"ringcentral","workflow":"ringcentral_call_log_sync","run_id":"2026-08-18T12:00:00.000Z"}
{"level":"info","time":"2026-09-18T22:31:24.269Z","service":"vantage-main-server","env":"development","msg":"ringcentral.call_log_sync.started","observability_level":"info","category":"ringcentral","workflow":"ringcentral_call_log_sync","run_id":"2026-08-18T12:00:00.000Z"}
{"level":"info","time":"2026-09-18T22:31:24.270Z","service":"vantage-main-server","env":"development","msg":"ringcentral.call_log_sync.completed","ranAt":"2026-08-18T12:00:00.000Z","windowFrom":"2026-08-18T00:00:00.000Z","windowTo":"2026-08-18T12:00:00.000Z","leaseOwnerHash":"e0e92466da53","leaseAcquired":true,"leaseRecovered":false,"leaseLost":false,"skipped":false,"skipReason":null,"runtimeMs":30,"fetchedRecords":1,"candidateRecords":1,"qualifiedRecords":1,"ingestActions":{"lead_created":0,"lead_created_duplicate":0,"lead_adopted":0,"lead_adopted_duplicate":0,"shadow_recorded":0,"dry_run":1,"skipped_already_processed":0},"adoptedRecords":0,"adoptionConflicts":0,"throttledResponses":0,"leadsCreated":0,"duplicatesFlagged":0,"cursorAdvanced":true,"errors":[]}
{"level":"info","time":"2026-09-18T22:31:24.271Z","service":"vantage-main-server","env":"development","msg":"ringcentral.call_log_sync.completed","observability_level":"info","category":"ringcentral","workflow":"ringcentral_call_log_sync","run_id":"2026-08-18T12:00:00.000Z"}
{"level":"info","time":"2026-09-18T22:31:24.272Z","service":"vantage-main-server","env":"development","msg":"ringcentral.call_log_sync.started","observability_level":"info","category":"ringcentral","workflow":"ringcentral_call_log_sync","run_id":"2026-08-18T12:00:00.000Z"}
{"level":"info","time":"2026-09-18T22:31:24.273Z","service":"vantage-main-server","env":"development","msg":"ringcentral.call_log_sync.completed","ranAt":"2026-08-18T12:00:00.000Z","windowFrom":"2026-08-18T00:00:00.000Z","windowTo":"2026-08-18T12:00:00.000Z","leaseOwnerHash":"e0e92466da53","leaseAcquired":true,"leaseRecovered":false,"leaseLost":false,"skipped":false,"skipReason":null,"runtimeMs":40,"fetchedRecords":2,"candidateRecords":2,"qualifiedRecords":2,"ingestActions":{"lead_created":0,"lead_created_duplicate":1,"lead_adopted":1,"lead_adopted_duplicate":0,"shadow_recorded":0,"dry_run":0,"skipped_already_processed":0},"adoptedRecords":1,"adoptionConflicts":1,"throttledResponses":0,"leadsCreated":1,"duplicatesFlagged":1,"cursorAdvanced":true,"errors":[]}
{"level":"info","time":"2026-09-18T22:31:24.273Z","service":"vantage-main-server","env":"development","msg":"ringcentral.call_log_sync.completed","observability_level":"info","category":"ringcentral","workflow":"ringcentral_call_log_sync","run_id":"2026-08-18T12:00:00.000Z"}
{"level":"info","time":"2026-09-18T22:31:24.275Z","service":"vantage-main-server","env":"development","msg":"ringcentral.call_log_sync.started","observability_level":"info","category":"ringcentral","workflow":"ringcentral_call_log_sync","run_id":"2026-08-18T12:00:00.000Z"}
{"level":"error","time":"2026-09-18T22:31:24.275Z","service":"vantage-main-server","env":"development","msg":"ringcentral.call_log_sync.failed","leaseOwnerHash":"e0e92466da53","stage":"route_snapshot","errorCode":"route_snapshot_failed","windowFrom":"2026-08-18T00:00:00.000Z","windowTo":"2026-08-18T12:00:00.000Z"}
{"level":"error","time":"2026-09-18T22:31:24.275Z","service":"vantage-main-server","env":"development","msg":"ringcentral.call_log_sync.failed","observability_level":"error","category":"ringcentral","workflow":"ringcentral_call_log_sync","run_id":"2026-08-18T12:00:00.000Z"}
{"level":"info","time":"2026-09-18T22:31:24.276Z","service":"vantage-main-server","env":"development","msg":"ringcentral.call_log_sync.started","observability_level":"info","category":"ringcentral","workflow":"ringcentral_call_log_sync","run_id":"2026-08-18T12:00:00.000Z"}
{"level":"error","time":"2026-09-18T22:31:24.276Z","service":"vantage-main-server","env":"development","msg":"ringcentral.call_log_sync.failed","leaseOwnerHash":"e0e92466da53","stage":"provider_fetch","errorCode":"provider_request_failed","windowFrom":"2026-08-18T00:00:00.000Z","windowTo":"2026-08-18T12:00:00.000Z"}
{"level":"error","time":"2026-09-18T22:31:24.277Z","service":"vantage-main-server","env":"development","msg":"ringcentral.call_log_sync.failed","observability_level":"error","category":"ringcentral","workflow":"ringcentral_call_log_sync","run_id":"2026-08-18T12:00:00.000Z"}
{"level":"info","time":"2026-09-18T22:31:24.277Z","service":"vantage-main-server","env":"development","msg":"ringcentral.call_log_sync.started","observability_level":"info","category":"ringcentral","workflow":"ringcentral_call_log_sync","run_id":"2026-08-18T12:00:00.000Z"}
{"level":"error","time":"2026-09-18T22:31:24.277Z","service":"vantage-main-server","env":"development","msg":"ringcentral.call_log_sync.failed","leaseOwnerHash":"e0e92466da53","stage":"provider_fetch","errorCode":"provider_throttled","windowFrom":"2026-08-18T00:00:00.000Z","windowTo":"2026-08-18T12:00:00.000Z"}
{"level":"error","time":"2026-09-18T22:31:24.277Z","service":"vantage-main-server","env":"development","msg":"ringcentral.call_log_sync.failed","observability_level":"error","category":"ringcentral","workflow":"ringcentral_call_log_sync","run_id":"2026-08-18T12:00:00.000Z"}
{"level":"info","time":"2026-09-18T22:31:24.278Z","service":"vantage-main-server","env":"development","msg":"ringcentral.call_log_sync.started","observability_level":"info","category":"ringcentral","workflow":"ringcentral_call_log_sync","run_id":"2026-08-18T12:00:00.000Z"}
{"level":"error","time":"2026-09-18T22:31:24.278Z","service":"vantage-main-server","env":"development","msg":"ringcentral.call_log_sync.failed","leaseOwnerHash":"e0e92466da53","stage":"ingest","errorCode":"ingest_failed","windowFrom":"2026-08-18T00:00:00.000Z","windowTo":"2026-08-18T12:00:00.000Z"}
{"level":"error","time":"2026-09-18T22:31:24.278Z","service":"vantage-main-server","env":"development","msg":"ringcentral.call_log_sync.failed","observability_level":"error","category":"ringcentral","workflow":"ringcentral_call_log_sync","run_id":"2026-08-18T12:00:00.000Z"}
{"level":"info","time":"2026-09-18T22:31:24.280Z","service":"vantage-main-server","env":"development","msg":"ringcentral.call_log_sync.started","observability_level":"info","category":"ringcentral","workflow":"ringcentral_call_log_sync","run_id":"2026-08-18T12:00:00.000Z"}
{"level":"error","time":"2026-09-18T22:31:24.280Z","service":"vantage-main-server","env":"development","msg":"ringcentral.call_log_sync.failed","leaseOwnerHash":"e0e92466da53","stage":"provider_fetch","errorCode":"provider_throttled","windowFrom":"2026-08-18T00:00:00.000Z","windowTo":"2026-08-18T12:00:00.000Z"}
{"level":"error","time":"2026-09-18T22:31:24.280Z","service":"vantage-main-server","env":"development","msg":"ringcentral.call_log_sync.failed","observability_level":"error","category":"ringcentral","workflow":"ringcentral_call_log_sync","run_id":"2026-08-18T12:00:00.000Z"}
{"level":"info","time":"2026-09-18T22:31:24.281Z","service":"vantage-main-server","env":"development","msg":"ringcentral.call_log_sync.started","observability_level":"info","category":"ringcentral","workflow":"ringcentral_call_log_sync","run_id":"2026-08-18T12:00:00.000Z"}
{"level":"info","time":"2026-09-18T22:31:24.281Z","service":"vantage-main-server","env":"development","msg":"ringcentral.call_log_sync.completed","ranAt":"2026-08-18T12:00:00.000Z","windowFrom":"2026-08-18T00:00:00.000Z","windowTo":"2026-08-18T12:00:00.000Z","leaseOwnerHash":"e0e92466da53","leaseAcquired":true,"leaseRecovered":false,"leaseLost":false,"skipped":false,"skipReason":null,"runtimeMs":30,"fetchedRecords":1,"candidateRecords":1,"qualifiedRecords":1,"ingestActions":{"lead_created":0,"lead_created_duplicate":0,"lead_adopted":0,"lead_adopted_duplicate":0,"shadow_recorded":0,"dry_run":1,"skipped_already_processed":0},"adoptedRecords":0,"adoptionConflicts":0,"throttledResponses":0,"leadsCreated":0,"duplicatesFlagged":0,"cursorAdvanced":true,"errors":[]}
{"level":"info","time":"2026-09-18T22:31:24.282Z","service":"vantage-main-server","env":"development","msg":"ringcentral.call_log_sync.completed","observability_level":"info","category":"ringcentral","workflow":"ringcentral_call_log_sync","run_id":"2026-08-18T12:00:00.000Z"}
{"level":"info","time":"2026-09-18T22:31:24.283Z","service":"vantage-main-server","env":"development","msg":"ringcentral.call_log_sync.started","observability_level":"info","category":"ringcentral","workflow":"ringcentral_call_log_sync","run_id":"2026-08-18T12:00:00.000Z"}
{"level":"warn","time":"2026-09-18T22:31:24.283Z","service":"vantage-main-server","env":"development","msg":"ringcentral.call_log_sync.lease_lost","leaseOwnerHash":"e0e92466da53","stage":"state_write"}
{"level":"warn","time":"2026-09-18T22:31:24.283Z","service":"vantage-main-server","env":"development","msg":"ringcentral.call_log_sync.lease_lost","observability_level":"warn","category":"ringcentral","workflow":"ringcentral_call_log_sync","run_id":"2026-08-18T12:00:00.000Z"}
{"level":"info","time":"2026-09-18T22:31:24.285Z","service":"vantage-main-server","env":"development","msg":"ringcentral.call_log_sync.started","observability_level":"info","category":"ringcentral","workflow":"ringcentral_call_log_sync","run_id":"2026-08-18T12:00:00.000Z"}
{"level":"warn","time":"2026-09-18T22:31:24.285Z","service":"vantage-main-server","env":"development","msg":"ringcentral.call_log_sync.lease_lost","leaseOwnerHash":"e0e92466da53","stage":"lease"}
{"level":"warn","time":"2026-09-18T22:31:24.286Z","service":"vantage-main-server","env":"development","msg":"ringcentral.call_log_sync.lease_lost","observability_level":"warn","category":"ringcentral","workflow":"ringcentral_call_log_sync","run_id":"2026-08-18T12:00:00.000Z"}
{"level":"info","time":"2026-09-18T22:31:24.287Z","service":"vantage-main-server","env":"development","msg":"ringcentral.call_log_sync.started","observability_level":"info","category":"ringcentral","workflow":"ringcentral_call_log_sync","run_id":"2026-08-18T12:00:00.000Z"}
{"level":"info","time":"2026-09-18T22:31:24.288Z","service":"vantage-main-server","env":"development","msg":"ringcentral.call_log_sync.completed","ranAt":"2026-08-18T12:00:00.000Z","windowFrom":"2026-08-18T00:00:00.000Z","windowTo":"2026-08-18T12:00:00.000Z","leaseOwnerHash":"e0e92466da53","leaseAcquired":true,"leaseRecovered":false,"leaseLost":false,"skipped":false,"skipReason":null,"runtimeMs":80,"fetchedRecords":6,"candidateRecords":6,"qualifiedRecords":6,"ingestActions":{"lead_created":0,"lead_created_duplicate":0,"lead_adopted":0,"lead_adopted_duplicate":0,"shadow_recorded":0,"dry_run":6,"skipped_already_processed":0},"adoptedRecords":0,"adoptionConflicts":0,"throttledResponses":0,"leadsCreated":0,"duplicatesFlagged":0,"cursorAdvanced":true,"errors":[]}
{"level":"info","time":"2026-09-18T22:31:24.288Z","service":"vantage-main-server","env":"development","msg":"ringcentral.call_log_sync.completed","observability_level":"info","category":"ringcentral","workflow":"ringcentral_call_log_sync","run_id":"2026-08-18T12:00:00.000Z"}
{"level":"info","time":"2026-09-18T22:31:24.289Z","service":"vantage-main-server","env":"development","msg":"ringcentral.call_log_sync.started","observability_level":"info","category":"ringcentral","workflow":"ringcentral_call_log_sync","run_id":"2026-08-18T12:00:00.000Z"}
{"level":"warn","time":"2026-09-18T22:31:24.289Z","service":"vantage-main-server","env":"development","msg":"ringcentral.call_log_sync.lease_lost","leaseOwnerHash":"e0e92466da53","stage":"route_snapshot"}
{"level":"warn","time":"2026-09-18T22:31:24.289Z","service":"vantage-main-server","env":"development","msg":"ringcentral.call_log_sync.lease_lost","observability_level":"warn","category":"ringcentral","workflow":"ringcentral_call_log_sync","run_id":"2026-08-18T12:00:00.000Z"}
{"level":"info","time":"2026-09-18T22:31:24.290Z","service":"vantage-main-server","env":"development","msg":"ringcentral.call_log_sync.started","observability_level":"info","category":"ringcentral","workflow":"ringcentral_call_log_sync","run_id":"2026-08-18T12:00:00.000Z"}
{"level":"warn","time":"2026-09-18T22:31:24.290Z","service":"vantage-main-server","env":"development","msg":"ringcentral.call_log_sync.lease_recovered","leaseOwnerHash":"e0e92466da53"}
{"level":"warn","time":"2026-09-18T22:31:24.290Z","service":"vantage-main-server","env":"development","msg":"ringcentral.call_log_sync.lease_recovered","observability_level":"warn","category":"ringcentral","workflow":"ringcentral_call_log_sync","run_id":"2026-08-18T12:00:00.000Z"}
{"level":"info","time":"2026-09-18T22:31:24.290Z","service":"vantage-main-server","env":"development","msg":"ringcentral.call_log_sync.completed","ranAt":"2026-08-18T12:00:00.000Z","windowFrom":"2026-08-18T00:00:00.000Z","windowTo":"2026-08-18T12:00:00.000Z","leaseOwnerHash":"e0e92466da53","leaseAcquired":true,"leaseRecovered":true,"leaseLost":false,"skipped":false,"skipReason":null,"runtimeMs":20,"fetchedRecords":0,"candidateRecords":0,"qualifiedRecords":0,"ingestActions":{"lead_created":0,"lead_created_duplicate":0,"lead_adopted":0,"lead_adopted_duplicate":0,"shadow_recorded":0,"dry_run":0,"skipped_already_processed":0},"adoptedRecords":0,"adoptionConflicts":0,"throttledResponses":0,"leadsCreated":0,"duplicatesFlagged":0,"cursorAdvanced":true,"errors":[]}
{"level":"info","time":"2026-09-18T22:31:24.291Z","service":"vantage-main-server","env":"development","msg":"ringcentral.call_log_sync.completed","observability_level":"info","category":"ringcentral","workflow":"ringcentral_call_log_sync","run_id":"2026-08-18T12:00:00.000Z"}
{"level":"info","time":"2026-09-18T22:31:24.292Z","service":"vantage-main-server","env":"development","msg":"ringcentral.call_log_sync.started","observability_level":"info","category":"ringcentral","workflow":"ringcentral_call_log_sync","run_id":"2026-08-18T12:00:00.000Z"}
{"level":"info","time":"2026-09-18T22:31:24.292Z","service":"vantage-main-server","env":"development","msg":"ringcentral.call_log_sync.completed","ranAt":"2026-08-18T12:00:00.000Z","windowFrom":"2026-08-18T00:00:00.000Z","windowTo":"2026-08-18T12:00:00.000Z","leaseOwnerHash":"e0e92466da53","leaseAcquired":true,"leaseRecovered":false,"leaseLost":false,"skipped":false,"skipReason":null,"runtimeMs":20,"fetchedRecords":0,"candidateRecords":0,"qualifiedRecords":0,"ingestActions":{"lead_created":0,"lead_created_duplicate":0,"lead_adopted":0,"lead_adopted_duplicate":0,"shadow_recorded":0,"dry_run":0,"skipped_already_processed":0},"adoptedRecords":0,"adoptionConflicts":0,"throttledResponses":0,"leadsCreated":0,"duplicatesFlagged":0,"cursorAdvanced":true,"errors":[]}
{"level":"info","time":"2026-09-18T22:31:24.292Z","service":"vantage-main-server","env":"development","msg":"ringcentral.call_log_sync.completed","observability_level":"info","category":"ringcentral","workflow":"ringcentral_call_log_sync","run_id":"2026-08-18T12:00:00.000Z"}
{"level":"info","time":"2026-09-18T22:31:24.293Z","service":"vantage-main-server","env":"development","msg":"ringcentral.call_log_sync.started","observability_level":"info","category":"ringcentral","workflow":"ringcentral_call_log_sync","run_id":"2026-08-18T12:00:00.000Z"}
{"level":"info","time":"2026-09-18T22:31:24.294Z","service":"vantage-main-server","env":"development","msg":"ringcentral.call_log_sync.completed","ranAt":"2026-08-18T12:00:00.000Z","windowFrom":"2026-08-18T00:00:00.000Z","windowTo":"2026-08-18T12:00:00.000Z","leaseOwnerHash":"e0e92466da53","leaseAcquired":true,"leaseRecovered":false,"leaseLost":false,"skipped":false,"skipReason":null,"runtimeMs":20,"fetchedRecords":0,"candidateRecords":0,"qualifiedRecords":0,"ingestActions":{"lead_created":0,"lead_created_duplicate":0,"lead_adopted":0,"lead_adopted_duplicate":0,"shadow_recorded":0,"dry_run":0,"skipped_already_processed":0},"adoptedRecords":0,"adoptionConflicts":0,"throttledResponses":0,"leadsCreated":0,"duplicatesFlagged":0,"cursorAdvanced":true,"errors":[]}
{"level":"info","time":"2026-09-18T22:31:24.294Z","service":"vantage-main-server","env":"development","msg":"ringcentral.call_log_sync.completed","observability_level":"info","category":"ringcentral","workflow":"ringcentral_call_log_sync","run_id":"2026-08-18T12:00:00.000Z"}
{"level":"info","time":"2026-09-18T22:31:24.295Z","service":"vantage-main-server","env":"development","msg":"ringcentral.call_log_sync.started","observability_level":"info","category":"ringcentral","workflow":"ringcentral_call_log_sync","run_id":"2026-08-18T12:00:00.000Z"}
{"level":"info","time":"2026-09-18T22:31:24.295Z","service":"vantage-main-server","env":"development","msg":"ringcentral.call_log_sync.completed","ranAt":"2026-08-18T12:00:00.000Z","windowFrom":"2026-08-17T15:45:00.000Z","windowTo":"2026-08-18T12:00:00.000Z","leaseOwnerHash":"e0e92466da53","leaseAcquired":true,"leaseRecovered":false,"leaseLost":false,"skipped":false,"skipReason":null,"runtimeMs":20,"fetchedRecords":0,"candidateRecords":0,"qualifiedRecords":0,"ingestActions":{"lead_created":0,"lead_created_duplicate":0,"lead_adopted":0,"lead_adopted_duplicate":0,"shadow_recorded":0,"dry_run":0,"skipped_already_processed":0},"adoptedRecords":0,"adoptionConflicts":0,"throttledResponses":0,"leadsCreated":0,"duplicatesFlagged":0,"cursorAdvanced":true,"errors":[]}
{"level":"info","time":"2026-09-18T22:31:24.295Z","service":"vantage-main-server","env":"development","msg":"ringcentral.call_log_sync.completed","observability_level":"info","category":"ringcentral","workflow":"ringcentral_call_log_sync","run_id":"2026-08-18T12:00:00.000Z"}
{"level":"info","time":"2026-09-18T22:31:24.296Z","service":"vantage-main-server","env":"development","msg":"ringcentral.call_log_sync.started","observability_level":"info","category":"ringcentral","workflow":"ringcentral_call_log_sync","run_id":"2026-08-18T12:00:00.000Z"}
{"level":"info","time":"2026-09-18T22:31:24.296Z","service":"vantage-main-server","env":"development","msg":"ringcentral.call_log_sync.completed","ranAt":"2026-08-18T12:00:00.000Z","windowFrom":"2026-08-18T00:00:00.000Z","windowTo":"2026-08-18T12:00:00.000Z","leaseOwnerHash":"e0e92466da53","leaseAcquired":true,"leaseRecovered":false,"leaseLost":false,"skipped":false,"skipReason":null,"runtimeMs":20,"fetchedRecords":0,"candidateRecords":0,"qualifiedRecords":0,"ingestActions":{"lead_created":0,"lead_created_duplicate":0,"lead_adopted":0,"lead_adopted_duplicate":0,"shadow_recorded":0,"dry_run":0,"skipped_already_processed":0},"adoptedRecords":0,"adoptionConflicts":0,"throttledResponses":0,"leadsCreated":0,"duplicatesFlagged":0,"cursorAdvanced":true,"errors":[]}
{"level":"info","time":"2026-09-18T22:31:24.296Z","service":"vantage-main-server","env":"development","msg":"ringcentral.call_log_sync.completed","observability_level":"info","category":"ringcentral","workflow":"ringcentral_call_log_sync","run_id":"2026-08-18T12:00:00.000Z"}
{"level":"info","time":"2026-09-18T22:31:24.297Z","service":"vantage-main-server","env":"development","msg":"ringcentral.call_log_sync.started","observability_level":"info","category":"ringcentral","workflow":"ringcentral_call_log_sync","run_id":"2026-08-18T12:00:00.000Z"}
{"level":"info","time":"2026-09-18T22:31:24.297Z","service":"vantage-main-server","env":"development","msg":"ringcentral.call_log_sync.completed","ranAt":"2026-08-18T12:00:00.000Z","windowFrom":"2026-08-18T00:00:00.000Z","windowTo":"2026-08-18T12:00:00.000Z","leaseOwnerHash":"e0e92466da53","leaseAcquired":true,"leaseRecovered":false,"leaseLost":false,"skipped":false,"skipReason":null,"runtimeMs":60,"fetchedRecords":3,"candidateRecords":3,"qualifiedRecords":3,"ingestActions":{"lead_created":0,"lead_created_duplicate":0,"lead_adopted":0,"lead_adopted_duplicate":0,"shadow_recorded":0,"dry_run":3,"skipped_already_processed":0},"adoptedRecords":0,"adoptionConflicts":0,"throttledResponses":0,"leadsCreated":0,"duplicatesFlagged":0,"cursorAdvanced":true,"errors":[]}
{"level":"info","time":"2026-09-18T22:31:24.297Z","service":"vantage-main-server","env":"development","msg":"ringcentral.call_log_sync.completed","observability_level":"info","category":"ringcentral","workflow":"ringcentral_call_log_sync","run_id":"2026-08-18T12:00:00.000Z"}
{"level":"info","time":"2026-09-18T22:31:24.298Z","service":"vantage-main-server","env":"development","msg":"ringcentral.call_log_sync.started","observability_level":"info","category":"ringcentral","workflow":"ringcentral_call_log_sync","run_id":"2026-08-18T12:00:00.000Z"}
{"level":"info","time":"2026-09-18T22:31:24.298Z","service":"vantage-main-server","env":"development","msg":"ringcentral.call_log_sync.completed","ranAt":"2026-08-18T12:00:00.000Z","windowFrom":"2026-08-18T00:00:00.000Z","windowTo":"2026-08-18T12:00:00.000Z","leaseOwnerHash":"e0e92466da53","leaseAcquired":true,"leaseRecovered":false,"leaseLost":false,"skipped":false,"skipReason":null,"runtimeMs":40,"fetchedRecords":2,"candidateRecords":2,"qualifiedRecords":2,"ingestActions":{"lead_created":0,"lead_created_duplicate":0,"lead_adopted":0,"lead_adopted_duplicate":0,"shadow_recorded":0,"dry_run":2,"skipped_already_processed":0},"adoptedRecords":0,"adoptionConflicts":0,"throttledResponses":0,"leadsCreated":0,"duplicatesFlagged":0,"cursorAdvanced":true,"errors":[]}
{"level":"info","time":"2026-09-18T22:31:24.298Z","service":"vantage-main-server","env":"development","msg":"ringcentral.call_log_sync.completed","observability_level":"info","category":"ringcentral","workflow":"ringcentral_call_log_sync","run_id":"2026-08-18T12:00:00.000Z"}
{"level":"info","time":"2026-09-18T22:31:24.300Z","service":"vantage-main-server","env":"development","msg":"ringcentral.call_log_sync.started","observability_level":"info","category":"ringcentral","workflow":"ringcentral_call_log_sync","run_id":"2026-08-18T12:00:00.000Z"}
{"level":"info","time":"2026-09-18T22:31:24.300Z","service":"vantage-main-server","env":"development","msg":"ringcentral.call_log_sync.completed","ranAt":"2026-08-18T12:00:00.000Z","windowFrom":"2026-08-18T00:00:00.000Z","windowTo":"2026-08-18T12:00:00.000Z","leaseOwnerHash":"e0e92466da53","leaseAcquired":true,"leaseRecovered":false,"leaseLost":false,"skipped":false,"skipReason":null,"runtimeMs":60,"fetchedRecords":2,"candidateRecords":2,"qualifiedRecords":2,"ingestActions":{"lead_created":0,"lead_created_duplicate":0,"lead_adopted":0,"lead_adopted_duplicate":0,"shadow_recorded":0,"dry_run":2,"skipped_already_processed":0},"adoptedRecords":0,"adoptionConflicts":0,"throttledResponses":0,"leadsCreated":0,"duplicatesFlagged":0,"cursorAdvanced":true,"errors":[]}
{"level":"info","time":"2026-09-18T22:31:24.300Z","service":"vantage-main-server","env":"development","msg":"ringcentral.call_log_sync.completed","observability_level":"info","category":"ringcentral","workflow":"ringcentral_call_log_sync","run_id":"2026-08-18T12:00:00.000Z"}
{"level":"info","time":"2026-09-18T22:31:24.301Z","service":"vantage-main-server","env":"development","msg":"ringcentral.call_log_sync.started","observability_level":"info","category":"ringcentral","workflow":"ringcentral_call_log_sync","run_id":"2026-08-18T12:00:00.000Z"}
{"level":"error","time":"2026-09-18T22:31:24.301Z","service":"vantage-main-server","env":"development","msg":"ringcentral.call_log_sync.failed","leaseOwnerHash":"e0e92466da53","stage":"ingest","errorCode":"ingest_failed","windowFrom":"2026-08-18T00:00:00.000Z","windowTo":"2026-08-18T12:00:00.000Z"}
{"level":"error","time":"2026-09-18T22:31:24.301Z","service":"vantage-main-server","env":"development","msg":"ringcentral.call_log_sync.failed","observability_level":"error","category":"ringcentral","workflow":"ringcentral_call_log_sync","run_id":"2026-08-18T12:00:00.000Z"}
{"level":"info","time":"2026-09-18T22:31:24.301Z","service":"vantage-main-server","env":"development","msg":"ringcentral.call_log_sync.started","observability_level":"info","category":"ringcentral","workflow":"ringcentral_call_log_sync","run_id":"2026-08-18T12:00:00.000Z"}
{"level":"info","time":"2026-09-18T22:31:24.301Z","service":"vantage-main-server","env":"development","msg":"ringcentral.call_log_sync.completed","ranAt":"2026-08-18T12:00:00.000Z","windowFrom":"2026-08-18T00:00:00.000Z","windowTo":"2026-08-18T12:00:00.000Z","leaseOwnerHash":"e0e92466da53","leaseAcquired":true,"leaseRecovered":false,"leaseLost":false,"skipped":false,"skipReason":null,"runtimeMs":30,"fetchedRecords":1,"candidateRecords":1,"qualifiedRecords":1,"ingestActions":{"lead_created":0,"lead_created_duplicate":0,"lead_adopted":0,"lead_adopted_duplicate":0,"shadow_recorded":0,"dry_run":1,"skipped_already_processed":0},"adoptedRecords":0,"adoptionConflicts":0,"throttledResponses":0,"leadsCreated":0,"duplicatesFlagged":0,"cursorAdvanced":true,"errors":[]}
{"level":"info","time":"2026-09-18T22:31:24.302Z","service":"vantage-main-server","env":"development","msg":"ringcentral.call_log_sync.completed","observability_level":"info","category":"ringcentral","workflow":"ringcentral_call_log_sync","run_id":"2026-08-18T12:00:00.000Z"}
{"level":"info","time":"2026-09-18T22:31:24.302Z","service":"vantage-main-server","env":"development","msg":"ringcentral.call_log_sync.started","observability_level":"info","category":"ringcentral","workflow":"ringcentral_call_log_sync","run_id":"2026-08-18T12:00:00.000Z"}
{"level":"info","time":"2026-09-18T22:31:24.302Z","service":"vantage-main-server","env":"development","msg":"ringcentral.call_log_sync.completed","ranAt":"2026-08-18T12:00:00.000Z","windowFrom":"2026-08-18T00:00:00.000Z","windowTo":"2026-08-18T12:00:00.000Z","leaseOwnerHash":"e0e92466da53","leaseAcquired":true,"leaseRecovered":false,"leaseLost":false,"skipped":false,"skipReason":null,"runtimeMs":30,"fetchedRecords":1,"candidateRecords":1,"qualifiedRecords":1,"ingestActions":{"lead_created":0,"lead_created_duplicate":0,"lead_adopted":1,"lead_adopted_duplicate":0,"shadow_recorded":0,"dry_run":0,"skipped_already_processed":0},"adoptedRecords":1,"adoptionConflicts":0,"throttledResponses":0,"leadsCreated":0,"duplicatesFlagged":0,"cursorAdvanced":true,"errors":[]}
{"level":"info","time":"2026-09-18T22:31:24.303Z","service":"vantage-main-server","env":"development","msg":"ringcentral.call_log_sync.completed","observability_level":"info","category":"ringcentral","workflow":"ringcentral_call_log_sync","run_id":"2026-08-18T12:00:00.000Z"}
✔ qualifies an inbound answered call over 120s to a mapped toll-free (7.5879ms)
✔ qualifies a GetMovers inbound call log record (0.6698ms)
✔ rejects a call under 120 seconds (0.4238ms)
✔ rejects an outbound call (0.3506ms)
✔ rejects a call to an unmapped number (0.3242ms)
✔ rejects a missed (unanswered) call (0.2756ms)
✔ matches target number across call legs and picks the inbound caller (0.369ms)
✔ aggregates a multi-party session and qualifies the canonical queue party over 120s (3.5399ms)
✔ uses answered agent lifecycle timing when the target queue leg disconnects early (2.0445ms)
✔ rejects a session that disconnected under 120 seconds (0.7071ms)
✔ a live (non-terminal) call over 120s qualifies but is not ingest-eligible (0.4695ms)
✔ an outbound-only session is not a lead (0.3731ms)
﹣ [AC-14][AC-15][AC-16] Unit 20 replica adoption, conflict continuation, races, and rollback (2.3774ms) # Replica-set proof is opt-in via GRANOT_LIFECYCLE_REPLICA_TESTS=true.
✔ [AC-14] one exact immutable-phone candidate is selected without guessing (5.1312ms)
✔ [AC-16] zero and multiple candidates remain explicit outcomes (0.9719ms)
✔ [AC-14][AC-16] candidate window is inclusive at exactly plus/minus 12 hours (0.5131ms)
✔ [AC-14][AC-16] exact boundaries qualify and one millisecond outside does not (0.9513ms)
✔ [AC-16] missing call start fails adoption closed without querying candidates (0.5573ms)
✔ [AC-16] Job-only/missing-phone input is never an adoption candidate (0.5301ms)
✔ adoption match key stays exact Source Granularity plus ingested phone (4.1782ms)
✔ [AC-16] different Source Granularity with the same phone is not an adoption candidate (1.0176ms)
✔ [AC-14] current-contact drift cannot replace immutable creation phone (0.7527ms)
✔ [AC-14] telephony session wins over call-log identity (3.0361ms)
✔ [AC-14] adoption statuses are terminal replay outcomes (0.5041ms)
✔ [AC-14] call-log race fence is declared unique and sparse (0.3267ms)
✔ recording adapter uses fixed account endpoints and discards contentUri (49.0531ms)
✔ streaming client shares JWT refresh once, returns headers and forbids redirects (1.9971ms)
✔ recording deadline bounds stalled token acquisition and unauthorized refresh (1.6762ms)
{"level":"info","time":"2026-09-18T22:31:25.957Z","service":"vantage-main-server","env":"development","msg":"ringcentral.ingest.skipped_already_processed","telephonySessionId":"u20-session","callLogId":null,"previousStatus":"lead_adopted","ingestionSource":"webhook"}
✔ [AC-14] telephony replay returns before adoption candidate work (4.7346ms)
✔ [AC-14][AC-15] adoption occurs before duplicate classification and suppresses create (2.219ms)
✔ [AC-16] no adoption candidate continues through normal ingest (1.3433ms)
✔ [AC-14] webhook and Call Log descriptors enter equivalent convergence (0.9903ms)
✔ [AC-14] call-log-only create fails closed before candidate or Lead work without indexes (1.4378ms)
✔ adoption off still creates a RingCentral-origin Call Lead (documented Race B twin) (1.448ms)
✔ RingCentral ingest lock stays gated on the adoption flag (0.9542ms)
{"level":"info","time":"2026-09-18T22:31:25.963Z","service":"vantage-main-server","env":"development","msg":"ringcentral.ingest.processed","action":"dry_run","writeMode":"dry_run","duplicate":false,"duplicateReason":"unique","ingestionSource":"webhook","telephonySessionId":"u20-session","callLogId":null,"sourceCompany":"main_site","durationSeconds":180,"callLeadId":null}
{"level":"info","time":"2026-09-18T22:31:25.967Z","service":"vantage-main-server","env":"development","msg":"ringcentral.ingest.processed","action":"lead_created","writeMode":"create","duplicate":false,"duplicateReason":"unique","ingestionSource":"webhook","telephonySessionId":"u20-session","callLogId":null,"sourceCompany":"main_site","durationSeconds":180,"callLeadId":"507f1f77bcf86cd799439099"}
✔ first call from a caller is unique (2.6878ms)
✔ a second call from the same caller + source within the window is a duplicate (0.6912ms)
✔ the same telephony session is not counted as its own duplicate (0.5068ms)
✔ [AC-15] the same call-log identity is not counted as its own duplicate (0.7113ms)
✔ a call with no caller phone cannot be classified as a duplicate (0.294ms)
✔ phone numbers in different formats still match as duplicates (0.4945ms)
✔ duplicate lookup uses the earlier-only 90-day window (0.9809ms)
✔ same caller and source exactly 90 days apart is a duplicate (0.6025ms)
✔ same caller and source more than 90 days apart is unique (0.5339ms)
✔ different source is scoped out by the duplicate lookup (0.6673ms)
✔ [AC-15] adopted Lead id is excluded from duplicate classification (0.6963ms)
✔ [AC-15][AC-16] unresolved Granot candidates do not create false duplicates (0.7286ms)
✔ [AC-15] adopted Granot candidate from another physical call remains eligible (0.6271ms)
✔ [AC-15] future Leads are outside the earlier-only duplicate window (0.7697ms)
✔ builder: mode all is the account telephony path with no direction filter and no withRecordings; inbound builder is byte-for-byte unchanged (3.9108ms)
✔ classification: owned+matching managed by health; owned inbound-only and foreign same-address subscriptions are never managed (1.1894ms)
✔ plan/apply: noop when healthy, create when none owned, foreign same-address subscription is reported and untouched (2.231ms)
✔ renewal: expiring owned subscription is renewed; renewing a foreign id is refused before any provider call (1.6509ms)
✔ repair: blacklisted owned subscription is deleted, marked and recreated; a foreign id is never deleted or replaced (1.5197ms)
✔ health edges: unknown expiry is renew-due; unknown or missing status is reported and never repaired (review finding 6) (1.1516ms)
✔ ownership evidence fails closed: create without a recordable store surfaces the created id instead of orphaning it (review finding 7) (2.0648ms)
✔ provider adapter builds the exact RingCentral subscription requests over the shared client (1.7088ms)
{"level":"info","time":"2026-09-18T22:31:27.771Z","service":"vantage-main-server","env":"development","msg":"ringcentral.webhook.received","receivedAt":"2026-09-18T22:31:27.769Z","method":"POST","validationTokenPresent":true,"contentType":"application/json","userAgent":"node","eventHeaders":{},"subscriptionId":null,"telephonySessionId":null,"partyId":null,"event":"/restapi/v1.0/account/~/telephony/sessions"}
{"level":"info","time":"2026-09-18T22:31:27.773Z","service":"vantage-main-server","env":"development","msg":"ringcentral.webhook.capture.mongo_unavailable_logged","capture":{"provider":"ringcentral","receivedAt":{},"validationTokenPresent":true,"headers":{"host":"127.0.0.1:59843","connection":"keep-alive","content-type":"application/json","validation-token":"synthetic-validation","accept":"*/*","accept-language":"*","sec-fetch-mode":"cors","user-agent":"node","accept-encoding":"gzip, deflate","content-length":"80"},"rawBody":{"uuid":"echo-1","event":"/restapi/v1.0/account/~/telephony/sessions","body":{}},"normalizedPreview":{"subscriptionId":null,"event":"/restapi/v1.0/account/~/telephony/sessions","uuid":"echo-1","timestamp":null,"telephonySessionId":null,"sessionId":null,"partyId":null,"direction":null,"statusCode":null,"fromPhoneNumber":null,"fromName":null,"toPhoneNumber":null,"toName":null,"extensionId":null,"extensionNumber":null},"uuid":"echo-1","event":"/restapi/v1.0/account/~/telephony/sessions"}}
{"level":"info","time":"2026-09-18T22:31:27.774Z","service":"vantage-main-server","env":"development","msg":"ringcentral.webhook.processing.disabled","subscriptionId":null,"telephonySessionId":null}
{"level":"info","time":"2026-09-18T22:31:27.804Z","service":"vantage-main-server","env":"development","msg":"ringcentral.webhook.received","receivedAt":"2026-09-18T22:31:27.804Z","method":"POST","validationTokenPresent":false,"contentType":"application/json","userAgent":"node","eventHeaders":{},"subscriptionId":null,"telephonySessionId":null,"partyId":null,"event":null}
{"level":"info","time":"2026-09-18T22:31:27.804Z","service":"vantage-main-server","env":"development","msg":"ringcentral.webhook.capture.mongo_unavailable_logged","capture":{"provider":"ringcentral","receivedAt":{},"validationTokenPresent":false,"headers":{"host":"127.0.0.1:59843","connection":"keep-alive","content-type":"application/json","accept":"*/*","accept-language":"*","sec-fetch-mode":"cors","user-agent":"node","accept-encoding":"gzip, deflate","content-length":"27"},"rawBody":{"uuid":"echo-2","body":{}},"normalizedPreview":{"subscriptionId":null,"event":null,"uuid":"echo-2","timestamp":null,"telephonySessionId":null,"sessionId":null,"partyId":null,"direction":null,"statusCode":null,"fromPhoneNumber":null,"fromName":null,"toPhoneNumber":null,"toName":null,"extensionId":null,"extensionNumber":null},"uuid":"echo-2"}}
{"level":"info","time":"2026-09-18T22:31:27.805Z","service":"vantage-main-server","env":"development","msg":"ringcentral.webhook.processing.disabled","subscriptionId":null,"telephonySessionId":null}
✔ validation echo: the route echoes Validation-Token on a 200 and fans out only a durable receipt (262.2389ms)
✔ phone equality is Likely; exact session authorizes only that interaction and account (3.0931ms)
✔ overlaps are ambiguous; nonoverlapping moves and outside-overlap events stay independent (1.9607ms)
✔ unique current Attached outranks candidates; competing Attached blocks; reject and detach persist (0.7158ms)
✔ Form and Call windows include boundaries; later snapshots never backdate identity (2.7186ms)
✔ actual attachment queue and five-minute cron registrations, disabled worker skips without Mongo (2.9902ms)
✔ Owner attachment routes and cron recovery: authority, scope, flag, strict payload, CAS mapping and read-only GET (247.9505ms)
✔ eligibility: all five accepted contexts, both Lead models, exclusions and absent upstream inputs (3.4915ms)
✔ media stream hashes actual bytes, uses immutable account key and cleans transient file (100.3837ms)
✔ media rejects declared and streamed oversize, mismatched length/type and arbitrary audio (14.932ms)
✔ Retry-After seconds, HTTP date and default (3.5555ms)
✔ text-only transcript retains unknown speakers and unavailable timing (34.5292ms)
✔ provider timing and actual speaker survive cross-boundary payment redaction (2.2005ms)
✔ invalid provider timing is unavailable; pricing is configured and rounded to integer cents (0.6934ms)
✔ CSI-12 five-minute cron, authentication, flag-off and default recovery/queue wiring (132.0638ms)
✔ CSI-11 queue stages, cron schedule, auth, flag-off and lease-held wiring (144.661ms)
✔ CSI-11 modules never import qualification, Lead writers, budgets, STT or LLMs (3.8332ms)
✔ CSI route templates expand only the closed run paths and methods (3.9558ms)
✔ Owner analysis commands bind exact output and source evidence (5.5895ms)
✔ published DTO fixtures preserve undated and review-only rows and unknown coverage (1.6574ms)
✔ accepted policy defaults and invalid schedules (41.9155ms)
✔ strict commands allow undated independent actions and reject operational injection (27.5704ms)
✔ Grok review: empty channels/evidence and duplicate assessment are rejected; no locator gate (13.7352ms)
✔ all CSI model accessors honor isolated database routing without suffix collections (40.9323ms)
✔ signed run token requires scoped principal, live run, dataset, nonce, expiry, subject and tool (6.3026ms)
✔ single-attempt adapter never retries a non-idempotent submission, including 401/429/timeout (4.5501ms)
✔ Direct chat must have exactly the two reviewed people; supports provider member objects (18.4827ms)
✔ SMS and pager use JWT sender and correct endpoint contract (1.7136ms)
✔ repair receipt requires exact ID, sender and Direct membership, not matching text/time (8.4974ms)
✔ body/customer destination policy handles canonical, formatted and full-width representations (1.9314ms)
✔ versioned templates limit customer identity; purpose/version/client chat are strict (3.3737ms)
✔ optional channels default off (0.7656ms)
✔ nudge routes enforce signed Owner, feature, strict input, idempotency; GET never dispatches (422.0451ms)
✔ repair cron is authenticated, disabled without DB, registered every five minutes (56.9878ms)
✔ 30/15/1440 clocks, Friday close, Sunday, DST and independent weekly calendar (34.4098ms)
✔ day-only waits end at close; Attention next opening; explicit Sunday honoured; ambiguity undated (17.9095ms)
✔ all three actions including undated; snooze preserves contractual overdue and other reasons (43.9444ms)
✔ inbound human versus missed/provider connected; attempts fulfill callback only and retain outcome (14.971ms)
✔ wait coexistence, official closure precedence, planning denies stale and Owner effects (5.8437ms)
✔ worker, cron and recovery registrations exist without enabling production flags (1.3028ms)
✔ exact names remain proposed; alias ties, duplicate names, missing names and non-Users remain explicit (5.0423ms)
✔ account scope, half-open reassignment, retirement and review authority (1.9971ms)
✔ period validation compares instants and rejects unknown input keys (5.7097ms)
✔ registered identity worker is a flag-off no-op (1.3732ms)
✔ all five Rep routes enforce Owner, strict contracts, scope, flags and idempotency header (333.4173ms)
✔ minute recovery invokes registered bounded rep stage, honors flag and cron authentication (31.359ms)
✔ call lead browse q includes Granot snapshot name (9.4066ms)
✔ call lead browse phone matches the typed string on live and snapshot paths (1.4889ms)
✔ Call Lead Search phone ORs live, ingested, and Granot snapshot paths (6.1666ms)
✔ Call Lead Search name ORs ingested and Granot name paths (1.4716ms)
✔ Call Lead Search email ORs ingested and Granot email paths (0.7586ms)
✔ Call Lead Search keeps OR across phone, name, and email (0.6728ms)
✔ form lead browse q includes Granot snapshot name (9.6973ms)
✔ form lead browse name includes ingested and Granot name paths (1.3384ms)
✔ form lead browse email includes ingested and Granot email paths (0.8926ms)
✔ form lead browse phone matches the typed string on live and snapshot paths (1.2237ms)
✔ form lead browse empty query finds all leads including duplicates (2.2499ms)
✔ form lead browse result card omits snapshot objects (1.2313ms)
✔ form lead search excludes duplicate quarantine leads by default (5.2139ms)
✔ form lead search includes duplicate quarantine leads when requested (0.6738ms)
{"level":"info","time":"2026-09-18T22:31:27.649Z","service":"vantage-main-server","env":"development","msg":"sheet_sync.drain.quota_deferral","spreadsheetId":"sheet-1","tabName":"Calls","writes":1}
✔ batches existing-row updates and new-row appends into one call each (6.5385ms)
✔ deletes rows in descending order in a single batchUpdate (3.6931ms)
✔ missing delete rows are an idempotent success (no API call) (0.9421ms)
✔ defers all writes when the read-quota reservation is denied (2.3359ms)
✔ partial failure: update call fails but appends still succeed (3.0343ms)
✔ append batches are split by configured row guardrail (1.1899ms)
✔ buildTabRowMap maps Mongo IDs to 1-based row numbers (0.4878ms)
✔ QuotaLimiter grants within budget and denies (with rollback) past it (0.957ms)
{"level":"info","time":"2026-09-18T22:31:28.393Z","service":"vantage-main-server","env":"development","msg":"sheet_sync.drain.call_lead.created_on_unmatched.skipped","leadId":"6aadbbc0deb0f655a84aad92"}
✔ jobPlanner registers mongoose models required for booked-lead populate (3.121ms)
✔ planJobWrites turns a tombstone's previous_targets into delete writes (4.7996ms)
✔ planJobWrites skips tombstone targets with unknown headers (1.2036ms)
✔ planJobWrites limits retrying tombstones to target_hints (0.9982ms)
✔ planJobWrites returns a single empty plan when a tombstone has no targets (1.0004ms)
✔ planJobWrites dual-writes bad form leads to Forms and Master Bad Leads (3.9359ms)
✔ planJobWrites deletes stale Master Bad Leads row when bad_lead is cleared (1.5415ms)
✔ planJobWrites deletes stale Calls row when duplicate call lead lacks sheet_sync metadata (1.8498ms)
✔ ordinary No-Sync Form deletes Forms only and does not upsert (1.5217ms)
✔ ordinary No-Sync Call deletes Calls only and does not upsert (1.6965ms)
✔ Booking Chain + ordinary No-Sync Call upserts Booked Deals and deletes Calls (2.3587ms)
✔ Unmatched Call without no_sync stays an empty plan with no deletes (2.5449ms)
✔ no_sync + bad_lead matches today's Bad Form dual-write (1.5301ms)
✔ no_sync + Call duplicate matches today's Duplicate Calls plan (1.4144ms)
✔ Form Duplicate upserts Duplicates and does not delete leftover Forms (5.3376ms)
✔ no_sync + Form duplicate matches today's Form Duplicate plan (1.7474ms)
✔ clear no_sync on an ordinary Form upserts Forms (1.3578ms)
✔ isNoSyncLead is false for missing / false / null (1.3406ms)
✔ noSyncAppliesToNormalTabs is false when duplicate or bad_lead (0.5685ms)
{"level":"info","time":"2026-09-18T22:31:34.121Z","service":"vantage-main-server","env":"development","msg":"sheet_sync.outbox.enqueued","coalescingKey":"source_lead:FormLead:6aadbbc6d948c83d98d9a0eb","resource":"source_lead","operation":"form_lead.create","jobId":"6aadbbc6d948c83d98d9a0ec","dueAt":"2026-09-18T22:31:37.120Z","priority":60}
✔ enqueueSheetSyncJob writes a coalescing upsert keyed by entity (6.9743ms)
✔ enqueueSheetSyncJob threads the caller session for atomic commit (0.8031ms)
✔ enqueueSheetSyncTombstone cancels the superseded upsert then writes the delete (0.9586ms)
✔ persistSheetSyncIntent only writes the outbox in queued mode (0.7249ms)
{"level":"info","time":"2026-09-18T22:31:34.126Z","service":"vantage-main-server","env":"development","msg":"sheet_sync.outbox.enqueued","coalescingKey":"booking_chain:b1","resource":"booking_chain","operation":"booked_lead.update","jobId":"6aadbbc6d948c83d98d9a0ed","dueAt":"2026-09-18T22:31:37.125Z","priority":80}
{"level":"info","time":"2026-09-18T22:31:34.126Z","service":"vantage-main-server","env":"development","msg":"sheet_sync.outbox.upsert_superseded_by_delete","supersededKey":"source_lead:CallLead:lead-1","cancelled":1}
{"level":"info","time":"2026-09-18T22:31:34.127Z","service":"vantage-main-server","env":"development","msg":"sheet_sync.outbox.tombstone_enqueued","coalescingKey":"delete_source_lead:CallLead:lead-1","resource":"delete_source_lead","operation":"call_lead.delete","jobId":"6aadbbc6d948c83d98d9a0ee","mongoId":"lead-1"}
{"level":"info","time":"2026-09-18T22:31:34.127Z","service":"vantage-main-server","env":"development","msg":"sheet_sync.outbox.enqueued","coalescingKey":"source_lead:CallLead:lead-9","resource":"source_lead","operation":"call_lead.update","jobId":"6aadbbc6d948c83d98d9a0ef","dueAt":"2026-09-18T22:31:37.127Z","priority":50}
✔ syncSourceLead evaluates no_sync before unmatched and deletes ordinary tabs without the facade (15.3557ms)
✔ projects tariff rows into Timestamp through Carrier columns (3.4198ms)
✔ resolves a Granot Carrier Code to the Moving Carrier name and DOT (2.547ms)
✔ appends both service rows with resolved Carrier and never upserts by identifier (3.8806ms)
✔ appends Linehaul plus a free-text Service row (1.0239ms)
✔ refuses an empty append (0.6436ms)
✔ hasBbbRedaction detects BBB PII redaction tokens (1.6505ms)
✔ listTestimonialsQuerySchema coerces pagination and boolean filters (2.5447ms)
✔ buildTestimonialFilter applies only provided query flags (1.3764ms)
✔ adminTestimonialsQuerySchema coerces admin filters and sort direction (3.4185ms)
✔ buildAdminTestimonialFilter applies reviewer, rating, customer, and date filters (0.6967ms)
✔ listTestimonials returns paginated landing-page items (0.7879ms)
✔ listAdminTestimonials returns admin fields and applies requested sort (0.7744ms)
✔ listAdminTestimonialReviewerNames returns sorted unique non-empty names (1.0654ms)
{"level":"warn","time":"2026-09-18T22:31:35.625Z","service":"vantage-main-server","env":"development","msg":"source_lead.update.booking_missing","operation":"call_lead.update","leadModel":"CallLead","leadId":"6aadbbc7181d210188ddbe4a","bookingId":"6aadbbc7181d210188ddbe4b"}
✔ booked call lead refreshes attached booking customer and local (9.7545ms)
✔ booked form lead refreshes attached booking customer and local (2.23ms)
✔ unbooked lead keeps source lead sync target (0.66ms)
✔ stale booking reference falls back to source lead sync (1.3512ms)
✔ mismatched booking reference falls back to source lead sync (0.8872ms)
{"level":"warn","time":"2026-09-18T22:31:35.627Z","service":"vantage-main-server","env":"development","msg":"source_lead.update.booking_mismatch","operation":"call_lead.update","leadModel":"CallLead","leadId":"6aadbbc7181d210188ddbe4c","bookingId":"6aadbbc7181d210188ddbe4d","bookingLeadModel":"FormLead","bookingLeadId":"6aadbbc7181d210188ddbe4e"}
✔ V1ServiceError preserves the original (message, statusCode = 400) constructor signature (1.873ms)
✔ V1ServiceError is an AppError (single instanceof handles both legacy and typed throws) (0.4711ms)
✔ V1ServiceError keeps its historical `name` so existing log filters match (0.3098ms)
✔ V1ServiceError maps its statusCode onto a stable error code for logs (0.4636ms)
✔ parseFloridaCalendarDate stores YYYY-MM-DD as Florida calendar midnight UTC (2.5679ms)
✔ formatFloridaCalendarDate renders stored calendar dates without local timezone drift (0.6026ms)
✔ floridaCalendarToday uses the America/New_York calendar day (1.0821ms)
✔ floridaCalendarDateInputValue returns YYYY-MM-DD in Florida time (0.4745ms)
✔ toFloridaTimestamp stores Eastern daylight time clock components (0.6678ms)
✔ toFloridaTimestamp stores Eastern standard time clock components (0.4466ms)
✔ easternDateTimeParts reads America/New_York wall clock in standard and daylight time (1.9958ms)
✔ easternWallClockToUtc maps 8:00 AM Eastern to the matching UTC instant (0.663ms)
✔ escapeSheetTitleForRange wraps plain titles in single quotes (1.771ms)
✔ escapeSheetTitleForRange doubles single quotes inside a sheet title (0.4681ms)
✔ escapeSheetTitleForRange preserves whitespace and non-quote punctuation (0.258ms)
✔ extractRowNumberFromRange parses single-cell updates (0.4154ms)
✔ extractRowNumberFromRange parses appended row ranges (0.3176ms)
✔ extractRowNumberFromRange returns undefined for missing or malformed input (0.2742ms)
✔ generateLeadId returns unique established-format identifiers (4.235ms)
✔ parseGranotCityState accepts multi-word cities and normalizes state (2.9212ms)
✔ Granot location parsing rejects placeholder and malformed values (1.0042ms)
✔ isObjectIdString accepts 24-char hex ids (2.2704ms)
✔ toObjectId parses hex strings (0.7768ms)
✔ toObjectIdOrUndefined maps empty values to undefined (0.3506ms)
✔ job-number-timeline loader does not value-import ObjectId from mongodb (0.9806ms)
✔ newObjectIdHex returns a distinct 24-char hex id (1.8855ms)
✔ normalizePhoneNumberForStorage strips US formatting and leading country code (2.0714ms)
✔ normalizePhoneNumberForStorage preserves unrecognized phone values (0.4141ms)
✔ normalizePhoneNumberForStorage preserves explicit foreign numbers (0.2968ms)
✔ normalizePhoneNumberForMatch keeps existing last-ten-digits matching behavior (0.3641ms)
✔ normalizePhoneNumberForMatch uses full foreign number digits (0.3043ms)
✔ rep promise and customer callback request stay distinct kinds (15.7254ms)
✔ multiple commitments accept an undated action without inventing a due date (2.42ms)
✔ voicemail with unknown speaker is valid and is not human conversation (1.5305ms)
✔ contact restriction is schema-valid without closing Outreach (4.2674ms)
✔ owner-instruction disagreement cites the exact instruction revision (2.0358ms)
✔ rejects extra operational fields on the envelope and nested objects (3.2996ms)
✔ rejects malformed evidence references (3.4581ms)
✔ rejects unknown finding kinds, duplicate keys, and dangling finding_keys (8.4226ms)
✔ schema validation does not authorize evidence or apply business effects (1.9217ms)
✔ enforces document 10 engineering bounds (8.3691ms)
✔ createCallLeadSchema accepts a job_no-only call lead (4.3179ms)
✔ updateFormLeadSchema accepts canonical pickup and delivery cities (1.3157ms)
✔ createCallLeadSchema rejects call leads without phone_number or job_no (0.5729ms)
✔ createBookedLeadFromSourceSchema accepts CallLead booking with only call_job_no (1.3874ms)
✔ createReferralBookingSchema accepts owner-facing referral booking fields (0.5995ms)
✔ createReferralBookingSchema accepts optional customer_phone (0.1685ms)
✔ createBookedLeadFromSourceSchema accepts optional customer contact fields (0.7477ms)
✔ createCustomerSchema accepts name-only customers (0.3282ms)
✔ createReferralBookingSchema rejects server-owned referral source fields (0.4421ms)
✔ createLeadlessBookingSchema accepts owner-facing leadless booking fields (0.6932ms)
✔ createLeadlessBookingSchema accepts booking without customer contact fields (0.1808ms)
✔ createLeadlessBookingSchema rejects server-owned leadless flags (0.2001ms)
✔ createBookedLeadSchema accepts FormLead booking by Mongo id without job_no (0.91ms)
✔ createBookedLeadFromSourceSchema accepts transient CallLead booking phone (0.154ms)
✔ createBookedLeadFromSourceSchema accepts CallLead booking with only phone on Best Relocation import (0.131ms)
✔ createBookedLeadFromSourceSchema rejects Owner Call Lead booking with only phone (0.1803ms)
✔ createBookedLeadFromSourceSchema rejects CallLead booking without job or phone (0.1673ms)
✔ createFormLeadSchema does not accept duplicate from clients (1.1452ms)
✔ createFormLeadSchema does not accept bad_lead from clients (0.4108ms)
✔ createFormLeadSchema accepts optional lid from clients (0.3923ms)
✔ createFormLeadSchema accepts Best Relocation UUID identity and sheet flags (0.4186ms)
✔ createFormLeadSchema rejects malformed lid values (0.377ms)
✔ updateFormLeadSchema accepts duplicate for backfill and admin patches (0.5727ms)
✔ updateFormLeadSchema accepts and clears bad_lead reasons (0.4079ms)
✔ createFormLeadSchema accepts optional wordpress_submission_key (0.4428ms)
✔ createFormLeadSchema defaults post_to_granot to false when omitted (0.1768ms)
✔ createFormLeadSchema defaults an omitted or blank ref_no (0.3666ms)
✔ createFormLeadSchema accepts first and last name without name (0.2002ms)
✔ createFormLeadSchema rejects payloads without any name fields (0.249ms)
✔ createFormLeadSchema accepts post_to_granot boolean false (0.2046ms)
✔ createFormLeadSchema accepts post_to_granot string false (0.1237ms)
✔ createFormLeadSchema accepts boolean sms_consent (0.1921ms)
✔ createFormLeadSchema coerces string sms_consent values (0.1647ms)
✔ createFormLeadSchema accepts typo emails as plain strings (0.125ms)
✔ createCallLeadSchema does not accept server-owned flags from clients (0.1809ms)
✔ createCallLeadSchema accepts imported qualification flags (0.185ms)
✔ createCallLeadSchema accepts optional first and last name (0.306ms)
✔ createCallLeadSchema accepts Best Relocation Inbounds webhook payload (0.3922ms)
✔ bookedCallLeadReconciliationBatchSchema accepts Booked Jobs CRM rows (1.3494ms)
✔ CallLead model validates job_no-only identity (12.5326ms)
✔ CallLead model stores form_fill when computed by the service (1.3748ms)
✔ BookedLead model validates phone-only CallLead bookings without job_no (5.2817ms)
✔ BookedLead model validates leadless referral bookings (1.4349ms)
✔ BookedLead model validates leadless bookings without lead linkage (0.9689ms)
✔ BookedLead model still requires lead linkage for non-referral bookings (1.6565ms)
✔ FormLead model stores duplicate quarantine flag (2.03ms)
✔ FormLead model stores bad_lead enum values (1.3816ms)
✔ FormLead model and update validation support lossless legacy bad-tab provenance (1.2954ms)
✔ FormLead model rejects unknown bad_lead values (1.0199ms)
✔ FormLead model defaults missing state fields to not_found (0.6516ms)
✔ CallLead model rejects identity-less documents (0.9189ms)
✔ FormLead model accepts receiver_agent provenance fields (0.9539ms)
✔ FormLead model rejects an unknown receiver_agent_source value (1.2945ms)
✔ CallLead model accepts receiver_agent provenance fields (0.8634ms)
✔ updateFormLeadSchema accepts receiver_agent linking fields (0.262ms)
✔ updateCallLeadSchema accepts receiver_agent linking fields (1.1188ms)
✔ searchFormLeadsSchema accepts typo emails as plain strings (0.5045ms)
✔ searchFormLeadsSchema accepts include_duplicates to search quarantined leads (0.1017ms)
✔ resolveGranotFormLeadSchema keeps provider refs and requires a Granot source (0.3522ms)
✔ granotFormLeadSyncSchema separates the patch from its source precondition (2.0989ms)
✔ browseFormLeadsQuerySchema allows an empty query (view all) with defaults (0.5376ms)
✔ browseFormLeadsQuerySchema accepts a standalone source_company filter (0.1303ms)
✔ browseFormLeadsQuerySchema coerces booked and limit query strings (0.1971ms)
✔ browseFormLeadsQuerySchema rejects unknown keys (0.1777ms)
✔ browseCallLeadsQuerySchema accepts job_no and full-text q (0.515ms)
✔ [AC-07] [AC-10] public/admin Form create and patch reject internal lifecycle metadata (6.2779ms)
✔ [AC-12] public/admin Call create and patch reject internal lifecycle metadata (3.6043ms)
✔ create and update Form and Call schemas accept optional no_sync (0.4718ms)
✔ [AC-07] ordinary Form create still requires move_size; ordinary Call still requires phone or job_no (0.4782ms)
✔ create and update Cancellation schemas reject client-supplied correlation snapshots (10.9152ms)
✔ reconciliation list query accepts owner_booking origin (8.9072ms)
✔ create-and-attach validates Form Lead fields for its selected model (6.8042ms)
✔ create-and-attach requires Phone or Job Number for a Call Lead (1.2072ms)
✔ [AC-31] foundation activation input is strict and bounded (3.5973ms)
✔ [AC-37] requeue reason is strict 10-500 and rejects unknown keys (0.7297ms)
✔ [AC-35] portion lifecycle error envelopes stay raw-free (0.1492ms)
✔ [AC-34] extension apply item requires lowercase UUID v4 and raw statement scalars (2.1612ms)
✔ [AC-02] batch rejects duplicate operation IDs and more than 100 items (0.6472ms)
✔ [AC-23][AC-35][AC-36] discrepancy filters and Owner bodies are strict and revision guarded (2.7926ms)
✔ receipt search query is strict, normalizes identity, and implies booking_status_changed (2.1686ms)
✔ [AC-18] [AC-19] case list query is strict, bounded, and validates date order (1.4156ms)
✔ [AC-35] candidate and timeline queries reject unsafe cursor/contact shapes (1.0764ms)
✔ [AC-40] Lead timeline accepts only the exact model union and ObjectId (1.0268ms)
✔ [AC-22] confirm Booking input is strict and validates exact official cents (2.7452ms)
✔ Connect Booking to Lead input is strict and requires selected_lead (1.0262ms)
✔ Connect candidate query allows empty q and rejects unknown keys (0.6408ms)
✔ [AC-28] Referral Booking input accepts only case revision and strict official details (1.3556ms)
✔ [AC-22] confirm Booking accepts one or two unique Agents and rejects a matching secondary (0.5859ms)
✔ [AC-24] update Booking is a strict complete replacement with both revisions (1.2561ms)
✔ [AC-20] Booking No Action reasons are independently optional and strict (0.7989ms)
✔ [AC-25] Confirm Cancellation accepts only strict official fields with exact date and cents (1.1053ms)
✔ lead message admin query applies bounded pagination (7.6887ms)
✔ manual retry requires explicit confirmation (1.6554ms)
✔ Simple CPL validation requires revisions and cents-precise nonnegative amounts (4.9259ms)
✔ Advanced CPL validation accepts only explicit discriminated commands (1.1768ms)
✔ Correction preview validates an inclusive ordered business-date window (1.3737ms)
✔ catalog update accepts Granot username correction with optional reason (5.5366ms)
✔ catalog update rejects reason-only payloads (1.6397ms)
✔ Source Company writes reject embedded granularities and compatibility defaults (2.927ms)
✔ Source Granularity create requires a first-class company ObjectId (2.8502ms)
✔ Source Granularity update rejects immutable identity fields (2.5222ms)
✔ source activation and resolution preview parse contract fields (5.7602ms)
✔ createTariffAdjustmentsSchema accepts two shared-field service rows (3.6722ms)
✔ createTariffAdjustmentsSchema accepts a Linehaul-only payload (0.5977ms)
✔ createTariffAdjustmentsSchema accepts Linehaul plus an owner-written service (0.4701ms)
✔ createTariffAdjustmentsSchema accepts three matching rows (0.5157ms)
✔ createTariffAdjustmentsSchema allows omitted effective_date when all rows omit it (0.5612ms)
✔ createTariffAdjustmentsSchema rejects an empty rows array (1.1156ms)
✔ createTariffAdjustmentsSchema rejects more than 20 rows (0.8095ms)
✔ createTariffAdjustmentsSchema requires at least one Linehaul row (0.3403ms)
✔ createTariffAdjustmentsSchema requires shared fields to match (0.913ms)
✔ createTariffAdjustmentsSchema rejects three rows with a mismatched pickup_zone (0.7823ms)
✔ createTariffAdjustmentsSchema requires a 5-digit ZIP and a carrier (0.9752ms)
✔ createTariffAdjustmentsSchema rejects a Service and Rule that are not a Drop Downs pair (0.5649ms)
✔ createTariffAdjustmentsSchema rejects customer and job identifiers (16.4268ms)
ℹ tests 2521
ℹ suites 13
ℹ pass 2407
ℹ fail 0
ℹ cancelled 0
ℹ skipped 114
ℹ todo 0
ℹ duration_ms 299542.4788
