
> vantage_movers_server@1.0.0 test C:\Users\Pinda\Proyectos\vantage\vantage-main-server
> node --import tsx --import ./ops/test-setup.ts --test "src/**/*.test.ts" "api/queues/**/*.test.ts" "scripts/api/*.test.ts" "scripts/migrations/cancellation-correlation-snapshots.lib.test.ts" "scripts/migrations/wordpress-form-submission-receipts.lib.test.ts" "scripts/migrations/extension-user-roles-sales-backfill.lib.test.ts" "scripts/migrations/extension-user-roles-array.lib.test.ts" "scripts/migrations/form-lead-unknown-state-local.lib.test.ts" "scripts/prototypes/lead-conversion-and-granot-search/**/*.test.ts" "scripts/prototypes/job-number-timeline/**/*.test.ts"

✔ consumer accepts only { receipt_id } (5.6233ms)
✔ vercel.json registers queue/v2beta topic granot-lifecycle-events* (1.4466ms)
✔ consumer accepts only { job_id } (8.7838ms)
✔ vercel.json registers queue/v2beta topic sales-intelligence-events* (1.6996ms)
✔ loadVantageApiConfig requires VANTAGE_API_SECRET (2.6487ms)
✔ loadVantageApiConfig defaults to production and never echoes the secret (0.3869ms)
✔ production write guard (0.635ms)
✔ buildVantageApiUrl joins path and query (0.4333ms)
✔ historical analysis stamps only surviving Booking job evidence (2.0338ms)
✔ historical analysis leaves missing Booking links as remainder (0.4701ms)
✔ historical analysis does not infer a job from a Booking without job fields (0.3119ms)
✔ already-stamped historical rows are not remainder and are not reapplied (0.2447ms)
✔ inventory summary lists remainder ids only (2.2725ms)
✔ roles-array report maps leftover singular role per spec §3.3 (4.0598ms)
✔ already-has-roles rows do not bump token_version and will not apply (0.651ms)
✔ roles-array summary counts convert versus already-has-roles (0.7879ms)
✔ sales backfill remaps the three production Employee emails and increments token_version (3.4333ms)
✔ sales backfill is a no-op when those emails are already Sales (0.8396ms)
✔ sales backfill leaves jbell, kylm, and ringram unchanged (0.5048ms)
✔ sales backfill summary counts remap versus leave-alone rows (0.4971ms)
✔ September 2026 window is the Florida-stamped calendar month (3.7926ms)
✔ filter is Form Leads in the month with a not_found state (1.6133ms)
✔ classify marks long_distance unknown-state rows for update (0.5479ms)
✔ classify skips rows that are already local (0.2709ms)
✔ summary counts needs_update versus already_local (0.8337ms)
✔ unique idempotency index is named and unique (3.7751ms)
✔ report-first index inventory names present vs missing (0.547ms)
✔ CLI unknown flags fail closed (2.3194ms)
✔ CLI production gate (0.741ms)
✔ CLI render requires --job-no (0.4031ms)
✔ CLI and load stay zero-mutation (2.7332ms)
✔ CLI render uses the production module (4.3247ms)
✔ Discover score (32.0224ms)
✔ activity grouping preserves every event id (42.9299ms)
✔ proof notes alias Job Numbers and pick required shapes (13.0792ms)
✔ collection count deltas stay empty when counts match (2.6675ms)
✔ percentile uses the ceiling rank (0.5879ms)
✔ observation Job filter remaps equivalentNormalizedJobFilter onto identity.normalized_job_no (3.5625ms)
✔ successful text is accepted, sent, or delivered (2.4507ms)
✔ conversion rate is zero when the cohort is empty (1.8799ms)
✔ two successful messages for one Lead count once (0.5273ms)
✔ SMS booked rate is booked among successfully texted Leads, not all Leads (0.9155ms)
✔ receiver-agent booked and cancelled both use received Leads as the denominator (0.9387ms)
✔ blank Job Number is rejected before any search (3.1142ms)
✔ Booked / Releas without booking_status_changed is rejected (1.2503ms)
✔ equivalent Job Numbers resolve to the same hit set (35.2411ms)
✔ event class keeps route_event_class, not payload event_type aliases (0.5302ms)
✔ booking_status_changed Booked and Releas are two granularities (0.6128ms)
✔ Priority 5 is not Booked (0.2988ms)
✔ latest Decision attempt only, and commands attach by observation provenance (0.4071ms)
✔ a command on another Job does not leak into this Job's timeline seed (0.3064ms)
✔ matching roles set authenticates even when order differs (1.4847ms)
✔ set mismatch, missing roles, missing version, email drift, inactive, and deleted fail (0.4091ms)
✔ leftover employee stored role matches Sales plus Customer Service claims (0.2309ms)
✔ refresh rejects a stale token_version (0.2902ms)
✔ issueTokens writes roles and token_version onto the access token (12.0355ms)
✔ PublicExtensionUser is id, email, and roles (0.6021ms)
✔ getExtensionUserFromAccessToken uses the matcher through an injected lookup (3.966ms)
✔ access token includes roles and token_version (11.4683ms)
✔ singular role tokens and missing claims fail access verify (6.6376ms)
✔ isAccessTokenPayload requires current roles and numeric token_version (0.3754ms)
✔ refresh token still signs and verifies sub plus token_version (1.8786ms)
✔ hasExtensionRole Owner checks pass for Owner unions and fail for Sales plus Customer Service (0.3395ms)
✔ lead sheet headers include booked date on Forms and Calls tabs (2.5438ms)
✔ call sheet headers omit owner-hidden descriptive and location columns (0.4614ms)
✔ lead sheet configuration includes duplicate and form fill surfaces (0.2698ms)
✔ source label mapping accepts Granot compact BestRelocation labels (0.4209ms)
✔ top10_leads sheet label is Top 10 Forms while legacy labels still resolve (0.4516ms)
✔ 10 Best inbound labels resolve to tbm_leads (0.3609ms)
✔ GetMovers labels resolve to get_movers_leads (0.3309ms)
✔ Paid Overflow labels resolve to paid_overflow (0.3101ms)
✔ lead sheet source company labels are precise by lead type (0.7786ms)
✔ getBookingReconciliationConfig defaults rematch reasons to matching_unavailable and no_match (3.8669ms)
✔ parseBookingReconciliationReasons rejects unknown values (1.2926ms)
✔ getBookingReconciliationConfig reads configured delays and limits (0.9808ms)
{"level":"info","time":"2026-09-19T04:48:19.971Z","service":"vantage-main-server","env":"development","msg":"operations_registry.compatibility_read","observability_level":"info","category":"admin","workflow":"operations_registry"}
{"level":"info","time":"2026-09-19T04:48:40.061Z","service":"vantage-main-server","env":"development","msg":"operations_registry.compatibility_read","observability_level":"info","category":"admin","workflow":"operations_registry"}
{"level":"info","time":"2026-09-19T04:49:00.113Z","service":"vantage-main-server","env":"development","msg":"operations_registry.compatibility_read","observability_level":"info","category":"admin","workflow":"operations_registry"}
{"level":"info","time":"2026-09-19T04:49:20.149Z","service":"vantage-main-server","env":"development","msg":"operations_registry.compatibility_read","observability_level":"info","category":"admin","workflow":"operations_registry"}
✔ simple-rate sources return their configured CPL for both form and call leads (80308.7369ms)
{"level":"info","time":"2026-09-19T04:49:40.234Z","service":"vantage-main-server","env":"development","msg":"operations_registry.compatibility_read","observability_level":"info","category":"admin","workflow":"operations_registry"}
{"level":"info","time":"2026-09-19T04:50:00.325Z","service":"vantage-main-server","env":"development","msg":"operations_registry.compatibility_read","observability_level":"info","category":"admin","workflow":"operations_registry"}
{"level":"info","time":"2026-09-19T04:50:20.404Z","service":"vantage-main-server","env":"development","msg":"operations_registry.compatibility_read","observability_level":"info","category":"admin","workflow":"operations_registry"}
{"level":"info","time":"2026-09-19T04:50:40.430Z","service":"vantage-main-server","env":"development","msg":"operations_registry.compatibility_read","observability_level":"info","category":"admin","workflow":"operations_registry"}
{"level":"info","time":"2026-09-19T04:51:00.453Z","service":"vantage-main-server","env":"development","msg":"operations_registry.compatibility_read","observability_level":"info","category":"admin","workflow":"operations_registry"}
✔ best_relocation_leads splits form CPL by local vs long_distance but not call CPL (100263.1984ms)
✔ not_provided always reports CPL 0 without querying CplRate (30036.0766ms)
{"level":"info","time":"2026-09-19T04:51:50.511Z","service":"vantage-main-server","env":"development","msg":"operations_registry.compatibility_read","observability_level":"info","category":"admin","workflow":"operations_registry"}
{"level":"info","time":"2026-09-19T04:52:10.524Z","service":"vantage-main-server","env":"development","msg":"operations_registry.compatibility_read","observability_level":"info","category":"admin","workflow":"operations_registry"}
{"level":"info","time":"2026-09-19T04:52:30.549Z","service":"vantage-main-server","env":"development","msg":"operations_registry.compatibility_read","observability_level":"info","category":"admin","workflow":"operations_registry"}
✔ legacy source labels are normalized before CPL lookup (60050.234ms)
{"level":"info","time":"2026-09-19T04:52:50.560Z","service":"vantage-main-server","env":"development","msg":"operations_registry.compatibility_read","observability_level":"info","category":"admin","workflow":"operations_registry"}
{"level":"info","time":"2026-09-19T04:53:00.567Z","service":"vantage-main-server","env":"development","msg":"operations_registry.compatibility_read","observability_level":"info","category":"admin","workflow":"operations_registry"}
✔ falls back to canonical defaults when Mongo is unreachable (20017.0087ms)
✔ missing Redis URL or token returns a null client (4.4048ms)
✔ UPSTASH_* names construct a client and KV_* aliases do too (3.5051ms)
✔ read-only token, KV_URL, and REDIS_URL are not used for the client (2.8713ms)
✔ test runner never publishes Daily Operations Redis writes (1.5271ms)
✔ TEST_MODE also keeps Daily Operations Redis publish off (1.2932ms)
✔ missing credentials keep publish off even outside the TEST_MODE flag (0.7423ms)
✔ Redis stream key uses VERCEL_ENV production or preview, otherwise local (0.906ms)
✔ collection names use the test prefix in the test runner (1.7933ms)
✔ parseEmployeeBookingAutoMatchRules preserves Exact Job Booking Attach order (3.3446ms)
✔ parseEmployeeBookingAutoMatchRules accepts none (0.5939ms)
✔ parseEmployeeBookingAutoMatchRules rejects duplicates (0.908ms)
✔ parseEmployeeBookingAutoMatchRules rejects retired phone, LID, and email rules (0.5635ms)
✔ getEmployeeBookingMatchingConfig defaults to Exact Job Booking Attach (0.7988ms)
✔ getEmployeeBookingMatchingConfig reads env values (0.5216ms)
✔ snapshotEmployeeBookingAutoMatchPolicy uses parsed config, not a raw env string (0.5073ms)
✔ Google service account env var name constants match the production / test names (1.2052ms)
✔ Google service account env var selectors swap to the *_TEST_* names in test mode (0.4905ms)
✔ completion redirect must match configured trusted admin origin (2.7351ms)
✔ localhost completion redirect is rejected in production (0.4258ms)
✔ production detection follows NODE_ENV and VERCEL_ENV (0.6511ms)
✔ owner email allowlist keeps the primary identity and unions extras (1.573ms)
✔ owner email allowlist rejects blank or duplicate extras (0.4732ms)
✔ [AC-31] foundation execution mode is historical without activation and permanent before cutoff (1.6471ms)
✔ [AC-31] foundation channel never changes execution mode (0.4905ms)
✔ lifecycle flags default to processing true, shadow true, and all effects false (1.3229ms)
✔ malformed lifecycle flag values fail closed (0.8495ms)
✔ blank Granot webhook secret is treated as missing configuration (2.0405ms)
✔ lifecycle queue topic is environment scoped (0.7202ms)
✔ lifecycle queue publishing stays off in the test runner and unapproved environments (0.6064ms)
✔ lead messaging mode defaults invalid and missing values to disabled (2.8451ms)
✔ lead messaging credentials use only definite environment variables (2.711ms)
✔ lead messaging queue topic is environment scoped and test-safe (1.369ms)
✔ Granot create-if-missing SMS stays off unless the env flag is an explicit boolean true (1.4624ms)
✔ quiet-hours scheduling is off unless the env flag is exactly true (0.9812ms)
✔ lead messaging abuse guards have safe defaults and env overrides (1.28ms)
✔ a successful confirmation text is accepted, sent, or delivered (0.6003ms)
✔ observability is disabled inside the test runner even with opt-in flags (3.6163ms)
✔ node test runner disables observability writes even when explicitly allowed (0.8308ms)
✔ bootstrap test runner marker survives env cleanup (1.0089ms)
✔ ALLOW_TEST_OBSERVABILITY is ignored on Vercel runtimes (0.9706ms)
✔ zip-state and auth capture flags are off while observability is disabled (2.5706ms)
✔ node test runner always forces test observability collections (1.0765ms)
✔ write mode parses values while test runner still blocks collection writes (1.8773ms)
✔ collection names follow runtime TEST_MODE by default (0.9302ms)
✔ collection mode production/test override TEST_MODE (0.9493ms)
✔ collection prefix is applied to default names (1.0585ms)
✔ custom collection mode cannot override forced test collections in the test runner (2.1162ms)
✔ event min level and info capture gate persistence (0.9286ms)
✔ owner-visible info events can bypass general info suppression (0.8254ms)
✔ email mode defaults to log_only and immediate levels default to critical (1.0378ms)
✔ owner events parse from csv (0.6409ms)
✔ config validation keeps test collections under custom mode in the test runner (0.814ms)
✔ Google reporting delivery kill switch is fail-closed (1.8372ms)
✔ Google reporting delivery kill switch accepts only explicit true (0.3313ms)
✔ isTestMode is true only for the literal string 'true' after trim/lowercasing (1.9687ms)
✔ shouldWriteSourceLeadSheets is false by default and only true for the literal 'true' (0.7284ms)
✔ getMongoDatabaseName swaps between the prod and test databases on TEST_MODE (0.7267ms)
✔ getRuntimeSheetContainerEnvVar prefixes TEST_ in test mode and is identity otherwise (0.4686ms)
✔ getRequiredEnv throws when the env var is missing or blank, with the var name in the message (0.8651ms)
✔ sheet container id helpers route through the TEST_-prefixed env var in test mode (0.5473ms)
✔ getSourceLeadSheetContainerId returns undefined for not_provided (no source sheet env var) (0.2131ms)
✔ getSourceLeadSheetContainerId returns undefined for paid_overflow (Master Sheets only) (0.1545ms)
✔ getSheetSyncMode defaults to legacy and parses known values (2.4448ms)
✔ queue topic is env-scoped and overridable (0.8562ms)
✔ budgets default below documented Google limits and parse overrides (0.8342ms)
✔ drain guardrails default to fast queue draining and parse overrides (0.7819ms)
✔ shouldPublishSheetSyncQueue stays off outside production Vercel (0.9569ms)
✔ isVercelFunctionRuntimeEnv requires hosted runtime markers (0.7408ms)
✔ shouldPublishSheetSyncQueue is always off during the test runner (0.6134ms)
✔ shouldPublishSheetSyncQueue keeps test runner guard after env cleanup (0.6367ms)
✔ coalescing keys follow the design doc shape (0.7837ms)
✔ delete resources supersede their matching upsert keys (1.157ms)
✔ priority ordering: deletes > booking > cancellation > create > update (0.5738ms)
✔ maps Initial Price cubic feet onto the Drop Downs Linehaul ranges (1.1546ms)
✔ treats Binding Estimate Fee as automatic, not an owner dropdown (0.3228ms)
✔ rules for a Service stay inside that Service (1.0997ms)
{"level":"info","time":"2026-09-19T04:47:22.406Z","service":"vantage-main-server","env":"development","msg":"logger.test.circular","data":{"name":"ring","self":"[Circular]"}}
✔ logger does not throw when an object passed to info() contains a circular reference (4.1747ms)
✔ logger does not throw when an object passed to info() contains BigInt values (0.5939ms)
✔ logger does not throw when err key is a non-Error value (0.8374ms)
✔ logger does not throw when given undefined or null payloads (0.4131ms)
✔ logger exposes the pino API the codebase relies on (0.3645ms)
{"level":"info","time":"2026-09-19T04:47:22.411Z","service":"vantage-main-server","env":"development","msg":"logger.test.bigint","pos":1234567890123456789,"neg":-9876543210123456789}
{"level":"error","time":"2026-09-19T04:47:22.411Z","service":"vantage-main-server","env":"development","err":"plain string error","msg":"logger.test.string_err"}
{"level":"error","time":"2026-09-19T04:47:22.412Z","service":"vantage-main-server","env":"development","err":{"code":"E_BAD","details":{"a":1}},"msg":"logger.test.object_err"}
{"level":"error","time":"2026-09-19T04:47:22.412Z","service":"vantage-main-server","env":"development","err":null,"msg":"logger.test.null_err"}
{"level":"error","time":"2026-09-19T04:47:22.412Z","service":"vantage-main-server","env":"development","msg":"logger.test.undefined_err"}
{"level":"info","time":"2026-09-19T04:47:22.412Z","service":"vantage-main-server","env":"development","msg":"plain string message"}
{"level":"info","time":"2026-09-19T04:47:22.412Z","service":"vantage-main-server","env":"development","msg":"logger.test.empty"}
{"level":"warn","time":"2026-09-19T04:47:22.412Z","service":"vantage-main-server","env":"development","msg":"logger.test.warn_no_data"}
✔ requireApiSecret accepts the global API secret on any v1 route (18.0683ms)
✔ requireApiSecret accepts a source-scoped key for its configured route (2.0618ms)
✔ requireApiSecret accepts a source-scoped key for configured call lead route (1.1568ms)
✔ requireApiSecret rejects a scoped key on a different route (5.6217ms)
✔ requireApiSecret rejects a scoped key for a different source company (1.3307ms)
✔ requireApiSecret rejects Sales plus Customer Service Bearer on form-lead data routes (2.1478ms)
✔ requireApiSecret allows Sales plus Customer Service Bearer on Tariff Adjustment Submit (1.1881ms)
✔ requireApiSecret rejects Sales-only Bearer on tariff, form-lead, and Enrichment apply routes (0.9642ms)
✔ requireApiSecret allows Customer Service Bearer on Tariff Adjustment Submit (1.6672ms)
✔ requireApiSecret rejects Customer Service Bearer on form-lead data routes (0.6812ms)
✔ requireApiSecret allows Owner Bearer on Tariff Adjustment Submit (0.7597ms)
✔ requireApiSecret rejects unknown secrets (1.3701ms)
✔ [AC-01] both valid secrets store header_secret and still validate the body (3.9153ms)
✔ [AC-01] one valid form authenticates; missing, wrong, nonscalar, and mismatched dual secrets do not (0.8417ms)
✔ [AC-01][AC-35] middleware deletes the body credential before 500, 401, and success (5.8045ms)
✔ [AC-01] nonscalar header or body forms are unauthorized and still strip the body key (0.8749ms)
✔ [AC-01][AC-35] delete helper removes the body credential without exposing it (0.7401ms)
✔ [AC-08][AC-12] CallLead defaults quoted/post_to_granot false and has exact provenance paths (51.6345ms)
✔ [AC-12] Call quoted and ingested snapshot/origin are immutable after insert (6.4724ms)
✔ [AC-12] new Call rows reject legacy_unknown and malformed provenance (29.1023ms)
✔ [AC-12] CallLead receiver-agent enum gains granot_username_match (0.4363ms)
✔ [AC-07] CallLead declares the three exact S08 indexes and no unique Lead Job index (2.5642ms)
✔ [AC-14] RingCentral original caller evidence is required and immutable (16.7955ms)
✔ CancelledLead persists the four correlation snapshot fields (28.1337ms)
✔ CancelledLead correlation snapshots are immutable after insert (11.6815ms)
✔ CancelledLead snapshot index is named and not auto-unique (2.2917ms)
✔ [AC-21] command execution model keeps unique origin/idempotency and command_id indexes (2.7149ms)
✔ [AC-32] origin enum accepts the four command origins and nested applied result (2.3872ms)
✔ [AC-21] legacy top-level refs/warnings derive the stored applied result without rewrite (0.7113ms)
✔ [AC-32] EntityChange model uses the named collection and four exact indexes (8.0329ms)
✔ [AC-32] EntityChange requires adjacent nonnegative revisions and matching changed_paths (52.2477ms)
✔ [AC-32] contact/address and delete fields are reference_only with no raw values (27.9277ms)
✔ [AC-32] EntityChange serialization omits payload, headers, secrets, and unmasked contact (31.0262ms)
✔ [AC-32] EntityChange save and query hooks reject post-insert mutation (8.9828ms)
✔ [AC-10] [AC-11] FormLead declares exact origin, snapshot, job, and provenance paths (37.2294ms)
✔ [AC-03] Form Job Number is distinct from Tracking Reference ref_no (6.6786ms)
✔ [AC-10] ingested Form snapshots and origin are immutable after insert (12.7427ms)
✔ [AC-10] new Form rows cannot use legacy_unknown or legacy_baseline (5.4719ms)
✔ [AC-07][AC-08] trusted Form may omit move size/date without inventing facts (19.5275ms)
✔ [AC-12] FormLead receiver-agent enum gains granot_username_match and keeps compatibility (0.5672ms)
✔ [AC-07] FormLead declares the four exact S08 indexes and no unique Lead Job index (5.0652ms)
✔ [AC-38] GranotAutomationSource declares an optional CRM reference and non-unique lookup index (3.038ms)
▶ GranotBookingDiscrepancy
  ✔ [AC-26][AC-35][AC-36] fixes Booking reasons and exact partial indexes (2.6535ms)
  ✔ [AC-26][AC-36] rejects Release reasons and unsafe resolved/evidence mutation (53.2864ms)
✔ GranotBookingDiscrepancy (60.6942ms)
▶ GranotBookingReconciliationCase model
  ✔ [AC-20] declares the exact six named indexes and open partial uniqueness (5.382ms)
  ✔ [AC-18] validates exact defaults, enums, evidence shape, and bounded context (45.894ms)
  ✔ [AC-20] rejects mutation of existing evidence IDs and every resolved-row write (4.6737ms)
✔ GranotBookingReconciliationCase model (58.9463ms)
✔ GranotCrmSource keeps the operational CSV collection and model name (5.8969ms)
✔ legacy and new rows default to disabled deferred observation-only policy (16.4273ms)
✔ declares the three named lifecycle indexes without removing CSV uniqueness (2.2984ms)
✔ normalized labels use NFKC, trim, collapse, lowercase, and reject empty/control/bidi (0.9098ms)
✔ model writes reject illegal Call/Form/mixed/ambiguous routes (27.1416ms)
✔ referral_booking and deferred reject Lead routes and non-observation policies (12.3168ms)
✔ enabled source_scoped_lead requires active same-company matching-channel refs and policy version (2.955ms)
✔ disabled rows may keep reviewed policy but still reject structurally illegal routes (0.8311ms)
✔ client-supplied normalized labels that disagree with the server fail closed (1.5452ms)
✔ [AC-31] Activation model is write-once with a unique key index (4.6302ms)
✔ [AC-31] Activation rejects unknown keys and post-insert mutation (41.8795ms)
✔ [AC-05] Observation model uses the named collection and mongoose name (5.5109ms)
✔ [AC-05][AC-06][AC-25][AC-29] declares exactly six named indexes and unique receipt_id only (3.1354ms)
✔ [AC-05][AC-06][AC-25] frozen Observation enums are not widened (0.4449ms)
✔ [AC-05] Observation documents reject unknown kinds, results, and issue codes (68.7578ms)
✔ [AC-05] Observation documents omit processing, target, policy, and effect fields (4.0776ms)
✔ [AC-05] model save and query hooks reject post-insert Observation mutation (26.086ms)
✔ [AC-02] receipt keeps the physical collection and mongoose model name (4.6055ms)
✔ [AC-02] declares only the five named Section 9.1 indexes (2.3207ms)
✔ [AC-02] unique operation-id index is partial and payload hash index is never unique (0.9993ms)
✔ [AC-02] webhook receipts require route_event_class and forbid channel_operation_kind (27.0245ms)
✔ [AC-02] extension and automation receipts require operation kind and operation id (22.8933ms)
✔ [AC-02] operation-id validation rejects empty, overlong, control, bidi, and wrong-channel shapes (15.6522ms)
✔ [AC-02] last_error.message is capped at 500 characters (5.9959ms)
✔ [AC-02] legacy capture-shaped create is rejected after compatibility retirement (3.375ms)
✔ [AC-02] model save rejects post-insert evidence mutation (7.2366ms)
✔ [AC-02] query updates reject non-processing operators and evidence paths (1.1905ms)
✔ [AC-02] replace and delete query hooks reject evidence mutation (5.5544ms)
✔ [AC-32] Record Link model declares the three named indexes including partial unique job (7.2288ms)
✔ [AC-32] Record Link establishment defaults and snapshot normalize back to the Job Number (17.8824ms)
✔ [AC-23][AC-32] disputed active links remain lookup-visible and correction supersession is narrowly allowlisted (1.6965ms)
✔ [AC-32] Record Link query hooks reject replace and delete (3.4556ms)
▶ GranotReleaseDiscrepancy
  ✔ [AC-27][AC-35][AC-36] fixes Release reasons and separate indexes (2.7545ms)
  ✔ [AC-27][AC-36] accepts only Release reason rows (34.6701ms)
✔ GranotReleaseDiscrepancy (39.5408ms)
▶ GranotReleaseReconciliationCase model
  ✔ [AC-25][AC-36] requires deterministic Booking identity and declares the five Release indexes (53.9915ms)
  ✔ [AC-35][AC-36] strips forbidden transport fields and enforces revisions plus immutable guards (27.2646ms)
✔ GranotReleaseReconciliationCase model (85.2763ms)
✔ LeadConversation unique recording index is the only unique index (2.9898ms)
✔ LeadConversation schema declares the seven contract indexes (1.637ms)
✔ LeadConversation validates a complete seeded conversation (23.4471ms)
✔ LeadConversation rejects an invented match method (5.154ms)
✔ LeadMessage validates normalized FormLead relationship and message snapshot (23.5978ms)
✔ LeadMessage unique SID index excludes unsent documents (0.9926ms)
✔ LeadMessage rejects unsupported lifecycle states (4.8844ms)
✔ LeadMessageRateLimit validates atomic reservation buckets (11.3195ms)
✔ RingCentral assignments enforce one active assignment per route with a supported partial index (3.5341ms)
✔ [AC-02] Decision model uses the named collection and four named indexes (9.1853ms)
✔ [AC-02] Decision defaults empty arrays and rejects invented outcomes (25.4402ms)
✔ [AC-02] Decision documents omit copied contact and payload fields (2.5918ms)
✔ [AC-28] Referral Decision preserves exact reviewed source policy without a Lead Source Scope (12.0846ms)
✔ [AC-02] Decision save and query hooks reject post-insert mutation (9.2263ms)
✔ [AC-21] all four aggregates default to nonnegative integer domain_revision 0 (30.9572ms)
✔ [AC-21] invalid revisions and one-sided last-change metadata fail validation (37.8657ms)
✔ [AC-21] __v is not the lifecycle revision contract (6.2614ms)
✔ [AC-32] genuinely new aggregates receive a server history boundary and ignore client supply (1.5124ms)
✔ [AC-32] change_history_started_at is write-once outside the migration seam (3.2384ms)
✔ [AC-32] existing public/admin DTOs cannot set lifecycle revision metadata (25.3994ms)
✔ [AC-21] Booking unique normalized-Job index is named and is not a unique Lead Job index (2.7517ms)
✔ [AC-32] historical schemas remain readable and do not gain revision fields (0.5606ms)
✔ booking reconciliation cron requires CRON_SECRET (95.8921ms)
✔ booking reconciliation cron rejects wrong secret (100.6121ms)
✔ Owner can read the conversation list without transcript text (141.8686ms)
✔ by-lead list does not include transcript or summary text (37.0883ms)
✔ Owner detail includes the redacted transcript (16.6286ms)
✔ audio-url writes an audit row and is Owner-only (96.2886ms)
✔ CPL correction drain requires configured cron authentication (239.7125ms)
✔ CPL correction drain rejects an invalid cron secret (51.9135ms)
✔ Owner snapshot includes yesterday_by_now, company zeros, and wordpress_form (113.8002ms)
✔ Admin without Owner is 403 on every Daily Operations method (171.0038ms)
✔ missing API secret is 401 (8.9322ms)
✔ events page is newest-first and forwards cursor, lane, and limit (30.3655ms)
✔ Owner live SSE emits snapshot then Redis event; lane query is ignored (68.2749ms)
✔ Owner live SSE with Last-Event-ID skips snapshot (34.6786ms)
✔ Owner rebuild returns counters-replaced, events not deleted (11.4768ms)
✔ close cron rejects missing secret header and missing CRON_SECRET (79.6349ms)
✔ [AC-33] Form and Call apply routes remain registered on the v1 surface (13.4087ms)
✔ [AC-33] Owner Form apply captures a statement and never a quoted patch (274.8933ms)
✔ [AC-35] Admin, secret, and unauthenticated apply create no receipt (105.7619ms)
✔ [AC-02] strict Zod rejects unknown outer keys, invalid IDs, and booking action on snapshot apply (55.7114ms)
✔ [AC-33] Call enrichment accepts a bounded batch in input order and rejects duplicate operation IDs (24.1677ms)
✔ [AC-33] booked reconciliation permits only booking_action_apply (35.5515ms)
✔ [AC-33] no extension apply path imports or invokes the legacy patch services (2.2411ms)
✔ [AC-35] validation errors omit raw statement values (16.6843ms)
✔ Owner can list Extension Users (190.44ms)
✔ Admin cannot list, create, PATCH, or DELETE Extension Users (163.2347ms)
✔ Owner can create an Extension User with roles (22.7361ms)
✔ Owner cannot create an Extension User with empty roles or leftover employee (60.4224ms)
✔ create rejects an invalid payload and a duplicate email (91.6893ms)
✔ Owner can PATCH and DELETE an Extension User (39.7943ms)
✔ PATCH treats an empty password as omitted and requires another field (45.6583ms)
✔ unknown Extension User id is 404 and invalid ObjectId is 400 (90.0819ms)
✔ Granot automation exposes the durable admin run contract (2.0883ms)
✔ Granot run schema carries immutable plan and durable control fields (54.2538ms)
✔ Granot source catalog persists exact labels and ships all requested defaults (20.2769ms)
✔ Granot source schema requires one or two unique supported workflows (67.9846ms)
✔ [AC-35] run details project lifecycle receipt IDs without raw statements or payloads (34.0058ms)
✔ Granot queue contention defers to a durable continuation (2.2765ms)
✔ [AC-38] Granot CRM source update accepts create_if_missing and rejects client normalized labels (6.6825ms)
✔ [AC-38] Granot CRM source mutations require a 10-1000 character reason (1.1442ms)
✔ [AC-38] Registry projections and update schemas omit payload and contact fields (0.3081ms)
✔ Owner Granot create schema accepts one_feed intent and rejects unknown keys (1.9214ms)
✔ Owner Granot create schema rejects a short reason and raw lifecycle fields (0.6419ms)
✔ outbound SMS Owner schema no longer accepts daily_cap (2.9887ms)
✔ [AC-37] Owner requeue route returns 200 {ok:true,data} (188.3779ms)
✔ [AC-37] Admin without Owner cannot requeue (28.4186ms)
✔ [AC-37] invalid requeue body is GRANOT_VALIDATION_FAILED (17.6178ms)
✔ [AC-18] [AC-19] read list applies the exact default queue for Owner/Admin (46.5135ms)
✔ [AC-25][AC-35] read list forwards the explicit Release discriminants (10.9197ms)
✔ [AC-35] unsigned lifecycle reads are denied before projection (5.9293ms)
✔ [AC-35] strict case filters reject unknown keys with a safe 400 (8.0813ms)
✔ [AC-35] [AC-39] case detail has safe 404 and exact read envelope (39.634ms)
✔ creating observation is Owner-only and returns the Booked statement for a booking case (86.7796ms)
✔ creating observation returns the Release statement for a cancellation intake (20.2444ms)
✔ [AC-35] candidate browser is Owner-only for source and all scope and performs a read (68.4869ms)
✔ [AC-40] Lead timeline validates model/ID and preserves generic missing Lead envelope (12.1151ms)
✔ [AC-20] Job timeline is readable by Admin and strictly bounds pagination (51.554ms)
✔ [AC-35][AC-36] discrepancy list/detail are signed reads with strict filters (71.4381ms)
{"level":"info","time":"2026-09-19T04:48:10.934Z","service":"vantage-main-server","env":"development","msg":"granot_lifecycle.owner_command.applied","observability_level":"info","category":"admin","workflow":"granot_lifecycle"}
{"level":"info","time":"2026-09-19T04:48:11.048Z","service":"vantage-main-server","env":"development","msg":"granot_lifecycle.owner_command.applied","observability_level":"info","category":"admin","workflow":"granot_lifecycle"}
{"level":"info","time":"2026-09-19T04:48:11.051Z","service":"vantage-main-server","env":"development","msg":"granot_lifecycle.booking_discrepancy.resolved","observability_level":"info","category":"admin","workflow":"granot_lifecycle"}
{"level":"info","time":"2026-09-19T04:48:11.119Z","service":"vantage-main-server","env":"development","msg":"granot_lifecycle.owner_command.applied","observability_level":"info","category":"admin","workflow":"granot_lifecycle"}
{"level":"info","time":"2026-09-19T04:48:11.130Z","service":"vantage-main-server","env":"development","msg":"granot_lifecycle.booking_discrepancy.resolved","observability_level":"info","category":"admin","workflow":"granot_lifecycle"}
✔ [AC-23][AC-36] discrepancy commands are Owner-only, strict, and route-own identity (311.6287ms)
{"level":"info","time":"2026-09-19T04:48:11.232Z","service":"vantage-main-server","env":"development","msg":"granot_lifecycle.owner_command.applied","observability_level":"info","category":"admin","workflow":"granot_lifecycle"}
{"level":"info","time":"2026-09-19T04:48:11.234Z","service":"vantage-main-server","env":"development","msg":"granot_lifecycle.booking_case.resolved","observability_level":"info","category":"admin","workflow":"granot_lifecycle"}
✔ [AC-21] [AC-22] Owner confirm route requires one idempotency header and returns 201 (64.3948ms)
✔ [AC-22] Admin cannot invoke confirm Booking (31.0538ms)
{"level":"info","time":"2026-09-19T04:48:11.322Z","service":"vantage-main-server","env":"development","msg":"granot_lifecycle.owner_command.applied","observability_level":"info","category":"admin","workflow":"granot_lifecycle"}
{"level":"info","time":"2026-09-19T04:48:11.323Z","service":"vantage-main-server","env":"development","msg":"granot_lifecycle.booking_case.resolved","observability_level":"info","category":"admin","workflow":"granot_lifecycle"}
✔ [AC-21] [AC-24] Owner update route is strict, idempotent-envelope only, and returns 200 (23.305ms)
{"level":"info","time":"2026-09-19T04:48:11.345Z","service":"vantage-main-server","env":"development","msg":"granot_lifecycle.owner_command.applied","observability_level":"info","category":"admin","workflow":"granot_lifecycle"}
{"level":"info","time":"2026-09-19T04:48:11.347Z","service":"vantage-main-server","env":"development","msg":"granot_lifecycle.booking_case.resolved","observability_level":"info","category":"admin","workflow":"granot_lifecycle"}
✔ [AC-28] Owner Referral create route accepts only revision plus official fields (43.4562ms)
{"level":"info","time":"2026-09-19T04:48:11.384Z","service":"vantage-main-server","env":"development","msg":"granot_lifecycle.owner_command.applied","observability_level":"info","category":"admin","workflow":"granot_lifecycle"}
{"level":"info","time":"2026-09-19T04:48:11.386Z","service":"vantage-main-server","env":"development","msg":"granot_lifecycle.booking_case.resolved","observability_level":"info","category":"admin","workflow":"granot_lifecycle"}
✔ [AC-20] [AC-32] Owner No Action accepts optional reason metadata and Admin is denied (20.4354ms)
{"level":"info","time":"2026-09-19T04:48:11.411Z","service":"vantage-main-server","env":"development","msg":"granot_lifecycle.owner_command.applied","observability_level":"info","category":"admin","workflow":"granot_lifecycle"}
{"level":"info","time":"2026-09-19T04:48:11.412Z","service":"vantage-main-server","env":"development","msg":"granot_lifecycle.booking_case.resolved","observability_level":"info","category":"admin","workflow":"granot_lifecycle"}
{"level":"warn","time":"2026-09-19T04:48:11.427Z","service":"vantage-main-server","env":"development","msg":"granot_lifecycle.owner_command.conflict","observability_level":"warn","category":"admin","workflow":"granot_lifecycle"}
{"level":"warn","time":"2026-09-19T04:48:11.463Z","service":"vantage-main-server","env":"development","msg":"granot_lifecycle.owner_command.conflict","observability_level":"warn","category":"admin","workflow":"granot_lifecycle"}
✔ [AC-R9] Owner booking-case confirm-cancellation succeeds and rejects create-missing posture (94.2383ms)
{"level":"info","time":"2026-09-19T04:48:11.526Z","service":"vantage-main-server","env":"development","msg":"granot_lifecycle.owner_command.applied","observability_level":"info","category":"admin","workflow":"granot_lifecycle"}
{"level":"info","time":"2026-09-19T04:48:11.540Z","service":"vantage-main-server","env":"development","msg":"granot_lifecycle.release_case.resolved","observability_level":"info","category":"admin","workflow":"granot_lifecycle"}
{"level":"info","time":"2026-09-19T04:48:11.549Z","service":"vantage-main-server","env":"development","msg":"granot_lifecycle.owner_command.applied","observability_level":"info","category":"admin","workflow":"granot_lifecycle"}
{"level":"info","time":"2026-09-19T04:48:11.550Z","service":"vantage-main-server","env":"development","msg":"granot_lifecycle.release_case.resolved","observability_level":"info","category":"admin","workflow":"granot_lifecycle"}
{"level":"info","time":"2026-09-19T04:48:11.575Z","service":"vantage-main-server","env":"development","msg":"granot_lifecycle.owner_command.applied","observability_level":"info","category":"admin","workflow":"granot_lifecycle"}
{"level":"info","time":"2026-09-19T04:48:11.592Z","service":"vantage-main-server","env":"development","msg":"granot_lifecycle.release_case.resolved","observability_level":"info","category":"admin","workflow":"granot_lifecycle"}
✔ [AC-25] [AC-32] Release Owner routes are strict, idempotent, and use exact statuses (106.4303ms)
✔ Owner can search webhook receipts; Admin cannot; unsigned is denied (44.2416ms)
✔ receipt search booking_action=release with lead_created is 400; booking_action alone implies booking_status_changed (25.6404ms)
✔ Owner can open the live webhook SSE stream; Admin cannot (26.4507ms)
✔ [AC-31][AC-35] Owner and Admin can read the health envelope without raw payload keys (54.6628ms)
✔ returns 500 when CRON_SECRET is not configured (264.3283ms)
✔ returns 401 when the secret does not match (14.2085ms)
{"level":"info","time":"2026-09-19T04:48:10.234Z","service":"vantage-main-server","env":"development","msg":"granot_lifecycle.cron.run.completed","trigger":"cron","skipped":false,"scanned":1,"claimed":1,"completed":1,"retried":0,"dead_lettered":0,"recovered":0,"lease_lost":0}
{"level":"info","time":"2026-09-19T04:48:10.242Z","service":"vantage-main-server","env":"development","msg":"granot_lifecycle.cron.run.completed","observability_level":"info","category":"cron","workflow":"granot_lifecycle"}
✔ processing-enabled cron returns a bounded summary and no payload values (37.7424ms)
✔ vercel.json registers the five-minute lifecycle drain cron (13.0396ms)
✔ [AC-01] missing configuration returns 500 and reaches neither capture nor publisher (496.41ms)
✔ [AC-01] missing, wrong, nonscalar, and mismatched dual secrets return exact 401 and create no receipt (59.8755ms)
✔ [AC-01][AC-35] JSON body, form body, and header secrets authenticate and strip the credential before capture (68.0037ms)
✔ [AC-01] both valid secrets attach header_secret after the body is also validated (8.2808ms)
✔ [AC-02] unused Granot field additions or omissions are captured as-is and still return 202 (7.0529ms)
✔ [AC-02] capture happens before 202 and uses the invoked route class (21.5479ms)
{"level":"error","time":"2026-09-19T04:48:05.279Z","service":"vantage-main-server","env":"development","msg":"granot_lifecycle.capture.failed","error_code":"technical_failure","observation_channel":"granot_webhook","route_event_class":"priority_updated"}
{"level":"error","time":"2026-09-19T04:48:05.281Z","service":"vantage-main-server","env":"development","msg":"granot_lifecycle.capture.failed","observability_level":"error","category":"mongo","workflow":"granot_lifecycle_capture"}
✔ [AC-01] capture failure returns safe 503, creates no publish, and stays distinct from queue failure (8.2816ms)
{"level":"error","time":"2026-09-19T04:48:05.304Z","service":"vantage-main-server","env":"development","msg":"granot_lifecycle.queue.publish_failed","error_code":"technical_failure","receipt_id":"rece…pt-2","observation_channel":"granot_webhook","route_event_class":"lead_created"}
✔ [AC-02] publish failure cannot change 202 or the accepted receipt (22.5709ms)
✔ Owner Job Number timeline read returns the assembler DTO (120.7146ms)
✔ Admin cannot read the owner Job Number timeline (17.5433ms)
✔ typed miss returns not_found without an event list (11.237ms)
✔ Owner recent official booking examples return only Job Numbers (9.8846ms)
{"level":"error","time":"2026-09-19T04:48:19.269Z","service":"vantage-main-server","env":"development","err":{"type":"Error","message":"mongo connection string leaked","stack":"Error: mongo connection string leaked\n    at read (C:\\Users\\Pinda\\Proyectos\\vantage\\vantage-main-server\\src\\routes\\job-number-timeline-admin.routes.test.ts:205:15)\n    at <anonymous> (C:\\Users\\Pinda\\Proyectos\\vantage\\vantage-main-server\\src\\routes\\job-number-timeline-admin.routes.ts:85:26)\n    at process.processTicksAndRejections (node:internal/process/task_queues:104:5)"},"request_id":"req-jnt-1789793299254","msg":"job-number-timeline.admin.unhandled"}
✔ unhandled timeline read failure does not echo error.message (36.6568ms)
✔ Admin cannot read recent official booking examples (30.4871ms)
✔ lead-source-setups schema rejects unknown keys and derived internals (5.1324ms)
✔ lead-source-setups schema requires a 10-1000 character reason (0.9676ms)
✔ projection query schemas reject unknown keys (1.4814ms)
✔ error envelope parity uses RegistryError.toHttpBody and Zod unrecognized keys (1.7347ms)
✔ returns 500 when CRON_SECRET is not configured (73.1653ms)
✔ returns 401 when the cron secret does not match (12.5234ms)
✔ accepts the x-cron-secret header (16.2828ms)
✔ [AC-17] a disabled Call Log sync never claims the lease (12.0574ms)
✔ [AC-17] lease contention is a bounded skip, not an HTTP 500 (16.5046ms)
✔ [AC-17] a successful run returns the bounded lease/cursor summary (12.952ms)
{"level":"error","time":"2026-09-19T04:48:19.618Z","service":"vantage-main-server","env":"development","msg":"ringcentral.cron.call_log_sync.failed","errorName":"Error"}
✔ [AC-17] a genuine failure stays safe and non-sensitive (8.9636ms)
✔ [AC-17] vercel.json schedules the Call Log sync every 30 minutes (3.3363ms)
✔ CSI-04 admin routes: Owner guard, flag-off 404, scope, validation, idempotency, error mapping; reads never call a writer (791.2458ms)
✔ admin router is mounted in v1.routes.ts after the CSI boundary router (1.6422ms)
✔ real v1 guard + CSI boundary keeps Owner and scoped service authority separate (354.634ms)
✔ CSI cron routes: cron auth, flag-off and lease_held skips, never a provider body (407.0271ms)
{"level":"error","time":"2026-09-19T04:48:25.468Z","service":"vantage-main-server","env":"development","msg":"sales_intelligence.cron.call_log_reconcile.failed","errorName":"Error"}
✔ CSI cron routes: a throwing service maps to a bounded 500 without provider content (103.6008ms)
✔ vercel.json registers the CSI-03 crons and the queue consumer trigger (a handler file alone is not registration) (2.7505ms)
✔ app.ts mounts the CSI cron router before the v1 guard like the other cron routers (3.6347ms)
✔ returns 500 when CRON_SECRET is not configured (95.2425ms)
✔ returns 401 when the secret does not match (14.9556ms)
✔ skips the drain (no DB work) when mode is not queued (31.5935ms)
✔ accepts a bearer token matching CRON_SECRET (16.9364ms)
✔ source label mapping create rejects unknown keys (5.0642ms)
✔ source label mapping create rejects a client-supplied normalized_label (1.2289ms)
✔ source label mapping mutations require a 10-1000 character reason (2.4131ms)
✔ label resolution preview rejects unknown keys and is read-only shape (1.3559ms)
✔ error envelope parity uses RegistryError.toHttpBody and Zod unrecognized keys (2.6776ms)
{"level":"info","time":"2026-09-19T04:48:19.452Z","service":"vantage-main-server","env":"development","msg":"tariff_adjustment.append.succeeded","actor_kind":"user","actor_role":"owner","actor_email":"owner@example.invalid","appended":2,"tab_name":"Master"}
✔ Owner can append two Tariff Adjustment rows (183.4989ms)
{"level":"info","time":"2026-09-19T04:48:19.501Z","service":"vantage-main-server","env":"development","msg":"tariff_adjustment.append.succeeded","actor_kind":"user","actor_role":"sales+customer_service","actor_email":"employee@example.invalid","appended":2,"tab_name":"Master"}
✔ Employee can append two Tariff Adjustment rows (26.9386ms)
{"level":"info","time":"2026-09-19T04:48:19.530Z","service":"vantage-main-server","env":"development","msg":"tariff_adjustment.append.succeeded","actor_kind":"user","actor_role":"customer_service","actor_email":"customer_service@example.invalid","appended":2,"tab_name":"Master"}
✔ Customer Service can append two Tariff Adjustment rows (23.5969ms)
{"level":"info","time":"2026-09-19T04:48:19.539Z","service":"vantage-main-server","env":"development","msg":"tariff_adjustment.append.succeeded","actor_kind":"secret","appended":2,"tab_name":"Master"}
✔ x-api-secret actors can append two Tariff Adjustment rows (7.0011ms)
{"level":"warn","time":"2026-09-19T04:48:19.547Z","service":"vantage-main-server","env":"development","msg":"tariff_adjustment.append.failed","actor_kind":"user","actor_role":"sales+customer_service","actor_email":"employee@example.invalid","error":"[\n  {\n    \"code\": \"unrecognized_keys\",\n    \"keys\": [\n      \"job_no\"\n    ],\n    \"path\": [],\n    \"message\": \"Unrecognized key: \\\"job_no\\\"\"\n  }\n]"}
✔ rejects customer and job identifiers (14.7925ms)
{"level":"info","time":"2026-09-19T04:48:19.565Z","service":"vantage-main-server","env":"development","msg":"tariff_adjustment.append.succeeded","actor_kind":"user","actor_role":"owner","actor_email":"owner@example.invalid","appended":2,"tab_name":"Master"}
✔ stamps today's date when effective_date is omitted (11.4035ms)
{"level":"info","time":"2026-09-19T04:48:19.572Z","service":"vantage-main-server","env":"development","msg":"tariff_adjustment.append.succeeded","actor_kind":"user","actor_role":"owner","actor_email":"owner@example.invalid","appended":1,"tab_name":"Master"}
✔ Owner can append a Linehaul-only payload (7.3718ms)
{"level":"info","time":"2026-09-19T04:48:19.581Z","service":"vantage-main-server","env":"development","msg":"tariff_adjustment.append.succeeded","actor_kind":"user","actor_role":"owner","actor_email":"owner@example.invalid","appended":2,"tab_name":"Master"}
✔ Owner can append Linehaul plus an owner-written service (7.8061ms)
{"level":"info","time":"2026-09-19T04:48:19.597Z","service":"vantage-main-server","env":"development","msg":"tariff_adjustment.append.succeeded","actor_kind":"user","actor_role":"owner","actor_email":"owner@example.invalid","appended":3,"tab_name":"Master"}
✔ Owner can append three matching rows (17.7134ms)
{"level":"warn","time":"2026-09-19T04:48:19.611Z","service":"vantage-main-server","env":"development","msg":"tariff_adjustment.append.failed","actor_kind":"user","actor_role":"owner","actor_email":"owner@example.invalid","error":"[\n  {\n    \"origin\": \"array\",\n    \"code\": \"too_small\",\n    \"minimum\": 1,\n    \"inclusive\": true,\n    \"path\": [\n      \"rows\"\n    ],\n    \"message\": \"Too small: expected array to have >=1 items\"\n  },\n  {\n    \"code\": \"custom\",\n    \"path\": [\n      \"rows\"\n    ],\n    \"message\": \"rows must include at least one Linehaul\"\n  }\n]"}
✔ rejects an empty rows array (13.6264ms)
{"level":"warn","time":"2026-09-19T04:48:19.620Z","service":"vantage-main-server","env":"development","msg":"tariff_adjustment.append.failed","actor_kind":"user","actor_role":"owner","actor_email":"owner@example.invalid","error":"[\n  {\n    \"code\": \"custom\",\n    \"path\": [\n      \"rows\"\n    ],\n    \"message\": \"rows must include at least one Linehaul\"\n  }\n]"}
✔ rejects a payload with no Linehaul row (6.6861ms)
{"level":"warn","time":"2026-09-19T04:48:19.627Z","service":"vantage-main-server","env":"development","msg":"tariff_adjustment.append.failed","actor_kind":"user","actor_role":"owner","actor_email":"owner@example.invalid","error":"[\n  {\n    \"code\": \"custom\",\n    \"path\": [\n      \"rows\"\n    ],\n    \"message\": \"pickup_zone must be identical on all Tariff Adjustment rows\"\n  }\n]"}
✔ rejects three rows with a mismatched pickup_zone (9.1794ms)
✔ Operations Registry entities expose complete lifecycle CRUD surfaces (20.6379ms)
✔ GET /api/v1/admin/agents is browse only — catalog list is /catalog/agents (0.7308ms)
✔ admin analytics receiver-agent reports have GET routes (1.9046ms)
✔ Owner Extension User routes are registered (0.8674ms)
✔ Owner conversation read routes are registered (3.587ms)
✔ employee booking reconciliation routes are registered (1.09ms)
✔ Tariff Adjustment Submit route is registered (0.7176ms)
✔ Granot form-lead resolution route is registered before the id route (0.6247ms)
✔ Granot sync expected filter enforces fill-only and empty receiver fields (3.8661ms)
✔ Lead Source projection and setup routes are registered next to overview (2.1694ms)
✔ legacy CPL rates remain read-only after temporal schedule cutover (0.5992ms)
✔ temporal CPL schedule and correction routes are registered (0.4226ms)
✔ admin browse builds filters, pagination, sorting, and response shape (48.7822ms)
✔ admin form lead browse q includes snapshot contact paths (4.4795ms)
✔ admin form lead browse name email and phone include snapshot paths (7.5579ms)
✔ admin duplicate form lead browse uses the same contact paths (20.7266ms)
✔ admin form lead browse excludes duplicates by default (2.9863ms)
✔ admin form lead browse filters past move dates relative to timestamp (1.9675ms)
✔ admin form lead browse can invert the past move date filter (1.1954ms)
✔ admin form lead browse filters receiver agent by ObjectId equality (7.1168ms)
✔ admin form lead browse matches source_granularity_key exactly and does not substring-match source_company (21.7631ms)
✔ admin form lead browse still accepts source_company as bookmark compatibility (3.7092ms)
✔ admin booked lead browse filters source company slugs on the source field (21.4969ms)
✔ admin booked lead browse resolves legacy source company labels onto source (10.5151ms)
✔ admin booked lead browse filters leadless bookings (3.9039ms)
✔ admin agents browse returns metrics for list rows (5.5032ms)
✔ admin agents browse applies date range to booked lead metrics (5.0041ms)
✔ admin agents browse matches catalog names case-insensitively (1.8248ms)
✔ admin agents browse matches allocations on normalized_name when display name differs (20.0585ms)
✔ admin agents browse returns zero metric fields for agents without bookings (5.5698ms)
✔ admin form lead browse can filter to duplicates only (0.82ms)
✔ admin call lead browse q and phone include snapshot contact paths (2.265ms)
✔ admin call lead browse Manual attach filters (name/email/phone without q) include snapshot paths (2.8036ms)
✔ admin call lead browse excludes duplicates by default (1.4068ms)
✔ admin call lead browse can filter to duplicates only (1.1199ms)
✔ admin form lead browse no_sync true is exact true, not presence (1.5101ms)
✔ admin form lead browse no_sync false uses $ne true so missing-field rows count (1.9472ms)
✔ admin form lead browse omit does not mention no_sync (2.4711ms)
✔ admin call lead browse no_sync true is exact true, not presence (1.8769ms)
✔ admin call lead browse no_sync false uses $ne true so missing-field rows count (1.1599ms)
✔ admin call lead browse omit does not mention no_sync (1.064ms)
✔ admin detail lookup returns normalized production record (1.9771ms)
✔ admin agent detail returns metrics consistent with browse enrichment (2.48ms)
✔ admin historical browse uses historical models and remains read-only (1.0995ms)
✔ global admin search form leads include Granot snapshot contact paths (20.1175ms)
✔ global admin search returns grouped results (2.6528ms)
✔ admin agents export includes booking metric columns (3.4841ms)
✔ admin CSV export uses browse rows and escapes CSV body (2.1454ms)
✔ csv helper emits text/csv-compatible header and rows (0.3684ms)
✔ getAdminFacets production builds a structured catalog from first-class collections (78.0014ms)
✔ getAdminFacets historical builds distinct rows and overlays production identity (6.7997ms)
✔ getAdminFacets historical empty granularity distincts do not fail (2.3782ms)
✔ getAdminFacets combined keeps registry owner_label and historical-only extras (5.9452ms)
✔ registry facets invalidation evicts the production and historical catalog caches (5.0123ms)
✔ getSheetSyncHealth aggregates job counts and derives backlog age (8.8322ms)
✔ listSheetSyncJobs builds a filtered, paginated query (2.4305ms)
✔ retrySheetSyncJobs re-queues failed jobs by default and reports the count (2.855ms)
✔ retrySheetSyncJobs starts an admin drain instead of publishing a queue wake-up (8.1191ms)
✔ retrySheetSyncJobs is a no-op when nothing matches (2.3044ms)
✔ agent browse metrics match keys are lowercased strings, not regexes (18.2474ms)
✔ agent browse metrics count distinct bookings and take this agent's binder share (2.2715ms)
✔ agent browse metrics date range filters book_date and skips Agent createdAt (4.0109ms)
✔ agent browse metrics omit a date match when from/to are absent (2.3794ms)
✔ lookupAgentBrowseMetrics uses name or normalized_name and returns zeros when unmatched (0.7216ms)
✔ even Binder split uses integer cents and gives the leftover cent to the primary Agent (7.2761ms)
✔ Best Relocation allocation resolves an existing inactive agent (4.4793ms)
✔ primary booking allocation becomes Best Relocation receiver attribution (0.9973ms)
✔ primary booking allocation does not replace existing receiver attribution (0.8813ms)
✔ automatic CRM username receiver matching excludes inactive Agents (4.6514ms)
✔ findAgentByGranotCrmUsername prefers embedded granot_identity username (3.1682ms)
✔ findAgentByGranotCrmUsername never reads the retained flat compatibility field (0.5896ms)
✔ CRM username receiver match never overwrites an existing receiver (0.6309ms)
✔ analytics validation accepts report filters and rejects invalid report names (20.1531ms)
✔ sourceGranularityMatch filters derived key only and wins over source_company (12.6341ms)
✔ analytics booked lead filters start with a leading date match (2.8156ms)
✔ booked lead source attribution falls back to the employee source snapshot (3.1477ms)
✔ leadMatch matches historical slug options and channel-scoped company slugs (33.7847ms)
✔ combined source analytics merge by stable text dimension instead of ids (8.5734ms)
✔ combined revenue trend merges rows by date period (4.8692ms)
✔ combined source analytics merge parent metrics and keep company-only extras as leaves (6.9305ms)
✔ combined receiver-agent analytics merge production rows and keep historical warning metadata (2.7805ms)
✔ combined SMS conversion merge keeps production rows and historical warning metadata (6.3523ms)
✔ analytics CSV export uses the selected report rows (17.343ms)
✔ source hierarchy CSV rows emit leaves or a childless company, never both (0.6426ms)
✔ combined hierarchy CSV does not duplicate its production contribution (0.4088ms)
✔ lead cost excludes duplicate form leads and unmatched call leads (14.1575ms)
✔ overviewQuerySchema accepts database_scope (4.6245ms)
✔ rollingLast7DaysWindow spans seven days ending now (1.2225ms)
✔ mergeOverviewAllTime merges combined totals and clears production-only lead cost (2.4303ms)
✔ mergeOverviewAllTime keeps lead cost for production scope (0.9779ms)
✔ mergeOverviewAllTime clears lead cost for historical scope (0.3539ms)
✔ receiver-agent analytics use persisted CPL without rate-period status (11.2751ms)
✔ SMS booked rate uses successfully texted Leads as the denominator (4.376ms)
✔ an empty texted-lead cohort is a zero rate, not missing data (0.985ms)
✔ historical scope does not read Lead Messages (5.169ms)
✔ production SMS conversion matches successful statuses and official booked refs (7.1189ms)
✔ source hierarchy uses registry labels and rolls additive child metrics (6.7753ms)
✔ source hierarchy retains unknown granularity in parent totals (0.7575ms)
✔ source hierarchy folds normalized company and granularity collisions (0.7139ms)
✔ nestSourceCompanyRows seeds catalog children including zeros (1.2684ms)
✔ company-only source rows use domain labels and never create children (0.6858ms)
✔ historical source performance stays company-only without registry data (13.4855ms)
✔ historical funnel recomputes company rates and has no children (3.4865ms)
✔ normalizes observed sheet move sizes into the model enum (4.2165ms)
✔ restores leading zeroes dropped from formatted ZIP cells (0.7454ms)
✔ decodes Google Sheets serial timestamps as owner-facing UTC components (1.0392ms)
✔ call parser accepts a combined Google Sheets serial timestamp (3.85ms)
✔ parsers preserve source-row provenance and skip formula sentinels (5.0561ms)
✔ duplicate booking jobs collapse into split allocations without doubling deposit (6.8689ms)
✔ plan orders leads, attached booking, and cancellation with response bindings (14.2836ms)
✔ refund discovery keeps contradictory LID evidence below auto-cancel threshold (15.7378ms)
✔ live apply refuses to send the secret to an unpinned host (1.8092ms)
✔ booking preflight uses filtered admin lookup and skips an existing job (6.2817ms)
✔ call preflight recognizes the route's bare-array response (13.1001ms)
✔ unique Tracking Reference adopts the existing Form Lead and does not create (6.5733ms)
✔ two Form Leads sharing a Tracking Reference become an ambiguous conflict (0.6877ms)
✔ phone + name + same New York day adopts when Tracking Reference misses (17.4856ms)
✔ two phone + name + date Form Leads conflict instead of creating (15.9237ms)
✔ no identity and no phone-name-date match stays a create (0.6979ms)
✔ pre-cutoff Form Leads are ignored by phone-name-date adoption (0.6245ms)
✔ canonical adoption remaps remaining creates and leaves receipt outcomes alone (4.0001ms)
✔ Best Relocation import capability requires the Best Relocation source (2.6567ms)
✔ ordinary booking requests do not receive import capability (0.3374ms)
✔ Best Relocation call lookup is source-scoped before mutation (3.5356ms)
✔ Form Lead + id attaches with booking_origin owner_booking and no case (2.6127ms)
✔ Owner Call Lead unique job attaches with booking_origin owner_booking (1.6082ms)
✔ Owner Call Lead with no Call Lead row is pending owner_booking no_match (0.7938ms)
✔ Owner Call Lead with two job matches is pending multiple_matches, not a 409 (0.4382ms)
✔ Best Relocation import Call Lead still uses the from-source resolver (0.412ms)
✔ letter prefixes are equivalent to the same Granot digit core (3.4498ms)
✔ equivalent job filter matches exact, core, and letter-prefixed variants (1.9284ms)
✔ equivalent snapshot filter remaps to the indexed cancellation snapshot field (0.611ms)
✔ atomic employee Lead claim does not rewrite the existing CPL (6.2058ms)
✔ concurrent booking claims allow only one booking to claim a lead (30.1546ms)
✔ reconciliation mirror can preserve Lead source CPL (1.2418ms)
✔ import Call Lead resolver still 409s when two Call Leads share a job (18.3654ms)
✔ Owner leadless create opens owner_booking case and sets booking_origin (110.8458ms)
✔ Best Relocation import leadless keeps external_sheet_ingestion and no booking_origin (3.8851ms)
✔ owner snapshot uses Call phone or customer phone, else not provided (3.8903ms)
✔ evaluateOwnerCallLeadMatch links a unique Call Lead Job Number (23.6488ms)
✔ evaluateOwnerCallLeadMatch is pending multiple_matches for two Call Leads with the same job (1.4121ms)
✔ evaluateOwnerCallLeadMatch is pending no_match when no Call Lead has the job (1.8792ms)
✔ evaluateOwnerCallLeadMatch does not attach on phone of a different Call Lead (1.1524ms)
✔ Owner pending case snapshot fills spec §4.6 fields and origin owner_booking (1.7747ms)
✔ Referral Booking create does not open a Booking Lead Reconciliation Case (2.1694ms)
✔ cancellation snapshots stamp four fields from a surviving Booking (4.0244ms)
✔ cancellation snapshots normalize job_no when Booking normalized field is missing (1.6722ms)
✔ cancellation snapshots stay null without a recoverable Booking job (0.6434ms)
✔ cancellation snapshots refuse silent inference from contact-shaped fields (1.7983ms)
✔ create-path stamp keeps ObjectId lead ref (1.0491ms)
✔ getBookedLeadForCancellation allows explicitly authorized imported leadless booking (16.8427ms)
✔ CancelledLead validates an unresolved employee Booking without Lead metadata (20.1768ms)
✔ active catalog list excludes inactive rows by default (12.6732ms)
✔ agent resolution rejects inactive or unknown names (2.7176ms)
✔ agent resolution can include an existing inactive agent (1.1933ms)
✔ merchant resolution returns canonical display name (2.8887ms)
✔ list projection keeps cost cents and does not treat them as leaked summary text (8.4838ms)
✔ list projection still rejects a top-level transcript or summary field (1.561ms)
✔ redactTranscript redacts a Luhn-valid card spoken as digit groups plus CVV, expiry, SSN, and routing (5.0895ms)
✔ redactTranscript does not redact a job number, spoken phone, or cubic-feet figure (0.5949ms)
✔ an unvalidated 16-digit sequence that fails Luhn is left alone (0.3941ms)
✔ spoken digit runs of seven or more are redacted without changing existing payment rules (0.5994ms)
✔ parseConversationArtifact splits summary and transcript (3.7022ms)
✔ buildSeededTranscript redacts before the text is stored (2.2874ms)
✔ hasCrmMismatch is true only when the section contradicts CRM (0.905ms)
✔ Gateway adapter sends configured model, makes one call, keeps timing optional and never logs warnings (5660.9202ms)
✔ Gateway errors do not expose provider bodies and do not internally retry (132.447ms)
✔ Blob bytes/digest validated and missing billing never becomes estimated actual cost (16.1372ms)
{"level":"info","time":"2026-09-19T04:48:57.412Z","service":"vantage-main-server","env":"development","msg":"operations_registry.compatibility_read","observability_level":"info","category":"admin","workflow":"operations_registry"}
✔ listCplRates seeds any missing slots and returns all 14 rates (13.0109ms)
{"level":"info","time":"2026-09-19T04:48:52.725Z","service":"vantage-main-server","env":"development","msg":"crm.form_lead.submit.started","leadId":"6aae14349c3d6e2143c220ce","endpoint":"https://lead.hellomoving.com/LEADSGWHTTP.lidgw?&API_ID=[redacted]&MOVERREF=[redacted]","payload":{"label":"Main Site Forms","firstname":"J***","lastname":"C***","ozip":"sha256:ce6d2151873f","dzip":"sha256:9a1f53dc5d98","email":"j***@example.com","phone1":"***2222","movesize":"2 Bedrooms","movedte":"5/28/2026","notes":"sha256:81da1dce6ae7","leadno":"sha256:7b6d8986d052"}}
✔ submitFormLeadToCrm POSTs to the Granot lead gateway with the urlencoded payload (56.0523ms)
✔ submitFormLeadToCrm reports ok=true with the response body and payload on HTTP 200 (24.751ms)
✔ submitFormLeadToCrm reports ok=false with response body on HTTP error (19.8243ms)
✔ submitFormLeadToCrm catches network errors and returns ok=false with status 0 and an error message (18.8701ms)
✔ submitFormLeadToCrm forwards companyLabel as the Granot label (4.1823ms)
{"level":"info","time":"2026-09-19T04:48:52.728Z","service":"vantage-main-server","env":"development","msg":"crm.form_lead.submit.started","observability_level":"info","category":"crm","workflow":"crm_submit","source_company":"not_provided","entity_id":"6aae14349c3d6e2143c220ce"}
{"level":"info","time":"2026-09-19T04:48:52.735Z","service":"vantage-main-server","env":"development","msg":"crm.form_lead.submit.completed","leadId":"6aae14349c3d6e2143c220ce","endpoint":"https://lead.hellomoving.com/LEADSGWHTTP.lidgw?&API_ID=[redacted]&MOVERREF=[redacted]","status":200,"responseText":"OK"}
{"level":"info","time":"2026-09-19T04:48:52.735Z","service":"vantage-main-server","env":"development","msg":"crm.form_lead.submit.completed","observability_level":"info","category":"crm","workflow":"crm_submit","source_company":"not_provided","entity_id":"6aae14349c3d6e2143c220ce"}
{"level":"info","time":"2026-09-19T04:48:52.744Z","service":"vantage-main-server","env":"development","msg":"crm.form_lead.submit.started","leadId":"6aae14349c3d6e2143c220cf","endpoint":"https://lead.hellomoving.com/LEADSGWHTTP.lidgw?&API_ID=[redacted]&MOVERREF=[redacted]","payload":{"label":"Main Site Forms","firstname":"J***","lastname":"C***","ozip":"sha256:ce6d2151873f","dzip":"sha256:9a1f53dc5d98","email":"j***@example.com","phone1":"***2222","movesize":"2 Bedrooms","movedte":"5/28/2026","notes":"sha256:81da1dce6ae7","leadno":"sha256:7b6d8986d052"}}
{"level":"info","time":"2026-09-19T04:48:52.744Z","service":"vantage-main-server","env":"development","msg":"crm.form_lead.submit.started","observability_level":"info","category":"crm","workflow":"crm_submit","source_company":"not_provided","entity_id":"6aae14349c3d6e2143c220cf"}
{"level":"info","time":"2026-09-19T04:48:52.761Z","service":"vantage-main-server","env":"development","msg":"crm.form_lead.submit.completed","leadId":"6aae14349c3d6e2143c220cf","endpoint":"https://lead.hellomoving.com/LEADSGWHTTP.lidgw?&API_ID=[redacted]&MOVERREF=[redacted]","status":200,"responseText":"Granot accepted lead 42"}
{"level":"info","time":"2026-09-19T04:48:52.762Z","service":"vantage-main-server","env":"development","msg":"crm.form_lead.submit.completed","observability_level":"info","category":"crm","workflow":"crm_submit","source_company":"not_provided","entity_id":"6aae14349c3d6e2143c220cf"}
{"level":"info","time":"2026-09-19T04:48:52.767Z","service":"vantage-main-server","env":"development","msg":"crm.form_lead.submit.started","leadId":"6aae14349c3d6e2143c220d0","endpoint":"https://lead.hellomoving.com/LEADSGWHTTP.lidgw?&API_ID=[redacted]&MOVERREF=[redacted]","payload":{"label":"Main Site Forms","firstname":"J***","lastname":"C***","ozip":"sha256:ce6d2151873f","dzip":"sha256:9a1f53dc5d98","email":"j***@example.com","phone1":"***2222","movesize":"2 Bedrooms","movedte":"5/28/2026","notes":"sha256:81da1dce6ae7","leadno":"sha256:7b6d8986d052"}}
{"level":"info","time":"2026-09-19T04:48:52.767Z","service":"vantage-main-server","env":"development","msg":"crm.form_lead.submit.started","observability_level":"info","category":"crm","workflow":"crm_submit","source_company":"not_provided","entity_id":"6aae14349c3d6e2143c220d0"}
{"level":"info","time":"2026-09-19T04:48:52.773Z","service":"vantage-main-server","env":"development","msg":"crm.form_lead.submit.http_error","leadId":"6aae14349c3d6e2143c220d0","endpoint":"https://lead.hellomoving.com/LEADSGWHTTP.lidgw?&API_ID=[redacted]&MOVERREF=[redacted]","status":400,"responseText":"bad request"}
{"level":"error","time":"2026-09-19T04:48:52.773Z","service":"vantage-main-server","env":"development","msg":"crm.form_lead.submit.http_error","observability_level":"error","category":"crm","workflow":"crm_submit","source_company":"not_provided","entity_id":"6aae14349c3d6e2143c220d0"}
{"level":"info","time":"2026-09-19T04:48:52.793Z","service":"vantage-main-server","env":"development","msg":"crm.form_lead.submit.started","leadId":"6aae14349c3d6e2143c220d1","endpoint":"https://lead.hellomoving.com/LEADSGWHTTP.lidgw?&API_ID=[redacted]&MOVERREF=[redacted]","payload":{"label":"Main Site Forms","firstname":"J***","lastname":"C***","ozip":"sha256:ce6d2151873f","dzip":"sha256:9a1f53dc5d98","email":"j***@example.com","phone1":"***2222","movesize":"2 Bedrooms","movedte":"5/28/2026","notes":"sha256:81da1dce6ae7","leadno":"sha256:7b6d8986d052"}}
{"level":"info","time":"2026-09-19T04:48:52.793Z","service":"vantage-main-server","env":"development","msg":"crm.form_lead.submit.started","observability_level":"info","category":"crm","workflow":"crm_submit","source_company":"not_provided","entity_id":"6aae14349c3d6e2143c220d1"}
{"level":"error","time":"2026-09-19T04:48:52.794Z","service":"vantage-main-server","env":"development","err":{"type":"Error","message":"ECONNRESET","stack":"Error: ECONNRESET\n    at <anonymous> (C:\\Users\\Pinda\\Proyectos\\vantage\\vantage-main-server\\src\\services\\crm\\crm.service.test.ts:126:11)\n    at globalThis.fetch (C:\\Users\\Pinda\\Proyectos\\vantage\\vantage-main-server\\src\\services\\crm\\crm.service.test.ts:43:12)\n    at submitFormLeadToCrm (C:\\Users\\Pinda\\Proyectos\\vantage\\vantage-main-server\\src\\services\\crm\\crm.service.ts:74:28)\n    at async TestContext.<anonymous> (C:\\Users\\Pinda\\Proyectos\\vantage\\vantage-main-server\\src\\services\\crm\\crm.service.test.ts:129:18)\n    at async Test.run (node:internal/test_runner/test:1332:7)\n    at async Test.processPendingSubtests (node:internal/test_runner/test:911:7)"},"msg":"crm.form_lead.submit.failed","leadId":"6aae14349c3d6e2143c220d1","endpoint":"https://lead.hellomoving.com/LEADSGWHTTP.lidgw?&API_ID=[redacted]&MOVERREF=[redacted]","msg":"CRM form lead submission failed"}
{"level":"error","time":"2026-09-19T04:48:52.801Z","service":"vantage-main-server","env":"development","msg":"crm.form_lead.submit.failed","observability_level":"error","category":"crm","workflow":"crm_submit","source_company":"not_provided","entity_id":"6aae14349c3d6e2143c220d1"}
{"level":"info","time":"2026-09-19T04:48:52.804Z","service":"vantage-main-server","env":"development","msg":"crm.form_lead.submit.started","leadId":"6aae14349c3d6e2143c220d2","endpoint":"https://lead.hellomoving.com/LEADSGWHTTP.lidgw?&API_ID=[redacted]&MOVERREF=[redacted]","payload":{"label":"BestRelocation","firstname":"J***","lastname":"C***","ozip":"sha256:ce6d2151873f","dzip":"sha256:9a1f53dc5d98","email":"j***@example.com","phone1":"***2222","movesize":"2 Bedrooms","movedte":"5/28/2026","notes":"sha256:81da1dce6ae7","leadno":"sha256:7b6d8986d052"}}
{"level":"info","time":"2026-09-19T04:48:52.804Z","service":"vantage-main-server","env":"development","msg":"crm.form_lead.submit.started","observability_level":"info","category":"crm","workflow":"crm_submit","source_company":"not_provided","entity_id":"6aae14349c3d6e2143c220d2"}
{"level":"info","time":"2026-09-19T04:48:52.805Z","service":"vantage-main-server","env":"development","msg":"crm.form_lead.submit.completed","leadId":"6aae14349c3d6e2143c220d2","endpoint":"https://lead.hellomoving.com/LEADSGWHTTP.lidgw?&API_ID=[redacted]&MOVERREF=[redacted]","status":200,"responseText":"OK"}
{"level":"info","time":"2026-09-19T04:48:52.806Z","service":"vantage-main-server","env":"development","msg":"crm.form_lead.submit.completed","observability_level":"info","category":"crm","workflow":"crm_submit","source_company":"not_provided","entity_id":"6aae14349c3d6e2143c220d2"}
✔ CRM env var name constants are stable and match what is read at module load (1.7391ms)
✔ CRM_FORM_LEAD_ENDPOINT is the Granot lead gateway URL with API_ID and MOVERREF params (0.6382ms)
✔ crmEndpointForLog redacts API_ID and MOVERREF values from the endpoint URL (0.4183ms)
✔ crmEndpointForLog defaults to the module-loaded CRM_FORM_LEAD_ENDPOINT and never leaks credentials (0.3588ms)
✔ splitNameForCrm returns empty firstname and lastname for blank input (3.3263ms)
✔ splitNameForCrm duplicates a single token into firstname and lastname (0.4629ms)
✔ splitNameForCrm takes the first and last token for multi-word names (0.3721ms)
✔ formatCrmMoveDate preserves the UTC calendar date as unpadded M/D/YYYY (0.3699ms)
✔ buildCrmFormLeadPayload defaults label to CRM_FORM_LEAD_LABEL when blank (10.2626ms)
✔ [AC-03] buildCrmFormLeadPayload uses the provider ref_no as Granot leadno (1.1815ms)
✔ [AC-03] Form Job Number parity does not reinterpret ref_no as CRM leadno (1.5664ms)
✔ [AC-03] buildCrmFormLeadPayload carries lid in notes without using it for identity (1.1345ms)
✔ [AC-03] buildCrmFormLeadPayload leaves leadno blank for the not-provided sentinel (1.2179ms)
✔ buildCrmFormLeadPayload maps lead fields onto the Granot wire shape (3.0025ms)
✔ [AC-08] CRM payload does not invent an absent trusted Granot move date (0.9808ms)
✔ summarizeCrmPayloadForLog masks PII and fingerprints identifiers and locations (1.7381ms)
✔ summarizeCrmPayloadForLog handles blank PII fields without throwing (1.0979ms)
✔ upsertCustomerFromBookingContact matches by phone when provided (4.6442ms)
✔ upsertCustomerFromBookingContact falls back to lead phone when customer phone is blank (0.7896ms)
✔ upsertCustomerFromBookingContact matches by normalized name when phone is absent (0.7839ms)
✔ upsertCustomerFromLead allows name-only leads (0.932ms)
✔ close sets yesterday status closed when it is still open (3.7994ms)
✔ close is a no-op when yesterday is already closed (0.6169ms)
✔ close also seals older open days, not only yesterday (0.5689ms)
✔ 2026-06-01T03:00:00.000Z maps to the NY day 2026-05-31 (2.9827ms)
✔ first day seed has 24 hourly buckets and known Source Company slugs (2.5102ms)
✔ metric_touches expand hourly.* onto the NY hour and always bump revision (0.5321ms)
✔ already-expanded hourly paths stay as written (0.4227ms)
✔ dotted increments apply onto a seeded day including hourly buckets (1.0104ms)
✔ previousEasternDayKey walks the NY calendar, not UTC midnight (0.7227ms)
✔ florida timestamp bounds are UTC wall-clock of the day key (0.7449ms)
✔ eastern instant bounds start at NY midnight, not UTC midnight (0.9852ms)
✔ sumHourlyThrough is pace 0..currentNyHour, not the full day (0.6477ms)
✔ first open emits snapshot then tails Redis envelopes as event plus metrics (18.2669ms)
✔ valid Last-Event-ID skips snapshot and continues from the cursor (3.1742ms)
✔ invalid Last-Event-ID is treated as first open and emits snapshot (1.9593ms)
✔ missing Redis uses Mongo tail oldest-after-cursor and still emits facts (1.6789ms)
✔ a burst of facts in one wake keeps every touch in the metrics frame (1.6687ms)
✔ Redis throw degrades to Mongo tail for that loop (1.7029ms)
✔ replica-lag skip retries the same Redis id and does not drop the event (8.1849ms)
✔ lane query is ignored — one socket emits every Daily Operations Event (8.304ms)
✔ heartbeat fires after 15s idle and has no id (38.4249ms)
✔ parseDailyOperationsXread reads object and flat-array field shapes (1.5007ms)
✔ test runner never constructs an Upstash client for the live isolate (0.9732ms)
✔ rebuild of an open day replaces counters and never deletes events (7.5135ms)
✔ rebuild refuses a closed day and leaves counters and events alone (2.3278ms)
✔ rebuild of a missing open day still writes seeded counters (1.6355ms)
✔ rebuild rejects a deleteEvents hook so events stay append-only (3.4416ms)
{"level":"warn","time":"2026-09-19T04:48:45.507Z","service":"vantage-main-server","env":"development","msg":"daily_operations.redis.xadd_failed","kind":"form_lead.created","day":"2026-05-31","err":{"type":"Error","message":"upstash unavailable","stack":"Error: upstash unavailable\n    at Object.xadd (C:\\Users\\Pinda\\Proyectos\\vantage\\vantage-main-server\\src\\services\\dailyOperations\\recordDailyOperationsFact.test.ts:254:15)\n    at publishRedisDoorbell (C:\\Users\\Pinda\\Proyectos\\vantage\\vantage-main-server\\src\\services\\dailyOperations\\recordDailyOperationsFact.ts:200:34)\n    at recordDailyOperationsFact (C:\\Users\\Pinda\\Proyectos\\vantage\\vantage-main-server\\src\\services\\dailyOperations\\recordDailyOperationsFact.ts:307:11)\n    at async TestContext.<anonymous> (C:\\Users\\Pinda\\Proyectos\\vantage\\vantage-main-server\\src\\services\\dailyOperations\\recordDailyOperationsFact.test.ts:249:18)\n    at async Test.run (node:internal/test_runner/test:1332:7)\n    at async Test.processPendingSubtests (node:internal/test_runner/test:911:7)"}}
✔ unique dedupe_key insert increments the named metric_touches (13.9842ms)
✔ duplicate dedupe_key is a no-op: no second increment and no XADD (6.8555ms)
✔ closed day skips increment and records empty metric_touches (15.5345ms)
✔ missing Redis client still persists the event and day increment (2.7258ms)
✔ test runner never constructs a publish that would call Upstash (1.062ms)
✔ Redis XADD failure is swallowed and does not fail the fact (45.8637ms)
✔ successful XADD stores redis_stream_id and only envelope fields (2.8876ms)
✔ writer never throws when stores fail (2.1828ms)
✔ test sink captures when stores are not injected (24.7762ms)
✔ granot.minted increments decisions only and sheet sync increments only its own panel counter (0.9944ms)
{"level":"error","time":"2026-09-19T04:48:45.555Z","service":"vantage-main-server","env":"development","msg":"daily_operations.record_fact_failed","kind":"form_lead.created","err":{"type":"Error","message":"mongo down","stack":"Error: mongo down\n    at Object.insertEvent (C:\\Users\\Pinda\\Proyectos\\vantage\\vantage-main-server\\src\\services\\dailyOperations\\recordDailyOperationsFact.test.ts:326:15)\n    at recordDailyOperationsFact (C:\\Users\\Pinda\\Proyectos\\vantage\\vantage-main-server\\src\\services\\dailyOperations\\recordDailyOperationsFact.ts:261:35)\n    at TestContext.<anonymous> (C:\\Users\\Pinda\\Proyectos\\vantage\\vantage-main-server\\src\\services\\dailyOperations\\recordDailyOperationsFact.test.ts:323:24)\n    at Test.runInAsyncScope (node:async_hooks:227:14)\n    at Test.run (node:internal/test_runner/test:1325:25)\n    at Test.processPendingSubtests (node:internal/test_runner/test:911:18)\n    at Test.postRun (node:internal/test_runner/test:1465:19)\n    at Test.run (node:internal/test_runner/test:1390:12)\n    at async Test.processPendingSubtests (node:internal/test_runner/test:911:7)"}}
{"level":"info","time":"2026-09-19T04:49:00.272Z","service":"vantage-main-server","env":"development","msg":"call_lead.create.sheet_sync.disabled","resource":"source_lead","leadModel":"CallLead","leadId":"507f1f77bcf86cd799439011"}
✔ Form create increments leads.form + origin + company once (10.4613ms)
✔ Duplicate Form increments leads.duplicate_form only (2.4737ms)
✔ reused WordPress lead does not call the writer (11.8569ms)
✔ zip 33101 + state not_found counts the Lead and records exception.zip_missing (1.6785ms)
✔ Call unmatched increments leads.unmatched_call only (2.6239ms)
✔ Call zip present + blank state is a zip miss and still counts the Lead (0.9509ms)
✔ quiet hours at 02:14 ET record text.deferred with 8:00 AM send_at and no messages.successful (1.7718ms)
✔ 07:00 ET send records text.sent only (0.8793ms)
✔ first sent/delivered after deferred records text.sent once (1.8027ms)
✔ status callback terminal fail records text.failed (0.5901ms)
✔ unapplied status callback does not call the writer (0.272ms)
✔ dispatchOrQueue skipped path records text.skipped (6.264ms)
✔ completeCallLeadIngestion records call_lead.created once via the sink (7.095ms)
✔ CRM HTTP fail records exception.crm_failed (19.136ms)
✔ RingCentral adoption conflict records exception.adoption_conflict and not a Call Lead create (3.0032ms)
✔ duplicate booking submission helper is not used — skip is kind duplicate at finalize (1.3829ms)
✔ employee pending booking increments employee_pending and not a kind bucket (0.6691ms)
✔ cancellation.created uses cancellation:<id>:created (1.1756ms)
✔ writer sink captures without stores and does not require Mongo (1.5491ms)
✔ zipMissSides treats not_found and blank as a miss only when a zip is present (0.5023ms)
{"level":"info","time":"2026-09-19T04:49:00.276Z","service":"vantage-main-server","env":"development","msg":"lead.call.created","observability_level":"info","category":"lead","workflow":"call_lead_create","source_company":"tbm_leads","entity_id":"507f1f77bcf86cd799439011"}
{"level":"info","time":"2026-09-19T04:49:00.290Z","service":"vantage-main-server","env":"development","msg":"crm.form_lead.submit.started","leadId":"507f1f77bcf86cd799439011","endpoint":"https://lead.hellomoving.com/LEADSGWHTTP.lidgw?&API_ID=[redacted]&MOVERREF=[redacted]","payload":{"label":"Main Site Forms","firstname":"J***","lastname":"C***","ozip":"sha256:ce6d2151873f","dzip":"sha256:9a1f53dc5d98","email":"j***@example.com","phone1":"***2222","movesize":"14","movedte":"","notes":"","leadno":""}}
{"level":"info","time":"2026-09-19T04:49:00.290Z","service":"vantage-main-server","env":"development","msg":"crm.form_lead.submit.started","observability_level":"info","category":"crm","workflow":"crm_submit","source_company":"tbm_leads","entity_id":"507f1f77bcf86cd799439011"}
{"level":"info","time":"2026-09-19T04:49:00.296Z","service":"vantage-main-server","env":"development","msg":"crm.form_lead.submit.http_error","leadId":"507f1f77bcf86cd799439011","endpoint":"https://lead.hellomoving.com/LEADSGWHTTP.lidgw?&API_ID=[redacted]&MOVERREF=[redacted]","status":400,"responseText":"bad request"}
{"level":"error","time":"2026-09-19T04:49:00.296Z","service":"vantage-main-server","env":"development","msg":"crm.form_lead.submit.http_error","observability_level":"error","category":"crm","workflow":"crm_submit","source_company":"tbm_leads","entity_id":"507f1f77bcf86cd799439011"}
{"level":"info","time":"2026-09-19T04:49:00.299Z","service":"vantage-main-server","env":"development","msg":"ringcentral.ingest.processed","action":"dry_run","writeMode":"dry_run","duplicate":false,"duplicateReason":"unique","ingestionSource":"webhook","telephonySessionId":"u20-session","callLogId":null,"sourceCompany":"main_site","durationSeconds":180,"callLeadId":null}
✔ applyBestRelocationPlan is not a Daily Operations hook site (67.708ms)
✔ persistLeadMessageIntent is not a Daily Operations hook site (7.0801ms)
✔ completeFormLeadIngestion hooks after the reused-lead return (12.6683ms)
✔ duplicate booking finalize returns before the Daily Operations writer (3.1221ms)
✔ Sheet Sync job outcomes record one deduped fact per job and outcome with a metric touch (2.2305ms)
✔ the drainer records Sheet Sync facts on synced and failed jobs, never on coalesced duplicates or deferrals (21.0979ms)
✔ completeCallLeadIngestion is the only Call Lead volume hook (3.5602ms)
✔ lead_created capture increments webhook class only (9.2001ms)
✔ priority_updated capture increments webhook class only (0.8784ms)
✔ Booked payload at capture increments class and booked once (1.099ms)
✔ Release payload at capture increments class and release once (0.7376ms)
✔ Releas token classifies as release (8.6364ms)
✔ unclassified booking_status_changed increments class only (2.0563ms)
✔ granot.minted touches decisions.minted only and does not increment leads.* (2.4059ms)
✔ outcome card parent_receipt_id pairs to the receipt card (0.9136ms)
✔ linked outcome uses parent_receipt_id and decisions.linked (7.3391ms)
✔ synchronize conflict pending does not record granot.linked (1.2159ms)
✔ processor maps observe / pending_match / unmatched and skips mint/link (13.2485ms)
✔ intake opened increments intakes.opened; refresh does not (1.4119ms)
✔ process-time Booked increments booked only when capture did not classify (2.3288ms)
✔ Booked increments those buckets once when capture already classified (0.6927ms)
✔ dead letter uses exception:dead_letter:<receiptId> (0.4857ms)
✔ receipt kind and dedupe follow spec §14 (0.2852ms)
✔ captureChannelOperationReceipt is not a Daily Operations hook site (102.0492ms)
✔ createLeadFromGranot finalize records granot.minted after existing after-commit work (3.066ms)
✔ synchronizeLeadFromGranot pending carries outcome and provenance (3.6937ms)
✔ logProcessingCompletion records observe/pending/unmatched when no lead finalize ran (74.5579ms)
✔ dead letter hook is the drainer entered seam, not the 202 path (20.0796ms)
✔ webhook capture hooks after persist and before return (10.8708ms)
✔ missing open day returns seeded zeros, not 404 (10.0194ms)
✔ sheet_sync touches increment the day and surface on the snapshot; pre-hook days read zero (5.4059ms)
✔ missing yesterday yields null totals so the UI can show a dash (4.2073ms)
✔ yesterday_by_now is hourly 0..currentNyHour, not the full yesterday (19.9543ms)
✔ day_before and day_before_by_now come from the third NY day; missing day is null (21.127ms)
✔ every SOURCE_COMPANIES slug is present including zeros (2.2022ms)
✔ wordpress_form is a present key even when zero (2.587ms)
✔ intakes.still_open and texts.held_now are live queries, not day increments (1.196ms)
✔ GET snapshot does not mutate loaded day documents (1.145ms)
✔ events cursor is occurred_at ISO plus event id, parsed at the last colon (0.6568ms)
✔ events page is newest-first for the NY day and returns next_cursor (1.1998ms)
✔ test runner reports redis.configured false without constructing a client (0.8768ms)
{"level":"info","time":"2026-09-19T04:49:01.824Z","service":"vantage-main-server","env":"development","msg":"domain_command.applied","observability_level":"info","category":"admin","workflow":"canonical_domain_command","entity_id":"lead-admin"}
✔ [AC-21] command execution model has durable origin/idempotency uniqueness (4.9976ms)
✔ invalid command context fails before database access (1.8032ms)
✔ external ingestion rejects human executors and incomplete provenance (1.1857ms)
✔ [AC-21] four origins validate exactly; Granot and RingCentral identities cannot be client-forged (19.0277ms)
✔ [AC-21] replay returns stored applied result; checksum reuse conflicts; compatibility adapter is one-way (3.95ms)
✔ [AC-21] failed command leaves no successful execution outcome (2.1185ms)
✔ [AC-21] stable now and preallocated IDs survive a transaction callback retry (1.8432ms)
✔ [AC-32] observation_channel must agree with the initiator path (1.1909ms)
✔ [AC-21] compatibility API-secret and scoped-key system actors validate for vantage_admin (3.8504ms)
✔ owner idempotency key helper preserves the 8-200 printable envelope (0.7707ms)
✔ call-lead command validates DTO without an unsupported ingestion field (7.1423ms)
{"level":"info","time":"2026-09-19T04:49:01.828Z","service":"vantage-main-server","env":"development","msg":"domain_command.applied","observability_level":"info","category":"admin","workflow":"canonical_domain_command","entity_id":"lead-1","run_id":"run-1"}
{"level":"info","time":"2026-09-19T04:49:01.830Z","service":"vantage-main-server","env":"development","msg":"domain_command.replayed","observability_level":"info","category":"admin","workflow":"canonical_domain_command","entity_id":"lead-1","run_id":"run-1"}
{"level":"info","time":"2026-09-19T04:49:01.835Z","service":"vantage-main-server","env":"development","msg":"domain_command.applied","observability_level":"info","category":"admin","workflow":"canonical_domain_command","entity_id":"lead-retry","run_id":"run-1"}
{"level":"info","time":"2026-09-19T04:49:01.838Z","service":"vantage-main-server","env":"development","msg":"domain_command.applied","observability_level":"info","category":"admin","workflow":"canonical_domain_command","entity_id":"lead-secret"}
{"level":"info","time":"2026-09-19T04:49:01.840Z","service":"vantage-main-server","env":"development","msg":"domain_command.applied","observability_level":"info","category":"admin","workflow":"canonical_domain_command","entity_id":"lead-scoped"}
✔ [AC-21] transaction-bound internals do not open nested transactions or finalize Sheets (137.5911ms)
✔ canonical command modules do not depend on transport or Google adapters (49.0947ms)
✔ durable actor factories mint the fixed Granot and RingCentral identities (0.716ms)
✔ [AC-32] existing write context factory hashes payload and never stores credentials (0.5582ms)
✔ [AC-32] v1 write routes enter existing adapters and do not patch models (17.7509ms)
✔ runExistingUpdateSourceOwnedLead still uses updateSourceOwnedLead and pending source_lead update (19.1158ms)
✔ [AC-32] existing write adapters persist Changes inside the executor and keep later commands disabled (23.9713ms)
﹣ [AC-21] [AC-32] replica existing write commits Command/Change/revision/outbox; replay and rollback do not (2.6306ms) # Replica-set proof requires TEST_MODE=true before process start.
✔ [AC-32] contact and address paths are reference_only; low-risk paths stay stored (2.5834ms)
✔ [AC-32] Change builders omit raw contact values and emit deterministic paths (28.4277ms)
✔ [AC-32] no-op field collection emits no Change descriptors (0.6438ms)
✔ FORM and CALL CHANGE_PATHS include no_sync so a flip is not a silent no-op (0.4243ms)
✔ collectDocumentFieldChanges reports no_sync when it flips and no-ops when unchanged (1.0938ms)
✔ existing write context maps an Owner extension user to an owner actor (54.9645ms)
✔ existing write context maps Owner plus Sales to an owner actor (0.631ms)
✔ existing write context rejects sales extension user (1.2229ms)
✔ existing write context rejects customer_service extension user (0.4861ms)
✔ existing write context rejects sales+customer_service extension user (0.4584ms)
﹣ [AC-21] replica executor: exact stored-result replay, checksum conflict, and no second mutation (3.1416ms) # Replica-set proof is opt-in via GRANOT_LIFECYCLE_REPLICA_TESTS=true.
﹣ [AC-21] replica executor: same-key commit race has one winner and exact replay of the stored result (0.5142ms) # Replica-set proof is opt-in via GRANOT_LIFECYCLE_REPLICA_TESTS=true.
﹣ [AC-21] replica executor: expected-revision loser is DOMAIN_REVISION_CONFLICT with no Decision/Command (0.5523ms) # Replica-set proof is opt-in via GRANOT_LIFECYCLE_REPLICA_TESTS=true.
﹣ [AC-32] replica executor: Receipt/Observation/Decision causal IDs persist; rollback leaves zero partial rows (0.4664ms) # Replica-set proof is opt-in via GRANOT_LIFECYCLE_REPLICA_TESTS=true.
﹣ [AC-21] replica executor: stable now and preallocated IDs survive callback retry (0.7646ms) # Replica-set proof is opt-in via GRANOT_LIFECYCLE_REPLICA_TESTS=true.
﹣ [AC-32] replica executor: persist failure rolls back Decision, aggregate, and Command (0.4596ms) # Replica-set proof is opt-in via GRANOT_LIFECYCLE_REPLICA_TESTS=true.
﹣ [AC-32] replica executor: post-commit finalize never runs on rollback (0.8008ms) # Replica-set proof is opt-in via GRANOT_LIFECYCLE_REPLICA_TESTS=true.
﹣ [AC-32] replica executor: no Sheet/queue/email/CRM call occurs before commit (0.42ms) # Replica-set proof is opt-in via GRANOT_LIFECYCLE_REPLICA_TESTS=true.
✔ canonical JSON is stable across object insertion order (6.484ms)
✔ canonical JSON rejects unsupported values (1.5206ms)
✔ effective capability requires all three gates (1.7834ms)
✔ provider failures classify and retry deterministically (1.1611ms)
✔ fenced in-memory leases reject stale epochs (1.9065ms)
✔ model-backed lease schema carries unique scope and fencing epoch (1.0276ms)
✔ run fake enforces status graph, lease fencing, and monotonic checkpoints (1.2698ms)
✔ system actors remain distinct and metadata is sanitized (1.0453ms)
✔ listBookingLeadReconciliationCases returns admin-facing summary fields (8.7878ms)
✔ getBookingLeadReconciliationCase returns detail fields consumed by admin (1.2963ms)
✔ searchBookingLeadCandidates returns compact case-aware results with a cursor (3.4546ms)
✔ searchBookingLeadCandidates Call q and contact filters include snapshot paths (4.2159ms)
✔ searchBookingLeadCandidates returns Granot and ingested contact snapshots (12.7367ms)
✔ dismissing an owner_booking pending case leaves the Booking Leadless (10.2389ms)
✔ reopenBookingLeadReconciliation guards status and live booking before rematch (0.9029ms)
✔ assembleEmployeeBookingOptions joins active granularities to active companies (7.9708ms)
✔ assembleEmployeeBookingOptions ignores unknown company ids (0.5214ms)
✔ candidate query detects the 26th matching lead instead of proving false uniqueness (13.3209ms)
✔ candidate snapshots keep Granot and ingested contact for owner display (1.5853ms)
✔ candidate query tags a unique Form Lead Job Number as job_no (1.2144ms)
✔ evaluateEmployeeBookingMatch auto-links a unique Call Lead Job Number (6.6637ms)
✔ evaluateEmployeeBookingMatch auto-links a unique Form Lead Job Number on form channel (0.9919ms)
✔ evaluateEmployeeBookingMatch treats two Call Leads with the same Job Number as multiple_matches (2.1143ms)
✔ evaluateEmployeeBookingMatch leaves same-phone no-job as pending no_match (0.8929ms)
✔ evaluateEmployeeBookingMatch never auto-links LID, email, or phone under Exact Job Booking Attach (0.9ms)
✔ evaluateEmployeeBookingMatch never auto-links when candidate query overflowed (0.6516ms)
✔ evaluateEmployeeBookingMatch returns channel_conflict for opposite-channel-only Job Number (0.6334ms)
✔ evaluateEmployeeBookingMatch respects none policy (0.7238ms)
✔ evaluateEmployeeBookingMatch treats contradictory phone/name signals as a hard conflict (0.8201ms)
✔ evaluateEmployeeBookingMatch blocks Job Number and Phone pointing to different Leads (0.6583ms)
✔ evaluateEmployeeBookingMatch does not auto-link a different same-company granularity (0.5214ms)
✔ evaluateEmployeeBookingMatch rematch attaches only after a unique job appears (0.5253ms)
✔ test-mode migration apply remains available with --apply (2.6728ms)
✔ production migration apply requires explicit confirmation (0.8902ms)
✔ test mode cannot apply to the production database without production confirmation (0.2762ms)
✔ production migration apply rejects an unexpected connected database (0.2617ms)
✔ production migration apply accepts explicit confirmation on the production database (0.2428ms)
✔ collectNormalizedCollisions groups normalized duplicates (6.6492ms)
✔ reportHasBlockingCollisions flags booking identity collisions (2.8822ms)
✔ submission collision preflight ignores bookings outside the partial unique index scope (0.768ms)
✔ deriveTrustedOwnerActor rejects bare api secret actor (2.7224ms)
✔ deriveTrustedOwnerActor accepts trusted owner headers with primary secret (2.1603ms)
✔ deriveTrustedOwnerActor accepts owner users directly (0.4064ms)
✔ deriveTrustedOwnerActor rejects non-owner users and bare secrets (0.5923ms)
✔ assertExactWarningOverrides requires exact current overrideable warnings (0.6775ms)
✔ assertAllowedCaseAction allows only valid transitions (0.743ms)
✔ assertLiveBookingState blocks cancelled and invalid booking states (1.1211ms)
✔ applyCursorFilter uses date plus id tie-break (2.6515ms)
✔ decodeDateIdCursor rejects malformed dates and object ids (1.0316ms)
{"level":"info","time":"2026-09-19T04:49:08.330Z","service":"vantage-main-server","env":"development","msg":"mongo.dns.servers_configured","servers":["8.8.8.8","1.1.1.1"]}
✔ cold rematch connects to Mongo before attempting a lease or model operation (126.5614ms)
✔ rematch snapshots Exact Job Booking Attach, not the retired five-rule list (3.1368ms)
✔ rematch evaluator attaches only when a unique Call Lead job appears (2.3334ms)
✔ call lead enrichment prefers source-compatible Job Number matches when the row has a Job Number (32.0434ms)
✔ call lead enrichment blocks sync when phone matches only across assigned source companies (4.8106ms)
✔ syncCallLeadEnrichment does not write when source match is conflict (2.938ms)
✔ call lead enrichment can claim an unassigned phone-matched call lead source (4.8129ms)
✔ preview does not write live phone, name, or email (2.2146ms)
✔ conflicting stored Job Number is not overwritten (2.4837ms)
✔ row Job on Lead A plus Granot phone equal to Lead B ANI selects A (2.586ms)
✔ contact-only Granot card diff is updateable (5.9086ms)
✔ preview phone rung does not query granot_contact_snapshot (1.5904ms)
✔ parseEnrichmentRow enriches valid cities while ignoring zero and comma placeholders (3.4513ms)
✔ AppError defaults to INTERNAL code and 500 status when no options are given (2.3171ms)
✔ AppError preserves code, statusCode, internalMessage, cause, and metadata from options (1.8224ms)
✔ AppError.toLog returns a safe, structured summary of public fields plus log-only context (0.6282ms)
✔ AppError.toLog omits cause/internalMessage/metadata when they are not provided (0.3027ms)
✔ AppError.toLog handles string causes and unserializable causes without throwing (20.4446ms)
✔ AppError does NOT expose internalMessage or cause via its public message field (0.6676ms)
✔ BadRequestError defaults to 400 and BAD_REQUEST code (30.8592ms)
✔ ValidationError defaults to 400 and VALIDATION code (1.9404ms)
✔ UnauthorizedError defaults to 401 and UNAUTHORIZED code (3.2401ms)
✔ NotFoundError defaults to 404 and NOT_FOUND code (9.5769ms)
✔ ConflictError defaults to 409 and CONFLICT code (6.2112ms)
✔ IntegrationError defaults to 502 and INTEGRATION code (1.0895ms)
✔ subclasses allow callers to override the default statusCode without losing the code (1.4674ms)
✔ subclasses carry their constructor name (useful for log filters) (0.8796ms)
✔ subclasses are all instanceof AppError and Error (0.7229ms)
✔ createExtensionUser persists canonical roles and never returns the secret (7.3405ms)
✔ createExtensionUser rejects a duplicate email (2.2991ms)
✔ listExtensionUsers returns roles and dual-reads leftover employee (0.8339ms)
✔ toAdminExtensionUser dual-reads leftover employee as Sales plus Customer Service (0.6755ms)
✔ updateExtensionUser bumps token_version only on actual email, password, or roles change (2.2667ms)
✔ updateExtensionUser rejects a duplicate email with the create message (0.778ms)
✔ updateExtensionUser returns not found for a missing id (5.313ms)
✔ deleteExtensionUser removes the row so the email can be reused (1.2257ms)
✔ deleteExtensionUser returns not found for a missing id (0.713ms)
✔ fetchDriveFileMetadata maps 404 distinctly from 403 access denied (16.0336ms)
✔ fetchDriveFileMetadata maps provider failures to integration errors (0.862ms)
✔ Google refresh tokens round-trip through authenticated encryption (17.7227ms)
✔ encrypted Google refresh tokens are bound to the owner identity (1.2089ms)
✔ OAuth state is stored as a deterministic SHA-256 digest (0.9427ms)
✔ Google Drive folder IDs can be read from IDs or shared URLs (0.6868ms)
✔ invalid Google Drive folder IDs are rejected (1.3453ms)
✔ a requested folder is created under the normalized configured parent (2.1897ms)
✔ public Google OAuth config excludes server secrets (4.5314ms)
✔ sanitized Google Drive connection status excludes configured owner email (0.5357ms)
✔ sanitized Google Drive connection status excludes refresh credentials (1.5069ms)
✔ Picker bootstrap allowlist rejects unexpected response fields (1.4999ms)
✔ reporting ownership marker round-trips and matches destination ID (0.7265ms)
✔ allowed OAuth scopes reject overgrant and extra scopes (2.7996ms)
✔ OAuth scope normalization is order-insensitive (2.2775ms)
✔ Google userinfo.email URI is treated as the email scope (0.6507ms)
✔ google drive owner auth accepts the signed owner admin proxy (6.5638ms)
✔ google drive owner auth rejects scoped API keys (2.0631ms)
✔ google drive owner auth accepts an allowlisted extra owner email (1.8358ms)
✔ google drive owner auth rejects a signed owner outside the allowlist (1.7782ms)
✔ google drive owner auth requires signed owner matching configured identity (1.7572ms)
✔ sanitized google drive API errors do not expose configured owner email (1.4253ms)
✔ callback failure logs use stable categories without provider text (0.6865ms)
✔ drive metadata validation rejects wrong mime types (3.847ms)
✔ drive metadata validation rejects trashed files (0.5841ms)
✔ drive metadata validation rejects non-owned files (10.1578ms)
✔ picker nonce and selection references hash to stable digests (0.8953ms)
✔ invalid picker selection preserves nonce until metadata validates (34.4905ms)
✔ picker nonce replay is rejected after successful verification (2.6825ms)
✔ concurrent valid picker verifications issue at most one selection reference (2.4132ms)
✔ invalid selection reference metadata preserves reference until validation passes (35.5172ms)
✔ denylisted workbook preserves reference until denylist clears (14.3372ms)
✔ denylist configuration fails closed without consuming reference (8.0555ms)
✔ selection reference replay is rejected after successful consume (27.6744ms)
✔ concurrent valid selection reference consumes yield at most one winner (2.0952ms)
✔ extractStateCodeFromGoogleGeocodeResponse uses postal address state code (2.0118ms)
✔ extractStateCodeFromGoogleGeocodeResponse converts state component name (0.8486ms)
✔ Form Lead that is not a Duplicate Lead expects Master Leads Forms (21.8766ms)
✔ Duplicate Form Lead expects Master Leads Duplicates (0.6839ms)
✔ Bad Lead expects the primary tab and Bad Leads (0.4874ms)
✔ Call Lead that is not a Duplicate Lead expects Master Leads Calls (1.1057ms)
✔ Duplicate Call Lead expects Master Leads Duplicate Calls (0.6103ms)
✔ Unmatched Call Lead is not expected on Master Leads (0.4009ms)
✔ ordinary No-Sync Form Lead skips Master Leads with no_sync (0.2867ms)
✔ ordinary No-Sync Call Lead skips Master Leads with no_sync (0.4955ms)
✔ No-Sync + Bad Lead still expects today's Bad tabs (0.9143ms)
✔ No-Sync + Duplicate Call Lead still expects Duplicate Calls (0.5441ms)
✔ Booking expects Master Booked Booked Deals (0.3938ms)
✔ Cancellation expects Master Booked Cancelled Deals (0.2703ms)
✔ formatDateOnly returns ISO date prefix (2.5336ms)
✔ formatTimestamp uses owner-facing UTC clock components (0.5019ms)
✔ booleanCell maps booleans to sheet strings (0.3157ms)
✔ localCell maps values to local/long_distance (0.3235ms)
✔ optionalLocalCell returns empty string when blank (0.3414ms)
✔ bookedCell, bookedDateCell, cancelledCell, quotedCell map booleans to labels (5.6097ms)
✔ overThresholdCell returns label or blank (0.5126ms)
✔ formatNumber stringifies finite numbers and elides null/undefined/NaN (0.308ms)
✔ primaryBookingAgent returns first agent name snapshot (0.4119ms)
✔ splitCell only flags true splits when there are at least two named allocations with non-zero amounts (0.5323ms)
✔ formLeadToRow projects fields in the documented header order (1.1112ms)
✔ formLeadToRow defaults missing ref_no to 'not provided' (0.855ms)
✔ lead projections use exact GetMovers source labels (14.8988ms)
✔ formLeadToRow clears booking reporting columns after booking deletion (0.4782ms)
✔ callLeadToRow projects fields in the documented header order (0.453ms)
✔ callLeadToRow clears booking reporting columns after booking deletion (0.2819ms)
✔ bookedLeadToRow projects allocations, customer, and lead ref (1.4175ms)
✔ bookedLeadToRow writes form source label from canonical slug (0.4773ms)
✔ bookedLeadToRow writes call source label from canonical slug (0.4402ms)
✔ bookedLeadToRow resolves legacy source labels before writing (0.2964ms)
✔ bookedLeadToRow projects referral customer name and blank lead ref (0.3423ms)
✔ bookedLeadToRow projects leadless booking source label and blank lead ref (0.2941ms)
✔ cancelledLeadToRow projects cancellation fields (0.4238ms)
✔ cancelledLeadToRow leaves cancel_date blank when missing (0.3911ms)
✔ rowsFromValues maps Mongo ID cells and keeps evidence columns (2.8353ms)
✔ found Form Lead returns Master Leads Forms evidence and a sheet link (4.5002ms)
✔ missing Form Lead stays missing and can attach an open Sheet Sync job (1.8734ms)
✔ Form Lead on Duplicates when Forms was expected is wrong_tab (1.2389ms)
✔ unmatched Call Lead is not_expected and does not read tabs (0.7278ms)
✔ ordinary No-Sync Form Lead is not_expected and does not read tabs (0.7762ms)
✔ ordinary No-Sync Call Lead is not_expected and does not read tabs (1.2304ms)
✔ No-Sync + Bad Lead uses today's Bad expected tabs, not the no_sync skip (2.5633ms)
✔ No-Sync + Duplicate Call Lead uses today's Duplicate Calls tab, not the no_sync skip (1.0862ms)
✔ ordinary Call missing from Calls is still missing (0.7522ms)
✔ unknown Mongo id is not_found (0.4405ms)
✔ Bad Lead found on Forms but missing Bad Leads is still found with a missing tab (2.3049ms)
✔ Booking found on Booked Deals (6.3845ms)
✔ preserves request order and dedupes ids (1.0333ms)
✔ ensureTabsAndHeaders expands an undersized existing grid without shrinking it (5.245ms)
✔ Master Leads provisions a dedicated Duplicate Calls tab (6.0917ms)
✔ Duplicate Calls tab reuses the Calls headers (1.0139ms)
✔ duplicate-call sync targets resolve to the Calls headers (0.3969ms)
✔ duplicate-call master target ensures the Master Leads tab set (0.4903ms)
✔ Master Leads provisions Bad Leads with form headers (0.3663ms)
✔ Bad Leads master target ensures the Master Leads tab set (0.3445ms)
✔ buildGranotCrmCsvObjectKeys creates latest/meta/history paths (9.5593ms)
✔ buildRegistryKey follows CRM origin host (0.8196ms)
✔ parseGranotCsv normalizes headers and skips total rows (4.2453ms)
✔ [AC-03] form identity vocabulary excludes lids while allowing Mongo id as a secondary lookup (16.8375ms)
✔ [AC-03] form planning gives exact FormLead.ref_no priority over every fallback (2.5257ms)
✔ exact identity wins but surfaces a source-company mismatch warning (1.1398ms)
✔ duplicate exact FormLead.ref_no candidates are a conflict (0.7746ms)
✔ [AC-03] form planning falls back only after FormLead.ref_no has no match (1.426ms)
✔ [AC-03] form planning resolves an ObjectId ref_no only after exact field lookup misses (1.1577ms)
✔ fallback ties resolve by source company then quoted prior (0.8473ms)
✔ fallback refuses a sole candidate from a different source company (0.8048ms)
✔ fallback does not select a lead from name alone (3.2857ms)
✔ fallback scores only candidates that pass the source-company gate (10.0433ms)
✔ form patch has extension parity and fills only missing locations (2.1137ms)
✔ [AC-33] form planning labels Booked Jobs and Follow Up sections separately (1.704ms)
✔ apply deployment gate is explicit (0.8377ms)
✔ form patch never overwrites an existing receiver (1.6592ms)
✔ source report parsing returns both Granot lead sections with job numbers (52.3189ms)
✔ source report parsing finds Granot's nested tables after centered headings (13.1006ms)
✔ content hashes ignore per-login Granot session tokens (36.2994ms)
✔ collected rows map to existing call-lead endpoint payloads (9.4676ms)
✔ call-lead payloads never expose or interpret Granot ref_no (6.9296ms)
✔ collector follows the Granot report flow and records absent sources (42.2082ms)
✔ collector retries the full flow when the source page expires the session (24.2685ms)
✔ collector rejects impossible date windows before contacting Granot (1.1636ms)
✔ [AC-33] Form Follow Up statement keeps raw Priority, separate user/rep, and location aliases (5.1932ms)
✔ [AC-33] Form Booked statement is booking_action_apply with raw Booked evidence (1.4949ms)
✔ [AC-33] Call enrichment statement does not collapse user/rep (0.4726ms)
✔ [AC-33] Call Booked statement keeps raw Booked and does not infer Release (0.48ms)
✔ [AC-02] oversized ${run_id}:${action_id} is rejected before plan lock (1.5722ms)
✔ [AC-02] schema-v1 plans fail closed as RUN_REPLAN_REQUIRED (0.5002ms)
✔ [AC-02] sealing a collected plan stores schema v2 lifecycle_apply before checksum (1.1127ms)
✔ pending lifecycle outcomes keep the run applying (0.4588ms)
✔ run-group creation inserts two correlated compatible queued children (6.0294ms)
✔ run-group validation completes before any child insertion (1.4778ms)
✔ call plan previews convert Mongo ObjectIds before checksumming (3.9676ms)
✔ form expected filters do not cast empty strings as ObjectIds (1.0486ms)
✔ [AC-02] applyRun has no runtime path to legacy Form/Call/Booked mutation services (33.9265ms)
✔ source IDs canonicalize case before lookup and duplicate validation (6.5939ms)
✔ source partitioning keeps only compatible IDs in each child snapshot (0.5572ms)
✔ [AC-38] unavailable resolve issues keep INVALID_GRANOT_SOURCES and per-source codes (0.8289ms)
✔ run-group resolve asks each source only for operations its Registry routes permit (0.8119ms)
✔ a source with no matching Registry route still fails the asked operation (0.5691ms)
✔ [AC-38] resolve never treats label or supported_operations as semantic authority (0.4697ms)
✔ source partitioning rejects an empty selected workflow (0.4397ms)
﹣ [AC-21] replica CAS: one winner increments once; loser is DOMAIN_REVISION_CONFLICT (1.987ms) # Replica-set proof is opt-in via GRANOT_LIFECYCLE_REPLICA_TESTS=true.
✔ [AC-21] CAS primitive requires { _id, domain_revision } and names DOMAIN_REVISION_CONFLICT (5.1475ms)
✔ [AC-37][AC-38] Unit 30 rollout alert codes stay frozen (4.1239ms)
✔ [AC-37] oldest due fires only after 15 minutes plus 10 minutes continuity (2.6401ms)
✔ [AC-31] insufficient data never recovers an active alert (0.4099ms)
✔ [AC-37] any current dead letter fires and zero is ok (0.5596ms)
✔ [AC-37] capture 503 and claim-recovery windows use exact thresholds (0.5503ms)
✔ [AC-31] empty p95 and source-rate samples are insufficient_data, not success (0.3532ms)
✔ [AC-31] p95 uses deterministic nearest-rank and the 10-minute threshold (0.5994ms)
✔ [AC-38] RingCentral lease and enabled-source ambiguity rate stay bounded (0.5837ms)
✔ [AC-37] repeated evaluation does not fan out: only open/clear transitions emit (0.4253ms)
✔ [AC-05] planner conversion keeplisted Priority/Quoted/move paths and drops derived metadata (27.4796ms)
✔ [AC-05] quoted:false is rejected and no write path sets it false (2.2442ms)
✔ snapshot-only Call plan converts and keeps live phone off contact_changed_paths (0.923ms)
✔ [AC-10] [AC-12] contact leaves stay on current-contact paths; snapshot is not a contact leaf (0.61ms)
✔ [AC-11] FormLead destination_zip is allowed and CallLead delivery_zip is required instead (0.6403ms)
✔ [AC-32] forbidden metadata, extra paths, and unsorted path lists are rejected (1.9052ms)
✔ [AC-32] contact hash is stable and omits values from the checksum helper output (5.856ms)
﹣ [AC-02] concurrent automation operation ID + same hash yields one receipt (3.6452ms) # Replica-set proof requires TEST_MODE=true before process start.
﹣ [AC-02] concurrent automation operation ID + different hash has one winner and 409 (0.6988ms) # Replica-set proof requires TEST_MODE=true before process start.
﹣ [AC-02][AC-33] automation apply captures one receipt, replays it, and writes zero forbidden collections (0.6069ms) # Replica-set proof requires TEST_MODE=true before process start.
✔ [AC-02][AC-33] automation apply captures granot_http_automation then claimAndProcessOrPoll (5.1776ms)
✔ [AC-02] exact replay returns the stored terminal receipt without another capture (0.6143ms)
✔ [AC-02] accepted_for_processing yields a nonterminal receipt for the same operation ID (0.5495ms)
✔ pending_match stays accepted_for_processing until a terminal Decision exists (0.474ms)
✔ dead-lettered receipts become bounded technical_failure (0.5787ms)
✔ processing disabled leaves the durable receipt recoverable (0.4885ms)
✔ [AC-38] missing automation reference is visible and unavailable for apply (2.1493ms)
✔ [AC-38] invalid referenced Registry row is missing_reference, not a label fallback (0.4055ms)
✔ [AC-38] multiple normalized Registry matches make the automation source ambiguous (0.3717ms)
✔ [AC-38] disabled, lifecycle-disabled, or deferred Registry rows cannot be applied (0.3445ms)
✔ [AC-38] Call routes cannot satisfy a form_leads apply selection (0.3854ms)
✔ [AC-09] ready Form policy permits form_leads and never uses supported_operations as authority (1.5875ms)
﹣ [AC-21][AC-22][AC-23][AC-32] replica confirm is atomic, replay-safe, exact, and source-preserving (6.9207ms) # Replica-set proof requires TEST_MODE=true before process start.
﹣ [AC-22][AC-23] inactive catalog failure leaves the whole effect set invisible (0.8125ms) # Replica-set proof requires TEST_MODE=true before process start.
﹣ [AC-21] simultaneous confirms produce one winner and no duplicate effects (0.595ms) # Replica-set proof requires TEST_MODE=true before process start.
﹣ [AC-20][AC-21][AC-24][AC-32] replica update fully replaces official fields with one causal chain (0.805ms) # Replica-set proof requires TEST_MODE=true before process start.
﹣ [AC-20][AC-21][AC-32] replica No Action resolves only case and Command with exact replay (0.6766ms) # Replica-set proof requires TEST_MODE=true before process start.
﹣ [AC-24][AC-32] replica update rolls back atomically after every persisted write boundary (0.6928ms) # Replica-set proof requires TEST_MODE=true before process start.
﹣ [AC-21] replica update versus No Action has one case-revision winner (0.6031ms) # Replica-set proof requires TEST_MODE=true before process start.
﹣ Confirm omit selected_lead with unique high suggestion attaches and queues booking_chain (0.6288ms) # Replica-set proof requires TEST_MODE=true before process start.
﹣ Confirm omit selected_lead with medium-only suggestion creates a Leadless Booking (0.754ms) # Replica-set proof requires TEST_MODE=true before process start.
﹣ Confirm Owner-selected medium attaches that Lead (1.317ms) # Replica-set proof requires TEST_MODE=true before process start.
﹣ Confirm lost claim fails closed and does not fall through to Leadless (0.8753ms) # Replica-set proof requires TEST_MODE=true before process start.
﹣ Update Existing Booking on a Granot Leadless Booking writes official fields and Master Booked only (1.2109ms) # Replica-set proof requires TEST_MODE=true before process start.
▶ selectBookingIntakeLatestAction
  ✔ returns undefined for empty evidence (4.0649ms)
  ✔ returns priority_5 when that is the only action (0.4599ms)
  ✔ ignores priority_5 when booked or release evidence exists (0.3035ms)
  ✔ selects the temporally latest booked or release action (0.3669ms)
  ✔ tie-breaks same captured_at with higher Observation id hex (0.2489ms)
✔ selectBookingIntakeLatestAction (8.1953ms)
﹣ [AC-R9] Confirm Cancellation succeeds only for AC-R3 posture and replays (2.9742ms) # Replica-set proof requires TEST_MODE=true before process start.
﹣ [AC-R9] create-missing + latest Release writes no Cancellation (1.0814ms) # Replica-set proof requires TEST_MODE=true before process start.
﹣ [AC-R9] latest Booked on review mode is GRANOT_CASE_REVISION_CONFLICT and writes no Cancellation (0.4013ms) # Replica-set proof requires TEST_MODE=true before process start.
﹣ [AC-R9] booking commands disabled is POLICY_BLOCKED even when release command flags are true (0.3495ms) # Replica-set proof requires TEST_MODE=true before process start.
﹣ [AC-RRF-01][AC-RRF-06] Release-first Referral review No Action closes the case only (0.7784ms) # Replica-set proof requires TEST_MODE=true before process start.
﹣ [AC-RRF-02] Release-first Referral review Update keeps one Booking (0.6731ms) # Replica-set proof requires TEST_MODE=true before process start.
﹣ [AC-RRF-03] Release-first review latest Booked Cancel is GRANOT_CASE_REVISION_CONFLICT (0.4303ms) # Replica-set proof requires TEST_MODE=true before process start.
﹣ [AC-RRF-03] Release-first review latest Release Cancel creates Cancellation without a Lead (0.4696ms) # Replica-set proof requires TEST_MODE=true before process start.
﹣ [AC-RRF-05] Release-first Referral review dead Registry is GRANOT_POLICY_BLOCKED (0.4808ms) # Replica-set proof requires TEST_MODE=true before process start.
﹣ [AC-RRF-01] Release-first Referral review job mismatch or pre-activation is GRANOT_IDENTITY_CONFLICT (0.4573ms) # Replica-set proof requires TEST_MODE=true before process start.
▶ assertBookingIntakeCancelAllowed
  ✔ allows open review_existing_booking with latest Release (4.5528ms)
  ✔ rejects create_missing_booking even when latest action is Release (1.2192ms)
  ✔ rejects create_referral_booking even when latest action is Release (1.0512ms)
  ✔ rejects review_existing_booking when latest action is Booked (0.3652ms)
  ✔ rejects a resolved review case even when latest action is Release (0.7223ms)
✔ assertBookingIntakeCancelAllowed (17.7402ms)
▶ isAcceptedReferralPolicyAction
  ✔ [AC-RRF-01] review_existing_booking + first action release → accept (1.1557ms)
  ✔ [AC-RRF-02] review_existing_booking + first action booked → accept (3.931ms)
  ✔ [AC-RRF-01] create_referral_booking + first action booked → accept (0.378ms)
  ✔ [AC-RRF-01] first action priority_5 / missing / unknown / empty → reject (0.3251ms)
✔ isAcceptedReferralPolicyAction (6.5551ms)
✔ [AC-P1] Priority 5 then Booked selects the preceding Priority Update (3.2571ms)
✔ [AC-P2] Booked that carries Priority 5 with no preceding Priority Update (0.4975ms)
✔ [AC-P3] Booked without valid canonical 5 is booked_without_priority_5 (1.1321ms)
✔ [AC-P4] later Priority 5 is read-time only and does not become preceding (1.3785ms)
✔ equal temporal tuple is neither preceding nor later (0.9157ms)
✔ other jobs are ignored and lead_created Priority 5 is not preceding (0.8003ms)
✔ latest older Priority 5 wins when several precede Booked (0.5252ms)
✔ throws without a Booked creating Observation or Job Number (1.9969ms)
✔ isCanonicalPriorityFive requires valid canonical 5 (1.6085ms)
✔ wire and list projections keep IDs, times, route, and Priority only (13.4914ms)
﹣ [AC-28][AC-32] replica simultaneous Referral evidence opens one lead-free case and preserves Decision source policy (2.76ms) # Replica-set proof requires TEST_MODE=true before process start.
﹣ [AC-18][AC-20][AC-32][AC-36] replica races converge, replay dedupes, and resolved rows advance max+1 (0.7711ms) # Replica-set proof requires TEST_MODE=true before process start.
﹣ [AC-20] replica candidate refresh splits owner and evidence revisions (0.4818ms) # Replica-set proof requires TEST_MODE=true before process start.
﹣ [AC-20][AC-32] replica transaction rolls back case create, refresh, and Decision failures (0.6909ms) # Replica-set proof requires TEST_MODE=true before process start.
﹣ [AC-P8] replica persists pairing on Booked open, replay is a no-op, later Priority 5 does not write (0.7234ms) # Replica-set proof requires TEST_MODE=true before process start.
﹣ [AC-R1] replica later Releas appends Release evidence on the same open Booked case (0.5853ms) # Replica-set proof requires TEST_MODE=true before process start.
﹣ [AC-R2] replica Releas first opens create-missing; later Booked refreshes the same case (0.5276ms) # Replica-set proof requires TEST_MODE=true before process start.
﹣ [AC-R7] replica later Releas after resolve opens sequence+1 create-missing; no Release case (0.841ms) # Replica-set proof requires TEST_MODE=true before process start.
﹣ [AC-R7] replica later Releas after resolve opens sequence+1 review when Booking is still active (0.6719ms) # Replica-set proof requires TEST_MODE=true before process start.
﹣ [AC-R8] replica exact Release Observation replay is a no-op (0.6427ms) # Replica-set proof requires TEST_MODE=true before process start.
{"level":"info","time":"2026-09-19T04:49:23.695Z","service":"vantage-main-server","env":"development","msg":"granot_lifecycle.booking_case.opened","observability_level":"info","category":"booking","workflow":"granot_booking_reconciliation"}
✔ [AC-35] candidate browser preserves source scope metadata and override warning (2.3251ms)
▶ Booking Reconciliation classification
  ✔ [AC-18] Priority 5 never opens or refreshes a Booking case (7.2372ms)
  ✔ [AC-18a] Referral Priority 5 only remains not_booking_evidence (0.829ms)
  ✔ [AC-19] actual Booked opens create-missing or review-existing and never treats ambiguity as no-case (2.5549ms)
  ✔ [AC-28][AC-39] delegates employee work, routes cancellation, and owns Referral cases (4.5564ms)
  ✔ [AC-40] excludes Bad/Duplicate or ambiguous suggestions (1.0425ms)
  ✔ [AC-18][AC-19] projects only canonical eligible candidates and bounds refresh to 24 hours (1.5411ms)
✔ Booking Reconciliation classification (21.6662ms)
▶ Booking Reconciliation persistence
  ✔ [AC-19] atomically opens one create-missing case with causal evidence and Decision (13.0218ms)
  ✔ does not increment booked again when capture already classified Booked (3.6542ms)
  ✔ [AC-20] refreshes new evidence without staling case revision and dedupes Observation replay (6.4381ms)
  ✔ Observation replay does not increment Daily Operations intake again (3.2313ms)
  ✔ [AC-28] opens and refreshes a Referral case without Source Scope or Lead suggestion (10.445ms)
  ✔ [AC-20] allocates next sequence after a resolved case and never reopens it (5.5127ms)
  ✔ [AC-P1][AC-P8] persists Booked pairing snapshot, replay is a no-op, later Priority 5 does not write (15.5471ms)
  ✔ [AC-P1] persist snapshot is priority_5_then_booked and evidence is Booked only (2.5107ms)
  ✔ [AC-P5] Releas/Release with no official Booking opens a booked booking case with release evidence (1.7741ms)
  ✔ [AC-R1] later Releas appends Release evidence on the same open Booked case (3.1273ms)
  ✔ [AC-R2] Releas first opens create-missing; later Booked refreshes the same case (6.5584ms)
  ✔ [AC-R3] official active Booking + Releas opens review_existing_booking with release evidence (0.9828ms)
  ✔ [AC-R4] officially cancelled Booking + Releas is already_current and writes no booking case (0.9493ms)
  ✔ [AC-R5] officially cancelled Booking + Booked still opens booked_after_official_cancellation (1.0573ms)
  ✔ [AC-R6] identity conflict on Release opens a release_* discrepancy and no booking case (1.5889ms)
  ✔ [AC-P2][AC-P3][AC-P4] second Booked refreshes evidence and pairing snapshot (3.3451ms)
  ✔ [AC-39] fails closed when expected employee reconciliation work is absent (0.7262ms)
  ✔ actual Booked on a Granot official Leadless Booking opens review_existing_booking (3.7778ms)
✔ Booking Reconciliation persistence (86.8382ms)
{"level":"info","time":"2026-09-19T04:49:23.701Z","service":"vantage-main-server","env":"development","msg":"granot_lifecycle.booking_case.opened","observability_level":"info","category":"booking","workflow":"granot_booking_reconciliation"}
{"level":"info","time":"2026-09-19T04:49:23.707Z","service":"vantage-main-server","env":"development","msg":"granot_lifecycle.booking_case.opened","observability_level":"info","category":"booking","workflow":"granot_booking_reconciliation"}
{"level":"info","time":"2026-09-19T04:49:23.709Z","service":"vantage-main-server","env":"development","msg":"granot_lifecycle.booking_case.refreshed","observability_level":"info","category":"booking","workflow":"granot_booking_reconciliation"}
{"level":"info","time":"2026-09-19T04:49:23.711Z","service":"vantage-main-server","env":"development","msg":"granot_lifecycle.booking_case.opened","observability_level":"info","category":"booking","workflow":"granot_booking_reconciliation"}
{"level":"info","time":"2026-09-19T04:49:23.712Z","service":"vantage-main-server","env":"development","msg":"granot_lifecycle.booking_case.refreshed","observability_level":"info","category":"booking","workflow":"granot_booking_reconciliation"}
{"level":"info","time":"2026-09-19T04:49:23.715Z","service":"vantage-main-server","env":"development","msg":"granot_lifecycle.booking_case.opened","observability_level":"info","category":"booking","workflow":"granot_booking_reconciliation"}
{"level":"info","time":"2026-09-19T04:49:23.722Z","service":"vantage-main-server","env":"development","msg":"granot_lifecycle.booking_case.refreshed","observability_level":"info","category":"booking","workflow":"granot_booking_reconciliation"}
{"level":"info","time":"2026-09-19T04:49:23.725Z","service":"vantage-main-server","env":"development","msg":"granot_lifecycle.booking_case.opened","observability_level":"info","category":"booking","workflow":"granot_booking_reconciliation"}
{"level":"info","time":"2026-09-19T04:49:23.727Z","service":"vantage-main-server","env":"development","msg":"granot_lifecycle.booking_case.opened","observability_level":"info","category":"booking","workflow":"granot_booking_reconciliation"}
{"level":"info","time":"2026-09-19T04:49:23.744Z","service":"vantage-main-server","env":"development","msg":"granot_lifecycle.booking_case.opened","observability_level":"info","category":"booking","workflow":"granot_booking_reconciliation"}
{"level":"info","time":"2026-09-19T04:49:23.745Z","service":"vantage-main-server","env":"development","msg":"granot_lifecycle.booking_case.refreshed","observability_level":"info","category":"booking","workflow":"granot_booking_reconciliation"}
{"level":"info","time":"2026-09-19T04:49:23.747Z","service":"vantage-main-server","env":"development","msg":"granot_lifecycle.booking_case.opened","observability_level":"info","category":"booking","workflow":"granot_booking_reconciliation"}
{"level":"info","time":"2026-09-19T04:49:23.749Z","service":"vantage-main-server","env":"development","msg":"granot_lifecycle.booking_case.opened","observability_level":"info","category":"booking","workflow":"granot_booking_reconciliation"}
{"level":"info","time":"2026-09-19T04:49:23.751Z","service":"vantage-main-server","env":"development","msg":"granot_lifecycle.booking_case.opened","observability_level":"info","category":"booking","workflow":"granot_booking_reconciliation"}
{"level":"info","time":"2026-09-19T04:49:23.752Z","service":"vantage-main-server","env":"development","msg":"granot_lifecycle.booking_case.refreshed","observability_level":"info","category":"booking","workflow":"granot_booking_reconciliation"}
{"level":"info","time":"2026-09-19T04:49:23.759Z","service":"vantage-main-server","env":"development","msg":"granot_lifecycle.booking_case.opened","observability_level":"info","category":"booking","workflow":"granot_booking_reconciliation"}
{"level":"info","time":"2026-09-19T04:49:23.759Z","service":"vantage-main-server","env":"development","msg":"granot_lifecycle.booking_case.refreshed","observability_level":"info","category":"booking","workflow":"granot_booking_reconciliation"}
{"level":"info","time":"2026-09-19T04:49:23.760Z","service":"vantage-main-server","env":"development","msg":"granot_lifecycle.booking_case.opened","observability_level":"info","category":"booking","workflow":"granot_booking_reconciliation"}
{"level":"info","time":"2026-09-19T04:49:23.766Z","service":"vantage-main-server","env":"development","msg":"granot_lifecycle.booking_case.opened","observability_level":"info","category":"booking","workflow":"granot_booking_reconciliation"}
{"level":"info","time":"2026-09-19T04:49:23.766Z","service":"vantage-main-server","env":"development","msg":"granot_lifecycle.booking_case.refreshed","observability_level":"info","category":"booking","workflow":"granot_booking_reconciliation"}
{"level":"info","time":"2026-09-19T04:49:23.772Z","service":"vantage-main-server","env":"development","msg":"granot_lifecycle.booking_case.opened","observability_level":"info","category":"booking","workflow":"granot_booking_reconciliation"}
✔ [AC-01][AC-35] capture writes a complete v2 webhook receipt with proven auth and no later fields (8.3182ms)
✔ [AC-01][AC-35] header allowlist keeps only the five bounded names (9.1629ms)
✔ [AC-02][AC-35] hashes the credential-redacted payload after allowlisting headers (2.5275ms)
✔ [AC-02] identical webhook deliveries stay distinct receipts and may share the diagnostic hash (1.9111ms)
✔ [AC-01] capture refuses an unproven authentication method before persist (1.6278ms)
✔ [AC-02][AC-33][AC-35] extension channel capture stores one browser_extension receipt and redacts credentials (1.8139ms)
✔ [AC-02] same extension operation ID + same hash replays the existing receipt (2.3636ms)
✔ [AC-02] same extension operation ID + different hash is GRANOT_OPERATION_IDEMPOTENCY_CONFLICT (1.4908ms)
✔ webhook capture records a Daily Operations receipt fact after persist (2.917ms)
✔ booking_status_changed Booked payload records granot.booked at capture (1.3295ms)
✔ identical webhook deliveries increment Daily Operations once per receipt (1.4263ms)
✔ extension channel capture does not record a Daily Operations fact (2.1109ms)
✔ Booked webhook capture increments class and booked once (1.122ms)
✔ unclassified booking_status_changed increments class only (0.8373ms)
✔ channel capture replay does not increment Daily Operations (1.6851ms)
✔ [AC-02] automation channel capture stores one granot_http_automation receipt (0.7518ms)
✔ [AC-02] same automation operation ID + different kind is GRANOT_OPERATION_IDEMPOTENCY_CONFLICT (1.1333ms)
✔ Owner selected_lead attaches even when the suggestion is medium (3.2539ms)
✔ no selected_lead and a unique high suggestion auto-attaches (0.4948ms)
✔ no selected_lead and a medium-only suggestion stays Leadless (0.2929ms)
✔ no selected_lead and no suggestion stays Leadless (0.2746ms)
✔ source_scoped_contact never auto-attaches even if confidence were high (0.4493ms)
✔ Sheet intents distinguish attached Confirm from Leadless Confirm and Update (0.4933ms)
✔ Referral is not a Granot official Leadless Booking (0.5737ms)
﹣ Connect happy path attaches the Lead, writes EntityChange, and queues booking_chain (3.0204ms) # Replica-set proof is opt-in via GRANOT_LIFECYCLE_REPLICA_TESTS=true.
﹣ Connect already_satisfied on the exact same Lead writes no new Change (0.6001ms) # Replica-set proof is opt-in via GRANOT_LIFECYCLE_REPLICA_TESTS=true.
﹣ Connect exact Idempotency-Key replay returns the durable result (0.3407ms) # Replica-set proof is opt-in via GRANOT_LIFECYCLE_REPLICA_TESTS=true.
﹣ Connect rejects Referral, cancelled, already-booked Lead, and stale revision (0.5585ms) # Replica-set proof is opt-in via GRANOT_LIFECYCLE_REPLICA_TESTS=true.
﹣ Connect flag-off is POLICY_BLOCKED (0.3485ms) # Replica-set proof is opt-in via GRANOT_LIFECYCLE_REPLICA_TESTS=true.
✔ Connect sheet intent is booking_chain / booked_lead.connect_lead (3.2913ms)
✔ only Granot official Leadless Bookings without an open case are connectable (0.5049ms)
✔ Connect rejects owner_booking and employee_booking Leadless and any open case (0.5456ms)
✔ Eligible Connect Leads exclude Duplicate, Bad, cancelled, booked, and unmatched Call Leads (0.3449ms)
✔ Source assignment prefers Record Link scope, then employee snapshot, then booking source slug (0.5523ms)
✔ Lead matches booking source on company id, granularity, or slug (0.5812ms)
✔ evaluateConnectPreconditions attaches an eligible unbooked Lead (0.3507ms)
✔ already_satisfied when the Booking already has this exact Lead (0.3972ms)
✔ IDENTITY_CONFLICT when the Booking already has a different Lead (0.3562ms)
✔ IDENTITY_CONFLICT when another Booking already owns the Lead (0.4467ms)
✔ Referral, cancelled, Duplicate, Bad, and unmatched Call Leads are rejected (0.4577ms)
✔ stale booking revision fails closed (0.2664ms)
✔ out-of-scope without override is rejected; with reason it connects (0.4331ms)
✔ empty Connect q does not dump the book (10.7482ms)
✔ Connect Form q hits snapshot paths and omits ineligible Leads (8.4196ms)
✔ Connect Call q hits snapshot paths and excludes unmatched Call Leads (2.4544ms)
✔ Connect Call q for Granot-only phone hits snapshot phone paths (3.3346ms)
✔ Connect candidates fail closed on Referral, cancelled, and open-case Bookings (15.2864ms)
﹣ [AC-08] replica concurrent same-Observation replay commits one atomic Form creation chain (4.2361ms) # Replica-set proof requires TEST_MODE=true before process start.
﹣ [AC-08][AC-09] replica Call phone is pending, Job-only is not_applicable, and fabricates no telephony (0.9695ms) # Replica-set proof requires TEST_MODE=true before process start.
﹣ [AC-08] replica Call creation rejects missing or multiple active route assignments (1.4225ms) # Replica-set proof requires TEST_MODE=true before process start.
﹣ [AC-07][AC-08] replica competing scoped Call phone identity creates nothing (1.2261ms) # Replica-set proof requires TEST_MODE=true before process start.
﹣ Race A: existing RingCentral Call Lead synchronizes even with adoption off (2.5703ms) # Replica-set proof requires TEST_MODE=true before process start.
﹣ [AC-08] replica exact replay returns stored refs; checksum conflict creates no partial state (1.5149ms) # Replica-set proof requires TEST_MODE=true before process start.
﹣ [AC-08] replica rollback after reserved-link identity race leaves zero orphan effects (1.5813ms) # Replica-set proof requires TEST_MODE=true before process start.
﹣ [AC-07][AC-08] replica concurrent same-job writers keep one Lead and one active link (1.7779ms) # Replica-set proof requires TEST_MODE=true before process start.
﹣ [AC-07][AC-08] replica processor race replans the loser through Unit 18 (1.1961ms) # Replica-set proof requires TEST_MODE=true before process start.
﹣ [AC-08] replica rolls back Lead/link/Change/Decision/Command/outbox stage failures (2.5426ms) # Replica-set proof requires TEST_MODE=true before process start.
✔ [AC-08] idempotency key is observation-scoped and stable (4.8227ms)
✔ [AC-08] checksum covers Observation, model, source-scope, policy version, and creation semantics (3.0863ms)
✔ [AC-08] checksum never includes raw transport envelope or secret-bearing headers (0.8416ms)
✔ [AC-08] command envelope rejects invalid Observation, missing provenance, and wrong idempotency key (3.0891ms)
✔ create_if_missing SMS handoff requires the resolved Lead Source ID from source_scope (0.7966ms)
✔ observation-load create guard allows lead_created only (0.2883ms)
✔ command rejects priority_updated even for Call create_if_missing (0.3983ms)
✔ executeCreation requested_effect stays lead_created (3.1036ms)
✔ both Granot phone-fence sites run without the adoption flag; Job-only still skips (2.108ms)
✔ booking intake selection prefers the latest Booked evidence (4.5855ms)
✔ booking intake selection falls back to the latest creating evidence (0.5665ms)
✔ booking intake selection prefers latest Release when the case has only Release evidence (0.3823ms)
✔ booking intake selection prefers Booked when Booked and Release evidence both exist (0.4691ms)
✔ booking intake creating observation returns the credential-redacted Booked statement (4.5382ms)
✔ booking intake creating observation is absent for missing booking cases (0.4187ms)
✔ [AC-P1] creating observation includes pairing and the preceding Priority 5 snapshot (1.4758ms)
✔ [AC-P3] Booked-without-5 still returns 200 with the Booked statement and no paired snapshot (1.1427ms)
✔ Release-only booking case creating observation is preferred_release with null pairing (0.817ms)
✔ Booked plus Release booking case creating observation stays preferred_booked (1.0083ms)
✔ [AC-P6] historical Priority-5-only remains latest_creating with null pairing (0.7274ms)
✔ cancellation intake selection prefers the latest Release evidence (0.4953ms)
✔ cancellation intake creating observation returns the credential-redacted Release statement (2.2683ms)
✔ intake creating observation uses the booking statement when both collections could match (1.0073ms)
✔ intake creating observation is absent when neither case exists (0.4925ms)
{"level":"info","time":"2026-09-19T04:49:32.605Z","service":"vantage-main-server","env":"development","msg":"granot_lifecycle.processing.completed","receipt_id":"6aae…2188","observation_id":"6aae…2189","decision_id":"6aae…218c","attempt":1,"execution_mode":"historical_shadow","outcome":"linked","reason_code":"record_link_established","duration_ms":11}
✔ [AC-33] equivalent webhook and extension statements normalize to the same identity and Priority (6.5009ms)
✔ [AC-33] equivalent shadow processor outcomes match and produce zero changed paths (19.8399ms)
✔ [AC-02][AC-33] apply-item envelope unwraps to the statement without a second policy (1.6141ms)
✔ [AC-02][AC-33] equivalent webhook and automation statements share Observation identity (0.9104ms)
✔ [AC-33] equivalent webhook and automation shadow desired-state outcomes match (3.8939ms)
✔ [AC-33] equivalent live webhook, extension, and automation desired states match (20.9572ms)
{"level":"info","time":"2026-09-19T04:49:32.607Z","service":"vantage-main-server","env":"development","msg":"granot_lifecycle.processing.completed","observability_level":"info","category":"mongo","workflow":"granot_lifecycle"}
{"level":"info","time":"2026-09-19T04:49:32.610Z","service":"vantage-main-server","env":"development","msg":"granot_lifecycle.processing.completed","receipt_id":"6aae…218a","observation_id":"6aae…218b","decision_id":"6aae…218e","attempt":1,"execution_mode":"historical_shadow","outcome":"linked","reason_code":"record_link_established","duration_ms":2}
{"level":"info","time":"2026-09-19T04:49:32.610Z","service":"vantage-main-server","env":"development","msg":"granot_lifecycle.processing.completed","observability_level":"info","category":"mongo","workflow":"granot_lifecycle"}
{"level":"info","time":"2026-09-19T04:49:32.617Z","service":"vantage-main-server","env":"development","msg":"granot_lifecycle.processing.completed","receipt_id":"6aae…2190","observation_id":"6aae…2191","decision_id":"6aae…2194","attempt":1,"execution_mode":"historical_shadow","outcome":"linked","reason_code":"record_link_established","duration_ms":1}
{"level":"info","time":"2026-09-19T04:49:32.617Z","service":"vantage-main-server","env":"development","msg":"granot_lifecycle.processing.completed","observability_level":"info","category":"mongo","workflow":"granot_lifecycle"}
{"level":"info","time":"2026-09-19T04:49:32.618Z","service":"vantage-main-server","env":"development","msg":"granot_lifecycle.processing.completed","receipt_id":"6aae…2192","observation_id":"6aae…2193","decision_id":"6aae…2196","attempt":1,"execution_mode":"historical_shadow","outcome":"linked","reason_code":"record_link_established","duration_ms":0}
{"level":"info","time":"2026-09-19T04:49:32.619Z","service":"vantage-main-server","env":"development","msg":"granot_lifecycle.processing.completed","observability_level":"info","category":"mongo","workflow":"granot_lifecycle"}
{"level":"info","time":"2026-09-19T04:49:32.625Z","service":"vantage-main-server","env":"development","msg":"granot_lifecycle.processing.completed","receipt_id":"6aae…2198","observation_id":"6aae…2199","decision_id":"6aae…219a","attempt":1,"execution_mode":"live","outcome":"applied","reason_code":"lead_state_changed","duration_ms":5}
{"level":"info","time":"2026-09-19T04:49:32.625Z","service":"vantage-main-server","env":"development","msg":"granot_lifecycle.processing.completed","observability_level":"info","category":"mongo","workflow":"granot_lifecycle"}
{"level":"info","time":"2026-09-19T04:49:32.629Z","service":"vantage-main-server","env":"development","msg":"granot_lifecycle.processing.completed","receipt_id":"6aae…219c","observation_id":"6aae…219d","decision_id":"6aae…219e","attempt":1,"execution_mode":"live","outcome":"applied","reason_code":"lead_state_changed","duration_ms":4}
{"level":"info","time":"2026-09-19T04:49:32.637Z","service":"vantage-main-server","env":"development","msg":"granot_lifecycle.processing.completed","observability_level":"info","category":"mongo","workflow":"granot_lifecycle"}
{"level":"info","time":"2026-09-19T04:49:32.640Z","service":"vantage-main-server","env":"development","msg":"granot_lifecycle.processing.completed","receipt_id":"6aae…21a0","observation_id":"6aae…21a1","decision_id":"6aae…21a2","attempt":1,"execution_mode":"live","outcome":"applied","reason_code":"lead_state_changed","duration_ms":2}
{"level":"info","time":"2026-09-19T04:49:32.640Z","service":"vantage-main-server","env":"development","msg":"granot_lifecycle.processing.completed","observability_level":"info","category":"mongo","workflow":"granot_lifecycle"}
﹣ [AC-36] partial unique index allows one open fingerprint and a resolved history row (3.1168ms) # Replica proof requires testvantagemovers.
﹣ [AC-35][AC-36] No Action is exactly replayable and a revision race has one winner with zero Changes/Sheets (6.3479ms) # Replica proof requires testvantagemovers.
﹣ [AC-26][AC-36] re-evaluation leaves an unchanged current conflict open and exactly replays (0.6751ms) # Replica proof requires testvantagemovers.
﹣ [AC-23][AC-35] correction atomically preserves the old link and Lead scope with two Changes and zero official/Sheet effects (1.3233ms) # Replica proof requires testvantagemovers.
﹣ [AC-23][AC-36] correction failure after Change writes rolls back link, discrepancy, Command, and Changes (0.8201ms) # Replica proof requires testvantagemovers.
{"level":"info","time":"2026-09-19T04:49:33.295Z","service":"vantage-main-server","env":"development","msg":"granot_lifecycle.booking_discrepancy.opened","observability_level":"info","category":"admin","workflow":"granot_discrepancy"}
▶ Granot discrepancy fingerprint
  ✔ [AC-35][AC-36] freezes versioned canonical non-PII identity (3.2337ms)
  ✔ [AC-26][AC-27][AC-35] includes every null identity key and excludes evidence/display data (2.0164ms)
✔ Granot discrepancy fingerprint (7.6166ms)
▶ Granot discrepancy persistence
  ✔ [AC-26][AC-36] opens, refreshes, and exactly deduplicates one fingerprint (7.1559ms)
✔ Granot discrepancy persistence (7.4294ms)
{"level":"info","time":"2026-09-19T04:49:33.297Z","service":"vantage-main-server","env":"development","msg":"granot_lifecycle.booking_discrepancy.refreshed","observability_level":"info","category":"admin","workflow":"granot_discrepancy"}
﹣ [AC-30] replica-set two claimants have one winner (2.8818ms) # Replica-set proof requires TEST_MODE=true before process start.
﹣ [AC-30] replica-set expired lease recovers and stale owner cannot finalize (0.6072ms) # Replica-set proof requires TEST_MODE=true before process start.
﹣ [AC-30] replica-set attempt 10 dead-letters with zero Decision (0.6327ms) # Replica-set proof requires TEST_MODE=true before process start.
﹣ [AC-37] replica-set concurrent requeue has one winner and one audit (0.5885ms) # Replica-set proof requires TEST_MODE=true before process start.
﹣ [AC-30] replica-set queue and cron due scan share the claim fence (0.3918ms) # Replica-set proof requires TEST_MODE=true before process start.
{"level":"info","time":"2026-09-19T04:49:34.599Z","service":"vantage-main-server","env":"development","msg":"granot_lifecycle.claim.recovered","observability_level":"info","category":"mongo","workflow":"granot_lifecycle","entity_id":"6aae14...e4f5"}
✔ claim predicate and update match Section 26 exactly (7.2073ms)
✔ [AC-30] foundation terminal processor outcomes complete and reset technical budget (3.5397ms)
✔ [AC-30] foundation pending_match increments match_attempt once and does not consume technical budget (1.4205ms)
✔ [AC-30] foundation pending_match at 24 hours completes and is not scheduled further (0.8642ms)
✔ [AC-30] foundation insufficient_creation_data completes and is never converted to pending match (0.6378ms)
✔ [AC-30] foundation unknown outcome fails closed as a technical contract error (2.3336ms)
✔ [AC-30] foundation dependency failure creates no Decision and schedules technical retry (2.5725ms)
✔ [AC-30] foundation consecutive technical failure 10 dead-letters with a safe error (5.0488ms)
✔ two claimants have one winner and an unexpired lease cannot be stolen (39.1021ms)
✔ expired lease recovers and increments the recovery counter only after success (43.9131ms)
✔ stale owner cannot renew or finalize (0.736ms)
✔ processing disabled skips without claiming (1.4621ms)
✔ [AC-30] foundation historical shadow drain creates no forbidden aggregate effects (1.4733ms)
✔ synchronous loser polls at most five seconds and never starts a second processor (13.1225ms)
✔ synchronous completed work returns the stored processor result (4.4771ms)
✔ queue wakeup parser accepts only { receipt_id } (1.7377ms)
﹣ [AC-02] concurrent same operation ID + same hash yields one receipt (2.5641ms) # Replica-set proof is opt-in via GRANOT_LIFECYCLE_REPLICA_TESTS=true.
﹣ [AC-02] concurrent same operation ID + different hash has one winner and 409 (0.5763ms) # Replica-set proof is opt-in via GRANOT_LIFECYCLE_REPLICA_TESTS=true.
✔ [AC-33][AC-35] apply captures a browser_extension receipt then claim/process-or-poll (5.1336ms)
✔ [AC-02] replayed capture still returns the stored processor result (1.8561ms)
✔ [AC-02] accepted_for_processing keeps the same operation ID for refresh (6.3375ms)
✔ [AC-33] expected_target disagreement is a non-syncable conflict and never an override (2.3976ms)
✔ [AC-35] compatibility messages are fixed and never echo payload values (1.0301ms)
✔ [AC-32] temporal comparator treats a missing stored winner as newer (1.7324ms)
✔ [AC-32] temporal comparator compares captured_at before Observation ObjectId (0.3696ms)
✔ [AC-32] equal captured_at uses lowercase 24-character Observation ObjectId hex (0.3283ms)
✔ [AC-32] exact same temporal tuple is same and never a second winner (0.3762ms)
✔ [AC-32] no source, channel, or Priority can be encoded in the temporal tuple (4.1211ms)
✔ [AC-39] Booking without a Lead returns Booking Lead Reconciliation delegation only (16.4495ms)
✔ [AC-04] module portion multiple current Bookings are an operational Job conflict (0.9498ms)
✔ [AC-07] module portion Record Link model mismatch is a hard conflict (4.0517ms)
✔ missing Record Link Lead is a hard conflict and not a contact fallback (1.7688ms)
✔ [AC-07] module portion Call ladder never queries phone without Source Granularity (1.3944ms)
✔ Booking owner that differs from a contact candidate is conflict evidence, not reassignment (1.9556ms)
﹣ [AC-07] replica identity is read-only across lifecycle and aggregate collections (2.7966ms) # Replica-set proof requires TEST_MODE=true before process start.
﹣ [AC-13] replica cross-field Agent username contradiction returns no suggestion (0.9581ms) # Replica-set proof requires TEST_MODE=true before process start.
﹣ [AC-39] replica Booking without Lead delegates and writes no case (1.1954ms) # Replica-set proof requires TEST_MODE=true before process start.
﹣ replica active Record Link lookup is findOne and writes nothing (0.5214ms) # Replica-set proof requires TEST_MODE=true before process start.
﹣ [AC-04] replica Call Job query is granularity-scoped and read-only (1.6623ms) # Replica-set proof requires TEST_MODE=true before process start.
✔ [AC-09] identity portion missing or invalid route never queries a Lead (4.0384ms)
✔ [AC-29] identity portion deferred policy and provider type never enter a Lead ladder (0.6081ms)
✔ [AC-03] exact Form ref_no match verifies Source Scope and does not post (1.5463ms)
✔ [AC-03] valid 24-character ObjectId compatibility lookup remains a later rung (0.9216ms)
✔ [AC-03] blank or not-provided Form reference is never queried (0.7849ms)
✔ [AC-04] Form ref with conflicting Source Scope is a hard conflict and stops contact fallback (27.6725ms)
✔ [AC-04] Call Job outside resolved Source Granularity is never a global match (3.0005ms)
✔ [AC-04] Record Link Source Scope conflict does not continue the Form ladder (1.3766ms)
✔ [AC-04] Booking owner with conflicting Source Scope is conflict evidence (0.9331ms)
✔ [AC-07] identity portion returns one deterministic Form target and never queries globally (21.9317ms)
✔ current and immutable Form contact values dedupe to one candidate (0.6869ms)
✔ job-only Record Link is evidence and the Form ladder continues (0.6502ms)
✔ usable Record Link with agreeing scope stops on granot_record_link (0.8963ms)
✔ Duplicate Form Lead is ineligible on exact identity (0.4941ms)
✔ Bad Form Lead is priority_only from strong exact identity and excluded from contact matching (0.5399ms)
✔ inbound letter prefix is the same Job as Granot digits (1.7556ms)
✔ conflicting nonempty Job Numbers are a hard conflict (0.5299ms)
✔ multiple eligible Form contact candidates are ambiguous (0.4969ms)
✔ Call Job rung is scoped and Duplicate Call Leads remain readable (0.4542ms)
✔ Call unique Job wins when Observation phone matches a different Lead (0.5481ms)
✔ Call with no Job on the Lead still binds by operational phone (0.5073ms)
✔ two eligible Call Jobs are a conflict (0.4362ms)
✔ Call phone query omits granot_contact_snapshot (1.6717ms)
✔ Call current and ingested phones dedupe to one Lead (0.4989ms)
✔ [AC-08] multiple scoped Call phone candidates are a creation conflict (0.5238ms)
✔ [AC-13] identity portion equal usernames suggest one active Agent and never mutate (5.4283ms)
✔ [AC-13] identity portion differing user and rep block Agent suggestion (0.3886ms)
✔ [AC-13] more than one active Agent for one username returns no suggestion (0.4333ms)
✔ Referral policy returns leadless context and performs no Lead search (0.5147ms)
✔ [AC-35] portion last_error strips payload, credentials, and contact text (3.8832ms)
✔ [AC-35] portion last_error keeps a bounded safe code and short message (1.4298ms)
✔ unknown error codes collapse to a bounded technical class (0.7179ms)
✔ [AC-10] WordPress submitted contact and Granot snapshot stay separately identifiable and masked (8.8051ms)
✔ [AC-05] all listed Priority forms canonicalize into desired state; only 1/5 enrich and set quoted true (11.4416ms)
✔ [AC-05] leading-zero canonical 5 enriches; no Priority plans quoted false (1.3019ms)
✔ [AC-06] malformed Priority Update is invalid and plans nothing (2.3827ms)
✔ [AC-06] malformed Priority on Lead Created/Booked/Release skips Priority and continues (2.4866ms)
✔ [AC-07] matched Lead Created selects one target and never plans a second Lead (6.2472ms)
✔ [AC-08] create_if_missing with minimum data authorizes the gated creation command (1.0696ms)
✔ [AC-08] incomplete create_if_missing is exact insufficient_creation_data (0.6685ms)
✔ [AC-09] Local vs long-distance route result controls Form minimum-data eligibility (0.4762ms)
✔ [AC-10] WordPress primary contact and immutable snapshot never enter changed paths (0.7143ms)
✔ [AC-11] WordPress immutable move snapshot and Vantage move_size stay unchanged (0.9084ms)
✔ [AC-12] RingCentral Call qualified contact plans Granot Contact Snapshot only (0.996ms)
✔ granot_lead_created Call later different Granot phone plans snapshot only (1.8671ms)
✔ Priority 8 Call Lead does not plan Granot Contact Snapshot (1.2178ms)
✔ [AC-13] empty receiver fills from one active Agent at a non-1/5 Priority (1.3377ms)
✔ [AC-13] Agent conflict or existing receiver never overwrites (1.1967ms)
✔ [AC-30] link_only pending match persists the next offset and becomes unmatched at 24h (1.6435ms)
✔ [AC-30] incomplete creation data is never scheduled as pending match (0.3624ms)
✔ [AC-32] no-op desired state creates no changed paths (0.9958ms)
✔ Call Lead snapshot formatting-only Granot contact does not remanufacture a change (0.4828ms)
✔ WordPress snapshot formatting-only Granot contact does not remanufacture a change (0.371ms)
✔ [AC-32] older temporal winner is stale and plans no desired-state effect (0.3677ms)
✔ Bad exact Form target plans only valid Priority; Duplicate has no target (0.4831ms)
✔ letter-prefixed Lead Job matches Granot digits and does not conflict (0.882ms)
✔ equivalent formatting does not manufacture a Job Number change (0.3735ms)
✔ observation_only policy stays evidence-only (0.2552ms)
✔ Call create_if_missing + priority_updated + unmatched + Job is not eligible (0.3874ms)
✔ Call create_if_missing + lead_created stays eligible (0.3041ms)
✔ Form create_if_missing + lead_created stays eligible (0.6204ms)
✔ Call link_only + priority_updated is not eligible (0.8875ms)
✔ Form create_if_missing + priority_updated is not eligible (0.3483ms)
✔ Call create_if_missing + booking_status_changed is not eligible (0.3356ms)
✔ invalid Call priority_updated never creates even with create_if_missing (0.3426ms)
✔ SSE snapshot then streams newer receipts and heartbeats before closing (3.1859ms)
✔ SSE reconnect with Last-Event-ID skips the snapshot and continues from the cursor (0.7468ms)
✔ [AC-L4] late intake_link emits receipt_updated without advancing the capture cursor (1.1021ms)
✔ SSE does not emit receipt_updated for a brand-new receipt just sent as receipt (1.0177ms)
✔ extractLiveWebhookLead reads name, contact, job, and move fields from a Granot body (2.6312ms)
✔ projectLiveWebhookReceipt keeps webhook lead facts and strips credential keys (2.9268ms)
✔ projectLiveWebhookReceipt ignores extension receipts and unknown event classes (0.4851ms)
✔ live receipt event ids round-trip captured_at and receipt_id (1.6212ms)
✔ [AC-L1] lead_created and priority_updated keep observation_id but never a non-null intake_link (1.8285ms)
✔ [AC-L2] booking_status_changed links the unique booking case that holds the Observation (3.6084ms)
✔ [AC-L3] empty, unsupported, or discrepancy-only booking_status_changed never gets an intake_link (3.0509ms)
✔ [AC-L5] two receipts on the same job only link the Observation that is on the case (0.6915ms)
✔ duplicate booking cases for one Observation fail closed and record an operational event (3.0352ms)
✔ missing Observation yields null observation_id and intake_link (0.6664ms)
✔ [AC-35] portion Unit 08 metrics accept only bounded error-code labels (2.9901ms)
✔ [AC-31][AC-35] Section 33 metric names stay exact and receipt labels stay closed (2.2022ms)
✔ [AC-18][AC-19] Booking-case gauge is current cardinality, not an evidence counter (0.6884ms)
✔ [AC-05][AC-06] one receipt upserts one Observation and sequential reprocess reuses it (10.9487ms)
✔ [AC-05] concurrent same-candidate inserts collapse to one stored row (1.4442ms)
✔ [AC-05] a differing candidate fails closed and does not overwrite stored evidence (1.9516ms)
✔ [AC-06] invalid and unsupported results persist as completed classifications (1.0749ms)
✔ [AC-05] technical insert failure creates no partial second row (0.5421ms)
✔ [AC-05][AC-29] upsertGranotObservation normalizes an already-read receipt without Registry or aggregate fields (3.0954ms)
✔ [AC-05][AC-06][AC-25][AC-29] every Unit 01 fixture produces the expected normalized facts (13.9899ms)
✔ [AC-05] Priority 0, 1, 5, 8, 05, all-zero, and 12-digit retain raw/canonical/valid without enrichment (0.9344ms)
✔ [AC-06] missing or malformed Priority invalidates Priority Update only (0.5714ms)
✔ [AC-25] exact Booked, Releas, and Release aliases normalize; Released and prefixes do not (0.3813ms)
✔ [AC-29] type=AUTO stays provider context and does not supply source classification (0.5825ms)
✔ [AC-05] webhook, extension, and automation parity fixtures share normalized business fields (1.2205ms)
✔ [AC-06] lead_created payload event type is accepted case-insensitively (0.3549ms)
✔ [AC-06] non-object payload and route/event conflicts persist as terminal invalid vocabulary (0.753ms)
✔ [AC-06] unsupported Booking Action is not upgraded or downgraded by Priority (0.4277ms)
✔ [AC-05][AC-29] source, identity, contact, move, money, and agent rules cover NFKC, bounds, and invalid dates (133.8233ms)
✔ [AC-05] omitted service_type and unused cubic_rate do not change extracted webhook facts (1.1377ms)
✔ [AC-05] display money never becomes domain command input (0.3677ms)
✔ fixture inventory paths normalize Windows and POSIX separators identically (6.8997ms)
✔ [AC-03][AC-05][AC-06][AC-29] every committed fixture satisfies the strict contract (9.4855ms)
✔ [AC-03][AC-05][AC-06][AC-29] invalid fixture authority and metadata combinations are rejected (7.7815ms)
✔ [AC-03] identity fixtures preserve exact-reference priority and blank compatibility boundaries (0.5148ms)
✔ [AC-05] valid Priority fixtures freeze raw and canonical values without false downgrade authority (0.5442ms)
✔ [AC-06] malformed Priority and exact Booking Action aliases retain independent behavior (0.42ms)
✔ [AC-29] source labels remain separate from provider type and deferred effects (0.397ms)
✔ [AC-05][AC-06] equivalent statements seed cross-channel normalization parity (0.5833ms)
✔ [AC-03][AC-05][AC-06][AC-29] scanner accepts all schema-validated fixture sources (1392.0456ms)
✔ [AC-03][AC-05][AC-06][AC-29] scanner rejects injected sensitive material with safe locations only (463.9689ms)
✔ [AC-03][AC-05][AC-06][AC-29] scanner rejects raw and prohibited fixture source paths (1.1032ms)
✔ [AC-03][AC-05][AC-06][AC-29] recursive inventory rejects alternate durable fixture sources (31.6452ms)
{"level":"info","time":"2026-09-19T04:49:42.112Z","service":"vantage-main-server","env":"development","msg":"granot_lifecycle.booking_case.opened","observability_level":"info","category":"admin","workflow":"granot_lifecycle"}
✔ [AC-35][AC-37] Unit 30 event catalog is frozen and aliases are one-way (6.4968ms)
✔ [AC-35] sanitizer drops payload, contact, credentials, and free-form reason text (1.2883ms)
✔ [AC-35] sanitizer masks identifiers case-insensitively and retains bounded conflict codes (1.3994ms)
✔ [AC-35] unknown catalog keys are dropped and emission never throws (3.305ms)
✔ [AC-31][AC-37] apply/replay/conflict stay distinguishable and replay emits no resolve (1.6044ms)
✔ [AC-35] owner command conflicts increment closed codes only (2.0581ms)
{"level":"info","time":"2026-09-19T04:49:42.114Z","service":"vantage-main-server","env":"development","msg":"granot_lifecycle.owner_command.applied","observability_level":"info","category":"admin","workflow":"granot_lifecycle"}
{"level":"info","time":"2026-09-19T04:49:42.115Z","service":"vantage-main-server","env":"development","msg":"granot_lifecycle.booking_case.resolved","observability_level":"info","category":"admin","workflow":"granot_lifecycle"}
{"level":"info","time":"2026-09-19T04:49:42.115Z","service":"vantage-main-server","env":"development","msg":"granot_lifecycle.owner_command.replayed","observability_level":"info","category":"admin","workflow":"granot_lifecycle"}
{"level":"warn","time":"2026-09-19T04:49:42.116Z","service":"vantage-main-server","env":"development","msg":"granot_lifecycle.owner_command.conflict","observability_level":"warn","category":"admin","workflow":"granot_lifecycle"}
{"level":"warn","time":"2026-09-19T04:49:42.117Z","service":"vantage-main-server","env":"development","msg":"granot_lifecycle.owner_command.conflict","observability_level":"warn","category":"admin","workflow":"granot_lifecycle"}
﹣ [AC-31][AC-35][AC-37][AC-38] replica health counts come from Mongo and do not mutate official facts (4.4038ms) # Replica-set proof requires TEST_MODE=true before process start.
{"level":"info","time":"2026-09-19T04:49:41.913Z","service":"vantage-main-server","env":"development","msg":"granot_lifecycle.activation.committed","activation_id":"6aae14...525e","activated_at":"2026-08-17T16:00:00.000Z","processor_version":"granot-lifecycle-processor-v1","request_id":"req-activation-test"}
✔ [AC-31] foundation Owner activation is write-once and returns a safe projection (11.3814ms)
✔ [AC-31] foundation Admin without Owner cannot activate (0.5282ms)
✔ [AC-31] activation audit failure cannot roll back the committed activation (0.8117ms)
﹣ [AC-31] foundation replica-set concurrent activation has one winner (0.4791ms) # Replica-set proof is opt-in via GRANOT_LIFECYCLE_REPLICA_TESTS=true.
✔ [AC-37] Owner requeue moves dead_letter to pending without replacing evidence (1.4489ms)
✔ [AC-37] requeue audit failure cannot roll back the receipt transition (0.7888ms)
✔ [AC-37] requeue of completed or claimed work conflicts and creates no audit (1.0759ms)
✔ [AC-37] missing receipt returns GRANOT_RECEIPT_NOT_FOUND (0.6348ms)
✔ [AC-37] Admin without Owner cannot requeue (0.3638ms)
✔ [AC-35] portion activation projection omits reason and actor PII (0.5681ms)
{"level":"info","time":"2026-09-19T04:49:41.918Z","service":"vantage-main-server","env":"development","msg":"granot_lifecycle.activation.committed","activation_id":"6aae14...525f","activated_at":"2026-08-17T16:00:00.000Z","processor_version":"granot-lifecycle-processor-v1","request_id":"req-activation-test"}
{"level":"info","time":"2026-09-19T04:49:41.920Z","service":"vantage-main-server","env":"development","msg":"granot_lifecycle.manual_requeue.committed","receipt_id":"6aae14...5260","prior_state":"dead_letter","new_state":"pending","manual_requeue_count":1,"request_id":"req-activation-test"}
{"level":"info","time":"2026-09-19T04:49:41.921Z","service":"vantage-main-server","env":"development","msg":"granot_lifecycle.manual_requeue.committed","receipt_id":"6aae14...5262","prior_state":"dead_letter","new_state":"pending","manual_requeue_count":1,"request_id":"req-activation-test"}
﹣ [AC-32] replica temporal CAS one winner advances metadata without revision/Change/outbox (3.0946ms) # Replica-set proof requires TEST_MODE=true before process start.
﹣ [AC-32] replica concurrent temporal loser re-evaluates stale and does not persist already_current (0.7659ms) # Replica-set proof requires TEST_MODE=true before process start.
{"level":"info","time":"2026-09-19T04:49:46.045Z","service":"vantage-main-server","env":"development","msg":"granot_lifecycle.processing.completed","receipt_id":"6aae…3298","observation_id":"6aae…3297","decision_id":"6aae…329c","attempt":1,"execution_mode":"live","outcome":"pending_match","reason_code":"pending_source_scoped_match","duration_ms":26}
✔ [AC-18] processor does not invoke Booking reconciliation for Priority 5 (39.525ms)
✔ [AC-18] Priority 5 with booking cases enabled still applies lead desired-state (11.4921ms)
✔ [AC-18][AC-19] processor invokes Booking reconciliation only in live gate-enabled posture (43.9006ms)
✔ [AC-25][AC-26][AC-27][AC-P5] processor invokes Booking reconciliation for live gate-enabled Release evidence (5.0932ms)
✔ [AC-26][AC-27][AC-36][AC-R6] processor persists Release identity conflict through the discrepancy module (2.6982ms)
✔ [AC-R4] officially cancelled Booking + Release is already_current via Booking reconciliation (3.9479ms)
✔ Release booking-case early-return does not invoke synchronizeLeadFromGranot (5.5604ms)
✔ [AC-02] portion identical webhook evidence in two receipts creates two Decisions (26.6179ms)
✔ [AC-02] portion same observation/attempt replay returns one Decision (2.3571ms)
✔ [AC-02] portion a differing stored Decision is an integrity failure (2.7282ms)
✔ [AC-31] foundation pre-activation receipts stay historical and create no live effects (1.7519ms)
✔ [AC-31] foundation live-shadow Decisions are not promoted and mutate no Record Link (1.5907ms)
✔ [AC-32] portion historical establishment, confirmation, and conflict keep one active link (81.9967ms)
✔ [AC-32] portion invalid, unsupported, and unclassified paths create no link or forbidden effects (4.011ms)
✔ processing disabled refuses unless a test supplies config (1.0545ms)
✔ [AC-31] foundation live configuration with no match stays pending and mutates no Lead (3.6221ms)
﹣ [AC-32] portion replica-set Decision+link persist atomically and unique job races keep one active link (32.0343ms) # Replica-set proof requires TEST_MODE=true before process start.
✔ [AC-07] shadow matched Lead Created records one target and never claims a second Lead (1.8126ms)
✔ [AC-08] foundation eligible create_if_missing stays suppressed with no reservation (1.5807ms)
✔ [AC-30] processor emits terminal unmatched at 24 hours (3.5745ms)
✔ [AC-06] malformed Priority on Lead Created continues independent identity work (2.9034ms)
✔ [AC-32] shadow no-op already_current writes no Change, Sheet, or Record Link (1.6244ms)
✔ [AC-32] live test posture advances metadata-only winner and does not emit Change (1.6384ms)
✔ [AC-32] CAS loser re-evaluates as stale and never persists already_current (1.9452ms)
✔ gate snapshot uses real policy facts in stable eight-name order (1.0391ms)
✔ [AC-35] portion Decision metrics use only bounded enum labels (0.9897ms)
✔ [AC-05][AC-07] live authorized matched write invokes synchronizeLeadFromGranot once (2.3477ms)
✔ [AC-32] live applied Decision replays without a second command after the Lead is current (6.3709ms)
✔ [AC-32] lost live command race replans as stale and never persists applied (3.1937ms)
✔ [AC-32] already_current exact link does not invoke the command (1.2848ms)
✔ [AC-32] stale classification does not invoke the command (1.5792ms)
✔ [AC-32] inactive Source Company is policy_blocked and never invokes the command (1.8922ms)
✔ [AC-07] live already_current with no active link still invokes association (1.4815ms)
✔ [AC-08] live eligible no-match invokes createLeadFromGranot once with the exact no-patch command (3.1517ms)
✔ [AC-08] live authorized Job-only Call invokes creation and multiple candidates block it (2.4918ms)
✔ RingCentral-origin Call Lead plus later Granot Call observation synchronizes and does not create (19.7943ms)
✔ fence identity race replans Call create_if_missing onto the RingCentral Call Lead (2.5819ms)
✔ Call Job versus phone pointing at two Leads is job_number_conflict and never creates (1.4598ms)
✔ [AC-07] live matched Lead Created never invokes createLeadFromGranot (1.6948ms)
✔ [AC-07] identity race winner replans through Unit 18 and never retries blind creation (2.4048ms)
✔ [AC-07] lead-less active link reservation replans as record-link conflict (2.0408ms)
✔ [AC-07] unrelated duplicate-key failures remain technical errors (2.2985ms)
✔ [AC-08] disabled, shadow, incomplete, and route-failure paths create no command (4.4446ms)
✔ [AC-09] live Form same states select Local; differing states select long-distance; invalid ZIP/state create no command (3.2459ms)
✔ pending_match records granot.pending_match with parent_receipt_id (1.1642ms)
✔ unmatched records granot.unmatched and created is not minted by the processor (2.0333ms)
✔ same observation/attempt replay does not increment Daily Operations again (2.5658ms)
{"level":"info","time":"2026-09-19T04:49:46.047Z","service":"vantage-main-server","env":"development","msg":"granot_lifecycle.processing.completed","observability_level":"info","category":"mongo","workflow":"granot_lifecycle"}
{"level":"info","time":"2026-09-19T04:49:46.062Z","service":"vantage-main-server","env":"development","msg":"granot_lifecycle.processing.completed","receipt_id":"6aae…329e","observation_id":"6aae…329d","decision_id":"6aae…32a3","attempt":1,"execution_mode":"live","outcome":"applied","reason_code":"lead_state_changed","duration_ms":10}
{"level":"info","time":"2026-09-19T04:49:46.062Z","service":"vantage-main-server","env":"development","msg":"granot_lifecycle.processing.completed","observability_level":"info","category":"mongo","workflow":"granot_lifecycle"}
{"level":"info","time":"2026-09-19T04:49:46.103Z","service":"vantage-main-server","env":"development","msg":"granot_lifecycle.processing.completed","receipt_id":"6aae…32a6","observation_id":"6aae…32a5","decision_id":"6aae…32aa","attempt":1,"execution_mode":"live","outcome":"linked","reason_code":"booking_case_opened","duration_ms":40}
{"level":"info","time":"2026-09-19T04:49:46.103Z","service":"vantage-main-server","env":"development","msg":"granot_lifecycle.processing.completed","observability_level":"info","category":"mongo","workflow":"granot_lifecycle"}
{"level":"info","time":"2026-09-19T04:49:46.105Z","service":"vantage-main-server","env":"development","msg":"granot_lifecycle.processing.completed","receipt_id":"6aae…32a6","observation_id":"6aae…32a5","decision_id":"6aae…32af","attempt":1,"execution_mode":"live","outcome":"pending_match","reason_code":"pending_source_scoped_match","duration_ms":1}
{"level":"info","time":"2026-09-19T04:49:46.106Z","service":"vantage-main-server","env":"development","msg":"granot_lifecycle.processing.completed","observability_level":"info","category":"mongo","workflow":"granot_lifecycle"}
{"level":"info","time":"2026-09-19T04:49:46.109Z","service":"vantage-main-server","env":"development","msg":"granot_lifecycle.processing.completed","receipt_id":"6aae…32b1","observation_id":"6aae…32b0","decision_id":"6aae…32b5","attempt":1,"execution_mode":"live","outcome":"linked","reason_code":"booking_case_opened","duration_ms":2}
{"level":"info","time":"2026-09-19T04:49:46.109Z","service":"vantage-main-server","env":"development","msg":"granot_lifecycle.processing.completed","observability_level":"info","category":"mongo","workflow":"granot_lifecycle"}
{"level":"info","time":"2026-09-19T04:49:46.111Z","service":"vantage-main-server","env":"development","msg":"granot_lifecycle.processing.completed","receipt_id":"6aae…32b1","observation_id":"6aae…32b0","decision_id":"6aae…32ba","attempt":1,"execution_mode":"live","outcome":"pending_match","reason_code":"pending_source_scoped_match","duration_ms":2}
{"level":"info","time":"2026-09-19T04:49:46.111Z","service":"vantage-main-server","env":"development","msg":"granot_lifecycle.processing.completed","observability_level":"info","category":"mongo","workflow":"granot_lifecycle"}
{"level":"info","time":"2026-09-19T04:49:46.114Z","service":"vantage-main-server","env":"development","msg":"granot_lifecycle.processing.completed","receipt_id":"6aae…32bc","observation_id":"6aae…32bb","decision_id":"6aae…32c0","attempt":1,"execution_mode":"live","outcome":"conflict","reason_code":"release_discrepancy_opened","duration_ms":2}
{"level":"info","time":"2026-09-19T04:49:46.114Z","service":"vantage-main-server","env":"development","msg":"granot_lifecycle.processing.completed","observability_level":"info","category":"mongo","workflow":"granot_lifecycle"}
{"level":"info","time":"2026-09-19T04:49:46.116Z","service":"vantage-main-server","env":"development","msg":"granot_lifecycle.processing.completed","receipt_id":"6aae…32c3","observation_id":"6aae…32c2","decision_id":"6aae…32c8","attempt":1,"execution_mode":"live","outcome":"already_current","reason_code":"booking_already_cancelled","duration_ms":1}
{"level":"info","time":"2026-09-19T04:49:46.116Z","service":"vantage-main-server","env":"development","msg":"granot_lifecycle.processing.completed","observability_level":"info","category":"mongo","workflow":"granot_lifecycle"}
{"level":"info","time":"2026-09-19T04:49:46.122Z","service":"vantage-main-server","env":"development","msg":"granot_lifecycle.processing.completed","receipt_id":"6aae…32ca","observation_id":"6aae…32c9","decision_id":"6aae…32cf","attempt":1,"execution_mode":"live","outcome":"linked","reason_code":"booking_case_opened","duration_ms":3}
{"level":"info","time":"2026-09-19T04:49:46.122Z","service":"vantage-main-server","env":"development","msg":"granot_lifecycle.processing.completed","observability_level":"info","category":"mongo","workflow":"granot_lifecycle"}
{"level":"info","time":"2026-09-19T04:49:46.124Z","service":"vantage-main-server","env":"development","msg":"granot_lifecycle.processing.completed","receipt_id":"6aae…32ca","observation_id":"6aae…32c9","decision_id":"6aae…32d4","attempt":1,"execution_mode":"live","outcome":"linked","reason_code":"booking_case_refreshed","duration_ms":2}
{"level":"info","time":"2026-09-19T04:49:46.124Z","service":"vantage-main-server","env":"development","msg":"granot_lifecycle.processing.completed","observability_level":"info","category":"mongo","workflow":"granot_lifecycle"}
{"level":"info","time":"2026-09-19T04:49:46.126Z","service":"vantage-main-server","env":"development","msg":"granot_lifecycle.processing.completed","receipt_id":"6aae…32d7","observation_id":"6aae…32d6","decision_id":"6aae…32e1","attempt":1,"execution_mode":"historical_shadow","outcome":"linked","reason_code":"record_link_established","duration_ms":1}
{"level":"info","time":"2026-09-19T04:49:46.126Z","service":"vantage-main-server","env":"development","msg":"granot_lifecycle.processing.completed","observability_level":"info","category":"mongo","workflow":"granot_lifecycle"}
{"level":"info","time":"2026-09-19T04:49:46.151Z","service":"vantage-main-server","env":"development","msg":"granot_lifecycle.processing.completed","receipt_id":"6aae…32d8","observation_id":"6aae…32d9","decision_id":"6aae…32e3","attempt":1,"execution_mode":"historical_shadow","outcome":"linked","reason_code":"record_link_established","duration_ms":24}
{"level":"info","time":"2026-09-19T04:49:46.151Z","service":"vantage-main-server","env":"development","msg":"granot_lifecycle.processing.completed","observability_level":"info","category":"mongo","workflow":"granot_lifecycle"}
{"level":"info","time":"2026-09-19T04:49:46.152Z","service":"vantage-main-server","env":"development","msg":"granot_lifecycle.processing.completed","receipt_id":"6aae…32e6","observation_id":"6aae…32e5","decision_id":"6aae…32ea","attempt":1,"execution_mode":"historical_shadow","outcome":"linked","reason_code":"record_link_established","duration_ms":1}
{"level":"info","time":"2026-09-19T04:49:46.152Z","service":"vantage-main-server","env":"development","msg":"granot_lifecycle.processing.completed","observability_level":"info","category":"mongo","workflow":"granot_lifecycle"}
{"level":"info","time":"2026-09-19T04:49:46.158Z","service":"vantage-main-server","env":"development","msg":"granot_lifecycle.processing.completed","receipt_id":"6aae…32f6","observation_id":"6aae…32f5","decision_id":"6aae…32fa","attempt":1,"execution_mode":"historical_shadow","outcome":"linked","reason_code":"record_link_established","duration_ms":1}
{"level":"info","time":"2026-09-19T04:49:46.158Z","service":"vantage-main-server","env":"development","msg":"granot_lifecycle.processing.completed","observability_level":"info","category":"mongo","workflow":"granot_lifecycle"}
{"level":"info","time":"2026-09-19T04:49:46.159Z","service":"vantage-main-server","env":"development","msg":"granot_lifecycle.processing.completed","receipt_id":"6aae…32fd","observation_id":"6aae…32fc","decision_id":"6aae…3301","attempt":1,"execution_mode":"live_shadow","outcome":"pending_match","reason_code":"pending_source_scoped_match","duration_ms":0}
{"level":"info","time":"2026-09-19T04:49:46.159Z","service":"vantage-main-server","env":"development","msg":"granot_lifecycle.processing.completed","observability_level":"info","category":"mongo","workflow":"granot_lifecycle"}
{"level":"info","time":"2026-09-19T04:49:46.161Z","service":"vantage-main-server","env":"development","msg":"granot_lifecycle.processing.completed","receipt_id":"6aae…3306","observation_id":"6aae…3305","decision_id":"6aae…3307","attempt":1,"execution_mode":"historical_shadow","outcome":"linked","reason_code":"record_link_established","duration_ms":0}
{"level":"info","time":"2026-09-19T04:49:46.161Z","service":"vantage-main-server","env":"development","msg":"granot_lifecycle.processing.completed","observability_level":"info","category":"mongo","workflow":"granot_lifecycle"}
{"level":"info","time":"2026-09-19T04:49:46.162Z","service":"vantage-main-server","env":"development","msg":"granot_lifecycle.processing.completed","receipt_id":"6aae…3309","observation_id":"6aae…330a","decision_id":"6aae…330c","attempt":1,"execution_mode":"historical_shadow","outcome":"linked","reason_code":"record_link_confirmed","duration_ms":1}
{"level":"info","time":"2026-09-19T04:49:46.162Z","service":"vantage-main-server","env":"development","msg":"granot_lifecycle.processing.completed","observability_level":"info","category":"mongo","workflow":"granot_lifecycle"}
{"level":"info","time":"2026-09-19T04:49:46.241Z","service":"vantage-main-server","env":"development","msg":"granot_lifecycle.processing.completed","receipt_id":"6aae…330f","observation_id":"6aae…3310","decision_id":"6aae…3313","attempt":1,"execution_mode":"historical_shadow","outcome":"conflict","reason_code":"record_link_conflict","duration_ms":37}
{"level":"info","time":"2026-09-19T04:49:46.241Z","service":"vantage-main-server","env":"development","msg":"granot_lifecycle.processing.completed","observability_level":"info","category":"mongo","workflow":"granot_lifecycle"}
{"level":"info","time":"2026-09-19T04:49:46.244Z","service":"vantage-main-server","env":"development","msg":"granot_lifecycle.processing.completed","receipt_id":"6aae…3315","observation_id":"6aae…3314","decision_id":"6aae…331a","attempt":1,"execution_mode":"historical_shadow","outcome":"invalid","reason_code":"invalid_priority_update","duration_ms":1}
{"level":"info","time":"2026-09-19T04:49:46.244Z","service":"vantage-main-server","env":"development","msg":"granot_lifecycle.processing.completed","observability_level":"info","category":"mongo","workflow":"granot_lifecycle"}
{"level":"info","time":"2026-09-19T04:49:46.244Z","service":"vantage-main-server","env":"development","msg":"granot_lifecycle.processing.completed","receipt_id":"6aae…331c","observation_id":"6aae…331b","decision_id":"6aae…3321","attempt":1,"execution_mode":"historical_shadow","outcome":"unsupported","reason_code":"unsupported_booking_action","duration_ms":0}
{"level":"info","time":"2026-09-19T04:49:46.244Z","service":"vantage-main-server","env":"development","msg":"granot_lifecycle.processing.completed","observability_level":"info","category":"mongo","workflow":"granot_lifecycle"}
{"level":"info","time":"2026-09-19T04:49:46.245Z","service":"vantage-main-server","env":"development","msg":"granot_lifecycle.processing.completed","receipt_id":"6aae…3323","observation_id":"6aae…3322","decision_id":"6aae…3325","attempt":1,"execution_mode":"historical_shadow","outcome":"policy_blocked","reason_code":"source_unclassified","duration_ms":0}
{"level":"info","time":"2026-09-19T04:49:46.245Z","service":"vantage-main-server","env":"development","msg":"granot_lifecycle.processing.completed","observability_level":"info","category":"mongo","workflow":"granot_lifecycle"}
{"level":"info","time":"2026-09-19T04:49:46.248Z","service":"vantage-main-server","env":"development","msg":"granot_lifecycle.processing.completed","receipt_id":"6aae…332d","observation_id":"6aae…332c","decision_id":"6aae…3331","attempt":1,"execution_mode":"live","outcome":"pending_match","reason_code":"pending_source_scoped_match","duration_ms":0}
{"level":"info","time":"2026-09-19T04:49:46.250Z","service":"vantage-main-server","env":"development","msg":"granot_lifecycle.processing.completed","observability_level":"info","category":"mongo","workflow":"granot_lifecycle"}
{"level":"info","time":"2026-09-19T04:49:46.285Z","service":"vantage-main-server","env":"development","msg":"granot_lifecycle.processing.completed","receipt_id":"6aae…3333","observation_id":"6aae…3332","decision_id":"6aae…3338","attempt":1,"execution_mode":"live_shadow","outcome":"policy_blocked","reason_code":"shadow_effect_suppressed","duration_ms":1}
{"level":"info","time":"2026-09-19T04:49:46.285Z","service":"vantage-main-server","env":"development","msg":"granot_lifecycle.processing.completed","observability_level":"info","category":"mongo","workflow":"granot_lifecycle"}
{"level":"info","time":"2026-09-19T04:49:46.286Z","service":"vantage-main-server","env":"development","msg":"granot_lifecycle.processing.completed","receipt_id":"6aae…333a","observation_id":"6aae…3339","decision_id":"6aae…333e","attempt":1,"execution_mode":"live_shadow","outcome":"policy_blocked","reason_code":"shadow_effect_suppressed","duration_ms":0}
{"level":"info","time":"2026-09-19T04:49:46.286Z","service":"vantage-main-server","env":"development","msg":"granot_lifecycle.processing.completed","observability_level":"info","category":"mongo","workflow":"granot_lifecycle"}
{"level":"info","time":"2026-09-19T04:49:46.288Z","service":"vantage-main-server","env":"development","msg":"granot_lifecycle.processing.completed","receipt_id":"6aae…3340","observation_id":"6aae…333f","decision_id":"6aae…3344","attempt":9,"execution_mode":"live_shadow","outcome":"unmatched","reason_code":"match_window_expired","duration_ms":1}
{"level":"info","time":"2026-09-19T04:49:46.290Z","service":"vantage-main-server","env":"development","msg":"granot_lifecycle.processing.completed","observability_level":"info","category":"mongo","workflow":"granot_lifecycle"}
{"level":"info","time":"2026-09-19T04:49:46.293Z","service":"vantage-main-server","env":"development","msg":"granot_lifecycle.processing.completed","receipt_id":"6aae…3346","observation_id":"6aae…3345","decision_id":"6aae…334b","attempt":1,"execution_mode":"live_shadow","outcome":"policy_blocked","reason_code":"shadow_effect_suppressed","duration_ms":1}
{"level":"info","time":"2026-09-19T04:49:46.293Z","service":"vantage-main-server","env":"development","msg":"granot_lifecycle.processing.completed","observability_level":"info","category":"mongo","workflow":"granot_lifecycle"}
{"level":"info","time":"2026-09-19T04:49:46.295Z","service":"vantage-main-server","env":"development","msg":"granot_lifecycle.processing.completed","receipt_id":"6aae…334d","observation_id":"6aae…334c","decision_id":"6aae…3352","attempt":1,"execution_mode":"live_shadow","outcome":"already_current","reason_code":"desired_state_already_current","duration_ms":1}
{"level":"info","time":"2026-09-19T04:49:46.295Z","service":"vantage-main-server","env":"development","msg":"granot_lifecycle.processing.completed","observability_level":"info","category":"mongo","workflow":"granot_lifecycle"}
{"level":"info","time":"2026-09-19T04:49:46.297Z","service":"vantage-main-server","env":"development","msg":"granot_lifecycle.processing.completed","receipt_id":"6aae…3354","observation_id":"6aae…3353","decision_id":"6aae…335d","attempt":1,"execution_mode":"live","outcome":"already_current","reason_code":"desired_state_already_current","duration_ms":1}
{"level":"info","time":"2026-09-19T04:49:46.297Z","service":"vantage-main-server","env":"development","msg":"granot_lifecycle.processing.completed","observability_level":"info","category":"mongo","workflow":"granot_lifecycle"}
{"level":"info","time":"2026-09-19T04:49:46.299Z","service":"vantage-main-server","env":"development","msg":"granot_lifecycle.processing.completed","receipt_id":"6aae…335f","observation_id":"6aae…335e","decision_id":"6aae…336a","attempt":1,"execution_mode":"live","outcome":"stale","reason_code":"older_than_temporal_winner","duration_ms":1}
{"level":"info","time":"2026-09-19T04:49:46.299Z","service":"vantage-main-server","env":"development","msg":"granot_lifecycle.processing.completed","observability_level":"info","category":"mongo","workflow":"granot_lifecycle"}
{"level":"info","time":"2026-09-19T04:49:46.300Z","service":"vantage-main-server","env":"development","msg":"granot_lifecycle.processing.completed","receipt_id":"6aae…336c","observation_id":"6aae…336b","decision_id":"6aae…3370","attempt":1,"execution_mode":"historical_shadow","outcome":"linked","reason_code":"record_link_established","duration_ms":1}
{"level":"info","time":"2026-09-19T04:49:46.300Z","service":"vantage-main-server","env":"development","msg":"granot_lifecycle.processing.completed","observability_level":"info","category":"mongo","workflow":"granot_lifecycle"}
{"level":"info","time":"2026-09-19T04:49:46.301Z","service":"vantage-main-server","env":"development","msg":"granot_lifecycle.processing.completed","receipt_id":"6aae…3373","observation_id":"6aae…3372","decision_id":"6aae…3377","attempt":1,"execution_mode":"historical_shadow","outcome":"linked","reason_code":"record_link_established","duration_ms":0}
{"level":"info","time":"2026-09-19T04:49:46.301Z","service":"vantage-main-server","env":"development","msg":"granot_lifecycle.processing.completed","observability_level":"info","category":"mongo","workflow":"granot_lifecycle"}
{"level":"info","time":"2026-09-19T04:49:46.303Z","service":"vantage-main-server","env":"development","msg":"granot_lifecycle.processing.completed","receipt_id":"6aae…337a","observation_id":"6aae…3379","decision_id":"6aae…337f","attempt":1,"execution_mode":"live","outcome":"applied","reason_code":"lead_state_changed","duration_ms":1}
{"level":"info","time":"2026-09-19T04:49:46.304Z","service":"vantage-main-server","env":"development","msg":"granot_lifecycle.processing.completed","observability_level":"info","category":"mongo","workflow":"granot_lifecycle"}
{"level":"info","time":"2026-09-19T04:49:46.313Z","service":"vantage-main-server","env":"development","msg":"granot_lifecycle.processing.completed","receipt_id":"6aae…338c","observation_id":"6aae…338b","decision_id":"6aae…3399","attempt":1,"execution_mode":"live","outcome":"stale","reason_code":"older_than_temporal_winner","duration_ms":2}
{"level":"info","time":"2026-09-19T04:49:46.313Z","service":"vantage-main-server","env":"development","msg":"granot_lifecycle.processing.completed","observability_level":"info","category":"mongo","workflow":"granot_lifecycle"}
{"level":"info","time":"2026-09-19T04:49:46.315Z","service":"vantage-main-server","env":"development","msg":"granot_lifecycle.processing.completed","receipt_id":"6aae…339b","observation_id":"6aae…339a","decision_id":"6aae…33a4","attempt":1,"execution_mode":"live","outcome":"already_current","reason_code":"desired_state_already_current","duration_ms":1}
{"level":"info","time":"2026-09-19T04:49:46.315Z","service":"vantage-main-server","env":"development","msg":"granot_lifecycle.processing.completed","observability_level":"info","category":"mongo","workflow":"granot_lifecycle"}
{"level":"info","time":"2026-09-19T04:49:46.316Z","service":"vantage-main-server","env":"development","msg":"granot_lifecycle.processing.completed","receipt_id":"6aae…33a6","observation_id":"6aae…33a5","decision_id":"6aae…33af","attempt":1,"execution_mode":"live","outcome":"stale","reason_code":"older_than_temporal_winner","duration_ms":0}
{"level":"info","time":"2026-09-19T04:49:46.316Z","service":"vantage-main-server","env":"development","msg":"granot_lifecycle.processing.completed","observability_level":"info","category":"mongo","workflow":"granot_lifecycle"}
{"level":"info","time":"2026-09-19T04:49:46.318Z","service":"vantage-main-server","env":"development","msg":"granot_lifecycle.processing.completed","receipt_id":"6aae…33b1","observation_id":"6aae…33b0","decision_id":"6aae…33b6","attempt":1,"execution_mode":"live","outcome":"policy_blocked","reason_code":"target_source_company_inactive","duration_ms":0}
{"level":"info","time":"2026-09-19T04:49:46.318Z","service":"vantage-main-server","env":"development","msg":"granot_lifecycle.processing.completed","observability_level":"info","category":"mongo","workflow":"granot_lifecycle"}
{"level":"info","time":"2026-09-19T04:49:46.320Z","service":"vantage-main-server","env":"development","msg":"granot_lifecycle.processing.completed","receipt_id":"6aae…33b8","observation_id":"6aae…33b7","decision_id":"6aae…33bd","attempt":1,"execution_mode":"live","outcome":"linked","reason_code":"record_link_established","duration_ms":1}
{"level":"info","time":"2026-09-19T04:49:46.320Z","service":"vantage-main-server","env":"development","msg":"granot_lifecycle.processing.completed","observability_level":"info","category":"mongo","workflow":"granot_lifecycle"}
{"level":"info","time":"2026-09-19T04:49:46.323Z","service":"vantage-main-server","env":"development","msg":"granot_lifecycle.processing.completed","receipt_id":"6aae…33c0","observation_id":"6aae…33bf","decision_id":"6aae…33c5","attempt":1,"execution_mode":"live","outcome":"created","reason_code":"lead_created_authorized","duration_ms":2}
{"level":"info","time":"2026-09-19T04:49:46.323Z","service":"vantage-main-server","env":"development","msg":"granot_lifecycle.processing.completed","observability_level":"info","category":"mongo","workflow":"granot_lifecycle"}
{"level":"info","time":"2026-09-19T04:49:46.325Z","service":"vantage-main-server","env":"development","msg":"granot_lifecycle.processing.completed","receipt_id":"6aae…33ca","observation_id":"6aae…33c9","decision_id":"6aae…33ce","attempt":1,"execution_mode":"live","outcome":"created","reason_code":"lead_created_authorized","duration_ms":1}
{"level":"info","time":"2026-09-19T04:49:46.325Z","service":"vantage-main-server","env":"development","msg":"granot_lifecycle.processing.completed","observability_level":"info","category":"mongo","workflow":"granot_lifecycle"}
{"level":"info","time":"2026-09-19T04:49:46.326Z","service":"vantage-main-server","env":"development","msg":"granot_lifecycle.processing.completed","receipt_id":"6aae…33ca","observation_id":"6aae…33c9","decision_id":"6aae…33d7","attempt":1,"execution_mode":"live","outcome":"conflict","reason_code":"multiple_eligible_matches","duration_ms":1}
{"level":"info","time":"2026-09-19T04:49:46.326Z","service":"vantage-main-server","env":"development","msg":"granot_lifecycle.processing.completed","observability_level":"info","category":"mongo","workflow":"granot_lifecycle"}
{"level":"info","time":"2026-09-19T04:49:46.330Z","service":"vantage-main-server","env":"development","msg":"granot_lifecycle.processing.completed","receipt_id":"6aae…33da","observation_id":"6aae…33d9","decision_id":"6aae…33de","attempt":1,"execution_mode":"live","outcome":"applied","reason_code":"lead_state_changed","duration_ms":3}
{"level":"info","time":"2026-09-19T04:49:46.330Z","service":"vantage-main-server","env":"development","msg":"granot_lifecycle.processing.completed","observability_level":"info","category":"mongo","workflow":"granot_lifecycle"}
{"level":"info","time":"2026-09-19T04:49:46.331Z","service":"vantage-main-server","env":"development","msg":"granot_lifecycle.processing.completed","receipt_id":"6aae…33e1","observation_id":"6aae…33e0","decision_id":"6aae…33e5","attempt":1,"execution_mode":"live","outcome":"applied","reason_code":"lead_state_changed","duration_ms":1}
{"level":"info","time":"2026-09-19T04:49:46.332Z","service":"vantage-main-server","env":"development","msg":"granot_lifecycle.processing.completed","observability_level":"info","category":"mongo","workflow":"granot_lifecycle"}
{"level":"info","time":"2026-09-19T04:49:46.349Z","service":"vantage-main-server","env":"development","msg":"granot_lifecycle.processing.completed","receipt_id":"6aae…33e8","observation_id":"6aae…33e7","decision_id":"6aae…33ef","attempt":1,"execution_mode":"live","outcome":"applied","reason_code":"lead_state_changed","duration_ms":2}
{"level":"info","time":"2026-09-19T04:49:46.349Z","service":"vantage-main-server","env":"development","msg":"granot_lifecycle.processing.completed","observability_level":"info","category":"mongo","workflow":"granot_lifecycle"}
{"level":"info","time":"2026-09-19T04:49:46.350Z","service":"vantage-main-server","env":"development","msg":"granot_lifecycle.processing.completed","receipt_id":"6aae…33f2","observation_id":"6aae…33f1","decision_id":"6aae…33f8","attempt":1,"execution_mode":"live","outcome":"conflict","reason_code":"job_number_conflict","duration_ms":0}
{"level":"info","time":"2026-09-19T04:49:46.350Z","service":"vantage-main-server","env":"development","msg":"granot_lifecycle.processing.completed","observability_level":"info","category":"mongo","workflow":"granot_lifecycle"}
{"level":"info","time":"2026-09-19T04:49:46.352Z","service":"vantage-main-server","env":"development","msg":"granot_lifecycle.processing.completed","receipt_id":"6aae…33fa","observation_id":"6aae…33f9","decision_id":"6aae…3400","attempt":1,"execution_mode":"live","outcome":"applied","reason_code":"lead_state_changed","duration_ms":1}
{"level":"info","time":"2026-09-19T04:49:46.352Z","service":"vantage-main-server","env":"development","msg":"granot_lifecycle.processing.completed","observability_level":"info","category":"mongo","workflow":"granot_lifecycle"}
{"level":"info","time":"2026-09-19T04:49:46.354Z","service":"vantage-main-server","env":"development","msg":"granot_lifecycle.processing.completed","receipt_id":"6aae…3403","observation_id":"6aae…3402","decision_id":"6aae…340b","attempt":1,"execution_mode":"live","outcome":"applied","reason_code":"lead_state_changed","duration_ms":1}
{"level":"info","time":"2026-09-19T04:49:46.355Z","service":"vantage-main-server","env":"development","msg":"granot_lifecycle.processing.completed","observability_level":"info","category":"mongo","workflow":"granot_lifecycle"}
{"level":"info","time":"2026-09-19T04:49:46.357Z","service":"vantage-main-server","env":"development","msg":"granot_lifecycle.processing.completed","receipt_id":"6aae…340e","observation_id":"6aae…340d","decision_id":"6aae…3415","attempt":1,"execution_mode":"live","outcome":"conflict","reason_code":"record_link_conflict","duration_ms":2}
{"level":"info","time":"2026-09-19T04:49:46.357Z","service":"vantage-main-server","env":"development","msg":"granot_lifecycle.processing.completed","observability_level":"info","category":"mongo","workflow":"granot_lifecycle"}
{"level":"info","time":"2026-09-19T04:49:46.361Z","service":"vantage-main-server","env":"development","msg":"granot_lifecycle.processing.completed","receipt_id":"6aae…341f","observation_id":"6aae…341e","decision_id":"6aae…3424","attempt":1,"execution_mode":"live","outcome":"policy_blocked","reason_code":"global_effect_disabled","duration_ms":1}
{"level":"info","time":"2026-09-19T04:49:46.361Z","service":"vantage-main-server","env":"development","msg":"granot_lifecycle.processing.completed","observability_level":"info","category":"mongo","workflow":"granot_lifecycle"}
{"level":"info","time":"2026-09-19T04:49:46.362Z","service":"vantage-main-server","env":"development","msg":"granot_lifecycle.processing.completed","receipt_id":"6aae…341f","observation_id":"6aae…341e","decision_id":"6aae…3425","attempt":1,"execution_mode":"live_shadow","outcome":"policy_blocked","reason_code":"shadow_effect_suppressed","duration_ms":1}
{"level":"info","time":"2026-09-19T04:49:46.362Z","service":"vantage-main-server","env":"development","msg":"granot_lifecycle.processing.completed","observability_level":"info","category":"mongo","workflow":"granot_lifecycle"}
{"level":"info","time":"2026-09-19T04:49:46.363Z","service":"vantage-main-server","env":"development","msg":"granot_lifecycle.processing.completed","receipt_id":"6aae…3427","observation_id":"6aae…3426","decision_id":"6aae…3428","attempt":1,"execution_mode":"live","outcome":"insufficient_creation_data","reason_code":"missing_creation_contact","duration_ms":1}
{"level":"info","time":"2026-09-19T04:49:46.363Z","service":"vantage-main-server","env":"development","msg":"granot_lifecycle.processing.completed","observability_level":"info","category":"mongo","workflow":"granot_lifecycle"}
{"level":"info","time":"2026-09-19T04:49:46.364Z","service":"vantage-main-server","env":"development","msg":"granot_lifecycle.processing.completed","receipt_id":"6aae…341f","observation_id":"6aae…341e","decision_id":"6aae…342b","attempt":1,"execution_mode":"live","outcome":"insufficient_creation_data","reason_code":"missing_creation_route_data","duration_ms":1}
{"level":"info","time":"2026-09-19T04:49:46.364Z","service":"vantage-main-server","env":"development","msg":"granot_lifecycle.processing.completed","observability_level":"info","category":"mongo","workflow":"granot_lifecycle"}
{"level":"info","time":"2026-09-19T04:49:46.365Z","service":"vantage-main-server","env":"development","msg":"granot_lifecycle.processing.completed","receipt_id":"6aae…3431","observation_id":"6aae…3430","decision_id":"6aae…3432","attempt":1,"execution_mode":"live","outcome":"created","reason_code":"lead_created_authorized","duration_ms":1}
{"level":"info","time":"2026-09-19T04:49:46.365Z","service":"vantage-main-server","env":"development","msg":"granot_lifecycle.processing.completed","observability_level":"info","category":"mongo","workflow":"granot_lifecycle"}
{"level":"info","time":"2026-09-19T04:49:46.366Z","service":"vantage-main-server","env":"development","msg":"granot_lifecycle.processing.completed","receipt_id":"6aae…3437","observation_id":"6aae…3436","decision_id":"6aae…3438","attempt":1,"execution_mode":"live","outcome":"created","reason_code":"lead_created_authorized","duration_ms":1}
{"level":"info","time":"2026-09-19T04:49:46.366Z","service":"vantage-main-server","env":"development","msg":"granot_lifecycle.processing.completed","observability_level":"info","category":"mongo","workflow":"granot_lifecycle"}
{"level":"info","time":"2026-09-19T04:49:46.366Z","service":"vantage-main-server","env":"development","msg":"granot_lifecycle.processing.completed","receipt_id":"6aae…343d","observation_id":"6aae…343c","decision_id":"6aae…343e","attempt":1,"execution_mode":"live","outcome":"insufficient_creation_data","reason_code":"missing_creation_route_data","duration_ms":0}
{"level":"info","time":"2026-09-19T04:49:46.366Z","service":"vantage-main-server","env":"development","msg":"granot_lifecycle.processing.completed","observability_level":"info","category":"mongo","workflow":"granot_lifecycle"}
{"level":"info","time":"2026-09-19T04:49:46.367Z","service":"vantage-main-server","env":"development","msg":"granot_lifecycle.processing.completed","receipt_id":"6aae…3440","observation_id":"6aae…343f","decision_id":"6aae…3441","attempt":1,"execution_mode":"live","outcome":"insufficient_creation_data","reason_code":"missing_creation_route_data","duration_ms":0}
{"level":"info","time":"2026-09-19T04:49:46.367Z","service":"vantage-main-server","env":"development","msg":"granot_lifecycle.processing.completed","observability_level":"info","category":"mongo","workflow":"granot_lifecycle"}
{"level":"info","time":"2026-09-19T04:49:46.368Z","service":"vantage-main-server","env":"development","msg":"granot_lifecycle.processing.completed","receipt_id":"6aae…3443","observation_id":"6aae…3442","decision_id":"6aae…3447","attempt":1,"execution_mode":"live","outcome":"pending_match","reason_code":"pending_source_scoped_match","duration_ms":0}
{"level":"info","time":"2026-09-19T04:49:46.368Z","service":"vantage-main-server","env":"development","msg":"granot_lifecycle.processing.completed","observability_level":"info","category":"mongo","workflow":"granot_lifecycle"}
{"level":"info","time":"2026-09-19T04:49:46.369Z","service":"vantage-main-server","env":"development","msg":"granot_lifecycle.processing.completed","receipt_id":"6aae…3449","observation_id":"6aae…3448","decision_id":"6aae…344d","attempt":9,"execution_mode":"live_shadow","outcome":"unmatched","reason_code":"match_window_expired","duration_ms":0}
{"level":"info","time":"2026-09-19T04:49:46.369Z","service":"vantage-main-server","env":"development","msg":"granot_lifecycle.processing.completed","observability_level":"info","category":"mongo","workflow":"granot_lifecycle"}
{"level":"info","time":"2026-09-19T04:49:46.370Z","service":"vantage-main-server","env":"development","msg":"granot_lifecycle.processing.completed","receipt_id":"6aae…344f","observation_id":"6aae…344e","decision_id":"6aae…3454","attempt":1,"execution_mode":"live","outcome":"created","reason_code":"lead_created_authorized","duration_ms":1}
{"level":"info","time":"2026-09-19T04:49:46.370Z","service":"vantage-main-server","env":"development","msg":"granot_lifecycle.processing.completed","observability_level":"info","category":"mongo","workflow":"granot_lifecycle"}
{"level":"info","time":"2026-09-19T04:49:46.372Z","service":"vantage-main-server","env":"development","msg":"granot_lifecycle.processing.completed","receipt_id":"6aae…3459","observation_id":"6aae…3458","decision_id":"6aae…345d","attempt":1,"execution_mode":"live","outcome":"pending_match","reason_code":"pending_source_scoped_match","duration_ms":1}
{"level":"info","time":"2026-09-19T04:49:46.372Z","service":"vantage-main-server","env":"development","msg":"granot_lifecycle.processing.completed","observability_level":"info","category":"mongo","workflow":"granot_lifecycle"}
✔ Form q for a Granot-only name includes granot_contact_snapshot.name (30.9119ms)
✔ Form q for an ingested-only email includes ingested_contact_snapshot.email (1.1395ms)
✔ Form q for a typed phone substring hits live and snapshot phone paths (1.3625ms)
✔ Form q still hits job_no and ref_no (0.8655ms)
✔ Call q includes ingested and Granot snapshot contact paths (1.2019ms)
✔ empty q still pins ranked identity; explicit q still pins nothing (2.6024ms)
✔ Form item with a snapshot returns known_contacts.granot and live contact stays Form submitted (1.786ms)
✔ Form item without a snapshot omits known_contacts.granot (0.8496ms)
✔ listGranotLifecycleCaseCandidates Form q uses snapshot paths, excludes Duplicate/Bad, and maps known_contacts (13.7746ms)
✔ listGranotLifecycleCaseCandidates Call q uses snapshot paths and maps known_contacts (4.0861ms)
✔ listGranotLifecycleCaseCandidates Call q for Granot-only phone hits snapshot phone paths (17.4975ms)
﹣ [AC-18][AC-20][AC-35][AC-39] replica lifecycle reads leave aggregate and effect collection counts unchanged (4.2125ms) # Replica-set proof requires TEST_MODE=true before process start.
✔ [AC-35] Job path normalization rejects empty values (5.7291ms)
✔ [AC-35] the discrepancy queue still masks the contact it never asks anyone to call (0.67ms)
✔ an intake names the customer the Owner has to call, and falls back to how to reach them (0.4179ms)
✔ [AC-23] candidate ranking pins the suggested Lead, then high confidence, and is stable (1.604ms)
✔ intake case detail hands the Owner the whole contact, not an initial and four digits (0.467ms)
✔ [AC-20] [AC-36] [AC-40] timeline order is stable and evidence is not collapsed (14.6489ms)
✔ [AC-35] lifecycle DTO recursive guard rejects raw transport and credentials (0.9294ms)
✔ list deterministic booking exposes the official id and public-cancel eligibility (0.903ms)
✔ [AC-31] health flag names match the ten centralized lifecycle flags and do not promote effects (0.5308ms)
✔ [AC-37] due work includes expired claims and excludes unexpired claimed leases (0.7413ms)
✔ [AC-P7] list compact pairing matches the creating Booked class and omits Release rows (1.9921ms)
✔ [AC-P4][AC-P6][AC-P7] detail pairing includes later Priority 5 and is null for historical Priority 5 only (1.2332ms)
✔ [AC-R10] default intakes list is booking-only; kind=release still lists historical Release cases (0.6646ms)
✔ list latest_action uses booking-intake selection so later Priority 5 cannot win (0.8724ms)
✔ [AC-R3] pairing is omitted on a Release-only booking case (0.9962ms)
✔ [AC-R3] capabilities matrix follows spec §7 and hides Confirm Cancellation when commands are off (0.815ms)
{"level":"info","time":"2026-09-19T04:49:43.824Z","service":"vantage-main-server","env":"development","msg":"granot_lifecycle.queue.publish_skipped","receipt_id":"rece…skip","observation_channel":"granot_webhook"}
✔ [AC-35] publisher is skipped in the test runner and never sends a queue message (8.5866ms)
✔ [AC-02][AC-35] publisher sends exactly { receipt_id } when publishing is enabled (1.0297ms)
✔ [AC-35] publish failure is observed safely and does not throw (3.8105ms)
{"level":"info","time":"2026-09-19T04:49:43.833Z","service":"vantage-main-server","env":"development","msg":"granot_lifecycle.queue.published","receipt_id":"rece…pt-1","observation_channel":"granot_webhook"}
{"level":"error","time":"2026-09-19T04:49:43.835Z","service":"vantage-main-server","env":"development","msg":"granot_lifecycle.queue.publish_failed","error_code":"technical_failure","receipt_id":"rece…iled","observation_channel":"granot_webhook"}
{"level":"error","time":"2026-09-19T04:49:43.836Z","service":"vantage-main-server","env":"development","msg":"granot_lifecycle.queue.publish_failed","observability_level":"error","category":"queue","workflow":"granot_lifecycle_queue","entity_id":"receip...iled"}
✔ [AC-02][AC-35] hashes canonical credential-redacted JSON as lowercase SHA-256 hex (5.4948ms)
✔ [AC-35] reports removed credential-key counts only and never values (0.7428ms)
✔ [AC-35] leaves non-credential keys untouched and starts counts at zero (0.4643ms)
✔ [AC-02] identical redacted payloads produce the same hash and remain distinct receipts later (0.4808ms)
✔ [AC-02] received legacy processing translates to pending defaults only (0.5938ms)
✔ [AC-02] refused legacy processing statuses are not translated (0.4813ms)
✔ [AC-02][AC-35] legacy webhook fill uses 34.1 mapping, legacy_unknown, and count-only redaction (4.1307ms)
✔ channel filter excludes browser_extension and granot_http_automation receipts (24.9638ms)
✔ ref_no hits an Observation, a pending receipt fallback, and misses others (3.0498ms)
✔ job_no hits an Observation, a pending receipt fallback, and misses others (2.1467ms)
✔ name hits an Observation, a pending receipt fallback, and misses others (4.3875ms)
✔ phone hits an Observation, a pending receipt fallback, and misses others (52.0991ms)
✔ email hits an Observation, a pending receipt fallback, and misses others (1.9099ms)
✔ source_company_id and booking_action ignore pending receipts (10.1399ms)
✔ booking_action booked and release are distinct (4.1297ms)
✔ payload event_type cannot reroute route_event_class (9.7413ms)
✔ lead_created and priority_updated never return a booking action on the DTO (1.809ms)
✔ Owner list returns unmasked contact and credential-redacted granot_statement (1.3901ms)
✔ pending receipt and empty Observation phone or email fill from the redacted payload (1.4767ms)
✔ cursor page is stable newest-first (14.9906ms)
✔ intake_case_id joins the booking case by Job Number, including lead_created (0.756ms)
✔ empty find lists newest webhook receipts first (0.886ms)
✔ opaque cursor encoder matches the case-list keyset shape (0.5297ms)
﹣ [AC-28][AC-32] replica Referral creation is exact, lead-free, atomic, and replay-safe (2.8589ms) # Replica-set proof requires TEST_MODE=true before process start.
﹣ [AC-28] already-satisfied Referral evidence resolves without a second Booking (0.5926ms) # Replica-set proof requires TEST_MODE=true before process start.
﹣ [AC-28] existing Referral Booking supports official update and case-only No Action without a Lead (0.5462ms) # Replica-set proof requires TEST_MODE=true before process start.
﹣ [AC-28][AC-32] competing Owners converge and policy drift fails closed (0.5613ms) # Replica-set proof requires TEST_MODE=true before process start.
﹣ [AC-28][AC-32] Referral creation rolls back after every persisted boundary (0.6767ms) # Replica-set proof requires TEST_MODE=true before process start.
✔ [AC-28] Referral Booking exposes the canonical command name (3.9485ms)
✔ [AC-28] Referral Booking rejects non-Owner authority before storage access (1.9766ms)
﹣ [AC-21][AC-25][AC-32] Release No Action resolves only case and Command with exact replay (2.5205ms) # Replica-set proof requires TEST_MODE=true before process start.
﹣ [AC-21][AC-25][AC-32] Release Update Booking fully replaces official fields atomically (0.8192ms) # Replica-set proof requires TEST_MODE=true before process start.
﹣ [AC-21][AC-25][AC-26][AC-32] Confirm Cancellation writes one complete causal chain (0.6073ms) # Replica-set proof requires TEST_MODE=true before process start.
﹣ [AC-26][AC-32] a verified current Cancellation resolves already-satisfied without another effect (0.8918ms) # Replica-set proof requires TEST_MODE=true before process start.
﹣ [AC-25][AC-32] verified Referral Booking cancels without fabricating a Lead mirror (0.9384ms) # Replica-set proof requires TEST_MODE=true before process start.
﹣ Confirm Granot Cancellation succeeds on a Granot official Leadless Booking without a Lead mirror (0.924ms) # Replica-set proof requires TEST_MODE=true before process start.
﹣ [AC-21] all pairwise Release commands have exactly one case-revision winner (0.7258ms) # Replica-set proof requires TEST_MODE=true before process start.
﹣ [AC-32] Cancellation, update, and No Action roll back after every write boundary (0.9659ms) # Replica-set proof requires TEST_MODE=true before process start.
﹣ [AC-25][AC-32][AC-36] Release races converge, replay dedupes, and resolved rows advance max+1 (4.1576ms) # Replica-set proof requires TEST_MODE=true before process start.
﹣ [AC-25][AC-31][AC-32] refresh splits revisions and Decision failure rolls back create and refresh (0.6949ms) # Replica-set proof requires TEST_MODE=true before process start.
﹣ [AC-25][AC-29][AC-40] Booking and Release cases coexist without forbidden side effects (0.6442ms) # Replica-set proof requires TEST_MODE=true before process start.
{"level":"info","time":"2026-09-19T04:49:55.691Z","service":"vantage-main-server","env":"development","msg":"granot_lifecycle.release_case.opened","observability_level":"info","category":"booking","workflow":"granot_release_reconciliation"}
▶ Release Reconciliation classification
  ✔ [AC-25] active deterministic Booking opens Release review even without a Lead (9.1983ms)
  ✔ [AC-26] already officially cancelled Release is already-current and never a case (1.0471ms)
  ✔ [AC-27] missing Booking and exact identity conflicts route to the typed discrepancy seam (2.6156ms)
  ✔ [AC-40] ignores non-Release evidence and never contact-selects a Booking (0.6061ms)
✔ Release Reconciliation classification (25.3337ms)
▶ Release Reconciliation persistence
  ✔ [AC-25] atomically opens and refreshes one Release case with immutable opening Booking revision (9.493ms)
✔ Release Reconciliation persistence (9.7947ms)
{"level":"info","time":"2026-09-19T04:49:55.693Z","service":"vantage-main-server","env":"development","msg":"granot_lifecycle.release_case.refreshed","observability_level":"info","category":"booking","workflow":"granot_release_reconciliation"}
✔ [AC-35] lifecycle failure logs contain bounded codes and masked identifiers only (2.6182ms)
✔ [AC-30] foundation technical retry uses exact exponential cap and 0-25% jitter (2.4834ms)
✔ [AC-30] foundation pending-match offsets are absolute from captured_at (4.8388ms)
✔ [AC-30] foundation still-failed match at or after 24 hours is not scheduled (0.5079ms)
✔ [AC-30] foundation sync poll backoff stays bounded inside five seconds (1.8434ms)
✔ [AC-38] zero, multiple, inactive, and ambiguous runtime matches never pick a row or route (5.61ms)
✔ [AC-38] policy cache cannot serve a precommit snapshot (0.8547ms)
✔ [AC-09] Best Relocation Form same valid states select local; different select long-distance; invalid select none (1.7708ms)
✔ [AC-29] deferred Paid Overflow and Auto authorize no effect; payload type is not classification input (0.7732ms)
✔ [AC-04] ineligible Source Scope fails gates and provides no reassignment output (0.9567ms)
✔ gate evaluator snapshots every layer in stable order and maps deferred vs policy_blocked (31.435ms)
✔ [AC-28] reviewed Referral reconciliation treats absent Lead scope gates as not applicable (1.1745ms)
✔ source-policy suite never imports the Twilio adapter (1.347ms)
✔ twelve policy × effect outcomes are independent for link, enrich, create, and text (2.6789ms)
✔ a later store edit does not mutate an already-returned SourcePolicySnapshot (0.9802ms)
﹣ [AC-05][AC-07][AC-10][AC-11][AC-32] replica WordPress matched write is one causal transaction (8.7631ms) # Replica-set proof requires TEST_MODE=true before process start.
﹣ [AC-12] replica RingCentral Call qualified contact writes snapshot only (0.9157ms) # Replica-set proof requires TEST_MODE=true before process start.
﹣ [AC-12] replica Granot-created Form contact becomes current and keeps origin (1.2929ms) # Replica-set proof requires TEST_MODE=true before process start.
﹣ [AC-13] replica Agent fills only an empty receiver through one active match (0.5593ms) # Replica-set proof requires TEST_MODE=true before process start.
﹣ [AC-05] replica Bad Form stores Priority only and Duplicate never becomes a target (0.5461ms) # Replica-set proof requires TEST_MODE=true before process start.
﹣ [AC-07][AC-32] replica establish, attach, confirm, and duplicate-key race (0.6462ms) # Replica-set proof requires TEST_MODE=true before process start.
﹣ [AC-32] replica revision race has one winner and rolls back the losing transaction (0.6355ms) # Replica-set proof requires TEST_MODE=true before process start.
﹣ [AC-32] replica equal-time Observation tie-break admits only the greater ObjectId (0.5471ms) # Replica-set proof requires TEST_MODE=true before process start.
✔ [AC-32] command refuses shadow or disabled Lead writes before the executor (23.9514ms)
✔ [AC-32] command refuses a failed gate snapshot before the executor (1.1395ms)
✔ [AC-32] Granot command context requires the processor actor and webhook initiator (2.1313ms)
✔ receiver fill derives catalog name snapshot and set_at off the planner (1.6232ms)
✔ Changed in Granot ignores US country-code phone formatting (0.9675ms)
✔ Changed in Granot ignores email case and name capitalization (0.3244ms)
✔ Changed in Granot ignores Granot first/last split of a name-only form submit (0.5985ms)
✔ Changed in Granot stays true when Granot last name adds another person (0.2773ms)
✔ Changed in Granot stays true for a different person or reach path (0.3722ms)
✔ Call Lead synchronize persists Granot Contact Snapshot and leaves live phone unchanged (2.6104ms)
✔ [AC-07] trusted Granot Form validator may omit move_size and forces post_to_granot=false (9.9905ms)
✔ [AC-07] trusted Granot Form validator rejects caller override of post_to_granot (6.1735ms)
✔ [AC-07] trusted Granot Call validator allows Job Number without phone and forces post_to_granot=false (1.8271ms)
✔ [AC-07] trusted Granot validators reject public lifecycle metadata keys (4.2317ms)
✔ [AC-03][AC-05][AC-06][AC-29] shared lifecycle vocabulary remains exact (1.3526ms)
✔ Form duplicate classification isolates cutoff cohorts and exact granularities (30.8631ms)
✔ matched modern production duplicate outcome is preserved (0.537ms)
✔ Call duplicates use earlier non-duplicate anchors in inclusive 90-day exact-granularity window (0.5499ms)
✔ Form Fill is time-unbounded and Source Company scoped after Form classification (0.3328ms)
✔ classification fails closed without exact granularity (0.7961ms)
✔ manifest bytes and hash are stable for identical reviewed inputs (82.515ms)
✔ manifest identity is deterministic when the caller does not supply one (3.52ms)
✔ manifest parser rejects modified bytes (61.4321ms)
✔ rehearsal and production target guards fail closed (3.2712ms)
✔ migration context cannot be enabled outside the canonical local adapter (0.804ms)
✔ exact normalization applies NFKC, whitespace collapse, and case folding (3.109ms)
✔ agent parsing removes terminal metadata and preserves slash order (2.5208ms)
✔ agent parsing rejects repeated and unrecognized separators (0.8358ms)
✔ customer parsing preserves compound display text as one customer (0.5933ms)
✔ money parser uses cents and rejects blank, negative, and over-precision (1.1964ms)
✔ integer-cent allocations are exact for one, two, and three agents (1.5029ms)
✔ Eastern parser handles DST and the reviewed malformed-year correction (79.6862ms)
✔ Google serial dates are interpreted as Eastern wall-clock values (2.4749ms)
✔ planner produces a schema-valid deterministic manifest for a new source and form lead (186.6035ms)
✔ rollback restores exact values and unsets fields that were originally absent (19.1984ms)
✔ update validation accepts a production nested object path (4.6588ms)
✔ update validation rejects an unknown nested object path (0.9335ms)
✔ recurring source window starts at New York midnight on 2026-04-30 (6.1029ms)
✔ stable managed identity survives row reordering (8.1667ms)
✔ preview never repairs missing managed identities (1.3937ms)
✔ leased identity repair writes empty cells once and verifies read-back (3.0518ms)
✔ copied managed identities block repair instead of falling back to row number (1.3188ms)
✔ malformed managed identities block inspection (0.6829ms)
✔ identity repair never overwrites a value added after inspection (0.6488ms)
✔ identity repair uses atomic empty-cell replacement (0.8429ms)
✔ application plan is immutable and material changes alter its checksum (10.7576ms)
✔ unmatched booking becomes leadless plus one reconciliation conflict (7.5088ms)
✔ LID_BestRelo remains matching evidence and never becomes an action (23.9512ms)
✔ unmatched refund is blocking and cannot guess a cancellation (9.232ms)
✔ refund matches below the calibrated threshold never cancel (17.5618ms)
✔ review-only refund evidence does not consume a later corroborated match (11.9459ms)
✔ invalid source rows become isolated conflict actions (16.1856ms)
✔ three-way update permits only unchanged canonical source-owned fields (1.6881ms)
✔ persistence schemas enforce receipt uniqueness and required indexes (1.9518ms)
✔ ingestion run graph makes all terminal states immutable (0.628ms)
✔ heartbeat gates skip before source reads (1.1583ms)
✔ apply worker mutates domain state only through canonical commands (73.9406ms)
✔ read paths use readonly Sheets scope and repair has a separate writer (54.263ms)
✔ worker final and failure transitions remain lease-fenced (62.1443ms)
✔ pre-cutoff observations never enter the application plan (20.2881ms)
✔ refund application window uses Timestamp with exact half-open boundaries (11.6451ms)
✔ one new form lead and one linked refund map to single create actions (6.6318ms)
✔ identical evidence is classified unchanged across replans (3.8852ms)
✔ source evidence reappearance uses the applied baseline, not conflicts (0.3342ms)
✔ missing-source actions preserve canonical refs and never delete (0.5824ms)
✔ bootstrap adoption remaps creates to receipt-only adopt_existing (3.3536ms)
✔ bootstrap adopts nonduplicate calls using DST-aware persisted timestamps (16.9539ms)
✔ apply resumes from checkpoint without replaying successful actions (5.6517ms)
✔ adopt_existing Form Lead supplies the Booking lead_ref without creating a second Lead (3.5066ms)
✔ failed lead dependency blocks dependent booking and continues independently (5.1895ms)
✔ concurrent apply lease acquisition admits only one owner (0.3531ms)
✔ altered plan checksum is rejected before any mutation (3.8155ms)
✔ health signals alert on structural and growth thresholds (0.572ms)
✔ conflict resolve route delegates booking attach to canonical command (14.6187ms)
✔ ingestion route errors never expose provider or source details (0.9252ms)
✔ WordPress walk-back (50.3028ms)
✔ Lead updated headline omits changed paths (29.685ms)
✔ Granot-born (2.8423ms)
✔ Latest attempt only (1.4909ms)
✔ Granularity filter (0.7294ms)
✔ No contact match (1.201ms)
✔ Priority 5 is not Booked (1.8772ms)
✔ Case is not a Booking (2.1223ms)
✔ Equivalent Job Number (5.4556ms)
✔ Sheet Sync walk-back (1.8831ms)
✔ Sheet Sync after official Booking (4.3276ms)
✔ Unresolved Lead has no source-lead Sheet Sync (0.8391ms)
✔ orphan cancellation without snapshot is not a first-hop survivor (0.6633ms)
✔ Typed search not_found (0.3888ms)
✔ Typed equivalent search (0.7826ms)
✔ blank Job Number is invalid_job_number (0.23ms)
✔ assemble is a pure function over injected rows (1.9005ms)
✔ text policy skip is not applicable rather than attention (44.2105ms)
✔ open booking intake yields active stage and no official booking (34.2912ms)
✔ resolved finalizing booking case without fact yields attention (35.4604ms)
✔ ordinary booked job has no cancellation attention (4.7263ms)
✔ resolved release case without cancellation yields attention (2.6421ms)
✔ official cancellation determines cancelled outcome (4.5297ms)
✔ contradictory official chronology yields contradictory outcome (15.8905ms)
✔ synced sheet job still reports google destination unverified (14.7742ms)
✔ wordpress-born golden includes wordpress receipt limitation (10.8962ms)
✔ later Granot receipt does not clear wordpress receipt limitation (13.169ms)
✔ ringcentral-born golden bounds confidence with the cursor (2.9619ms)
✔ move completion and multi query appear only as limitations (3.3228ms)
✔ open cancellation intake does not become official cancelled outcome (1.9935ms)
✔ unresolved lead without official fact is unknown and lead unresolved (0.9984ms)
✔ snapshot-only cancellation is a found cancelled page (3.4682ms)
✔ orphan cancellation without snapshot yields orphan attention (1.2459ms)
✔ sheet sync pending too long uses the module default threshold (3.0797ms)
✔ terminal sheet failure yields sheet sync terminal failure (2.4106ms)
✔ disagreeing source scopes yield source scope conflict (1.8583ms)
✔ applied decision without entity change yields processing evidence gap (1.3622ms)
✔ applied decision linked by entity change decision id is not a processing evidence gap (1.785ms)
✔ Masking (46.9862ms)
✔ module WordPress walk-back matches assemble headlines (62.3302ms)
✔ module Granot-born (2.5749ms)
✔ module latest Decision attempt only (1.6031ms)
✔ module intake is not official Booking (1.478ms)
✔ module equivalent Job Number (2.4776ms)
✔ module Sheet Sync joins by entity ID (2.2017ms)
✔ module redacts contact, SMS body, and raw payloads (2.2961ms)
✔ module typed search not_found (0.7004ms)
✔ module company/granularity mismatch is filtered_out (0.7292ms)
✔ module without now still stamps assembled_at after reads (2.6714ms)
✔ module now sets assembled_at after reads (1.7806ms)
✔ bounded real timeline loader applies Mongo limit and timeout to every first-hop and downstream cursor (11.3646ms)
✔ bounded real loader rejects overflow at initial and later joins instead of publishing truncated evidence (122.8656ms)
✔ optional bound preserves existing unbounded Owner loader behavior and rejects nonsensical configuration (8.9984ms)
✔ normalizeTypedJobNo trims and uppercases (2.9373ms)
✔ jobsEquivalent treats letter prefix as the same Job Number (0.7103ms)
✔ recent official booking examples stay capped at three and newest book_date first (5.1458ms)
✔ recent official booking examples skip rows without a Job Number and never copy contact (0.7135ms)
✔ schema_version is job_timeline.v2 on ok pages (51.0412ms)
✔ source receipt and lead creation remain separate events (4.348ms)
✔ wordpress creation reports no invented receipt event (2.5488ms)
✔ timeline emits wordpress source_received only when the receipt exists (4.9154ms)
✔ dual clocks order by occurred time and preserve recorded time (37.3277ms)
✔ related receipt decision change and sheet rows share activity id (3.1273ms)
✔ activity grouping does not remove original evidence events (3.5262ms)
✔ orphan cancellation is not attached without durable job snapshot (2.1364ms)
✔ cancellation snapshot restores exact job correlation (1.7904ms)
✔ event cap returns explicit truncation limitation (125.4837ms)
✔ serialized v2 page contains no forbidden fields or contact (50.4253ms)
✔ golden pages cover origin and official-fact shapes (5.1825ms)
✔ skipped ringcentral ledger row is not a source receipt (0.9825ms)
✔ v1 fields remain populated on enhanced events (1.0218ms)
{"level":"info","time":"2026-09-19T04:50:00.701Z","service":"vantage-main-server","env":"development","msg":"lead_messaging.granot_created.already_sent","observationId":"6aae14786a56fc7cf429d50b"}
✔ Granot SMS gates evaluate every named gate and report the first blocker (2.8976ms)
✔ link_only never texts even when every other gate passes (0.4393ms)
✔ not_attested blocks even when outbound_sms.enabled is somehow true (0.2673ms)
✔ renderer substitutes allowlisted placeholders and always appends one opt-out (2.7654ms)
✔ sendGranotCreatedLeadConfirmation never throws and reports already_sent on duplicate key (5.3814ms)
✔ create_if_missing texting uses the resolved Lead Source ID and never looks up by label (5.6162ms)
✔ Twilio adapter stays un-called on gate decisions and persist/dispatch stubs (2.2457ms)
✔ link_only enrich path sends nothing even when persist/dispatch are provided (0.8763ms)
✔ replaying one observation twice yields at most one persist, bounded by identity (1.2742ms)
{"level":"info","time":"2026-09-19T04:50:00.710Z","service":"vantage-main-server","env":"development","msg":"lead_messaging.granot_created.blocked","observationId":"6aae14786a56fc7cf429d514","blockedReason":"source_policy_create_if_missing","leadModel":"FormLead"}
{"level":"info","time":"2026-09-19T04:50:00.712Z","service":"vantage-main-server","env":"development","msg":"lead_messaging.granot_created.blocked","observationId":"6aae14786a56fc7cf429d518","blockedReason":"source_policy_create_if_missing","leadModel":"FormLead"}
{"level":"info","time":"2026-09-19T04:50:00.713Z","service":"vantage-main-server","env":"development","msg":"lead_messaging.granot_created.already_sent","observationId":"6aae14786a56fc7cf429d51c"}
{"level":"error","time":"2026-09-19T04:50:00.977Z","service":"vantage-main-server","env":"development","err":{"type":"Error","message":"quiet-hours scheduling failed","stack":"Error: quiet-hours scheduling failed\n    at dispatch (C:\\Users\\Pinda\\Proyectos\\vantage\\vantage-main-server\\src\\services\\leadMessaging\\leadMessaging.service.test.ts:404:15)\n    at dispatchOrQueuePersistedLeadMessage (C:\\Users\\Pinda\\Proyectos\\vantage\\vantage-main-server\\src\\services\\leadMessaging\\leadMessaging.service.ts:274:44)\n    at TestContext.<anonymous> (C:\\Users\\Pinda\\Proyectos\\vantage\\vantage-main-server\\src\\services\\leadMessaging\\leadMessaging.service.test.ts:395:27)\n    at async Test.run (node:internal/test_runner/test:1332:7)\n    at async Test.processPendingSubtests (node:internal/test_runner/test:911:7)"},"msg":"lead_messaging.post_persist_dispatch_failed","leadMessageId":"6aae14780c2679d6ada5930f","leadId":"6aae14780c2679d6ada59311"}
✔ confirmation builder retains the approved server-side copy (4.8264ms)
✔ confirmation builder derives the first name from a combined name (1.1959ms)
✔ overnight deferral stays off until quiet hours are explicitly enabled (0.7246ms)
✔ form-lead SMS send input defers overnight Eastern traffic to 8:00 AM via Twilio (1.3906ms)
✔ Twilio schedule window rejects sendAt values Twilio would 400 (1.5122ms)
✔ overnight deferral fails closed when the Messaging Service SID is missing (1.0061ms)
✔ SMS destinations are normalized to E.164 when safely possible (0.609ms)
✔ disabled mode is a dispatch-time kill switch (21.6946ms)
✔ test mode is also enforced at dispatch time (1.0251ms)
✔ intent persistence gates strictly on parsed true consent (2.7182ms)
✔ duplicate, disabled, and test modes cannot send (1.0814ms)
✔ Granot persist shape shares one capacity reservation and does not require form consent (9.1724ms)
✔ destination policy decisions persist as non-retryable skips (1.766ms)
✔ 429 and definite connection failures are retryable (0.6856ms)
✔ ambiguous timeouts are never automatically retried (0.4038ms)
✔ retry budget stops automatic retries (0.3045ms)
✔ status callbacks do not regress or replace terminal outcomes (0.3361ms)
✔ scheduled provider status can advance to queued, sent, or failed (0.2346ms)
✔ post-persist dispatch never rejects the form-lead create path (16.24ms)
{"level":"error","time":"2026-09-19T04:50:00.989Z","service":"vantage-main-server","env":"development","err":{"type":"Error","message":"event write failed after Twilio accepted","stack":"Error: event write failed after Twilio accepted\n    at dispatch (C:\\Users\\Pinda\\Proyectos\\vantage\\vantage-main-server\\src\\services\\leadMessaging\\leadMessaging.service.test.ts:423:15)\n    at dispatchOrQueuePersistedLeadMessage (C:\\Users\\Pinda\\Proyectos\\vantage\\vantage-main-server\\src\\services\\leadMessaging\\leadMessaging.service.ts:274:44)\n    at TestContext.<anonymous> (C:\\Users\\Pinda\\Proyectos\\vantage\\vantage-main-server\\src\\services\\leadMessaging\\leadMessaging.service.test.ts:414:33)\n    at async Test.run (node:internal/test_runner/test:1332:7)\n    at async Test.processPendingSubtests (node:internal/test_runner/test:911:7)"},"msg":"lead_messaging.post_persist_dispatch_failed","leadMessageId":"6aae14780c2679d6ada5930f","leadId":"6aae14780c2679d6ada59312"}
✔ midnight through 6:59 AM Eastern defers to 8:00 AM the same Eastern day (3.3434ms)
✔ 7:00 AM Eastern and later send immediately (0.8617ms)
✔ immediate Twilio payloads keep the existing from-number send shape (4.5916ms)
✔ scheduled Twilio payloads require a Messaging Service and use fixed sendAt (2.8494ms)
✔ status callback validation uses the exact configured URL and primary token (3.6379ms)
✔ builds signed-callback-compatible TwiML that forwards to RingCentral (144.1655ms)
✔ defaults forwarding to the Vantage RingCentral number (1.0985ms)
✔ rejects a forwarding loop (5.1279ms)
✔ completed callback hangs up the parent call (1.1586ms)
✔ lead source catalog seeds legacy companies and resolves granularities (35.1841ms)
✔ all legacy source labels resolve through the lead source catalog (8.3591ms)
✔ lead source catalog seeds production and test databases independently (3.2367ms)
{"level":"info","time":"2026-09-19T04:50:03.568Z","service":"vantage-main-server","env":"development","msg":"call_lead.create.sheet_sync.disabled","resource":"source_lead","leadModel":"CallLead","leadId":"507f1f77bcf86cd799439011"}
✔ rememberBothCallSheetTabsForTombstone includes Calls and Duplicate Calls fallbacks (12.6129ms)
✔ rememberBothCallSheetTabsForTombstone preserves known rows from sheet_sync (1.71ms)
✔ completeCallLeadIngestion records lead.call.created after commit and skips form-fill when false (9.5348ms)
✔ completeCallLeadIngestion records form-fill only when Form Fill is true (2.0357ms)
✔ completeCallLeadIngestion reports missing CPL after the write, not as a CRM post (8.9212ms)
✔ Admin and Best Relocation origins never set Duplicate Lead; public ingest is vantage_admin (1.6ms)
✔ [AC-12] RingCentral Call provenance is ringcentral, quoted false, transport stays nested (0.9224ms)
✔ correctCallLead refuses Duplicate Lead on a Booked Call Lead (3.2557ms)
{"level":"info","time":"2026-09-19T04:50:03.573Z","service":"vantage-main-server","env":"development","msg":"lead.call.created","observability_level":"info","category":"lead","workflow":"call_lead_create","source_company":"tbm_leads","entity_id":"507f1f77bcf86cd799439011"}
{"level":"info","time":"2026-09-19T04:50:03.577Z","service":"vantage-main-server","env":"development","msg":"call_lead.create.sheet_sync.disabled","resource":"source_lead","leadModel":"CallLead","leadId":"507f1f77bcf86cd799439011"}
{"level":"info","time":"2026-09-19T04:50:03.577Z","service":"vantage-main-server","env":"development","msg":"lead.call.created","observability_level":"info","category":"lead","workflow":"call_lead_create","source_company":"tbm_leads","entity_id":"507f1f77bcf86cd799439011"}
{"level":"info","time":"2026-09-19T04:50:03.577Z","service":"vantage-main-server","env":"development","msg":"lead.call.form_fill_detected","observability_level":"info","category":"lead","workflow":"call_lead_create","source_company":"tbm_leads","entity_id":"507f1f77bcf86cd799439011"}
{"level":"info","time":"2026-09-19T04:50:03.579Z","service":"vantage-main-server","env":"development","msg":"call_lead.create.sheet_sync.disabled","resource":"source_lead","leadModel":"CallLead","leadId":"507f1f77bcf86cd799439011"}
{"level":"error","time":"2026-09-19T04:50:03.580Z","service":"vantage-main-server","env":"development","msg":"lead.cpl.missing_rate","observability_level":"error","category":"lead","workflow":"lead_cpl_resolution","source_company":"tbm_leads","entity_id":"507f1f77bcf86cd799439011"}
{"level":"info","time":"2026-09-19T04:50:03.580Z","service":"vantage-main-server","env":"development","msg":"lead.call.created","observability_level":"info","category":"lead","workflow":"call_lead_create","source_company":"tbm_leads","entity_id":"507f1f77bcf86cd799439011"}
✔ correctCallLead maps a missing receiver agent to 404 (58.8503ms)
✔ correctCallLead skips Sheet Sync when nothing material changed (2.175ms)
✔ listRecentCallLeads keeps a Duplicate Lead in the last 200 (0.9719ms)
✔ removeCallLead refuses a Booked Call Lead without cascade (0.7704ms)
✔ refuseToMarkABookedCallAsDuplicate does not mention no_sync (13.8482ms)
✔ correctCallLead does not throw ConflictError when marking no_sync on booked or duplicate (1.8323ms)
✔ Admin Call create stamps no_sync from origin and skips call_lead.create outbox when true (26.8973ms)
✔ Admin Call omit stamps no_sync true; RingCentral client true stamps false (15.7088ms)
✔ CallLead schema defaults no_sync to false so missing-field documents stay syncable (0.4321ms)
✔ begin remembers Sheet Sync before commit; complete dispatches and records owner events (58.724ms)
✔ form duplicate check matches an earlier lead by email within exact granularity (7.6961ms)
✔ form duplicate check matches existing lead by phone within exact granularity (0.9837ms)
✔ form duplicate check does not fall back from exact granularity to company (2.8364ms)
✔ form duplicate check allows single identifier duplicate matches (0.5866ms)
✔ form duplicate check ignores regex candidates that fail exact phone verification (0.8124ms)
✔ form duplicate check skips lookup when no usable identifier exists (0.6051ms)
✔ findFormLeadForEnrichment does not return a Duplicate Lead (4.1531ms)
✔ findFormLeadForEnrichment is not found when the Form Lead is missing (0.9625ms)
✔ correctFormLead refuses quoted and cubic feet on a Duplicate Lead (1.6386ms)
✔ refuseIllegalCorrections does not mention no_sync (24.9629ms)
✔ correctFormLead does not throw ConflictError when marking no_sync on booked, duplicate, or bad (2.208ms)
✔ correctFormLead refuses Bad Lead on duplicate, Booked, or Cancelled (1.5706ms)
✔ removeFormLead refuses a Booked Form Lead without cascade (1.0995ms)
✔ [AC-10] WordPress and Admin Form create paths derive exact origins (0.7988ms)
✔ Admin Form create omit stores no_sync true and skips form_lead.create outbox (7.6795ms)
✔ Admin Form omit stamps no_sync true; opt-in false and WordPress client true stamp correctly (45.3427ms)
✔ FormLead schema defaults no_sync to false so missing-field documents stay syncable (0.9473ms)
✔ [AC-10] Form updates cannot carry internal snapshot or origin fields (1.457ms)
✔ lead CPL resolution uses the stored Eastern business calendar day (3.1394ms)
✔ duplicate Call Lead snapshots retain base-period evidence at zero (1.2343ms)
✔ missing rates remain compatibility zero with a cleared period reference (1.4362ms)
✔ [AC-10] Form origin derivation uses trusted entry points and fails closed (4.0942ms)
✔ [AC-12] Call origin derivation uses trusted entry points and fails closed (0.4904ms)
✔ [AC-10] [AC-11] creation provenance captures ingested snapshots with trusted now (2.4141ms)
✔ [AC-12] Call creation provenance forces quoted false and captured_at_ingestion (1.6364ms)
✔ noSyncOnCreate defaults true for vantage_admin and ignores other-origin client true (0.6294ms)
✔ [AC-07] omitForbiddenLeadLifecycleFields strips internal metadata from updates (0.414ms)
✔ deriveLocal is local only when both states match (2.1914ms)
✔ deriveFormLeadLocal treats not_found on either side as a Local Move (0.4873ms)
✔ deriveFormLeadLocal still classifies two known states (0.5813ms)
✔ normalizeState keeps the not_found sentinel and uppercases codes (0.4706ms)
﹣ [AC-10] [AC-11] replica WordPress Form create captures origin and snapshots atomically (2.929ms) # Replica-set proof requires TEST_MODE=true before process start.
﹣ [AC-10] replica Form origin/snapshot insert rolls back with the Lead (0.6512ms) # Replica-set proof requires TEST_MODE=true before process start.
﹣ [AC-12] replica RingCentral Call create captures origin, quoted false, and rolls back atomically (0.5172ms) # Replica-set proof requires TEST_MODE=true before process start.
✔ lead source assignment persists owner-created registry sources (2.9374ms)
✔ lead source assignment retries a valid fallback alias after exact lookup misses (0.7886ms)
✔ classifies a different legacy source company as conflict (1.7355ms)
✔ classifies a genuinely unassigned Lead as unassigned (0.5558ms)
✔ receipt exists before Lead create on the authorized path (4.4697ms)
✔ duplicates collapse on the idempotency key (2.6421ms)
✔ unauthorized or keyless WordPress create does not write a receipt (1.0898ms)
✔ unattached receipt refuses a second Lead create (1.4741ms)
✔ attach failure does not leave a creatable second Lead (1.6523ms)
✔ capture failure aborts Lead create (2.2008ms)
✔ seed catalog has unique Granot Carrier Codes and DOTs (1.8715ms)
✔ seed plan sets missing codes and leaves matching codes alone (1.3564ms)
✔ carrier normalization collapses whitespace and lowercases names (4.6609ms)
✔ carrier CSV parser normalizes headers and rejects duplicate compound identities (2.0218ms)
✔ carrier CSV parser rejects duplicate Granot Carrier Codes (0.7175ms)
✔ carrier list defaults to active rows and applies q across searchable fields (5.3325ms)
✔ patch import creates missing carriers and reactivates changed existing carriers (3.2009ms)
✔ replace import deactivates active carriers missing from the uploaded CSV (0.9009ms)
✔ phone classification: external, company DID, extension, withheld, service code, malformed (3.8699ms)
✔ provider account resolution never fabricates or silently picks between accounts (2.3501ms)
✔ window start honors the twelve-hour floor and the cursor overlap (0.8438ms)
✔ coverage: complete rolling window advances cursor and watermark, closes covered gaps (1.5829ms)
✔ coverage: partial page failure never advances complete-through and records the missing range (4.732ms)
✔ coverage: gap repair removes a repaired gap, narrows a partially repaired one, and never drops gaps past the bound (1.9ms)
✔ import boundary: numberActivity never imports qualification, ingest, convergence or Lead write services (9.9003ms)
✔ normalizeDirectory reduces provider records to the snapshot shape deterministically; digest is order-independent (9.4162ms)
✔ fetcher issues the documented account, extension, phone-number and call-queue reads over the shared client (1.118ms)
✔ capture-projection dedupe key is the provider uuid, falling back to the receipt id only when the uuid is absent (7.288ms)
✔ queue topic is env-scoped and never published from a test runner (4.0796ms)
✔ fan-out: flag off means no job and no publish; a non-durable receipt is skipped honestly (4.0442ms)
{"level":"warn","time":"2026-09-19T04:50:12.637Z","service":"vantage-main-server","env":"development","msg":"sales_intelligence.capture.fanout.enqueue_timeout","receiptId":"6aae1484f84f835eeed6e1e0","timeoutMs":20}
✔ fan-out: the acknowledgement waits a bounded time for the job transaction; a slow transaction is reported, not awaited forever (47.391ms)
✔ fan-out: job is durable before publish; publish failure keeps the enqueued job; enqueue failure is bounded (2.6387ms)
✔ publish wake-up: gated, best-effort, never throws (2.3669ms)
✔ wake-up payload is exactly { job_id } with a 24-hex id (20.6464ms)
✔ worker: unclaimable job (completed, leased elsewhere, foreign stage) does nothing (2.8007ms)
✔ worker: loads the stored receipt, passes the job id as request_id, completes with a bounded per-session result (4.9723ms)
✔ worker: deterministic per-session failures (account_unresolved) complete the job with the error visible; retryable ones retry with partial result (12.2339ms)
✔ worker: missing receipt is schema_invalid (bounded retries), lease loss during completion is reported not retried (2.3407ms)
{"level":"error","time":"2026-09-19T04:50:12.656Z","service":"vantage-main-server","env":"development","msg":"sales_intelligence.capture.fanout.enqueue_failed","receiptId":"6aae1484f84f835eeed6e1e5","errorName":"Error","errorCode":null}
{"level":"error","time":"2026-09-19T04:50:12.658Z","service":"vantage-main-server","env":"development","msg":"sales_intelligence.queue.publish_failed","jobId":"6aae1484f84f835eeed6e1e7","errorName":"Error"}
{"level":"warn","time":"2026-09-19T04:50:12.702Z","service":"vantage-main-server","env":"development","msg":"sales_intelligence.capture.projection.lease_lost","jobId":"6aae1484f84f835eeed6e1f3"}
✔ terminal party statuses stay in parity with the qualification evaluator (3.6365ms)
✔ inbound queue call projects all directions of evidence: parties, connection, terminal, external number (17.7863ms)
✔ duplicate webhook delivery is a semantic no-op: no revision, fenced per party (56.1247ms)
✔ one party's sequence never suppresses another party in the same delivery (2.2706ms)
✔ out-of-order and late events never regress terminal or connected facts (1.9584ms)
✔ Call Log is authoritative: result/duration survive a late webhook terminal event (4.6521ms)
✔ identical Call Log replay and older lastModifiedTime never create a new revision or regress facts (9.3024ms)
✔ transfer with multiple recordings keeps every leg and recording, counted once as one interaction (2.3235ms)
✔ delayed recording evidence after terminal is surfaced as new recording ids (1.5713ms)
✔ voicemail is provider evidence; connected is not human; outbound unanswered stays unknown (4.0683ms)
✔ internal, withheld and malformed observations keep provider evidence without a customer identity (2.8072ms)
✔ review fix: an unknown short caller id is malformed, never a fabricated extension that makes a customer call Internal (21.8852ms)
✔ review fix: a party event missing `direction` does not turn an outbound customer call into a sticky Internal (8.0684ms)
✔ review fix: a stale Call Log record never regresses leg-level result or duration (1.2091ms)
✔ review fix: legs_overflow_count is monotone across records and not double counted on merge (7.5186ms)
✔ session-id only Call Log record resolves to fallback identity and gains the strongest basis when bridged (2.6452ms)
✔ Call Log first, webhook later: the extension party is adopted, not duplicated (1.7699ms)
✔ mergeProjections requires same account and folds evidence without dropping recordings (3.6412ms)
✔ no directory snapshot keeps roles unknown instead of guessing (0.8202ms)
✔ parseSearchTerm: e164, suffix, term and formatting (3.8064ms)
✔ term regex characters are escaped and anchored as a prefix (5.1501ms)
✔ number cursor round trip; garbage is INVALID_INPUT (6.6227ms)
✔ buildNumberSearchFilter: hygiene, attachment, range, term and keyset cursor (3.5514ms)
✔ timeline total order: happened_at desc, kind asc, id desc; isAfterCursor is strict (5.787ms)
✔ keysetAfterCursor mirrors isAfterCursor for a fixed kind (1.0587ms)
✔ mergeTimeline: k-way merge, dedupe on (kind,id), cursor only when more remain (2.0049ms)
✔ NUMBER_DTO_FIXTURES parse against their schemas; CSI-01 detail data is a subset of the CSI-04 detail data (43.0664ms)
✔ recount replays stored canonical interactions through the CSI-02 counting rules and derives search terms from evidence only (35.1468ms)
✔ recount is idempotent: recounting the rebuilt fields yields the same fields; a fresh recount equals incremental rollups (12.5015ms)
✔ incident severity comparison ranks critical above error and warn (2.4796ms)
✔ event filter keeps exact-match fields exact (5.2447ms)
✔ event filter matches lead name partially and case-insensitively (0.822ms)
✔ event filter escapes regex metacharacters in lead inputs (0.6578ms)
✔ event filter matches phone digits across formatting (0.8923ms)
✔ event filter supports partial phone digit search (0.7793ms)
✔ event filter builds date window and text search (2.562ms)
✔ facets query schema coerces dates and strips unknown params (1.2594ms)
✔ incident filter applies partial lead matching and q regex OR (21.8004ms)
✔ fingerprint is deterministic for the same inputs (2.1016ms)
✔ fingerprint differs by event key and environment (0.6167ms)
✔ explicit dedupeKey takes precedence over composed fields (0.3359ms)
✔ normalized error messages group transient differences (0.6582ms)
✔ dedupe key is human-readable and stable (0.3989ms)
✔ returns all-null for missing identity (2.8843ms)
✔ trims name/phone and lowercases email (0.5235ms)
✔ empty strings become null (0.2942ms)
✔ returns empty object for nullish or non-object details (4.8426ms)
✔ truncates long strings to 500 characters with ellipsis (1.0779ms)
✔ collapses oversized arrays and deep objects (0.6736ms)
✔ normalizes dates and drops unsupported values (19.6894ms)
✔ replaces details exceeding byte budget with a truncation marker (0.995ms)
✔ canonicalize sorts object keys and serializes dates deterministically (3.263ms)
✔ result hash is stable for identical inputs regardless of key order (1.2441ms)
✔ result hash changes when result data changes (0.5308ms)
✔ isOperationalReportKey validates known keys (0.4556ms)
✔ registry denies exact IDs and normalized Google spreadsheet URLs (4.0269ms)
✔ production registry fails closed when required registration is absent (1.062ms)
✔ spreadsheet normalization is strict and masking does not expose IDs (0.6067ms)
✔ registration groups compose without mutable global state (0.3938ms)
✔ Stage 2 registers both ingestion sources as production-required (0.4612ms)
✔ registry agent list excludes inactive rows by default (11.5477ms)
✔ registry merchant list supports include_inactive (1.505ms)
{"level":"info","time":"2026-09-19T04:50:15.183Z","service":"vantage-main-server","env":"development","msg":"cpl_correction.completed","observability_level":"info","category":"admin","workflow":"cpl_correction","entity_id":"6aae14874003669d3e005b9c"}
✔ computeCplCorrectionPreviewHash is stable for normalized selection and impact (5.868ms)
✔ previewCplCorrection returns deterministic hash and bounded sample (4.7116ms)
✔ preview hashes full Lead state and reports full counts beyond its sample (3.119ms)
✔ Form duplicate flags do not invoke Call duplicate-zero CPL semantics (1.9704ms)
✔ createCplCorrection rejects stale preview hash (42.9733ms)
✔ createCplCorrection rejects changed schedule revision (1.1565ms)
✔ createCplCorrection commits audit metadata without lead payloads (5.2811ms)
✔ correction jobs exclude Leads inserted after the reviewed preview (11.7341ms)
✔ correction jobs fail visibly when reviewed Lead state changes (4.3767ms)
✔ correction jobs fail when a reviewed Lead disappears (4.2508ms)
✔ processCplCorrectionBatch resumes after expired lease (3.3518ms)
✔ overlapping workers do not double-correct the same lead (2.3271ms)
✔ re-entering a completed batch is a no-op (2.0609ms)
✔ cancellation stops future batches without corrupting completed work (4.3479ms)
✔ partial failure records failed count and resumes remaining leads (15.3778ms)
✔ analytics invalidation seam fires once after successful completion with changes (2.555ms)
✔ analytics handoff failure does not downgrade completed corrections (2.7513ms)
✔ normalizeCplCorrectionSelection converts inclusive business dates (1.8939ms)
✔ correction windows query pseudo-UTC Lead timestamps across DST (2.983ms)
{"level":"warn","time":"2026-09-19T04:50:15.189Z","service":"vantage-main-server","env":"development","msg":"cpl_correction.lead_failed","observability_level":"warn","category":"admin","workflow":"cpl_correction","entity_id":"6aae14874003669d3e005b9d"}
{"level":"error","time":"2026-09-19T04:50:15.194Z","service":"vantage-main-server","env":"development","msg":"cpl_correction.reviewed_target_missing","observability_level":"error","category":"admin","workflow":"cpl_correction","entity_id":"6aae14874003669d3e005b9e"}
{"level":"info","time":"2026-09-19T04:50:15.197Z","service":"vantage-main-server","env":"development","msg":"cpl_correction.progress","observability_level":"info","category":"admin","workflow":"cpl_correction","entity_id":"6aae14874003669d3e005b9f"}
{"level":"info","time":"2026-09-19T04:50:15.198Z","service":"vantage-main-server","env":"development","msg":"cpl_correction.completed","observability_level":"info","category":"admin","workflow":"cpl_correction","entity_id":"6aae14874003669d3e005b9f"}
{"level":"info","time":"2026-09-19T04:50:15.200Z","service":"vantage-main-server","env":"development","msg":"cpl_correction.completed","observability_level":"info","category":"admin","workflow":"cpl_correction","entity_id":"6aae14874003669d3e005ba0"}
{"level":"info","time":"2026-09-19T04:50:15.203Z","service":"vantage-main-server","env":"development","msg":"cpl_correction.completed","observability_level":"info","category":"admin","workflow":"cpl_correction","entity_id":"6aae14874003669d3e005ba1"}
{"level":"info","time":"2026-09-19T04:50:15.205Z","service":"vantage-main-server","env":"development","msg":"cpl_correction.progress","observability_level":"info","category":"admin","workflow":"cpl_correction","entity_id":"6aae14874003669d3e005ba2"}
{"level":"info","time":"2026-09-19T04:50:15.206Z","service":"vantage-main-server","env":"development","msg":"cpl_correction.cancelled","observability_level":"info","category":"admin","workflow":"cpl_correction","entity_id":"6aae14874003669d3e005ba2"}
{"level":"warn","time":"2026-09-19T04:50:15.221Z","service":"vantage-main-server","env":"development","msg":"cpl_correction.lead_failed","observability_level":"warn","category":"admin","workflow":"cpl_correction","entity_id":"6aae14874003669d3e005ba3"}
{"level":"info","time":"2026-09-19T04:50:15.221Z","service":"vantage-main-server","env":"development","msg":"cpl_correction.progress","observability_level":"info","category":"admin","workflow":"cpl_correction","entity_id":"6aae14874003669d3e005ba3"}
{"level":"info","time":"2026-09-19T04:50:15.222Z","service":"vantage-main-server","env":"development","msg":"cpl_correction.completed","observability_level":"info","category":"admin","workflow":"cpl_correction","entity_id":"6aae14874003669d3e005ba3"}
{"level":"info","time":"2026-09-19T04:50:15.225Z","service":"vantage-main-server","env":"development","msg":"cpl_correction.completed","observability_level":"info","category":"admin","workflow":"cpl_correction","entity_id":"6aae14874003669d3e005ba4"}
{"level":"info","time":"2026-09-19T04:50:15.227Z","service":"vantage-main-server","env":"development","msg":"cpl_correction.completed","observability_level":"info","category":"admin","workflow":"cpl_correction","entity_id":"6aae14874003669d3e005ba5"}
{"level":"error","time":"2026-09-19T04:50:15.228Z","service":"vantage-main-server","env":"development","msg":"cpl_correction.analytics_handoff_failed","observability_level":"error","category":"admin","workflow":"cpl_correction","entity_id":"6aae14874003669d3e005ba5"}
✔ dollarsToCents accepts canonical non-negative precision (3.7821ms)
✔ dollarsToCents rejects negatives, unsafe values, and more than two decimals (2.6978ms)
✔ business dates convert New York local midnight across spring DST (3.5978ms)
✔ business dates convert New York local midnight across fall DST (0.6236ms)
✔ owner inclusive end converts to next local midnight exclusive (0.5847ms)
✔ business date conversion rejects malformed and impossible dates (0.4862ms)
✔ active schedule validation accepts contiguous periods and explicit zero (2.6873ms)
✔ active schedule validation rejects gaps, overlaps, and missing open end (2.8603ms)
✔ inactive schedules may be incomplete but remain ordered and non-overlapping (1.7496ms)
✔ simple construction ignores unchanged rates and preserves future periods (3.3374ms)
✔ simple construction splits history and replaces future coverage (2.8337ms)
✔ advanced operations add, split, correct, and replace schedules (5.5969ms)
✔ resolver uses inclusive start and exclusive end business timestamp (1.7112ms)
✔ resolver distinguishes missing, duplicate zero, and not applicable (0.6298ms)
✔ advanced command returns safe stale revision state without writes (2.9133ms)
✔ simple command validates every changed granularity before writing atomically (4.0624ms)
✔ simple command ignores unchanged rows and increments changed rows once (2.6263ms)
✔ simple command ignores an unchanged row without revision comparison (0.8083ms)
✔ CplRatePeriod model declares the three schedule lookup indexes (1.42ms)
✔ toSmsView defaults a missing policy to off and not attested (6.4748ms)
✔ setGranotCrmSourceOutboundSms rejects non-owners and not_attested enable (6.4615ms)
✔ listRecentGranotCrmSourceSms never returns a message body (0.752ms)
✔ enabling SMS is rejected unless lead_created_policy is create_if_missing (1.6867ms)
✔ editing a template increments template_version and leaves enabled false (1.7258ms)
✔ RegistryError exposes stable registry_code and remediation in HTTP body (3.7054ms)
✔ RegistryError maps registry codes to app log codes without changing legacy error field (0.5079ms)
✔ [AC-38] automation reference write is audited and invalidates caches only after commit (10.1306ms)
✔ [AC-38] replay of the same automation reference is a no-op write (1.9437ms)
✔ [AC-38] audit failure leaves the automation reference unapplied (11.5583ms)
✔ Admin actors cannot write automation references (1.5171ms)
✔ Admin and missing-reason actors cannot mutate Granot CRM source policy (6.651ms)
✔ [AC-38] Owner create validates inside the transaction and pairs one sanitized granot_crm_source audit (7.7283ms)
✔ [AC-38] audit failure rolls back mutation and does not invalidate caches (3.1447ms)
✔ duplicate request IDs remain a stable replay conflict (7.4337ms)
✔ inactive or mismatched references fail closed and do not write (2.0191ms)
✔ setGranotCrmSourceLifecycleEnabled reuses the audited Owner command (2.9431ms)
✔ read-after-write does not return a cached precommit policy projection (1.1583ms)
﹣ [AC-38] replica-set create commits mutation and audit together then invalidates caches (1.6797ms) # Replica-set proof requires TEST_MODE=true before process start.
✔ changing lead_created_policy away from create_if_missing turns SMS off on the stored document (3.4621ms)
✔ normalizeSourceLabel applies NFKC (11.4052ms)
✔ normalizeSourceLabel collapses internal whitespace (6.5842ms)
✔ normalizeSourceLabel trims (1.1784ms)
✔ normalizeSourceLabel lowercases (0.6743ms)
✔ normalizeSourceLabel folds full-width characters (0.8655ms)
✔ normalizeSourceLabel collapses a non-breaking space (0.7085ms)
✔ create rejects a client-supplied normalized_label (3.0569ms)
✔ create rejects a change_reason shorter than 10 or longer than 1000 (1.0535ms)
✔ create validation order: Feed exists, belongs to Lead Source, is active, then collision (6.9535ms)
✔ unique index is defined separately from the service collision check (1.921ms)
✔ create writes through the registry audit trail (1.8465ms)
✔ there is no in-place destination edit; correction is deactivate then create (2.5852ms)
✔ schema validation rejects a mismatched normalized_label (50.39ms)
✔ schema validation rejects post-create changes to destination fields (31.8754ms)
✔ resolveLabelToFeed returns not_found without throwing (1.4166ms)
✔ resolveLabelToFeed returns ambiguous when two active mappings collide (0.7596ms)
✔ listLabelMappings filters by Feed, Lead Source, and namespace (0.6666ms)
✔ consultStaticSourceLabelMap increments the instrumented counter (0.5224ms)
✔ derives company_slug and granularity_key like paid_overflow (4.8071ms)
✔ creates one inactive lead source and feed and returns the readiness plan (18.6674ms)
✔ skippable Granot still creates a valid inactive lead source and feed (3.1101ms)
✔ collision on company_slug writes nothing (8.0589ms)
✔ crm_label collision against an active same-channel feed writes nothing (32.0521ms)
✔ alias collision names both sides and writes nothing (3.4656ms)
✔ granot label collision writes nothing (2.6492ms)
✔ mid-transaction feed failure leaves none of the three (1.7554ms)
✔ Paid Overflow-shaped setup creates a new first-class feed and leaves paid_overflow alone (1.5814ms)
✔ preview runs the same validation and writes nothing (1.792ms)
✔ preview reports every collision type without writing (2.2679ms)
✔ translation table maps handling and arrival policy exactly (3.4671ms)
✔ one_feed create is inactive, SMS-off, one any route, lead_model derived from the Feed (8.5498ms)
✔ one_feed Call Feed derives CallLead (28.1348ms)
✔ Owner create accepts an inactive Feed on an inactive Lead Source as a draft (2.3532ms)
✔ submitted lead_source_id that disagrees with the Feed is rejected naming both sides (23.6021ms)
✔ watch_only with a non-null destination is rejected (1.062ms)
✔ duplicate normalized name is rejected before write (1.0427ms)
✔ short reason is rejected after the name check (0.5874ms)
✔ form_by_move_type with two Call Feeds is rejected (1.1638ms)
✔ form_by_move_type with two local Feeds is rejected (1.4565ms)
✔ form_by_move_type with the same Feed twice is rejected (0.7856ms)
✔ form_by_move_type with Feeds from different Lead Sources is rejected (1.4172ms)
✔ form_by_move_type writes two FormLead routes keyed by move type (20.6191ms)
✔ referral_booking translates to referral disposition and observation_only (2.4535ms)
✔ watch_only translates to deferred and observation_only (1.3473ms)
✔ non-Owner actors cannot create a Granot name (1.702ms)
✔ banned-term constant is the shared six-term list (3.7817ms)
✔ ORS-3 detail projection Owner strings stay inside the language deck (18.9201ms)
✔ translation table covers every code health.ts can emit (3.455ms)
✔ every translation has a non-empty owner action and deep link (1.2226ms)
✔ unknown codes surface as themselves and are never dropped (1.9309ms)
✔ active RingCentral validation failure uses the stopped-filing sentence (0.3202ms)
✔ assignment inconsistency states the operational cost with the number (0.312ms)
✔ source registry health reports invalid defaults and deterministic conflicts (6.8036ms)
✔ source registry health reports active granularity under inactive company (0.9112ms)
✔ CPL health discloses invalid active schedules and unresolved production Leads (1.2563ms)
✔ runtime health discloses stale cache service and remaining compatibility reads (0.9367ms)
✔ label mapping health reports an invalid destination and a collision (1.1598ms)
✔ Registry Health renders with an empty mappings collection (0.9009ms)
✔ Granot health findings raise on one fixture each and stay quiet on a healthy source (4.6356ms)
✔ detail returns every connection in one request for §7.2 (26.7681ms)
✔ two move-type feeds keep separate label sets (4.4371ms)
✔ empty states are present sections, never absent (5.0651ms)
✔ list and detail stay under the round-trip bound and write nothing (6.0697ms)
✔ Owner-facing finding strings keep implementation words out of copy (2.8068ms)
✔ withRegistryMutation rolls back when audit insert fails (4.2184ms)
✔ withRegistryMutation invalidates caches only after commit (1.1848ms)
✔ duplicate mutation request IDs fail as a stable replay conflict (1.2706ms)
✔ granot_crm_source audit failure still rolls back and skips cache invalidation (1.2561ms)
✔ invalidateRegistryCaches deduplicates keys for listeners (2.0035ms)
✔ assignment DTO carries Lead Source and Feed labels from one bounded join (4.9732ms)
✔ reassignment request carrying a company ID is still rejected (4.8334ms)
✔ activation still rejects an inactive or non-call feed (4.3297ms)
✔ dependency preview no longer returns a hardcoded can_deactivate gate (1.0906ms)
✔ RingCentral snapshot resolves historical assignment intervals (3.1975ms)
✔ RingCentral snapshot rejects unknown and interval gaps (0.8766ms)
✔ RingCentral snapshot excludes inactive source targets (2.6473ms)
✔ active RingCentral snapshot number listing excludes closed history (0.5884ms)
✔ cache invalidation discards an in-flight stale refresh (2.2413ms)
✔ M5 account validator shares one RingCentral inventory load across numbers (3.8939ms)
{"level":"info","time":"2026-09-19T04:50:24.461Z","service":"vantage-main-server","env":"development","msg":"operations_registry.compatibility_read","observability_level":"info","category":"admin","workflow":"operations_registry"}
✔ runtime telemetry exposes bounded resolver health and compatibility counters (3.4861ms)
✔ durable compatibility recording falls back locally when persistence is unavailable (9.0656ms)
✔ durable compatibility events merge across process-local telemetry (0.6915ms)
✔ sanitizeRegistrySnapshot redacts secret-like keys (3.8225ms)
✔ sanitizeRegistrySnapshot bounds oversized nested payloads (1.0206ms)
✔ sanitizeRegistrySnapshot returns null for empty snapshots (0.2444ms)
✔ first-class Source Granularity applies draft and revision defaults (22.879ms)
✔ Source Company defaults sheet projection to derived import (14.3268ms)
✔ source company write schema rejects embedded granularities and active flag (7.728ms)
✔ owner-created dynamic source resolves by exact identifier (5.023ms)
✔ active company default resolves only to an active same-channel record (0.7117ms)
✔ a company identifier falls through to its default when it is not a granularity alias (0.5854ms)
✔ local classification resolves the matching active granularity before the default (0.707ms)
✔ fallback aliases choose the unique highest priority candidate (0.7304ms)
✔ an inferred unknown company identifier can resolve as a global alias in one pass (0.6211ms)
✔ equal-priority fallback ambiguity fails deterministically (1.8437ms)
✔ inactive exact records and inactive defaults do not resolve (0.6165ms)
✔ all legacy source-label fixtures preserve company attribution (2.2005ms)
✔ resolves without touching the static map (3.1169ms)
✔ empty collection falls back to the static map and emits exactly one compatibility-read event (4.5717ms)
✔ ambiguous mapping fails closed and does not consult the static map (1.6341ms)
✔ inactive-Feed mapping fails closed and does not fall back to the static map (16.3799ms)
✔ canonical payload normalizes email, role, method, and path (12.7831ms)
✔ verifyRegistryActor accepts a valid owner signature (2.7395ms)
✔ verifyRegistryActor rejects admin role for owner-only mutation (2.0943ms)
✔ verifyRegistryActor allows admin read access with valid signature (1.2953ms)
✔ verifyRegistryActor rejects missing signature headers (1.4733ms)
✔ verifyRegistryActor rejects expired signatures outside replay window (2.5203ms)
✔ verifyRegistryActor rejects tampered signatures (1.1659ms)
✔ verifyRegistryActor rejects method/path mismatches (1.1695ms)
✔ verifyAdminActorSignature uses constant-time comparison semantics (0.5926ms)
✔ preview unsigned compatibility is disabled in production (0.825ms)
✔ preview unsigned compatibility never authorizes mutations (0.7537ms)
✔ unsigned preview reads require a unique request ID (21.1793ms)
✔ exported header names match dashboard proxy contract (0.459ms)
✔ extension owner Bearer auth can read agent catalog without signed proxy headers (0.5323ms)
✔ extension owner Bearer auth can create agents without signed proxy headers (0.5876ms)
✔ extension owner Bearer auth cannot mutate non-catalog registry routes (0.7501ms)
✔ extension sales Bearer auth is not a registry actor (1.0495ms)
✔ extension Sales plus Customer Service Bearer auth is not a registry actor (0.6737ms)
✔ booked reconciliation can preview phone/source matched unbooked call lead updates (26.4911ms)
✔ booked reconciliation does not globally phone-match across assigned source companies (3.4532ms)
✔ booked reconciliation warns but allows idempotent sync when phone-matched lead has a different job_no (5.6437ms)
✔ booked reconciliation prefers phone/source candidates without conflicting job_no (2.3425ms)
✔ Path B phone fallback does not read granot_contact_snapshot as identity (2.0826ms)
✔ ownerIdentitySnapshotFromEmail persists snake_case keys required by ReportingDestination (5.389ms)
✔ ReportingDestination rejects camelCase owner identity snapshots (27.5841ms)
✔ ReportingDestination accepts snake_case owner identity from helper (3.501ms)
✔ Stage 4 stream resumes without duplicates and preserves checksum state (6.4782ms)
✔ Stage 4 stream validates current page dependencies before and after query (3.8151ms)
✔ Stage 4 source read-through is supplied once as a valid UTC instant (0.7679ms)
✔ manifest builds once and validations are page-targeted across pages (5.5034ms)
✔ resume validates the complete manifest before reopening reader (1.339ms)
✔ mapped contributing dependency fails before output without O(N) validation (2.3011ms)
✔ columnIndexFromLetters matches Google A1 columns including ZZ (5.0862ms)
✔ createHiddenStagingTab stamps markers on a default 26-column Google sheet (5.5624ms)
✔ writeOwnershipAndRunMarkers expands an existing 26-column sheet (1.1541ms)
✔ writeValuesRaw expands a default grid before writing past the last row (1.7567ms)
✔ registered container confirmed 404 is treated as cleaned_not_found (17.8364ms)
✔ 403 access denied remains refetch_blocked and does not complete run (1.1548ms)
✔ transient provider error remains refetch_blocked and does not complete run (0.5242ms)
✔ confirmed 404 completes run when all registered containers are cleaned (0.2779ms)
✔ partial attempt A cleaned then failed B completes only after B is cleaned on next run (0.293ms)
✔ live harness prerequisites fail closed when OAuth export root is absent (2.8223ms)
✔ live harness rejects service-account credentials including local file env vars (4.5145ms)
✔ live harness skips without calling Google when prerequisites are absent (5.9091ms)
✔ PII-safe evidence masks file IDs and omits sensitive detail keys (0.5837ms)
✔ live harness evidence log contains no raw PII field names (0.7866ms)
✔ buildLiveTestRunTag produces unique synthetic tags (1.0948ms)
✔ buildLiveTestAppProperties marks harness_container artifacts for janitor selection (0.4383ms)
✔ transient failure wrapper exhausts injected failures (0.3471ms)
✔ positively marked live test artifact requires export root, age, and marker (0.8268ms)
✔ live test google api factory receives explicit OAuth2Client (2.1024ms)
✔ live test google api factory rejects service-account env indicators (4.6341ms)
✔ needs_janitor cleanup status remains janitor-eligible (3.5916ms)
✔ registry binding rejects copied-marker sibling not registered for run (2.9065ms)
✔ registry binding rejects export root mismatch (0.7146ms)
✔ denylist proof accepts only OPERATIONAL_WORKBOOK rejection code (1.152ms)
✔ picker parent mismatch fails before destination denylist check (1.0662ms)
✔ export folder env snapshot restores unset variable after early throw path (1.04ms)
✔ export folder env snapshot restores prior value when variable was set (5.4466ms)
✔ live test run tag format enforces configured prefix pattern (5.9651ms)
✔ direct-child invariant rejects nested artifacts (0.7229ms)
✔ known harness run evidence requires harness_container role and markers (1.4135ms)
✔ recursive evidence sanitizer redacts nested sensitive values (4.9936ms)
✔ sanitizeLiveTestString redacts embedded Drive URLs and bearer tokens (0.7118ms)
✔ structured cleanup errors mask file IDs instead of concatenating raw IDs (0.8536ms)
✔ service-account indicators include env, local file vars, and credential file names (6.4964ms)
✔ janitor returns no-op when live tests are disabled (5.2619ms)
✔ worker transient hook consumes only configured run (0.8877ms)
✔ janitor selects only positively marked harness_container folders under export root (3.4545ms)
✔ janitor requires persisted harness-run registry authorization (1.01ms)
✔ janitor honors optional run-tag prefix filter (0.4774ms)
✔ isPositivelyMarkedHarnessContainer rejects non-folder roles and young artifacts (0.4304ms)
✔ isPositivelyMarkedLiveTestArtifact rejects young artifacts (0.3084ms)
✔ promotion plan: fresh reserve when ready and no prior reservation (3.5428ms)
✔ promotion plan: takeover recovers applied rename without competing promote (0.4902ms)
✔ promotion plan: takeover of not-applied rename takes new reservation (0.3121ms)
✔ promotion plan: ambiguous google state preserves prior-tab safety (0.2635ms)
✔ promotion reservation filter requires active lease and prior generation (2.255ms)
✔ promotion lease interleaving: expiry before provider abandons mutate (0.7856ms)
✔ promotion lease interleaving: expiry during provider blocks stale CAS (0.3417ms)
✔ promotion lease interleaving: stale response after takeover cannot CAS (0.4808ms)
✔ promotion lease interleaving: takeover recovers applied rename via CAS only (0.3723ms)
✔ promotion lease interleaving: takeover of not-applied rename re-reserves then promotes (0.5099ms)
✔ promotion CAS requires provider_applied, not merely reserved (0.3059ms)
✔ transient TX errors are not classified as stale (0.5066ms)
✔ catalog contains exactly three code-defined @1 datasets and complete contracts (4.5102ms)
✔ owner sorts reject internal and duplicate terms and append ASC tie-breakers (2.4308ms)
✔ deployment allowlist defaults, narrows, and rejects unknown or duplicate tokens (1.2394ms)
✔ strict request contracts reject caller scope and arbitrary dataset filters (71.7835ms)
✔ request bounds and formula-safe labels fail before database work (66.0591ms)
✔ cancel wire contract requires idempotencyKey (admin clients must send it) (12.5215ms)
✔ New York date boundaries are half-open across 23 and 25 hour days (267.6143ms)
✔ rolling windows are strict, bounded, fresh, and DST-aware (219.034ms)
✔ source performance aggregates all related bookings with approved semantics (9.4302ms)
✔ CPL unresolved semantics exclude resolved zero and not-applicable states (0.8991ms)
✔ source performance grouping uses stable IDs and ignores label drift (2.0142ms)
✔ representative policies retain temporal and outcome or exception variation (2.3735ms)
✔ lead detail primary booking is one-row deterministic and prefers active state (2.4677ms)
✔ keyset cursor covers rows once and checksums are deterministic (2.8208ms)
✔ destination port is injectable and fails closed on safety or checksum drift (1.7338ms)
✔ destination verification timestamps must be finite, fresh, and not future-skewed (1.542ms)
✔ destination validation binds identity and strategy-specific shape (3.9081ms)
✔ unresolved cancellation pipeline scopes through canonical booking attribution (5.074ms)
✔ every orphan predicate narrows granularities per parent company (0.56ms)
✔ confirmation binds stable destination identity; health refresh stays valid (4.0029ms)
✔ owner destination checksum treats zero available cells as a real capacity, not missing (1.2535ms)
✔ confirmation evidence binds actor, idempotency key, and immutable fingerprint (2.3531ms)
✔ concurrent confirmation duplicate keys are recognized without a 500 race (0.4465ms)
✔ snapshot adapter contract records a token and fails closed when unavailable (0.6106ms)
✔ unchanged leadless booking manifest entries retain job and source fingerprints (18.19ms)
✔ changed leadless booking job or source data invalidates its manifest entry (19.6472ms)
✔ sample evidence is keyed opaque HMAC rather than raw SHA (1.6715ms)
✔ execution package mandates literal RAW spreadsheet writes (1.7482ms)
✔ query budgets reject oversized materialization and page requests before reads (1.0611ms)
✔ estimates distinguish exact and safe upper bounds without truncation (0.6643ms)
✔ run failures are fixed safe envelopes and unsafe fields are never exposed (1.8203ms)
✔ reporting lifecycle audit payloads contain only safe identifiers and counts (1.1935ms)
✔ source read-through capture is fenced by active lease owner and epoch (0.8966ms)
✔ revision checksum survives Mongo minimize of empty filters (6.55ms)
✔ revision checksum verification detects tampering and bulk mutation is blocked (1.6334ms)
✔ unexpected reporting errors serialize to a generic 500 response (0.522ms)
✔ reporting routes preserve RegistryError status and reject malformed IDs (0.9022ms)
✔ reporting routes surface destination AppErrors instead of a generic 500 (0.5739ms)
✔ incomplete operational workbook safety fails closed without leaking keys (0.4502ms)
✔ reporting routes expose the deployment kill switch without leaking config (0.3756ms)
✔ run confirmation HMAC uses VANTAGE_API_SECRET when API_SECRET is unset (1.3047ms)
✔ missing reporting confirmation secrets fail closed with a safe 503 (2.8164ms)
✔ persistence models expose required indexes and immutable revision middleware (2.8056ms)
✔ regression 1: queue consumer registers Stage 4 foundation before work (3.6773ms)
✔ regression 4: read-back recomputes deterministic content checksum (19.4485ms)
✔ regression 5: published managed tab verified before staging and promotion (2.4922ms)
✔ regression 6: cleanup does not overwrite delivery terminal status (20.1861ms)
✔ regression 7: artifact creation recovers one positively marked artifact (2.6035ms)
✔ regression 8: resume always fully validates persisted manifest entries/maps (1.2308ms)
✔ regression 9: trash requires ownedByMe, MIME, identity, and Drive appProperties (1.3434ms)
✔ regression 11: promotion ambiguity preserves old tab and never deletes by name (2.3307ms)
✔ regression: empty report checksum equals initial accumulator (0.821ms)
✔ regression 2/3: lease fence helpers abort on false without Google side effects (395.0023ms)
✔ regression 8b: resume validates entries even with no stream checkpoint (0.6377ms)
✔ regression 10: cancel requires and replays idempotency keys (16.6339ms)
✔ regression 2b: destination CAS after promotion updates managed immutable id (10.3424ms)
✔ regression: upper-bound verification never reads estimate headroom (11.2534ms)
✔ regression: title change resolved by immutable sheet ID on resume (1.0099ms)
✔ regression: ambiguous marker tampering refuses promotion (2.0142ms)
✔ regression: destination lineage accepts proven replace_tab advancement (24.4176ms)
✔ regression: phase-aware transition skips advanced status without LEASE_LOST (2.9669ms)
✔ regression: delivery fence rejects forged fence fields and stale epoch predicate (10.7339ms)
✔ regression: stale-worker fence bind loses to lease takeover (6.0726ms)
✔ regression: LeaseLost after promote CAS never terminal-fails run (2.1799ms)
✔ regression: retryable provider abandon does not terminal-fail (4.0146ms)
✔ regression: snapshot terminal consistency refuses delivery-completed + run-failed (13.2313ms)
✔ regression: fence bind TX interleaves with lease takeover (1.6911ms)
✔ regression: already-promoted recovery requires content verify not title-only (4.6315ms)
✔ regression: CAS-resume path refuses tampered markers and trailing edits (13.7043ms)
✔ regression: worker maps destination ReportingErrors to destination failures (6.0955ms)
✔ regression: Google 400 marker write maps to INTERNAL_FAILURE with provider_status (3.1307ms)
✔ regression: destination stable identity ignores volatile health timestamps (4.8811ms)
✔ acceptance 10: denylist rejects every registered operational workbook id (3.6962ms)
✔ acceptance 11: human-created tab takeover is refused by staging ownership markers (3.3934ms)
✔ acceptance 12: capacity feedback refuses silent truncation (3.1171ms)
✔ acceptance 13/14: bounded RAW writes, idempotent replay, and checksum-safe progress (15.0971ms)
✔ acceptance 13: ambiguous provider timeout replays exact range after read-back (3.2574ms)
✔ acceptance 15/16: staging verification/promotion and failed replacement preserves old tab (5.7629ms)
✔ acceptance 17: incomplete snapshot cleanup only trashes positively marked workbooks (1.9211ms)
✔ cleanup janitor never trashes a completed snapshot artifact (1.2242ms)
✔ acceptance 19: PII is excluded from provider failures, checkpoints, and delivery reads (2.5923ms)
✔ RAW semantics reject formula-shaped cells and require literal serialization (1.1462ms)
✔ persisted manifests reject row payloads and validate resume identity (18.3923ms)
✔ lease fencing failure codes remain typed and PII-safe (0.715ms)
✔ operational workbook denylist rejects registered workbook IDs (3.4267ms)
✔ operational workbook denylist fails closed when configuration is incomplete (0.6215ms)
✔ managed tab verification rejects human-created name collisions (2.5054ms)
✔ managed tab verification rejects tabs without a Vantage ownership marker (0.9339ms)
✔ managed tab verification accepts a matching Vantage marker (2.2816ms)
✔ destination snapshot validation rejects operational workbook matches (3.5296ms)
✔ managed tab rename preserves immutable sheet ID and revalidates ownership (1.0354ms)
✔ destination read projection omits connection and actor credentials (1.6644ms)
✔ destination snapshot validation rejects stale health timestamps (1.5474ms)
✔ replace-tab capacity subtracts every existing workbook grid (0.9137ms)
✔ replace-tab capacity fails closed without grid metadata (0.6139ms)
✔ reporting observability defines operational alert event keys (2.8712ms)
✔ findReportingStuckRuns respects phase age threshold (5.9778ms)
✔ normalizePhoneNumberToE164Like handles common RingCentral number shapes (4.7353ms)
✔ RingCentral inbound target numbers resolve to configured source metadata (3.3455ms)
✔ RingCentral source labels are consistent with source company mapping (0.561ms)
✔ normalizer preserves telephony facts before registry qualification (0.8833ms)
✔ normalizer uses an explicit provider call start and never notification time (0.6721ms)
✔ candidate folding preserves answeredAt from an older delayed event (1.219ms)
✔ sample answered inbound event is pending immediately and qualifies after elapsed buffer (1.2791ms)
✔ evaluator rejects outbound calls (1.0744ms)
✔ evaluator rejects inbound calls to unknown numbers (0.8883ms)
✔ evaluator keeps live inbound target calls candidate until answered (2.465ms)
✔ evaluator rejects terminal inbound target calls that were not answered (3.0872ms)
✔ evaluator distinguishes live and terminal answered calls under 120 seconds (0.6179ms)
✔ evaluator qualifies inbound target calls answered over 120 seconds (0.5153ms)
✔ evaluator rejects missed calls without answered evidence (0.5266ms)
﹣ [AC-17] Unit 21 replica lease, cursor, overlap, and rescan proof (1.7326ms) # Replica-set proof is opt-in via GRANOT_LIFECYCLE_REPLICA_TESTS=true.
✔ [AC-17] lease owner identity is bounded, opaque, and per invocation (2.9368ms)
✔ [AC-17] masked owner is a short stable digest and never leaks the owner (0.8184ms)
✔ [AC-17] singleton key index contract is the exact unique key index (3.7935ms)
✔ persisted run failure codes are a bounded, non-sensitive set (1.2997ms)
﹣ [AC-17] Mongo state lease elects exactly one winner (0.9666ms) # Replica-set proof is opt-in via GRANOT_LIFECYCLE_REPLICA_TESTS=true.
{"level":"info","time":"2026-09-19T04:50:41.248Z","service":"vantage-main-server","env":"development","msg":"ringcentral.call_log_sync.lease_contended","leaseOwnerHash":"e0e92466da53"}
✔ [AC-17] the lease loser performs no provider, route, ingest, or state work (11.4965ms)
✔ [AC-17] two overlapping invocations produce exactly one winner (3.9778ms)
✔ [AC-17] the winner claims before any provider or ingest work (2.7175ms)
✔ [AC-17] a complete successful run advances the cursor exactly once (2.1709ms)
✔ [AC-17] every failure stage leaves the cursor unchanged (17.3747ms)
✔ [AC-17] an observed provider throttle is counted and blocks cursor movement (1.5613ms)
✔ [AC-17] a run with no throttling reports zero throttles (1.6307ms)
✔ [AC-17] terminal write failure loses the fence and moves no cursor (6.2661ms)
✔ [AC-17] losing the lease mid-run stops work and writes nothing (1.3572ms)
✔ [AC-17] the lease is renewed while long work remains (1.7086ms)
✔ [AC-17] a failed fenced error write degrades to a PII-safe lease-lost event (0.9275ms)
✔ [AC-17] expired-lease recovery is reported without erasing terminal facts (1.518ms)
✔ [AC-17] the rolling lookback stays exactly 12 hours for a first run (1.1183ms)
✔ [AC-17] the rolling lookback stays exactly 12 hours at a 30-minute cadence (0.7606ms)
✔ [AC-17] a cursor older than the floor keeps its overlap window (0.7131ms)
✔ [AC-17] the winner's window end is its own claim instant (0.8247ms)
✔ [AC-17] pagination stops at a short page and continues through full pages (0.7527ms)
✔ a newest-first Call Log page ingests oldest-first so same-run Duplicate Leads classify (13.1341ms)
✔ Call Log pages across a newest-first split still ingest oldest-first in one run (3.135ms)
✔ [AC-17] Call Log telemetry and events carry no caller or provider content (1.1584ms)
✔ [AC-17] emitted lease events expose only a masked owner and bounded fields (1.4882ms)
✔ [AC-17] the run summary itself exposes no caller data (1.2049ms)
{"level":"info","time":"2026-09-19T04:50:41.250Z","service":"vantage-main-server","env":"development","msg":"ringcentral.call_log_sync.lease_contended","observability_level":"info","category":"ringcentral","workflow":"ringcentral_call_log_sync","run_id":"2026-08-18T12:00:00.000Z"}
{"level":"info","time":"2026-09-19T04:50:41.256Z","service":"vantage-main-server","env":"development","msg":"ringcentral.call_log_sync.started","observability_level":"info","category":"ringcentral","workflow":"ringcentral_call_log_sync","run_id":"2026-08-18T12:00:00.000Z"}
{"level":"info","time":"2026-09-19T04:50:41.256Z","service":"vantage-main-server","env":"development","msg":"ringcentral.call_log_sync.lease_contended","leaseOwnerHash":"8cefb43f6f11"}
{"level":"info","time":"2026-09-19T04:50:41.257Z","service":"vantage-main-server","env":"development","msg":"ringcentral.call_log_sync.lease_contended","observability_level":"info","category":"ringcentral","workflow":"ringcentral_call_log_sync","run_id":"2026-08-18T12:00:00.000Z"}
{"level":"info","time":"2026-09-19T04:50:41.257Z","service":"vantage-main-server","env":"development","msg":"ringcentral.call_log_sync.completed","ranAt":"2026-08-18T12:00:00.000Z","windowFrom":"2026-08-18T00:00:00.000Z","windowTo":"2026-08-18T12:00:00.000Z","leaseOwnerHash":"7408b41fbeb6","leaseAcquired":true,"leaseRecovered":false,"leaseLost":false,"skipped":false,"skipReason":null,"runtimeMs":0,"fetchedRecords":0,"candidateRecords":0,"qualifiedRecords":0,"ingestActions":{"lead_created":0,"lead_created_duplicate":0,"lead_adopted":0,"lead_adopted_duplicate":0,"shadow_recorded":0,"dry_run":0,"skipped_already_processed":0},"adoptedRecords":0,"adoptionConflicts":0,"throttledResponses":0,"leadsCreated":0,"duplicatesFlagged":0,"cursorAdvanced":true,"errors":[]}
{"level":"info","time":"2026-09-19T04:50:41.258Z","service":"vantage-main-server","env":"development","msg":"ringcentral.call_log_sync.completed","observability_level":"info","category":"ringcentral","workflow":"ringcentral_call_log_sync","run_id":"2026-08-18T12:00:00.000Z"}
{"level":"info","time":"2026-09-19T04:50:41.259Z","service":"vantage-main-server","env":"development","msg":"ringcentral.call_log_sync.started","observability_level":"info","category":"ringcentral","workflow":"ringcentral_call_log_sync","run_id":"2026-08-18T12:00:00.000Z"}
{"level":"info","time":"2026-09-19T04:50:41.260Z","service":"vantage-main-server","env":"development","msg":"ringcentral.call_log_sync.completed","ranAt":"2026-08-18T12:00:00.000Z","windowFrom":"2026-08-18T00:00:00.000Z","windowTo":"2026-08-18T12:00:00.000Z","leaseOwnerHash":"e0e92466da53","leaseAcquired":true,"leaseRecovered":false,"leaseLost":false,"skipped":false,"skipReason":null,"runtimeMs":30,"fetchedRecords":1,"candidateRecords":1,"qualifiedRecords":1,"ingestActions":{"lead_created":0,"lead_created_duplicate":0,"lead_adopted":0,"lead_adopted_duplicate":0,"shadow_recorded":0,"dry_run":1,"skipped_already_processed":0},"adoptedRecords":0,"adoptionConflicts":0,"throttledResponses":0,"leadsCreated":0,"duplicatesFlagged":0,"cursorAdvanced":true,"errors":[]}
{"level":"info","time":"2026-09-19T04:50:41.261Z","service":"vantage-main-server","env":"development","msg":"ringcentral.call_log_sync.completed","observability_level":"info","category":"ringcentral","workflow":"ringcentral_call_log_sync","run_id":"2026-08-18T12:00:00.000Z"}
{"level":"info","time":"2026-09-19T04:50:41.262Z","service":"vantage-main-server","env":"development","msg":"ringcentral.call_log_sync.started","observability_level":"info","category":"ringcentral","workflow":"ringcentral_call_log_sync","run_id":"2026-08-18T12:00:00.000Z"}
{"level":"info","time":"2026-09-19T04:50:41.263Z","service":"vantage-main-server","env":"development","msg":"ringcentral.call_log_sync.completed","ranAt":"2026-08-18T12:00:00.000Z","windowFrom":"2026-08-18T00:00:00.000Z","windowTo":"2026-08-18T12:00:00.000Z","leaseOwnerHash":"e0e92466da53","leaseAcquired":true,"leaseRecovered":false,"leaseLost":false,"skipped":false,"skipReason":null,"runtimeMs":40,"fetchedRecords":2,"candidateRecords":2,"qualifiedRecords":2,"ingestActions":{"lead_created":0,"lead_created_duplicate":1,"lead_adopted":1,"lead_adopted_duplicate":0,"shadow_recorded":0,"dry_run":0,"skipped_already_processed":0},"adoptedRecords":1,"adoptionConflicts":1,"throttledResponses":0,"leadsCreated":1,"duplicatesFlagged":1,"cursorAdvanced":true,"errors":[]}
{"level":"info","time":"2026-09-19T04:50:41.263Z","service":"vantage-main-server","env":"development","msg":"ringcentral.call_log_sync.completed","observability_level":"info","category":"ringcentral","workflow":"ringcentral_call_log_sync","run_id":"2026-08-18T12:00:00.000Z"}
{"level":"info","time":"2026-09-19T04:50:41.275Z","service":"vantage-main-server","env":"development","msg":"ringcentral.call_log_sync.started","observability_level":"info","category":"ringcentral","workflow":"ringcentral_call_log_sync","run_id":"2026-08-18T12:00:00.000Z"}
{"level":"error","time":"2026-09-19T04:50:41.276Z","service":"vantage-main-server","env":"development","msg":"ringcentral.call_log_sync.failed","leaseOwnerHash":"e0e92466da53","stage":"route_snapshot","errorCode":"route_snapshot_failed","windowFrom":"2026-08-18T00:00:00.000Z","windowTo":"2026-08-18T12:00:00.000Z"}
{"level":"error","time":"2026-09-19T04:50:41.277Z","service":"vantage-main-server","env":"development","msg":"ringcentral.call_log_sync.failed","observability_level":"error","category":"ringcentral","workflow":"ringcentral_call_log_sync","run_id":"2026-08-18T12:00:00.000Z"}
{"level":"info","time":"2026-09-19T04:50:41.277Z","service":"vantage-main-server","env":"development","msg":"ringcentral.call_log_sync.started","observability_level":"info","category":"ringcentral","workflow":"ringcentral_call_log_sync","run_id":"2026-08-18T12:00:00.000Z"}
{"level":"error","time":"2026-09-19T04:50:41.278Z","service":"vantage-main-server","env":"development","msg":"ringcentral.call_log_sync.failed","leaseOwnerHash":"e0e92466da53","stage":"provider_fetch","errorCode":"provider_request_failed","windowFrom":"2026-08-18T00:00:00.000Z","windowTo":"2026-08-18T12:00:00.000Z"}
{"level":"error","time":"2026-09-19T04:50:41.278Z","service":"vantage-main-server","env":"development","msg":"ringcentral.call_log_sync.failed","observability_level":"error","category":"ringcentral","workflow":"ringcentral_call_log_sync","run_id":"2026-08-18T12:00:00.000Z"}
{"level":"info","time":"2026-09-19T04:50:41.279Z","service":"vantage-main-server","env":"development","msg":"ringcentral.call_log_sync.started","observability_level":"info","category":"ringcentral","workflow":"ringcentral_call_log_sync","run_id":"2026-08-18T12:00:00.000Z"}
{"level":"error","time":"2026-09-19T04:50:41.280Z","service":"vantage-main-server","env":"development","msg":"ringcentral.call_log_sync.failed","leaseOwnerHash":"e0e92466da53","stage":"provider_fetch","errorCode":"provider_throttled","windowFrom":"2026-08-18T00:00:00.000Z","windowTo":"2026-08-18T12:00:00.000Z"}
{"level":"error","time":"2026-09-19T04:50:41.280Z","service":"vantage-main-server","env":"development","msg":"ringcentral.call_log_sync.failed","observability_level":"error","category":"ringcentral","workflow":"ringcentral_call_log_sync","run_id":"2026-08-18T12:00:00.000Z"}
{"level":"info","time":"2026-09-19T04:50:41.280Z","service":"vantage-main-server","env":"development","msg":"ringcentral.call_log_sync.started","observability_level":"info","category":"ringcentral","workflow":"ringcentral_call_log_sync","run_id":"2026-08-18T12:00:00.000Z"}
{"level":"error","time":"2026-09-19T04:50:41.280Z","service":"vantage-main-server","env":"development","msg":"ringcentral.call_log_sync.failed","leaseOwnerHash":"e0e92466da53","stage":"ingest","errorCode":"ingest_failed","windowFrom":"2026-08-18T00:00:00.000Z","windowTo":"2026-08-18T12:00:00.000Z"}
{"level":"error","time":"2026-09-19T04:50:41.280Z","service":"vantage-main-server","env":"development","msg":"ringcentral.call_log_sync.failed","observability_level":"error","category":"ringcentral","workflow":"ringcentral_call_log_sync","run_id":"2026-08-18T12:00:00.000Z"}
{"level":"info","time":"2026-09-19T04:50:41.282Z","service":"vantage-main-server","env":"development","msg":"ringcentral.call_log_sync.started","observability_level":"info","category":"ringcentral","workflow":"ringcentral_call_log_sync","run_id":"2026-08-18T12:00:00.000Z"}
{"level":"error","time":"2026-09-19T04:50:41.282Z","service":"vantage-main-server","env":"development","msg":"ringcentral.call_log_sync.failed","leaseOwnerHash":"e0e92466da53","stage":"provider_fetch","errorCode":"provider_throttled","windowFrom":"2026-08-18T00:00:00.000Z","windowTo":"2026-08-18T12:00:00.000Z"}
{"level":"error","time":"2026-09-19T04:50:41.282Z","service":"vantage-main-server","env":"development","msg":"ringcentral.call_log_sync.failed","observability_level":"error","category":"ringcentral","workflow":"ringcentral_call_log_sync","run_id":"2026-08-18T12:00:00.000Z"}
{"level":"info","time":"2026-09-19T04:50:41.284Z","service":"vantage-main-server","env":"development","msg":"ringcentral.call_log_sync.started","observability_level":"info","category":"ringcentral","workflow":"ringcentral_call_log_sync","run_id":"2026-08-18T12:00:00.000Z"}
{"level":"info","time":"2026-09-19T04:50:41.284Z","service":"vantage-main-server","env":"development","msg":"ringcentral.call_log_sync.completed","ranAt":"2026-08-18T12:00:00.000Z","windowFrom":"2026-08-18T00:00:00.000Z","windowTo":"2026-08-18T12:00:00.000Z","leaseOwnerHash":"e0e92466da53","leaseAcquired":true,"leaseRecovered":false,"leaseLost":false,"skipped":false,"skipReason":null,"runtimeMs":30,"fetchedRecords":1,"candidateRecords":1,"qualifiedRecords":1,"ingestActions":{"lead_created":0,"lead_created_duplicate":0,"lead_adopted":0,"lead_adopted_duplicate":0,"shadow_recorded":0,"dry_run":1,"skipped_already_processed":0},"adoptedRecords":0,"adoptionConflicts":0,"throttledResponses":0,"leadsCreated":0,"duplicatesFlagged":0,"cursorAdvanced":true,"errors":[]}
{"level":"info","time":"2026-09-19T04:50:41.284Z","service":"vantage-main-server","env":"development","msg":"ringcentral.call_log_sync.completed","observability_level":"info","category":"ringcentral","workflow":"ringcentral_call_log_sync","run_id":"2026-08-18T12:00:00.000Z"}
{"level":"info","time":"2026-09-19T04:50:41.287Z","service":"vantage-main-server","env":"development","msg":"ringcentral.call_log_sync.started","observability_level":"info","category":"ringcentral","workflow":"ringcentral_call_log_sync","run_id":"2026-08-18T12:00:00.000Z"}
{"level":"warn","time":"2026-09-19T04:50:41.290Z","service":"vantage-main-server","env":"development","msg":"ringcentral.call_log_sync.lease_lost","leaseOwnerHash":"e0e92466da53","stage":"state_write"}
{"level":"warn","time":"2026-09-19T04:50:41.291Z","service":"vantage-main-server","env":"development","msg":"ringcentral.call_log_sync.lease_lost","observability_level":"warn","category":"ringcentral","workflow":"ringcentral_call_log_sync","run_id":"2026-08-18T12:00:00.000Z"}
{"level":"info","time":"2026-09-19T04:50:41.292Z","service":"vantage-main-server","env":"development","msg":"ringcentral.call_log_sync.started","observability_level":"info","category":"ringcentral","workflow":"ringcentral_call_log_sync","run_id":"2026-08-18T12:00:00.000Z"}
{"level":"warn","time":"2026-09-19T04:50:41.293Z","service":"vantage-main-server","env":"development","msg":"ringcentral.call_log_sync.lease_lost","leaseOwnerHash":"e0e92466da53","stage":"lease"}
{"level":"warn","time":"2026-09-19T04:50:41.293Z","service":"vantage-main-server","env":"development","msg":"ringcentral.call_log_sync.lease_lost","observability_level":"warn","category":"ringcentral","workflow":"ringcentral_call_log_sync","run_id":"2026-08-18T12:00:00.000Z"}
{"level":"info","time":"2026-09-19T04:50:41.294Z","service":"vantage-main-server","env":"development","msg":"ringcentral.call_log_sync.started","observability_level":"info","category":"ringcentral","workflow":"ringcentral_call_log_sync","run_id":"2026-08-18T12:00:00.000Z"}
{"level":"info","time":"2026-09-19T04:50:41.294Z","service":"vantage-main-server","env":"development","msg":"ringcentral.call_log_sync.completed","ranAt":"2026-08-18T12:00:00.000Z","windowFrom":"2026-08-18T00:00:00.000Z","windowTo":"2026-08-18T12:00:00.000Z","leaseOwnerHash":"e0e92466da53","leaseAcquired":true,"leaseRecovered":false,"leaseLost":false,"skipped":false,"skipReason":null,"runtimeMs":80,"fetchedRecords":6,"candidateRecords":6,"qualifiedRecords":6,"ingestActions":{"lead_created":0,"lead_created_duplicate":0,"lead_adopted":0,"lead_adopted_duplicate":0,"shadow_recorded":0,"dry_run":6,"skipped_already_processed":0},"adoptedRecords":0,"adoptionConflicts":0,"throttledResponses":0,"leadsCreated":0,"duplicatesFlagged":0,"cursorAdvanced":true,"errors":[]}
{"level":"info","time":"2026-09-19T04:50:41.295Z","service":"vantage-main-server","env":"development","msg":"ringcentral.call_log_sync.completed","observability_level":"info","category":"ringcentral","workflow":"ringcentral_call_log_sync","run_id":"2026-08-18T12:00:00.000Z"}
{"level":"info","time":"2026-09-19T04:50:41.296Z","service":"vantage-main-server","env":"development","msg":"ringcentral.call_log_sync.started","observability_level":"info","category":"ringcentral","workflow":"ringcentral_call_log_sync","run_id":"2026-08-18T12:00:00.000Z"}
{"level":"warn","time":"2026-09-19T04:50:41.296Z","service":"vantage-main-server","env":"development","msg":"ringcentral.call_log_sync.lease_lost","leaseOwnerHash":"e0e92466da53","stage":"route_snapshot"}
{"level":"warn","time":"2026-09-19T04:50:41.296Z","service":"vantage-main-server","env":"development","msg":"ringcentral.call_log_sync.lease_lost","observability_level":"warn","category":"ringcentral","workflow":"ringcentral_call_log_sync","run_id":"2026-08-18T12:00:00.000Z"}
{"level":"info","time":"2026-09-19T04:50:41.297Z","service":"vantage-main-server","env":"development","msg":"ringcentral.call_log_sync.started","observability_level":"info","category":"ringcentral","workflow":"ringcentral_call_log_sync","run_id":"2026-08-18T12:00:00.000Z"}
{"level":"warn","time":"2026-09-19T04:50:41.297Z","service":"vantage-main-server","env":"development","msg":"ringcentral.call_log_sync.lease_recovered","leaseOwnerHash":"e0e92466da53"}
{"level":"warn","time":"2026-09-19T04:50:41.297Z","service":"vantage-main-server","env":"development","msg":"ringcentral.call_log_sync.lease_recovered","observability_level":"warn","category":"ringcentral","workflow":"ringcentral_call_log_sync","run_id":"2026-08-18T12:00:00.000Z"}
{"level":"info","time":"2026-09-19T04:50:41.297Z","service":"vantage-main-server","env":"development","msg":"ringcentral.call_log_sync.completed","ranAt":"2026-08-18T12:00:00.000Z","windowFrom":"2026-08-18T00:00:00.000Z","windowTo":"2026-08-18T12:00:00.000Z","leaseOwnerHash":"e0e92466da53","leaseAcquired":true,"leaseRecovered":true,"leaseLost":false,"skipped":false,"skipReason":null,"runtimeMs":20,"fetchedRecords":0,"candidateRecords":0,"qualifiedRecords":0,"ingestActions":{"lead_created":0,"lead_created_duplicate":0,"lead_adopted":0,"lead_adopted_duplicate":0,"shadow_recorded":0,"dry_run":0,"skipped_already_processed":0},"adoptedRecords":0,"adoptionConflicts":0,"throttledResponses":0,"leadsCreated":0,"duplicatesFlagged":0,"cursorAdvanced":true,"errors":[]}
{"level":"info","time":"2026-09-19T04:50:41.297Z","service":"vantage-main-server","env":"development","msg":"ringcentral.call_log_sync.completed","observability_level":"info","category":"ringcentral","workflow":"ringcentral_call_log_sync","run_id":"2026-08-18T12:00:00.000Z"}
{"level":"info","time":"2026-09-19T04:50:41.298Z","service":"vantage-main-server","env":"development","msg":"ringcentral.call_log_sync.started","observability_level":"info","category":"ringcentral","workflow":"ringcentral_call_log_sync","run_id":"2026-08-18T12:00:00.000Z"}
{"level":"info","time":"2026-09-19T04:50:41.299Z","service":"vantage-main-server","env":"development","msg":"ringcentral.call_log_sync.completed","ranAt":"2026-08-18T12:00:00.000Z","windowFrom":"2026-08-18T00:00:00.000Z","windowTo":"2026-08-18T12:00:00.000Z","leaseOwnerHash":"e0e92466da53","leaseAcquired":true,"leaseRecovered":false,"leaseLost":false,"skipped":false,"skipReason":null,"runtimeMs":20,"fetchedRecords":0,"candidateRecords":0,"qualifiedRecords":0,"ingestActions":{"lead_created":0,"lead_created_duplicate":0,"lead_adopted":0,"lead_adopted_duplicate":0,"shadow_recorded":0,"dry_run":0,"skipped_already_processed":0},"adoptedRecords":0,"adoptionConflicts":0,"throttledResponses":0,"leadsCreated":0,"duplicatesFlagged":0,"cursorAdvanced":true,"errors":[]}
{"level":"info","time":"2026-09-19T04:50:41.299Z","service":"vantage-main-server","env":"development","msg":"ringcentral.call_log_sync.completed","observability_level":"info","category":"ringcentral","workflow":"ringcentral_call_log_sync","run_id":"2026-08-18T12:00:00.000Z"}
{"level":"info","time":"2026-09-19T04:50:41.299Z","service":"vantage-main-server","env":"development","msg":"ringcentral.call_log_sync.started","observability_level":"info","category":"ringcentral","workflow":"ringcentral_call_log_sync","run_id":"2026-08-18T12:00:00.000Z"}
{"level":"info","time":"2026-09-19T04:50:41.300Z","service":"vantage-main-server","env":"development","msg":"ringcentral.call_log_sync.completed","ranAt":"2026-08-18T12:00:00.000Z","windowFrom":"2026-08-18T00:00:00.000Z","windowTo":"2026-08-18T12:00:00.000Z","leaseOwnerHash":"e0e92466da53","leaseAcquired":true,"leaseRecovered":false,"leaseLost":false,"skipped":false,"skipReason":null,"runtimeMs":20,"fetchedRecords":0,"candidateRecords":0,"qualifiedRecords":0,"ingestActions":{"lead_created":0,"lead_created_duplicate":0,"lead_adopted":0,"lead_adopted_duplicate":0,"shadow_recorded":0,"dry_run":0,"skipped_already_processed":0},"adoptedRecords":0,"adoptionConflicts":0,"throttledResponses":0,"leadsCreated":0,"duplicatesFlagged":0,"cursorAdvanced":true,"errors":[]}
{"level":"info","time":"2026-09-19T04:50:41.300Z","service":"vantage-main-server","env":"development","msg":"ringcentral.call_log_sync.completed","observability_level":"info","category":"ringcentral","workflow":"ringcentral_call_log_sync","run_id":"2026-08-18T12:00:00.000Z"}
{"level":"info","time":"2026-09-19T04:50:41.300Z","service":"vantage-main-server","env":"development","msg":"ringcentral.call_log_sync.started","observability_level":"info","category":"ringcentral","workflow":"ringcentral_call_log_sync","run_id":"2026-08-18T12:00:00.000Z"}
{"level":"info","time":"2026-09-19T04:50:41.300Z","service":"vantage-main-server","env":"development","msg":"ringcentral.call_log_sync.completed","ranAt":"2026-08-18T12:00:00.000Z","windowFrom":"2026-08-17T15:45:00.000Z","windowTo":"2026-08-18T12:00:00.000Z","leaseOwnerHash":"e0e92466da53","leaseAcquired":true,"leaseRecovered":false,"leaseLost":false,"skipped":false,"skipReason":null,"runtimeMs":20,"fetchedRecords":0,"candidateRecords":0,"qualifiedRecords":0,"ingestActions":{"lead_created":0,"lead_created_duplicate":0,"lead_adopted":0,"lead_adopted_duplicate":0,"shadow_recorded":0,"dry_run":0,"skipped_already_processed":0},"adoptedRecords":0,"adoptionConflicts":0,"throttledResponses":0,"leadsCreated":0,"duplicatesFlagged":0,"cursorAdvanced":true,"errors":[]}
{"level":"info","time":"2026-09-19T04:50:41.300Z","service":"vantage-main-server","env":"development","msg":"ringcentral.call_log_sync.completed","observability_level":"info","category":"ringcentral","workflow":"ringcentral_call_log_sync","run_id":"2026-08-18T12:00:00.000Z"}
{"level":"info","time":"2026-09-19T04:50:41.301Z","service":"vantage-main-server","env":"development","msg":"ringcentral.call_log_sync.started","observability_level":"info","category":"ringcentral","workflow":"ringcentral_call_log_sync","run_id":"2026-08-18T12:00:00.000Z"}
{"level":"info","time":"2026-09-19T04:50:41.301Z","service":"vantage-main-server","env":"development","msg":"ringcentral.call_log_sync.completed","ranAt":"2026-08-18T12:00:00.000Z","windowFrom":"2026-08-18T00:00:00.000Z","windowTo":"2026-08-18T12:00:00.000Z","leaseOwnerHash":"e0e92466da53","leaseAcquired":true,"leaseRecovered":false,"leaseLost":false,"skipped":false,"skipReason":null,"runtimeMs":20,"fetchedRecords":0,"candidateRecords":0,"qualifiedRecords":0,"ingestActions":{"lead_created":0,"lead_created_duplicate":0,"lead_adopted":0,"lead_adopted_duplicate":0,"shadow_recorded":0,"dry_run":0,"skipped_already_processed":0},"adoptedRecords":0,"adoptionConflicts":0,"throttledResponses":0,"leadsCreated":0,"duplicatesFlagged":0,"cursorAdvanced":true,"errors":[]}
{"level":"info","time":"2026-09-19T04:50:41.301Z","service":"vantage-main-server","env":"development","msg":"ringcentral.call_log_sync.completed","observability_level":"info","category":"ringcentral","workflow":"ringcentral_call_log_sync","run_id":"2026-08-18T12:00:00.000Z"}
{"level":"info","time":"2026-09-19T04:50:41.302Z","service":"vantage-main-server","env":"development","msg":"ringcentral.call_log_sync.started","observability_level":"info","category":"ringcentral","workflow":"ringcentral_call_log_sync","run_id":"2026-08-18T12:00:00.000Z"}
{"level":"info","time":"2026-09-19T04:50:41.302Z","service":"vantage-main-server","env":"development","msg":"ringcentral.call_log_sync.completed","ranAt":"2026-08-18T12:00:00.000Z","windowFrom":"2026-08-18T00:00:00.000Z","windowTo":"2026-08-18T12:00:00.000Z","leaseOwnerHash":"e0e92466da53","leaseAcquired":true,"leaseRecovered":false,"leaseLost":false,"skipped":false,"skipReason":null,"runtimeMs":60,"fetchedRecords":3,"candidateRecords":3,"qualifiedRecords":3,"ingestActions":{"lead_created":0,"lead_created_duplicate":0,"lead_adopted":0,"lead_adopted_duplicate":0,"shadow_recorded":0,"dry_run":3,"skipped_already_processed":0},"adoptedRecords":0,"adoptionConflicts":0,"throttledResponses":0,"leadsCreated":0,"duplicatesFlagged":0,"cursorAdvanced":true,"errors":[]}
{"level":"info","time":"2026-09-19T04:50:41.302Z","service":"vantage-main-server","env":"development","msg":"ringcentral.call_log_sync.completed","observability_level":"info","category":"ringcentral","workflow":"ringcentral_call_log_sync","run_id":"2026-08-18T12:00:00.000Z"}
{"level":"info","time":"2026-09-19T04:50:41.303Z","service":"vantage-main-server","env":"development","msg":"ringcentral.call_log_sync.started","observability_level":"info","category":"ringcentral","workflow":"ringcentral_call_log_sync","run_id":"2026-08-18T12:00:00.000Z"}
{"level":"info","time":"2026-09-19T04:50:41.303Z","service":"vantage-main-server","env":"development","msg":"ringcentral.call_log_sync.completed","ranAt":"2026-08-18T12:00:00.000Z","windowFrom":"2026-08-18T00:00:00.000Z","windowTo":"2026-08-18T12:00:00.000Z","leaseOwnerHash":"e0e92466da53","leaseAcquired":true,"leaseRecovered":false,"leaseLost":false,"skipped":false,"skipReason":null,"runtimeMs":40,"fetchedRecords":2,"candidateRecords":2,"qualifiedRecords":2,"ingestActions":{"lead_created":0,"lead_created_duplicate":0,"lead_adopted":0,"lead_adopted_duplicate":0,"shadow_recorded":0,"dry_run":2,"skipped_already_processed":0},"adoptedRecords":0,"adoptionConflicts":0,"throttledResponses":0,"leadsCreated":0,"duplicatesFlagged":0,"cursorAdvanced":true,"errors":[]}
{"level":"info","time":"2026-09-19T04:50:41.303Z","service":"vantage-main-server","env":"development","msg":"ringcentral.call_log_sync.completed","observability_level":"info","category":"ringcentral","workflow":"ringcentral_call_log_sync","run_id":"2026-08-18T12:00:00.000Z"}
{"level":"info","time":"2026-09-19T04:50:41.316Z","service":"vantage-main-server","env":"development","msg":"ringcentral.call_log_sync.started","observability_level":"info","category":"ringcentral","workflow":"ringcentral_call_log_sync","run_id":"2026-08-18T12:00:00.000Z"}
{"level":"info","time":"2026-09-19T04:50:41.317Z","service":"vantage-main-server","env":"development","msg":"ringcentral.call_log_sync.completed","ranAt":"2026-08-18T12:00:00.000Z","windowFrom":"2026-08-18T00:00:00.000Z","windowTo":"2026-08-18T12:00:00.000Z","leaseOwnerHash":"e0e92466da53","leaseAcquired":true,"leaseRecovered":false,"leaseLost":false,"skipped":false,"skipReason":null,"runtimeMs":60,"fetchedRecords":2,"candidateRecords":2,"qualifiedRecords":2,"ingestActions":{"lead_created":0,"lead_created_duplicate":0,"lead_adopted":0,"lead_adopted_duplicate":0,"shadow_recorded":0,"dry_run":2,"skipped_already_processed":0},"adoptedRecords":0,"adoptionConflicts":0,"throttledResponses":0,"leadsCreated":0,"duplicatesFlagged":0,"cursorAdvanced":true,"errors":[]}
{"level":"info","time":"2026-09-19T04:50:41.318Z","service":"vantage-main-server","env":"development","msg":"ringcentral.call_log_sync.completed","observability_level":"info","category":"ringcentral","workflow":"ringcentral_call_log_sync","run_id":"2026-08-18T12:00:00.000Z"}
{"level":"info","time":"2026-09-19T04:50:41.319Z","service":"vantage-main-server","env":"development","msg":"ringcentral.call_log_sync.started","observability_level":"info","category":"ringcentral","workflow":"ringcentral_call_log_sync","run_id":"2026-08-18T12:00:00.000Z"}
{"level":"error","time":"2026-09-19T04:50:41.320Z","service":"vantage-main-server","env":"development","msg":"ringcentral.call_log_sync.failed","leaseOwnerHash":"e0e92466da53","stage":"ingest","errorCode":"ingest_failed","windowFrom":"2026-08-18T00:00:00.000Z","windowTo":"2026-08-18T12:00:00.000Z"}
{"level":"error","time":"2026-09-19T04:50:41.320Z","service":"vantage-main-server","env":"development","msg":"ringcentral.call_log_sync.failed","observability_level":"error","category":"ringcentral","workflow":"ringcentral_call_log_sync","run_id":"2026-08-18T12:00:00.000Z"}
{"level":"info","time":"2026-09-19T04:50:41.320Z","service":"vantage-main-server","env":"development","msg":"ringcentral.call_log_sync.started","observability_level":"info","category":"ringcentral","workflow":"ringcentral_call_log_sync","run_id":"2026-08-18T12:00:00.000Z"}
{"level":"info","time":"2026-09-19T04:50:41.321Z","service":"vantage-main-server","env":"development","msg":"ringcentral.call_log_sync.completed","ranAt":"2026-08-18T12:00:00.000Z","windowFrom":"2026-08-18T00:00:00.000Z","windowTo":"2026-08-18T12:00:00.000Z","leaseOwnerHash":"e0e92466da53","leaseAcquired":true,"leaseRecovered":false,"leaseLost":false,"skipped":false,"skipReason":null,"runtimeMs":30,"fetchedRecords":1,"candidateRecords":1,"qualifiedRecords":1,"ingestActions":{"lead_created":0,"lead_created_duplicate":0,"lead_adopted":0,"lead_adopted_duplicate":0,"shadow_recorded":0,"dry_run":1,"skipped_already_processed":0},"adoptedRecords":0,"adoptionConflicts":0,"throttledResponses":0,"leadsCreated":0,"duplicatesFlagged":0,"cursorAdvanced":true,"errors":[]}
{"level":"info","time":"2026-09-19T04:50:41.321Z","service":"vantage-main-server","env":"development","msg":"ringcentral.call_log_sync.completed","observability_level":"info","category":"ringcentral","workflow":"ringcentral_call_log_sync","run_id":"2026-08-18T12:00:00.000Z"}
{"level":"info","time":"2026-09-19T04:50:41.322Z","service":"vantage-main-server","env":"development","msg":"ringcentral.call_log_sync.started","observability_level":"info","category":"ringcentral","workflow":"ringcentral_call_log_sync","run_id":"2026-08-18T12:00:00.000Z"}
{"level":"info","time":"2026-09-19T04:50:41.323Z","service":"vantage-main-server","env":"development","msg":"ringcentral.call_log_sync.completed","ranAt":"2026-08-18T12:00:00.000Z","windowFrom":"2026-08-18T00:00:00.000Z","windowTo":"2026-08-18T12:00:00.000Z","leaseOwnerHash":"e0e92466da53","leaseAcquired":true,"leaseRecovered":false,"leaseLost":false,"skipped":false,"skipReason":null,"runtimeMs":30,"fetchedRecords":1,"candidateRecords":1,"qualifiedRecords":1,"ingestActions":{"lead_created":0,"lead_created_duplicate":0,"lead_adopted":1,"lead_adopted_duplicate":0,"shadow_recorded":0,"dry_run":0,"skipped_already_processed":0},"adoptedRecords":1,"adoptionConflicts":0,"throttledResponses":0,"leadsCreated":0,"duplicatesFlagged":0,"cursorAdvanced":true,"errors":[]}
{"level":"info","time":"2026-09-19T04:50:41.323Z","service":"vantage-main-server","env":"development","msg":"ringcentral.call_log_sync.completed","observability_level":"info","category":"ringcentral","workflow":"ringcentral_call_log_sync","run_id":"2026-08-18T12:00:00.000Z"}
✔ qualifies an inbound answered call over 120s to a mapped toll-free (17.2066ms)
✔ qualifies a GetMovers inbound call log record (5.055ms)
✔ rejects a call under 120 seconds (1.8279ms)
✔ rejects an outbound call (1.4415ms)
✔ rejects a call to an unmapped number (0.4793ms)
✔ rejects a missed (unanswered) call (0.9217ms)
✔ matches target number across call legs and picks the inbound caller (0.563ms)
✔ aggregates a multi-party session and qualifies the canonical queue party over 120s (3.5976ms)
✔ uses answered agent lifecycle timing when the target queue leg disconnects early (2.4217ms)
✔ rejects a session that disconnected under 120 seconds (0.6401ms)
✔ a live (non-terminal) call over 120s qualifies but is not ingest-eligible (0.5684ms)
✔ an outbound-only session is not a lead (0.4505ms)
﹣ [AC-14][AC-15][AC-16] Unit 20 replica adoption, conflict continuation, races, and rollback (4.4656ms) # Replica-set proof is opt-in via GRANOT_LIFECYCLE_REPLICA_TESTS=true.
✔ [AC-14] one exact immutable-phone candidate is selected without guessing (12.6377ms)
✔ [AC-16] zero and multiple candidates remain explicit outcomes (0.7511ms)
✔ [AC-14][AC-16] candidate window is inclusive at exactly plus/minus 12 hours (2.4609ms)
✔ [AC-14][AC-16] exact boundaries qualify and one millisecond outside does not (1.3248ms)
✔ [AC-16] missing call start fails adoption closed without querying candidates (0.4623ms)
✔ [AC-16] Job-only/missing-phone input is never an adoption candidate (0.4103ms)
✔ adoption match key stays exact Source Granularity plus ingested phone (1.7327ms)
✔ [AC-16] different Source Granularity with the same phone is not an adoption candidate (1.6445ms)
✔ [AC-14] current-contact drift cannot replace immutable creation phone (1.7779ms)
✔ [AC-14] telephony session wins over call-log identity (3.2048ms)
✔ [AC-14] adoption statuses are terminal replay outcomes (0.478ms)
✔ [AC-14] call-log race fence is declared unique and sparse (0.2755ms)
✔ recording adapter uses fixed account endpoints and discards contentUri (65.3017ms)
✔ streaming client shares JWT refresh once, returns headers and forbids redirects (2.509ms)
✔ recording deadline bounds stalled token acquisition and unauthorized refresh (1.5824ms)
{"level":"info","time":"2026-09-19T04:50:43.437Z","service":"vantage-main-server","env":"development","msg":"ringcentral.ingest.skipped_already_processed","telephonySessionId":"u20-session","callLogId":null,"previousStatus":"lead_adopted","ingestionSource":"webhook"}
✔ [AC-14] telephony replay returns before adoption candidate work (4.6868ms)
✔ [AC-14][AC-15] adoption occurs before duplicate classification and suppresses create (2.426ms)
✔ [AC-16] no adoption candidate continues through normal ingest (1.3722ms)
✔ [AC-14] webhook and Call Log descriptors enter equivalent convergence (0.987ms)
✔ [AC-14] call-log-only create fails closed before candidate or Lead work without indexes (1.4618ms)
✔ adoption off still creates a RingCentral-origin Call Lead (documented Race B twin) (1.3286ms)
✔ RingCentral ingest lock stays gated on the adoption flag (1.1978ms)
{"level":"info","time":"2026-09-19T04:50:43.447Z","service":"vantage-main-server","env":"development","msg":"ringcentral.ingest.processed","action":"dry_run","writeMode":"dry_run","duplicate":false,"duplicateReason":"unique","ingestionSource":"webhook","telephonySessionId":"u20-session","callLogId":null,"sourceCompany":"main_site","durationSeconds":180,"callLeadId":null}
{"level":"info","time":"2026-09-19T04:50:43.452Z","service":"vantage-main-server","env":"development","msg":"ringcentral.ingest.processed","action":"lead_created","writeMode":"create","duplicate":false,"duplicateReason":"unique","ingestionSource":"webhook","telephonySessionId":"u20-session","callLogId":null,"sourceCompany":"main_site","durationSeconds":180,"callLeadId":"507f1f77bcf86cd799439099"}
✔ first call from a caller is unique (2.3147ms)
✔ a second call from the same caller + source within the window is a duplicate (0.9568ms)
✔ the same telephony session is not counted as its own duplicate (1.9886ms)
✔ [AC-15] the same call-log identity is not counted as its own duplicate (1.573ms)
✔ a call with no caller phone cannot be classified as a duplicate (1.1132ms)
✔ phone numbers in different formats still match as duplicates (0.8001ms)
✔ duplicate lookup uses the earlier-only 90-day window (0.9841ms)
✔ same caller and source exactly 90 days apart is a duplicate (0.8562ms)
✔ same caller and source more than 90 days apart is unique (0.6397ms)
✔ different source is scoped out by the duplicate lookup (0.7827ms)
✔ [AC-15] adopted Lead id is excluded from duplicate classification (0.624ms)
✔ [AC-15][AC-16] unresolved Granot candidates do not create false duplicates (0.7389ms)
✔ [AC-15] adopted Granot candidate from another physical call remains eligible (0.4529ms)
✔ [AC-15] future Leads are outside the earlier-only duplicate window (0.578ms)
✔ builder: mode all is the account telephony path with no direction filter and no withRecordings; inbound builder is byte-for-byte unchanged (3.5628ms)
✔ classification: owned+matching managed by health; owned inbound-only and foreign same-address subscriptions are never managed (1.0982ms)
✔ plan/apply: noop when healthy, create when none owned, foreign same-address subscription is reported and untouched (2.0666ms)
✔ renewal: expiring owned subscription is renewed; renewing a foreign id is refused before any provider call (1.6973ms)
✔ repair: blacklisted owned subscription is deleted, marked and recreated; a foreign id is never deleted or replaced (1.5195ms)
✔ health edges: unknown expiry is renew-due; unknown or missing status is reported and never repaired (review finding 6) (1.1322ms)
✔ ownership evidence fails closed: create without a recordable store surfaces the created id instead of orphaning it (review finding 7) (3.2877ms)
✔ provider adapter builds the exact RingCentral subscription requests over the shared client (2.0363ms)
{"level":"info","time":"2026-09-19T04:50:45.880Z","service":"vantage-main-server","env":"development","msg":"ringcentral.webhook.received","receivedAt":"2026-09-19T04:50:45.878Z","method":"POST","validationTokenPresent":true,"contentType":"application/json","userAgent":"node","eventHeaders":{},"subscriptionId":null,"telephonySessionId":null,"partyId":null,"event":"/restapi/v1.0/account/~/telephony/sessions"}
{"level":"info","time":"2026-09-19T04:50:45.882Z","service":"vantage-main-server","env":"development","msg":"ringcentral.webhook.capture.mongo_unavailable_logged","capture":{"provider":"ringcentral","receivedAt":{},"validationTokenPresent":true,"headers":{"host":"127.0.0.1:62581","connection":"keep-alive","content-type":"application/json","validation-token":"synthetic-validation","accept":"*/*","accept-language":"*","sec-fetch-mode":"cors","user-agent":"node","accept-encoding":"gzip, deflate","content-length":"80"},"rawBody":{"uuid":"echo-1","event":"/restapi/v1.0/account/~/telephony/sessions","body":{}},"normalizedPreview":{"subscriptionId":null,"event":"/restapi/v1.0/account/~/telephony/sessions","uuid":"echo-1","timestamp":null,"telephonySessionId":null,"sessionId":null,"partyId":null,"direction":null,"statusCode":null,"fromPhoneNumber":null,"fromName":null,"toPhoneNumber":null,"toName":null,"extensionId":null,"extensionNumber":null},"uuid":"echo-1","event":"/restapi/v1.0/account/~/telephony/sessions"}}
{"level":"info","time":"2026-09-19T04:50:45.883Z","service":"vantage-main-server","env":"development","msg":"ringcentral.webhook.processing.disabled","subscriptionId":null,"telephonySessionId":null}
{"level":"info","time":"2026-09-19T04:50:45.975Z","service":"vantage-main-server","env":"development","msg":"ringcentral.webhook.received","receivedAt":"2026-09-19T04:50:45.975Z","method":"POST","validationTokenPresent":false,"contentType":"application/json","userAgent":"node","eventHeaders":{},"subscriptionId":null,"telephonySessionId":null,"partyId":null,"event":null}
{"level":"info","time":"2026-09-19T04:50:45.975Z","service":"vantage-main-server","env":"development","msg":"ringcentral.webhook.capture.mongo_unavailable_logged","capture":{"provider":"ringcentral","receivedAt":{},"validationTokenPresent":false,"headers":{"host":"127.0.0.1:62581","connection":"keep-alive","content-type":"application/json","accept":"*/*","accept-language":"*","sec-fetch-mode":"cors","user-agent":"node","accept-encoding":"gzip, deflate","content-length":"27"},"rawBody":{"uuid":"echo-2","body":{}},"normalizedPreview":{"subscriptionId":null,"event":null,"uuid":"echo-2","timestamp":null,"telephonySessionId":null,"sessionId":null,"partyId":null,"direction":null,"statusCode":null,"fromPhoneNumber":null,"fromName":null,"toPhoneNumber":null,"toName":null,"extensionId":null,"extensionNumber":null},"uuid":"echo-2"}}
{"level":"info","time":"2026-09-19T04:50:45.975Z","service":"vantage-main-server","env":"development","msg":"ringcentral.webhook.processing.disabled","subscriptionId":null,"telephonySessionId":null}
✔ validation echo: the route echoes Validation-Token on a 200 and fans out only a durable receipt (373.2736ms)
✔ generated MCP prompt, envelope and every tool exactly match server authority (99.1896ms)
✔ closed tool arguments reject authority, operators, arbitrary URLs and excessive pages (16.1704ms)
✔ owner-added operational record kinds are citable through the authoritative strict envelope (2.3898ms)
✔ RingCentral search derives account/phone, bounds pages and excludes unrelated/provider-private content (41.8311ms)
✔ RingCentral reads disabled by default; invalid bounds and caller-supplied authority never reach provider (3.9462ms)
✔ call detail requires prior server admission and rechecks returned subject and id (6.9315ms)
✔ provider errors are coverage failures with no raw body; unknown pagination never claims complete (8.5506ms)
✔ Job Timeline requires authorized resolved Lead and matching server-derived source (0.8544ms)
✔ operational dataset facilitator is closed, paginated, revision-bound, and treats query as literal data (49.6651ms)
✔ fixed provider HTTP adapter uses cached token GET only, no refresh, redirects, alternate host or unbounded body (16.2905ms)
✔ cursor cannot change run, filter, or smuggle a Mongo operator (59.5709ms)
✔ relevance derives only from authorized lead edges and full normalized number (5.6839ms)
✔ projection excludes operational secrets and redacts untrusted free text (8.7267ms)
✔ response contract retains unknown speaker and nullable timing and rejects extra authority (24.8138ms)
✔ missing, negative and invalid billed usage never becomes a known zero (11.709ms)
✔ reservation covers all bounded inputs, reasoning/output and per-step cent rounding (4.0164ms)
✔ server money resolution accepts exact amounts and preserves ambiguity instead of guessing (0.7843ms)
✔ phone equality is Likely; exact session authorizes only that interaction and account (2.642ms)
✔ overlaps are ambiguous; nonoverlapping moves and outside-overlap events stay independent (2.687ms)
✔ unique current Attached outranks candidates; competing Attached blocks; reject and detach persist (0.7737ms)
✔ Form and Call windows include boundaries; later snapshots never backdate identity (2.8208ms)
✔ actual attachment queue and five-minute cron registrations, disabled worker skips without Mongo (3.5029ms)
✔ Owner attachment routes and cron recovery: authority, scope, flag, strict payload, CAS mapping and read-only GET (387.9748ms)
✔ eligibility: all five accepted contexts, both Lead models, exclusions and absent upstream inputs (3.9538ms)
✔ media stream hashes actual bytes, uses immutable account key and cleans transient file (201.5313ms)
✔ media rejects declared and streamed oversize, mismatched length/type and arbitrary audio (108.1613ms)
✔ Retry-After seconds, HTTP date and default (1.4535ms)
✔ text-only transcript retains unknown speakers and unavailable timing (39.2825ms)
✔ provider timing and actual speaker survive cross-boundary payment redaction (2.4413ms)
✔ invalid provider timing is unavailable; pricing is configured and rounded to integer cents (0.787ms)
✖ CSI-12 five-minute cron, authentication, flag-off and default recovery/queue wiring (20.6082ms)
✔ CSI-11 queue stages, cron schedule, auth, flag-off and lease-held wiring (162.9205ms)
✔ CSI-11 modules never import qualification, Lead writers, budgets, STT or LLMs (6.1244ms)
✔ CSI route templates expand only the closed run paths and methods (3.0602ms)
✔ Owner analysis commands bind exact output and source evidence (11.7884ms)
✔ published DTO fixtures preserve undated and review-only rows and unknown coverage (1.9412ms)
✔ accepted policy defaults and invalid schedules (55.9605ms)
✔ strict commands allow undated independent actions and reject operational injection (126.5575ms)
✔ Grok review: empty channels/evidence and duplicate assessment are rejected; no locator gate (79.3166ms)
✔ all CSI model accessors honor isolated database routing without suffix collections (148.5411ms)
✔ signed run token requires scoped principal, live run, dataset, nonce, expiry, subject and tool (9.2266ms)
✔ single-attempt adapter never retries a non-idempotent submission, including 401/429/timeout (3.7233ms)
✔ Direct chat must have exactly the two reviewed people; supports provider member objects (41.0716ms)
✔ SMS and pager use JWT sender and correct endpoint contract (4.0319ms)
✔ repair receipt requires exact ID, sender and Direct membership, not matching text/time (3.8944ms)
✔ repair receipt rejects a Direct chat response for a different chat ID (1.3336ms)
✔ body/customer destination policy handles canonical, formatted and full-width representations (3.7202ms)
✔ versioned templates limit customer identity; purpose/version/client chat are strict (4.3407ms)
✔ optional channels default off (1.1786ms)
✔ documented nudge controls take precedence; aliases cannot widen an explicit channel allowlist (1.4063ms)
✔ nudge routes enforce signed Owner, feature, strict input, idempotency; GET never dispatches (526.1709ms)
✔ repair cron is authenticated, disabled without DB, registered every five minutes (58.9455ms)
✔ 30/15/1440 clocks, Friday close, Sunday, DST and independent weekly calendar (88.8696ms)
✔ day-only waits end at close; Attention next opening; explicit Sunday honoured; ambiguity undated (28.6564ms)
✔ all three actions including undated; snooze preserves contractual overdue and other reasons (30.3183ms)
✔ inbound human versus missed/provider connected; attempts fulfill callback only and retain outcome (39.1601ms)
✔ wait coexistence, official closure precedence, planning denies stale and Owner effects (6.7826ms)
✔ worker, cron and recovery registrations exist without enabling production flags (2.1604ms)
✔ exact names remain proposed; alias ties, duplicate names, missing names and non-Users remain explicit (6.8396ms)
✔ account scope, half-open reassignment, retirement and review authority (7.7231ms)
✔ period validation compares instants and rejects unknown input keys (7.6459ms)
✔ registered identity worker is a flag-off no-op (2.8627ms)
✔ all five Rep routes enforce Owner, strict contracts, scope, flags and idempotency header (412.6383ms)
✔ minute recovery invokes registered bounded rep stage, honors flag and cron authentication (40.3142ms)
✔ call lead browse q includes Granot snapshot name (18.2119ms)
✔ call lead browse phone matches the typed string on live and snapshot paths (1.9571ms)
✔ Call Lead Search phone ORs live, ingested, and Granot snapshot paths (14.2835ms)
✔ Call Lead Search name ORs ingested and Granot name paths (1.5067ms)
✔ Call Lead Search email ORs ingested and Granot email paths (0.7865ms)
✔ Call Lead Search keeps OR across phone, name, and email (0.6305ms)
✔ form lead browse q includes Granot snapshot name (16.7666ms)
✔ form lead browse name includes ingested and Granot name paths (9.7469ms)
✔ form lead browse email includes ingested and Granot email paths (4.1473ms)
✔ form lead browse phone matches the typed string on live and snapshot paths (1.9432ms)
✔ form lead browse empty query finds all leads including duplicates (4.459ms)
✔ form lead browse result card omits snapshot objects (3.6046ms)
✔ form lead search excludes duplicate quarantine leads by default (20.1496ms)
✔ form lead search includes duplicate quarantine leads when requested (0.836ms)
{"level":"info","time":"2026-09-19T04:50:49.929Z","service":"vantage-main-server","env":"development","msg":"sheet_sync.drain.quota_deferral","spreadsheetId":"sheet-1","tabName":"Calls","writes":1}
✔ batches existing-row updates and new-row appends into one call each (7.3532ms)
✔ deletes rows in descending order in a single batchUpdate (3.3983ms)
✔ missing delete rows are an idempotent success (no API call) (0.866ms)
✔ defers all writes when the read-quota reservation is denied (1.7914ms)
✔ partial failure: update call fails but appends still succeed (2.1981ms)
✔ append batches are split by configured row guardrail (1.8879ms)
✔ buildTabRowMap maps Mongo IDs to 1-based row numbers (0.5811ms)
✔ QuotaLimiter grants within budget and denies (with rollback) past it (2.8306ms)
{"level":"info","time":"2026-09-19T04:50:50.343Z","service":"vantage-main-server","env":"development","msg":"sheet_sync.drain.call_lead.created_on_unmatched.skipped","leadId":"6aae14aab7db586f701a8fe1"}
✔ jobPlanner registers mongoose models required for booked-lead populate (2.7782ms)
✔ planJobWrites turns a tombstone's previous_targets into delete writes (4.1936ms)
✔ planJobWrites skips tombstone targets with unknown headers (0.7396ms)
✔ planJobWrites limits retrying tombstones to target_hints (0.7305ms)
✔ planJobWrites returns a single empty plan when a tombstone has no targets (0.6232ms)
✔ planJobWrites dual-writes bad form leads to Forms and Master Bad Leads (4.0461ms)
✔ planJobWrites deletes stale Master Bad Leads row when bad_lead is cleared (1.6547ms)
✔ planJobWrites deletes stale Calls row when duplicate call lead lacks sheet_sync metadata (2.1403ms)
✔ ordinary No-Sync Form deletes Forms only and does not upsert (2.7939ms)
✔ ordinary No-Sync Call deletes Calls only and does not upsert (2.0676ms)
✔ Booking Chain + ordinary No-Sync Call upserts Booked Deals and deletes Calls (2.4553ms)
✔ Unmatched Call without no_sync stays an empty plan with no deletes (3.2817ms)
✔ no_sync + bad_lead matches today's Bad Form dual-write (1.9896ms)
✔ no_sync + Call duplicate matches today's Duplicate Calls plan (1.6596ms)
✔ Form Duplicate upserts Duplicates and does not delete leftover Forms (2.7062ms)
✔ no_sync + Form duplicate matches today's Form Duplicate plan (1.7617ms)
✔ clear no_sync on an ordinary Form upserts Forms (7.9307ms)
✔ isNoSyncLead is false for missing / false / null (1.7677ms)
✔ noSyncAppliesToNormalTabs is false when duplicate or bad_lead (0.5612ms)
{"level":"info","time":"2026-09-19T04:50:58.575Z","service":"vantage-main-server","env":"development","msg":"sheet_sync.outbox.enqueued","coalescingKey":"source_lead:FormLead:6aae14b28de15c96739e13fa","resource":"source_lead","operation":"form_lead.create","jobId":"6aae14b28de15c96739e13fb","dueAt":"2026-09-19T04:51:01.574Z","priority":60}
✔ enqueueSheetSyncJob writes a coalescing upsert keyed by entity (8.1634ms)
✔ enqueueSheetSyncJob threads the caller session for atomic commit (1.027ms)
✔ enqueueSheetSyncTombstone cancels the superseded upsert then writes the delete (1.3771ms)
✔ persistSheetSyncIntent only writes the outbox in queued mode (1.5626ms)
{"level":"info","time":"2026-09-19T04:50:58.580Z","service":"vantage-main-server","env":"development","msg":"sheet_sync.outbox.enqueued","coalescingKey":"booking_chain:b1","resource":"booking_chain","operation":"booked_lead.update","jobId":"6aae14b28de15c96739e13fc","dueAt":"2026-09-19T04:51:01.580Z","priority":80}
{"level":"info","time":"2026-09-19T04:50:58.582Z","service":"vantage-main-server","env":"development","msg":"sheet_sync.outbox.upsert_superseded_by_delete","supersededKey":"source_lead:CallLead:lead-1","cancelled":1}
{"level":"info","time":"2026-09-19T04:50:58.582Z","service":"vantage-main-server","env":"development","msg":"sheet_sync.outbox.tombstone_enqueued","coalescingKey":"delete_source_lead:CallLead:lead-1","resource":"delete_source_lead","operation":"call_lead.delete","jobId":"6aae14b28de15c96739e13fd","mongoId":"lead-1"}
{"level":"info","time":"2026-09-19T04:50:58.583Z","service":"vantage-main-server","env":"development","msg":"sheet_sync.outbox.enqueued","coalescingKey":"source_lead:CallLead:lead-9","resource":"source_lead","operation":"call_lead.update","jobId":"6aae14b28de15c96739e13fe","dueAt":"2026-09-19T04:51:01.583Z","priority":50}
✔ syncSourceLead evaluates no_sync before unmatched and deletes ordinary tabs without the facade (56.7464ms)
✔ projects tariff rows into Timestamp through Carrier columns (4.3035ms)
✔ resolves a Granot Carrier Code to the Moving Carrier name and DOT (2.4117ms)
✔ appends both service rows with resolved Carrier and never upserts by identifier (3.6826ms)
✔ appends Linehaul plus a free-text Service row (1.0858ms)
✔ refuses an empty append (0.5516ms)
✔ hasBbbRedaction detects BBB PII redaction tokens (1.84ms)
✔ listTestimonialsQuerySchema coerces pagination and boolean filters (5.0637ms)
✔ buildTestimonialFilter applies only provided query flags (2.225ms)
✔ adminTestimonialsQuerySchema coerces admin filters and sort direction (4.2901ms)
✔ buildAdminTestimonialFilter applies reviewer, rating, customer, and date filters (1.0284ms)
✔ listTestimonials returns paginated landing-page items (1.0794ms)
✔ listAdminTestimonials returns admin fields and applies requested sort (1.0644ms)
✔ listAdminTestimonialReviewerNames returns sorted unique non-empty names (2.2189ms)
{"level":"warn","time":"2026-09-19T04:51:01.220Z","service":"vantage-main-server","env":"development","msg":"source_lead.update.booking_missing","operation":"call_lead.update","leadModel":"CallLead","leadId":"6aae14b51176fbaef4a9e6b2","bookingId":"6aae14b51176fbaef4a9e6b3"}
✔ booked call lead refreshes attached booking customer and local (17.3811ms)
✔ booked form lead refreshes attached booking customer and local (2.1344ms)
✔ unbooked lead keeps source lead sync target (0.7618ms)
✔ stale booking reference falls back to source lead sync (1.6892ms)
✔ mismatched booking reference falls back to source lead sync (1.8893ms)
{"level":"warn","time":"2026-09-19T04:51:01.222Z","service":"vantage-main-server","env":"development","msg":"source_lead.update.booking_mismatch","operation":"call_lead.update","leadModel":"CallLead","leadId":"6aae14b51176fbaef4a9e6b4","bookingId":"6aae14b51176fbaef4a9e6b5","bookingLeadModel":"FormLead","bookingLeadId":"6aae14b51176fbaef4a9e6b6"}
✔ V1ServiceError preserves the original (message, statusCode = 400) constructor signature (3.6651ms)
✔ V1ServiceError is an AppError (single instanceof handles both legacy and typed throws) (0.5797ms)
✔ V1ServiceError keeps its historical `name` so existing log filters match (0.3175ms)
✔ V1ServiceError maps its statusCode onto a stable error code for logs (0.496ms)
✔ parseFloridaCalendarDate stores YYYY-MM-DD as Florida calendar midnight UTC (2.8901ms)
✔ formatFloridaCalendarDate renders stored calendar dates without local timezone drift (1.6652ms)
✔ floridaCalendarToday uses the America/New_York calendar day (0.6101ms)
✔ floridaCalendarDateInputValue returns YYYY-MM-DD in Florida time (0.4854ms)
✔ toFloridaTimestamp stores Eastern daylight time clock components (0.7012ms)
✔ toFloridaTimestamp stores Eastern standard time clock components (0.48ms)
✔ easternDateTimeParts reads America/New_York wall clock in standard and daylight time (1.9421ms)
✔ easternWallClockToUtc maps 8:00 AM Eastern to the matching UTC instant (0.5877ms)
✔ escapeSheetTitleForRange wraps plain titles in single quotes (1.9361ms)
✔ escapeSheetTitleForRange doubles single quotes inside a sheet title (1.9543ms)
✔ escapeSheetTitleForRange preserves whitespace and non-quote punctuation (0.4708ms)
✔ extractRowNumberFromRange parses single-cell updates (0.494ms)
✔ extractRowNumberFromRange parses appended row ranges (0.4794ms)
✔ extractRowNumberFromRange returns undefined for missing or malformed input (0.3754ms)
✔ generateLeadId returns unique established-format identifiers (3.6749ms)
✔ parseGranotCityState accepts multi-word cities and normalizes state (3.2459ms)
✔ Granot location parsing rejects placeholder and malformed values (0.7967ms)
✔ isObjectIdString accepts 24-char hex ids (2.2965ms)
✔ toObjectId parses hex strings (0.8589ms)
✔ toObjectIdOrUndefined maps empty values to undefined (0.7339ms)
✔ job-number-timeline loader does not value-import ObjectId from mongodb (3.3485ms)
✔ newObjectIdHex returns a distinct 24-char hex id (3.339ms)
✔ normalizePhoneNumberForStorage strips US formatting and leading country code (1.8627ms)
✔ normalizePhoneNumberForStorage preserves unrecognized phone values (0.4811ms)
✔ normalizePhoneNumberForStorage preserves explicit foreign numbers (0.295ms)
✔ normalizePhoneNumberForMatch keeps existing last-ten-digits matching behavior (0.3834ms)
✔ normalizePhoneNumberForMatch uses full foreign number digits (0.2592ms)
✔ rep promise and customer callback request stay distinct kinds (21.3869ms)
✔ multiple commitments accept an undated action without inventing a due date (2.2266ms)
✔ voicemail with unknown speaker is valid and is not human conversation (5.9763ms)
✔ contact restriction is schema-valid without closing Outreach (6.9133ms)
✔ owner-instruction disagreement cites the exact instruction revision (13.3233ms)
✔ rejects extra operational fields on the envelope and nested objects (3.9782ms)
✔ rejects malformed evidence references (4.1415ms)
✔ rejects unknown finding kinds, duplicate keys, and dangling finding_keys (5.0046ms)
✔ schema validation does not authorize evidence or apply business effects (1.0762ms)
✔ enforces document 10 engineering bounds (8.3265ms)
✔ createCallLeadSchema accepts a job_no-only call lead (6.1341ms)
✔ updateFormLeadSchema accepts canonical pickup and delivery cities (3.0872ms)
✔ createCallLeadSchema rejects call leads without phone_number or job_no (1.1539ms)
✔ createBookedLeadFromSourceSchema accepts CallLead booking with only call_job_no (2.6779ms)
✔ createReferralBookingSchema accepts owner-facing referral booking fields (1.4518ms)
✔ createReferralBookingSchema accepts optional customer_phone (0.3907ms)
✔ createBookedLeadFromSourceSchema accepts optional customer contact fields (1.4415ms)
✔ createCustomerSchema accepts name-only customers (0.6379ms)
✔ createReferralBookingSchema rejects server-owned referral source fields (0.895ms)
✔ createLeadlessBookingSchema accepts owner-facing leadless booking fields (1.4625ms)
✔ createLeadlessBookingSchema accepts booking without customer contact fields (0.3573ms)
✔ createLeadlessBookingSchema rejects server-owned leadless flags (0.3936ms)
✔ createBookedLeadSchema accepts FormLead booking by Mongo id without job_no (2.0216ms)
✔ createBookedLeadFromSourceSchema accepts transient CallLead booking phone (0.4489ms)
✔ createBookedLeadFromSourceSchema accepts CallLead booking with only phone on Best Relocation import (0.3959ms)
✔ createBookedLeadFromSourceSchema rejects Owner Call Lead booking with only phone (0.5319ms)
✔ createBookedLeadFromSourceSchema rejects CallLead booking without job or phone (0.4174ms)
✔ createFormLeadSchema does not accept duplicate from clients (3.1564ms)
✔ createFormLeadSchema does not accept bad_lead from clients (0.5992ms)
✔ createFormLeadSchema accepts optional lid from clients (0.7125ms)
✔ createFormLeadSchema accepts Best Relocation UUID identity and sheet flags (0.5537ms)
✔ createFormLeadSchema rejects malformed lid values (0.5851ms)
✔ updateFormLeadSchema accepts duplicate for backfill and admin patches (0.4022ms)
✔ updateFormLeadSchema accepts and clears bad_lead reasons (0.7884ms)
✔ createFormLeadSchema accepts optional wordpress_submission_key (0.905ms)
✔ createFormLeadSchema defaults post_to_granot to false when omitted (0.3302ms)
✔ createFormLeadSchema defaults an omitted or blank ref_no (0.6739ms)
✔ createFormLeadSchema accepts first and last name without name (0.384ms)
✔ createFormLeadSchema rejects payloads without any name fields (0.4932ms)
✔ createFormLeadSchema accepts post_to_granot boolean false (0.3812ms)
✔ createFormLeadSchema accepts post_to_granot string false (0.2345ms)
✔ createFormLeadSchema accepts boolean sms_consent (0.3794ms)
✔ createFormLeadSchema coerces string sms_consent values (0.3196ms)
✔ createFormLeadSchema accepts typo emails as plain strings (0.2535ms)
✔ createCallLeadSchema does not accept server-owned flags from clients (0.4293ms)
✔ createCallLeadSchema accepts imported qualification flags (0.3036ms)
✔ createCallLeadSchema accepts optional first and last name (0.4398ms)
✔ createCallLeadSchema accepts Best Relocation Inbounds webhook payload (0.6191ms)
✔ bookedCallLeadReconciliationBatchSchema accepts Booked Jobs CRM rows (2.9337ms)
✔ CallLead model validates job_no-only identity (12.8737ms)
✔ CallLead model stores form_fill when computed by the service (4.2628ms)
✔ BookedLead model validates phone-only CallLead bookings without job_no (8.5197ms)
✔ BookedLead model validates leadless referral bookings (2.9559ms)
✔ BookedLead model validates leadless bookings without lead linkage (1.8732ms)
✔ BookedLead model still requires lead linkage for non-referral bookings (3.1252ms)
✔ FormLead model stores duplicate quarantine flag (3.3117ms)
✔ FormLead model stores bad_lead enum values (1.8278ms)
✔ FormLead model and update validation support lossless legacy bad-tab provenance (2.1054ms)
✔ FormLead model rejects unknown bad_lead values (1.8571ms)
✔ FormLead model defaults missing state fields to not_found (1.0034ms)
✔ CallLead model rejects identity-less documents (1.2254ms)
✔ FormLead model accepts receiver_agent provenance fields (1.1602ms)
✔ FormLead model rejects an unknown receiver_agent_source value (2.1222ms)
✔ CallLead model accepts receiver_agent provenance fields (1.6739ms)
✔ updateFormLeadSchema accepts receiver_agent linking fields (0.4711ms)
✔ updateCallLeadSchema accepts receiver_agent linking fields (1.9406ms)
✔ searchFormLeadsSchema accepts typo emails as plain strings (0.7488ms)
✔ searchFormLeadsSchema accepts include_duplicates to search quarantined leads (0.1635ms)
✔ resolveGranotFormLeadSchema keeps provider refs and requires a Granot source (0.5812ms)
✔ granotFormLeadSyncSchema separates the patch from its source precondition (4.3629ms)
✔ browseFormLeadsQuerySchema allows an empty query (view all) with defaults (0.7833ms)
✔ browseFormLeadsQuerySchema accepts a standalone source_company filter (0.2373ms)
✔ browseFormLeadsQuerySchema coerces booked and limit query strings (0.2161ms)
✔ browseFormLeadsQuerySchema rejects unknown keys (0.1958ms)
✔ browseCallLeadsQuerySchema accepts job_no and full-text q (0.6448ms)
✔ [AC-07] [AC-10] public/admin Form create and patch reject internal lifecycle metadata (5.1809ms)
✔ [AC-12] public/admin Call create and patch reject internal lifecycle metadata (4.2933ms)
✔ create and update Form and Call schemas accept optional no_sync (0.8139ms)
✔ [AC-07] ordinary Form create still requires move_size; ordinary Call still requires phone or job_no (0.6058ms)
✔ create and update Cancellation schemas reject client-supplied correlation snapshots (13.86ms)
✔ reconciliation list query accepts owner_booking origin (18.7012ms)
✔ create-and-attach validates Form Lead fields for its selected model (9.6223ms)
✔ create-and-attach requires Phone or Job Number for a Call Lead (1.4786ms)
✔ [AC-31] foundation activation input is strict and bounded (4.9605ms)
✔ [AC-37] requeue reason is strict 10-500 and rejects unknown keys (0.9542ms)
✔ [AC-35] portion lifecycle error envelopes stay raw-free (0.2434ms)
✔ [AC-34] extension apply item requires lowercase UUID v4 and raw statement scalars (3.3841ms)
✔ [AC-02] batch rejects duplicate operation IDs and more than 100 items (0.7687ms)
✔ [AC-23][AC-35][AC-36] discrepancy filters and Owner bodies are strict and revision guarded (5.1964ms)
✔ receipt search query is strict, normalizes identity, and implies booking_status_changed (3.1915ms)
✔ [AC-18] [AC-19] case list query is strict, bounded, and validates date order (2.2517ms)
✔ [AC-35] candidate and timeline queries reject unsafe cursor/contact shapes (1.6684ms)
✔ [AC-40] Lead timeline accepts only the exact model union and ObjectId (0.9446ms)
✔ [AC-22] confirm Booking input is strict and validates exact official cents (3.1258ms)
✔ Connect Booking to Lead input is strict and requires selected_lead (1.2593ms)
✔ Connect candidate query allows empty q and rejects unknown keys (0.896ms)
✔ [AC-28] Referral Booking input accepts only case revision and strict official details (1.7776ms)
✔ [AC-22] confirm Booking accepts one or two unique Agents and rejects a matching secondary (0.8291ms)
✔ [AC-24] update Booking is a strict complete replacement with both revisions (1.6302ms)
✔ [AC-20] Booking No Action reasons are independently optional and strict (0.8608ms)
✔ [AC-25] Confirm Cancellation accepts only strict official fields with exact date and cents (1.3653ms)
✔ lead message admin query applies bounded pagination (6.9043ms)
✔ manual retry requires explicit confirmation (1.1961ms)
✔ Simple CPL validation requires revisions and cents-precise nonnegative amounts (11.1885ms)
✔ Advanced CPL validation accepts only explicit discriminated commands (2.456ms)
✔ Correction preview validates an inclusive ordered business-date window (3.5824ms)
✔ catalog update accepts Granot username correction with optional reason (6.8559ms)
✔ catalog update rejects reason-only payloads (3.4927ms)
✔ Source Company writes reject embedded granularities and compatibility defaults (3.5191ms)
✔ Source Granularity create requires a first-class company ObjectId (2.5352ms)
✔ Source Granularity update rejects immutable identity fields (2.1653ms)
✔ source activation and resolution preview parse contract fields (1.6837ms)
✔ createTariffAdjustmentsSchema accepts two shared-field service rows (7.1634ms)
✔ createTariffAdjustmentsSchema accepts a Linehaul-only payload (0.8539ms)
✔ createTariffAdjustmentsSchema accepts Linehaul plus an owner-written service (0.6228ms)
✔ createTariffAdjustmentsSchema accepts three matching rows (2.8681ms)
✔ createTariffAdjustmentsSchema allows omitted effective_date when all rows omit it (1.1545ms)
✔ createTariffAdjustmentsSchema rejects an empty rows array (3.3076ms)
✔ createTariffAdjustmentsSchema rejects more than 20 rows (2.0566ms)
✔ createTariffAdjustmentsSchema requires at least one Linehaul row (0.9872ms)
✔ createTariffAdjustmentsSchema requires shared fields to match (0.8406ms)
✔ createTariffAdjustmentsSchema rejects three rows with a mismatched pickup_zone (0.7631ms)
✔ createTariffAdjustmentsSchema requires a 5-digit ZIP and a carrier (1.3237ms)
✔ createTariffAdjustmentsSchema rejects a Service and Rule that are not a Drop Downs pair (0.6449ms)
✔ createTariffAdjustmentsSchema rejects customer and job identifiers (7.6653ms)
ℹ tests 2543
ℹ suites 13
ℹ pass 2428
ℹ fail 1
ℹ cancelled 0
ℹ skipped 114
ℹ todo 0
ℹ duration_ms 342969.3034

✖ failing tests:

test at src\services\salesIntelligence\conversations\transcriptionWiring.test.ts:2:1209
✖ CSI-12 five-minute cron, authentication, flag-off and default recovery/queue wiring (20.6082ms)
  AssertionError [ERR_ASSERTION]: Expected values to be strictly equal:
  + actual - expected
  
  + [Function: analysis]
  - undefined
  
      at TestContext.<anonymous> (C:\Users\Pinda\Proyectos\vantage\vantage-main-server\src\services\salesIntelligence\conversations\transcriptionWiring.test.ts:13:10)
      at Test.runInAsyncScope (node:async_hooks:227:14)
      at Test.run (node:internal/test_runner/test:1325:25)
      at Test.start (node:internal/test_runner/test:1191:17)
      at startSubtestAfterBootstrap (node:internal/test_runner/harness:385:17) {
    generatedMessage: true,
    code: 'ERR_ASSERTION',
    expected: undefined,
    operator: 'strictEqual',
    diff: 'simple'
  }
 ELIFECYCLE  Test failed. See above for more details.
