
> vantage_movers_server@1.0.0 test C:\Users\Pinda\Proyectos\vantage\vantage-main-server
> node --import tsx --import ./scripts/test-setup.ts --test "src/**/*.test.ts" "api/queues/**/*.test.ts" "scripts/api/*.test.ts" "scripts/migrations/cancellation-correlation-snapshots.lib.test.ts" "scripts/migrations/wordpress-form-submission-receipts.lib.test.ts" "scripts/migrations/extension-user-roles-sales-backfill.lib.test.ts" "scripts/migrations/extension-user-roles-array.lib.test.ts" "scripts/migrations/form-lead-unknown-state-local.lib.test.ts" "scripts/prototypes/lead-conversion-and-granot-search/**/*.test.ts" "scripts/prototypes/job-number-timeline/**/*.test.ts"

✔ consumer accepts only { receipt_id } (13.3527ms)
✔ vercel.json registers queue/v2beta topic granot-lifecycle-events* (1.8172ms)
✔ consumer accepts only { job_id } (355.2901ms)
✔ vercel.json registers queue/v2beta topic sales-intelligence-events* (101.9891ms)
✔ loadVantageApiConfig requires VANTAGE_API_SECRET (2.0644ms)
✔ loadVantageApiConfig defaults to production and never echoes the secret (0.5701ms)
✔ production write guard (0.8156ms)
✔ buildVantageApiUrl joins path and query (0.7845ms)
✔ historical analysis stamps only surviving Booking job evidence (4.8494ms)
✔ historical analysis leaves missing Booking links as remainder (0.4208ms)
✔ historical analysis does not infer a job from a Booking without job fields (0.3584ms)
✔ already-stamped historical rows are not remainder and are not reapplied (0.305ms)
✔ inventory summary lists remainder ids only (7.247ms)
✔ roles-array report maps leftover singular role per spec §3.3 (2.9875ms)
✔ already-has-roles rows do not bump token_version and will not apply (0.5289ms)
✔ roles-array summary counts convert versus already-has-roles (0.6988ms)
✔ sales backfill remaps the three production Employee emails and increments token_version (4.3132ms)
✔ sales backfill is a no-op when those emails are already Sales (1.2691ms)
✔ sales backfill leaves jbell, kylm, and ringram unchanged (1.3704ms)
✔ sales backfill summary counts remap versus leave-alone rows (0.5211ms)
✔ September 2026 window is the Florida-stamped calendar month (4.5904ms)
✔ filter is Form Leads in the month with a not_found state (2.8584ms)
✔ classify marks long_distance unknown-state rows for update (1.9326ms)
✔ classify skips rows that are already local (1.5994ms)
✔ summary counts needs_update versus already_local (0.9027ms)
✔ unique idempotency index is named and unique (3.3617ms)
✔ report-first index inventory names present vs missing (0.796ms)
✔ CLI unknown flags fail closed (4.8335ms)
✔ CLI production gate (1.1334ms)
✔ CLI render requires --job-no (0.5446ms)
✔ CLI and load stay zero-mutation (5.3655ms)
✔ CLI render uses the production module (0.9237ms)
✔ Discover score (59.8278ms)
✔ activity grouping preserves every event id (54.0591ms)
✔ proof notes alias Job Numbers and pick required shapes (29.9033ms)
✔ collection count deltas stay empty when counts match (3.5247ms)
✔ percentile uses the ceiling rank (6.3945ms)
✔ observation Job filter remaps equivalentNormalizedJobFilter onto identity.normalized_job_no (3.4314ms)
✔ successful text is accepted, sent, or delivered (2.9269ms)
✔ conversion rate is zero when the cohort is empty (1.7267ms)
✔ two successful messages for one Lead count once (0.4441ms)
✔ SMS booked rate is booked among successfully texted Leads, not all Leads (1.0765ms)
✔ receiver-agent booked and cancelled both use received Leads as the denominator (1.475ms)
✔ blank Job Number is rejected before any search (3.4599ms)
✔ Booked / Releas without booking_status_changed is rejected (1.3406ms)
✔ equivalent Job Numbers resolve to the same hit set (61.2762ms)
✔ event class keeps route_event_class, not payload event_type aliases (0.6494ms)
✔ booking_status_changed Booked and Releas are two granularities (0.9575ms)
✔ Priority 5 is not Booked (0.3678ms)
✔ latest Decision attempt only, and commands attach by observation provenance (0.4218ms)
✔ a command on another Job does not leak into this Job's timeline seed (0.3192ms)
✔ matching roles set authenticates even when order differs (3.3317ms)
✔ set mismatch, missing roles, missing version, email drift, inactive, and deleted fail (0.4853ms)
✔ leftover employee stored role matches Sales plus Customer Service claims (0.3009ms)
✔ refresh rejects a stale token_version (0.3577ms)
✔ issueTokens writes roles and token_version onto the access token (10.5588ms)
✔ PublicExtensionUser is id, email, and roles (0.7782ms)
✔ getExtensionUserFromAccessToken uses the matcher through an injected lookup (6.0762ms)
✔ access token includes roles and token_version (55.4998ms)
✔ singular role tokens and missing claims fail access verify (5.3166ms)
✔ isAccessTokenPayload requires current roles and numeric token_version (0.3218ms)
✔ refresh token still signs and verifies sub plus token_version (1.661ms)
✔ hasExtensionRole Owner checks pass for Owner unions and fail for Sales plus Customer Service (0.3741ms)
✔ lead sheet headers include booked date on Forms and Calls tabs (2.2901ms)
✔ call sheet headers omit owner-hidden descriptive and location columns (0.4549ms)
✔ lead sheet configuration includes duplicate and form fill surfaces (0.2616ms)
✔ source label mapping accepts Granot compact BestRelocation labels (0.3822ms)
✔ top10_leads sheet label is Top 10 Forms while legacy labels still resolve (0.6176ms)
✔ 10 Best inbound labels resolve to tbm_leads (1.4056ms)
✔ GetMovers labels resolve to get_movers_leads (0.5457ms)
✔ Paid Overflow labels resolve to paid_overflow (0.3665ms)
✔ lead sheet source company labels are precise by lead type (0.537ms)
✔ getBookingReconciliationConfig defaults rematch reasons to matching_unavailable and no_match (7.596ms)
✔ parseBookingReconciliationReasons rejects unknown values (13.748ms)
✔ getBookingReconciliationConfig reads configured delays and limits (1.3701ms)
{"level":"info","time":"2026-09-19T05:12:54.090Z","service":"vantage-main-server","env":"development","msg":"operations_registry.compatibility_read","observability_level":"info","category":"admin","workflow":"operations_registry"}
{"level":"info","time":"2026-09-19T05:13:14.323Z","service":"vantage-main-server","env":"development","msg":"operations_registry.compatibility_read","observability_level":"info","category":"admin","workflow":"operations_registry"}
{"level":"info","time":"2026-09-19T05:13:34.562Z","service":"vantage-main-server","env":"development","msg":"operations_registry.compatibility_read","observability_level":"info","category":"admin","workflow":"operations_registry"}
{"level":"info","time":"2026-09-19T05:13:54.732Z","service":"vantage-main-server","env":"development","msg":"operations_registry.compatibility_read","observability_level":"info","category":"admin","workflow":"operations_registry"}
✔ simple-rate sources return their configured CPL for both form and call leads (81013.7672ms)
{"level":"info","time":"2026-09-19T05:14:14.866Z","service":"vantage-main-server","env":"development","msg":"operations_registry.compatibility_read","observability_level":"info","category":"admin","workflow":"operations_registry"}
{"level":"info","time":"2026-09-19T05:14:34.979Z","service":"vantage-main-server","env":"development","msg":"operations_registry.compatibility_read","observability_level":"info","category":"admin","workflow":"operations_registry"}
{"level":"info","time":"2026-09-19T05:14:55.082Z","service":"vantage-main-server","env":"development","msg":"operations_registry.compatibility_read","observability_level":"info","category":"admin","workflow":"operations_registry"}
{"level":"info","time":"2026-09-19T05:15:15.155Z","service":"vantage-main-server","env":"development","msg":"operations_registry.compatibility_read","observability_level":"info","category":"admin","workflow":"operations_registry"}
{"level":"info","time":"2026-09-19T05:15:35.256Z","service":"vantage-main-server","env":"development","msg":"operations_registry.compatibility_read","observability_level":"info","category":"admin","workflow":"operations_registry"}
✔ best_relocation_leads splits form CPL by local vs long_distance but not call CPL (100540.1686ms)
✔ not_provided always reports CPL 0 without querying CplRate (30174.8332ms)
{"level":"info","time":"2026-09-19T05:16:25.612Z","service":"vantage-main-server","env":"development","msg":"operations_registry.compatibility_read","observability_level":"info","category":"admin","workflow":"operations_registry"}
{"level":"info","time":"2026-09-19T05:16:45.643Z","service":"vantage-main-server","env":"development","msg":"operations_registry.compatibility_read","observability_level":"info","category":"admin","workflow":"operations_registry"}
{"level":"info","time":"2026-09-19T05:17:05.673Z","service":"vantage-main-server","env":"development","msg":"operations_registry.compatibility_read","observability_level":"info","category":"admin","workflow":"operations_registry"}
✔ legacy source labels are normalized before CPL lookup (60154.5059ms)
{"level":"info","time":"2026-09-19T05:17:25.696Z","service":"vantage-main-server","env":"development","msg":"operations_registry.compatibility_read","observability_level":"info","category":"admin","workflow":"operations_registry"}
{"level":"info","time":"2026-09-19T05:17:35.703Z","service":"vantage-main-server","env":"development","msg":"operations_registry.compatibility_read","observability_level":"info","category":"admin","workflow":"operations_registry"}
✔ falls back to canonical defaults when Mongo is unreachable (20019.1544ms)
✔ missing Redis URL or token returns a null client (17.1855ms)
✔ UPSTASH_* names construct a client and KV_* aliases do too (4.8321ms)
✔ read-only token, KV_URL, and REDIS_URL are not used for the client (6.7118ms)
✔ test runner never publishes Daily Operations Redis writes (4.7672ms)
✔ TEST_MODE also keeps Daily Operations Redis publish off (0.7981ms)
✔ missing credentials keep publish off even outside the TEST_MODE flag (0.5454ms)
✔ Redis stream key uses VERCEL_ENV production or preview, otherwise local (0.8474ms)
✔ collection names use the test prefix in the test runner (1.81ms)
✔ parseEmployeeBookingAutoMatchRules preserves Exact Job Booking Attach order (4.5414ms)
✔ parseEmployeeBookingAutoMatchRules accepts none (0.7771ms)
✔ parseEmployeeBookingAutoMatchRules rejects duplicates (1.5955ms)
✔ parseEmployeeBookingAutoMatchRules rejects retired phone, LID, and email rules (0.7215ms)
✔ getEmployeeBookingMatchingConfig defaults to Exact Job Booking Attach (1.9014ms)
✔ getEmployeeBookingMatchingConfig reads env values (0.8424ms)
✔ snapshotEmployeeBookingAutoMatchPolicy uses parsed config, not a raw env string (0.6737ms)
✔ Google service account env var name constants match the production / test names (2.8776ms)
✔ Google service account env var selectors swap to the *_TEST_* names in test mode (1.905ms)
✔ completion redirect must match configured trusted admin origin (3.6688ms)
✔ localhost completion redirect is rejected in production (0.5749ms)
✔ production detection follows NODE_ENV and VERCEL_ENV (3.2731ms)
✔ owner email allowlist keeps the primary identity and unions extras (1.9296ms)
✔ owner email allowlist rejects blank or duplicate extras (5.5041ms)
✔ [AC-31] foundation execution mode is historical without activation and permanent before cutoff (2.012ms)
✔ [AC-31] foundation channel never changes execution mode (0.4044ms)
✔ lifecycle flags default to processing true, shadow true, and all effects false (2.2541ms)
✔ malformed lifecycle flag values fail closed (1.0223ms)
✔ blank Granot webhook secret is treated as missing configuration (2.5763ms)
✔ lifecycle queue topic is environment scoped (1.4173ms)
✔ lifecycle queue publishing stays off in the test runner and unapproved environments (0.8234ms)
✔ lead messaging mode defaults invalid and missing values to disabled (2.5824ms)
✔ lead messaging credentials use only definite environment variables (4.6469ms)
✔ lead messaging queue topic is environment scoped and test-safe (1.2301ms)
✔ Granot create-if-missing SMS stays off unless the env flag is an explicit boolean true (1.7368ms)
✔ quiet-hours scheduling is off unless the env flag is exactly true (0.9965ms)
✔ lead messaging abuse guards have safe defaults and env overrides (21.1389ms)
✔ a successful confirmation text is accepted, sent, or delivered (1.3854ms)
✔ observability is disabled inside the test runner even with opt-in flags (4.0277ms)
✔ node test runner disables observability writes even when explicitly allowed (1.3464ms)
✔ bootstrap test runner marker survives env cleanup (1.5759ms)
✔ ALLOW_TEST_OBSERVABILITY is ignored on Vercel runtimes (3.766ms)
✔ zip-state and auth capture flags are off while observability is disabled (3.2605ms)
✔ node test runner always forces test observability collections (1.1059ms)
✔ write mode parses values while test runner still blocks collection writes (4.2375ms)
✔ collection names follow runtime TEST_MODE by default (1.32ms)
✔ collection mode production/test override TEST_MODE (2.0912ms)
✔ collection prefix is applied to default names (1.1193ms)
✔ custom collection mode cannot override forced test collections in the test runner (6.6115ms)
✔ event min level and info capture gate persistence (3.5146ms)
✔ owner-visible info events can bypass general info suppression (12.0518ms)
✔ email mode defaults to log_only and immediate levels default to critical (2.008ms)
✔ owner events parse from csv (1.4974ms)
✔ config validation keeps test collections under custom mode in the test runner (0.9161ms)
✔ Google reporting delivery kill switch is fail-closed (2.5416ms)
✔ Google reporting delivery kill switch accepts only explicit true (0.3898ms)
✔ isTestMode is true only for the literal string 'true' after trim/lowercasing (2.9411ms)
✔ shouldWriteSourceLeadSheets is false by default and only true for the literal 'true' (1.1482ms)
✔ getMongoDatabaseName swaps between the prod and test databases on TEST_MODE (0.7854ms)
✔ getRuntimeSheetContainerEnvVar prefixes TEST_ in test mode and is identity otherwise (0.59ms)
✔ getRequiredEnv throws when the env var is missing or blank, with the var name in the message (1.3187ms)
✔ sheet container id helpers route through the TEST_-prefixed env var in test mode (1.162ms)
✔ getSourceLeadSheetContainerId returns undefined for not_provided (no source sheet env var) (0.3204ms)
✔ getSourceLeadSheetContainerId returns undefined for paid_overflow (Master Sheets only) (0.262ms)
✔ getSheetSyncMode defaults to legacy and parses known values (3.395ms)
✔ queue topic is env-scoped and overridable (1.0828ms)
✔ budgets default below documented Google limits and parse overrides (1.4348ms)
✔ drain guardrails default to fast queue draining and parse overrides (14.8347ms)
✔ shouldPublishSheetSyncQueue stays off outside production Vercel (1.2884ms)
✔ isVercelFunctionRuntimeEnv requires hosted runtime markers (0.7814ms)
✔ shouldPublishSheetSyncQueue is always off during the test runner (0.6704ms)
✔ shouldPublishSheetSyncQueue keeps test runner guard after env cleanup (0.505ms)
✔ coalescing keys follow the design doc shape (1.4462ms)
✔ delete resources supersede their matching upsert keys (1.3506ms)
✔ priority ordering: deletes > booking > cancellation > create > update (0.7001ms)
✔ maps Initial Price cubic feet onto the Drop Downs Linehaul ranges (2.1762ms)
✔ treats Binding Estimate Fee as automatic, not an owner dropdown (0.5939ms)
✔ rules for a Service stay inside that Service (3.7565ms)
{"level":"info","time":"2026-09-19T05:10:43.895Z","service":"vantage-main-server","env":"development","msg":"logger.test.circular","data":{"name":"ring","self":"[Circular]"}}
✔ logger does not throw when an object passed to info() contains a circular reference (35.5665ms)
✔ logger does not throw when an object passed to info() contains BigInt values (0.734ms)
✔ logger does not throw when err key is a non-Error value (48.9916ms)
✔ logger does not throw when given undefined or null payloads (3.1502ms)
✔ logger exposes the pino API the codebase relies on (1.5505ms)
{"level":"info","time":"2026-09-19T05:10:43.930Z","service":"vantage-main-server","env":"development","msg":"logger.test.bigint","pos":1234567890123456789,"neg":-9876543210123456789}
{"level":"error","time":"2026-09-19T05:10:43.931Z","service":"vantage-main-server","env":"development","err":"plain string error","msg":"logger.test.string_err"}
{"level":"error","time":"2026-09-19T05:10:43.931Z","service":"vantage-main-server","env":"development","err":{"code":"E_BAD","details":{"a":1}},"msg":"logger.test.object_err"}
{"level":"error","time":"2026-09-19T05:10:43.931Z","service":"vantage-main-server","env":"development","err":null,"msg":"logger.test.null_err"}
{"level":"error","time":"2026-09-19T05:10:43.979Z","service":"vantage-main-server","env":"development","msg":"logger.test.undefined_err"}
{"level":"info","time":"2026-09-19T05:10:43.985Z","service":"vantage-main-server","env":"development","msg":"plain string message"}
{"level":"info","time":"2026-09-19T05:10:43.986Z","service":"vantage-main-server","env":"development","msg":"logger.test.empty"}
{"level":"warn","time":"2026-09-19T05:10:43.986Z","service":"vantage-main-server","env":"development","msg":"logger.test.warn_no_data"}
✔ requireApiSecret accepts the global API secret on any v1 route (12.8516ms)
✔ requireApiSecret accepts a source-scoped key for its configured route (21.7743ms)
✔ requireApiSecret accepts a source-scoped key for configured call lead route (1.9351ms)
✔ requireApiSecret rejects a scoped key on a different route (6.6449ms)
✔ requireApiSecret rejects a scoped key for a different source company (2.5274ms)
✔ requireApiSecret rejects Sales plus Customer Service Bearer on form-lead data routes (3.8715ms)
✔ requireApiSecret allows Sales plus Customer Service Bearer on Tariff Adjustment Submit (3.0768ms)
✔ requireApiSecret rejects Sales-only Bearer on tariff, form-lead, and Enrichment apply routes (1.5271ms)
✔ requireApiSecret allows Customer Service Bearer on Tariff Adjustment Submit (1.0513ms)
✔ requireApiSecret rejects Customer Service Bearer on form-lead data routes (1.0375ms)
✔ requireApiSecret allows Owner Bearer on Tariff Adjustment Submit (0.9307ms)
✔ requireApiSecret rejects unknown secrets (2.0494ms)
✔ [AC-01] both valid secrets store header_secret and still validate the body (7.1407ms)
✔ [AC-01] one valid form authenticates; missing, wrong, nonscalar, and mismatched dual secrets do not (1.0167ms)
✔ [AC-01][AC-35] middleware deletes the body credential before 500, 401, and success (7.1392ms)
✔ [AC-01] nonscalar header or body forms are unauthorized and still strip the body key (0.9498ms)
✔ [AC-01][AC-35] delete helper removes the body credential without exposing it (3.5051ms)
✔ [AC-08][AC-12] CallLead defaults quoted/post_to_granot false and has exact provenance paths (86.7277ms)
✔ [AC-12] Call quoted and ingested snapshot/origin are immutable after insert (4.8734ms)
✔ [AC-12] new Call rows reject legacy_unknown and malformed provenance (39.2307ms)
✔ [AC-12] CallLead receiver-agent enum gains granot_username_match (0.5229ms)
✔ [AC-07] CallLead declares the three exact S08 indexes and no unique Lead Job index (2.9216ms)
✔ [AC-14] RingCentral original caller evidence is required and immutable (8.0817ms)
✔ CancelledLead persists the four correlation snapshot fields (44.4979ms)
✔ CancelledLead correlation snapshots are immutable after insert (12.5128ms)
✔ CancelledLead snapshot index is named and not auto-unique (3.8597ms)
✔ [AC-21] command execution model keeps unique origin/idempotency and command_id indexes (5.5918ms)
✔ [AC-32] origin enum accepts the four command origins and nested applied result (3.4517ms)
✔ [AC-21] legacy top-level refs/warnings derive the stored applied result without rewrite (8.2997ms)
✔ [AC-32] EntityChange model uses the named collection and four exact indexes (6.843ms)
✔ [AC-32] EntityChange requires adjacent nonnegative revisions and matching changed_paths (51.5015ms)
✔ [AC-32] contact/address and delete fields are reference_only with no raw values (31.501ms)
✔ [AC-32] EntityChange serialization omits payload, headers, secrets, and unmasked contact (41.6891ms)
✔ [AC-32] EntityChange save and query hooks reject post-insert mutation (14.217ms)
✔ [AC-10] [AC-11] FormLead declares exact origin, snapshot, job, and provenance paths (46.56ms)
✔ [AC-03] Form Job Number is distinct from Tracking Reference ref_no (7.9783ms)
✔ [AC-10] ingested Form snapshots and origin are immutable after insert (15.4565ms)
✔ [AC-10] new Form rows cannot use legacy_unknown or legacy_baseline (19.9555ms)
✔ [AC-07][AC-08] trusted Form may omit move size/date without inventing facts (28.9374ms)
✔ [AC-12] FormLead receiver-agent enum gains granot_username_match and keeps compatibility (0.374ms)
✔ [AC-07] FormLead declares the four exact S08 indexes and no unique Lead Job index (6.0117ms)
✔ [AC-38] GranotAutomationSource declares an optional CRM reference and non-unique lookup index (3.1186ms)
▶ GranotBookingDiscrepancy
  ✔ [AC-26][AC-35][AC-36] fixes Booking reasons and exact partial indexes (3.8303ms)
  ✔ [AC-26][AC-36] rejects Release reasons and unsafe resolved/evidence mutation (43.2146ms)
✔ GranotBookingDiscrepancy (49.0741ms)
▶ GranotBookingReconciliationCase model
  ✔ [AC-20] declares the exact six named indexes and open partial uniqueness (4.3296ms)
  ✔ [AC-18] validates exact defaults, enums, evidence shape, and bounded context (33.6251ms)
  ✔ [AC-20] rejects mutation of existing evidence IDs and every resolved-row write (12.1722ms)
✔ GranotBookingReconciliationCase model (52.9261ms)
✔ GranotCrmSource keeps the operational CSV collection and model name (4.6597ms)
✔ legacy and new rows default to disabled deferred observation-only policy (16.7296ms)
✔ declares the three named lifecycle indexes without removing CSV uniqueness (2.1011ms)
✔ normalized labels use NFKC, trim, collapse, lowercase, and reject empty/control/bidi (1.0804ms)
✔ model writes reject illegal Call/Form/mixed/ambiguous routes (25.2123ms)
✔ referral_booking and deferred reject Lead routes and non-observation policies (6.0956ms)
✔ enabled source_scoped_lead requires active same-company matching-channel refs and policy version (2.0156ms)
✔ disabled rows may keep reviewed policy but still reject structurally illegal routes (0.5544ms)
✔ client-supplied normalized labels that disagree with the server fail closed (0.4953ms)
✔ [AC-31] Activation model is write-once with a unique key index (5.6515ms)
✔ [AC-31] Activation rejects unknown keys and post-insert mutation (46.334ms)
✔ [AC-05] Observation model uses the named collection and mongoose name (5.1695ms)
✔ [AC-05][AC-06][AC-25][AC-29] declares exactly six named indexes and unique receipt_id only (3.3082ms)
✔ [AC-05][AC-06][AC-25] frozen Observation enums are not widened (0.4673ms)
✔ [AC-05] Observation documents reject unknown kinds, results, and issue codes (84.5542ms)
✔ [AC-05] Observation documents omit processing, target, policy, and effect fields (14.6788ms)
✔ [AC-05] model save and query hooks reject post-insert Observation mutation (39.4704ms)
✔ [AC-02] receipt keeps the physical collection and mongoose model name (4.6326ms)
✔ [AC-02] declares only the five named Section 9.1 indexes (2.187ms)
✔ [AC-02] unique operation-id index is partial and payload hash index is never unique (3.7623ms)
✔ [AC-02] webhook receipts require route_event_class and forbid channel_operation_kind (34.3705ms)
✔ [AC-02] extension and automation receipts require operation kind and operation id (28.0794ms)
✔ [AC-02] operation-id validation rejects empty, overlong, control, bidi, and wrong-channel shapes (46.3663ms)
✔ [AC-02] last_error.message is capped at 500 characters (8.7115ms)
✔ [AC-02] legacy capture-shaped create is rejected after compatibility retirement (4.3971ms)
✔ [AC-02] model save rejects post-insert evidence mutation (19.7725ms)
✔ [AC-02] query updates reject non-processing operators and evidence paths (12.9743ms)
✔ [AC-02] replace and delete query hooks reject evidence mutation (9.4779ms)
✔ [AC-32] Record Link model declares the three named indexes including partial unique job (5.2824ms)
✔ [AC-32] Record Link establishment defaults and snapshot normalize back to the Job Number (52.0068ms)
✔ [AC-23][AC-32] disputed active links remain lookup-visible and correction supersession is narrowly allowlisted (1.7579ms)
✔ [AC-32] Record Link query hooks reject replace and delete (6.3593ms)
▶ GranotReleaseDiscrepancy
  ✔ [AC-27][AC-35][AC-36] fixes Release reasons and separate indexes (3.1162ms)
  ✔ [AC-27][AC-36] accepts only Release reason rows (48.2727ms)
✔ GranotReleaseDiscrepancy (53.2328ms)
▶ GranotReleaseReconciliationCase model
  ✔ [AC-25][AC-36] requires deterministic Booking identity and declares the five Release indexes (67.0365ms)
  ✔ [AC-35][AC-36] strips forbidden transport fields and enforces revisions plus immutable guards (13.7186ms)
✔ GranotReleaseReconciliationCase model (84.7099ms)
✔ LeadConversation unique recording index is the only unique index (5.4076ms)
✔ LeadConversation schema declares the seven contract indexes (33.7941ms)
✔ LeadConversation validates a complete seeded conversation (65.3022ms)
✔ LeadConversation rejects an invented match method (14.6872ms)
✔ LeadMessage validates normalized FormLead relationship and message snapshot (81.0444ms)
✔ LeadMessage unique SID index excludes unsent documents (1.9431ms)
✔ LeadMessage rejects unsupported lifecycle states (8.4234ms)
✔ LeadMessageRateLimit validates atomic reservation buckets (13.4777ms)
✔ RingCentral assignments enforce one active assignment per route with a supported partial index (9.0948ms)
✔ [AC-02] Decision model uses the named collection and four named indexes (7.5648ms)
✔ [AC-02] Decision defaults empty arrays and rejects invented outcomes (62.0108ms)
✔ [AC-02] Decision documents omit copied contact and payload fields (2.9529ms)
✔ [AC-28] Referral Decision preserves exact reviewed source policy without a Lead Source Scope (8.9457ms)
✔ [AC-02] Decision save and query hooks reject post-insert mutation (8.225ms)
✔ [AC-21] all four aggregates default to nonnegative integer domain_revision 0 (59.3053ms)
✔ [AC-21] invalid revisions and one-sided last-change metadata fail validation (55.971ms)
✔ [AC-21] __v is not the lifecycle revision contract (5.8516ms)
✔ [AC-32] genuinely new aggregates receive a server history boundary and ignore client supply (2.0274ms)
✔ [AC-32] change_history_started_at is write-once outside the migration seam (3.711ms)
✔ [AC-32] existing public/admin DTOs cannot set lifecycle revision metadata (57.0454ms)
✔ [AC-21] Booking unique normalized-Job index is named and is not a unique Lead Job index (9.5694ms)
✔ [AC-32] historical schemas remain readable and do not gain revision fields (0.4794ms)
✔ booking reconciliation cron requires CRON_SECRET (226.9574ms)
✔ booking reconciliation cron rejects wrong secret (25.0096ms)
✔ Owner can read the conversation list without transcript text (1572.907ms)
✔ by-lead list does not include transcript or summary text (176.4186ms)
✔ Owner detail includes the redacted transcript (319.7396ms)
✔ audio-url writes an audit row and is Owner-only (243.9959ms)
✔ CPL correction drain requires configured cron authentication (350.1036ms)
✔ CPL correction drain rejects an invalid cron secret (170.1929ms)
✔ Owner snapshot includes yesterday_by_now, company zeros, and wordpress_form (739.4763ms)
✔ Admin without Owner is 403 on every Daily Operations method (178.3124ms)
✔ missing API secret is 401 (91.6995ms)
✔ events page is newest-first and forwards cursor, lane, and limit (8.2163ms)
✔ Owner live SSE emits snapshot then Redis event; lane query is ignored (26.1402ms)
✔ Owner live SSE with Last-Event-ID skips snapshot (45.7544ms)
✔ Owner rebuild returns counters-replaced, events not deleted (131.6113ms)
✔ close cron rejects missing secret header and missing CRON_SECRET (204.2696ms)
✔ [AC-33] Form and Call apply routes remain registered on the v1 surface (44.424ms)
✔ [AC-33] Owner Form apply captures a statement and never a quoted patch (1014.6666ms)
✔ [AC-35] Admin, secret, and unauthenticated apply create no receipt (204.2547ms)
✔ [AC-02] strict Zod rejects unknown outer keys, invalid IDs, and booking action on snapshot apply (353.717ms)
✔ [AC-33] Call enrichment accepts a bounded batch in input order and rejects duplicate operation IDs (216.4234ms)
✔ [AC-33] booked reconciliation permits only booking_action_apply (184.3116ms)
✔ [AC-33] no extension apply path imports or invokes the legacy patch services (1.7735ms)
✔ [AC-35] validation errors omit raw statement values (10.7274ms)
✔ Owner can list Extension Users (544.9115ms)
✔ Admin cannot list, create, PATCH, or DELETE Extension Users (573.2322ms)
✔ Owner can create an Extension User with roles (11.6514ms)
✔ Owner cannot create an Extension User with empty roles or leftover employee (172.8991ms)
✔ create rejects an invalid payload and a duplicate email (309.7531ms)
✔ Owner can PATCH and DELETE an Extension User (130.4634ms)
✔ PATCH treats an empty password as omitted and requires another field (65.6972ms)
✔ unknown Extension User id is 404 and invalid ObjectId is 400 (232.7686ms)
✔ Granot automation exposes the durable admin run contract (181.5404ms)
✔ Granot run schema carries immutable plan and durable control fields (1138.459ms)
✔ Granot source catalog persists exact labels and ships all requested defaults (8.0156ms)
✔ Granot source schema requires one or two unique supported workflows (101.1094ms)
✔ [AC-35] run details project lifecycle receipt IDs without raw statements or payloads (956.4246ms)
✔ Granot queue contention defers to a durable continuation (110.5889ms)
✔ [AC-38] Granot CRM source update accepts create_if_missing and rejects client normalized labels (14.6208ms)
✔ [AC-38] Granot CRM source mutations require a 10-1000 character reason (2.4585ms)
✔ [AC-38] Registry projections and update schemas omit payload and contact fields (0.6255ms)
✔ Owner Granot create schema accepts one_feed intent and rejects unknown keys (5.7589ms)
✔ Owner Granot create schema rejects a short reason and raw lifecycle fields (1.0841ms)
✔ outbound SMS Owner schema no longer accepts daily_cap (1.2468ms)
✔ [AC-37] Owner requeue route returns 200 {ok:true,data} (682.7608ms)
✔ [AC-37] Admin without Owner cannot requeue (56.422ms)
✔ [AC-37] invalid requeue body is GRANOT_VALIDATION_FAILED (10.2161ms)
✔ [AC-18] [AC-19] read list applies the exact default queue for Owner/Admin (35.317ms)
✔ [AC-25][AC-35] read list forwards the explicit Release discriminants (9.6914ms)
✔ [AC-35] unsigned lifecycle reads are denied before projection (12.4572ms)
✔ [AC-35] strict case filters reject unknown keys with a safe 400 (67.4326ms)
✔ [AC-35] [AC-39] case detail has safe 404 and exact read envelope (16.6787ms)
✔ creating observation is Owner-only and returns the Booked statement for a booking case (206.2119ms)
✔ creating observation returns the Release statement for a cancellation intake (24.4326ms)
✔ [AC-35] candidate browser is Owner-only for source and all scope and performs a read (93.2825ms)
✔ [AC-40] Lead timeline validates model/ID and preserves generic missing Lead envelope (22.7453ms)
✔ [AC-20] Job timeline is readable by Admin and strictly bounds pagination (43.4333ms)
✔ [AC-35][AC-36] discrepancy list/detail are signed reads with strict filters (177.9008ms)
{"level":"info","time":"2026-09-19T05:12:46.575Z","service":"vantage-main-server","env":"development","msg":"granot_lifecycle.owner_command.applied","observability_level":"info","category":"admin","workflow":"granot_lifecycle"}
{"level":"info","time":"2026-09-19T05:12:46.695Z","service":"vantage-main-server","env":"development","msg":"granot_lifecycle.owner_command.applied","observability_level":"info","category":"admin","workflow":"granot_lifecycle"}
{"level":"info","time":"2026-09-19T05:12:46.696Z","service":"vantage-main-server","env":"development","msg":"granot_lifecycle.booking_discrepancy.resolved","observability_level":"info","category":"admin","workflow":"granot_lifecycle"}
{"level":"info","time":"2026-09-19T05:12:46.859Z","service":"vantage-main-server","env":"development","msg":"granot_lifecycle.owner_command.applied","observability_level":"info","category":"admin","workflow":"granot_lifecycle"}
{"level":"info","time":"2026-09-19T05:12:46.860Z","service":"vantage-main-server","env":"development","msg":"granot_lifecycle.booking_discrepancy.resolved","observability_level":"info","category":"admin","workflow":"granot_lifecycle"}
✔ [AC-23][AC-36] discrepancy commands are Owner-only, strict, and route-own identity (362.6572ms)
{"level":"info","time":"2026-09-19T05:12:46.958Z","service":"vantage-main-server","env":"development","msg":"granot_lifecycle.owner_command.applied","observability_level":"info","category":"admin","workflow":"granot_lifecycle"}
{"level":"info","time":"2026-09-19T05:12:46.959Z","service":"vantage-main-server","env":"development","msg":"granot_lifecycle.booking_case.resolved","observability_level":"info","category":"admin","workflow":"granot_lifecycle"}
✔ [AC-21] [AC-22] Owner confirm route requires one idempotency header and returns 201 (102.8751ms)
✔ [AC-22] Admin cannot invoke confirm Booking (124.2729ms)
{"level":"info","time":"2026-09-19T05:12:47.196Z","service":"vantage-main-server","env":"development","msg":"granot_lifecycle.owner_command.applied","observability_level":"info","category":"admin","workflow":"granot_lifecycle"}
{"level":"info","time":"2026-09-19T05:12:47.197Z","service":"vantage-main-server","env":"development","msg":"granot_lifecycle.booking_case.resolved","observability_level":"info","category":"admin","workflow":"granot_lifecycle"}
✔ [AC-21] [AC-24] Owner update route is strict, idempotent-envelope only, and returns 200 (109.6809ms)
{"level":"info","time":"2026-09-19T05:12:47.212Z","service":"vantage-main-server","env":"development","msg":"granot_lifecycle.owner_command.applied","observability_level":"info","category":"admin","workflow":"granot_lifecycle"}
{"level":"info","time":"2026-09-19T05:12:47.274Z","service":"vantage-main-server","env":"development","msg":"granot_lifecycle.booking_case.resolved","observability_level":"info","category":"admin","workflow":"granot_lifecycle"}
✔ [AC-28] Owner Referral create route accepts only revision plus official fields (137.7965ms)
{"level":"info","time":"2026-09-19T05:12:47.352Z","service":"vantage-main-server","env":"development","msg":"granot_lifecycle.owner_command.applied","observability_level":"info","category":"admin","workflow":"granot_lifecycle"}
{"level":"info","time":"2026-09-19T05:12:47.354Z","service":"vantage-main-server","env":"development","msg":"granot_lifecycle.booking_case.resolved","observability_level":"info","category":"admin","workflow":"granot_lifecycle"}
✔ [AC-20] [AC-32] Owner No Action accepts optional reason metadata and Admin is denied (19.1486ms)
{"level":"info","time":"2026-09-19T05:12:47.376Z","service":"vantage-main-server","env":"development","msg":"granot_lifecycle.owner_command.applied","observability_level":"info","category":"admin","workflow":"granot_lifecycle"}
{"level":"info","time":"2026-09-19T05:12:47.376Z","service":"vantage-main-server","env":"development","msg":"granot_lifecycle.booking_case.resolved","observability_level":"info","category":"admin","workflow":"granot_lifecycle"}
{"level":"warn","time":"2026-09-19T05:12:47.451Z","service":"vantage-main-server","env":"development","msg":"granot_lifecycle.owner_command.conflict","observability_level":"warn","category":"admin","workflow":"granot_lifecycle"}
{"level":"warn","time":"2026-09-19T05:12:47.660Z","service":"vantage-main-server","env":"development","msg":"granot_lifecycle.owner_command.conflict","observability_level":"warn","category":"admin","workflow":"granot_lifecycle"}
✔ [AC-R9] Owner booking-case confirm-cancellation succeeds and rejects create-missing posture (398.4533ms)
{"level":"info","time":"2026-09-19T05:12:47.769Z","service":"vantage-main-server","env":"development","msg":"granot_lifecycle.owner_command.applied","observability_level":"info","category":"admin","workflow":"granot_lifecycle"}
{"level":"info","time":"2026-09-19T05:12:47.772Z","service":"vantage-main-server","env":"development","msg":"granot_lifecycle.release_case.resolved","observability_level":"info","category":"admin","workflow":"granot_lifecycle"}
{"level":"info","time":"2026-09-19T05:12:47.779Z","service":"vantage-main-server","env":"development","msg":"granot_lifecycle.owner_command.applied","observability_level":"info","category":"admin","workflow":"granot_lifecycle"}
{"level":"info","time":"2026-09-19T05:12:47.780Z","service":"vantage-main-server","env":"development","msg":"granot_lifecycle.release_case.resolved","observability_level":"info","category":"admin","workflow":"granot_lifecycle"}
{"level":"info","time":"2026-09-19T05:12:47.872Z","service":"vantage-main-server","env":"development","msg":"granot_lifecycle.owner_command.applied","observability_level":"info","category":"admin","workflow":"granot_lifecycle"}
{"level":"info","time":"2026-09-19T05:12:47.873Z","service":"vantage-main-server","env":"development","msg":"granot_lifecycle.release_case.resolved","observability_level":"info","category":"admin","workflow":"granot_lifecycle"}
✔ [AC-25] [AC-32] Release Owner routes are strict, idempotent, and use exact statuses (395.3364ms)
✔ Owner can search webhook receipts; Admin cannot; unsigned is denied (135.0097ms)
✔ receipt search booking_action=release with lead_created is 400; booking_action alone implies booking_status_changed (98.8847ms)
✔ Owner can open the live webhook SSE stream; Admin cannot (51.6162ms)
✔ [AC-31][AC-35] Owner and Admin can read the health envelope without raw payload keys (106.9163ms)
✔ returns 500 when CRON_SECRET is not configured (603.0154ms)
✔ returns 401 when the secret does not match (282.6727ms)
{"level":"info","time":"2026-09-19T05:12:45.152Z","service":"vantage-main-server","env":"development","msg":"granot_lifecycle.cron.run.completed","trigger":"cron","skipped":false,"scanned":1,"claimed":1,"completed":1,"retried":0,"dead_lettered":0,"recovered":0,"lease_lost":0}
✔ processing-enabled cron returns a bounded summary and no payload values (101.1569ms)
✔ vercel.json registers the five-minute lifecycle drain cron (83.5059ms)
{"level":"info","time":"2026-09-19T05:12:45.155Z","service":"vantage-main-server","env":"development","msg":"granot_lifecycle.cron.run.completed","observability_level":"info","category":"cron","workflow":"granot_lifecycle"}
✔ [AC-01] missing configuration returns 500 and reaches neither capture nor publisher (1460.7202ms)
✔ [AC-01] missing, wrong, nonscalar, and mismatched dual secrets return exact 401 and create no receipt (299.0193ms)
✔ [AC-01][AC-35] JSON body, form body, and header secrets authenticate and strip the credential before capture (113.7635ms)
✔ [AC-01] both valid secrets attach header_secret after the body is also validated (113.6323ms)
✔ [AC-02] unused Granot field additions or omissions are captured as-is and still return 202 (113.7291ms)
✔ [AC-02] capture happens before 202 and uses the invoked route class (70.9835ms)
{"level":"error","time":"2026-09-19T05:12:32.166Z","service":"vantage-main-server","env":"development","msg":"granot_lifecycle.capture.failed","error_code":"technical_failure","observation_channel":"granot_webhook","route_event_class":"priority_updated"}
{"level":"error","time":"2026-09-19T05:12:32.169Z","service":"vantage-main-server","env":"development","msg":"granot_lifecycle.capture.failed","observability_level":"error","category":"mongo","workflow":"granot_lifecycle_capture"}
✔ [AC-01] capture failure returns safe 503, creates no publish, and stays distinct from queue failure (25.1626ms)
{"level":"error","time":"2026-09-19T05:12:32.220Z","service":"vantage-main-server","env":"development","msg":"granot_lifecycle.queue.publish_failed","error_code":"technical_failure","receipt_id":"rece…pt-2","observation_channel":"granot_webhook","route_event_class":"lead_created"}
✔ [AC-02] publish failure cannot change 202 or the accepted receipt (50.0548ms)
✔ Owner Job Number timeline read returns the assembler DTO (275.3698ms)
✔ Admin cannot read the owner Job Number timeline (13.8124ms)
✔ typed miss returns not_found without an event list (24.2701ms)
✔ Owner recent official booking examples return only Job Numbers (39.5421ms)
{"level":"error","time":"2026-09-19T05:13:26.781Z","service":"vantage-main-server","env":"development","err":{"type":"Error","message":"mongo connection string leaked","stack":"Error: mongo connection string leaked\n    at read (C:\\Users\\Pinda\\Proyectos\\vantage\\vantage-main-server\\src\\routes\\job-number-timeline-admin.routes.test.ts:205:15)\n    at <anonymous> (C:\\Users\\Pinda\\Proyectos\\vantage\\vantage-main-server\\src\\routes\\job-number-timeline-admin.routes.ts:85:26)\n    at process.processTicksAndRejections (node:internal/process/task_queues:104:5)"},"request_id":"req-jnt-1789794806771","msg":"job-number-timeline.admin.unhandled"}
✔ unhandled timeline read failure does not echo error.message (31.1392ms)
✔ Admin cannot read recent official booking examples (48.8337ms)
✔ lead-source-setups schema rejects unknown keys and derived internals (9.4538ms)
✔ lead-source-setups schema requires a 10-1000 character reason (1.9427ms)
✔ projection query schemas reject unknown keys (2.6231ms)
✔ error envelope parity uses RegistryError.toHttpBody and Zod unrecognized keys (3.0028ms)
✔ returns 500 when CRON_SECRET is not configured (420.4362ms)
✔ returns 401 when the cron secret does not match (19.1476ms)
✔ accepts the x-cron-secret header (14.7513ms)
✔ [AC-17] a disabled Call Log sync never claims the lease (40.71ms)
✔ [AC-17] lease contention is a bounded skip, not an HTTP 500 (11.8511ms)
✔ [AC-17] a successful run returns the bounded lease/cursor summary (29.6015ms)
{"level":"error","time":"2026-09-19T05:13:26.616Z","service":"vantage-main-server","env":"development","msg":"ringcentral.cron.call_log_sync.failed","errorName":"Error"}
✔ [AC-17] a genuine failure stays safe and non-sensitive (45.7829ms)
✔ [AC-17] vercel.json schedules the Call Log sync every 30 minutes (5.1816ms)
✔ CSI-04 admin routes: Owner guard, flag-off 404, scope, validation, idempotency, error mapping; reads never call a writer (1343.2944ms)
✔ admin router is mounted in v1.routes.ts after the CSI boundary router (3.2292ms)
✔ real v1 guard + CSI boundary keeps Owner and scoped service authority separate (902.7591ms)
✔ CSI cron routes: cron auth, flag-off and lease_held skips, never a provider body (1841.0495ms)
{"level":"error","time":"2026-09-19T05:13:41.507Z","service":"vantage-main-server","env":"development","msg":"sales_intelligence.cron.call_log_reconcile.failed","errorName":"Error"}
✔ CSI cron routes: a throwing service maps to a bounded 500 without provider content (66.8472ms)
✔ vercel.json registers the CSI-03 crons and the queue consumer trigger (a handler file alone is not registration) (26.5692ms)
✔ app.ts mounts the CSI cron router before the v1 guard like the other cron routers (65.1005ms)
✔ returns 500 when CRON_SECRET is not configured (242.7946ms)
✔ returns 401 when the secret does not match (37.3503ms)
✔ skips the drain (no DB work) when mode is not queued (234.0115ms)
✔ accepts a bearer token matching CRON_SECRET (463.8458ms)
✔ source label mapping create rejects unknown keys (6.1955ms)
✔ source label mapping create rejects a client-supplied normalized_label (124.2762ms)
✔ source label mapping mutations require a 10-1000 character reason (5.6047ms)
✔ label resolution preview rejects unknown keys and is read-only shape (1.8303ms)
✔ error envelope parity uses RegistryError.toHttpBody and Zod unrecognized keys (9.4112ms)
{"level":"info","time":"2026-09-19T05:13:05.739Z","service":"vantage-main-server","env":"development","msg":"tariff_adjustment.append.succeeded","actor_kind":"user","actor_role":"owner","actor_email":"owner@example.invalid","appended":2,"tab_name":"Master"}
✔ Owner can append two Tariff Adjustment rows (656.6701ms)
{"level":"info","time":"2026-09-19T05:13:05.776Z","service":"vantage-main-server","env":"development","msg":"tariff_adjustment.append.succeeded","actor_kind":"user","actor_role":"sales+customer_service","actor_email":"employee@example.invalid","appended":2,"tab_name":"Master"}
✔ Employee can append two Tariff Adjustment rows (43.4068ms)
{"level":"info","time":"2026-09-19T05:13:05.915Z","service":"vantage-main-server","env":"development","msg":"tariff_adjustment.append.succeeded","actor_kind":"user","actor_role":"customer_service","actor_email":"customer_service@example.invalid","appended":2,"tab_name":"Master"}
✔ Customer Service can append two Tariff Adjustment rows (197.0863ms)
{"level":"info","time":"2026-09-19T05:13:06.078Z","service":"vantage-main-server","env":"development","msg":"tariff_adjustment.append.succeeded","actor_kind":"secret","appended":2,"tab_name":"Master"}
✔ x-api-secret actors can append two Tariff Adjustment rows (111.1991ms)
{"level":"warn","time":"2026-09-19T05:13:06.208Z","service":"vantage-main-server","env":"development","msg":"tariff_adjustment.append.failed","actor_kind":"user","actor_role":"sales+customer_service","actor_email":"employee@example.invalid","error":"[\n  {\n    \"code\": \"unrecognized_keys\",\n    \"keys\": [\n      \"job_no\"\n    ],\n    \"path\": [],\n    \"message\": \"Unrecognized key: \\\"job_no\\\"\"\n  }\n]"}
✔ rejects customer and job identifiers (99.0591ms)
{"level":"info","time":"2026-09-19T05:13:06.228Z","service":"vantage-main-server","env":"development","msg":"tariff_adjustment.append.succeeded","actor_kind":"user","actor_role":"owner","actor_email":"owner@example.invalid","appended":2,"tab_name":"Master"}
✔ stamps today's date when effective_date is omitted (17.8476ms)
{"level":"info","time":"2026-09-19T05:13:06.277Z","service":"vantage-main-server","env":"development","msg":"tariff_adjustment.append.succeeded","actor_kind":"user","actor_role":"owner","actor_email":"owner@example.invalid","appended":1,"tab_name":"Master"}
✔ Owner can append a Linehaul-only payload (143.2296ms)
{"level":"info","time":"2026-09-19T05:13:06.381Z","service":"vantage-main-server","env":"development","msg":"tariff_adjustment.append.succeeded","actor_kind":"user","actor_role":"owner","actor_email":"owner@example.invalid","appended":2,"tab_name":"Master"}
✔ Owner can append Linehaul plus an owner-written service (10.7007ms)
{"level":"info","time":"2026-09-19T05:13:06.420Z","service":"vantage-main-server","env":"development","msg":"tariff_adjustment.append.succeeded","actor_kind":"user","actor_role":"owner","actor_email":"owner@example.invalid","appended":3,"tab_name":"Master"}
✔ Owner can append three matching rows (37.5479ms)
{"level":"warn","time":"2026-09-19T05:13:06.467Z","service":"vantage-main-server","env":"development","msg":"tariff_adjustment.append.failed","actor_kind":"user","actor_role":"owner","actor_email":"owner@example.invalid","error":"[\n  {\n    \"origin\": \"array\",\n    \"code\": \"too_small\",\n    \"minimum\": 1,\n    \"inclusive\": true,\n    \"path\": [\n      \"rows\"\n    ],\n    \"message\": \"Too small: expected array to have >=1 items\"\n  },\n  {\n    \"code\": \"custom\",\n    \"path\": [\n      \"rows\"\n    ],\n    \"message\": \"rows must include at least one Linehaul\"\n  }\n]"}
✔ rejects an empty rows array (111.3666ms)
{"level":"warn","time":"2026-09-19T05:13:06.542Z","service":"vantage-main-server","env":"development","msg":"tariff_adjustment.append.failed","actor_kind":"user","actor_role":"owner","actor_email":"owner@example.invalid","error":"[\n  {\n    \"code\": \"custom\",\n    \"path\": [\n      \"rows\"\n    ],\n    \"message\": \"rows must include at least one Linehaul\"\n  }\n]"}
✔ rejects a payload with no Linehaul row (8.9737ms)
{"level":"warn","time":"2026-09-19T05:13:06.551Z","service":"vantage-main-server","env":"development","msg":"tariff_adjustment.append.failed","actor_kind":"user","actor_role":"owner","actor_email":"owner@example.invalid","error":"[\n  {\n    \"code\": \"custom\",\n    \"path\": [\n      \"rows\"\n    ],\n    \"message\": \"pickup_zone must be identical on all Tariff Adjustment rows\"\n  }\n]"}
✔ rejects three rows with a mismatched pickup_zone (8.5299ms)
✔ Operations Registry entities expose complete lifecycle CRUD surfaces (27.1574ms)
✔ GET /api/v1/admin/agents is browse only — catalog list is /catalog/agents (58.7108ms)
✔ admin analytics receiver-agent reports have GET routes (1.0102ms)
✔ Owner Extension User routes are registered (7.6394ms)
✔ Owner conversation read routes are registered (2.1539ms)
✔ employee booking reconciliation routes are registered (0.6348ms)
✔ Tariff Adjustment Submit route is registered (1.1376ms)
✔ Granot form-lead resolution route is registered before the id route (7.8282ms)
✔ Granot sync expected filter enforces fill-only and empty receiver fields (38.1811ms)
✔ Lead Source projection and setup routes are registered next to overview (13.2407ms)
✔ legacy CPL rates remain read-only after temporal schedule cutover (0.7218ms)
✔ temporal CPL schedule and correction routes are registered (1.0147ms)
✔ admin browse builds filters, pagination, sorting, and response shape (31.3679ms)
✔ admin form lead browse q includes snapshot contact paths (2.7227ms)
✔ admin form lead browse name email and phone include snapshot paths (2.7329ms)
✔ admin duplicate form lead browse uses the same contact paths (3.2818ms)
✔ admin form lead browse excludes duplicates by default (3.4299ms)
✔ admin form lead browse filters past move dates relative to timestamp (2.172ms)
✔ admin form lead browse can invert the past move date filter (1.9416ms)
✔ admin form lead browse filters receiver agent by ObjectId equality (5.0686ms)
✔ admin form lead browse matches source_granularity_key exactly and does not substring-match source_company (19.2617ms)
✔ admin form lead browse still accepts source_company as bookmark compatibility (27.5236ms)
✔ admin booked lead browse filters source company slugs on the source field (6.5538ms)
✔ admin booked lead browse resolves legacy source company labels onto source (1.4487ms)
✔ admin booked lead browse filters leadless bookings (1.6117ms)
✔ admin agents browse returns metrics for list rows (4.6287ms)
✔ admin agents browse applies date range to booked lead metrics (10.1032ms)
✔ admin agents browse matches catalog names case-insensitively (17.3994ms)
✔ admin agents browse matches allocations on normalized_name when display name differs (9.6819ms)
✔ admin agents browse returns zero metric fields for agents without bookings (4.1991ms)
✔ admin form lead browse can filter to duplicates only (5.6642ms)
✔ admin call lead browse q and phone include snapshot contact paths (2.6504ms)
✔ admin call lead browse Manual attach filters (name/email/phone without q) include snapshot paths (17.7447ms)
✔ admin call lead browse excludes duplicates by default (9.2759ms)
✔ admin call lead browse can filter to duplicates only (3.358ms)
✔ admin form lead browse no_sync true is exact true, not presence (1.4457ms)
✔ admin form lead browse no_sync false uses $ne true so missing-field rows count (7.4847ms)
✔ admin form lead browse omit does not mention no_sync (12.3001ms)
✔ admin call lead browse no_sync true is exact true, not presence (2.6527ms)
✔ admin call lead browse no_sync false uses $ne true so missing-field rows count (1.5179ms)
✔ admin call lead browse omit does not mention no_sync (1.4039ms)
✔ admin detail lookup returns normalized production record (3.0642ms)
✔ admin agent detail returns metrics consistent with browse enrichment (4.7214ms)
✔ admin historical browse uses historical models and remains read-only (11.473ms)
✔ global admin search form leads include Granot snapshot contact paths (6.7326ms)
✔ global admin search returns grouped results (11.3832ms)
✔ admin agents export includes booking metric columns (9.0899ms)
✔ admin CSV export uses browse rows and escapes CSV body (30.7905ms)
✔ csv helper emits text/csv-compatible header and rows (2.0257ms)
✔ getAdminFacets production builds a structured catalog from first-class collections (35.5166ms)
✔ getAdminFacets historical builds distinct rows and overlays production identity (10.7723ms)
✔ getAdminFacets historical empty granularity distincts do not fail (6.8922ms)
✔ getAdminFacets combined keeps registry owner_label and historical-only extras (2.5003ms)
✔ registry facets invalidation evicts the production and historical catalog caches (3.6448ms)
✔ getSheetSyncHealth aggregates job counts and derives backlog age (5.1421ms)
✔ listSheetSyncJobs builds a filtered, paginated query (2.9881ms)
✔ retrySheetSyncJobs re-queues failed jobs by default and reports the count (16.6597ms)
✔ retrySheetSyncJobs starts an admin drain instead of publishing a queue wake-up (1.8436ms)
✔ retrySheetSyncJobs is a no-op when nothing matches (1.1935ms)
✔ agent browse metrics match keys are lowercased strings, not regexes (20.8907ms)
✔ agent browse metrics count distinct bookings and take this agent's binder share (2.0689ms)
✔ agent browse metrics date range filters book_date and skips Agent createdAt (2.0937ms)
✔ agent browse metrics omit a date match when from/to are absent (3.565ms)
✔ lookupAgentBrowseMetrics uses name or normalized_name and returns zeros when unmatched (1.2326ms)
✔ even Binder split uses integer cents and gives the leftover cent to the primary Agent (13.6103ms)
✔ Best Relocation allocation resolves an existing inactive agent (4.0636ms)
✔ primary booking allocation becomes Best Relocation receiver attribution (1.1133ms)
✔ primary booking allocation does not replace existing receiver attribution (0.5532ms)
✔ automatic CRM username receiver matching excludes inactive Agents (4.1966ms)
✔ findAgentByGranotCrmUsername prefers embedded granot_identity username (14.3878ms)
✔ findAgentByGranotCrmUsername never reads the retained flat compatibility field (1.4605ms)
✔ CRM username receiver match never overwrites an existing receiver (0.5914ms)
✔ analytics validation accepts report filters and rejects invalid report names (17.3529ms)
✔ sourceGranularityMatch filters derived key only and wins over source_company (8.9796ms)
✔ analytics booked lead filters start with a leading date match (1.2709ms)
✔ booked lead source attribution falls back to the employee source snapshot (1.4285ms)
✔ leadMatch matches historical slug options and channel-scoped company slugs (4.0877ms)
✔ combined source analytics merge by stable text dimension instead of ids (3.9567ms)
✔ combined revenue trend merges rows by date period (7.0327ms)
✔ combined source analytics merge parent metrics and keep company-only extras as leaves (3.4095ms)
✔ combined receiver-agent analytics merge production rows and keep historical warning metadata (0.7476ms)
✔ combined SMS conversion merge keeps production rows and historical warning metadata (0.6542ms)
✔ analytics CSV export uses the selected report rows (11.1427ms)
✔ source hierarchy CSV rows emit leaves or a childless company, never both (0.5557ms)
✔ combined hierarchy CSV does not duplicate its production contribution (0.5048ms)
✔ lead cost excludes duplicate form leads and unmatched call leads (39.4745ms)
✔ overviewQuerySchema accepts database_scope (7.6042ms)
✔ rollingLast7DaysWindow spans seven days ending now (0.5163ms)
✔ mergeOverviewAllTime merges combined totals and clears production-only lead cost (2.9738ms)
✔ mergeOverviewAllTime keeps lead cost for production scope (0.8681ms)
✔ mergeOverviewAllTime clears lead cost for historical scope (0.2966ms)
✔ receiver-agent analytics use persisted CPL without rate-period status (9.7161ms)
✔ SMS booked rate uses successfully texted Leads as the denominator (3.045ms)
✔ an empty texted-lead cohort is a zero rate, not missing data (2.3411ms)
✔ historical scope does not read Lead Messages (2.4643ms)
✔ production SMS conversion matches successful statuses and official booked refs (7.5021ms)
✔ source hierarchy uses registry labels and rolls additive child metrics (8.9327ms)
✔ source hierarchy retains unknown granularity in parent totals (0.7407ms)
✔ source hierarchy folds normalized company and granularity collisions (1.9906ms)
✔ nestSourceCompanyRows seeds catalog children including zeros (4.2041ms)
✔ company-only source rows use domain labels and never create children (0.9447ms)
✔ historical source performance stays company-only without registry data (32.1827ms)
✔ historical funnel recomputes company rates and has no children (8.5526ms)
✔ normalizes observed sheet move sizes into the model enum (4.3959ms)
✔ restores leading zeroes dropped from formatted ZIP cells (0.8407ms)
✔ decodes Google Sheets serial timestamps as owner-facing UTC components (3.0145ms)
✔ call parser accepts a combined Google Sheets serial timestamp (3.8556ms)
✔ parsers preserve source-row provenance and skip formula sentinels (10.9134ms)
✔ duplicate booking jobs collapse into split allocations without doubling deposit (7.3204ms)
✔ plan orders leads, attached booking, and cancellation with response bindings (12.8651ms)
✔ refund discovery keeps contradictory LID evidence below auto-cancel threshold (27.8037ms)
✔ live apply refuses to send the secret to an unpinned host (3.261ms)
✔ booking preflight uses filtered admin lookup and skips an existing job (56.6329ms)
✔ call preflight recognizes the route's bare-array response (8.6602ms)
✔ unique Tracking Reference adopts the existing Form Lead and does not create (9.515ms)
✔ two Form Leads sharing a Tracking Reference become an ambiguous conflict (0.7599ms)
✔ phone + name + same New York day adopts when Tracking Reference misses (23.6305ms)
✔ two phone + name + date Form Leads conflict instead of creating (13.3353ms)
✔ no identity and no phone-name-date match stays a create (0.7027ms)
✔ pre-cutoff Form Leads are ignored by phone-name-date adoption (1.0765ms)
✔ canonical adoption remaps remaining creates and leaves receipt outcomes alone (6.0526ms)
✔ Best Relocation import capability requires the Best Relocation source (31.0603ms)
✔ ordinary booking requests do not receive import capability (0.499ms)
✔ Best Relocation call lookup is source-scoped before mutation (2.0034ms)
✔ Form Lead + id attaches with booking_origin owner_booking and no case (10.1548ms)
✔ Owner Call Lead unique job attaches with booking_origin owner_booking (1.2125ms)
✔ Owner Call Lead with no Call Lead row is pending owner_booking no_match (0.6033ms)
✔ Owner Call Lead with two job matches is pending multiple_matches, not a 409 (0.3516ms)
✔ Best Relocation import Call Lead still uses the from-source resolver (1.0076ms)
✔ letter prefixes are equivalent to the same Granot digit core (2.9541ms)
✔ equivalent job filter matches exact, core, and letter-prefixed variants (1.9179ms)
✔ equivalent snapshot filter remaps to the indexed cancellation snapshot field (0.5779ms)
✔ atomic employee Lead claim does not rewrite the existing CPL (12.1767ms)
✔ concurrent booking claims allow only one booking to claim a lead (15.9672ms)
✔ reconciliation mirror can preserve Lead source CPL (1.1864ms)
✔ import Call Lead resolver still 409s when two Call Leads share a job (19.5876ms)
✔ Owner leadless create opens owner_booking case and sets booking_origin (39.9355ms)
✔ Best Relocation import leadless keeps external_sheet_ingestion and no booking_origin (25.5993ms)
✔ owner snapshot uses Call phone or customer phone, else not provided (2.2042ms)
✔ evaluateOwnerCallLeadMatch links a unique Call Lead Job Number (4.5814ms)
✔ evaluateOwnerCallLeadMatch is pending multiple_matches for two Call Leads with the same job (0.7819ms)
✔ evaluateOwnerCallLeadMatch is pending no_match when no Call Lead has the job (2.5932ms)
✔ evaluateOwnerCallLeadMatch does not attach on phone of a different Call Lead (2.2819ms)
✔ Owner pending case snapshot fills spec §4.6 fields and origin owner_booking (2.155ms)
✔ Referral Booking create does not open a Booking Lead Reconciliation Case (2.1164ms)
✔ cancellation snapshots stamp four fields from a surviving Booking (5.8013ms)
✔ cancellation snapshots normalize job_no when Booking normalized field is missing (1.9597ms)
✔ cancellation snapshots stay null without a recoverable Booking job (0.5572ms)
✔ cancellation snapshots refuse silent inference from contact-shaped fields (0.4507ms)
✔ create-path stamp keeps ObjectId lead ref (0.6429ms)
✔ getBookedLeadForCancellation allows explicitly authorized imported leadless booking (60.2127ms)
✔ CancelledLead validates an unresolved employee Booking without Lead metadata (69.3464ms)
✔ active catalog list excludes inactive rows by default (38.2292ms)
✔ agent resolution rejects inactive or unknown names (3.1949ms)
✔ agent resolution can include an existing inactive agent (1.4839ms)
✔ merchant resolution returns canonical display name (0.8797ms)
✔ list projection keeps cost cents and does not treat them as leaked summary text (7.9442ms)
✔ list projection still rejects a top-level transcript or summary field (2.0973ms)
✔ redactTranscript redacts a Luhn-valid card spoken as digit groups plus CVV, expiry, SSN, and routing (3.4703ms)
✔ redactTranscript does not redact a job number, spoken phone, or cubic-feet figure (0.5091ms)
✔ an unvalidated 16-digit sequence that fails Luhn is left alone (0.3301ms)
✔ spoken digit runs of seven or more are redacted without changing existing payment rules (0.5246ms)
✔ parseConversationArtifact splits summary and transcript (5.3821ms)
✔ buildSeededTranscript redacts before the text is stored (3.9283ms)
✔ hasCrmMismatch is true only when the section contradicts CRM (0.836ms)
✔ Gateway adapter sends configured model, makes one call, keeps timing optional and never logs warnings (5582.7851ms)
✔ Gateway errors do not expose provider bodies and do not internally retry (90.5576ms)
✔ Blob bytes/digest validated and missing billing never becomes estimated actual cost (1.5257ms)
{"level":"info","time":"2026-09-19T05:14:22.006Z","service":"vantage-main-server","env":"development","msg":"operations_registry.compatibility_read","observability_level":"info","category":"admin","workflow":"operations_registry"}
✔ listCplRates seeds any missing slots and returns all 14 rates (31.1831ms)
{"level":"info","time":"2026-09-19T05:14:17.557Z","service":"vantage-main-server","env":"development","msg":"crm.form_lead.submit.started","leadId":"6aae1a29fbe980d69f729860","endpoint":"https://lead.hellomoving.com/LEADSGWHTTP.lidgw?&API_ID=[redacted]&MOVERREF=[redacted]","payload":{"label":"Main Site Forms","firstname":"J***","lastname":"C***","ozip":"sha256:ce6d2151873f","dzip":"sha256:9a1f53dc5d98","email":"j***@example.com","phone1":"***2222","movesize":"2 Bedrooms","movedte":"5/28/2026","notes":"sha256:81da1dce6ae7","leadno":"sha256:7b6d8986d052"}}
✔ submitFormLeadToCrm POSTs to the Granot lead gateway with the urlencoded payload (119.9709ms)
✔ submitFormLeadToCrm reports ok=true with the response body and payload on HTTP 200 (7.4966ms)
✔ submitFormLeadToCrm reports ok=false with response body on HTTP error (32.1794ms)
✔ submitFormLeadToCrm catches network errors and returns ok=false with status 0 and an error message (51.0997ms)
✔ submitFormLeadToCrm forwards companyLabel as the Granot label (27.9107ms)
{"level":"info","time":"2026-09-19T05:14:17.558Z","service":"vantage-main-server","env":"development","msg":"crm.form_lead.submit.started","observability_level":"info","category":"crm","workflow":"crm_submit","source_company":"not_provided","entity_id":"6aae1a29fbe980d69f729860"}
{"level":"info","time":"2026-09-19T05:14:17.566Z","service":"vantage-main-server","env":"development","msg":"crm.form_lead.submit.completed","leadId":"6aae1a29fbe980d69f729860","endpoint":"https://lead.hellomoving.com/LEADSGWHTTP.lidgw?&API_ID=[redacted]&MOVERREF=[redacted]","status":200,"responseText":"OK"}
{"level":"info","time":"2026-09-19T05:14:17.567Z","service":"vantage-main-server","env":"development","msg":"crm.form_lead.submit.completed","observability_level":"info","category":"crm","workflow":"crm_submit","source_company":"not_provided","entity_id":"6aae1a29fbe980d69f729860"}
{"level":"info","time":"2026-09-19T05:14:17.579Z","service":"vantage-main-server","env":"development","msg":"crm.form_lead.submit.started","leadId":"6aae1a29fbe980d69f729861","endpoint":"https://lead.hellomoving.com/LEADSGWHTTP.lidgw?&API_ID=[redacted]&MOVERREF=[redacted]","payload":{"label":"Main Site Forms","firstname":"J***","lastname":"C***","ozip":"sha256:ce6d2151873f","dzip":"sha256:9a1f53dc5d98","email":"j***@example.com","phone1":"***2222","movesize":"2 Bedrooms","movedte":"5/28/2026","notes":"sha256:81da1dce6ae7","leadno":"sha256:7b6d8986d052"}}
{"level":"info","time":"2026-09-19T05:14:17.579Z","service":"vantage-main-server","env":"development","msg":"crm.form_lead.submit.started","observability_level":"info","category":"crm","workflow":"crm_submit","source_company":"not_provided","entity_id":"6aae1a29fbe980d69f729861"}
{"level":"info","time":"2026-09-19T05:14:17.580Z","service":"vantage-main-server","env":"development","msg":"crm.form_lead.submit.completed","leadId":"6aae1a29fbe980d69f729861","endpoint":"https://lead.hellomoving.com/LEADSGWHTTP.lidgw?&API_ID=[redacted]&MOVERREF=[redacted]","status":200,"responseText":"Granot accepted lead 42"}
{"level":"info","time":"2026-09-19T05:14:17.580Z","service":"vantage-main-server","env":"development","msg":"crm.form_lead.submit.completed","observability_level":"info","category":"crm","workflow":"crm_submit","source_company":"not_provided","entity_id":"6aae1a29fbe980d69f729861"}
{"level":"info","time":"2026-09-19T05:14:17.584Z","service":"vantage-main-server","env":"development","msg":"crm.form_lead.submit.started","leadId":"6aae1a29fbe980d69f729862","endpoint":"https://lead.hellomoving.com/LEADSGWHTTP.lidgw?&API_ID=[redacted]&MOVERREF=[redacted]","payload":{"label":"Main Site Forms","firstname":"J***","lastname":"C***","ozip":"sha256:ce6d2151873f","dzip":"sha256:9a1f53dc5d98","email":"j***@example.com","phone1":"***2222","movesize":"2 Bedrooms","movedte":"5/28/2026","notes":"sha256:81da1dce6ae7","leadno":"sha256:7b6d8986d052"}}
{"level":"info","time":"2026-09-19T05:14:17.584Z","service":"vantage-main-server","env":"development","msg":"crm.form_lead.submit.started","observability_level":"info","category":"crm","workflow":"crm_submit","source_company":"not_provided","entity_id":"6aae1a29fbe980d69f729862"}
{"level":"info","time":"2026-09-19T05:14:17.609Z","service":"vantage-main-server","env":"development","msg":"crm.form_lead.submit.http_error","leadId":"6aae1a29fbe980d69f729862","endpoint":"https://lead.hellomoving.com/LEADSGWHTTP.lidgw?&API_ID=[redacted]&MOVERREF=[redacted]","status":400,"responseText":"bad request"}
{"level":"error","time":"2026-09-19T05:14:17.609Z","service":"vantage-main-server","env":"development","msg":"crm.form_lead.submit.http_error","observability_level":"error","category":"crm","workflow":"crm_submit","source_company":"not_provided","entity_id":"6aae1a29fbe980d69f729862"}
{"level":"info","time":"2026-09-19T05:14:17.618Z","service":"vantage-main-server","env":"development","msg":"crm.form_lead.submit.started","leadId":"6aae1a29fbe980d69f729863","endpoint":"https://lead.hellomoving.com/LEADSGWHTTP.lidgw?&API_ID=[redacted]&MOVERREF=[redacted]","payload":{"label":"Main Site Forms","firstname":"J***","lastname":"C***","ozip":"sha256:ce6d2151873f","dzip":"sha256:9a1f53dc5d98","email":"j***@example.com","phone1":"***2222","movesize":"2 Bedrooms","movedte":"5/28/2026","notes":"sha256:81da1dce6ae7","leadno":"sha256:7b6d8986d052"}}
{"level":"info","time":"2026-09-19T05:14:17.618Z","service":"vantage-main-server","env":"development","msg":"crm.form_lead.submit.started","observability_level":"info","category":"crm","workflow":"crm_submit","source_company":"not_provided","entity_id":"6aae1a29fbe980d69f729863"}
{"level":"error","time":"2026-09-19T05:14:17.618Z","service":"vantage-main-server","env":"development","err":{"type":"Error","message":"ECONNRESET","stack":"Error: ECONNRESET\n    at <anonymous> (C:\\Users\\Pinda\\Proyectos\\vantage\\vantage-main-server\\src\\services\\crm\\crm.service.test.ts:126:11)\n    at globalThis.fetch (C:\\Users\\Pinda\\Proyectos\\vantage\\vantage-main-server\\src\\services\\crm\\crm.service.test.ts:43:12)\n    at submitFormLeadToCrm (C:\\Users\\Pinda\\Proyectos\\vantage\\vantage-main-server\\src\\services\\crm\\crm.service.ts:74:28)\n    at async TestContext.<anonymous> (C:\\Users\\Pinda\\Proyectos\\vantage\\vantage-main-server\\src\\services\\crm\\crm.service.test.ts:129:18)\n    at async Test.run (node:internal/test_runner/test:1332:7)\n    at async Test.processPendingSubtests (node:internal/test_runner/test:911:7)"},"msg":"crm.form_lead.submit.failed","leadId":"6aae1a29fbe980d69f729863","endpoint":"https://lead.hellomoving.com/LEADSGWHTTP.lidgw?&API_ID=[redacted]&MOVERREF=[redacted]","msg":"CRM form lead submission failed"}
{"level":"error","time":"2026-09-19T05:14:17.641Z","service":"vantage-main-server","env":"development","msg":"crm.form_lead.submit.failed","observability_level":"error","category":"crm","workflow":"crm_submit","source_company":"not_provided","entity_id":"6aae1a29fbe980d69f729863"}
{"level":"info","time":"2026-09-19T05:14:17.690Z","service":"vantage-main-server","env":"development","msg":"crm.form_lead.submit.started","leadId":"6aae1a29fbe980d69f729864","endpoint":"https://lead.hellomoving.com/LEADSGWHTTP.lidgw?&API_ID=[redacted]&MOVERREF=[redacted]","payload":{"label":"BestRelocation","firstname":"J***","lastname":"C***","ozip":"sha256:ce6d2151873f","dzip":"sha256:9a1f53dc5d98","email":"j***@example.com","phone1":"***2222","movesize":"2 Bedrooms","movedte":"5/28/2026","notes":"sha256:81da1dce6ae7","leadno":"sha256:7b6d8986d052"}}
{"level":"info","time":"2026-09-19T05:14:17.690Z","service":"vantage-main-server","env":"development","msg":"crm.form_lead.submit.started","observability_level":"info","category":"crm","workflow":"crm_submit","source_company":"not_provided","entity_id":"6aae1a29fbe980d69f729864"}
{"level":"info","time":"2026-09-19T05:14:17.692Z","service":"vantage-main-server","env":"development","msg":"crm.form_lead.submit.completed","leadId":"6aae1a29fbe980d69f729864","endpoint":"https://lead.hellomoving.com/LEADSGWHTTP.lidgw?&API_ID=[redacted]&MOVERREF=[redacted]","status":200,"responseText":"OK"}
{"level":"info","time":"2026-09-19T05:14:17.692Z","service":"vantage-main-server","env":"development","msg":"crm.form_lead.submit.completed","observability_level":"info","category":"crm","workflow":"crm_submit","source_company":"not_provided","entity_id":"6aae1a29fbe980d69f729864"}
✔ CRM env var name constants are stable and match what is read at module load (3.915ms)
✔ CRM_FORM_LEAD_ENDPOINT is the Granot lead gateway URL with API_ID and MOVERREF params (0.858ms)
✔ crmEndpointForLog redacts API_ID and MOVERREF values from the endpoint URL (0.7813ms)
✔ crmEndpointForLog defaults to the module-loaded CRM_FORM_LEAD_ENDPOINT and never leaks credentials (0.5142ms)
✔ splitNameForCrm returns empty firstname and lastname for blank input (4.6758ms)
✔ splitNameForCrm duplicates a single token into firstname and lastname (0.534ms)
✔ splitNameForCrm takes the first and last token for multi-word names (1.11ms)
✔ formatCrmMoveDate preserves the UTC calendar date as unpadded M/D/YYYY (0.6016ms)
✔ buildCrmFormLeadPayload defaults label to CRM_FORM_LEAD_LABEL when blank (9.7645ms)
✔ [AC-03] buildCrmFormLeadPayload uses the provider ref_no as Granot leadno (1.2584ms)
✔ [AC-03] Form Job Number parity does not reinterpret ref_no as CRM leadno (1.3545ms)
✔ [AC-03] buildCrmFormLeadPayload carries lid in notes without using it for identity (2.1241ms)
✔ [AC-03] buildCrmFormLeadPayload leaves leadno blank for the not-provided sentinel (19.7449ms)
✔ buildCrmFormLeadPayload maps lead fields onto the Granot wire shape (8.5024ms)
✔ [AC-08] CRM payload does not invent an absent trusted Granot move date (3.0836ms)
✔ summarizeCrmPayloadForLog masks PII and fingerprints identifiers and locations (3.2448ms)
✔ summarizeCrmPayloadForLog handles blank PII fields without throwing (1.3429ms)
✔ upsertCustomerFromBookingContact matches by phone when provided (3.9506ms)
✔ upsertCustomerFromBookingContact falls back to lead phone when customer phone is blank (0.6537ms)
✔ upsertCustomerFromBookingContact matches by normalized name when phone is absent (0.643ms)
✔ upsertCustomerFromLead allows name-only leads (0.8392ms)
✔ close sets yesterday status closed when it is still open (8.5073ms)
✔ close is a no-op when yesterday is already closed (0.5579ms)
✔ close also seals older open days, not only yesterday (0.7107ms)
✔ 2026-06-01T03:00:00.000Z maps to the NY day 2026-05-31 (5.9653ms)
✔ first day seed has 24 hourly buckets and known Source Company slugs (3.2071ms)
✔ metric_touches expand hourly.* onto the NY hour and always bump revision (0.9235ms)
✔ already-expanded hourly paths stay as written (1.0339ms)
✔ dotted increments apply onto a seeded day including hourly buckets (1.2682ms)
✔ previousEasternDayKey walks the NY calendar, not UTC midnight (6.7533ms)
✔ florida timestamp bounds are UTC wall-clock of the day key (0.8818ms)
✔ eastern instant bounds start at NY midnight, not UTC midnight (0.8903ms)
✔ sumHourlyThrough is pace 0..currentNyHour, not the full day (0.6525ms)
✔ first open emits snapshot then tails Redis envelopes as event plus metrics (9.4833ms)
✔ valid Last-Event-ID skips snapshot and continues from the cursor (7.2827ms)
✔ invalid Last-Event-ID is treated as first open and emits snapshot (1.9333ms)
✔ missing Redis uses Mongo tail oldest-after-cursor and still emits facts (1.6929ms)
✔ a burst of facts in one wake keeps every touch in the metrics frame (1.6453ms)
✔ Redis throw degrades to Mongo tail for that loop (1.769ms)
✔ replica-lag skip retries the same Redis id and does not drop the event (2.6327ms)
✔ lane query is ignored — one socket emits every Daily Operations Event (1.637ms)
✔ heartbeat fires after 15s idle and has no id (1.3105ms)
✔ parseDailyOperationsXread reads object and flat-array field shapes (1.2401ms)
✔ test runner never constructs an Upstash client for the live isolate (0.3595ms)
✔ rebuild of an open day replaces counters and never deletes events (4.4486ms)
✔ rebuild refuses a closed day and leaves counters and events alone (22.4918ms)
✔ rebuild of a missing open day still writes seeded counters (2.3407ms)
✔ rebuild rejects a deleteEvents hook so events stay append-only (1.5591ms)
{"level":"warn","time":"2026-09-19T05:14:13.116Z","service":"vantage-main-server","env":"development","msg":"daily_operations.redis.xadd_failed","kind":"form_lead.created","day":"2026-05-31","err":{"type":"Error","message":"upstash unavailable","stack":"Error: upstash unavailable\n    at Object.xadd (C:\\Users\\Pinda\\Proyectos\\vantage\\vantage-main-server\\src\\services\\dailyOperations\\recordDailyOperationsFact.test.ts:254:15)\n    at publishRedisDoorbell (C:\\Users\\Pinda\\Proyectos\\vantage\\vantage-main-server\\src\\services\\dailyOperations\\recordDailyOperationsFact.ts:200:34)\n    at recordDailyOperationsFact (C:\\Users\\Pinda\\Proyectos\\vantage\\vantage-main-server\\src\\services\\dailyOperations\\recordDailyOperationsFact.ts:307:11)\n    at async TestContext.<anonymous> (C:\\Users\\Pinda\\Proyectos\\vantage\\vantage-main-server\\src\\services\\dailyOperations\\recordDailyOperationsFact.test.ts:249:18)\n    at async Test.run (node:internal/test_runner/test:1332:7)\n    at async Test.processPendingSubtests (node:internal/test_runner/test:911:7)"}}
✔ unique dedupe_key insert increments the named metric_touches (53.8995ms)
✔ duplicate dedupe_key is a no-op: no second increment and no XADD (4.0605ms)
✔ closed day skips increment and records empty metric_touches (6.9964ms)
✔ missing Redis client still persists the event and day increment (1.2356ms)
✔ test runner never constructs a publish that would call Upstash (1.5839ms)
✔ Redis XADD failure is swallowed and does not fail the fact (9.1237ms)
✔ successful XADD stores redis_stream_id and only envelope fields (2.033ms)
✔ writer never throws when stores fail (2.0879ms)
✔ test sink captures when stores are not injected (3.6885ms)
✔ granot.minted increments decisions only and sheet sync increments only its own panel counter (0.8541ms)
{"level":"error","time":"2026-09-19T05:14:13.126Z","service":"vantage-main-server","env":"development","msg":"daily_operations.record_fact_failed","kind":"form_lead.created","err":{"type":"Error","message":"mongo down","stack":"Error: mongo down\n    at Object.insertEvent (C:\\Users\\Pinda\\Proyectos\\vantage\\vantage-main-server\\src\\services\\dailyOperations\\recordDailyOperationsFact.test.ts:326:15)\n    at recordDailyOperationsFact (C:\\Users\\Pinda\\Proyectos\\vantage\\vantage-main-server\\src\\services\\dailyOperations\\recordDailyOperationsFact.ts:261:35)\n    at TestContext.<anonymous> (C:\\Users\\Pinda\\Proyectos\\vantage\\vantage-main-server\\src\\services\\dailyOperations\\recordDailyOperationsFact.test.ts:323:24)\n    at Test.runInAsyncScope (node:async_hooks:227:14)\n    at Test.run (node:internal/test_runner/test:1325:25)\n    at Test.processPendingSubtests (node:internal/test_runner/test:911:18)\n    at Test.postRun (node:internal/test_runner/test:1465:19)\n    at Test.run (node:internal/test_runner/test:1390:12)\n    at async Test.processPendingSubtests (node:internal/test_runner/test:911:7)"}}
{"level":"info","time":"2026-09-19T05:14:32.097Z","service":"vantage-main-server","env":"development","msg":"call_lead.create.sheet_sync.disabled","resource":"source_lead","leadModel":"CallLead","leadId":"507f1f77bcf86cd799439011"}
✔ Form create increments leads.form + origin + company once (7.7481ms)
✔ Duplicate Form increments leads.duplicate_form only (1.4104ms)
✔ reused WordPress lead does not call the writer (0.7483ms)
✔ zip 33101 + state not_found counts the Lead and records exception.zip_missing (1.692ms)
✔ Call unmatched increments leads.unmatched_call only (5.4808ms)
✔ Call zip present + blank state is a zip miss and still counts the Lead (2.4873ms)
✔ quiet hours at 02:14 ET record text.deferred with 8:00 AM send_at and no messages.successful (2.8116ms)
✔ 07:00 ET send records text.sent only (1.1332ms)
✔ first sent/delivered after deferred records text.sent once (2.3139ms)
✔ status callback terminal fail records text.failed (0.6373ms)
✔ unapplied status callback does not call the writer (0.3678ms)
✔ dispatchOrQueue skipped path records text.skipped (2.8333ms)
✔ completeCallLeadIngestion records call_lead.created once via the sink (4.3892ms)
✔ CRM HTTP fail records exception.crm_failed (20.123ms)
✔ RingCentral adoption conflict records exception.adoption_conflict and not a Call Lead create (5.642ms)
✔ duplicate booking submission helper is not used — skip is kind duplicate at finalize (1.3288ms)
✔ employee pending booking increments employee_pending and not a kind bucket (0.6488ms)
✔ cancellation.created uses cancellation:<id>:created (1.0768ms)
✔ writer sink captures without stores and does not require Mongo (0.6162ms)
✔ zipMissSides treats not_found and blank as a miss only when a zip is present (0.4084ms)
{"level":"info","time":"2026-09-19T05:14:32.099Z","service":"vantage-main-server","env":"development","msg":"lead.call.created","observability_level":"info","category":"lead","workflow":"call_lead_create","source_company":"tbm_leads","entity_id":"507f1f77bcf86cd799439011"}
{"level":"info","time":"2026-09-19T05:14:32.113Z","service":"vantage-main-server","env":"development","msg":"crm.form_lead.submit.started","leadId":"507f1f77bcf86cd799439011","endpoint":"https://lead.hellomoving.com/LEADSGWHTTP.lidgw?&API_ID=[redacted]&MOVERREF=[redacted]","payload":{"label":"Main Site Forms","firstname":"J***","lastname":"C***","ozip":"sha256:ce6d2151873f","dzip":"sha256:9a1f53dc5d98","email":"j***@example.com","phone1":"***2222","movesize":"14","movedte":"","notes":"","leadno":""}}
{"level":"info","time":"2026-09-19T05:14:32.114Z","service":"vantage-main-server","env":"development","msg":"crm.form_lead.submit.started","observability_level":"info","category":"crm","workflow":"crm_submit","source_company":"tbm_leads","entity_id":"507f1f77bcf86cd799439011"}
{"level":"info","time":"2026-09-19T05:14:32.119Z","service":"vantage-main-server","env":"development","msg":"crm.form_lead.submit.http_error","leadId":"507f1f77bcf86cd799439011","endpoint":"https://lead.hellomoving.com/LEADSGWHTTP.lidgw?&API_ID=[redacted]&MOVERREF=[redacted]","status":400,"responseText":"bad request"}
{"level":"error","time":"2026-09-19T05:14:32.119Z","service":"vantage-main-server","env":"development","msg":"crm.form_lead.submit.http_error","observability_level":"error","category":"crm","workflow":"crm_submit","source_company":"tbm_leads","entity_id":"507f1f77bcf86cd799439011"}
{"level":"info","time":"2026-09-19T05:14:32.125Z","service":"vantage-main-server","env":"development","msg":"ringcentral.ingest.processed","action":"dry_run","writeMode":"dry_run","duplicate":false,"duplicateReason":"unique","ingestionSource":"webhook","telephonySessionId":"u20-session","callLogId":null,"sourceCompany":"main_site","durationSeconds":180,"callLeadId":null}
✔ applyBestRelocationPlan is not a Daily Operations hook site (84.0654ms)
✔ persistLeadMessageIntent is not a Daily Operations hook site (12.7146ms)
✔ completeFormLeadIngestion hooks after the reused-lead return (6.1901ms)
✔ duplicate booking finalize returns before the Daily Operations writer (10.1625ms)
✔ Sheet Sync job outcomes record one deduped fact per job and outcome with a metric touch (14.7325ms)
✔ the drainer records Sheet Sync facts on synced and failed jobs, never on coalesced duplicates or deferrals (19.3631ms)
✔ completeCallLeadIngestion is the only Call Lead volume hook (28.5518ms)
✔ lead_created capture increments webhook class only (5.8475ms)
✔ priority_updated capture increments webhook class only (1.0543ms)
✔ Booked payload at capture increments class and booked once (0.9425ms)
✔ Release payload at capture increments class and release once (0.7242ms)
✔ Releas token classifies as release (0.5811ms)
✔ unclassified booking_status_changed increments class only (1.022ms)
✔ granot.minted touches decisions.minted only and does not increment leads.* (2.1343ms)
✔ outcome card parent_receipt_id pairs to the receipt card (1.9912ms)
✔ linked outcome uses parent_receipt_id and decisions.linked (8.0182ms)
✔ synchronize conflict pending does not record granot.linked (9.129ms)
✔ processor maps observe / pending_match / unmatched and skips mint/link (20.0158ms)
✔ intake opened increments intakes.opened; refresh does not (2.0762ms)
✔ process-time Booked increments booked only when capture did not classify (1.481ms)
✔ Booked increments those buckets once when capture already classified (0.9115ms)
✔ dead letter uses exception:dead_letter:<receiptId> (0.9227ms)
✔ receipt kind and dedupe follow spec §14 (0.4626ms)
✔ captureChannelOperationReceipt is not a Daily Operations hook site (61.5542ms)
✔ createLeadFromGranot finalize records granot.minted after existing after-commit work (8.0805ms)
✔ synchronizeLeadFromGranot pending carries outcome and provenance (22.5855ms)
✔ logProcessingCompletion records observe/pending/unmatched when no lead finalize ran (13.2084ms)
✔ dead letter hook is the drainer entered seam, not the 202 path (16.9466ms)
✔ webhook capture hooks after persist and before return (21.008ms)
✔ missing open day returns seeded zeros, not 404 (6.5158ms)
✔ sheet_sync touches increment the day and surface on the snapshot; pre-hook days read zero (2.7263ms)
✔ missing yesterday yields null totals so the UI can show a dash (3.0492ms)
✔ yesterday_by_now is hourly 0..currentNyHour, not the full yesterday (2.1808ms)
✔ day_before and day_before_by_now come from the third NY day; missing day is null (2.5891ms)
✔ every SOURCE_COMPANIES slug is present including zeros (1.5398ms)
✔ wordpress_form is a present key even when zero (1.1992ms)
✔ intakes.still_open and texts.held_now are live queries, not day increments (1.0387ms)
✔ GET snapshot does not mutate loaded day documents (0.9684ms)
✔ events cursor is occurred_at ISO plus event id, parsed at the last colon (3.1229ms)
✔ events page is newest-first for the NY day and returns next_cursor (2.9053ms)
✔ test runner reports redis.configured false without constructing a client (0.9891ms)
{"level":"info","time":"2026-09-19T05:14:31.905Z","service":"vantage-main-server","env":"development","msg":"domain_command.applied","observability_level":"info","category":"admin","workflow":"canonical_domain_command","entity_id":"lead-admin"}
✔ [AC-21] command execution model has durable origin/idempotency uniqueness (3.7305ms)
✔ invalid command context fails before database access (1.6784ms)
✔ external ingestion rejects human executors and incomplete provenance (0.822ms)
✔ [AC-21] four origins validate exactly; Granot and RingCentral identities cannot be client-forged (8.441ms)
✔ [AC-21] replay returns stored applied result; checksum reuse conflicts; compatibility adapter is one-way (15.8224ms)
✔ [AC-21] failed command leaves no successful execution outcome (7.0033ms)
✔ [AC-21] stable now and preallocated IDs survive a transaction callback retry (1.6871ms)
✔ [AC-32] observation_channel must agree with the initiator path (0.6049ms)
✔ [AC-21] compatibility API-secret and scoped-key system actors validate for vantage_admin (16.5883ms)
✔ owner idempotency key helper preserves the 8-200 printable envelope (3.0609ms)
✔ call-lead command validates DTO without an unsupported ingestion field (22.6947ms)
{"level":"info","time":"2026-09-19T05:14:31.908Z","service":"vantage-main-server","env":"development","msg":"domain_command.applied","observability_level":"info","category":"admin","workflow":"canonical_domain_command","entity_id":"lead-1","run_id":"run-1"}
{"level":"info","time":"2026-09-19T05:14:31.910Z","service":"vantage-main-server","env":"development","msg":"domain_command.replayed","observability_level":"info","category":"admin","workflow":"canonical_domain_command","entity_id":"lead-1","run_id":"run-1"}
{"level":"info","time":"2026-09-19T05:14:31.931Z","service":"vantage-main-server","env":"development","msg":"domain_command.applied","observability_level":"info","category":"admin","workflow":"canonical_domain_command","entity_id":"lead-retry","run_id":"run-1"}
{"level":"info","time":"2026-09-19T05:14:31.944Z","service":"vantage-main-server","env":"development","msg":"domain_command.applied","observability_level":"info","category":"admin","workflow":"canonical_domain_command","entity_id":"lead-secret"}
{"level":"info","time":"2026-09-19T05:14:31.944Z","service":"vantage-main-server","env":"development","msg":"domain_command.applied","observability_level":"info","category":"admin","workflow":"canonical_domain_command","entity_id":"lead-scoped"}
✔ [AC-21] transaction-bound internals do not open nested transactions or finalize Sheets (152.7126ms)
✔ canonical command modules do not depend on transport or Google adapters (18.9603ms)
✔ durable actor factories mint the fixed Granot and RingCentral identities (0.5959ms)
✔ [AC-32] existing write context factory hashes payload and never stores credentials (0.5569ms)
✔ [AC-32] v1 write routes enter existing adapters and do not patch models (13.751ms)
✔ runExistingUpdateSourceOwnedLead still uses updateSourceOwnedLead and pending source_lead update (12.3248ms)
✔ [AC-32] existing write adapters persist Changes inside the executor and keep later commands disabled (19.5073ms)
﹣ [AC-21] [AC-32] replica existing write commits Command/Change/revision/outbox; replay and rollback do not (3.9418ms) # Replica-set proof requires TEST_MODE=true before process start.
✔ [AC-32] contact and address paths are reference_only; low-risk paths stay stored (13.3465ms)
✔ [AC-32] Change builders omit raw contact values and emit deterministic paths (43.3326ms)
✔ [AC-32] no-op field collection emits no Change descriptors (0.6814ms)
✔ FORM and CALL CHANGE_PATHS include no_sync so a flip is not a silent no-op (1.373ms)
✔ collectDocumentFieldChanges reports no_sync when it flips and no-ops when unchanged (2.0081ms)
✔ existing write context maps an Owner extension user to an owner actor (61.6907ms)
✔ existing write context maps Owner plus Sales to an owner actor (1.1191ms)
✔ existing write context rejects sales extension user (1.8586ms)
✔ existing write context rejects customer_service extension user (0.4302ms)
✔ existing write context rejects sales+customer_service extension user (0.4877ms)
﹣ [AC-21] replica executor: exact stored-result replay, checksum conflict, and no second mutation (2.5935ms) # Replica-set proof is opt-in via GRANOT_LIFECYCLE_REPLICA_TESTS=true.
﹣ [AC-21] replica executor: same-key commit race has one winner and exact replay of the stored result (2.5299ms) # Replica-set proof is opt-in via GRANOT_LIFECYCLE_REPLICA_TESTS=true.
﹣ [AC-21] replica executor: expected-revision loser is DOMAIN_REVISION_CONFLICT with no Decision/Command (0.8988ms) # Replica-set proof is opt-in via GRANOT_LIFECYCLE_REPLICA_TESTS=true.
﹣ [AC-32] replica executor: Receipt/Observation/Decision causal IDs persist; rollback leaves zero partial rows (0.653ms) # Replica-set proof is opt-in via GRANOT_LIFECYCLE_REPLICA_TESTS=true.
﹣ [AC-21] replica executor: stable now and preallocated IDs survive callback retry (0.5234ms) # Replica-set proof is opt-in via GRANOT_LIFECYCLE_REPLICA_TESTS=true.
﹣ [AC-32] replica executor: persist failure rolls back Decision, aggregate, and Command (0.6396ms) # Replica-set proof is opt-in via GRANOT_LIFECYCLE_REPLICA_TESTS=true.
﹣ [AC-32] replica executor: post-commit finalize never runs on rollback (0.4103ms) # Replica-set proof is opt-in via GRANOT_LIFECYCLE_REPLICA_TESTS=true.
﹣ [AC-32] replica executor: no Sheet/queue/email/CRM call occurs before commit (0.3084ms) # Replica-set proof is opt-in via GRANOT_LIFECYCLE_REPLICA_TESTS=true.
✔ canonical JSON is stable across object insertion order (8.8112ms)
✔ canonical JSON rejects unsupported values (2.6121ms)
✔ effective capability requires all three gates (6.2833ms)
✔ provider failures classify and retry deterministically (5.2794ms)
✔ fenced in-memory leases reject stale epochs (1.3718ms)
✔ model-backed lease schema carries unique scope and fencing epoch (1.4095ms)
✔ run fake enforces status graph, lease fencing, and monotonic checkpoints (2.1404ms)
✔ system actors remain distinct and metadata is sanitized (1.6245ms)
✔ listBookingLeadReconciliationCases returns admin-facing summary fields (11.6296ms)
✔ getBookingLeadReconciliationCase returns detail fields consumed by admin (1.6096ms)
✔ searchBookingLeadCandidates returns compact case-aware results with a cursor (4.5456ms)
✔ searchBookingLeadCandidates Call q and contact filters include snapshot paths (7.8019ms)
✔ searchBookingLeadCandidates returns Granot and ingested contact snapshots (3.5526ms)
✔ dismissing an owner_booking pending case leaves the Booking Leadless (23.035ms)
✔ reopenBookingLeadReconciliation guards status and live booking before rematch (2.9582ms)
✔ assembleEmployeeBookingOptions joins active granularities to active companies (9.3301ms)
✔ assembleEmployeeBookingOptions ignores unknown company ids (0.7534ms)
✔ candidate query detects the 26th matching lead instead of proving false uniqueness (13.9872ms)
✔ candidate snapshots keep Granot and ingested contact for owner display (1.7636ms)
✔ candidate query tags a unique Form Lead Job Number as job_no (1.7846ms)
✔ evaluateEmployeeBookingMatch auto-links a unique Call Lead Job Number (6.9363ms)
✔ evaluateEmployeeBookingMatch auto-links a unique Form Lead Job Number on form channel (0.9026ms)
✔ evaluateEmployeeBookingMatch treats two Call Leads with the same Job Number as multiple_matches (2.3617ms)
✔ evaluateEmployeeBookingMatch leaves same-phone no-job as pending no_match (47.4277ms)
✔ evaluateEmployeeBookingMatch never auto-links LID, email, or phone under Exact Job Booking Attach (1.0067ms)
✔ evaluateEmployeeBookingMatch never auto-links when candidate query overflowed (0.5284ms)
✔ evaluateEmployeeBookingMatch returns channel_conflict for opposite-channel-only Job Number (0.4371ms)
✔ evaluateEmployeeBookingMatch respects none policy (0.5889ms)
✔ evaluateEmployeeBookingMatch treats contradictory phone/name signals as a hard conflict (0.579ms)
✔ evaluateEmployeeBookingMatch blocks Job Number and Phone pointing to different Leads (0.5805ms)
✔ evaluateEmployeeBookingMatch does not auto-link a different same-company granularity (0.5493ms)
✔ evaluateEmployeeBookingMatch rematch attaches only after a unique job appears (0.523ms)
✔ test-mode migration apply remains available with --apply (2.8763ms)
✔ production migration apply requires explicit confirmation (17.9602ms)
✔ test mode cannot apply to the production database without production confirmation (0.4149ms)
✔ production migration apply rejects an unexpected connected database (0.3622ms)
✔ production migration apply accepts explicit confirmation on the production database (0.3289ms)
✔ collectNormalizedCollisions groups normalized duplicates (5.7412ms)
✔ reportHasBlockingCollisions flags booking identity collisions (2.0696ms)
✔ submission collision preflight ignores bookings outside the partial unique index scope (0.4341ms)
✔ deriveTrustedOwnerActor rejects bare api secret actor (10.1594ms)
✔ deriveTrustedOwnerActor accepts trusted owner headers with primary secret (2.0382ms)
✔ deriveTrustedOwnerActor accepts owner users directly (0.6049ms)
✔ deriveTrustedOwnerActor rejects non-owner users and bare secrets (7.8331ms)
✔ assertExactWarningOverrides requires exact current overrideable warnings (1.168ms)
✔ assertAllowedCaseAction allows only valid transitions (1.0703ms)
✔ assertLiveBookingState blocks cancelled and invalid booking states (1.1418ms)
✔ applyCursorFilter uses date plus id tie-break (2.5897ms)
✔ decodeDateIdCursor rejects malformed dates and object ids (0.7477ms)
{"level":"info","time":"2026-09-19T05:14:40.866Z","service":"vantage-main-server","env":"development","msg":"mongo.dns.servers_configured","servers":["8.8.8.8","1.1.1.1"]}
✔ cold rematch connects to Mongo before attempting a lease or model operation (48.856ms)
✔ rematch snapshots Exact Job Booking Attach, not the retired five-rule list (3.4273ms)
✔ rematch evaluator attaches only when a unique Call Lead job appears (8.5884ms)
✔ call lead enrichment prefers source-compatible Job Number matches when the row has a Job Number (73.3014ms)
✔ call lead enrichment blocks sync when phone matches only across assigned source companies (6.2666ms)
✔ syncCallLeadEnrichment does not write when source match is conflict (5.1846ms)
✔ call lead enrichment can claim an unassigned phone-matched call lead source (26.1211ms)
✔ preview does not write live phone, name, or email (3.3365ms)
✔ conflicting stored Job Number is not overwritten (5.4781ms)
✔ row Job on Lead A plus Granot phone equal to Lead B ANI selects A (5.218ms)
✔ contact-only Granot card diff is updateable (7.1173ms)
✔ preview phone rung does not query granot_contact_snapshot (1.4239ms)
✔ parseEnrichmentRow enriches valid cities while ignoring zero and comma placeholders (4.2497ms)
✔ AppError defaults to INTERNAL code and 500 status when no options are given (2.0034ms)
✔ AppError preserves code, statusCode, internalMessage, cause, and metadata from options (2.2107ms)
✔ AppError.toLog returns a safe, structured summary of public fields plus log-only context (0.7497ms)
✔ AppError.toLog omits cause/internalMessage/metadata when they are not provided (0.3974ms)
✔ AppError.toLog handles string causes and unserializable causes without throwing (2.3537ms)
✔ AppError does NOT expose internalMessage or cause via its public message field (0.8708ms)
✔ BadRequestError defaults to 400 and BAD_REQUEST code (2.3815ms)
✔ ValidationError defaults to 400 and VALIDATION code (2.2081ms)
✔ UnauthorizedError defaults to 401 and UNAUTHORIZED code (0.5138ms)
✔ NotFoundError defaults to 404 and NOT_FOUND code (0.5839ms)
✔ ConflictError defaults to 409 and CONFLICT code (0.4283ms)
✔ IntegrationError defaults to 502 and INTEGRATION code (0.3712ms)
✔ subclasses allow callers to override the default statusCode without losing the code (0.2934ms)
✔ subclasses carry their constructor name (useful for log filters) (0.9679ms)
✔ subclasses are all instanceof AppError and Error (0.5728ms)
✔ createExtensionUser persists canonical roles and never returns the secret (34.3207ms)
✔ createExtensionUser rejects a duplicate email (16.3005ms)
✔ listExtensionUsers returns roles and dual-reads leftover employee (3.458ms)
✔ toAdminExtensionUser dual-reads leftover employee as Sales plus Customer Service (0.5052ms)
✔ updateExtensionUser bumps token_version only on actual email, password, or roles change (2.2829ms)
✔ updateExtensionUser rejects a duplicate email with the create message (0.7237ms)
✔ updateExtensionUser returns not found for a missing id (0.7051ms)
✔ deleteExtensionUser removes the row so the email can be reused (2.3834ms)
✔ deleteExtensionUser returns not found for a missing id (0.9175ms)
✔ fetchDriveFileMetadata maps 404 distinctly from 403 access denied (5.5742ms)
✔ fetchDriveFileMetadata maps provider failures to integration errors (1.0059ms)
✔ Google refresh tokens round-trip through authenticated encryption (9.6493ms)
✔ encrypted Google refresh tokens are bound to the owner identity (1.1319ms)
✔ OAuth state is stored as a deterministic SHA-256 digest (1.4863ms)
✔ Google Drive folder IDs can be read from IDs or shared URLs (0.9025ms)
✔ invalid Google Drive folder IDs are rejected (2.5236ms)
✔ a requested folder is created under the normalized configured parent (2.1773ms)
✔ public Google OAuth config excludes server secrets (5.1664ms)
✔ sanitized Google Drive connection status excludes configured owner email (0.4973ms)
✔ sanitized Google Drive connection status excludes refresh credentials (1.6817ms)
✔ Picker bootstrap allowlist rejects unexpected response fields (1.6851ms)
✔ reporting ownership marker round-trips and matches destination ID (1.2451ms)
✔ allowed OAuth scopes reject overgrant and extra scopes (2.61ms)
✔ OAuth scope normalization is order-insensitive (1.8488ms)
✔ Google userinfo.email URI is treated as the email scope (0.4144ms)
✔ google drive owner auth accepts the signed owner admin proxy (17.3685ms)
✔ google drive owner auth rejects scoped API keys (2.1587ms)
✔ google drive owner auth accepts an allowlisted extra owner email (2.9339ms)
✔ google drive owner auth rejects a signed owner outside the allowlist (1.9255ms)
✔ google drive owner auth requires signed owner matching configured identity (5.0818ms)
✔ sanitized google drive API errors do not expose configured owner email (1.9222ms)
✔ callback failure logs use stable categories without provider text (0.9208ms)
✔ drive metadata validation rejects wrong mime types (5.2421ms)
✔ drive metadata validation rejects trashed files (0.6421ms)
✔ drive metadata validation rejects non-owned files (0.3814ms)
✔ picker nonce and selection references hash to stable digests (2.2944ms)
✔ invalid picker selection preserves nonce until metadata validates (10.8935ms)
✔ picker nonce replay is rejected after successful verification (1.8713ms)
✔ concurrent valid picker verifications issue at most one selection reference (2.5005ms)
✔ invalid selection reference metadata preserves reference until validation passes (14.5344ms)
✔ denylisted workbook preserves reference until denylist clears (13.0758ms)
✔ denylist configuration fails closed without consuming reference (1.7643ms)
✔ selection reference replay is rejected after successful consume (1.6258ms)
✔ concurrent valid selection reference consumes yield at most one winner (1.7744ms)
✔ extractStateCodeFromGoogleGeocodeResponse uses postal address state code (2.6498ms)
✔ extractStateCodeFromGoogleGeocodeResponse converts state component name (0.5085ms)
✔ Form Lead that is not a Duplicate Lead expects Master Leads Forms (5.0088ms)
✔ Duplicate Form Lead expects Master Leads Duplicates (1.0102ms)
✔ Bad Lead expects the primary tab and Bad Leads (0.633ms)
✔ Call Lead that is not a Duplicate Lead expects Master Leads Calls (0.619ms)
✔ Duplicate Call Lead expects Master Leads Duplicate Calls (0.4449ms)
✔ Unmatched Call Lead is not expected on Master Leads (0.6759ms)
✔ ordinary No-Sync Form Lead skips Master Leads with no_sync (0.3076ms)
✔ ordinary No-Sync Call Lead skips Master Leads with no_sync (0.4821ms)
✔ No-Sync + Bad Lead still expects today's Bad tabs (0.5571ms)
✔ No-Sync + Duplicate Call Lead still expects Duplicate Calls (0.7449ms)
✔ Booking expects Master Booked Booked Deals (0.4388ms)
✔ Cancellation expects Master Booked Cancelled Deals (0.4553ms)
✔ formatDateOnly returns ISO date prefix (3.3337ms)
✔ formatTimestamp uses owner-facing UTC clock components (0.5215ms)
✔ booleanCell maps booleans to sheet strings (0.3264ms)
✔ localCell maps values to local/long_distance (0.638ms)
✔ optionalLocalCell returns empty string when blank (0.46ms)
✔ bookedCell, bookedDateCell, cancelledCell, quotedCell map booleans to labels (3.3021ms)
✔ overThresholdCell returns label or blank (0.6069ms)
✔ formatNumber stringifies finite numbers and elides null/undefined/NaN (0.4102ms)
✔ primaryBookingAgent returns first agent name snapshot (0.7076ms)
✔ splitCell only flags true splits when there are at least two named allocations with non-zero amounts (0.6713ms)
✔ formLeadToRow projects fields in the documented header order (1.3513ms)
✔ formLeadToRow defaults missing ref_no to 'not provided' (0.507ms)
✔ lead projections use exact GetMovers source labels (1.0331ms)
✔ formLeadToRow clears booking reporting columns after booking deletion (0.5119ms)
✔ callLeadToRow projects fields in the documented header order (0.4873ms)
✔ callLeadToRow clears booking reporting columns after booking deletion (0.4005ms)
✔ bookedLeadToRow projects allocations, customer, and lead ref (1.2649ms)
✔ bookedLeadToRow writes form source label from canonical slug (0.4832ms)
✔ bookedLeadToRow writes call source label from canonical slug (0.4128ms)
✔ bookedLeadToRow resolves legacy source labels before writing (0.445ms)
✔ bookedLeadToRow projects referral customer name and blank lead ref (0.4316ms)
✔ bookedLeadToRow projects leadless booking source label and blank lead ref (0.3214ms)
✔ cancelledLeadToRow projects cancellation fields (0.4435ms)
✔ cancelledLeadToRow leaves cancel_date blank when missing (0.2449ms)
✔ rowsFromValues maps Mongo ID cells and keeps evidence columns (2.8527ms)
✔ found Form Lead returns Master Leads Forms evidence and a sheet link (5.257ms)
✔ missing Form Lead stays missing and can attach an open Sheet Sync job (1.6503ms)
✔ Form Lead on Duplicates when Forms was expected is wrong_tab (1.3925ms)
✔ unmatched Call Lead is not_expected and does not read tabs (0.5568ms)
✔ ordinary No-Sync Form Lead is not_expected and does not read tabs (0.5584ms)
✔ ordinary No-Sync Call Lead is not_expected and does not read tabs (0.5067ms)
✔ No-Sync + Bad Lead uses today's Bad expected tabs, not the no_sync skip (0.8834ms)
✔ No-Sync + Duplicate Call Lead uses today's Duplicate Calls tab, not the no_sync skip (0.7624ms)
✔ ordinary Call missing from Calls is still missing (0.7357ms)
✔ unknown Mongo id is not_found (0.4425ms)
✔ Bad Lead found on Forms but missing Bad Leads is still found with a missing tab (3.304ms)
✔ Booking found on Booked Deals (2.4807ms)
✔ preserves request order and dedupes ids (1.2997ms)
✔ ensureTabsAndHeaders expands an undersized existing grid without shrinking it (4.2278ms)
✔ Master Leads provisions a dedicated Duplicate Calls tab (2.8051ms)
✔ Duplicate Calls tab reuses the Calls headers (0.9972ms)
✔ duplicate-call sync targets resolve to the Calls headers (0.3149ms)
✔ duplicate-call master target ensures the Master Leads tab set (0.5833ms)
✔ Master Leads provisions Bad Leads with form headers (0.3189ms)
✔ Bad Leads master target ensures the Master Leads tab set (0.2752ms)
✔ buildGranotCrmCsvObjectKeys creates latest/meta/history paths (4.7529ms)
✔ buildRegistryKey follows CRM origin host (0.8679ms)
✔ parseGranotCsv normalizes headers and skips total rows (3.3485ms)
✔ [AC-03] form identity vocabulary excludes lids while allowing Mongo id as a secondary lookup (4.2613ms)
✔ [AC-03] form planning gives exact FormLead.ref_no priority over every fallback (2.7805ms)
✔ exact identity wins but surfaces a source-company mismatch warning (0.8333ms)
✔ duplicate exact FormLead.ref_no candidates are a conflict (0.4973ms)
✔ [AC-03] form planning falls back only after FormLead.ref_no has no match (1.5525ms)
✔ [AC-03] form planning resolves an ObjectId ref_no only after exact field lookup misses (0.9186ms)
✔ fallback ties resolve by source company then quoted prior (0.6034ms)
✔ fallback refuses a sole candidate from a different source company (0.6869ms)
✔ fallback does not select a lead from name alone (0.5999ms)
✔ fallback scores only candidates that pass the source-company gate (0.554ms)
✔ form patch has extension parity and fills only missing locations (1.9441ms)
✔ [AC-33] form planning labels Booked Jobs and Follow Up sections separately (0.9048ms)
✔ apply deployment gate is explicit (3.2234ms)
✔ form patch never overwrites an existing receiver (0.6167ms)
✔ source report parsing returns both Granot lead sections with job numbers (36.198ms)
✔ source report parsing finds Granot's nested tables after centered headings (64.7923ms)
✔ content hashes ignore per-login Granot session tokens (41.6768ms)
✔ collected rows map to existing call-lead endpoint payloads (22.5455ms)
✔ call-lead payloads never expose or interpret Granot ref_no (9.1688ms)
✔ collector follows the Granot report flow and records absent sources (29.7311ms)
✔ collector retries the full flow when the source page expires the session (73.0229ms)
✔ collector rejects impossible date windows before contacting Granot (2.7934ms)
✔ [AC-33] Form Follow Up statement keeps raw Priority, separate user/rep, and location aliases (3.4897ms)
✔ [AC-33] Form Booked statement is booking_action_apply with raw Booked evidence (1.6391ms)
✔ [AC-33] Call enrichment statement does not collapse user/rep (0.7564ms)
✔ [AC-33] Call Booked statement keeps raw Booked and does not infer Release (0.5634ms)
✔ [AC-02] oversized ${run_id}:${action_id} is rejected before plan lock (1.2235ms)
✔ [AC-02] schema-v1 plans fail closed as RUN_REPLAN_REQUIRED (0.5606ms)
✔ [AC-02] sealing a collected plan stores schema v2 lifecycle_apply before checksum (1.2748ms)
✔ pending lifecycle outcomes keep the run applying (0.6503ms)
✔ run-group creation inserts two correlated compatible queued children (6.2624ms)
✔ run-group validation completes before any child insertion (1.6429ms)
✔ call plan previews convert Mongo ObjectIds before checksumming (6.7456ms)
✔ form expected filters do not cast empty strings as ObjectIds (0.6405ms)
✔ [AC-02] applyRun has no runtime path to legacy Form/Call/Booked mutation services (19.5668ms)
✔ source IDs canonicalize case before lookup and duplicate validation (8.3102ms)
✔ source partitioning keeps only compatible IDs in each child snapshot (0.7214ms)
✔ [AC-38] unavailable resolve issues keep INVALID_GRANOT_SOURCES and per-source codes (0.3794ms)
✔ run-group resolve asks each source only for operations its Registry routes permit (14.5914ms)
✔ a source with no matching Registry route still fails the asked operation (1.6408ms)
✔ [AC-38] resolve never treats label or supported_operations as semantic authority (0.4708ms)
✔ source partitioning rejects an empty selected workflow (0.6341ms)
﹣ [AC-21] replica CAS: one winner increments once; loser is DOMAIN_REVISION_CONFLICT (5.2829ms) # Replica-set proof is opt-in via GRANOT_LIFECYCLE_REPLICA_TESTS=true.
✔ [AC-21] CAS primitive requires { _id, domain_revision } and names DOMAIN_REVISION_CONFLICT (4.5713ms)
✔ [AC-37][AC-38] Unit 30 rollout alert codes stay frozen (3.8004ms)
✔ [AC-37] oldest due fires only after 15 minutes plus 10 minutes continuity (3.9215ms)
✔ [AC-31] insufficient data never recovers an active alert (0.8615ms)
✔ [AC-37] any current dead letter fires and zero is ok (0.7967ms)
✔ [AC-37] capture 503 and claim-recovery windows use exact thresholds (0.93ms)
✔ [AC-31] empty p95 and source-rate samples are insufficient_data, not success (0.4046ms)
✔ [AC-31] p95 uses deterministic nearest-rank and the 10-minute threshold (0.5494ms)
✔ [AC-38] RingCentral lease and enabled-source ambiguity rate stay bounded (0.5682ms)
✔ [AC-37] repeated evaluation does not fan out: only open/clear transitions emit (0.714ms)
✔ [AC-05] planner conversion keeplisted Priority/Quoted/move paths and drops derived metadata (30.813ms)
✔ [AC-05] quoted:false is rejected and no write path sets it false (1.1501ms)
✔ snapshot-only Call plan converts and keeps live phone off contact_changed_paths (0.6924ms)
✔ [AC-10] [AC-12] contact leaves stay on current-contact paths; snapshot is not a contact leaf (0.3603ms)
✔ [AC-11] FormLead destination_zip is allowed and CallLead delivery_zip is required instead (0.5179ms)
✔ [AC-32] forbidden metadata, extra paths, and unsorted path lists are rejected (3.2625ms)
✔ [AC-32] contact hash is stable and omits values from the checksum helper output (5.0755ms)
﹣ [AC-02] concurrent automation operation ID + same hash yields one receipt (8.2501ms) # Replica-set proof requires TEST_MODE=true before process start.
﹣ [AC-02] concurrent automation operation ID + different hash has one winner and 409 (1.081ms) # Replica-set proof requires TEST_MODE=true before process start.
﹣ [AC-02][AC-33] automation apply captures one receipt, replays it, and writes zero forbidden collections (0.5865ms) # Replica-set proof requires TEST_MODE=true before process start.
✔ [AC-02][AC-33] automation apply captures granot_http_automation then claimAndProcessOrPoll (16.4003ms)
✔ [AC-02] exact replay returns the stored terminal receipt without another capture (1.1991ms)
✔ [AC-02] accepted_for_processing yields a nonterminal receipt for the same operation ID (1.0448ms)
✔ pending_match stays accepted_for_processing until a terminal Decision exists (1.4026ms)
✔ dead-lettered receipts become bounded technical_failure (0.7819ms)
✔ processing disabled leaves the durable receipt recoverable (0.4274ms)
✔ [AC-38] missing automation reference is visible and unavailable for apply (1.8211ms)
✔ [AC-38] invalid referenced Registry row is missing_reference, not a label fallback (0.5158ms)
✔ [AC-38] multiple normalized Registry matches make the automation source ambiguous (0.4251ms)
✔ [AC-38] disabled, lifecycle-disabled, or deferred Registry rows cannot be applied (0.4123ms)
✔ [AC-38] Call routes cannot satisfy a form_leads apply selection (0.3671ms)
✔ [AC-09] ready Form policy permits form_leads and never uses supported_operations as authority (1.7386ms)
﹣ [AC-21][AC-22][AC-23][AC-32] replica confirm is atomic, replay-safe, exact, and source-preserving (3.005ms) # Replica-set proof requires TEST_MODE=true before process start.
﹣ [AC-22][AC-23] inactive catalog failure leaves the whole effect set invisible (1.348ms) # Replica-set proof requires TEST_MODE=true before process start.
﹣ [AC-21] simultaneous confirms produce one winner and no duplicate effects (0.572ms) # Replica-set proof requires TEST_MODE=true before process start.
﹣ [AC-20][AC-21][AC-24][AC-32] replica update fully replaces official fields with one causal chain (0.8125ms) # Replica-set proof requires TEST_MODE=true before process start.
﹣ [AC-20][AC-21][AC-32] replica No Action resolves only case and Command with exact replay (0.5961ms) # Replica-set proof requires TEST_MODE=true before process start.
﹣ [AC-24][AC-32] replica update rolls back atomically after every persisted write boundary (0.6137ms) # Replica-set proof requires TEST_MODE=true before process start.
﹣ [AC-21] replica update versus No Action has one case-revision winner (0.5225ms) # Replica-set proof requires TEST_MODE=true before process start.
﹣ Confirm omit selected_lead with unique high suggestion attaches and queues booking_chain (0.5568ms) # Replica-set proof requires TEST_MODE=true before process start.
﹣ Confirm omit selected_lead with medium-only suggestion creates a Leadless Booking (1.3898ms) # Replica-set proof requires TEST_MODE=true before process start.
﹣ Confirm Owner-selected medium attaches that Lead (0.6492ms) # Replica-set proof requires TEST_MODE=true before process start.
﹣ Confirm lost claim fails closed and does not fall through to Leadless (0.4602ms) # Replica-set proof requires TEST_MODE=true before process start.
﹣ Update Existing Booking on a Granot Leadless Booking writes official fields and Master Booked only (0.6613ms) # Replica-set proof requires TEST_MODE=true before process start.
▶ selectBookingIntakeLatestAction
  ✔ returns undefined for empty evidence (1.9489ms)
  ✔ returns priority_5 when that is the only action (0.4437ms)
  ✔ ignores priority_5 when booked or release evidence exists (0.3492ms)
  ✔ selects the temporally latest booked or release action (0.8363ms)
  ✔ tie-breaks same captured_at with higher Observation id hex (0.3746ms)
✔ selectBookingIntakeLatestAction (7.3505ms)
﹣ [AC-R9] Confirm Cancellation succeeds only for AC-R3 posture and replays (4.3604ms) # Replica-set proof requires TEST_MODE=true before process start.
﹣ [AC-R9] create-missing + latest Release writes no Cancellation (0.8203ms) # Replica-set proof requires TEST_MODE=true before process start.
﹣ [AC-R9] latest Booked on review mode is GRANOT_CASE_REVISION_CONFLICT and writes no Cancellation (0.6844ms) # Replica-set proof requires TEST_MODE=true before process start.
﹣ [AC-R9] booking commands disabled is POLICY_BLOCKED even when release command flags are true (0.8442ms) # Replica-set proof requires TEST_MODE=true before process start.
﹣ [AC-RRF-01][AC-RRF-06] Release-first Referral review No Action closes the case only (0.6351ms) # Replica-set proof requires TEST_MODE=true before process start.
﹣ [AC-RRF-02] Release-first Referral review Update keeps one Booking (0.4652ms) # Replica-set proof requires TEST_MODE=true before process start.
﹣ [AC-RRF-03] Release-first review latest Booked Cancel is GRANOT_CASE_REVISION_CONFLICT (0.5428ms) # Replica-set proof requires TEST_MODE=true before process start.
﹣ [AC-RRF-03] Release-first review latest Release Cancel creates Cancellation without a Lead (1.4214ms) # Replica-set proof requires TEST_MODE=true before process start.
﹣ [AC-RRF-05] Release-first Referral review dead Registry is GRANOT_POLICY_BLOCKED (0.8452ms) # Replica-set proof requires TEST_MODE=true before process start.
﹣ [AC-RRF-01] Release-first Referral review job mismatch or pre-activation is GRANOT_IDENTITY_CONFLICT (0.5888ms) # Replica-set proof requires TEST_MODE=true before process start.
▶ assertBookingIntakeCancelAllowed
  ✔ allows open review_existing_booking with latest Release (6.1068ms)
  ✔ rejects create_missing_booking even when latest action is Release (1.6639ms)
  ✔ rejects create_referral_booking even when latest action is Release (1.0302ms)
  ✔ rejects review_existing_booking when latest action is Booked (0.4961ms)
  ✔ rejects a resolved review case even when latest action is Release (0.3385ms)
✔ assertBookingIntakeCancelAllowed (13.4627ms)
▶ isAcceptedReferralPolicyAction
  ✔ [AC-RRF-01] review_existing_booking + first action release → accept (0.9359ms)
  ✔ [AC-RRF-02] review_existing_booking + first action booked → accept (0.6207ms)
  ✔ [AC-RRF-01] create_referral_booking + first action booked → accept (0.3071ms)
  ✔ [AC-RRF-01] first action priority_5 / missing / unknown / empty → reject (0.3461ms)
✔ isAcceptedReferralPolicyAction (2.9595ms)
✔ [AC-P1] Priority 5 then Booked selects the preceding Priority Update (5.677ms)
✔ [AC-P2] Booked that carries Priority 5 with no preceding Priority Update (2.6614ms)
✔ [AC-P3] Booked without valid canonical 5 is booked_without_priority_5 (1.818ms)
✔ [AC-P4] later Priority 5 is read-time only and does not become preceding (0.6387ms)
✔ equal temporal tuple is neither preceding nor later (0.6012ms)
✔ other jobs are ignored and lead_created Priority 5 is not preceding (1.3343ms)
✔ latest older Priority 5 wins when several precede Booked (0.7734ms)
✔ throws without a Booked creating Observation or Job Number (1.4947ms)
✔ isCanonicalPriorityFive requires valid canonical 5 (1.4712ms)
✔ wire and list projections keep IDs, times, route, and Priority only (7.6263ms)
﹣ [AC-28][AC-32] replica simultaneous Referral evidence opens one lead-free case and preserves Decision source policy (2.7753ms) # Replica-set proof requires TEST_MODE=true before process start.
﹣ [AC-18][AC-20][AC-32][AC-36] replica races converge, replay dedupes, and resolved rows advance max+1 (0.9448ms) # Replica-set proof requires TEST_MODE=true before process start.
﹣ [AC-20] replica candidate refresh splits owner and evidence revisions (0.5726ms) # Replica-set proof requires TEST_MODE=true before process start.
﹣ [AC-20][AC-32] replica transaction rolls back case create, refresh, and Decision failures (0.5401ms) # Replica-set proof requires TEST_MODE=true before process start.
﹣ [AC-P8] replica persists pairing on Booked open, replay is a no-op, later Priority 5 does not write (0.5888ms) # Replica-set proof requires TEST_MODE=true before process start.
﹣ [AC-R1] replica later Releas appends Release evidence on the same open Booked case (1.7505ms) # Replica-set proof requires TEST_MODE=true before process start.
﹣ [AC-R2] replica Releas first opens create-missing; later Booked refreshes the same case (0.5605ms) # Replica-set proof requires TEST_MODE=true before process start.
﹣ [AC-R7] replica later Releas after resolve opens sequence+1 create-missing; no Release case (0.4833ms) # Replica-set proof requires TEST_MODE=true before process start.
﹣ [AC-R7] replica later Releas after resolve opens sequence+1 review when Booking is still active (0.5401ms) # Replica-set proof requires TEST_MODE=true before process start.
﹣ [AC-R8] replica exact Release Observation replay is a no-op (0.6672ms) # Replica-set proof requires TEST_MODE=true before process start.
{"level":"info","time":"2026-09-19T05:15:03.000Z","service":"vantage-main-server","env":"development","msg":"granot_lifecycle.booking_case.opened","observability_level":"info","category":"booking","workflow":"granot_booking_reconciliation"}
✔ [AC-35] candidate browser preserves source scope metadata and override warning (6.0346ms)
▶ Booking Reconciliation classification
  ✔ [AC-18] Priority 5 never opens or refreshes a Booking case (7.0734ms)
  ✔ [AC-18a] Referral Priority 5 only remains not_booking_evidence (1.0835ms)
  ✔ [AC-19] actual Booked opens create-missing or review-existing and never treats ambiguity as no-case (0.9977ms)
  ✔ [AC-28][AC-39] delegates employee work, routes cancellation, and owns Referral cases (1.4285ms)
  ✔ [AC-40] excludes Bad/Duplicate or ambiguous suggestions (0.7306ms)
  ✔ [AC-18][AC-19] projects only canonical eligible candidates and bounds refresh to 24 hours (0.9666ms)
✔ Booking Reconciliation classification (16.2885ms)
▶ Booking Reconciliation persistence
  ✔ [AC-19] atomically opens one create-missing case with causal evidence and Decision (14.8641ms)
  ✔ does not increment booked again when capture already classified Booked (3.4935ms)
  ✔ [AC-20] refreshes new evidence without staling case revision and dedupes Observation replay (33.491ms)
  ✔ Observation replay does not increment Daily Operations intake again (18.6992ms)
  ✔ [AC-28] opens and refreshes a Referral case without Source Scope or Lead suggestion (4.5076ms)
  ✔ [AC-20] allocates next sequence after a resolved case and never reopens it (19.0773ms)
  ✔ [AC-P1][AC-P8] persists Booked pairing snapshot, replay is a no-op, later Priority 5 does not write (74.2243ms)
  ✔ [AC-P1] persist snapshot is priority_5_then_booked and evidence is Booked only (3.5883ms)
  ✔ [AC-P5] Releas/Release with no official Booking opens a booked booking case with release evidence (2.407ms)
  ✔ [AC-R1] later Releas appends Release evidence on the same open Booked case (8.6866ms)
  ✔ [AC-R2] Releas first opens create-missing; later Booked refreshes the same case (10.0088ms)
  ✔ [AC-R3] official active Booking + Releas opens review_existing_booking with release evidence (3.4723ms)
  ✔ [AC-R4] officially cancelled Booking + Releas is already_current and writes no booking case (4.7183ms)
  ✔ [AC-R5] officially cancelled Booking + Booked still opens booked_after_official_cancellation (0.7978ms)
  ✔ [AC-R6] identity conflict on Release opens a release_* discrepancy and no booking case (1.3295ms)
  ✔ [AC-P2][AC-P3][AC-P4] second Booked refreshes evidence and pairing snapshot (5.0491ms)
  ✔ [AC-39] fails closed when expected employee reconciliation work is absent (0.8427ms)
  ✔ actual Booked on a Granot official Leadless Booking opens review_existing_booking (1.6767ms)
✔ Booking Reconciliation persistence (215.709ms)
{"level":"info","time":"2026-09-19T05:15:03.009Z","service":"vantage-main-server","env":"development","msg":"granot_lifecycle.booking_case.opened","observability_level":"info","category":"booking","workflow":"granot_booking_reconciliation"}
{"level":"info","time":"2026-09-19T05:15:03.039Z","service":"vantage-main-server","env":"development","msg":"granot_lifecycle.booking_case.opened","observability_level":"info","category":"booking","workflow":"granot_booking_reconciliation"}
{"level":"info","time":"2026-09-19T05:15:03.041Z","service":"vantage-main-server","env":"development","msg":"granot_lifecycle.booking_case.refreshed","observability_level":"info","category":"booking","workflow":"granot_booking_reconciliation"}
{"level":"info","time":"2026-09-19T05:15:03.048Z","service":"vantage-main-server","env":"development","msg":"granot_lifecycle.booking_case.opened","observability_level":"info","category":"booking","workflow":"granot_booking_reconciliation"}
{"level":"info","time":"2026-09-19T05:15:03.050Z","service":"vantage-main-server","env":"development","msg":"granot_lifecycle.booking_case.refreshed","observability_level":"info","category":"booking","workflow":"granot_booking_reconciliation"}
{"level":"info","time":"2026-09-19T05:15:03.064Z","service":"vantage-main-server","env":"development","msg":"granot_lifecycle.booking_case.opened","observability_level":"info","category":"booking","workflow":"granot_booking_reconciliation"}
{"level":"info","time":"2026-09-19T05:15:03.066Z","service":"vantage-main-server","env":"development","msg":"granot_lifecycle.booking_case.refreshed","observability_level":"info","category":"booking","workflow":"granot_booking_reconciliation"}
{"level":"info","time":"2026-09-19T05:15:03.070Z","service":"vantage-main-server","env":"development","msg":"granot_lifecycle.booking_case.opened","observability_level":"info","category":"booking","workflow":"granot_booking_reconciliation"}
{"level":"info","time":"2026-09-19T05:15:03.071Z","service":"vantage-main-server","env":"development","msg":"granot_lifecycle.booking_case.opened","observability_level":"info","category":"booking","workflow":"granot_booking_reconciliation"}
{"level":"info","time":"2026-09-19T05:15:03.160Z","service":"vantage-main-server","env":"development","msg":"granot_lifecycle.booking_case.opened","observability_level":"info","category":"booking","workflow":"granot_booking_reconciliation"}
{"level":"info","time":"2026-09-19T05:15:03.161Z","service":"vantage-main-server","env":"development","msg":"granot_lifecycle.booking_case.refreshed","observability_level":"info","category":"booking","workflow":"granot_booking_reconciliation"}
{"level":"info","time":"2026-09-19T05:15:03.165Z","service":"vantage-main-server","env":"development","msg":"granot_lifecycle.booking_case.opened","observability_level":"info","category":"booking","workflow":"granot_booking_reconciliation"}
{"level":"info","time":"2026-09-19T05:15:03.167Z","service":"vantage-main-server","env":"development","msg":"granot_lifecycle.booking_case.opened","observability_level":"info","category":"booking","workflow":"granot_booking_reconciliation"}
{"level":"info","time":"2026-09-19T05:15:03.170Z","service":"vantage-main-server","env":"development","msg":"granot_lifecycle.booking_case.opened","observability_level":"info","category":"booking","workflow":"granot_booking_reconciliation"}
{"level":"info","time":"2026-09-19T05:15:03.172Z","service":"vantage-main-server","env":"development","msg":"granot_lifecycle.booking_case.refreshed","observability_level":"info","category":"booking","workflow":"granot_booking_reconciliation"}
{"level":"info","time":"2026-09-19T05:15:03.179Z","service":"vantage-main-server","env":"development","msg":"granot_lifecycle.booking_case.opened","observability_level":"info","category":"booking","workflow":"granot_booking_reconciliation"}
{"level":"info","time":"2026-09-19T05:15:03.187Z","service":"vantage-main-server","env":"development","msg":"granot_lifecycle.booking_case.refreshed","observability_level":"info","category":"booking","workflow":"granot_booking_reconciliation"}
{"level":"info","time":"2026-09-19T05:15:03.189Z","service":"vantage-main-server","env":"development","msg":"granot_lifecycle.booking_case.opened","observability_level":"info","category":"booking","workflow":"granot_booking_reconciliation"}
{"level":"info","time":"2026-09-19T05:15:03.200Z","service":"vantage-main-server","env":"development","msg":"granot_lifecycle.booking_case.opened","observability_level":"info","category":"booking","workflow":"granot_booking_reconciliation"}
{"level":"info","time":"2026-09-19T05:15:03.200Z","service":"vantage-main-server","env":"development","msg":"granot_lifecycle.booking_case.refreshed","observability_level":"info","category":"booking","workflow":"granot_booking_reconciliation"}
{"level":"info","time":"2026-09-19T05:15:03.206Z","service":"vantage-main-server","env":"development","msg":"granot_lifecycle.booking_case.opened","observability_level":"info","category":"booking","workflow":"granot_booking_reconciliation"}
✔ [AC-01][AC-35] capture writes a complete v2 webhook receipt with proven auth and no later fields (20.9088ms)
✔ [AC-01][AC-35] header allowlist keeps only the five bounded names (1.7879ms)
✔ [AC-02][AC-35] hashes the credential-redacted payload after allowlisting headers (2.1606ms)
✔ [AC-02] identical webhook deliveries stay distinct receipts and may share the diagnostic hash (7.5965ms)
✔ [AC-01] capture refuses an unproven authentication method before persist (1.4739ms)
✔ [AC-02][AC-33][AC-35] extension channel capture stores one browser_extension receipt and redacts credentials (1.877ms)
✔ [AC-02] same extension operation ID + same hash replays the existing receipt (1.4289ms)
✔ [AC-02] same extension operation ID + different hash is GRANOT_OPERATION_IDEMPOTENCY_CONFLICT (1.6423ms)
✔ webhook capture records a Daily Operations receipt fact after persist (1.6006ms)
✔ booking_status_changed Booked payload records granot.booked at capture (2.0559ms)
✔ identical webhook deliveries increment Daily Operations once per receipt (0.9555ms)
✔ extension channel capture does not record a Daily Operations fact (0.7021ms)
✔ Booked webhook capture increments class and booked once (1.0852ms)
✔ unclassified booking_status_changed increments class only (1.9711ms)
✔ channel capture replay does not increment Daily Operations (5.864ms)
✔ [AC-02] automation channel capture stores one granot_http_automation receipt (5.9915ms)
✔ [AC-02] same automation operation ID + different kind is GRANOT_OPERATION_IDEMPOTENCY_CONFLICT (12.6498ms)
✔ Owner selected_lead attaches even when the suggestion is medium (2.941ms)
✔ no selected_lead and a unique high suggestion auto-attaches (0.5859ms)
✔ no selected_lead and a medium-only suggestion stays Leadless (0.5737ms)
✔ no selected_lead and no suggestion stays Leadless (0.315ms)
✔ source_scoped_contact never auto-attaches even if confidence were high (0.331ms)
✔ Sheet intents distinguish attached Confirm from Leadless Confirm and Update (0.5197ms)
✔ Referral is not a Granot official Leadless Booking (0.3235ms)
﹣ Connect happy path attaches the Lead, writes EntityChange, and queues booking_chain (9.0725ms) # Replica-set proof is opt-in via GRANOT_LIFECYCLE_REPLICA_TESTS=true.
﹣ Connect already_satisfied on the exact same Lead writes no new Change (0.5336ms) # Replica-set proof is opt-in via GRANOT_LIFECYCLE_REPLICA_TESTS=true.
﹣ Connect exact Idempotency-Key replay returns the durable result (0.3734ms) # Replica-set proof is opt-in via GRANOT_LIFECYCLE_REPLICA_TESTS=true.
﹣ Connect rejects Referral, cancelled, already-booked Lead, and stale revision (0.7028ms) # Replica-set proof is opt-in via GRANOT_LIFECYCLE_REPLICA_TESTS=true.
﹣ Connect flag-off is POLICY_BLOCKED (0.4005ms) # Replica-set proof is opt-in via GRANOT_LIFECYCLE_REPLICA_TESTS=true.
✔ Connect sheet intent is booking_chain / booked_lead.connect_lead (3.8809ms)
✔ only Granot official Leadless Bookings without an open case are connectable (0.9156ms)
✔ Connect rejects owner_booking and employee_booking Leadless and any open case (15.0585ms)
✔ Eligible Connect Leads exclude Duplicate, Bad, cancelled, booked, and unmatched Call Leads (0.5927ms)
✔ Source assignment prefers Record Link scope, then employee snapshot, then booking source slug (0.4383ms)
✔ Lead matches booking source on company id, granularity, or slug (0.3099ms)
✔ evaluateConnectPreconditions attaches an eligible unbooked Lead (0.2781ms)
✔ already_satisfied when the Booking already has this exact Lead (0.3198ms)
✔ IDENTITY_CONFLICT when the Booking already has a different Lead (0.3436ms)
✔ IDENTITY_CONFLICT when another Booking already owns the Lead (0.3795ms)
✔ Referral, cancelled, Duplicate, Bad, and unmatched Call Leads are rejected (0.4547ms)
✔ stale booking revision fails closed (0.2457ms)
✔ out-of-scope without override is rejected; with reason it connects (0.3905ms)
✔ empty Connect q does not dump the book (48.695ms)
✔ Connect Form q hits snapshot paths and omits ineligible Leads (8.4267ms)
✔ Connect Call q hits snapshot paths and excludes unmatched Call Leads (3.0381ms)
✔ Connect Call q for Granot-only phone hits snapshot phone paths (4.2466ms)
✔ Connect candidates fail closed on Referral, cancelled, and open-case Bookings (7.8117ms)
﹣ [AC-08] replica concurrent same-Observation replay commits one atomic Form creation chain (3.5687ms) # Replica-set proof requires TEST_MODE=true before process start.
﹣ [AC-08][AC-09] replica Call phone is pending, Job-only is not_applicable, and fabricates no telephony (0.9229ms) # Replica-set proof requires TEST_MODE=true before process start.
﹣ [AC-08] replica Call creation rejects missing or multiple active route assignments (0.6954ms) # Replica-set proof requires TEST_MODE=true before process start.
﹣ [AC-07][AC-08] replica competing scoped Call phone identity creates nothing (1.2597ms) # Replica-set proof requires TEST_MODE=true before process start.
﹣ Race A: existing RingCentral Call Lead synchronizes even with adoption off (0.7963ms) # Replica-set proof requires TEST_MODE=true before process start.
﹣ [AC-08] replica exact replay returns stored refs; checksum conflict creates no partial state (1.0566ms) # Replica-set proof requires TEST_MODE=true before process start.
﹣ [AC-08] replica rollback after reserved-link identity race leaves zero orphan effects (0.7639ms) # Replica-set proof requires TEST_MODE=true before process start.
﹣ [AC-07][AC-08] replica concurrent same-job writers keep one Lead and one active link (0.6744ms) # Replica-set proof requires TEST_MODE=true before process start.
﹣ [AC-07][AC-08] replica processor race replans the loser through Unit 18 (0.7647ms) # Replica-set proof requires TEST_MODE=true before process start.
﹣ [AC-08] replica rolls back Lead/link/Change/Decision/Command/outbox stage failures (1.2419ms) # Replica-set proof requires TEST_MODE=true before process start.
✔ [AC-08] idempotency key is observation-scoped and stable (6.6751ms)
✔ [AC-08] checksum covers Observation, model, source-scope, policy version, and creation semantics (8.3322ms)
✔ [AC-08] checksum never includes raw transport envelope or secret-bearing headers (7.683ms)
✔ [AC-08] command envelope rejects invalid Observation, missing provenance, and wrong idempotency key (13.0822ms)
✔ create_if_missing SMS handoff requires the resolved Lead Source ID from source_scope (1.1482ms)
✔ observation-load create guard allows lead_created only (0.4732ms)
✔ command rejects priority_updated even for Call create_if_missing (0.9071ms)
✔ executeCreation requested_effect stays lead_created (10.982ms)
✔ both Granot phone-fence sites run without the adoption flag; Job-only still skips (1.5272ms)
✔ booking intake selection prefers the latest Booked evidence (4.3955ms)
✔ booking intake selection falls back to the latest creating evidence (0.7805ms)
✔ booking intake selection prefers latest Release when the case has only Release evidence (0.2714ms)
✔ booking intake selection prefers Booked when Booked and Release evidence both exist (0.2564ms)
✔ booking intake creating observation returns the credential-redacted Booked statement (7.287ms)
✔ booking intake creating observation is absent for missing booking cases (0.5468ms)
✔ [AC-P1] creating observation includes pairing and the preceding Priority 5 snapshot (1.9616ms)
✔ [AC-P3] Booked-without-5 still returns 200 with the Booked statement and no paired snapshot (1.0802ms)
✔ Release-only booking case creating observation is preferred_release with null pairing (0.7969ms)
✔ Booked plus Release booking case creating observation stays preferred_booked (2.9306ms)
✔ [AC-P6] historical Priority-5-only remains latest_creating with null pairing (0.6891ms)
✔ cancellation intake selection prefers the latest Release evidence (0.867ms)
✔ cancellation intake creating observation returns the credential-redacted Release statement (1.5857ms)
✔ intake creating observation uses the booking statement when both collections could match (1.0797ms)
✔ intake creating observation is absent when neither case exists (2.2302ms)
{"level":"info","time":"2026-09-19T05:15:12.607Z","service":"vantage-main-server","env":"development","msg":"granot_lifecycle.processing.completed","receipt_id":"6aae…0440","observation_id":"6aae…0441","decision_id":"6aae…0444","attempt":1,"execution_mode":"historical_shadow","outcome":"linked","reason_code":"record_link_established","duration_ms":19}
✔ [AC-33] equivalent webhook and extension statements normalize to the same identity and Priority (13.2638ms)
✔ [AC-33] equivalent shadow processor outcomes match and produce zero changed paths (30.0314ms)
✔ [AC-02][AC-33] apply-item envelope unwraps to the statement without a second policy (2.6983ms)
✔ [AC-02][AC-33] equivalent webhook and automation statements share Observation identity (1.4475ms)
✔ [AC-33] equivalent webhook and automation shadow desired-state outcomes match (18.3997ms)
✔ [AC-33] equivalent live webhook, extension, and automation desired states match (14.4878ms)
{"level":"info","time":"2026-09-19T05:15:12.611Z","service":"vantage-main-server","env":"development","msg":"granot_lifecycle.processing.completed","observability_level":"info","category":"mongo","workflow":"granot_lifecycle"}
{"level":"info","time":"2026-09-19T05:15:12.613Z","service":"vantage-main-server","env":"development","msg":"granot_lifecycle.processing.completed","receipt_id":"6aae…0442","observation_id":"6aae…0443","decision_id":"6aae…0446","attempt":1,"execution_mode":"historical_shadow","outcome":"linked","reason_code":"record_link_established","duration_ms":1}
{"level":"info","time":"2026-09-19T05:15:12.613Z","service":"vantage-main-server","env":"development","msg":"granot_lifecycle.processing.completed","observability_level":"info","category":"mongo","workflow":"granot_lifecycle"}
{"level":"info","time":"2026-09-19T05:15:12.637Z","service":"vantage-main-server","env":"development","msg":"granot_lifecycle.processing.completed","receipt_id":"6aae…0448","observation_id":"6aae…0449","decision_id":"6aae…044c","attempt":1,"execution_mode":"historical_shadow","outcome":"linked","reason_code":"record_link_established","duration_ms":15}
{"level":"info","time":"2026-09-19T05:15:12.637Z","service":"vantage-main-server","env":"development","msg":"granot_lifecycle.processing.completed","observability_level":"info","category":"mongo","workflow":"granot_lifecycle"}
{"level":"info","time":"2026-09-19T05:15:12.639Z","service":"vantage-main-server","env":"development","msg":"granot_lifecycle.processing.completed","receipt_id":"6aae…044a","observation_id":"6aae…044b","decision_id":"6aae…044e","attempt":1,"execution_mode":"historical_shadow","outcome":"linked","reason_code":"record_link_established","duration_ms":1}
{"level":"info","time":"2026-09-19T05:15:12.639Z","service":"vantage-main-server","env":"development","msg":"granot_lifecycle.processing.completed","observability_level":"info","category":"mongo","workflow":"granot_lifecycle"}
{"level":"info","time":"2026-09-19T05:15:12.649Z","service":"vantage-main-server","env":"development","msg":"granot_lifecycle.processing.completed","receipt_id":"6aae…0450","observation_id":"6aae…0451","decision_id":"6aae…0452","attempt":1,"execution_mode":"live","outcome":"applied","reason_code":"lead_state_changed","duration_ms":8}
{"level":"info","time":"2026-09-19T05:15:12.649Z","service":"vantage-main-server","env":"development","msg":"granot_lifecycle.processing.completed","observability_level":"info","category":"mongo","workflow":"granot_lifecycle"}
{"level":"info","time":"2026-09-19T05:15:12.651Z","service":"vantage-main-server","env":"development","msg":"granot_lifecycle.processing.completed","receipt_id":"6aae…0454","observation_id":"6aae…0455","decision_id":"6aae…0456","attempt":1,"execution_mode":"live","outcome":"applied","reason_code":"lead_state_changed","duration_ms":2}
{"level":"info","time":"2026-09-19T05:15:12.651Z","service":"vantage-main-server","env":"development","msg":"granot_lifecycle.processing.completed","observability_level":"info","category":"mongo","workflow":"granot_lifecycle"}
{"level":"info","time":"2026-09-19T05:15:12.653Z","service":"vantage-main-server","env":"development","msg":"granot_lifecycle.processing.completed","receipt_id":"6aae…0458","observation_id":"6aae…0459","decision_id":"6aae…045a","attempt":1,"execution_mode":"live","outcome":"applied","reason_code":"lead_state_changed","duration_ms":2}
{"level":"info","time":"2026-09-19T05:15:12.653Z","service":"vantage-main-server","env":"development","msg":"granot_lifecycle.processing.completed","observability_level":"info","category":"mongo","workflow":"granot_lifecycle"}
﹣ [AC-36] partial unique index allows one open fingerprint and a resolved history row (2.3979ms) # Replica proof requires testvantagemovers.
﹣ [AC-35][AC-36] No Action is exactly replayable and a revision race has one winner with zero Changes/Sheets (0.7144ms) # Replica proof requires testvantagemovers.
﹣ [AC-26][AC-36] re-evaluation leaves an unchanged current conflict open and exactly replays (0.4493ms) # Replica proof requires testvantagemovers.
﹣ [AC-23][AC-35] correction atomically preserves the old link and Lead scope with two Changes and zero official/Sheet effects (0.6641ms) # Replica proof requires testvantagemovers.
﹣ [AC-23][AC-36] correction failure after Change writes rolls back link, discrepancy, Command, and Changes (0.5505ms) # Replica proof requires testvantagemovers.
{"level":"info","time":"2026-09-19T05:15:14.409Z","service":"vantage-main-server","env":"development","msg":"granot_lifecycle.booking_discrepancy.opened","observability_level":"info","category":"admin","workflow":"granot_discrepancy"}
▶ Granot discrepancy fingerprint
  ✔ [AC-35][AC-36] freezes versioned canonical non-PII identity (2.1172ms)
  ✔ [AC-26][AC-27][AC-35] includes every null identity key and excludes evidence/display data (0.9772ms)
✔ Granot discrepancy fingerprint (5.8372ms)
▶ Granot discrepancy persistence
  ✔ [AC-26][AC-36] opens, refreshes, and exactly deduplicates one fingerprint (22.628ms)
✔ Granot discrepancy persistence (22.9567ms)
{"level":"info","time":"2026-09-19T05:15:14.413Z","service":"vantage-main-server","env":"development","msg":"granot_lifecycle.booking_discrepancy.refreshed","observability_level":"info","category":"admin","workflow":"granot_discrepancy"}
﹣ [AC-30] replica-set two claimants have one winner (2.5451ms) # Replica-set proof requires TEST_MODE=true before process start.
﹣ [AC-30] replica-set expired lease recovers and stale owner cannot finalize (0.6573ms) # Replica-set proof requires TEST_MODE=true before process start.
﹣ [AC-30] replica-set attempt 10 dead-letters with zero Decision (0.4564ms) # Replica-set proof requires TEST_MODE=true before process start.
﹣ [AC-37] replica-set concurrent requeue has one winner and one audit (0.8681ms) # Replica-set proof requires TEST_MODE=true before process start.
﹣ [AC-30] replica-set queue and cron due scan share the claim fence (0.8831ms) # Replica-set proof requires TEST_MODE=true before process start.
{"level":"info","time":"2026-09-19T05:15:15.754Z","service":"vantage-main-server","env":"development","msg":"granot_lifecycle.claim.recovered","observability_level":"info","category":"mongo","workflow":"granot_lifecycle","entity_id":"6aae1a...d942"}
✔ claim predicate and update match Section 26 exactly (7.8165ms)
✔ [AC-30] foundation terminal processor outcomes complete and reset technical budget (4.7922ms)
✔ [AC-30] foundation pending_match increments match_attempt once and does not consume technical budget (1.5059ms)
✔ [AC-30] foundation pending_match at 24 hours completes and is not scheduled further (1.0917ms)
✔ [AC-30] foundation insufficient_creation_data completes and is never converted to pending match (0.8161ms)
✔ [AC-30] foundation unknown outcome fails closed as a technical contract error (6.6408ms)
✔ [AC-30] foundation dependency failure creates no Decision and schedules technical retry (25.7278ms)
✔ [AC-30] foundation consecutive technical failure 10 dead-letters with a safe error (41.8848ms)
✔ two claimants have one winner and an unexpired lease cannot be stolen (30.7164ms)
✔ expired lease recovers and increments the recovery counter only after success (26.8054ms)
✔ stale owner cannot renew or finalize (1.354ms)
✔ processing disabled skips without claiming (3.5779ms)
✔ [AC-30] foundation historical shadow drain creates no forbidden aggregate effects (1.9314ms)
✔ synchronous loser polls at most five seconds and never starts a second processor (2.0543ms)
✔ synchronous completed work returns the stored processor result (1.4195ms)
✔ queue wakeup parser accepts only { receipt_id } (1.397ms)
﹣ [AC-02] concurrent same operation ID + same hash yields one receipt (2.9995ms) # Replica-set proof is opt-in via GRANOT_LIFECYCLE_REPLICA_TESTS=true.
﹣ [AC-02] concurrent same operation ID + different hash has one winner and 409 (1.3491ms) # Replica-set proof is opt-in via GRANOT_LIFECYCLE_REPLICA_TESTS=true.
✔ [AC-33][AC-35] apply captures a browser_extension receipt then claim/process-or-poll (5.2499ms)
✔ [AC-02] replayed capture still returns the stored processor result (1.1862ms)
✔ [AC-02] accepted_for_processing keeps the same operation ID for refresh (0.9847ms)
✔ [AC-33] expected_target disagreement is a non-syncable conflict and never an override (0.5786ms)
✔ [AC-35] compatibility messages are fixed and never echo payload values (0.3125ms)
✔ [AC-32] temporal comparator treats a missing stored winner as newer (1.9217ms)
✔ [AC-32] temporal comparator compares captured_at before Observation ObjectId (0.4409ms)
✔ [AC-32] equal captured_at uses lowercase 24-character Observation ObjectId hex (0.525ms)
✔ [AC-32] exact same temporal tuple is same and never a second winner (0.3503ms)
✔ [AC-32] no source, channel, or Priority can be encoded in the temporal tuple (6.8488ms)
✔ [AC-39] Booking without a Lead returns Booking Lead Reconciliation delegation only (8.0068ms)
✔ [AC-04] module portion multiple current Bookings are an operational Job conflict (1.0278ms)
✔ [AC-07] module portion Record Link model mismatch is a hard conflict (2.0743ms)
✔ missing Record Link Lead is a hard conflict and not a contact fallback (2.7757ms)
✔ [AC-07] module portion Call ladder never queries phone without Source Granularity (1.4942ms)
✔ Booking owner that differs from a contact candidate is conflict evidence, not reassignment (1.8808ms)
﹣ [AC-07] replica identity is read-only across lifecycle and aggregate collections (3.4789ms) # Replica-set proof requires TEST_MODE=true before process start.
﹣ [AC-13] replica cross-field Agent username contradiction returns no suggestion (0.7395ms) # Replica-set proof requires TEST_MODE=true before process start.
﹣ [AC-39] replica Booking without Lead delegates and writes no case (0.4945ms) # Replica-set proof requires TEST_MODE=true before process start.
﹣ replica active Record Link lookup is findOne and writes nothing (0.6049ms) # Replica-set proof requires TEST_MODE=true before process start.
﹣ [AC-04] replica Call Job query is granularity-scoped and read-only (0.4843ms) # Replica-set proof requires TEST_MODE=true before process start.
✔ [AC-09] identity portion missing or invalid route never queries a Lead (7.5561ms)
✔ [AC-29] identity portion deferred policy and provider type never enter a Lead ladder (1.1259ms)
✔ [AC-03] exact Form ref_no match verifies Source Scope and does not post (1.7594ms)
✔ [AC-03] valid 24-character ObjectId compatibility lookup remains a later rung (1.3388ms)
✔ [AC-03] blank or not-provided Form reference is never queried (2.3903ms)
✔ [AC-04] Form ref with conflicting Source Scope is a hard conflict and stops contact fallback (1.4838ms)
✔ [AC-04] Call Job outside resolved Source Granularity is never a global match (1.2841ms)
✔ [AC-04] Record Link Source Scope conflict does not continue the Form ladder (0.959ms)
✔ [AC-04] Booking owner with conflicting Source Scope is conflict evidence (0.6799ms)
✔ [AC-07] identity portion returns one deterministic Form target and never queries globally (1.8422ms)
✔ current and immutable Form contact values dedupe to one candidate (0.9045ms)
✔ job-only Record Link is evidence and the Form ladder continues (0.4682ms)
✔ usable Record Link with agreeing scope stops on granot_record_link (0.5894ms)
✔ Duplicate Form Lead is ineligible on exact identity (0.4804ms)
✔ Bad Form Lead is priority_only from strong exact identity and excluded from contact matching (0.8647ms)
✔ inbound letter prefix is the same Job as Granot digits (1.8676ms)
✔ conflicting nonempty Job Numbers are a hard conflict (0.8769ms)
✔ multiple eligible Form contact candidates are ambiguous (0.4823ms)
✔ Call Job rung is scoped and Duplicate Call Leads remain readable (0.8548ms)
✔ Call unique Job wins when Observation phone matches a different Lead (1.5148ms)
✔ Call with no Job on the Lead still binds by operational phone (3.2449ms)
✔ two eligible Call Jobs are a conflict (0.5428ms)
✔ Call phone query omits granot_contact_snapshot (7.9497ms)
✔ Call current and ingested phones dedupe to one Lead (0.7783ms)
✔ [AC-08] multiple scoped Call phone candidates are a creation conflict (0.5963ms)
✔ [AC-13] identity portion equal usernames suggest one active Agent and never mutate (1.998ms)
✔ [AC-13] identity portion differing user and rep block Agent suggestion (0.9959ms)
✔ [AC-13] more than one active Agent for one username returns no suggestion (0.9706ms)
✔ Referral policy returns leadless context and performs no Lead search (1.1009ms)
✔ [AC-35] portion last_error strips payload, credentials, and contact text (4.7246ms)
✔ [AC-35] portion last_error keeps a bounded safe code and short message (1.4812ms)
✔ unknown error codes collapse to a bounded technical class (0.8733ms)
✔ [AC-10] WordPress submitted contact and Granot snapshot stay separately identifiable and masked (9.0337ms)
✔ [AC-05] all listed Priority forms canonicalize into desired state; only 1/5 enrich and set quoted true (9.5856ms)
✔ [AC-05] leading-zero canonical 5 enriches; no Priority plans quoted false (0.9263ms)
✔ [AC-06] malformed Priority Update is invalid and plans nothing (3.0584ms)
✔ [AC-06] malformed Priority on Lead Created/Booked/Release skips Priority and continues (6.118ms)
✔ [AC-07] matched Lead Created selects one target and never plans a second Lead (4.4513ms)
✔ [AC-08] create_if_missing with minimum data authorizes the gated creation command (1.533ms)
✔ [AC-08] incomplete create_if_missing is exact insufficient_creation_data (0.5836ms)
✔ [AC-09] Local vs long-distance route result controls Form minimum-data eligibility (0.5316ms)
✔ [AC-10] WordPress primary contact and immutable snapshot never enter changed paths (0.6715ms)
✔ [AC-11] WordPress immutable move snapshot and Vantage move_size stay unchanged (1.5317ms)
✔ [AC-12] RingCentral Call qualified contact plans Granot Contact Snapshot only (1.249ms)
✔ granot_lead_created Call later different Granot phone plans snapshot only (2.3462ms)
✔ Priority 8 Call Lead does not plan Granot Contact Snapshot (0.6676ms)
✔ [AC-13] empty receiver fills from one active Agent at a non-1/5 Priority (0.5407ms)
✔ [AC-13] Agent conflict or existing receiver never overwrites (1.1552ms)
✔ [AC-30] link_only pending match persists the next offset and becomes unmatched at 24h (1.1011ms)
✔ [AC-30] incomplete creation data is never scheduled as pending match (0.952ms)
✔ [AC-32] no-op desired state creates no changed paths (0.9956ms)
✔ Call Lead snapshot formatting-only Granot contact does not remanufacture a change (0.4261ms)
✔ WordPress snapshot formatting-only Granot contact does not remanufacture a change (0.3391ms)
✔ [AC-32] older temporal winner is stale and plans no desired-state effect (0.3709ms)
✔ Bad exact Form target plans only valid Priority; Duplicate has no target (0.5103ms)
✔ letter-prefixed Lead Job matches Granot digits and does not conflict (0.7475ms)
✔ equivalent formatting does not manufacture a Job Number change (0.2411ms)
✔ observation_only policy stays evidence-only (0.1817ms)
✔ Call create_if_missing + priority_updated + unmatched + Job is not eligible (0.2762ms)
✔ Call create_if_missing + lead_created stays eligible (0.2483ms)
✔ Form create_if_missing + lead_created stays eligible (0.267ms)
✔ Call link_only + priority_updated is not eligible (0.2664ms)
✔ Form create_if_missing + priority_updated is not eligible (0.1995ms)
✔ Call create_if_missing + booking_status_changed is not eligible (0.2179ms)
✔ invalid Call priority_updated never creates even with create_if_missing (0.2255ms)
✔ SSE snapshot then streams newer receipts and heartbeats before closing (5.5252ms)
✔ SSE reconnect with Last-Event-ID skips the snapshot and continues from the cursor (0.7141ms)
✔ [AC-L4] late intake_link emits receipt_updated without advancing the capture cursor (2.6041ms)
✔ SSE does not emit receipt_updated for a brand-new receipt just sent as receipt (1.3864ms)
✔ extractLiveWebhookLead reads name, contact, job, and move fields from a Granot body (8.4206ms)
✔ projectLiveWebhookReceipt keeps webhook lead facts and strips credential keys (4.0561ms)
✔ projectLiveWebhookReceipt ignores extension receipts and unknown event classes (1.9383ms)
✔ live receipt event ids round-trip captured_at and receipt_id (5.7215ms)
✔ [AC-L1] lead_created and priority_updated keep observation_id but never a non-null intake_link (7.4811ms)
✔ [AC-L2] booking_status_changed links the unique booking case that holds the Observation (1.3205ms)
✔ [AC-L3] empty, unsupported, or discrepancy-only booking_status_changed never gets an intake_link (1.7418ms)
✔ [AC-L5] two receipts on the same job only link the Observation that is on the case (3.2866ms)
✔ duplicate booking cases for one Observation fail closed and record an operational event (1.1904ms)
✔ missing Observation yields null observation_id and intake_link (29.8342ms)
✔ [AC-35] portion Unit 08 metrics accept only bounded error-code labels (2.5961ms)
✔ [AC-31][AC-35] Section 33 metric names stay exact and receipt labels stay closed (2.2759ms)
✔ [AC-18][AC-19] Booking-case gauge is current cardinality, not an evidence counter (0.6804ms)
✔ [AC-05][AC-06] one receipt upserts one Observation and sequential reprocess reuses it (8.2639ms)
✔ [AC-05] concurrent same-candidate inserts collapse to one stored row (1.2641ms)
✔ [AC-05] a differing candidate fails closed and does not overwrite stored evidence (1.8731ms)
✔ [AC-06] invalid and unsupported results persist as completed classifications (1.7828ms)
✔ [AC-05] technical insert failure creates no partial second row (0.6448ms)
✔ [AC-05][AC-29] upsertGranotObservation normalizes an already-read receipt without Registry or aggregate fields (9.5929ms)
✔ [AC-05][AC-06][AC-25][AC-29] every Unit 01 fixture produces the expected normalized facts (14.2323ms)
✔ [AC-05] Priority 0, 1, 5, 8, 05, all-zero, and 12-digit retain raw/canonical/valid without enrichment (0.9509ms)
✔ [AC-06] missing or malformed Priority invalidates Priority Update only (0.5806ms)
✔ [AC-25] exact Booked, Releas, and Release aliases normalize; Released and prefixes do not (0.4515ms)
✔ [AC-29] type=AUTO stays provider context and does not supply source classification (0.5734ms)
✔ [AC-05] webhook, extension, and automation parity fixtures share normalized business fields (0.9864ms)
✔ [AC-06] lead_created payload event type is accepted case-insensitively (0.3308ms)
✔ [AC-06] non-object payload and route/event conflicts persist as terminal invalid vocabulary (0.7006ms)
✔ [AC-06] unsupported Booking Action is not upgraded or downgraded by Priority (3.335ms)
✔ [AC-05][AC-29] source, identity, contact, move, money, and agent rules cover NFKC, bounds, and invalid dates (56.443ms)
✔ [AC-05] omitted service_type and unused cubic_rate do not change extracted webhook facts (1.8711ms)
✔ [AC-05] display money never becomes domain command input (1.172ms)
✔ fixture inventory paths normalize Windows and POSIX separators identically (2.2839ms)
✔ [AC-03][AC-05][AC-06][AC-29] every committed fixture satisfies the strict contract (6.6643ms)
✔ [AC-03][AC-05][AC-06][AC-29] invalid fixture authority and metadata combinations are rejected (6.0192ms)
✔ [AC-03] identity fixtures preserve exact-reference priority and blank compatibility boundaries (0.578ms)
✔ [AC-05] valid Priority fixtures freeze raw and canonical values without false downgrade authority (0.6036ms)
✔ [AC-06] malformed Priority and exact Booking Action aliases retain independent behavior (0.4156ms)
✔ [AC-29] source labels remain separate from provider type and deferred effects (0.4026ms)
✔ [AC-05][AC-06] equivalent statements seed cross-channel normalization parity (0.6255ms)
✔ [AC-03][AC-05][AC-06][AC-29] scanner accepts all schema-validated fixture sources (1102.0485ms)
✔ [AC-03][AC-05][AC-06][AC-29] scanner rejects injected sensitive material with safe locations only (539.885ms)
✔ [AC-03][AC-05][AC-06][AC-29] scanner rejects raw and prohibited fixture source paths (0.616ms)
✔ [AC-03][AC-05][AC-06][AC-29] recursive inventory rejects alternate durable fixture sources (84.4195ms)
{"level":"info","time":"2026-09-19T05:15:23.022Z","service":"vantage-main-server","env":"development","msg":"granot_lifecycle.booking_case.opened","observability_level":"info","category":"admin","workflow":"granot_lifecycle"}
✔ [AC-35][AC-37] Unit 30 event catalog is frozen and aliases are one-way (3.2223ms)
✔ [AC-35] sanitizer drops payload, contact, credentials, and free-form reason text (0.8371ms)
✔ [AC-35] sanitizer masks identifiers case-insensitively and retains bounded conflict codes (0.4956ms)
✔ [AC-35] unknown catalog keys are dropped and emission never throws (3.6988ms)
✔ [AC-31][AC-37] apply/replay/conflict stay distinguishable and replay emits no resolve (1.2692ms)
✔ [AC-35] owner command conflicts increment closed codes only (1.7611ms)
{"level":"info","time":"2026-09-19T05:15:23.024Z","service":"vantage-main-server","env":"development","msg":"granot_lifecycle.owner_command.applied","observability_level":"info","category":"admin","workflow":"granot_lifecycle"}
{"level":"info","time":"2026-09-19T05:15:23.025Z","service":"vantage-main-server","env":"development","msg":"granot_lifecycle.booking_case.resolved","observability_level":"info","category":"admin","workflow":"granot_lifecycle"}
{"level":"info","time":"2026-09-19T05:15:23.025Z","service":"vantage-main-server","env":"development","msg":"granot_lifecycle.owner_command.replayed","observability_level":"info","category":"admin","workflow":"granot_lifecycle"}
{"level":"warn","time":"2026-09-19T05:15:23.026Z","service":"vantage-main-server","env":"development","msg":"granot_lifecycle.owner_command.conflict","observability_level":"warn","category":"admin","workflow":"granot_lifecycle"}
{"level":"warn","time":"2026-09-19T05:15:23.026Z","service":"vantage-main-server","env":"development","msg":"granot_lifecycle.owner_command.conflict","observability_level":"warn","category":"admin","workflow":"granot_lifecycle"}
﹣ [AC-31][AC-35][AC-37][AC-38] replica health counts come from Mongo and do not mutate official facts (3.0529ms) # Replica-set proof requires TEST_MODE=true before process start.
{"level":"info","time":"2026-09-19T05:15:27.126Z","service":"vantage-main-server","env":"development","msg":"granot_lifecycle.activation.committed","activation_id":"6aae1a...1d1d","activated_at":"2026-08-17T16:00:00.000Z","processor_version":"granot-lifecycle-processor-v1","request_id":"req-activation-test"}
✔ [AC-31] foundation Owner activation is write-once and returns a safe projection (12.4831ms)
✔ [AC-31] foundation Admin without Owner cannot activate (3.3104ms)
✔ [AC-31] activation audit failure cannot roll back the committed activation (3.5078ms)
﹣ [AC-31] foundation replica-set concurrent activation has one winner (0.8694ms) # Replica-set proof is opt-in via GRANOT_LIFECYCLE_REPLICA_TESTS=true.
✔ [AC-37] Owner requeue moves dead_letter to pending without replacing evidence (2.2197ms)
✔ [AC-37] requeue audit failure cannot roll back the receipt transition (1.0908ms)
✔ [AC-37] requeue of completed or claimed work conflicts and creates no audit (1.4232ms)
✔ [AC-37] missing receipt returns GRANOT_RECEIPT_NOT_FOUND (1.1691ms)
✔ [AC-37] Admin without Owner cannot requeue (1.1624ms)
✔ [AC-35] portion activation projection omits reason and actor PII (0.8475ms)
{"level":"info","time":"2026-09-19T05:15:27.136Z","service":"vantage-main-server","env":"development","msg":"granot_lifecycle.activation.committed","activation_id":"6aae1a...1d1e","activated_at":"2026-08-17T16:00:00.000Z","processor_version":"granot-lifecycle-processor-v1","request_id":"req-activation-test"}
{"level":"info","time":"2026-09-19T05:15:27.141Z","service":"vantage-main-server","env":"development","msg":"granot_lifecycle.manual_requeue.committed","receipt_id":"6aae1a...1d1f","prior_state":"dead_letter","new_state":"pending","manual_requeue_count":1,"request_id":"req-activation-test"}
{"level":"info","time":"2026-09-19T05:15:27.142Z","service":"vantage-main-server","env":"development","msg":"granot_lifecycle.manual_requeue.committed","receipt_id":"6aae1a...1d21","prior_state":"dead_letter","new_state":"pending","manual_requeue_count":1,"request_id":"req-activation-test"}
﹣ [AC-32] replica temporal CAS one winner advances metadata without revision/Change/outbox (9.4706ms) # Replica-set proof requires TEST_MODE=true before process start.
﹣ [AC-32] replica concurrent temporal loser re-evaluates stale and does not persist already_current (1.8406ms) # Replica-set proof requires TEST_MODE=true before process start.
{"level":"info","time":"2026-09-19T05:15:30.670Z","service":"vantage-main-server","env":"development","msg":"granot_lifecycle.processing.completed","receipt_id":"6aae…c0c9","observation_id":"6aae…c0c8","decision_id":"6aae…c0cd","attempt":1,"execution_mode":"live","outcome":"pending_match","reason_code":"pending_source_scoped_match","duration_ms":20}
✔ [AC-18] processor does not invoke Booking reconciliation for Priority 5 (44.4751ms)
✔ [AC-18] Priority 5 with booking cases enabled still applies lead desired-state (15.9396ms)
✔ [AC-18][AC-19] processor invokes Booking reconciliation only in live gate-enabled posture (4.0941ms)
✔ [AC-25][AC-26][AC-27][AC-P5] processor invokes Booking reconciliation for live gate-enabled Release evidence (3.8678ms)
✔ [AC-26][AC-27][AC-36][AC-R6] processor persists Release identity conflict through the discrepancy module (3.7368ms)
✔ [AC-R4] officially cancelled Booking + Release is already_current via Booking reconciliation (4.5809ms)
✔ Release booking-case early-return does not invoke synchronizeLeadFromGranot (4.1031ms)
✔ [AC-02] portion identical webhook evidence in two receipts creates two Decisions (3.467ms)
✔ [AC-02] portion same observation/attempt replay returns one Decision (2.4732ms)
✔ [AC-02] portion a differing stored Decision is an integrity failure (2.2268ms)
✔ [AC-31] foundation pre-activation receipts stay historical and create no live effects (2.3699ms)
✔ [AC-31] foundation live-shadow Decisions are not promoted and mutate no Record Link (1.5818ms)
✔ [AC-32] portion historical establishment, confirmation, and conflict keep one active link (7.3567ms)
✔ [AC-32] portion invalid, unsupported, and unclassified paths create no link or forbidden effects (2.9538ms)
✔ processing disabled refuses unless a test supplies config (0.6651ms)
✔ [AC-31] foundation live configuration with no match stays pending and mutates no Lead (1.2935ms)
﹣ [AC-32] portion replica-set Decision+link persist atomically and unique job races keep one active link (0.7244ms) # Replica-set proof requires TEST_MODE=true before process start.
✔ [AC-07] shadow matched Lead Created records one target and never claims a second Lead (1.8599ms)
✔ [AC-08] foundation eligible create_if_missing stays suppressed with no reservation (3.2137ms)
✔ [AC-30] processor emits terminal unmatched at 24 hours (10.927ms)
✔ [AC-06] malformed Priority on Lead Created continues independent identity work (3.2011ms)
✔ [AC-32] shadow no-op already_current writes no Change, Sheet, or Record Link (3.5169ms)
✔ [AC-32] live test posture advances metadata-only winner and does not emit Change (2.1021ms)
✔ [AC-32] CAS loser re-evaluates as stale and never persists already_current (6.4211ms)
✔ gate snapshot uses real policy facts in stable eight-name order (2.1525ms)
✔ [AC-35] portion Decision metrics use only bounded enum labels (18.7589ms)
✔ [AC-05][AC-07] live authorized matched write invokes synchronizeLeadFromGranot once (12.59ms)
✔ [AC-32] live applied Decision replays without a second command after the Lead is current (13.226ms)
✔ [AC-32] lost live command race replans as stale and never persists applied (18.0353ms)
✔ [AC-32] already_current exact link does not invoke the command (1.2916ms)
✔ [AC-32] stale classification does not invoke the command (20.5329ms)
✔ [AC-32] inactive Source Company is policy_blocked and never invokes the command (9.0435ms)
✔ [AC-07] live already_current with no active link still invokes association (1.8933ms)
✔ [AC-08] live eligible no-match invokes createLeadFromGranot once with the exact no-patch command (5.1051ms)
✔ [AC-08] live authorized Job-only Call invokes creation and multiple candidates block it (3.0365ms)
✔ RingCentral-origin Call Lead plus later Granot Call observation synchronizes and does not create (4.1263ms)
✔ fence identity race replans Call create_if_missing onto the RingCentral Call Lead (2.2489ms)
✔ Call Job versus phone pointing at two Leads is job_number_conflict and never creates (3.222ms)
✔ [AC-07] live matched Lead Created never invokes createLeadFromGranot (3.1339ms)
✔ [AC-07] identity race winner replans through Unit 18 and never retries blind creation (8.5111ms)
✔ [AC-07] lead-less active link reservation replans as record-link conflict (2.7152ms)
✔ [AC-07] unrelated duplicate-key failures remain technical errors (1.8562ms)
✔ [AC-08] disabled, shadow, incomplete, and route-failure paths create no command (7.3644ms)
✔ [AC-09] live Form same states select Local; differing states select long-distance; invalid ZIP/state create no command (4.8908ms)
✔ pending_match records granot.pending_match with parent_receipt_id (3.8329ms)
✔ unmatched records granot.unmatched and created is not minted by the processor (2.8895ms)
✔ same observation/attempt replay does not increment Daily Operations again (1.9678ms)
{"level":"info","time":"2026-09-19T05:15:30.673Z","service":"vantage-main-server","env":"development","msg":"granot_lifecycle.processing.completed","observability_level":"info","category":"mongo","workflow":"granot_lifecycle"}
{"level":"info","time":"2026-09-19T05:15:30.695Z","service":"vantage-main-server","env":"development","msg":"granot_lifecycle.processing.completed","receipt_id":"6aae…c0cf","observation_id":"6aae…c0ce","decision_id":"6aae…c0d4","attempt":1,"execution_mode":"live","outcome":"applied","reason_code":"lead_state_changed","duration_ms":14}
{"level":"info","time":"2026-09-19T05:15:30.695Z","service":"vantage-main-server","env":"development","msg":"granot_lifecycle.processing.completed","observability_level":"info","category":"mongo","workflow":"granot_lifecycle"}
{"level":"info","time":"2026-09-19T05:15:30.701Z","service":"vantage-main-server","env":"development","msg":"granot_lifecycle.processing.completed","receipt_id":"6aae…c0d7","observation_id":"6aae…c0d6","decision_id":"6aae…c0db","attempt":1,"execution_mode":"live","outcome":"linked","reason_code":"booking_case_opened","duration_ms":1}
{"level":"info","time":"2026-09-19T05:15:30.701Z","service":"vantage-main-server","env":"development","msg":"granot_lifecycle.processing.completed","observability_level":"info","category":"mongo","workflow":"granot_lifecycle"}
{"level":"info","time":"2026-09-19T05:15:30.702Z","service":"vantage-main-server","env":"development","msg":"granot_lifecycle.processing.completed","receipt_id":"6aae…c0d7","observation_id":"6aae…c0d6","decision_id":"6aae…c0e0","attempt":1,"execution_mode":"live","outcome":"pending_match","reason_code":"pending_source_scoped_match","duration_ms":0}
{"level":"info","time":"2026-09-19T05:15:30.703Z","service":"vantage-main-server","env":"development","msg":"granot_lifecycle.processing.completed","observability_level":"info","category":"mongo","workflow":"granot_lifecycle"}
{"level":"info","time":"2026-09-19T05:15:30.705Z","service":"vantage-main-server","env":"development","msg":"granot_lifecycle.processing.completed","receipt_id":"6aae…c0e2","observation_id":"6aae…c0e1","decision_id":"6aae…c0e6","attempt":1,"execution_mode":"live","outcome":"linked","reason_code":"booking_case_opened","duration_ms":1}
{"level":"info","time":"2026-09-19T05:15:30.705Z","service":"vantage-main-server","env":"development","msg":"granot_lifecycle.processing.completed","observability_level":"info","category":"mongo","workflow":"granot_lifecycle"}
{"level":"info","time":"2026-09-19T05:15:30.706Z","service":"vantage-main-server","env":"development","msg":"granot_lifecycle.processing.completed","receipt_id":"6aae…c0e2","observation_id":"6aae…c0e1","decision_id":"6aae…c0eb","attempt":1,"execution_mode":"live","outcome":"pending_match","reason_code":"pending_source_scoped_match","duration_ms":0}
{"level":"info","time":"2026-09-19T05:15:30.707Z","service":"vantage-main-server","env":"development","msg":"granot_lifecycle.processing.completed","observability_level":"info","category":"mongo","workflow":"granot_lifecycle"}
{"level":"info","time":"2026-09-19T05:15:30.710Z","service":"vantage-main-server","env":"development","msg":"granot_lifecycle.processing.completed","receipt_id":"6aae…c0ed","observation_id":"6aae…c0ec","decision_id":"6aae…c0f1","attempt":1,"execution_mode":"live","outcome":"conflict","reason_code":"release_discrepancy_opened","duration_ms":2}
{"level":"info","time":"2026-09-19T05:15:30.710Z","service":"vantage-main-server","env":"development","msg":"granot_lifecycle.processing.completed","observability_level":"info","category":"mongo","workflow":"granot_lifecycle"}
{"level":"info","time":"2026-09-19T05:15:30.713Z","service":"vantage-main-server","env":"development","msg":"granot_lifecycle.processing.completed","receipt_id":"6aae…c0f4","observation_id":"6aae…c0f3","decision_id":"6aae…c0f9","attempt":1,"execution_mode":"live","outcome":"already_current","reason_code":"booking_already_cancelled","duration_ms":0}
{"level":"info","time":"2026-09-19T05:15:30.713Z","service":"vantage-main-server","env":"development","msg":"granot_lifecycle.processing.completed","observability_level":"info","category":"mongo","workflow":"granot_lifecycle"}
{"level":"info","time":"2026-09-19T05:15:30.718Z","service":"vantage-main-server","env":"development","msg":"granot_lifecycle.processing.completed","receipt_id":"6aae…c0fb","observation_id":"6aae…c0fa","decision_id":"6aae…c100","attempt":1,"execution_mode":"live","outcome":"linked","reason_code":"booking_case_opened","duration_ms":1}
{"level":"info","time":"2026-09-19T05:15:30.718Z","service":"vantage-main-server","env":"development","msg":"granot_lifecycle.processing.completed","observability_level":"info","category":"mongo","workflow":"granot_lifecycle"}
{"level":"info","time":"2026-09-19T05:15:30.720Z","service":"vantage-main-server","env":"development","msg":"granot_lifecycle.processing.completed","receipt_id":"6aae…c0fb","observation_id":"6aae…c0fa","decision_id":"6aae…c105","attempt":1,"execution_mode":"live","outcome":"linked","reason_code":"booking_case_refreshed","duration_ms":1}
{"level":"info","time":"2026-09-19T05:15:30.720Z","service":"vantage-main-server","env":"development","msg":"granot_lifecycle.processing.completed","observability_level":"info","category":"mongo","workflow":"granot_lifecycle"}
{"level":"info","time":"2026-09-19T05:15:30.722Z","service":"vantage-main-server","env":"development","msg":"granot_lifecycle.processing.completed","receipt_id":"6aae…c108","observation_id":"6aae…c107","decision_id":"6aae…c112","attempt":1,"execution_mode":"historical_shadow","outcome":"linked","reason_code":"record_link_established","duration_ms":1}
{"level":"info","time":"2026-09-19T05:15:30.722Z","service":"vantage-main-server","env":"development","msg":"granot_lifecycle.processing.completed","observability_level":"info","category":"mongo","workflow":"granot_lifecycle"}
{"level":"info","time":"2026-09-19T05:15:30.723Z","service":"vantage-main-server","env":"development","msg":"granot_lifecycle.processing.completed","receipt_id":"6aae…c109","observation_id":"6aae…c10a","decision_id":"6aae…c114","attempt":1,"execution_mode":"historical_shadow","outcome":"linked","reason_code":"record_link_established","duration_ms":1}
{"level":"info","time":"2026-09-19T05:15:30.723Z","service":"vantage-main-server","env":"development","msg":"granot_lifecycle.processing.completed","observability_level":"info","category":"mongo","workflow":"granot_lifecycle"}
{"level":"info","time":"2026-09-19T05:15:30.725Z","service":"vantage-main-server","env":"development","msg":"granot_lifecycle.processing.completed","receipt_id":"6aae…c117","observation_id":"6aae…c116","decision_id":"6aae…c11b","attempt":1,"execution_mode":"historical_shadow","outcome":"linked","reason_code":"record_link_established","duration_ms":1}
{"level":"info","time":"2026-09-19T05:15:30.725Z","service":"vantage-main-server","env":"development","msg":"granot_lifecycle.processing.completed","observability_level":"info","category":"mongo","workflow":"granot_lifecycle"}
{"level":"info","time":"2026-09-19T05:15:30.731Z","service":"vantage-main-server","env":"development","msg":"granot_lifecycle.processing.completed","receipt_id":"6aae…c127","observation_id":"6aae…c126","decision_id":"6aae…c12b","attempt":1,"execution_mode":"historical_shadow","outcome":"linked","reason_code":"record_link_established","duration_ms":1}
{"level":"info","time":"2026-09-19T05:15:30.731Z","service":"vantage-main-server","env":"development","msg":"granot_lifecycle.processing.completed","observability_level":"info","category":"mongo","workflow":"granot_lifecycle"}
{"level":"info","time":"2026-09-19T05:15:30.732Z","service":"vantage-main-server","env":"development","msg":"granot_lifecycle.processing.completed","receipt_id":"6aae…c12e","observation_id":"6aae…c12d","decision_id":"6aae…c132","attempt":1,"execution_mode":"live_shadow","outcome":"pending_match","reason_code":"pending_source_scoped_match","duration_ms":0}
{"level":"info","time":"2026-09-19T05:15:30.732Z","service":"vantage-main-server","env":"development","msg":"granot_lifecycle.processing.completed","observability_level":"info","category":"mongo","workflow":"granot_lifecycle"}
{"level":"info","time":"2026-09-19T05:15:30.735Z","service":"vantage-main-server","env":"development","msg":"granot_lifecycle.processing.completed","receipt_id":"6aae…c137","observation_id":"6aae…c136","decision_id":"6aae…c138","attempt":1,"execution_mode":"historical_shadow","outcome":"linked","reason_code":"record_link_established","duration_ms":1}
{"level":"info","time":"2026-09-19T05:15:30.735Z","service":"vantage-main-server","env":"development","msg":"granot_lifecycle.processing.completed","observability_level":"info","category":"mongo","workflow":"granot_lifecycle"}
{"level":"info","time":"2026-09-19T05:15:30.736Z","service":"vantage-main-server","env":"development","msg":"granot_lifecycle.processing.completed","receipt_id":"6aae…c13a","observation_id":"6aae…c13b","decision_id":"6aae…c13d","attempt":1,"execution_mode":"historical_shadow","outcome":"linked","reason_code":"record_link_confirmed","duration_ms":1}
{"level":"info","time":"2026-09-19T05:15:30.736Z","service":"vantage-main-server","env":"development","msg":"granot_lifecycle.processing.completed","observability_level":"info","category":"mongo","workflow":"granot_lifecycle"}
{"level":"info","time":"2026-09-19T05:15:30.740Z","service":"vantage-main-server","env":"development","msg":"granot_lifecycle.processing.completed","receipt_id":"6aae…c140","observation_id":"6aae…c141","decision_id":"6aae…c144","attempt":1,"execution_mode":"historical_shadow","outcome":"conflict","reason_code":"record_link_conflict","duration_ms":4}
{"level":"info","time":"2026-09-19T05:15:30.740Z","service":"vantage-main-server","env":"development","msg":"granot_lifecycle.processing.completed","observability_level":"info","category":"mongo","workflow":"granot_lifecycle"}
{"level":"info","time":"2026-09-19T05:15:30.741Z","service":"vantage-main-server","env":"development","msg":"granot_lifecycle.processing.completed","receipt_id":"6aae…c146","observation_id":"6aae…c145","decision_id":"6aae…c14b","attempt":1,"execution_mode":"historical_shadow","outcome":"invalid","reason_code":"invalid_priority_update","duration_ms":0}
{"level":"info","time":"2026-09-19T05:15:30.741Z","service":"vantage-main-server","env":"development","msg":"granot_lifecycle.processing.completed","observability_level":"info","category":"mongo","workflow":"granot_lifecycle"}
{"level":"info","time":"2026-09-19T05:15:30.742Z","service":"vantage-main-server","env":"development","msg":"granot_lifecycle.processing.completed","receipt_id":"6aae…c14d","observation_id":"6aae…c14c","decision_id":"6aae…c152","attempt":1,"execution_mode":"historical_shadow","outcome":"unsupported","reason_code":"unsupported_booking_action","duration_ms":0}
{"level":"info","time":"2026-09-19T05:15:30.742Z","service":"vantage-main-server","env":"development","msg":"granot_lifecycle.processing.completed","observability_level":"info","category":"mongo","workflow":"granot_lifecycle"}
{"level":"info","time":"2026-09-19T05:15:30.743Z","service":"vantage-main-server","env":"development","msg":"granot_lifecycle.processing.completed","receipt_id":"6aae…c154","observation_id":"6aae…c153","decision_id":"6aae…c156","attempt":1,"execution_mode":"historical_shadow","outcome":"policy_blocked","reason_code":"source_unclassified","duration_ms":1}
{"level":"info","time":"2026-09-19T05:15:30.743Z","service":"vantage-main-server","env":"development","msg":"granot_lifecycle.processing.completed","observability_level":"info","category":"mongo","workflow":"granot_lifecycle"}
{"level":"info","time":"2026-09-19T05:15:30.745Z","service":"vantage-main-server","env":"development","msg":"granot_lifecycle.processing.completed","receipt_id":"6aae…c15e","observation_id":"6aae…c15d","decision_id":"6aae…c162","attempt":1,"execution_mode":"live","outcome":"pending_match","reason_code":"pending_source_scoped_match","duration_ms":1}
{"level":"info","time":"2026-09-19T05:15:30.745Z","service":"vantage-main-server","env":"development","msg":"granot_lifecycle.processing.completed","observability_level":"info","category":"mongo","workflow":"granot_lifecycle"}
{"level":"info","time":"2026-09-19T05:15:30.748Z","service":"vantage-main-server","env":"development","msg":"granot_lifecycle.processing.completed","receipt_id":"6aae…c164","observation_id":"6aae…c163","decision_id":"6aae…c169","attempt":1,"execution_mode":"live_shadow","outcome":"policy_blocked","reason_code":"shadow_effect_suppressed","duration_ms":1}
{"level":"info","time":"2026-09-19T05:15:30.748Z","service":"vantage-main-server","env":"development","msg":"granot_lifecycle.processing.completed","observability_level":"info","category":"mongo","workflow":"granot_lifecycle"}
{"level":"info","time":"2026-09-19T05:15:30.751Z","service":"vantage-main-server","env":"development","msg":"granot_lifecycle.processing.completed","receipt_id":"6aae…c16b","observation_id":"6aae…c16a","decision_id":"6aae…c16f","attempt":1,"execution_mode":"live_shadow","outcome":"policy_blocked","reason_code":"shadow_effect_suppressed","duration_ms":2}
{"level":"info","time":"2026-09-19T05:15:30.751Z","service":"vantage-main-server","env":"development","msg":"granot_lifecycle.processing.completed","observability_level":"info","category":"mongo","workflow":"granot_lifecycle"}
{"level":"info","time":"2026-09-19T05:15:30.762Z","service":"vantage-main-server","env":"development","msg":"granot_lifecycle.processing.completed","receipt_id":"6aae…c171","observation_id":"6aae…c170","decision_id":"6aae…c175","attempt":9,"execution_mode":"live_shadow","outcome":"unmatched","reason_code":"match_window_expired","duration_ms":10}
{"level":"info","time":"2026-09-19T05:15:30.762Z","service":"vantage-main-server","env":"development","msg":"granot_lifecycle.processing.completed","observability_level":"info","category":"mongo","workflow":"granot_lifecycle"}
{"level":"info","time":"2026-09-19T05:15:30.765Z","service":"vantage-main-server","env":"development","msg":"granot_lifecycle.processing.completed","receipt_id":"6aae…c177","observation_id":"6aae…c176","decision_id":"6aae…c17c","attempt":1,"execution_mode":"live_shadow","outcome":"policy_blocked","reason_code":"shadow_effect_suppressed","duration_ms":1}
{"level":"info","time":"2026-09-19T05:15:30.765Z","service":"vantage-main-server","env":"development","msg":"granot_lifecycle.processing.completed","observability_level":"info","category":"mongo","workflow":"granot_lifecycle"}
{"level":"info","time":"2026-09-19T05:15:30.769Z","service":"vantage-main-server","env":"development","msg":"granot_lifecycle.processing.completed","receipt_id":"6aae…c17e","observation_id":"6aae…c17d","decision_id":"6aae…c183","attempt":1,"execution_mode":"live_shadow","outcome":"already_current","reason_code":"desired_state_already_current","duration_ms":1}
{"level":"info","time":"2026-09-19T05:15:30.769Z","service":"vantage-main-server","env":"development","msg":"granot_lifecycle.processing.completed","observability_level":"info","category":"mongo","workflow":"granot_lifecycle"}
{"level":"info","time":"2026-09-19T05:15:30.771Z","service":"vantage-main-server","env":"development","msg":"granot_lifecycle.processing.completed","receipt_id":"6aae…c185","observation_id":"6aae…c184","decision_id":"6aae…c18e","attempt":1,"execution_mode":"live","outcome":"already_current","reason_code":"desired_state_already_current","duration_ms":1}
{"level":"info","time":"2026-09-19T05:15:30.771Z","service":"vantage-main-server","env":"development","msg":"granot_lifecycle.processing.completed","observability_level":"info","category":"mongo","workflow":"granot_lifecycle"}
{"level":"info","time":"2026-09-19T05:15:30.776Z","service":"vantage-main-server","env":"development","msg":"granot_lifecycle.processing.completed","receipt_id":"6aae…c190","observation_id":"6aae…c18f","decision_id":"6aae…c19b","attempt":1,"execution_mode":"live","outcome":"stale","reason_code":"older_than_temporal_winner","duration_ms":4}
{"level":"info","time":"2026-09-19T05:15:30.777Z","service":"vantage-main-server","env":"development","msg":"granot_lifecycle.processing.completed","observability_level":"info","category":"mongo","workflow":"granot_lifecycle"}
{"level":"info","time":"2026-09-19T05:15:30.780Z","service":"vantage-main-server","env":"development","msg":"granot_lifecycle.processing.completed","receipt_id":"6aae…c19d","observation_id":"6aae…c19c","decision_id":"6aae…c1a1","attempt":1,"execution_mode":"historical_shadow","outcome":"linked","reason_code":"record_link_established","duration_ms":1}
{"level":"info","time":"2026-09-19T05:15:30.780Z","service":"vantage-main-server","env":"development","msg":"granot_lifecycle.processing.completed","observability_level":"info","category":"mongo","workflow":"granot_lifecycle"}
{"level":"info","time":"2026-09-19T05:15:30.798Z","service":"vantage-main-server","env":"development","msg":"granot_lifecycle.processing.completed","receipt_id":"6aae…c1a4","observation_id":"6aae…c1a3","decision_id":"6aae…c1a8","attempt":1,"execution_mode":"historical_shadow","outcome":"linked","reason_code":"record_link_established","duration_ms":17}
{"level":"info","time":"2026-09-19T05:15:30.798Z","service":"vantage-main-server","env":"development","msg":"granot_lifecycle.processing.completed","observability_level":"info","category":"mongo","workflow":"granot_lifecycle"}
{"level":"info","time":"2026-09-19T05:15:30.811Z","service":"vantage-main-server","env":"development","msg":"granot_lifecycle.processing.completed","receipt_id":"6aae…c1ab","observation_id":"6aae…c1aa","decision_id":"6aae…c1b0","attempt":1,"execution_mode":"live","outcome":"applied","reason_code":"lead_state_changed","duration_ms":7}
{"level":"info","time":"2026-09-19T05:15:30.812Z","service":"vantage-main-server","env":"development","msg":"granot_lifecycle.processing.completed","observability_level":"info","category":"mongo","workflow":"granot_lifecycle"}
{"level":"info","time":"2026-09-19T05:15:30.843Z","service":"vantage-main-server","env":"development","msg":"granot_lifecycle.processing.completed","receipt_id":"6aae…c1bd","observation_id":"6aae…c1bc","decision_id":"6aae…c1ca","attempt":1,"execution_mode":"live","outcome":"stale","reason_code":"older_than_temporal_winner","duration_ms":15}
{"level":"info","time":"2026-09-19T05:15:30.843Z","service":"vantage-main-server","env":"development","msg":"granot_lifecycle.processing.completed","observability_level":"info","category":"mongo","workflow":"granot_lifecycle"}
{"level":"info","time":"2026-09-19T05:15:30.845Z","service":"vantage-main-server","env":"development","msg":"granot_lifecycle.processing.completed","receipt_id":"6aae…c1cc","observation_id":"6aae…c1cb","decision_id":"6aae…c1d5","attempt":1,"execution_mode":"live","outcome":"already_current","reason_code":"desired_state_already_current","duration_ms":1}
{"level":"info","time":"2026-09-19T05:15:30.845Z","service":"vantage-main-server","env":"development","msg":"granot_lifecycle.processing.completed","observability_level":"info","category":"mongo","workflow":"granot_lifecycle"}
{"level":"info","time":"2026-09-19T05:15:30.856Z","service":"vantage-main-server","env":"development","msg":"granot_lifecycle.processing.completed","receipt_id":"6aae…c1d7","observation_id":"6aae…c1d6","decision_id":"6aae…c1e0","attempt":1,"execution_mode":"live","outcome":"stale","reason_code":"older_than_temporal_winner","duration_ms":10}
{"level":"info","time":"2026-09-19T05:15:30.863Z","service":"vantage-main-server","env":"development","msg":"granot_lifecycle.processing.completed","observability_level":"info","category":"mongo","workflow":"granot_lifecycle"}
{"level":"info","time":"2026-09-19T05:15:30.874Z","service":"vantage-main-server","env":"development","msg":"granot_lifecycle.processing.completed","receipt_id":"6aae…c1e2","observation_id":"6aae…c1e1","decision_id":"6aae…c1e7","attempt":1,"execution_mode":"live","outcome":"policy_blocked","reason_code":"target_source_company_inactive","duration_ms":7}
{"level":"info","time":"2026-09-19T05:15:30.874Z","service":"vantage-main-server","env":"development","msg":"granot_lifecycle.processing.completed","observability_level":"info","category":"mongo","workflow":"granot_lifecycle"}
{"level":"info","time":"2026-09-19T05:15:30.876Z","service":"vantage-main-server","env":"development","msg":"granot_lifecycle.processing.completed","receipt_id":"6aae…c1e9","observation_id":"6aae…c1e8","decision_id":"6aae…c1ee","attempt":1,"execution_mode":"live","outcome":"linked","reason_code":"record_link_established","duration_ms":0}
{"level":"info","time":"2026-09-19T05:15:30.876Z","service":"vantage-main-server","env":"development","msg":"granot_lifecycle.processing.completed","observability_level":"info","category":"mongo","workflow":"granot_lifecycle"}
{"level":"info","time":"2026-09-19T05:15:30.881Z","service":"vantage-main-server","env":"development","msg":"granot_lifecycle.processing.completed","receipt_id":"6aae…c1f1","observation_id":"6aae…c1f0","decision_id":"6aae…c1f6","attempt":1,"execution_mode":"live","outcome":"created","reason_code":"lead_created_authorized","duration_ms":3}
{"level":"info","time":"2026-09-19T05:15:30.881Z","service":"vantage-main-server","env":"development","msg":"granot_lifecycle.processing.completed","observability_level":"info","category":"mongo","workflow":"granot_lifecycle"}
{"level":"info","time":"2026-09-19T05:15:30.884Z","service":"vantage-main-server","env":"development","msg":"granot_lifecycle.processing.completed","receipt_id":"6aae…c1fb","observation_id":"6aae…c1fa","decision_id":"6aae…c1ff","attempt":1,"execution_mode":"live","outcome":"created","reason_code":"lead_created_authorized","duration_ms":1}
{"level":"info","time":"2026-09-19T05:15:30.884Z","service":"vantage-main-server","env":"development","msg":"granot_lifecycle.processing.completed","observability_level":"info","category":"mongo","workflow":"granot_lifecycle"}
{"level":"info","time":"2026-09-19T05:15:30.884Z","service":"vantage-main-server","env":"development","msg":"granot_lifecycle.processing.completed","receipt_id":"6aae…c1fb","observation_id":"6aae…c1fa","decision_id":"6aae…c208","attempt":1,"execution_mode":"live","outcome":"conflict","reason_code":"multiple_eligible_matches","duration_ms":0}
{"level":"info","time":"2026-09-19T05:15:30.885Z","service":"vantage-main-server","env":"development","msg":"granot_lifecycle.processing.completed","observability_level":"info","category":"mongo","workflow":"granot_lifecycle"}
{"level":"info","time":"2026-09-19T05:15:30.888Z","service":"vantage-main-server","env":"development","msg":"granot_lifecycle.processing.completed","receipt_id":"6aae…c20b","observation_id":"6aae…c20a","decision_id":"6aae…c20f","attempt":1,"execution_mode":"live","outcome":"applied","reason_code":"lead_state_changed","duration_ms":2}
{"level":"info","time":"2026-09-19T05:15:30.888Z","service":"vantage-main-server","env":"development","msg":"granot_lifecycle.processing.completed","observability_level":"info","category":"mongo","workflow":"granot_lifecycle"}
{"level":"info","time":"2026-09-19T05:15:30.889Z","service":"vantage-main-server","env":"development","msg":"granot_lifecycle.processing.completed","receipt_id":"6aae…c212","observation_id":"6aae…c211","decision_id":"6aae…c216","attempt":1,"execution_mode":"live","outcome":"applied","reason_code":"lead_state_changed","duration_ms":1}
{"level":"info","time":"2026-09-19T05:15:30.889Z","service":"vantage-main-server","env":"development","msg":"granot_lifecycle.processing.completed","observability_level":"info","category":"mongo","workflow":"granot_lifecycle"}
{"level":"info","time":"2026-09-19T05:15:30.891Z","service":"vantage-main-server","env":"development","msg":"granot_lifecycle.processing.completed","receipt_id":"6aae…c219","observation_id":"6aae…c218","decision_id":"6aae…c220","attempt":1,"execution_mode":"live","outcome":"applied","reason_code":"lead_state_changed","duration_ms":1}
{"level":"info","time":"2026-09-19T05:15:30.892Z","service":"vantage-main-server","env":"development","msg":"granot_lifecycle.processing.completed","observability_level":"info","category":"mongo","workflow":"granot_lifecycle"}
{"level":"info","time":"2026-09-19T05:15:30.893Z","service":"vantage-main-server","env":"development","msg":"granot_lifecycle.processing.completed","receipt_id":"6aae…c223","observation_id":"6aae…c222","decision_id":"6aae…c229","attempt":1,"execution_mode":"live","outcome":"conflict","reason_code":"job_number_conflict","duration_ms":1}
{"level":"info","time":"2026-09-19T05:15:30.895Z","service":"vantage-main-server","env":"development","msg":"granot_lifecycle.processing.completed","observability_level":"info","category":"mongo","workflow":"granot_lifecycle"}
{"level":"info","time":"2026-09-19T05:15:30.898Z","service":"vantage-main-server","env":"development","msg":"granot_lifecycle.processing.completed","receipt_id":"6aae…c22b","observation_id":"6aae…c22a","decision_id":"6aae…c231","attempt":1,"execution_mode":"live","outcome":"applied","reason_code":"lead_state_changed","duration_ms":2}
{"level":"info","time":"2026-09-19T05:15:30.898Z","service":"vantage-main-server","env":"development","msg":"granot_lifecycle.processing.completed","observability_level":"info","category":"mongo","workflow":"granot_lifecycle"}
{"level":"info","time":"2026-09-19T05:15:30.907Z","service":"vantage-main-server","env":"development","msg":"granot_lifecycle.processing.completed","receipt_id":"6aae…c234","observation_id":"6aae…c233","decision_id":"6aae…c23c","attempt":1,"execution_mode":"live","outcome":"applied","reason_code":"lead_state_changed","duration_ms":7}
{"level":"info","time":"2026-09-19T05:15:30.907Z","service":"vantage-main-server","env":"development","msg":"granot_lifecycle.processing.completed","observability_level":"info","category":"mongo","workflow":"granot_lifecycle"}
{"level":"info","time":"2026-09-19T05:15:30.909Z","service":"vantage-main-server","env":"development","msg":"granot_lifecycle.processing.completed","receipt_id":"6aae…c23f","observation_id":"6aae…c23e","decision_id":"6aae…c246","attempt":1,"execution_mode":"live","outcome":"conflict","reason_code":"record_link_conflict","duration_ms":2}
{"level":"info","time":"2026-09-19T05:15:30.909Z","service":"vantage-main-server","env":"development","msg":"granot_lifecycle.processing.completed","observability_level":"info","category":"mongo","workflow":"granot_lifecycle"}
{"level":"info","time":"2026-09-19T05:15:30.913Z","service":"vantage-main-server","env":"development","msg":"granot_lifecycle.processing.completed","receipt_id":"6aae…c250","observation_id":"6aae…c24f","decision_id":"6aae…c255","attempt":1,"execution_mode":"live","outcome":"policy_blocked","reason_code":"global_effect_disabled","duration_ms":1}
{"level":"info","time":"2026-09-19T05:15:30.913Z","service":"vantage-main-server","env":"development","msg":"granot_lifecycle.processing.completed","observability_level":"info","category":"mongo","workflow":"granot_lifecycle"}
{"level":"info","time":"2026-09-19T05:15:30.914Z","service":"vantage-main-server","env":"development","msg":"granot_lifecycle.processing.completed","receipt_id":"6aae…c250","observation_id":"6aae…c24f","decision_id":"6aae…c256","attempt":1,"execution_mode":"live_shadow","outcome":"policy_blocked","reason_code":"shadow_effect_suppressed","duration_ms":1}
{"level":"info","time":"2026-09-19T05:15:30.914Z","service":"vantage-main-server","env":"development","msg":"granot_lifecycle.processing.completed","observability_level":"info","category":"mongo","workflow":"granot_lifecycle"}
{"level":"info","time":"2026-09-19T05:15:30.916Z","service":"vantage-main-server","env":"development","msg":"granot_lifecycle.processing.completed","receipt_id":"6aae…c258","observation_id":"6aae…c257","decision_id":"6aae…c259","attempt":1,"execution_mode":"live","outcome":"insufficient_creation_data","reason_code":"missing_creation_contact","duration_ms":1}
{"level":"info","time":"2026-09-19T05:15:30.916Z","service":"vantage-main-server","env":"development","msg":"granot_lifecycle.processing.completed","observability_level":"info","category":"mongo","workflow":"granot_lifecycle"}
{"level":"info","time":"2026-09-19T05:15:30.917Z","service":"vantage-main-server","env":"development","msg":"granot_lifecycle.processing.completed","receipt_id":"6aae…c250","observation_id":"6aae…c24f","decision_id":"6aae…c25c","attempt":1,"execution_mode":"live","outcome":"insufficient_creation_data","reason_code":"missing_creation_route_data","duration_ms":0}
{"level":"info","time":"2026-09-19T05:15:30.918Z","service":"vantage-main-server","env":"development","msg":"granot_lifecycle.processing.completed","observability_level":"info","category":"mongo","workflow":"granot_lifecycle"}
{"level":"info","time":"2026-09-19T05:15:30.921Z","service":"vantage-main-server","env":"development","msg":"granot_lifecycle.processing.completed","receipt_id":"6aae…c262","observation_id":"6aae…c261","decision_id":"6aae…c263","attempt":1,"execution_mode":"live","outcome":"created","reason_code":"lead_created_authorized","duration_ms":1}
{"level":"info","time":"2026-09-19T05:15:30.921Z","service":"vantage-main-server","env":"development","msg":"granot_lifecycle.processing.completed","observability_level":"info","category":"mongo","workflow":"granot_lifecycle"}
{"level":"info","time":"2026-09-19T05:15:30.922Z","service":"vantage-main-server","env":"development","msg":"granot_lifecycle.processing.completed","receipt_id":"6aae…c268","observation_id":"6aae…c267","decision_id":"6aae…c269","attempt":1,"execution_mode":"live","outcome":"created","reason_code":"lead_created_authorized","duration_ms":1}
{"level":"info","time":"2026-09-19T05:15:30.922Z","service":"vantage-main-server","env":"development","msg":"granot_lifecycle.processing.completed","observability_level":"info","category":"mongo","workflow":"granot_lifecycle"}
{"level":"info","time":"2026-09-19T05:15:30.923Z","service":"vantage-main-server","env":"development","msg":"granot_lifecycle.processing.completed","receipt_id":"6aae…c26e","observation_id":"6aae…c26d","decision_id":"6aae…c26f","attempt":1,"execution_mode":"live","outcome":"insufficient_creation_data","reason_code":"missing_creation_route_data","duration_ms":0}
{"level":"info","time":"2026-09-19T05:15:30.923Z","service":"vantage-main-server","env":"development","msg":"granot_lifecycle.processing.completed","observability_level":"info","category":"mongo","workflow":"granot_lifecycle"}
{"level":"info","time":"2026-09-19T05:15:30.924Z","service":"vantage-main-server","env":"development","msg":"granot_lifecycle.processing.completed","receipt_id":"6aae…c271","observation_id":"6aae…c270","decision_id":"6aae…c272","attempt":1,"execution_mode":"live","outcome":"insufficient_creation_data","reason_code":"missing_creation_route_data","duration_ms":1}
{"level":"info","time":"2026-09-19T05:15:30.924Z","service":"vantage-main-server","env":"development","msg":"granot_lifecycle.processing.completed","observability_level":"info","category":"mongo","workflow":"granot_lifecycle"}
{"level":"info","time":"2026-09-19T05:15:30.927Z","service":"vantage-main-server","env":"development","msg":"granot_lifecycle.processing.completed","receipt_id":"6aae…c274","observation_id":"6aae…c273","decision_id":"6aae…c278","attempt":1,"execution_mode":"live","outcome":"pending_match","reason_code":"pending_source_scoped_match","duration_ms":2}
{"level":"info","time":"2026-09-19T05:15:30.927Z","service":"vantage-main-server","env":"development","msg":"granot_lifecycle.processing.completed","observability_level":"info","category":"mongo","workflow":"granot_lifecycle"}
{"level":"info","time":"2026-09-19T05:15:30.929Z","service":"vantage-main-server","env":"development","msg":"granot_lifecycle.processing.completed","receipt_id":"6aae…c27a","observation_id":"6aae…c279","decision_id":"6aae…c27e","attempt":9,"execution_mode":"live_shadow","outcome":"unmatched","reason_code":"match_window_expired","duration_ms":1}
{"level":"info","time":"2026-09-19T05:15:30.929Z","service":"vantage-main-server","env":"development","msg":"granot_lifecycle.processing.completed","observability_level":"info","category":"mongo","workflow":"granot_lifecycle"}
{"level":"info","time":"2026-09-19T05:15:30.931Z","service":"vantage-main-server","env":"development","msg":"granot_lifecycle.processing.completed","receipt_id":"6aae…c280","observation_id":"6aae…c27f","decision_id":"6aae…c285","attempt":1,"execution_mode":"live","outcome":"created","reason_code":"lead_created_authorized","duration_ms":1}
{"level":"info","time":"2026-09-19T05:15:30.931Z","service":"vantage-main-server","env":"development","msg":"granot_lifecycle.processing.completed","observability_level":"info","category":"mongo","workflow":"granot_lifecycle"}
{"level":"info","time":"2026-09-19T05:15:30.932Z","service":"vantage-main-server","env":"development","msg":"granot_lifecycle.processing.completed","receipt_id":"6aae…c28a","observation_id":"6aae…c289","decision_id":"6aae…c28e","attempt":1,"execution_mode":"live","outcome":"pending_match","reason_code":"pending_source_scoped_match","duration_ms":1}
{"level":"info","time":"2026-09-19T05:15:30.932Z","service":"vantage-main-server","env":"development","msg":"granot_lifecycle.processing.completed","observability_level":"info","category":"mongo","workflow":"granot_lifecycle"}
✔ Form q for a Granot-only name includes granot_contact_snapshot.name (9.7944ms)
✔ Form q for an ingested-only email includes ingested_contact_snapshot.email (1.249ms)
✔ Form q for a typed phone substring hits live and snapshot phone paths (1.0313ms)
✔ Form q still hits job_no and ref_no (0.9921ms)
✔ Call q includes ingested and Granot snapshot contact paths (1.2605ms)
✔ empty q still pins ranked identity; explicit q still pins nothing (2.3245ms)
✔ Form item with a snapshot returns known_contacts.granot and live contact stays Form submitted (1.3565ms)
✔ Form item without a snapshot omits known_contacts.granot (0.4079ms)
✔ listGranotLifecycleCaseCandidates Form q uses snapshot paths, excludes Duplicate/Bad, and maps known_contacts (36.837ms)
✔ listGranotLifecycleCaseCandidates Call q uses snapshot paths and maps known_contacts (11.4882ms)
✔ listGranotLifecycleCaseCandidates Call q for Granot-only phone hits snapshot phone paths (2.0751ms)
﹣ [AC-18][AC-20][AC-35][AC-39] replica lifecycle reads leave aggregate and effect collection counts unchanged (4.183ms) # Replica-set proof requires TEST_MODE=true before process start.
✔ [AC-35] Job path normalization rejects empty values (5.8068ms)
✔ [AC-35] the discrepancy queue still masks the contact it never asks anyone to call (0.7396ms)
✔ an intake names the customer the Owner has to call, and falls back to how to reach them (3.3037ms)
✔ [AC-23] candidate ranking pins the suggested Lead, then high confidence, and is stable (2.8981ms)
✔ intake case detail hands the Owner the whole contact, not an initial and four digits (0.6099ms)
✔ [AC-20] [AC-36] [AC-40] timeline order is stable and evidence is not collapsed (31.9192ms)
✔ [AC-35] lifecycle DTO recursive guard rejects raw transport and credentials (0.9631ms)
✔ list deterministic booking exposes the official id and public-cancel eligibility (0.6142ms)
✔ [AC-31] health flag names match the ten centralized lifecycle flags and do not promote effects (0.728ms)
✔ [AC-37] due work includes expired claims and excludes unexpired claimed leases (26.4417ms)
✔ [AC-P7] list compact pairing matches the creating Booked class and omits Release rows (5.5153ms)
✔ [AC-P4][AC-P6][AC-P7] detail pairing includes later Priority 5 and is null for historical Priority 5 only (21.4295ms)
✔ [AC-R10] default intakes list is booking-only; kind=release still lists historical Release cases (0.6334ms)
✔ list latest_action uses booking-intake selection so later Priority 5 cannot win (33.8952ms)
✔ [AC-R3] pairing is omitted on a Release-only booking case (0.5513ms)
✔ [AC-R3] capabilities matrix follows spec §7 and hides Confirm Cancellation when commands are off (0.5412ms)
{"level":"info","time":"2026-09-19T05:15:28.725Z","service":"vantage-main-server","env":"development","msg":"granot_lifecycle.queue.publish_skipped","receipt_id":"rece…skip","observation_channel":"granot_webhook"}
✔ [AC-35] publisher is skipped in the test runner and never sends a queue message (5.4029ms)
✔ [AC-02][AC-35] publisher sends exactly { receipt_id } when publishing is enabled (0.9679ms)
✔ [AC-35] publish failure is observed safely and does not throw (3.558ms)
{"level":"info","time":"2026-09-19T05:15:28.730Z","service":"vantage-main-server","env":"development","msg":"granot_lifecycle.queue.published","receipt_id":"rece…pt-1","observation_channel":"granot_webhook"}
{"level":"error","time":"2026-09-19T05:15:28.731Z","service":"vantage-main-server","env":"development","msg":"granot_lifecycle.queue.publish_failed","error_code":"technical_failure","receipt_id":"rece…iled","observation_channel":"granot_webhook"}
{"level":"error","time":"2026-09-19T05:15:28.733Z","service":"vantage-main-server","env":"development","msg":"granot_lifecycle.queue.publish_failed","observability_level":"error","category":"queue","workflow":"granot_lifecycle_queue","entity_id":"receip...iled"}
✔ [AC-02][AC-35] hashes canonical credential-redacted JSON as lowercase SHA-256 hex (5.5126ms)
✔ [AC-35] reports removed credential-key counts only and never values (0.7426ms)
✔ [AC-35] leaves non-credential keys untouched and starts counts at zero (0.4262ms)
✔ [AC-02] identical redacted payloads produce the same hash and remain distinct receipts later (0.4204ms)
✔ [AC-02] received legacy processing translates to pending defaults only (0.624ms)
✔ [AC-02] refused legacy processing statuses are not translated (0.502ms)
✔ [AC-02][AC-35] legacy webhook fill uses 34.1 mapping, legacy_unknown, and count-only redaction (3.6739ms)
✔ channel filter excludes browser_extension and granot_http_automation receipts (15.2652ms)
✔ ref_no hits an Observation, a pending receipt fallback, and misses others (1.7533ms)
✔ job_no hits an Observation, a pending receipt fallback, and misses others (1.3029ms)
✔ name hits an Observation, a pending receipt fallback, and misses others (1.1936ms)
✔ phone hits an Observation, a pending receipt fallback, and misses others (1.1701ms)
✔ email hits an Observation, a pending receipt fallback, and misses others (2.4239ms)
✔ source_company_id and booking_action ignore pending receipts (3.0909ms)
✔ booking_action booked and release are distinct (2.4076ms)
✔ payload event_type cannot reroute route_event_class (1.7899ms)
✔ lead_created and priority_updated never return a booking action on the DTO (3.0523ms)
✔ Owner list returns unmasked contact and credential-redacted granot_statement (2.1742ms)
✔ pending receipt and empty Observation phone or email fill from the redacted payload (3.7746ms)
✔ cursor page is stable newest-first (7.9269ms)
✔ intake_case_id joins the booking case by Job Number, including lead_created (0.9214ms)
✔ empty find lists newest webhook receipts first (0.9141ms)
✔ opaque cursor encoder matches the case-list keyset shape (0.7436ms)
﹣ [AC-28][AC-32] replica Referral creation is exact, lead-free, atomic, and replay-safe (3.5829ms) # Replica-set proof requires TEST_MODE=true before process start.
﹣ [AC-28] already-satisfied Referral evidence resolves without a second Booking (1.1476ms) # Replica-set proof requires TEST_MODE=true before process start.
﹣ [AC-28] existing Referral Booking supports official update and case-only No Action without a Lead (0.6613ms) # Replica-set proof requires TEST_MODE=true before process start.
﹣ [AC-28][AC-32] competing Owners converge and policy drift fails closed (0.6471ms) # Replica-set proof requires TEST_MODE=true before process start.
﹣ [AC-28][AC-32] Referral creation rolls back after every persisted boundary (0.6915ms) # Replica-set proof requires TEST_MODE=true before process start.
✔ [AC-28] Referral Booking exposes the canonical command name (1.6951ms)
✔ [AC-28] Referral Booking rejects non-Owner authority before storage access (1.8883ms)
﹣ [AC-21][AC-25][AC-32] Release No Action resolves only case and Command with exact replay (3.0204ms) # Replica-set proof requires TEST_MODE=true before process start.
﹣ [AC-21][AC-25][AC-32] Release Update Booking fully replaces official fields atomically (1.8475ms) # Replica-set proof requires TEST_MODE=true before process start.
﹣ [AC-21][AC-25][AC-26][AC-32] Confirm Cancellation writes one complete causal chain (0.7576ms) # Replica-set proof requires TEST_MODE=true before process start.
﹣ [AC-26][AC-32] a verified current Cancellation resolves already-satisfied without another effect (0.7606ms) # Replica-set proof requires TEST_MODE=true before process start.
﹣ [AC-25][AC-32] verified Referral Booking cancels without fabricating a Lead mirror (1.1314ms) # Replica-set proof requires TEST_MODE=true before process start.
﹣ Confirm Granot Cancellation succeeds on a Granot official Leadless Booking without a Lead mirror (0.5892ms) # Replica-set proof requires TEST_MODE=true before process start.
﹣ [AC-21] all pairwise Release commands have exactly one case-revision winner (0.6852ms) # Replica-set proof requires TEST_MODE=true before process start.
﹣ [AC-32] Cancellation, update, and No Action roll back after every write boundary (0.6856ms) # Replica-set proof requires TEST_MODE=true before process start.
﹣ [AC-25][AC-32][AC-36] Release races converge, replay dedupes, and resolved rows advance max+1 (2.8638ms) # Replica-set proof requires TEST_MODE=true before process start.
﹣ [AC-25][AC-31][AC-32] refresh splits revisions and Decision failure rolls back create and refresh (0.7443ms) # Replica-set proof requires TEST_MODE=true before process start.
﹣ [AC-25][AC-29][AC-40] Booking and Release cases coexist without forbidden side effects (0.6316ms) # Replica-set proof requires TEST_MODE=true before process start.
{"level":"info","time":"2026-09-19T05:15:36.741Z","service":"vantage-main-server","env":"development","msg":"granot_lifecycle.release_case.opened","observability_level":"info","category":"booking","workflow":"granot_release_reconciliation"}
▶ Release Reconciliation classification
  ✔ [AC-25] active deterministic Booking opens Release review even without a Lead (9.3672ms)
  ✔ [AC-26] already officially cancelled Release is already-current and never a case (1.0068ms)
  ✔ [AC-27] missing Booking and exact identity conflicts route to the typed discrepancy seam (1.0208ms)
  ✔ [AC-40] ignores non-Release evidence and never contact-selects a Booking (0.4802ms)
✔ Release Reconciliation classification (17.1247ms)
▶ Release Reconciliation persistence
  ✔ [AC-25] atomically opens and refreshes one Release case with immutable opening Booking revision (8.9842ms)
✔ Release Reconciliation persistence (10.3255ms)
{"level":"info","time":"2026-09-19T05:15:36.744Z","service":"vantage-main-server","env":"development","msg":"granot_lifecycle.release_case.refreshed","observability_level":"info","category":"booking","workflow":"granot_release_reconciliation"}
✔ [AC-35] lifecycle failure logs contain bounded codes and masked identifiers only (2.9274ms)
✔ [AC-30] foundation technical retry uses exact exponential cap and 0-25% jitter (2.3616ms)
✔ [AC-30] foundation pending-match offsets are absolute from captured_at (3.4714ms)
✔ [AC-30] foundation still-failed match at or after 24 hours is not scheduled (0.5556ms)
✔ [AC-30] foundation sync poll backoff stays bounded inside five seconds (0.3873ms)
✔ [AC-38] zero, multiple, inactive, and ambiguous runtime matches never pick a row or route (4.8522ms)
✔ [AC-38] policy cache cannot serve a precommit snapshot (1.7748ms)
✔ [AC-09] Best Relocation Form same valid states select local; different select long-distance; invalid select none (28.5422ms)
✔ [AC-29] deferred Paid Overflow and Auto authorize no effect; payload type is not classification input (1.0938ms)
✔ [AC-04] ineligible Source Scope fails gates and provides no reassignment output (1.5261ms)
✔ gate evaluator snapshots every layer in stable order and maps deferred vs policy_blocked (2.2693ms)
✔ [AC-28] reviewed Referral reconciliation treats absent Lead scope gates as not applicable (3.8126ms)
✔ source-policy suite never imports the Twilio adapter (1.7327ms)
✔ twelve policy × effect outcomes are independent for link, enrich, create, and text (3.8712ms)
✔ a later store edit does not mutate an already-returned SourcePolicySnapshot (1.086ms)
﹣ [AC-05][AC-07][AC-10][AC-11][AC-32] replica WordPress matched write is one causal transaction (5.336ms) # Replica-set proof requires TEST_MODE=true before process start.
﹣ [AC-12] replica RingCentral Call qualified contact writes snapshot only (1.3282ms) # Replica-set proof requires TEST_MODE=true before process start.
﹣ [AC-12] replica Granot-created Form contact becomes current and keeps origin (0.4036ms) # Replica-set proof requires TEST_MODE=true before process start.
﹣ [AC-13] replica Agent fills only an empty receiver through one active match (0.4227ms) # Replica-set proof requires TEST_MODE=true before process start.
﹣ [AC-05] replica Bad Form stores Priority only and Duplicate never becomes a target (0.5142ms) # Replica-set proof requires TEST_MODE=true before process start.
﹣ [AC-07][AC-32] replica establish, attach, confirm, and duplicate-key race (0.5813ms) # Replica-set proof requires TEST_MODE=true before process start.
﹣ [AC-32] replica revision race has one winner and rolls back the losing transaction (0.4613ms) # Replica-set proof requires TEST_MODE=true before process start.
﹣ [AC-32] replica equal-time Observation tie-break admits only the greater ObjectId (0.4256ms) # Replica-set proof requires TEST_MODE=true before process start.
✔ [AC-32] command refuses shadow or disabled Lead writes before the executor (11.2579ms)
✔ [AC-32] command refuses a failed gate snapshot before the executor (1.4697ms)
✔ [AC-32] Granot command context requires the processor actor and webhook initiator (2.0405ms)
✔ receiver fill derives catalog name snapshot and set_at off the planner (2.6265ms)
✔ Changed in Granot ignores US country-code phone formatting (1.3966ms)
✔ Changed in Granot ignores email case and name capitalization (0.9805ms)
✔ Changed in Granot ignores Granot first/last split of a name-only form submit (1.2815ms)
✔ Changed in Granot stays true when Granot last name adds another person (0.3754ms)
✔ Changed in Granot stays true for a different person or reach path (0.4169ms)
✔ Call Lead synchronize persists Granot Contact Snapshot and leaves live phone unchanged (4.7078ms)
✔ [AC-07] trusted Granot Form validator may omit move_size and forces post_to_granot=false (13.1301ms)
✔ [AC-07] trusted Granot Form validator rejects caller override of post_to_granot (2.5564ms)
✔ [AC-07] trusted Granot Call validator allows Job Number without phone and forces post_to_granot=false (3.4411ms)
✔ [AC-07] trusted Granot validators reject public lifecycle metadata keys (1.5014ms)
✔ [AC-03][AC-05][AC-06][AC-29] shared lifecycle vocabulary remains exact (1.5162ms)
✔ Form duplicate classification isolates cutoff cohorts and exact granularities (26.5996ms)
✔ matched modern production duplicate outcome is preserved (0.6281ms)
✔ Call duplicates use earlier non-duplicate anchors in inclusive 90-day exact-granularity window (0.5556ms)
✔ Form Fill is time-unbounded and Source Company scoped after Form classification (0.4014ms)
✔ classification fails closed without exact granularity (1.0468ms)
✔ manifest bytes and hash are stable for identical reviewed inputs (46.144ms)
✔ manifest identity is deterministic when the caller does not supply one (5.1988ms)
✔ manifest parser rejects modified bytes (2.8563ms)
✔ rehearsal and production target guards fail closed (3.3009ms)
✔ migration context cannot be enabled outside the canonical local adapter (1.2696ms)
✔ exact normalization applies NFKC, whitespace collapse, and case folding (4.2267ms)
✔ agent parsing removes terminal metadata and preserves slash order (2.7837ms)
✔ agent parsing rejects repeated and unrecognized separators (1.5795ms)
✔ customer parsing preserves compound display text as one customer (0.6195ms)
✔ money parser uses cents and rejects blank, negative, and over-precision (0.7878ms)
✔ integer-cent allocations are exact for one, two, and three agents (0.9875ms)
✔ Eastern parser handles DST and the reviewed malformed-year correction (50.3406ms)
✔ Google serial dates are interpreted as Eastern wall-clock values (0.7056ms)
✔ planner produces a schema-valid deterministic manifest for a new source and form lead (231.6895ms)
✔ rollback restores exact values and unsets fields that were originally absent (6.0263ms)
✔ update validation accepts a production nested object path (3.9605ms)
✔ update validation rejects an unknown nested object path (1.1507ms)
✔ recurring source window starts at New York midnight on 2026-04-30 (23.8301ms)
✔ stable managed identity survives row reordering (9.3165ms)
✔ preview never repairs missing managed identities (1.5655ms)
✔ leased identity repair writes empty cells once and verifies read-back (3.092ms)
✔ copied managed identities block repair instead of falling back to row number (1.4069ms)
✔ malformed managed identities block inspection (0.7366ms)
✔ identity repair never overwrites a value added after inspection (0.6632ms)
✔ identity repair uses atomic empty-cell replacement (1.9339ms)
✔ application plan is immutable and material changes alter its checksum (13.854ms)
✔ unmatched booking becomes leadless plus one reconciliation conflict (8.344ms)
✔ LID_BestRelo remains matching evidence and never becomes an action (5.1468ms)
✔ unmatched refund is blocking and cannot guess a cancellation (19.5086ms)
✔ refund matches below the calibrated threshold never cancel (7.9894ms)
✔ review-only refund evidence does not consume a later corroborated match (9.0227ms)
✔ invalid source rows become isolated conflict actions (28.7872ms)
✔ three-way update permits only unchanged canonical source-owned fields (1.8048ms)
✔ persistence schemas enforce receipt uniqueness and required indexes (1.6877ms)
✔ ingestion run graph makes all terminal states immutable (1.8408ms)
✔ heartbeat gates skip before source reads (0.9699ms)
✔ apply worker mutates domain state only through canonical commands (85.7745ms)
✔ read paths use readonly Sheets scope and repair has a separate writer (5.4667ms)
✔ worker final and failure transitions remain lease-fenced (145.0605ms)
✔ pre-cutoff observations never enter the application plan (61.8354ms)
✔ refund application window uses Timestamp with exact half-open boundaries (58.6062ms)
✔ one new form lead and one linked refund map to single create actions (21.2564ms)
✔ identical evidence is classified unchanged across replans (4.6999ms)
✔ source evidence reappearance uses the applied baseline, not conflicts (0.8414ms)
✔ missing-source actions preserve canonical refs and never delete (0.7025ms)
✔ bootstrap adoption remaps creates to receipt-only adopt_existing (5.5316ms)
✔ bootstrap adopts nonduplicate calls using DST-aware persisted timestamps (26.7869ms)
✔ apply resumes from checkpoint without replaying successful actions (10.7039ms)
✔ adopt_existing Form Lead supplies the Booking lead_ref without creating a second Lead (6.4952ms)
✔ failed lead dependency blocks dependent booking and continues independently (12.8587ms)
✔ concurrent apply lease acquisition admits only one owner (0.6052ms)
✔ altered plan checksum is rejected before any mutation (6.6713ms)
✔ health signals alert on structural and growth thresholds (0.6678ms)
✔ conflict resolve route delegates booking attach to canonical command (57.3706ms)
✔ ingestion route errors never expose provider or source details (2.9899ms)
✔ WordPress walk-back (43.6321ms)
✔ Lead updated headline omits changed paths (3.0966ms)
✔ Granot-born (9.8224ms)
✔ Latest attempt only (2.7711ms)
✔ Granularity filter (0.6236ms)
✔ No contact match (1.1394ms)
✔ Priority 5 is not Booked (1.0509ms)
✔ Case is not a Booking (1.1117ms)
✔ Equivalent Job Number (22.1723ms)
✔ Sheet Sync walk-back (1.9753ms)
✔ Sheet Sync after official Booking (1.5787ms)
✔ Unresolved Lead has no source-lead Sheet Sync (1.052ms)
✔ orphan cancellation without snapshot is not a first-hop survivor (0.5994ms)
✔ Typed search not_found (0.353ms)
✔ Typed equivalent search (0.9479ms)
✔ blank Job Number is invalid_job_number (0.343ms)
✔ assemble is a pure function over injected rows (2.4234ms)
✔ text policy skip is not applicable rather than attention (50.4684ms)
✔ open booking intake yields active stage and no official booking (5.3014ms)
✔ resolved finalizing booking case without fact yields attention (3.4476ms)
✔ ordinary booked job has no cancellation attention (6.207ms)
✔ resolved release case without cancellation yields attention (2.6323ms)
✔ official cancellation determines cancelled outcome (6.2802ms)
✔ contradictory official chronology yields contradictory outcome (3.5322ms)
✔ synced sheet job still reports google destination unverified (1.7982ms)
✔ wordpress-born golden includes wordpress receipt limitation (2.3234ms)
✔ later Granot receipt does not clear wordpress receipt limitation (3.9429ms)
✔ ringcentral-born golden bounds confidence with the cursor (2.2919ms)
✔ move completion and multi query appear only as limitations (3.948ms)
✔ open cancellation intake does not become official cancelled outcome (2.0802ms)
✔ unresolved lead without official fact is unknown and lead unresolved (1.1731ms)
✔ snapshot-only cancellation is a found cancelled page (3.3399ms)
✔ orphan cancellation without snapshot yields orphan attention (1.1767ms)
✔ sheet sync pending too long uses the module default threshold (1.8441ms)
✔ terminal sheet failure yields sheet sync terminal failure (1.4516ms)
✔ disagreeing source scopes yield source scope conflict (1.582ms)
✔ applied decision without entity change yields processing evidence gap (9.6204ms)
✔ applied decision linked by entity change decision id is not a processing evidence gap (2.104ms)
✔ Masking (48.4031ms)
✔ module WordPress walk-back matches assemble headlines (51.9777ms)
✔ module Granot-born (2.5582ms)
✔ module latest Decision attempt only (1.8753ms)
✔ module intake is not official Booking (1.5613ms)
✔ module equivalent Job Number (2.2114ms)
✔ module Sheet Sync joins by entity ID (1.9198ms)
✔ module redacts contact, SMS body, and raw payloads (2.122ms)
✔ module typed search not_found (0.5906ms)
✔ module company/granularity mismatch is filtered_out (0.671ms)
✔ module without now still stamps assembled_at after reads (2.0179ms)
✔ module now sets assembled_at after reads (14.4538ms)
✔ bounded real timeline loader applies Mongo limit and timeout to every first-hop and downstream cursor (12.4997ms)
✔ bounded real loader rejects overflow at initial and later joins instead of publishing truncated evidence (14.4553ms)
✔ optional bound preserves existing unbounded Owner loader behavior and rejects nonsensical configuration (35.0121ms)
✔ normalizeTypedJobNo trims and uppercases (2.7989ms)
✔ jobsEquivalent treats letter prefix as the same Job Number (0.6243ms)
✔ recent official booking examples stay capped at three and newest book_date first (5.5092ms)
✔ recent official booking examples skip rows without a Job Number and never copy contact (0.8443ms)
✔ schema_version is job_timeline.v2 on ok pages (60.6455ms)
✔ source receipt and lead creation remain separate events (6.159ms)
✔ wordpress creation reports no invented receipt event (4.1241ms)
✔ timeline emits wordpress source_received only when the receipt exists (21.4333ms)
✔ dual clocks order by occurred time and preserve recorded time (2.6445ms)
✔ related receipt decision change and sheet rows share activity id (3.3845ms)
✔ activity grouping does not remove original evidence events (2.9789ms)
✔ orphan cancellation is not attached without durable job snapshot (2.742ms)
✔ cancellation snapshot restores exact job correlation (2.7748ms)
✔ event cap returns explicit truncation limitation (44.1756ms)
✔ serialized v2 page contains no forbidden fields or contact (19.7969ms)
✔ golden pages cover origin and official-fact shapes (33.4321ms)
✔ skipped ringcentral ledger row is not a source receipt (2.0164ms)
✔ v1 fields remain populated on enhanced events (1.2783ms)
{"level":"info","time":"2026-09-19T05:15:48.329Z","service":"vantage-main-server","env":"development","msg":"lead_messaging.granot_created.already_sent","observationId":"6aae1a8482b0a983868917e8"}
✔ Granot SMS gates evaluate every named gate and report the first blocker (4.8779ms)
✔ link_only never texts even when every other gate passes (0.6201ms)
✔ not_attested blocks even when outbound_sms.enabled is somehow true (0.5475ms)
✔ renderer substitutes allowlisted placeholders and always appends one opt-out (2.2553ms)
✔ sendGranotCreatedLeadConfirmation never throws and reports already_sent on duplicate key (5.2465ms)
✔ create_if_missing texting uses the resolved Lead Source ID and never looks up by label (0.9889ms)
✔ Twilio adapter stays un-called on gate decisions and persist/dispatch stubs (2.2923ms)
✔ link_only enrich path sends nothing even when persist/dispatch are provided (1.5323ms)
✔ replaying one observation twice yields at most one persist, bounded by identity (1.7442ms)
{"level":"info","time":"2026-09-19T05:15:48.333Z","service":"vantage-main-server","env":"development","msg":"lead_messaging.granot_created.blocked","observationId":"6aae1a8482b0a983868917f1","blockedReason":"source_policy_create_if_missing","leadModel":"FormLead"}
{"level":"info","time":"2026-09-19T05:15:48.335Z","service":"vantage-main-server","env":"development","msg":"lead_messaging.granot_created.blocked","observationId":"6aae1a8482b0a983868917f5","blockedReason":"source_policy_create_if_missing","leadModel":"FormLead"}
{"level":"info","time":"2026-09-19T05:15:48.337Z","service":"vantage-main-server","env":"development","msg":"lead_messaging.granot_created.already_sent","observationId":"6aae1a8482b0a983868917f9"}
{"level":"error","time":"2026-09-19T05:15:48.035Z","service":"vantage-main-server","env":"development","err":{"type":"Error","message":"quiet-hours scheduling failed","stack":"Error: quiet-hours scheduling failed\n    at dispatch (C:\\Users\\Pinda\\Proyectos\\vantage\\vantage-main-server\\src\\services\\leadMessaging\\leadMessaging.service.test.ts:404:15)\n    at dispatchOrQueuePersistedLeadMessage (C:\\Users\\Pinda\\Proyectos\\vantage\\vantage-main-server\\src\\services\\leadMessaging\\leadMessaging.service.ts:274:44)\n    at TestContext.<anonymous> (C:\\Users\\Pinda\\Proyectos\\vantage\\vantage-main-server\\src\\services\\leadMessaging\\leadMessaging.service.test.ts:395:27)\n    at async Test.run (node:internal/test_runner/test:1332:7)\n    at async Test.processPendingSubtests (node:internal/test_runner/test:911:7)"},"msg":"lead_messaging.post_persist_dispatch_failed","leadMessageId":"6aae1a84f6c3c719cf7aebee","leadId":"6aae1a84f6c3c719cf7aebf0"}
✔ confirmation builder retains the approved server-side copy (2.4516ms)
✔ confirmation builder derives the first name from a combined name (0.6232ms)
✔ overnight deferral stays off until quiet hours are explicitly enabled (0.6351ms)
✔ form-lead SMS send input defers overnight Eastern traffic to 8:00 AM via Twilio (1.1722ms)
✔ Twilio schedule window rejects sendAt values Twilio would 400 (1.1502ms)
✔ overnight deferral fails closed when the Messaging Service SID is missing (0.5958ms)
✔ SMS destinations are normalized to E.164 when safely possible (0.5179ms)
✔ disabled mode is a dispatch-time kill switch (4.7553ms)
✔ test mode is also enforced at dispatch time (1.1417ms)
✔ intent persistence gates strictly on parsed true consent (1.4003ms)
✔ duplicate, disabled, and test modes cannot send (0.9405ms)
✔ Granot persist shape shares one capacity reservation and does not require form consent (0.746ms)
✔ destination policy decisions persist as non-retryable skips (0.8196ms)
✔ 429 and definite connection failures are retryable (1.1067ms)
✔ ambiguous timeouts are never automatically retried (0.6346ms)
✔ retry budget stops automatic retries (0.2191ms)
✔ status callbacks do not regress or replace terminal outcomes (0.2056ms)
✔ scheduled provider status can advance to queued, sent, or failed (0.1913ms)
✔ post-persist dispatch never rejects the form-lead create path (13.8457ms)
{"level":"error","time":"2026-09-19T05:15:48.045Z","service":"vantage-main-server","env":"development","err":{"type":"Error","message":"event write failed after Twilio accepted","stack":"Error: event write failed after Twilio accepted\n    at dispatch (C:\\Users\\Pinda\\Proyectos\\vantage\\vantage-main-server\\src\\services\\leadMessaging\\leadMessaging.service.test.ts:423:15)\n    at dispatchOrQueuePersistedLeadMessage (C:\\Users\\Pinda\\Proyectos\\vantage\\vantage-main-server\\src\\services\\leadMessaging\\leadMessaging.service.ts:274:44)\n    at TestContext.<anonymous> (C:\\Users\\Pinda\\Proyectos\\vantage\\vantage-main-server\\src\\services\\leadMessaging\\leadMessaging.service.test.ts:414:33)\n    at async Test.run (node:internal/test_runner/test:1332:7)\n    at async Test.processPendingSubtests (node:internal/test_runner/test:911:7)"},"msg":"lead_messaging.post_persist_dispatch_failed","leadMessageId":"6aae1a84f6c3c719cf7aebee","leadId":"6aae1a84f6c3c719cf7aebf1"}
✔ midnight through 6:59 AM Eastern defers to 8:00 AM the same Eastern day (4.0284ms)
✔ 7:00 AM Eastern and later send immediately (0.6916ms)
✔ immediate Twilio payloads keep the existing from-number send shape (4.4013ms)
✔ scheduled Twilio payloads require a Messaging Service and use fixed sendAt (1.355ms)
✔ status callback validation uses the exact configured URL and primary token (4.6292ms)
✔ builds signed-callback-compatible TwiML that forwards to RingCentral (81.4928ms)
✔ defaults forwarding to the Vantage RingCentral number (0.8327ms)
✔ rejects a forwarding loop (1.2686ms)
✔ completed callback hangs up the parent call (0.9844ms)
✔ lead source catalog seeds legacy companies and resolves granularities (21.3464ms)
✔ all legacy source labels resolve through the lead source catalog (35.6334ms)
✔ lead source catalog seeds production and test databases independently (20.6077ms)
{"level":"info","time":"2026-09-19T05:15:52.824Z","service":"vantage-main-server","env":"development","msg":"call_lead.create.sheet_sync.disabled","resource":"source_lead","leadModel":"CallLead","leadId":"507f1f77bcf86cd799439011"}
✔ rememberBothCallSheetTabsForTombstone includes Calls and Duplicate Calls fallbacks (37.1508ms)
✔ rememberBothCallSheetTabsForTombstone preserves known rows from sheet_sync (1.8742ms)
✔ completeCallLeadIngestion records lead.call.created after commit and skips form-fill when false (9.7999ms)
✔ completeCallLeadIngestion records form-fill only when Form Fill is true (2.3876ms)
✔ completeCallLeadIngestion reports missing CPL after the write, not as a CRM post (2.2643ms)
✔ Admin and Best Relocation origins never set Duplicate Lead; public ingest is vantage_admin (3.8154ms)
✔ [AC-12] RingCentral Call provenance is ringcentral, quoted false, transport stays nested (0.8733ms)
✔ correctCallLead refuses Duplicate Lead on a Booked Call Lead (2.5214ms)
{"level":"info","time":"2026-09-19T05:15:52.828Z","service":"vantage-main-server","env":"development","msg":"lead.call.created","observability_level":"info","category":"lead","workflow":"call_lead_create","source_company":"tbm_leads","entity_id":"507f1f77bcf86cd799439011"}
{"level":"info","time":"2026-09-19T05:15:52.833Z","service":"vantage-main-server","env":"development","msg":"call_lead.create.sheet_sync.disabled","resource":"source_lead","leadModel":"CallLead","leadId":"507f1f77bcf86cd799439011"}
{"level":"info","time":"2026-09-19T05:15:52.833Z","service":"vantage-main-server","env":"development","msg":"lead.call.created","observability_level":"info","category":"lead","workflow":"call_lead_create","source_company":"tbm_leads","entity_id":"507f1f77bcf86cd799439011"}
{"level":"info","time":"2026-09-19T05:15:52.833Z","service":"vantage-main-server","env":"development","msg":"lead.call.form_fill_detected","observability_level":"info","category":"lead","workflow":"call_lead_create","source_company":"tbm_leads","entity_id":"507f1f77bcf86cd799439011"}
{"level":"info","time":"2026-09-19T05:15:52.835Z","service":"vantage-main-server","env":"development","msg":"call_lead.create.sheet_sync.disabled","resource":"source_lead","leadModel":"CallLead","leadId":"507f1f77bcf86cd799439011"}
{"level":"error","time":"2026-09-19T05:15:52.835Z","service":"vantage-main-server","env":"development","msg":"lead.cpl.missing_rate","observability_level":"error","category":"lead","workflow":"lead_cpl_resolution","source_company":"tbm_leads","entity_id":"507f1f77bcf86cd799439011"}
{"level":"info","time":"2026-09-19T05:15:52.836Z","service":"vantage-main-server","env":"development","msg":"lead.call.created","observability_level":"info","category":"lead","workflow":"call_lead_create","source_company":"tbm_leads","entity_id":"507f1f77bcf86cd799439011"}
✔ correctCallLead maps a missing receiver agent to 404 (57.5465ms)
✔ correctCallLead skips Sheet Sync when nothing material changed (9.8882ms)
✔ listRecentCallLeads keeps a Duplicate Lead in the last 200 (18.209ms)
✔ removeCallLead refuses a Booked Call Lead without cascade (9.5973ms)
✔ refuseToMarkABookedCallAsDuplicate does not mention no_sync (34.7905ms)
✔ correctCallLead does not throw ConflictError when marking no_sync on booked or duplicate (132.0186ms)
✔ Admin Call create stamps no_sync from origin and skips call_lead.create outbox when true (105.0219ms)
✔ Admin Call omit stamps no_sync true; RingCentral client true stamps false (122.9218ms)
✔ CallLead schema defaults no_sync to false so missing-field documents stay syncable (2.2852ms)
✔ begin remembers Sheet Sync before commit; complete dispatches and records owner events (85.4687ms)
✔ form duplicate check matches an earlier lead by email within exact granularity (6.1368ms)
✔ form duplicate check matches existing lead by phone within exact granularity (1.2008ms)
✔ form duplicate check does not fall back from exact granularity to company (6.4859ms)
✔ form duplicate check allows single identifier duplicate matches (0.668ms)
✔ form duplicate check ignores regex candidates that fail exact phone verification (1.2383ms)
✔ form duplicate check skips lookup when no usable identifier exists (0.9109ms)
✔ findFormLeadForEnrichment does not return a Duplicate Lead (8.3103ms)
✔ findFormLeadForEnrichment is not found when the Form Lead is missing (1.2075ms)
✔ correctFormLead refuses quoted and cubic feet on a Duplicate Lead (4.9158ms)
✔ refuseIllegalCorrections does not mention no_sync (25.9914ms)
✔ correctFormLead does not throw ConflictError when marking no_sync on booked, duplicate, or bad (3.5041ms)
✔ correctFormLead refuses Bad Lead on duplicate, Booked, or Cancelled (2.5935ms)
✔ removeFormLead refuses a Booked Form Lead without cascade (1.395ms)
✔ [AC-10] WordPress and Admin Form create paths derive exact origins (1.7483ms)
✔ Admin Form create omit stores no_sync true and skips form_lead.create outbox (101.7398ms)
✔ Admin Form omit stamps no_sync true; opt-in false and WordPress client true stamp correctly (172.563ms)
✔ FormLead schema defaults no_sync to false so missing-field documents stay syncable (0.6322ms)
✔ [AC-10] Form updates cannot carry internal snapshot or origin fields (0.4297ms)
✔ lead CPL resolution uses the stored Eastern business calendar day (4.2484ms)
✔ duplicate Call Lead snapshots retain base-period evidence at zero (1.0399ms)
✔ missing rates remain compatibility zero with a cleared period reference (0.8351ms)
✔ [AC-10] Form origin derivation uses trusted entry points and fails closed (4.0046ms)
✔ [AC-12] Call origin derivation uses trusted entry points and fails closed (0.4907ms)
✔ [AC-10] [AC-11] creation provenance captures ingested snapshots with trusted now (2.374ms)
✔ [AC-12] Call creation provenance forces quoted false and captured_at_ingestion (0.4847ms)
✔ noSyncOnCreate defaults true for vantage_admin and ignores other-origin client true (0.2827ms)
✔ [AC-07] omitForbiddenLeadLifecycleFields strips internal metadata from updates (0.3056ms)
✔ deriveLocal is local only when both states match (3.103ms)
✔ deriveFormLeadLocal treats not_found on either side as a Local Move (0.7414ms)
✔ deriveFormLeadLocal still classifies two known states (0.3661ms)
✔ normalizeState keeps the not_found sentinel and uppercases codes (0.3696ms)
﹣ [AC-10] [AC-11] replica WordPress Form create captures origin and snapshots atomically (3.0957ms) # Replica-set proof requires TEST_MODE=true before process start.
﹣ [AC-10] replica Form origin/snapshot insert rolls back with the Lead (2.552ms) # Replica-set proof requires TEST_MODE=true before process start.
﹣ [AC-12] replica RingCentral Call create captures origin, quoted false, and rolls back atomically (0.486ms) # Replica-set proof requires TEST_MODE=true before process start.
✔ lead source assignment persists owner-created registry sources (4.6505ms)
✔ lead source assignment retries a valid fallback alias after exact lookup misses (0.5829ms)
✔ classifies a different legacy source company as conflict (1.726ms)
✔ classifies a genuinely unassigned Lead as unassigned (0.5171ms)
✔ receipt exists before Lead create on the authorized path (5.8288ms)
✔ duplicates collapse on the idempotency key (17.8286ms)
✔ unauthorized or keyless WordPress create does not write a receipt (25.3874ms)
✔ unattached receipt refuses a second Lead create (2.1444ms)
✔ attach failure does not leave a creatable second Lead (3.4503ms)
✔ capture failure aborts Lead create (1.0324ms)
✔ seed catalog has unique Granot Carrier Codes and DOTs (4.2476ms)
✔ seed plan sets missing codes and leaves matching codes alone (1.9833ms)
✔ carrier normalization collapses whitespace and lowercases names (4.8476ms)
✔ carrier CSV parser normalizes headers and rejects duplicate compound identities (2.1736ms)
✔ carrier CSV parser rejects duplicate Granot Carrier Codes (0.7159ms)
✔ carrier list defaults to active rows and applies q across searchable fields (4.0806ms)
✔ patch import creates missing carriers and reactivates changed existing carriers (2.4023ms)
✔ replace import deactivates active carriers missing from the uploaded CSV (4.0622ms)
✔ phone classification: external, company DID, extension, withheld, service code, malformed (2.9688ms)
✔ provider account resolution never fabricates or silently picks between accounts (2.4518ms)
✔ window start honors the twelve-hour floor and the cursor overlap (1.7994ms)
✔ coverage: complete rolling window advances cursor and watermark, closes covered gaps (1.5799ms)
✔ coverage: partial page failure never advances complete-through and records the missing range (3.4991ms)
✔ coverage: gap repair removes a repaired gap, narrows a partially repaired one, and never drops gaps past the bound (1.8994ms)
✔ import boundary: numberActivity never imports qualification, ingest, convergence or Lead write services (216.8484ms)
✔ normalizeDirectory reduces provider records to the snapshot shape deterministically; digest is order-independent (29.8928ms)
✔ fetcher issues the documented account, extension, phone-number and call-queue reads over the shared client (2.7337ms)
✔ capture-projection dedupe key is the provider uuid, falling back to the receipt id only when the uuid is absent (4.034ms)
✔ queue topic is env-scoped and never published from a test runner (15.4025ms)
✔ fan-out: flag off means no job and no publish; a non-durable receipt is skipped honestly (5.1103ms)
{"level":"warn","time":"2026-09-19T05:16:11.319Z","service":"vantage-main-server","env":"development","msg":"sales_intelligence.capture.fanout.enqueue_timeout","receiptId":"6aae1a9bbdb4b49ac915d729","timeoutMs":20}
✔ fan-out: the acknowledgement waits a bounded time for the job transaction; a slow transaction is reported, not awaited forever (73.8756ms)
✔ fan-out: job is durable before publish; publish failure keeps the enqueued job; enqueue failure is bounded (4.2391ms)
✔ publish wake-up: gated, best-effort, never throws (2.1823ms)
✔ wake-up payload is exactly { job_id } with a 24-hex id (6.48ms)
✔ worker: unclaimable job (completed, leased elsewhere, foreign stage) does nothing (2.1745ms)
✔ worker: loads the stored receipt, passes the job id as request_id, completes with a bounded per-session result (4.7251ms)
✔ worker: deterministic per-session failures (account_unresolved) complete the job with the error visible; retryable ones retry with partial result (2.1845ms)
✔ worker: missing receipt is schema_invalid (bounded retries), lease loss during completion is reported not retried (2.9158ms)
{"level":"error","time":"2026-09-19T05:16:11.325Z","service":"vantage-main-server","env":"development","msg":"sales_intelligence.capture.fanout.enqueue_failed","receiptId":"6aae1a9bbdb4b49ac915d72e","errorName":"Error","errorCode":null}
{"level":"error","time":"2026-09-19T05:16:11.327Z","service":"vantage-main-server","env":"development","msg":"sales_intelligence.queue.publish_failed","jobId":"6aae1a9bbdb4b49ac915d730","errorName":"Error"}
{"level":"warn","time":"2026-09-19T05:16:11.345Z","service":"vantage-main-server","env":"development","msg":"sales_intelligence.capture.projection.lease_lost","jobId":"6aae1a9bbdb4b49ac915d73c"}
✔ terminal party statuses stay in parity with the qualification evaluator (3.2572ms)
✔ inbound queue call projects all directions of evidence: parties, connection, terminal, external number (19.8112ms)
✔ duplicate webhook delivery is a semantic no-op: no revision, fenced per party (13.6824ms)
✔ one party's sequence never suppresses another party in the same delivery (4.1957ms)
✔ out-of-order and late events never regress terminal or connected facts (4.4833ms)
✔ Call Log is authoritative: result/duration survive a late webhook terminal event (6.0617ms)
✔ identical Call Log replay and older lastModifiedTime never create a new revision or regress facts (4.1903ms)
✔ transfer with multiple recordings keeps every leg and recording, counted once as one interaction (5.0165ms)
✔ delayed recording evidence after terminal is surfaced as new recording ids (5.6347ms)
✔ voicemail is provider evidence; connected is not human; outbound unanswered stays unknown (4.0779ms)
✔ internal, withheld and malformed observations keep provider evidence without a customer identity (5.8997ms)
✔ review fix: an unknown short caller id is malformed, never a fabricated extension that makes a customer call Internal (2.4242ms)
✔ review fix: a party event missing `direction` does not turn an outbound customer call into a sticky Internal (17.4506ms)
✔ review fix: a stale Call Log record never regresses leg-level result or duration (4.9813ms)
✔ review fix: legs_overflow_count is monotone across records and not double counted on merge (9.0721ms)
✔ session-id only Call Log record resolves to fallback identity and gains the strongest basis when bridged (2.5759ms)
✔ Call Log first, webhook later: the extension party is adopted, not duplicated (3.0531ms)
✔ mergeProjections requires same account and folds evidence without dropping recordings (2.672ms)
✔ no directory snapshot keeps roles unknown instead of guessing (2.5102ms)
✔ parseSearchTerm: e164, suffix, term and formatting (4.2211ms)
✔ term regex characters are escaped and anchored as a prefix (6.6438ms)
✔ number cursor round trip; garbage is INVALID_INPUT (6.1074ms)
✔ buildNumberSearchFilter: hygiene, attachment, range, term and keyset cursor (10.6448ms)
✔ timeline total order: happened_at desc, kind asc, id desc; isAfterCursor is strict (2.8962ms)
✔ keysetAfterCursor mirrors isAfterCursor for a fixed kind (0.7288ms)
✔ mergeTimeline: k-way merge, dedupe on (kind,id), cursor only when more remain (1.7644ms)
✔ NUMBER_DTO_FIXTURES parse against their schemas; CSI-01 detail data is a subset of the CSI-04 detail data (28.5871ms)
✔ recount replays stored canonical interactions through the CSI-02 counting rules and derives search terms from evidence only (24.0077ms)
✔ recount is idempotent: recounting the rebuilt fields yields the same fields; a fresh recount equals incremental rollups (9.6904ms)
✔ incident severity comparison ranks critical above error and warn (1.7685ms)
✔ event filter keeps exact-match fields exact (7.0219ms)
✔ event filter matches lead name partially and case-insensitively (1.0002ms)
✔ event filter escapes regex metacharacters in lead inputs (1.2077ms)
✔ event filter matches phone digits across formatting (1.143ms)
✔ event filter supports partial phone digit search (1.6091ms)
✔ event filter builds date window and text search (2.4971ms)
✔ facets query schema coerces dates and strips unknown params (0.8447ms)
✔ incident filter applies partial lead matching and q regex OR (12.4552ms)
✔ fingerprint is deterministic for the same inputs (2.0842ms)
✔ fingerprint differs by event key and environment (0.5381ms)
✔ explicit dedupeKey takes precedence over composed fields (0.2764ms)
✔ normalized error messages group transient differences (0.4347ms)
✔ dedupe key is human-readable and stable (0.3004ms)
✔ returns all-null for missing identity (3.3504ms)
✔ trims name/phone and lowercases email (0.5807ms)
✔ empty strings become null (0.3046ms)
✔ returns empty object for nullish or non-object details (13.5295ms)
✔ truncates long strings to 500 characters with ellipsis (1.6316ms)
✔ collapses oversized arrays and deep objects (0.8476ms)
✔ normalizes dates and drops unsupported values (4.0512ms)
✔ replaces details exceeding byte budget with a truncation marker (2.0238ms)
✔ canonicalize sorts object keys and serializes dates deterministically (14.7387ms)
✔ result hash is stable for identical inputs regardless of key order (0.9386ms)
✔ result hash changes when result data changes (0.6517ms)
✔ isOperationalReportKey validates known keys (0.3231ms)
✔ registry denies exact IDs and normalized Google spreadsheet URLs (4.7475ms)
✔ production registry fails closed when required registration is absent (1.4842ms)
✔ spreadsheet normalization is strict and masking does not expose IDs (0.7178ms)
✔ registration groups compose without mutable global state (2.8008ms)
✔ Stage 2 registers both ingestion sources as production-required (13.3644ms)
✔ registry agent list excludes inactive rows by default (5.6816ms)
✔ registry merchant list supports include_inactive (1.08ms)
{"level":"info","time":"2026-09-19T05:16:15.008Z","service":"vantage-main-server","env":"development","msg":"cpl_correction.completed","observability_level":"info","category":"admin","workflow":"cpl_correction","entity_id":"6aae1a9f5add636638d86cea"}
✔ computeCplCorrectionPreviewHash is stable for normalized selection and impact (16.8004ms)
✔ previewCplCorrection returns deterministic hash and bounded sample (6.3128ms)
✔ preview hashes full Lead state and reports full counts beyond its sample (2.0976ms)
✔ Form duplicate flags do not invoke Call duplicate-zero CPL semantics (15.4403ms)
✔ createCplCorrection rejects stale preview hash (9.9175ms)
✔ createCplCorrection rejects changed schedule revision (3.0542ms)
✔ createCplCorrection commits audit metadata without lead payloads (7.0538ms)
✔ correction jobs exclude Leads inserted after the reviewed preview (8.3196ms)
✔ correction jobs fail visibly when reviewed Lead state changes (2.8065ms)
✔ correction jobs fail when a reviewed Lead disappears (2.9698ms)
✔ processCplCorrectionBatch resumes after expired lease (3.8617ms)
✔ overlapping workers do not double-correct the same lead (12.8769ms)
✔ re-entering a completed batch is a no-op (21.6537ms)
✔ cancellation stops future batches without corrupting completed work (4.2426ms)
✔ partial failure records failed count and resumes remaining leads (20.4452ms)
✔ analytics invalidation seam fires once after successful completion with changes (10.9044ms)
✔ analytics handoff failure does not downgrade completed corrections (10.3735ms)
✔ normalizeCplCorrectionSelection converts inclusive business dates (2.0109ms)
✔ correction windows query pseudo-UTC Lead timestamps across DST (2.9542ms)
{"level":"warn","time":"2026-09-19T05:16:15.013Z","service":"vantage-main-server","env":"development","msg":"cpl_correction.lead_failed","observability_level":"warn","category":"admin","workflow":"cpl_correction","entity_id":"6aae1a9f5add636638d86ceb"}
{"level":"error","time":"2026-09-19T05:16:15.016Z","service":"vantage-main-server","env":"development","msg":"cpl_correction.reviewed_target_missing","observability_level":"error","category":"admin","workflow":"cpl_correction","entity_id":"6aae1a9f5add636638d86cec"}
{"level":"info","time":"2026-09-19T05:16:15.019Z","service":"vantage-main-server","env":"development","msg":"cpl_correction.progress","observability_level":"info","category":"admin","workflow":"cpl_correction","entity_id":"6aae1a9f5add636638d86ced"}
{"level":"info","time":"2026-09-19T05:16:15.020Z","service":"vantage-main-server","env":"development","msg":"cpl_correction.completed","observability_level":"info","category":"admin","workflow":"cpl_correction","entity_id":"6aae1a9f5add636638d86ced"}
{"level":"info","time":"2026-09-19T05:16:15.024Z","service":"vantage-main-server","env":"development","msg":"cpl_correction.completed","observability_level":"info","category":"admin","workflow":"cpl_correction","entity_id":"6aae1a9f5add636638d86cee"}
{"level":"info","time":"2026-09-19T05:16:15.047Z","service":"vantage-main-server","env":"development","msg":"cpl_correction.completed","observability_level":"info","category":"admin","workflow":"cpl_correction","entity_id":"6aae1a9f5add636638d86cef"}
{"level":"info","time":"2026-09-19T05:16:15.058Z","service":"vantage-main-server","env":"development","msg":"cpl_correction.progress","observability_level":"info","category":"admin","workflow":"cpl_correction","entity_id":"6aae1a9f5add636638d86cf0"}
{"level":"info","time":"2026-09-19T05:16:15.060Z","service":"vantage-main-server","env":"development","msg":"cpl_correction.cancelled","observability_level":"info","category":"admin","workflow":"cpl_correction","entity_id":"6aae1a9f5add636638d86cf0"}
{"level":"warn","time":"2026-09-19T05:16:15.072Z","service":"vantage-main-server","env":"development","msg":"cpl_correction.lead_failed","observability_level":"warn","category":"admin","workflow":"cpl_correction","entity_id":"6aae1a9f5add636638d86cf1"}
{"level":"info","time":"2026-09-19T05:16:15.073Z","service":"vantage-main-server","env":"development","msg":"cpl_correction.progress","observability_level":"info","category":"admin","workflow":"cpl_correction","entity_id":"6aae1a9f5add636638d86cf1"}
{"level":"info","time":"2026-09-19T05:16:15.074Z","service":"vantage-main-server","env":"development","msg":"cpl_correction.completed","observability_level":"info","category":"admin","workflow":"cpl_correction","entity_id":"6aae1a9f5add636638d86cf1"}
{"level":"info","time":"2026-09-19T05:16:15.092Z","service":"vantage-main-server","env":"development","msg":"cpl_correction.completed","observability_level":"info","category":"admin","workflow":"cpl_correction","entity_id":"6aae1a9f5add636638d86cf2"}
{"level":"info","time":"2026-09-19T05:16:15.101Z","service":"vantage-main-server","env":"development","msg":"cpl_correction.completed","observability_level":"info","category":"admin","workflow":"cpl_correction","entity_id":"6aae1a9f5add636638d86cf3"}
{"level":"error","time":"2026-09-19T05:16:15.102Z","service":"vantage-main-server","env":"development","msg":"cpl_correction.analytics_handoff_failed","observability_level":"error","category":"admin","workflow":"cpl_correction","entity_id":"6aae1a9f5add636638d86cf3"}
✔ dollarsToCents accepts canonical non-negative precision (16.3825ms)
✔ dollarsToCents rejects negatives, unsafe values, and more than two decimals (1.6202ms)
✔ business dates convert New York local midnight across spring DST (1.3085ms)
✔ business dates convert New York local midnight across fall DST (2.7013ms)
✔ owner inclusive end converts to next local midnight exclusive (0.6914ms)
✔ business date conversion rejects malformed and impossible dates (0.5761ms)
✔ active schedule validation accepts contiguous periods and explicit zero (16.6863ms)
✔ active schedule validation rejects gaps, overlaps, and missing open end (11.256ms)
✔ inactive schedules may be incomplete but remain ordered and non-overlapping (4.0068ms)
✔ simple construction ignores unchanged rates and preserves future periods (4.2664ms)
✔ simple construction splits history and replaces future coverage (1.3781ms)
✔ advanced operations add, split, correct, and replace schedules (5.8941ms)
✔ resolver uses inclusive start and exclusive end business timestamp (1.252ms)
✔ resolver distinguishes missing, duplicate zero, and not applicable (0.6304ms)
✔ advanced command returns safe stale revision state without writes (8.1092ms)
✔ simple command validates every changed granularity before writing atomically (11.2304ms)
✔ simple command ignores unchanged rows and increments changed rows once (3.84ms)
✔ simple command ignores an unchanged row without revision comparison (1.9728ms)
✔ CplRatePeriod model declares the three schedule lookup indexes (2.9938ms)
✔ toSmsView defaults a missing policy to off and not attested (2.6575ms)
✔ setGranotCrmSourceOutboundSms rejects non-owners and not_attested enable (12.7029ms)
✔ listRecentGranotCrmSourceSms never returns a message body (3.5049ms)
✔ enabling SMS is rejected unless lead_created_policy is create_if_missing (2.0793ms)
✔ editing a template increments template_version and leaves enabled false (1.9733ms)
✔ RegistryError exposes stable registry_code and remediation in HTTP body (56.1133ms)
✔ RegistryError maps registry codes to app log codes without changing legacy error field (0.4593ms)
✔ [AC-38] automation reference write is audited and invalidates caches only after commit (60.2436ms)
✔ [AC-38] replay of the same automation reference is a no-op write (10.8689ms)
✔ [AC-38] audit failure leaves the automation reference unapplied (7.6454ms)
✔ Admin actors cannot write automation references (34.8355ms)
✔ Admin and missing-reason actors cannot mutate Granot CRM source policy (85.4694ms)
✔ [AC-38] Owner create validates inside the transaction and pairs one sanitized granot_crm_source audit (59.0365ms)
✔ [AC-38] audit failure rolls back mutation and does not invalidate caches (4.0521ms)
✔ duplicate request IDs remain a stable replay conflict (2.0518ms)
✔ inactive or mismatched references fail closed and do not write (1.6374ms)
✔ setGranotCrmSourceLifecycleEnabled reuses the audited Owner command (4.2678ms)
✔ read-after-write does not return a cached precommit policy projection (2.2054ms)
﹣ [AC-38] replica-set create commits mutation and audit together then invalidates caches (1.3982ms) # Replica-set proof requires TEST_MODE=true before process start.
✔ changing lead_created_policy away from create_if_missing turns SMS off on the stored document (6.822ms)
✔ normalizeSourceLabel applies NFKC (13.7335ms)
✔ normalizeSourceLabel collapses internal whitespace (0.6727ms)
✔ normalizeSourceLabel trims (0.5354ms)
✔ normalizeSourceLabel lowercases (0.448ms)
✔ normalizeSourceLabel folds full-width characters (16.8043ms)
✔ normalizeSourceLabel collapses a non-breaking space (2.0721ms)
✔ create rejects a client-supplied normalized_label (5.6082ms)
✔ create rejects a change_reason shorter than 10 or longer than 1000 (1.2081ms)
✔ create validation order: Feed exists, belongs to Lead Source, is active, then collision (34.6132ms)
✔ unique index is defined separately from the service collision check (10.6245ms)
✔ create writes through the registry audit trail (10.2132ms)
✔ there is no in-place destination edit; correction is deactivate then create (7.72ms)
✔ schema validation rejects a mismatched normalized_label (26.0135ms)
✔ schema validation rejects post-create changes to destination fields (5.737ms)
✔ resolveLabelToFeed returns not_found without throwing (1.7547ms)
✔ resolveLabelToFeed returns ambiguous when two active mappings collide (0.92ms)
✔ listLabelMappings filters by Feed, Lead Source, and namespace (0.9344ms)
✔ consultStaticSourceLabelMap increments the instrumented counter (0.9169ms)
✔ derives company_slug and granularity_key like paid_overflow (7.8079ms)
✔ creates one inactive lead source and feed and returns the readiness plan (16.7966ms)
✔ skippable Granot still creates a valid inactive lead source and feed (1.9431ms)
✔ collision on company_slug writes nothing (30.6022ms)
✔ crm_label collision against an active same-channel feed writes nothing (9.5853ms)
✔ alias collision names both sides and writes nothing (33.3133ms)
✔ granot label collision writes nothing (21.55ms)
✔ mid-transaction feed failure leaves none of the three (1.8103ms)
✔ Paid Overflow-shaped setup creates a new first-class feed and leaves paid_overflow alone (1.3195ms)
✔ preview runs the same validation and writes nothing (1.3083ms)
✔ preview reports every collision type without writing (3.4032ms)
✔ translation table maps handling and arrival policy exactly (4.0918ms)
✔ one_feed create is inactive, SMS-off, one any route, lead_model derived from the Feed (16.7985ms)
✔ one_feed Call Feed derives CallLead (29.2278ms)
✔ Owner create accepts an inactive Feed on an inactive Lead Source as a draft (10.1107ms)
✔ submitted lead_source_id that disagrees with the Feed is rejected naming both sides (23.1693ms)
✔ watch_only with a non-null destination is rejected (1.0614ms)
✔ duplicate normalized name is rejected before write (2.4945ms)
✔ short reason is rejected after the name check (1.8586ms)
✔ form_by_move_type with two Call Feeds is rejected (1.6326ms)
✔ form_by_move_type with two local Feeds is rejected (1.1546ms)
✔ form_by_move_type with the same Feed twice is rejected (0.8275ms)
✔ form_by_move_type with Feeds from different Lead Sources is rejected (1.3606ms)
✔ form_by_move_type writes two FormLead routes keyed by move type (2.3933ms)
✔ referral_booking translates to referral disposition and observation_only (1.3503ms)
✔ watch_only translates to deferred and observation_only (1.0631ms)
✔ non-Owner actors cannot create a Granot name (0.7978ms)
✔ banned-term constant is the shared six-term list (3.4722ms)
✔ ORS-3 detail projection Owner strings stay inside the language deck (19.321ms)
✔ translation table covers every code health.ts can emit (3.3625ms)
✔ every translation has a non-empty owner action and deep link (0.7187ms)
✔ unknown codes surface as themselves and are never dropped (0.4561ms)
✔ active RingCentral validation failure uses the stopped-filing sentence (0.2018ms)
✔ assignment inconsistency states the operational cost with the number (0.3167ms)
✔ source registry health reports invalid defaults and deterministic conflicts (19.1649ms)
✔ source registry health reports active granularity under inactive company (0.8701ms)
✔ CPL health discloses invalid active schedules and unresolved production Leads (2.7184ms)
✔ runtime health discloses stale cache service and remaining compatibility reads (4.0977ms)
✔ label mapping health reports an invalid destination and a collision (2.9442ms)
✔ Registry Health renders with an empty mappings collection (0.3884ms)
✔ Granot health findings raise on one fixture each and stay quiet on a healthy source (5.212ms)
✔ detail returns every connection in one request for §7.2 (18.9216ms)
✔ two move-type feeds keep separate label sets (4.5116ms)
✔ empty states are present sections, never absent (10.1087ms)
✔ list and detail stay under the round-trip bound and write nothing (6.7922ms)
✔ Owner-facing finding strings keep implementation words out of copy (4.4556ms)
✔ withRegistryMutation rolls back when audit insert fails (5.6099ms)
✔ withRegistryMutation invalidates caches only after commit (1.4994ms)
✔ duplicate mutation request IDs fail as a stable replay conflict (2.8073ms)
✔ granot_crm_source audit failure still rolls back and skips cache invalidation (0.9096ms)
✔ invalidateRegistryCaches deduplicates keys for listeners (0.914ms)
✔ assignment DTO carries Lead Source and Feed labels from one bounded join (8.0503ms)
✔ reassignment request carrying a company ID is still rejected (10.636ms)
✔ activation still rejects an inactive or non-call feed (7.6732ms)
✔ dependency preview no longer returns a hardcoded can_deactivate gate (8.5075ms)
✔ RingCentral snapshot resolves historical assignment intervals (7.3549ms)
✔ RingCentral snapshot rejects unknown and interval gaps (0.8192ms)
✔ RingCentral snapshot excludes inactive source targets (3.6454ms)
✔ active RingCentral snapshot number listing excludes closed history (0.7192ms)
✔ cache invalidation discards an in-flight stale refresh (2.0134ms)
✔ M5 account validator shares one RingCentral inventory load across numbers (2.5736ms)
{"level":"info","time":"2026-09-19T05:16:26.727Z","service":"vantage-main-server","env":"development","msg":"operations_registry.compatibility_read","observability_level":"info","category":"admin","workflow":"operations_registry"}
✔ runtime telemetry exposes bounded resolver health and compatibility counters (6.1359ms)
✔ durable compatibility recording falls back locally when persistence is unavailable (4.5421ms)
✔ durable compatibility events merge across process-local telemetry (2.8748ms)
✔ sanitizeRegistrySnapshot redacts secret-like keys (4.1514ms)
✔ sanitizeRegistrySnapshot bounds oversized nested payloads (24.5828ms)
✔ sanitizeRegistrySnapshot returns null for empty snapshots (1.9987ms)
✔ first-class Source Granularity applies draft and revision defaults (15.0761ms)
✔ Source Company defaults sheet projection to derived import (13.2151ms)
✔ source company write schema rejects embedded granularities and active flag (35.4013ms)
✔ owner-created dynamic source resolves by exact identifier (3.9316ms)
✔ active company default resolves only to an active same-channel record (0.9784ms)
✔ a company identifier falls through to its default when it is not a granularity alias (0.5827ms)
✔ local classification resolves the matching active granularity before the default (0.6724ms)
✔ fallback aliases choose the unique highest priority candidate (8.6984ms)
✔ an inferred unknown company identifier can resolve as a global alias in one pass (1.3257ms)
✔ equal-priority fallback ambiguity fails deterministically (1.9488ms)
✔ inactive exact records and inactive defaults do not resolve (0.633ms)
✔ all legacy source-label fixtures preserve company attribution (3.6633ms)
✔ resolves without touching the static map (34.7743ms)
✔ empty collection falls back to the static map and emits exactly one compatibility-read event (13.3564ms)
✔ ambiguous mapping fails closed and does not consult the static map (19.1387ms)
✔ inactive-Feed mapping fails closed and does not fall back to the static map (4.4147ms)
✔ canonical payload normalizes email, role, method, and path (3.0399ms)
✔ verifyRegistryActor accepts a valid owner signature (2.4712ms)
✔ verifyRegistryActor rejects admin role for owner-only mutation (2.0501ms)
✔ verifyRegistryActor allows admin read access with valid signature (1.0013ms)
✔ verifyRegistryActor rejects missing signature headers (1.1693ms)
✔ verifyRegistryActor rejects expired signatures outside replay window (1.0378ms)
✔ verifyRegistryActor rejects tampered signatures (0.8423ms)
✔ verifyRegistryActor rejects method/path mismatches (1.997ms)
✔ verifyAdminActorSignature uses constant-time comparison semantics (1.5321ms)
✔ preview unsigned compatibility is disabled in production (1.0521ms)
✔ preview unsigned compatibility never authorizes mutations (0.6637ms)
✔ unsigned preview reads require a unique request ID (0.8583ms)
✔ exported header names match dashboard proxy contract (0.3479ms)
✔ extension owner Bearer auth can read agent catalog without signed proxy headers (0.6112ms)
✔ extension owner Bearer auth can create agents without signed proxy headers (0.5486ms)
✔ extension owner Bearer auth cannot mutate non-catalog registry routes (0.7214ms)
✔ extension sales Bearer auth is not a registry actor (19.2669ms)
✔ extension Sales plus Customer Service Bearer auth is not a registry actor (0.7658ms)
✔ booked reconciliation can preview phone/source matched unbooked call lead updates (20.9879ms)
✔ booked reconciliation does not globally phone-match across assigned source companies (2.4061ms)
✔ booked reconciliation warns but allows idempotent sync when phone-matched lead has a different job_no (2.6294ms)
✔ booked reconciliation prefers phone/source candidates without conflicting job_no (4.9348ms)
✔ Path B phone fallback does not read granot_contact_snapshot as identity (2.3658ms)
✔ ownerIdentitySnapshotFromEmail persists snake_case keys required by ReportingDestination (5.5227ms)
✔ ReportingDestination rejects camelCase owner identity snapshots (36.0174ms)
✔ ReportingDestination accepts snake_case owner identity from helper (2.9389ms)
✔ Stage 4 stream resumes without duplicates and preserves checksum state (9.8797ms)
✔ Stage 4 stream validates current page dependencies before and after query (1.6074ms)
✔ Stage 4 source read-through is supplied once as a valid UTC instant (0.5892ms)
✔ manifest builds once and validations are page-targeted across pages (1.8379ms)
✔ resume validates the complete manifest before reopening reader (1ms)
✔ mapped contributing dependency fails before output without O(N) validation (1.0675ms)
✔ columnIndexFromLetters matches Google A1 columns including ZZ (4.5789ms)
✔ createHiddenStagingTab stamps markers on a default 26-column Google sheet (5.4453ms)
✔ writeOwnershipAndRunMarkers expands an existing 26-column sheet (1.9448ms)
✔ writeValuesRaw expands a default grid before writing past the last row (2.2709ms)
✔ registered container confirmed 404 is treated as cleaned_not_found (4.7467ms)
✔ 403 access denied remains refetch_blocked and does not complete run (0.8831ms)
✔ transient provider error remains refetch_blocked and does not complete run (0.4861ms)
✔ confirmed 404 completes run when all registered containers are cleaned (0.2817ms)
✔ partial attempt A cleaned then failed B completes only after B is cleaned on next run (0.2682ms)
✔ live harness prerequisites fail closed when OAuth export root is absent (4.3209ms)
✔ live harness rejects service-account credentials including local file env vars (10.6585ms)
✔ live harness skips without calling Google when prerequisites are absent (15.6967ms)
✔ PII-safe evidence masks file IDs and omits sensitive detail keys (0.5413ms)
✔ live harness evidence log contains no raw PII field names (1.7412ms)
✔ buildLiveTestRunTag produces unique synthetic tags (1.7596ms)
✔ buildLiveTestAppProperties marks harness_container artifacts for janitor selection (0.6078ms)
✔ transient failure wrapper exhausts injected failures (0.7175ms)
✔ positively marked live test artifact requires export root, age, and marker (1.0123ms)
✔ live test google api factory receives explicit OAuth2Client (2.0268ms)
✔ live test google api factory rejects service-account env indicators (2.0787ms)
✔ needs_janitor cleanup status remains janitor-eligible (2.0639ms)
✔ registry binding rejects copied-marker sibling not registered for run (1.1188ms)
✔ registry binding rejects export root mismatch (0.3701ms)
✔ denylist proof accepts only OPERATIONAL_WORKBOOK rejection code (0.9281ms)
✔ picker parent mismatch fails before destination denylist check (1.55ms)
✔ export folder env snapshot restores unset variable after early throw path (0.6343ms)
✔ export folder env snapshot restores prior value when variable was set (0.5696ms)
✔ live test run tag format enforces configured prefix pattern (5.5396ms)
✔ direct-child invariant rejects nested artifacts (0.5257ms)
✔ known harness run evidence requires harness_container role and markers (1.2667ms)
✔ recursive evidence sanitizer redacts nested sensitive values (5.7291ms)
✔ sanitizeLiveTestString redacts embedded Drive URLs and bearer tokens (0.7258ms)
✔ structured cleanup errors mask file IDs instead of concatenating raw IDs (0.5976ms)
✔ service-account indicators include env, local file vars, and credential file names (1.997ms)
✔ janitor returns no-op when live tests are disabled (1.588ms)
✔ worker transient hook consumes only configured run (3.7774ms)
✔ janitor selects only positively marked harness_container folders under export root (3.959ms)
✔ janitor requires persisted harness-run registry authorization (0.8898ms)
✔ janitor honors optional run-tag prefix filter (2.2064ms)
✔ isPositivelyMarkedHarnessContainer rejects non-folder roles and young artifacts (0.5148ms)
✔ isPositivelyMarkedLiveTestArtifact rejects young artifacts (0.4386ms)
✔ promotion plan: fresh reserve when ready and no prior reservation (4.2445ms)
✔ promotion plan: takeover recovers applied rename without competing promote (0.8429ms)
✔ promotion plan: takeover of not-applied rename takes new reservation (0.3354ms)
✔ promotion plan: ambiguous google state preserves prior-tab safety (1.9899ms)
✔ promotion reservation filter requires active lease and prior generation (3.4316ms)
✔ promotion lease interleaving: expiry before provider abandons mutate (5.3319ms)
✔ promotion lease interleaving: expiry during provider blocks stale CAS (2.1025ms)
✔ promotion lease interleaving: stale response after takeover cannot CAS (1.3401ms)
✔ promotion lease interleaving: takeover recovers applied rename via CAS only (0.7267ms)
✔ promotion lease interleaving: takeover of not-applied rename re-reserves then promotes (0.7563ms)
✔ promotion CAS requires provider_applied, not merely reserved (1.28ms)
✔ transient TX errors are not classified as stale (2.2451ms)
✔ catalog contains exactly three code-defined @1 datasets and complete contracts (5.4309ms)
✔ owner sorts reject internal and duplicate terms and append ASC tie-breakers (1.7415ms)
✔ deployment allowlist defaults, narrows, and rejects unknown or duplicate tokens (0.5955ms)
✔ strict request contracts reject caller scope and arbitrary dataset filters (13.2954ms)
✔ request bounds and formula-safe labels fail before database work (156.3395ms)
✔ cancel wire contract requires idempotencyKey (admin clients must send it) (2.1722ms)
✔ New York date boundaries are half-open across 23 and 25 hour days (342.9962ms)
✔ rolling windows are strict, bounded, fresh, and DST-aware (235.6731ms)
✔ source performance aggregates all related bookings with approved semantics (1.4736ms)
✔ CPL unresolved semantics exclude resolved zero and not-applicable states (1.047ms)
✔ source performance grouping uses stable IDs and ignores label drift (4.4384ms)
✔ representative policies retain temporal and outcome or exception variation (5.267ms)
✔ lead detail primary booking is one-row deterministic and prefers active state (2.0801ms)
✔ keyset cursor covers rows once and checksums are deterministic (3.1465ms)
✔ destination port is injectable and fails closed on safety or checksum drift (13.8682ms)
✔ destination verification timestamps must be finite, fresh, and not future-skewed (2.1489ms)
✔ destination validation binds identity and strategy-specific shape (1.5308ms)
✔ unresolved cancellation pipeline scopes through canonical booking attribution (1.8275ms)
✔ every orphan predicate narrows granularities per parent company (3.3044ms)
✔ confirmation binds stable destination identity; health refresh stays valid (4.8356ms)
✔ owner destination checksum treats zero available cells as a real capacity, not missing (0.6206ms)
✔ confirmation evidence binds actor, idempotency key, and immutable fingerprint (2.3219ms)
✔ concurrent confirmation duplicate keys are recognized without a 500 race (0.3337ms)
✔ snapshot adapter contract records a token and fails closed when unavailable (1.2792ms)
✔ unchanged leadless booking manifest entries retain job and source fingerprints (20.8939ms)
✔ changed leadless booking job or source data invalidates its manifest entry (4.2924ms)
✔ sample evidence is keyed opaque HMAC rather than raw SHA (2.9678ms)
✔ execution package mandates literal RAW spreadsheet writes (2.2645ms)
✔ query budgets reject oversized materialization and page requests before reads (0.9508ms)
✔ estimates distinguish exact and safe upper bounds without truncation (4.8597ms)
✔ run failures are fixed safe envelopes and unsafe fields are never exposed (1.3594ms)
✔ reporting lifecycle audit payloads contain only safe identifiers and counts (1.9134ms)
✔ source read-through capture is fenced by active lease owner and epoch (0.7077ms)
✔ revision checksum survives Mongo minimize of empty filters (10.6999ms)
✔ revision checksum verification detects tampering and bulk mutation is blocked (10.5696ms)
✔ unexpected reporting errors serialize to a generic 500 response (0.6409ms)
✔ reporting routes preserve RegistryError status and reject malformed IDs (11.4201ms)
✔ reporting routes surface destination AppErrors instead of a generic 500 (1.1727ms)
✔ incomplete operational workbook safety fails closed without leaking keys (0.666ms)
✔ reporting routes expose the deployment kill switch without leaking config (0.6151ms)
✔ run confirmation HMAC uses VANTAGE_API_SECRET when API_SECRET is unset (12.8209ms)
✔ missing reporting confirmation secrets fail closed with a safe 503 (1.8288ms)
✔ persistence models expose required indexes and immutable revision middleware (3.7552ms)
✔ regression 1: queue consumer registers Stage 4 foundation before work (6.5741ms)
✔ regression 4: read-back recomputes deterministic content checksum (34.1451ms)
✔ regression 5: published managed tab verified before staging and promotion (2.8196ms)
✔ regression 6: cleanup does not overwrite delivery terminal status (30.5077ms)
✔ regression 7: artifact creation recovers one positively marked artifact (48.5542ms)
✔ regression 8: resume always fully validates persisted manifest entries/maps (2.0192ms)
✔ regression 9: trash requires ownedByMe, MIME, identity, and Drive appProperties (2.2192ms)
✔ regression 11: promotion ambiguity preserves old tab and never deletes by name (2.1468ms)
✔ regression: empty report checksum equals initial accumulator (1.1874ms)
✔ regression 2/3: lease fence helpers abort on false without Google side effects (1145.315ms)
✔ regression 8b: resume validates entries even with no stream checkpoint (2.6001ms)
✔ regression 10: cancel requires and replays idempotency keys (11.4412ms)
✔ regression 2b: destination CAS after promotion updates managed immutable id (16.4741ms)
✔ regression: upper-bound verification never reads estimate headroom (49.5017ms)
✔ regression: title change resolved by immutable sheet ID on resume (1.4596ms)
✔ regression: ambiguous marker tampering refuses promotion (2.4963ms)
✔ regression: destination lineage accepts proven replace_tab advancement (55.6816ms)
✔ regression: phase-aware transition skips advanced status without LEASE_LOST (5.6208ms)
✔ regression: delivery fence rejects forged fence fields and stale epoch predicate (25.4267ms)
✔ regression: stale-worker fence bind loses to lease takeover (12.066ms)
✔ regression: LeaseLost after promote CAS never terminal-fails run (5.1102ms)
✔ regression: retryable provider abandon does not terminal-fail (27.2323ms)
✔ regression: snapshot terminal consistency refuses delivery-completed + run-failed (15.2547ms)
✔ regression: fence bind TX interleaves with lease takeover (2.5088ms)
✔ regression: already-promoted recovery requires content verify not title-only (24.9368ms)
✔ regression: CAS-resume path refuses tampered markers and trailing edits (3.0087ms)
✔ regression: worker maps destination ReportingErrors to destination failures (15.1381ms)
✔ regression: Google 400 marker write maps to INTERNAL_FAILURE with provider_status (11.4513ms)
✔ regression: destination stable identity ignores volatile health timestamps (20.3179ms)
✔ acceptance 10: denylist rejects every registered operational workbook id (12.3918ms)
✔ acceptance 11: human-created tab takeover is refused by staging ownership markers (3.1786ms)
✔ acceptance 12: capacity feedback refuses silent truncation (0.9018ms)
✔ acceptance 13/14: bounded RAW writes, idempotent replay, and checksum-safe progress (16.7609ms)
✔ acceptance 13: ambiguous provider timeout replays exact range after read-back (18.1926ms)
✔ acceptance 15/16: staging verification/promotion and failed replacement preserves old tab (10.7477ms)
✔ acceptance 17: incomplete snapshot cleanup only trashes positively marked workbooks (17.0534ms)
✔ cleanup janitor never trashes a completed snapshot artifact (0.9191ms)
✔ acceptance 19: PII is excluded from provider failures, checkpoints, and delivery reads (3.0386ms)
✔ RAW semantics reject formula-shaped cells and require literal serialization (2.7584ms)
✔ persisted manifests reject row payloads and validate resume identity (4.1247ms)
✔ lease fencing failure codes remain typed and PII-safe (1.4244ms)
✔ operational workbook denylist rejects registered workbook IDs (6.1115ms)
✔ operational workbook denylist fails closed when configuration is incomplete (1.5967ms)
✔ managed tab verification rejects human-created name collisions (6.295ms)
✔ managed tab verification rejects tabs without a Vantage ownership marker (8.1861ms)
✔ managed tab verification accepts a matching Vantage marker (2.2572ms)
✔ destination snapshot validation rejects operational workbook matches (2.1019ms)
✔ managed tab rename preserves immutable sheet ID and revalidates ownership (1.1542ms)
✔ destination read projection omits connection and actor credentials (1.5744ms)
✔ destination snapshot validation rejects stale health timestamps (1.1938ms)
✔ replace-tab capacity subtracts every existing workbook grid (1.1253ms)
✔ replace-tab capacity fails closed without grid metadata (0.7813ms)
✔ reporting observability defines operational alert event keys (6.4172ms)
✔ findReportingStuckRuns respects phase age threshold (3.1815ms)
✔ normalizePhoneNumberToE164Like handles common RingCentral number shapes (2.2989ms)
✔ RingCentral inbound target numbers resolve to configured source metadata (5.1748ms)
✔ RingCentral source labels are consistent with source company mapping (0.624ms)
✔ normalizer preserves telephony facts before registry qualification (1.5217ms)
✔ normalizer uses an explicit provider call start and never notification time (0.8264ms)
✔ candidate folding preserves answeredAt from an older delayed event (1.9956ms)
✔ sample answered inbound event is pending immediately and qualifies after elapsed buffer (2.2522ms)
✔ evaluator rejects outbound calls (0.4515ms)
✔ evaluator rejects inbound calls to unknown numbers (0.3885ms)
✔ evaluator keeps live inbound target calls candidate until answered (0.4455ms)
✔ evaluator rejects terminal inbound target calls that were not answered (0.3595ms)
✔ evaluator distinguishes live and terminal answered calls under 120 seconds (0.3514ms)
✔ evaluator qualifies inbound target calls answered over 120 seconds (0.3247ms)
✔ evaluator rejects missed calls without answered evidence (0.2099ms)
﹣ [AC-17] Unit 21 replica lease, cursor, overlap, and rescan proof (2.2538ms) # Replica-set proof is opt-in via GRANOT_LIFECYCLE_REPLICA_TESTS=true.
✔ [AC-17] lease owner identity is bounded, opaque, and per invocation (3.8066ms)
✔ [AC-17] masked owner is a short stable digest and never leaks the owner (3.6857ms)
✔ [AC-17] singleton key index contract is the exact unique key index (1.6736ms)
✔ persisted run failure codes are a bounded, non-sensitive set (1.1061ms)
﹣ [AC-17] Mongo state lease elects exactly one winner (3.0311ms) # Replica-set proof is opt-in via GRANOT_LIFECYCLE_REPLICA_TESTS=true.
{"level":"info","time":"2026-09-19T05:16:44.009Z","service":"vantage-main-server","env":"development","msg":"ringcentral.call_log_sync.lease_contended","leaseOwnerHash":"e0e92466da53"}
✔ [AC-17] the lease loser performs no provider, route, ingest, or state work (11.5062ms)
✔ [AC-17] two overlapping invocations produce exactly one winner (4.3402ms)
✔ [AC-17] the winner claims before any provider or ingest work (5.6981ms)
✔ [AC-17] a complete successful run advances the cursor exactly once (4.3657ms)
✔ [AC-17] every failure stage leaves the cursor unchanged (9.4878ms)
✔ [AC-17] an observed provider throttle is counted and blocks cursor movement (2.3469ms)
✔ [AC-17] a run with no throttling reports zero throttles (1.1878ms)
✔ [AC-17] terminal write failure loses the fence and moves no cursor (1.6201ms)
✔ [AC-17] losing the lease mid-run stops work and writes nothing (1.4128ms)
✔ [AC-17] the lease is renewed while long work remains (2.2049ms)
✔ [AC-17] a failed fenced error write degrades to a PII-safe lease-lost event (0.9938ms)
✔ [AC-17] expired-lease recovery is reported without erasing terminal facts (2.2131ms)
✔ [AC-17] the rolling lookback stays exactly 12 hours for a first run (1.2158ms)
✔ [AC-17] the rolling lookback stays exactly 12 hours at a 30-minute cadence (0.9591ms)
✔ [AC-17] a cursor older than the floor keeps its overlap window (0.8011ms)
✔ [AC-17] the winner's window end is its own claim instant (2.4428ms)
✔ [AC-17] pagination stops at a short page and continues through full pages (1.0619ms)
✔ a newest-first Call Log page ingests oldest-first so same-run Duplicate Leads classify (0.8249ms)
✔ Call Log pages across a newest-first split still ingest oldest-first in one run (0.8776ms)
✔ [AC-17] Call Log telemetry and events carry no caller or provider content (1.2416ms)
✔ [AC-17] emitted lease events expose only a masked owner and bounded fields (1.3088ms)
✔ [AC-17] the run summary itself exposes no caller data (0.9092ms)
{"level":"info","time":"2026-09-19T05:16:44.010Z","service":"vantage-main-server","env":"development","msg":"ringcentral.call_log_sync.lease_contended","observability_level":"info","category":"ringcentral","workflow":"ringcentral_call_log_sync","run_id":"2026-08-18T12:00:00.000Z"}
{"level":"info","time":"2026-09-19T05:16:44.018Z","service":"vantage-main-server","env":"development","msg":"ringcentral.call_log_sync.started","observability_level":"info","category":"ringcentral","workflow":"ringcentral_call_log_sync","run_id":"2026-08-18T12:00:00.000Z"}
{"level":"info","time":"2026-09-19T05:16:44.018Z","service":"vantage-main-server","env":"development","msg":"ringcentral.call_log_sync.lease_contended","leaseOwnerHash":"8cefb43f6f11"}
{"level":"info","time":"2026-09-19T05:16:44.018Z","service":"vantage-main-server","env":"development","msg":"ringcentral.call_log_sync.lease_contended","observability_level":"info","category":"ringcentral","workflow":"ringcentral_call_log_sync","run_id":"2026-08-18T12:00:00.000Z"}
{"level":"info","time":"2026-09-19T05:16:44.019Z","service":"vantage-main-server","env":"development","msg":"ringcentral.call_log_sync.completed","ranAt":"2026-08-18T12:00:00.000Z","windowFrom":"2026-08-18T00:00:00.000Z","windowTo":"2026-08-18T12:00:00.000Z","leaseOwnerHash":"7408b41fbeb6","leaseAcquired":true,"leaseRecovered":false,"leaseLost":false,"skipped":false,"skipReason":null,"runtimeMs":0,"fetchedRecords":0,"candidateRecords":0,"qualifiedRecords":0,"ingestActions":{"lead_created":0,"lead_created_duplicate":0,"lead_adopted":0,"lead_adopted_duplicate":0,"shadow_recorded":0,"dry_run":0,"skipped_already_processed":0},"adoptedRecords":0,"adoptionConflicts":0,"throttledResponses":0,"leadsCreated":0,"duplicatesFlagged":0,"cursorAdvanced":true,"errors":[]}
{"level":"info","time":"2026-09-19T05:16:44.019Z","service":"vantage-main-server","env":"development","msg":"ringcentral.call_log_sync.completed","observability_level":"info","category":"ringcentral","workflow":"ringcentral_call_log_sync","run_id":"2026-08-18T12:00:00.000Z"}
{"level":"info","time":"2026-09-19T05:16:44.021Z","service":"vantage-main-server","env":"development","msg":"ringcentral.call_log_sync.started","observability_level":"info","category":"ringcentral","workflow":"ringcentral_call_log_sync","run_id":"2026-08-18T12:00:00.000Z"}
{"level":"info","time":"2026-09-19T05:16:44.025Z","service":"vantage-main-server","env":"development","msg":"ringcentral.call_log_sync.completed","ranAt":"2026-08-18T12:00:00.000Z","windowFrom":"2026-08-18T00:00:00.000Z","windowTo":"2026-08-18T12:00:00.000Z","leaseOwnerHash":"e0e92466da53","leaseAcquired":true,"leaseRecovered":false,"leaseLost":false,"skipped":false,"skipReason":null,"runtimeMs":30,"fetchedRecords":1,"candidateRecords":1,"qualifiedRecords":1,"ingestActions":{"lead_created":0,"lead_created_duplicate":0,"lead_adopted":0,"lead_adopted_duplicate":0,"shadow_recorded":0,"dry_run":1,"skipped_already_processed":0},"adoptedRecords":0,"adoptionConflicts":0,"throttledResponses":0,"leadsCreated":0,"duplicatesFlagged":0,"cursorAdvanced":true,"errors":[]}
{"level":"info","time":"2026-09-19T05:16:44.026Z","service":"vantage-main-server","env":"development","msg":"ringcentral.call_log_sync.completed","observability_level":"info","category":"ringcentral","workflow":"ringcentral_call_log_sync","run_id":"2026-08-18T12:00:00.000Z"}
{"level":"info","time":"2026-09-19T05:16:44.027Z","service":"vantage-main-server","env":"development","msg":"ringcentral.call_log_sync.started","observability_level":"info","category":"ringcentral","workflow":"ringcentral_call_log_sync","run_id":"2026-08-18T12:00:00.000Z"}
{"level":"info","time":"2026-09-19T05:16:44.030Z","service":"vantage-main-server","env":"development","msg":"ringcentral.call_log_sync.completed","ranAt":"2026-08-18T12:00:00.000Z","windowFrom":"2026-08-18T00:00:00.000Z","windowTo":"2026-08-18T12:00:00.000Z","leaseOwnerHash":"e0e92466da53","leaseAcquired":true,"leaseRecovered":false,"leaseLost":false,"skipped":false,"skipReason":null,"runtimeMs":40,"fetchedRecords":2,"candidateRecords":2,"qualifiedRecords":2,"ingestActions":{"lead_created":0,"lead_created_duplicate":1,"lead_adopted":1,"lead_adopted_duplicate":0,"shadow_recorded":0,"dry_run":0,"skipped_already_processed":0},"adoptedRecords":1,"adoptionConflicts":1,"throttledResponses":0,"leadsCreated":1,"duplicatesFlagged":1,"cursorAdvanced":true,"errors":[]}
{"level":"info","time":"2026-09-19T05:16:44.030Z","service":"vantage-main-server","env":"development","msg":"ringcentral.call_log_sync.completed","observability_level":"info","category":"ringcentral","workflow":"ringcentral_call_log_sync","run_id":"2026-08-18T12:00:00.000Z"}
{"level":"info","time":"2026-09-19T05:16:44.033Z","service":"vantage-main-server","env":"development","msg":"ringcentral.call_log_sync.started","observability_level":"info","category":"ringcentral","workflow":"ringcentral_call_log_sync","run_id":"2026-08-18T12:00:00.000Z"}
{"level":"error","time":"2026-09-19T05:16:44.033Z","service":"vantage-main-server","env":"development","msg":"ringcentral.call_log_sync.failed","leaseOwnerHash":"e0e92466da53","stage":"route_snapshot","errorCode":"route_snapshot_failed","windowFrom":"2026-08-18T00:00:00.000Z","windowTo":"2026-08-18T12:00:00.000Z"}
{"level":"error","time":"2026-09-19T05:16:44.033Z","service":"vantage-main-server","env":"development","msg":"ringcentral.call_log_sync.failed","observability_level":"error","category":"ringcentral","workflow":"ringcentral_call_log_sync","run_id":"2026-08-18T12:00:00.000Z"}
{"level":"info","time":"2026-09-19T05:16:44.034Z","service":"vantage-main-server","env":"development","msg":"ringcentral.call_log_sync.started","observability_level":"info","category":"ringcentral","workflow":"ringcentral_call_log_sync","run_id":"2026-08-18T12:00:00.000Z"}
{"level":"error","time":"2026-09-19T05:16:44.037Z","service":"vantage-main-server","env":"development","msg":"ringcentral.call_log_sync.failed","leaseOwnerHash":"e0e92466da53","stage":"provider_fetch","errorCode":"provider_request_failed","windowFrom":"2026-08-18T00:00:00.000Z","windowTo":"2026-08-18T12:00:00.000Z"}
{"level":"error","time":"2026-09-19T05:16:44.037Z","service":"vantage-main-server","env":"development","msg":"ringcentral.call_log_sync.failed","observability_level":"error","category":"ringcentral","workflow":"ringcentral_call_log_sync","run_id":"2026-08-18T12:00:00.000Z"}
{"level":"info","time":"2026-09-19T05:16:44.038Z","service":"vantage-main-server","env":"development","msg":"ringcentral.call_log_sync.started","observability_level":"info","category":"ringcentral","workflow":"ringcentral_call_log_sync","run_id":"2026-08-18T12:00:00.000Z"}
{"level":"error","time":"2026-09-19T05:16:44.038Z","service":"vantage-main-server","env":"development","msg":"ringcentral.call_log_sync.failed","leaseOwnerHash":"e0e92466da53","stage":"provider_fetch","errorCode":"provider_throttled","windowFrom":"2026-08-18T00:00:00.000Z","windowTo":"2026-08-18T12:00:00.000Z"}
{"level":"error","time":"2026-09-19T05:16:44.038Z","service":"vantage-main-server","env":"development","msg":"ringcentral.call_log_sync.failed","observability_level":"error","category":"ringcentral","workflow":"ringcentral_call_log_sync","run_id":"2026-08-18T12:00:00.000Z"}
{"level":"info","time":"2026-09-19T05:16:44.038Z","service":"vantage-main-server","env":"development","msg":"ringcentral.call_log_sync.started","observability_level":"info","category":"ringcentral","workflow":"ringcentral_call_log_sync","run_id":"2026-08-18T12:00:00.000Z"}
{"level":"error","time":"2026-09-19T05:16:44.039Z","service":"vantage-main-server","env":"development","msg":"ringcentral.call_log_sync.failed","leaseOwnerHash":"e0e92466da53","stage":"ingest","errorCode":"ingest_failed","windowFrom":"2026-08-18T00:00:00.000Z","windowTo":"2026-08-18T12:00:00.000Z"}
{"level":"error","time":"2026-09-19T05:16:44.039Z","service":"vantage-main-server","env":"development","msg":"ringcentral.call_log_sync.failed","observability_level":"error","category":"ringcentral","workflow":"ringcentral_call_log_sync","run_id":"2026-08-18T12:00:00.000Z"}
{"level":"info","time":"2026-09-19T05:16:44.042Z","service":"vantage-main-server","env":"development","msg":"ringcentral.call_log_sync.started","observability_level":"info","category":"ringcentral","workflow":"ringcentral_call_log_sync","run_id":"2026-08-18T12:00:00.000Z"}
{"level":"error","time":"2026-09-19T05:16:44.042Z","service":"vantage-main-server","env":"development","msg":"ringcentral.call_log_sync.failed","leaseOwnerHash":"e0e92466da53","stage":"provider_fetch","errorCode":"provider_throttled","windowFrom":"2026-08-18T00:00:00.000Z","windowTo":"2026-08-18T12:00:00.000Z"}
{"level":"error","time":"2026-09-19T05:16:44.042Z","service":"vantage-main-server","env":"development","msg":"ringcentral.call_log_sync.failed","observability_level":"error","category":"ringcentral","workflow":"ringcentral_call_log_sync","run_id":"2026-08-18T12:00:00.000Z"}
{"level":"info","time":"2026-09-19T05:16:44.043Z","service":"vantage-main-server","env":"development","msg":"ringcentral.call_log_sync.started","observability_level":"info","category":"ringcentral","workflow":"ringcentral_call_log_sync","run_id":"2026-08-18T12:00:00.000Z"}
{"level":"info","time":"2026-09-19T05:16:44.044Z","service":"vantage-main-server","env":"development","msg":"ringcentral.call_log_sync.completed","ranAt":"2026-08-18T12:00:00.000Z","windowFrom":"2026-08-18T00:00:00.000Z","windowTo":"2026-08-18T12:00:00.000Z","leaseOwnerHash":"e0e92466da53","leaseAcquired":true,"leaseRecovered":false,"leaseLost":false,"skipped":false,"skipReason":null,"runtimeMs":30,"fetchedRecords":1,"candidateRecords":1,"qualifiedRecords":1,"ingestActions":{"lead_created":0,"lead_created_duplicate":0,"lead_adopted":0,"lead_adopted_duplicate":0,"shadow_recorded":0,"dry_run":1,"skipped_already_processed":0},"adoptedRecords":0,"adoptionConflicts":0,"throttledResponses":0,"leadsCreated":0,"duplicatesFlagged":0,"cursorAdvanced":true,"errors":[]}
{"level":"info","time":"2026-09-19T05:16:44.044Z","service":"vantage-main-server","env":"development","msg":"ringcentral.call_log_sync.completed","observability_level":"info","category":"ringcentral","workflow":"ringcentral_call_log_sync","run_id":"2026-08-18T12:00:00.000Z"}
{"level":"info","time":"2026-09-19T05:16:44.045Z","service":"vantage-main-server","env":"development","msg":"ringcentral.call_log_sync.started","observability_level":"info","category":"ringcentral","workflow":"ringcentral_call_log_sync","run_id":"2026-08-18T12:00:00.000Z"}
{"level":"warn","time":"2026-09-19T05:16:44.046Z","service":"vantage-main-server","env":"development","msg":"ringcentral.call_log_sync.lease_lost","leaseOwnerHash":"e0e92466da53","stage":"state_write"}
{"level":"warn","time":"2026-09-19T05:16:44.046Z","service":"vantage-main-server","env":"development","msg":"ringcentral.call_log_sync.lease_lost","observability_level":"warn","category":"ringcentral","workflow":"ringcentral_call_log_sync","run_id":"2026-08-18T12:00:00.000Z"}
{"level":"info","time":"2026-09-19T05:16:44.047Z","service":"vantage-main-server","env":"development","msg":"ringcentral.call_log_sync.started","observability_level":"info","category":"ringcentral","workflow":"ringcentral_call_log_sync","run_id":"2026-08-18T12:00:00.000Z"}
{"level":"warn","time":"2026-09-19T05:16:44.047Z","service":"vantage-main-server","env":"development","msg":"ringcentral.call_log_sync.lease_lost","leaseOwnerHash":"e0e92466da53","stage":"lease"}
{"level":"warn","time":"2026-09-19T05:16:44.047Z","service":"vantage-main-server","env":"development","msg":"ringcentral.call_log_sync.lease_lost","observability_level":"warn","category":"ringcentral","workflow":"ringcentral_call_log_sync","run_id":"2026-08-18T12:00:00.000Z"}
{"level":"info","time":"2026-09-19T05:16:44.048Z","service":"vantage-main-server","env":"development","msg":"ringcentral.call_log_sync.started","observability_level":"info","category":"ringcentral","workflow":"ringcentral_call_log_sync","run_id":"2026-08-18T12:00:00.000Z"}
{"level":"info","time":"2026-09-19T05:16:44.049Z","service":"vantage-main-server","env":"development","msg":"ringcentral.call_log_sync.completed","ranAt":"2026-08-18T12:00:00.000Z","windowFrom":"2026-08-18T00:00:00.000Z","windowTo":"2026-08-18T12:00:00.000Z","leaseOwnerHash":"e0e92466da53","leaseAcquired":true,"leaseRecovered":false,"leaseLost":false,"skipped":false,"skipReason":null,"runtimeMs":80,"fetchedRecords":6,"candidateRecords":6,"qualifiedRecords":6,"ingestActions":{"lead_created":0,"lead_created_duplicate":0,"lead_adopted":0,"lead_adopted_duplicate":0,"shadow_recorded":0,"dry_run":6,"skipped_already_processed":0},"adoptedRecords":0,"adoptionConflicts":0,"throttledResponses":0,"leadsCreated":0,"duplicatesFlagged":0,"cursorAdvanced":true,"errors":[]}
{"level":"info","time":"2026-09-19T05:16:44.049Z","service":"vantage-main-server","env":"development","msg":"ringcentral.call_log_sync.completed","observability_level":"info","category":"ringcentral","workflow":"ringcentral_call_log_sync","run_id":"2026-08-18T12:00:00.000Z"}
{"level":"info","time":"2026-09-19T05:16:44.051Z","service":"vantage-main-server","env":"development","msg":"ringcentral.call_log_sync.started","observability_level":"info","category":"ringcentral","workflow":"ringcentral_call_log_sync","run_id":"2026-08-18T12:00:00.000Z"}
{"level":"warn","time":"2026-09-19T05:16:44.051Z","service":"vantage-main-server","env":"development","msg":"ringcentral.call_log_sync.lease_lost","leaseOwnerHash":"e0e92466da53","stage":"route_snapshot"}
{"level":"warn","time":"2026-09-19T05:16:44.051Z","service":"vantage-main-server","env":"development","msg":"ringcentral.call_log_sync.lease_lost","observability_level":"warn","category":"ringcentral","workflow":"ringcentral_call_log_sync","run_id":"2026-08-18T12:00:00.000Z"}
{"level":"info","time":"2026-09-19T05:16:44.053Z","service":"vantage-main-server","env":"development","msg":"ringcentral.call_log_sync.started","observability_level":"info","category":"ringcentral","workflow":"ringcentral_call_log_sync","run_id":"2026-08-18T12:00:00.000Z"}
{"level":"warn","time":"2026-09-19T05:16:44.053Z","service":"vantage-main-server","env":"development","msg":"ringcentral.call_log_sync.lease_recovered","leaseOwnerHash":"e0e92466da53"}
{"level":"warn","time":"2026-09-19T05:16:44.053Z","service":"vantage-main-server","env":"development","msg":"ringcentral.call_log_sync.lease_recovered","observability_level":"warn","category":"ringcentral","workflow":"ringcentral_call_log_sync","run_id":"2026-08-18T12:00:00.000Z"}
{"level":"info","time":"2026-09-19T05:16:44.053Z","service":"vantage-main-server","env":"development","msg":"ringcentral.call_log_sync.completed","ranAt":"2026-08-18T12:00:00.000Z","windowFrom":"2026-08-18T00:00:00.000Z","windowTo":"2026-08-18T12:00:00.000Z","leaseOwnerHash":"e0e92466da53","leaseAcquired":true,"leaseRecovered":true,"leaseLost":false,"skipped":false,"skipReason":null,"runtimeMs":20,"fetchedRecords":0,"candidateRecords":0,"qualifiedRecords":0,"ingestActions":{"lead_created":0,"lead_created_duplicate":0,"lead_adopted":0,"lead_adopted_duplicate":0,"shadow_recorded":0,"dry_run":0,"skipped_already_processed":0},"adoptedRecords":0,"adoptionConflicts":0,"throttledResponses":0,"leadsCreated":0,"duplicatesFlagged":0,"cursorAdvanced":true,"errors":[]}
{"level":"info","time":"2026-09-19T05:16:44.053Z","service":"vantage-main-server","env":"development","msg":"ringcentral.call_log_sync.completed","observability_level":"info","category":"ringcentral","workflow":"ringcentral_call_log_sync","run_id":"2026-08-18T12:00:00.000Z"}
{"level":"info","time":"2026-09-19T05:16:44.054Z","service":"vantage-main-server","env":"development","msg":"ringcentral.call_log_sync.started","observability_level":"info","category":"ringcentral","workflow":"ringcentral_call_log_sync","run_id":"2026-08-18T12:00:00.000Z"}
{"level":"info","time":"2026-09-19T05:16:44.054Z","service":"vantage-main-server","env":"development","msg":"ringcentral.call_log_sync.completed","ranAt":"2026-08-18T12:00:00.000Z","windowFrom":"2026-08-18T00:00:00.000Z","windowTo":"2026-08-18T12:00:00.000Z","leaseOwnerHash":"e0e92466da53","leaseAcquired":true,"leaseRecovered":false,"leaseLost":false,"skipped":false,"skipReason":null,"runtimeMs":20,"fetchedRecords":0,"candidateRecords":0,"qualifiedRecords":0,"ingestActions":{"lead_created":0,"lead_created_duplicate":0,"lead_adopted":0,"lead_adopted_duplicate":0,"shadow_recorded":0,"dry_run":0,"skipped_already_processed":0},"adoptedRecords":0,"adoptionConflicts":0,"throttledResponses":0,"leadsCreated":0,"duplicatesFlagged":0,"cursorAdvanced":true,"errors":[]}
{"level":"info","time":"2026-09-19T05:16:44.055Z","service":"vantage-main-server","env":"development","msg":"ringcentral.call_log_sync.completed","observability_level":"info","category":"ringcentral","workflow":"ringcentral_call_log_sync","run_id":"2026-08-18T12:00:00.000Z"}
{"level":"info","time":"2026-09-19T05:16:44.055Z","service":"vantage-main-server","env":"development","msg":"ringcentral.call_log_sync.started","observability_level":"info","category":"ringcentral","workflow":"ringcentral_call_log_sync","run_id":"2026-08-18T12:00:00.000Z"}
{"level":"info","time":"2026-09-19T05:16:44.056Z","service":"vantage-main-server","env":"development","msg":"ringcentral.call_log_sync.completed","ranAt":"2026-08-18T12:00:00.000Z","windowFrom":"2026-08-18T00:00:00.000Z","windowTo":"2026-08-18T12:00:00.000Z","leaseOwnerHash":"e0e92466da53","leaseAcquired":true,"leaseRecovered":false,"leaseLost":false,"skipped":false,"skipReason":null,"runtimeMs":20,"fetchedRecords":0,"candidateRecords":0,"qualifiedRecords":0,"ingestActions":{"lead_created":0,"lead_created_duplicate":0,"lead_adopted":0,"lead_adopted_duplicate":0,"shadow_recorded":0,"dry_run":0,"skipped_already_processed":0},"adoptedRecords":0,"adoptionConflicts":0,"throttledResponses":0,"leadsCreated":0,"duplicatesFlagged":0,"cursorAdvanced":true,"errors":[]}
{"level":"info","time":"2026-09-19T05:16:44.056Z","service":"vantage-main-server","env":"development","msg":"ringcentral.call_log_sync.completed","observability_level":"info","category":"ringcentral","workflow":"ringcentral_call_log_sync","run_id":"2026-08-18T12:00:00.000Z"}
{"level":"info","time":"2026-09-19T05:16:44.056Z","service":"vantage-main-server","env":"development","msg":"ringcentral.call_log_sync.started","observability_level":"info","category":"ringcentral","workflow":"ringcentral_call_log_sync","run_id":"2026-08-18T12:00:00.000Z"}
{"level":"info","time":"2026-09-19T05:16:44.056Z","service":"vantage-main-server","env":"development","msg":"ringcentral.call_log_sync.completed","ranAt":"2026-08-18T12:00:00.000Z","windowFrom":"2026-08-17T15:45:00.000Z","windowTo":"2026-08-18T12:00:00.000Z","leaseOwnerHash":"e0e92466da53","leaseAcquired":true,"leaseRecovered":false,"leaseLost":false,"skipped":false,"skipReason":null,"runtimeMs":20,"fetchedRecords":0,"candidateRecords":0,"qualifiedRecords":0,"ingestActions":{"lead_created":0,"lead_created_duplicate":0,"lead_adopted":0,"lead_adopted_duplicate":0,"shadow_recorded":0,"dry_run":0,"skipped_already_processed":0},"adoptedRecords":0,"adoptionConflicts":0,"throttledResponses":0,"leadsCreated":0,"duplicatesFlagged":0,"cursorAdvanced":true,"errors":[]}
{"level":"info","time":"2026-09-19T05:16:44.057Z","service":"vantage-main-server","env":"development","msg":"ringcentral.call_log_sync.completed","observability_level":"info","category":"ringcentral","workflow":"ringcentral_call_log_sync","run_id":"2026-08-18T12:00:00.000Z"}
{"level":"info","time":"2026-09-19T05:16:44.057Z","service":"vantage-main-server","env":"development","msg":"ringcentral.call_log_sync.started","observability_level":"info","category":"ringcentral","workflow":"ringcentral_call_log_sync","run_id":"2026-08-18T12:00:00.000Z"}
{"level":"info","time":"2026-09-19T05:16:44.058Z","service":"vantage-main-server","env":"development","msg":"ringcentral.call_log_sync.completed","ranAt":"2026-08-18T12:00:00.000Z","windowFrom":"2026-08-18T00:00:00.000Z","windowTo":"2026-08-18T12:00:00.000Z","leaseOwnerHash":"e0e92466da53","leaseAcquired":true,"leaseRecovered":false,"leaseLost":false,"skipped":false,"skipReason":null,"runtimeMs":20,"fetchedRecords":0,"candidateRecords":0,"qualifiedRecords":0,"ingestActions":{"lead_created":0,"lead_created_duplicate":0,"lead_adopted":0,"lead_adopted_duplicate":0,"shadow_recorded":0,"dry_run":0,"skipped_already_processed":0},"adoptedRecords":0,"adoptionConflicts":0,"throttledResponses":0,"leadsCreated":0,"duplicatesFlagged":0,"cursorAdvanced":true,"errors":[]}
{"level":"info","time":"2026-09-19T05:16:44.058Z","service":"vantage-main-server","env":"development","msg":"ringcentral.call_log_sync.completed","observability_level":"info","category":"ringcentral","workflow":"ringcentral_call_log_sync","run_id":"2026-08-18T12:00:00.000Z"}
{"level":"info","time":"2026-09-19T05:16:44.060Z","service":"vantage-main-server","env":"development","msg":"ringcentral.call_log_sync.started","observability_level":"info","category":"ringcentral","workflow":"ringcentral_call_log_sync","run_id":"2026-08-18T12:00:00.000Z"}
{"level":"info","time":"2026-09-19T05:16:44.060Z","service":"vantage-main-server","env":"development","msg":"ringcentral.call_log_sync.completed","ranAt":"2026-08-18T12:00:00.000Z","windowFrom":"2026-08-18T00:00:00.000Z","windowTo":"2026-08-18T12:00:00.000Z","leaseOwnerHash":"e0e92466da53","leaseAcquired":true,"leaseRecovered":false,"leaseLost":false,"skipped":false,"skipReason":null,"runtimeMs":60,"fetchedRecords":3,"candidateRecords":3,"qualifiedRecords":3,"ingestActions":{"lead_created":0,"lead_created_duplicate":0,"lead_adopted":0,"lead_adopted_duplicate":0,"shadow_recorded":0,"dry_run":3,"skipped_already_processed":0},"adoptedRecords":0,"adoptionConflicts":0,"throttledResponses":0,"leadsCreated":0,"duplicatesFlagged":0,"cursorAdvanced":true,"errors":[]}
{"level":"info","time":"2026-09-19T05:16:44.060Z","service":"vantage-main-server","env":"development","msg":"ringcentral.call_log_sync.completed","observability_level":"info","category":"ringcentral","workflow":"ringcentral_call_log_sync","run_id":"2026-08-18T12:00:00.000Z"}
{"level":"info","time":"2026-09-19T05:16:44.061Z","service":"vantage-main-server","env":"development","msg":"ringcentral.call_log_sync.started","observability_level":"info","category":"ringcentral","workflow":"ringcentral_call_log_sync","run_id":"2026-08-18T12:00:00.000Z"}
{"level":"info","time":"2026-09-19T05:16:44.061Z","service":"vantage-main-server","env":"development","msg":"ringcentral.call_log_sync.completed","ranAt":"2026-08-18T12:00:00.000Z","windowFrom":"2026-08-18T00:00:00.000Z","windowTo":"2026-08-18T12:00:00.000Z","leaseOwnerHash":"e0e92466da53","leaseAcquired":true,"leaseRecovered":false,"leaseLost":false,"skipped":false,"skipReason":null,"runtimeMs":40,"fetchedRecords":2,"candidateRecords":2,"qualifiedRecords":2,"ingestActions":{"lead_created":0,"lead_created_duplicate":0,"lead_adopted":0,"lead_adopted_duplicate":0,"shadow_recorded":0,"dry_run":2,"skipped_already_processed":0},"adoptedRecords":0,"adoptionConflicts":0,"throttledResponses":0,"leadsCreated":0,"duplicatesFlagged":0,"cursorAdvanced":true,"errors":[]}
{"level":"info","time":"2026-09-19T05:16:44.061Z","service":"vantage-main-server","env":"development","msg":"ringcentral.call_log_sync.completed","observability_level":"info","category":"ringcentral","workflow":"ringcentral_call_log_sync","run_id":"2026-08-18T12:00:00.000Z"}
{"level":"info","time":"2026-09-19T05:16:44.062Z","service":"vantage-main-server","env":"development","msg":"ringcentral.call_log_sync.started","observability_level":"info","category":"ringcentral","workflow":"ringcentral_call_log_sync","run_id":"2026-08-18T12:00:00.000Z"}
{"level":"info","time":"2026-09-19T05:16:44.062Z","service":"vantage-main-server","env":"development","msg":"ringcentral.call_log_sync.completed","ranAt":"2026-08-18T12:00:00.000Z","windowFrom":"2026-08-18T00:00:00.000Z","windowTo":"2026-08-18T12:00:00.000Z","leaseOwnerHash":"e0e92466da53","leaseAcquired":true,"leaseRecovered":false,"leaseLost":false,"skipped":false,"skipReason":null,"runtimeMs":60,"fetchedRecords":2,"candidateRecords":2,"qualifiedRecords":2,"ingestActions":{"lead_created":0,"lead_created_duplicate":0,"lead_adopted":0,"lead_adopted_duplicate":0,"shadow_recorded":0,"dry_run":2,"skipped_already_processed":0},"adoptedRecords":0,"adoptionConflicts":0,"throttledResponses":0,"leadsCreated":0,"duplicatesFlagged":0,"cursorAdvanced":true,"errors":[]}
{"level":"info","time":"2026-09-19T05:16:44.062Z","service":"vantage-main-server","env":"development","msg":"ringcentral.call_log_sync.completed","observability_level":"info","category":"ringcentral","workflow":"ringcentral_call_log_sync","run_id":"2026-08-18T12:00:00.000Z"}
{"level":"info","time":"2026-09-19T05:16:44.063Z","service":"vantage-main-server","env":"development","msg":"ringcentral.call_log_sync.started","observability_level":"info","category":"ringcentral","workflow":"ringcentral_call_log_sync","run_id":"2026-08-18T12:00:00.000Z"}
{"level":"error","time":"2026-09-19T05:16:44.063Z","service":"vantage-main-server","env":"development","msg":"ringcentral.call_log_sync.failed","leaseOwnerHash":"e0e92466da53","stage":"ingest","errorCode":"ingest_failed","windowFrom":"2026-08-18T00:00:00.000Z","windowTo":"2026-08-18T12:00:00.000Z"}
{"level":"error","time":"2026-09-19T05:16:44.063Z","service":"vantage-main-server","env":"development","msg":"ringcentral.call_log_sync.failed","observability_level":"error","category":"ringcentral","workflow":"ringcentral_call_log_sync","run_id":"2026-08-18T12:00:00.000Z"}
{"level":"info","time":"2026-09-19T05:16:44.064Z","service":"vantage-main-server","env":"development","msg":"ringcentral.call_log_sync.started","observability_level":"info","category":"ringcentral","workflow":"ringcentral_call_log_sync","run_id":"2026-08-18T12:00:00.000Z"}
{"level":"info","time":"2026-09-19T05:16:44.065Z","service":"vantage-main-server","env":"development","msg":"ringcentral.call_log_sync.completed","ranAt":"2026-08-18T12:00:00.000Z","windowFrom":"2026-08-18T00:00:00.000Z","windowTo":"2026-08-18T12:00:00.000Z","leaseOwnerHash":"e0e92466da53","leaseAcquired":true,"leaseRecovered":false,"leaseLost":false,"skipped":false,"skipReason":null,"runtimeMs":30,"fetchedRecords":1,"candidateRecords":1,"qualifiedRecords":1,"ingestActions":{"lead_created":0,"lead_created_duplicate":0,"lead_adopted":0,"lead_adopted_duplicate":0,"shadow_recorded":0,"dry_run":1,"skipped_already_processed":0},"adoptedRecords":0,"adoptionConflicts":0,"throttledResponses":0,"leadsCreated":0,"duplicatesFlagged":0,"cursorAdvanced":true,"errors":[]}
{"level":"info","time":"2026-09-19T05:16:44.065Z","service":"vantage-main-server","env":"development","msg":"ringcentral.call_log_sync.completed","observability_level":"info","category":"ringcentral","workflow":"ringcentral_call_log_sync","run_id":"2026-08-18T12:00:00.000Z"}
{"level":"info","time":"2026-09-19T05:16:44.066Z","service":"vantage-main-server","env":"development","msg":"ringcentral.call_log_sync.started","observability_level":"info","category":"ringcentral","workflow":"ringcentral_call_log_sync","run_id":"2026-08-18T12:00:00.000Z"}
{"level":"info","time":"2026-09-19T05:16:44.066Z","service":"vantage-main-server","env":"development","msg":"ringcentral.call_log_sync.completed","ranAt":"2026-08-18T12:00:00.000Z","windowFrom":"2026-08-18T00:00:00.000Z","windowTo":"2026-08-18T12:00:00.000Z","leaseOwnerHash":"e0e92466da53","leaseAcquired":true,"leaseRecovered":false,"leaseLost":false,"skipped":false,"skipReason":null,"runtimeMs":30,"fetchedRecords":1,"candidateRecords":1,"qualifiedRecords":1,"ingestActions":{"lead_created":0,"lead_created_duplicate":0,"lead_adopted":1,"lead_adopted_duplicate":0,"shadow_recorded":0,"dry_run":0,"skipped_already_processed":0},"adoptedRecords":1,"adoptionConflicts":0,"throttledResponses":0,"leadsCreated":0,"duplicatesFlagged":0,"cursorAdvanced":true,"errors":[]}
{"level":"info","time":"2026-09-19T05:16:44.066Z","service":"vantage-main-server","env":"development","msg":"ringcentral.call_log_sync.completed","observability_level":"info","category":"ringcentral","workflow":"ringcentral_call_log_sync","run_id":"2026-08-18T12:00:00.000Z"}
✔ qualifies an inbound answered call over 120s to a mapped toll-free (5.3988ms)
✔ qualifies a GetMovers inbound call log record (0.9619ms)
✔ rejects a call under 120 seconds (0.5702ms)
✔ rejects an outbound call (0.5176ms)
✔ rejects a call to an unmapped number (0.3324ms)
✔ rejects a missed (unanswered) call (0.5836ms)
✔ matches target number across call legs and picks the inbound caller (0.5857ms)
✔ aggregates a multi-party session and qualifies the canonical queue party over 120s (4.2568ms)
✔ uses answered agent lifecycle timing when the target queue leg disconnects early (12.5494ms)
✔ rejects a session that disconnected under 120 seconds (1.2099ms)
✔ a live (non-terminal) call over 120s qualifies but is not ingest-eligible (0.9459ms)
✔ an outbound-only session is not a lead (0.5002ms)
﹣ [AC-14][AC-15][AC-16] Unit 20 replica adoption, conflict continuation, races, and rollback (2.0934ms) # Replica-set proof is opt-in via GRANOT_LIFECYCLE_REPLICA_TESTS=true.
✔ [AC-14] one exact immutable-phone candidate is selected without guessing (6.1378ms)
✔ [AC-16] zero and multiple candidates remain explicit outcomes (0.9181ms)
✔ [AC-14][AC-16] candidate window is inclusive at exactly plus/minus 12 hours (2.0218ms)
✔ [AC-14][AC-16] exact boundaries qualify and one millisecond outside does not (2.0133ms)
✔ [AC-16] missing call start fails adoption closed without querying candidates (0.5591ms)
✔ [AC-16] Job-only/missing-phone input is never an adoption candidate (0.4424ms)
✔ adoption match key stays exact Source Granularity plus ingested phone (1.3624ms)
✔ [AC-16] different Source Granularity with the same phone is not an adoption candidate (0.6346ms)
✔ [AC-14] current-contact drift cannot replace immutable creation phone (0.5227ms)
✔ [AC-14] telephony session wins over call-log identity (2.8029ms)
✔ [AC-14] adoption statuses are terminal replay outcomes (0.4947ms)
✔ [AC-14] call-log race fence is declared unique and sparse (0.3797ms)
✔ recording adapter uses fixed account endpoints and discards contentUri (65.7622ms)
✔ streaming client shares JWT refresh once, returns headers and forbids redirects (2.6513ms)
✔ recording deadline bounds stalled token acquisition and unauthorized refresh (20.2796ms)
{"level":"info","time":"2026-09-19T05:16:45.826Z","service":"vantage-main-server","env":"development","msg":"ringcentral.ingest.skipped_already_processed","telephonySessionId":"u20-session","callLogId":null,"previousStatus":"lead_adopted","ingestionSource":"webhook"}
✔ [AC-14] telephony replay returns before adoption candidate work (10.552ms)
✔ [AC-14][AC-15] adoption occurs before duplicate classification and suppresses create (2.2098ms)
✔ [AC-16] no adoption candidate continues through normal ingest (3.1418ms)
✔ [AC-14] webhook and Call Log descriptors enter equivalent convergence (1.413ms)
✔ [AC-14] call-log-only create fails closed before candidate or Lead work without indexes (2.8801ms)
✔ adoption off still creates a RingCentral-origin Call Lead (documented Race B twin) (6.0385ms)
✔ RingCentral ingest lock stays gated on the adoption flag (1.9752ms)
{"level":"info","time":"2026-09-19T05:16:45.836Z","service":"vantage-main-server","env":"development","msg":"ringcentral.ingest.processed","action":"dry_run","writeMode":"dry_run","duplicate":false,"duplicateReason":"unique","ingestionSource":"webhook","telephonySessionId":"u20-session","callLogId":null,"sourceCompany":"main_site","durationSeconds":180,"callLeadId":null}
{"level":"info","time":"2026-09-19T05:16:45.847Z","service":"vantage-main-server","env":"development","msg":"ringcentral.ingest.processed","action":"lead_created","writeMode":"create","duplicate":false,"duplicateReason":"unique","ingestionSource":"webhook","telephonySessionId":"u20-session","callLogId":null,"sourceCompany":"main_site","durationSeconds":180,"callLeadId":"507f1f77bcf86cd799439099"}
✔ first call from a caller is unique (4.4288ms)
✔ a second call from the same caller + source within the window is a duplicate (0.9804ms)
✔ the same telephony session is not counted as its own duplicate (0.6624ms)
✔ [AC-15] the same call-log identity is not counted as its own duplicate (0.6403ms)
✔ a call with no caller phone cannot be classified as a duplicate (0.3824ms)
✔ phone numbers in different formats still match as duplicates (0.6537ms)
✔ duplicate lookup uses the earlier-only 90-day window (1.1429ms)
✔ same caller and source exactly 90 days apart is a duplicate (0.6518ms)
✔ same caller and source more than 90 days apart is unique (0.554ms)
✔ different source is scoped out by the duplicate lookup (0.6701ms)
✔ [AC-15] adopted Lead id is excluded from duplicate classification (0.679ms)
✔ [AC-15][AC-16] unresolved Granot candidates do not create false duplicates (0.5777ms)
✔ [AC-15] adopted Granot candidate from another physical call remains eligible (0.5007ms)
✔ [AC-15] future Leads are outside the earlier-only duplicate window (0.3845ms)
✔ builder: mode all is the account telephony path with no direction filter and no withRecordings; inbound builder is byte-for-byte unchanged (5.5933ms)
✔ classification: owned+matching managed by health; owned inbound-only and foreign same-address subscriptions are never managed (1.4313ms)
✔ plan/apply: noop when healthy, create when none owned, foreign same-address subscription is reported and untouched (3.3257ms)
✔ renewal: expiring owned subscription is renewed; renewing a foreign id is refused before any provider call (4.8005ms)
✔ repair: blacklisted owned subscription is deleted, marked and recreated; a foreign id is never deleted or replaced (4.2045ms)
✔ health edges: unknown expiry is renew-due; unknown or missing status is reported and never repaired (review finding 6) (2.6091ms)
✔ ownership evidence fails closed: create without a recordable store surfaces the created id instead of orphaning it (review finding 7) (1.7933ms)
✔ provider adapter builds the exact RingCentral subscription requests over the shared client (2.4545ms)
{"level":"info","time":"2026-09-19T05:16:48.720Z","service":"vantage-main-server","env":"development","msg":"ringcentral.webhook.received","receivedAt":"2026-09-19T05:16:48.710Z","method":"POST","validationTokenPresent":true,"contentType":"application/json","userAgent":"node","eventHeaders":{},"subscriptionId":null,"telephonySessionId":null,"partyId":null,"event":"/restapi/v1.0/account/~/telephony/sessions"}
{"level":"info","time":"2026-09-19T05:16:48.743Z","service":"vantage-main-server","env":"development","msg":"ringcentral.webhook.capture.mongo_unavailable_logged","capture":{"provider":"ringcentral","receivedAt":{},"validationTokenPresent":true,"headers":{"host":"127.0.0.1:56104","connection":"keep-alive","content-type":"application/json","validation-token":"synthetic-validation","accept":"*/*","accept-language":"*","sec-fetch-mode":"cors","user-agent":"node","accept-encoding":"gzip, deflate","content-length":"80"},"rawBody":{"uuid":"echo-1","event":"/restapi/v1.0/account/~/telephony/sessions","body":{}},"normalizedPreview":{"subscriptionId":null,"event":"/restapi/v1.0/account/~/telephony/sessions","uuid":"echo-1","timestamp":null,"telephonySessionId":null,"sessionId":null,"partyId":null,"direction":null,"statusCode":null,"fromPhoneNumber":null,"fromName":null,"toPhoneNumber":null,"toName":null,"extensionId":null,"extensionNumber":null},"uuid":"echo-1","event":"/restapi/v1.0/account/~/telephony/sessions"}}
{"level":"info","time":"2026-09-19T05:16:48.746Z","service":"vantage-main-server","env":"development","msg":"ringcentral.webhook.processing.disabled","subscriptionId":null,"telephonySessionId":null}
{"level":"info","time":"2026-09-19T05:16:48.821Z","service":"vantage-main-server","env":"development","msg":"ringcentral.webhook.received","receivedAt":"2026-09-19T05:16:48.821Z","method":"POST","validationTokenPresent":false,"contentType":"application/json","userAgent":"node","eventHeaders":{},"subscriptionId":null,"telephonySessionId":null,"partyId":null,"event":null}
{"level":"info","time":"2026-09-19T05:16:48.822Z","service":"vantage-main-server","env":"development","msg":"ringcentral.webhook.capture.mongo_unavailable_logged","capture":{"provider":"ringcentral","receivedAt":{},"validationTokenPresent":false,"headers":{"host":"127.0.0.1:56104","connection":"keep-alive","content-type":"application/json","accept":"*/*","accept-language":"*","sec-fetch-mode":"cors","user-agent":"node","accept-encoding":"gzip, deflate","content-length":"27"},"rawBody":{"uuid":"echo-2","body":{}},"normalizedPreview":{"subscriptionId":null,"event":null,"uuid":"echo-2","timestamp":null,"telephonySessionId":null,"sessionId":null,"partyId":null,"direction":null,"statusCode":null,"fromPhoneNumber":null,"fromName":null,"toPhoneNumber":null,"toName":null,"extensionId":null,"extensionNumber":null},"uuid":"echo-2"}}
{"level":"info","time":"2026-09-19T05:16:48.823Z","service":"vantage-main-server","env":"development","msg":"ringcentral.webhook.processing.disabled","subscriptionId":null,"telephonySessionId":null}
✔ validation echo: the route echoes Validation-Token on a 200 and fans out only a durable receipt (462.8061ms)
✔ generated MCP prompt, envelope and every tool exactly match server authority (110.2225ms)
✔ closed tool arguments reject authority, operators, arbitrary URLs and excessive pages (23.9829ms)
✔ owner-added operational record kinds are citable through the authoritative strict envelope (3.4112ms)
✔ RingCentral search derives account/phone, bounds pages and excludes unrelated/provider-private content (41.4637ms)
✔ RingCentral reads disabled by default; invalid bounds and caller-supplied authority never reach provider (3.4033ms)
✔ call detail requires prior server admission and rechecks returned subject and id (8.9335ms)
✔ provider errors are coverage failures with no raw body; unknown pagination never claims complete (13.276ms)
✔ Job Timeline requires authorized resolved Lead and matching server-derived source (0.912ms)
✔ operational dataset facilitator is closed, paginated, revision-bound, and treats query as literal data (28.393ms)
✔ fixed provider HTTP adapter uses cached token GET only, no refresh, redirects, alternate host or unbounded body (31.8518ms)
✔ cursor cannot change run, filter, or smuggle a Mongo operator (15.8805ms)
✔ relevance derives only from authorized lead edges and full normalized number (3.3717ms)
✔ projection excludes operational secrets and redacts untrusted free text (3.0085ms)
✔ response contract retains unknown speaker and nullable timing and rejects extra authority (38.1636ms)
✔ missing, negative and invalid billed usage never becomes a known zero (15.2499ms)
✔ reservation covers all bounded inputs, reasoning/output and per-step cent rounding (2.9416ms)
✔ server money resolution accepts exact amounts and preserves ambiguity instead of guessing (0.7782ms)
✔ CSI-13 registered stages and authenticated cron share disabled gates before I/O (724.1931ms)
✔ phone equality is Likely; exact session authorizes only that interaction and account (4.1272ms)
✔ overlaps are ambiguous; nonoverlapping moves and outside-overlap events stay independent (2.6228ms)
✔ unique current Attached outranks candidates; competing Attached blocks; reject and detach persist (1.5498ms)
✔ Form and Call windows include boundaries; later snapshots never backdate identity (4.9809ms)
✔ actual attachment queue and five-minute cron registrations, disabled worker skips without Mongo (3.738ms)
✔ Owner attachment routes and cron recovery: authority, scope, flag, strict payload, CAS mapping and read-only GET (595.9872ms)
✔ eligibility: all five accepted contexts, both Lead models, exclusions and absent upstream inputs (4.5361ms)
✔ media stream hashes actual bytes, uses immutable account key and cleans transient file (162.9057ms)
✔ media rejects declared and streamed oversize, mismatched length/type and arbitrary audio (53.7968ms)
✔ Retry-After seconds, HTTP date and default (8.6499ms)
✔ text-only transcript retains unknown speakers and unavailable timing (41.9043ms)
✔ provider timing and actual speaker survive cross-boundary payment redaction (1.7818ms)
✔ invalid provider timing is unavailable; pricing is configured and rounded to integer cents (0.9629ms)
✔ CSI-12 five-minute cron, authentication, flag-off and default recovery/queue wiring (406.1002ms)
✔ CSI-11 queue stages, cron schedule, auth, flag-off and lease-held wiring (328.0556ms)
✔ CSI-11 modules never import qualification, Lead writers, budgets, STT or LLMs (8.3231ms)
✔ CSI route templates expand only the closed run paths and methods (13.9566ms)
✔ Owner analysis commands bind exact output and source evidence (8.7111ms)
✔ published DTO fixtures preserve undated and review-only rows and unknown coverage (1.6723ms)
✔ accepted policy defaults and invalid schedules (67.4418ms)
✔ strict commands allow undated independent actions and reject operational injection (35.9368ms)
✔ Grok review: empty channels/evidence and duplicate assessment are rejected; no locator gate (17.1143ms)
✔ all CSI model accessors honor isolated database routing without suffix collections (82.9882ms)
✔ signed run token requires scoped principal, live run, dataset, nonce, expiry, subject and tool (15.8584ms)
✔ single-attempt adapter never retries a non-idempotent submission, including 401/429/timeout (9.4355ms)
✔ Direct chat must have exactly the two reviewed people; supports provider member objects (22.2278ms)
✔ SMS and pager use JWT sender and correct endpoint contract (6.746ms)
✔ repair receipt requires exact ID, sender and Direct membership, not matching text/time (8.8273ms)
✔ repair receipt rejects a Direct chat response for a different chat ID (1.2876ms)
✔ body/customer destination policy handles canonical, formatted and full-width representations (9.3583ms)
✔ versioned templates limit customer identity; purpose/version/client chat are strict (34.771ms)
✔ optional channels default off (1.0624ms)
✔ documented nudge controls take precedence; aliases cannot widen an explicit channel allowlist (1.4123ms)
✔ nudge routes enforce signed Owner, feature, strict input, idempotency; GET never dispatches (772.1775ms)
✔ repair cron is authenticated, disabled without DB, registered every five minutes (103.2098ms)
✔ 30/15/1440 clocks, Friday close, Sunday, DST and independent weekly calendar (71.188ms)
✔ day-only waits end at close; Attention next opening; explicit Sunday honoured; ambiguity undated (30.0818ms)
✔ all three actions including undated; snooze preserves contractual overdue and other reasons (65.9945ms)
✔ inbound human versus missed/provider connected; attempts fulfill callback only and retain outcome (59.1717ms)
✔ wait coexistence, official closure precedence, planning denies stale and Owner effects (6.3388ms)
✔ worker, cron and recovery registrations exist without enabling production flags (1.7236ms)
✔ exact names remain proposed; alias ties, duplicate names, missing names and non-Users remain explicit (19.8511ms)
✔ account scope, half-open reassignment, retirement and review authority (15.1809ms)
✔ period validation compares instants and rejects unknown input keys (22.0609ms)
✔ registered identity worker is a flag-off no-op (7.2589ms)
✔ all five Rep routes enforce Owner, strict contracts, scope, flags and idempotency header (636.6527ms)
✔ minute recovery invokes registered bounded rep stage, honors flag and cron authentication (62.4329ms)
✔ call lead browse q includes Granot snapshot name (11.8263ms)
✔ call lead browse phone matches the typed string on live and snapshot paths (1.6621ms)
✔ Call Lead Search phone ORs live, ingested, and Granot snapshot paths (7.5886ms)
✔ Call Lead Search name ORs ingested and Granot name paths (2.701ms)
✔ Call Lead Search email ORs ingested and Granot email paths (0.9556ms)
✔ Call Lead Search keeps OR across phone, name, and email (0.6475ms)
✔ form lead browse q includes Granot snapshot name (9.5573ms)
✔ form lead browse name includes ingested and Granot name paths (1.6501ms)
✔ form lead browse email includes ingested and Granot email paths (1.16ms)
✔ form lead browse phone matches the typed string on live and snapshot paths (7.4412ms)
✔ form lead browse empty query finds all leads including duplicates (2.9459ms)
✔ form lead browse result card omits snapshot objects (1.5716ms)
✔ form lead search excludes duplicate quarantine leads by default (5.6958ms)
✔ form lead search includes duplicate quarantine leads when requested (0.8058ms)
{"level":"info","time":"2026-09-19T05:16:51.798Z","service":"vantage-main-server","env":"development","msg":"sheet_sync.drain.quota_deferral","spreadsheetId":"sheet-1","tabName":"Calls","writes":1}
✔ batches existing-row updates and new-row appends into one call each (5.9907ms)
✔ deletes rows in descending order in a single batchUpdate (2.7739ms)
✔ missing delete rows are an idempotent success (no API call) (0.9367ms)
✔ defers all writes when the read-quota reservation is denied (2.0777ms)
✔ partial failure: update call fails but appends still succeed (2.2003ms)
✔ append batches are split by configured row guardrail (1.8833ms)
✔ buildTabRowMap maps Mongo IDs to 1-based row numbers (0.6691ms)
✔ QuotaLimiter grants within budget and denies (with rollback) past it (3.141ms)
{"level":"info","time":"2026-09-19T05:16:53.883Z","service":"vantage-main-server","env":"development","msg":"sheet_sync.drain.call_lead.created_on_unmatched.skipped","leadId":"6aae1ac5387e5a9dee391abe"}
✔ jobPlanner registers mongoose models required for booked-lead populate (4.7514ms)
✔ planJobWrites turns a tombstone's previous_targets into delete writes (6.0742ms)
✔ planJobWrites skips tombstone targets with unknown headers (0.7958ms)
✔ planJobWrites limits retrying tombstones to target_hints (0.6384ms)
✔ planJobWrites returns a single empty plan when a tombstone has no targets (0.634ms)
✔ planJobWrites dual-writes bad form leads to Forms and Master Bad Leads (3.5918ms)
✔ planJobWrites deletes stale Master Bad Leads row when bad_lead is cleared (1.5559ms)
✔ planJobWrites deletes stale Calls row when duplicate call lead lacks sheet_sync metadata (2.2075ms)
✔ ordinary No-Sync Form deletes Forms only and does not upsert (1.4836ms)
✔ ordinary No-Sync Call deletes Calls only and does not upsert (1.39ms)
✔ Booking Chain + ordinary No-Sync Call upserts Booked Deals and deletes Calls (3.5072ms)
✔ Unmatched Call without no_sync stays an empty plan with no deletes (2.0366ms)
✔ no_sync + bad_lead matches today's Bad Form dual-write (2.1752ms)
✔ no_sync + Call duplicate matches today's Duplicate Calls plan (2.286ms)
✔ Form Duplicate upserts Duplicates and does not delete leftover Forms (1.093ms)
✔ no_sync + Form duplicate matches today's Form Duplicate plan (1.5031ms)
✔ clear no_sync on an ordinary Form upserts Forms (1.3315ms)
✔ isNoSyncLead is false for missing / false / null (1.6496ms)
✔ noSyncAppliesToNormalTabs is false when duplicate or bad_lead (0.5293ms)
{"level":"info","time":"2026-09-19T05:17:03.217Z","service":"vantage-main-server","env":"development","msg":"sheet_sync.outbox.enqueued","coalescingKey":"source_lead:FormLead:6aae1acfbb7e8b28acaf222d","resource":"source_lead","operation":"form_lead.create","jobId":"6aae1acfbb7e8b28acaf222e","dueAt":"2026-09-19T05:17:06.212Z","priority":60}
✔ enqueueSheetSyncJob writes a coalescing upsert keyed by entity (13.3036ms)
✔ enqueueSheetSyncJob threads the caller session for atomic commit (3.614ms)
✔ enqueueSheetSyncTombstone cancels the superseded upsert then writes the delete (1.6298ms)
✔ persistSheetSyncIntent only writes the outbox in queued mode (15.235ms)
{"level":"info","time":"2026-09-19T05:17:03.223Z","service":"vantage-main-server","env":"development","msg":"sheet_sync.outbox.enqueued","coalescingKey":"booking_chain:b1","resource":"booking_chain","operation":"booked_lead.update","jobId":"6aae1acfbb7e8b28acaf222f","dueAt":"2026-09-19T05:17:06.223Z","priority":80}
{"level":"info","time":"2026-09-19T05:17:03.227Z","service":"vantage-main-server","env":"development","msg":"sheet_sync.outbox.upsert_superseded_by_delete","supersededKey":"source_lead:CallLead:lead-1","cancelled":1}
{"level":"info","time":"2026-09-19T05:17:03.227Z","service":"vantage-main-server","env":"development","msg":"sheet_sync.outbox.tombstone_enqueued","coalescingKey":"delete_source_lead:CallLead:lead-1","resource":"delete_source_lead","operation":"call_lead.delete","jobId":"6aae1acfbb7e8b28acaf2230","mongoId":"lead-1"}
{"level":"info","time":"2026-09-19T05:17:03.236Z","service":"vantage-main-server","env":"development","msg":"sheet_sync.outbox.enqueued","coalescingKey":"source_lead:CallLead:lead-9","resource":"source_lead","operation":"call_lead.update","jobId":"6aae1acfbb7e8b28acaf2231","dueAt":"2026-09-19T05:17:06.236Z","priority":50}
✔ syncSourceLead evaluates no_sync before unmatched and deletes ordinary tabs without the facade (29.5631ms)
✔ projects tariff rows into Timestamp through Carrier columns (10.9551ms)
✔ resolves a Granot Carrier Code to the Moving Carrier name and DOT (22.5668ms)
✔ appends both service rows with resolved Carrier and never upserts by identifier (4.0922ms)
✔ appends Linehaul plus a free-text Service row (5.7285ms)
✔ refuses an empty append (2.2683ms)
✔ hasBbbRedaction detects BBB PII redaction tokens (2.1585ms)
✔ listTestimonialsQuerySchema coerces pagination and boolean filters (6.4562ms)
✔ buildTestimonialFilter applies only provided query flags (2.1333ms)
✔ adminTestimonialsQuerySchema coerces admin filters and sort direction (5.9648ms)
✔ buildAdminTestimonialFilter applies reviewer, rating, customer, and date filters (1.5551ms)
✔ listTestimonials returns paginated landing-page items (2.1188ms)
✔ listAdminTestimonials returns admin fields and applies requested sort (2.239ms)
✔ listAdminTestimonialReviewerNames returns sorted unique non-empty names (2.8356ms)
{"level":"warn","time":"2026-09-19T05:17:06.421Z","service":"vantage-main-server","env":"development","msg":"source_lead.update.booking_missing","operation":"call_lead.update","leadModel":"CallLead","leadId":"6aae1ad289b4176bd3aa9d57","bookingId":"6aae1ad289b4176bd3aa9d58"}
✔ booked call lead refreshes attached booking customer and local (24.2902ms)
✔ booked form lead refreshes attached booking customer and local (3.6716ms)
✔ unbooked lead keeps source lead sync target (1.7302ms)
✔ stale booking reference falls back to source lead sync (3.1456ms)
✔ mismatched booking reference falls back to source lead sync (2.562ms)
{"level":"warn","time":"2026-09-19T05:17:06.425Z","service":"vantage-main-server","env":"development","msg":"source_lead.update.booking_mismatch","operation":"call_lead.update","leadModel":"CallLead","leadId":"6aae1ad289b4176bd3aa9d59","bookingId":"6aae1ad289b4176bd3aa9d5a","bookingLeadModel":"FormLead","bookingLeadId":"6aae1ad289b4176bd3aa9d5b"}
✔ V1ServiceError preserves the original (message, statusCode = 400) constructor signature (2.4944ms)
✔ V1ServiceError is an AppError (single instanceof handles both legacy and typed throws) (0.6136ms)
✔ V1ServiceError keeps its historical `name` so existing log filters match (0.2707ms)
✔ V1ServiceError maps its statusCode onto a stable error code for logs (0.4742ms)
✔ parseFloridaCalendarDate stores YYYY-MM-DD as Florida calendar midnight UTC (3.4701ms)
✔ formatFloridaCalendarDate renders stored calendar dates without local timezone drift (0.5485ms)
✔ floridaCalendarToday uses the America/New_York calendar day (0.786ms)
✔ floridaCalendarDateInputValue returns YYYY-MM-DD in Florida time (0.33ms)
✔ toFloridaTimestamp stores Eastern daylight time clock components (0.5279ms)
✔ toFloridaTimestamp stores Eastern standard time clock components (0.296ms)
✔ easternDateTimeParts reads America/New_York wall clock in standard and daylight time (1.5427ms)
✔ easternWallClockToUtc maps 8:00 AM Eastern to the matching UTC instant (0.8762ms)
✔ escapeSheetTitleForRange wraps plain titles in single quotes (1.848ms)
✔ escapeSheetTitleForRange doubles single quotes inside a sheet title (0.4107ms)
✔ escapeSheetTitleForRange preserves whitespace and non-quote punctuation (0.2303ms)
✔ extractRowNumberFromRange parses single-cell updates (0.3418ms)
✔ extractRowNumberFromRange parses appended row ranges (0.3155ms)
✔ extractRowNumberFromRange returns undefined for missing or malformed input (0.2744ms)
✔ generateLeadId returns unique established-format identifiers (3.7176ms)
✔ parseGranotCityState accepts multi-word cities and normalizes state (3.3152ms)
✔ Granot location parsing rejects placeholder and malformed values (0.9111ms)
✔ isObjectIdString accepts 24-char hex ids (2.1617ms)
✔ toObjectId parses hex strings (2.5513ms)
✔ toObjectIdOrUndefined maps empty values to undefined (0.3897ms)
✔ job-number-timeline loader does not value-import ObjectId from mongodb (1.359ms)
✔ newObjectIdHex returns a distinct 24-char hex id (3.5965ms)
✔ normalizePhoneNumberForStorage strips US formatting and leading country code (1.9883ms)
✔ normalizePhoneNumberForStorage preserves unrecognized phone values (0.4684ms)
✔ normalizePhoneNumberForStorage preserves explicit foreign numbers (0.3975ms)
✔ normalizePhoneNumberForMatch keeps existing last-ten-digits matching behavior (0.4227ms)
✔ normalizePhoneNumberForMatch uses full foreign number digits (0.3574ms)
✔ rep promise and customer callback request stay distinct kinds (17.8878ms)
✔ multiple commitments accept an undated action without inventing a due date (2.2079ms)
✔ voicemail with unknown speaker is valid and is not human conversation (1.476ms)
✔ contact restriction is schema-valid without closing Outreach (1.7396ms)
✔ owner-instruction disagreement cites the exact instruction revision (8.991ms)
✔ rejects extra operational fields on the envelope and nested objects (3.1235ms)
✔ rejects malformed evidence references (6.1609ms)
✔ rejects unknown finding kinds, duplicate keys, and dangling finding_keys (17.4302ms)
✔ schema validation does not authorize evidence or apply business effects (1.4662ms)
✔ enforces document 10 engineering bounds (8.1025ms)
✔ createCallLeadSchema accepts a job_no-only call lead (7.9665ms)
✔ updateFormLeadSchema accepts canonical pickup and delivery cities (2.8475ms)
✔ createCallLeadSchema rejects call leads without phone_number or job_no (1.3539ms)
✔ createBookedLeadFromSourceSchema accepts CallLead booking with only call_job_no (2.4412ms)
✔ createReferralBookingSchema accepts owner-facing referral booking fields (1.2698ms)
✔ createReferralBookingSchema accepts optional customer_phone (0.3879ms)
✔ createBookedLeadFromSourceSchema accepts optional customer contact fields (1.3863ms)
✔ createCustomerSchema accepts name-only customers (0.6748ms)
✔ createReferralBookingSchema rejects server-owned referral source fields (0.7843ms)
✔ createLeadlessBookingSchema accepts owner-facing leadless booking fields (1.4076ms)
✔ createLeadlessBookingSchema accepts booking without customer contact fields (0.3139ms)
✔ createLeadlessBookingSchema rejects server-owned leadless flags (0.3122ms)
✔ createBookedLeadSchema accepts FormLead booking by Mongo id without job_no (1.7532ms)
✔ createBookedLeadFromSourceSchema accepts transient CallLead booking phone (0.3977ms)
✔ createBookedLeadFromSourceSchema accepts CallLead booking with only phone on Best Relocation import (0.2534ms)
✔ createBookedLeadFromSourceSchema rejects Owner Call Lead booking with only phone (0.3879ms)
✔ createBookedLeadFromSourceSchema rejects CallLead booking without job or phone (0.3615ms)
✔ createFormLeadSchema does not accept duplicate from clients (2.8935ms)
✔ createFormLeadSchema does not accept bad_lead from clients (0.5559ms)
✔ createFormLeadSchema accepts optional lid from clients (0.5654ms)
✔ createFormLeadSchema accepts Best Relocation UUID identity and sheet flags (0.5876ms)
✔ createFormLeadSchema rejects malformed lid values (0.5987ms)
✔ updateFormLeadSchema accepts duplicate for backfill and admin patches (0.3193ms)
✔ updateFormLeadSchema accepts and clears bad_lead reasons (0.6915ms)
✔ createFormLeadSchema accepts optional wordpress_submission_key (1.3537ms)
✔ createFormLeadSchema defaults post_to_granot to false when omitted (0.3879ms)
✔ createFormLeadSchema defaults an omitted or blank ref_no (0.7578ms)
✔ createFormLeadSchema accepts first and last name without name (0.4904ms)
✔ createFormLeadSchema rejects payloads without any name fields (0.3928ms)
✔ createFormLeadSchema accepts post_to_granot boolean false (0.3577ms)
✔ createFormLeadSchema accepts post_to_granot string false (0.317ms)
✔ createFormLeadSchema accepts boolean sms_consent (0.4905ms)
✔ createFormLeadSchema coerces string sms_consent values (0.3198ms)
✔ createFormLeadSchema accepts typo emails as plain strings (0.2469ms)
✔ createCallLeadSchema does not accept server-owned flags from clients (0.3547ms)
✔ createCallLeadSchema accepts imported qualification flags (0.2559ms)
✔ createCallLeadSchema accepts optional first and last name (0.2676ms)
✔ createCallLeadSchema accepts Best Relocation Inbounds webhook payload (0.5172ms)
✔ bookedCallLeadReconciliationBatchSchema accepts Booked Jobs CRM rows (1.5946ms)
✔ CallLead model validates job_no-only identity (13.6241ms)
✔ CallLead model stores form_fill when computed by the service (1.9176ms)
✔ BookedLead model validates phone-only CallLead bookings without job_no (7.6357ms)
✔ BookedLead model validates leadless referral bookings (2.2312ms)
✔ BookedLead model validates leadless bookings without lead linkage (2.3684ms)
✔ BookedLead model still requires lead linkage for non-referral bookings (3.4695ms)
✔ FormLead model stores duplicate quarantine flag (3.8097ms)
✔ FormLead model stores bad_lead enum values (1.9622ms)
✔ FormLead model and update validation support lossless legacy bad-tab provenance (2.2596ms)
✔ FormLead model rejects unknown bad_lead values (2.0341ms)
✔ FormLead model defaults missing state fields to not_found (1.2491ms)
✔ CallLead model rejects identity-less documents (1.6258ms)
✔ FormLead model accepts receiver_agent provenance fields (1.7536ms)
✔ FormLead model rejects an unknown receiver_agent_source value (1.7264ms)
✔ CallLead model accepts receiver_agent provenance fields (1.5049ms)
✔ updateFormLeadSchema accepts receiver_agent linking fields (0.5121ms)
✔ updateCallLeadSchema accepts receiver_agent linking fields (2.0895ms)
✔ searchFormLeadsSchema accepts typo emails as plain strings (1.2464ms)
✔ searchFormLeadsSchema accepts include_duplicates to search quarantined leads (0.3184ms)
✔ resolveGranotFormLeadSchema keeps provider refs and requires a Granot source (0.9166ms)
✔ granotFormLeadSyncSchema separates the patch from its source precondition (4.4551ms)
✔ browseFormLeadsQuerySchema allows an empty query (view all) with defaults (1.1338ms)
✔ browseFormLeadsQuerySchema accepts a standalone source_company filter (0.2545ms)
✔ browseFormLeadsQuerySchema coerces booked and limit query strings (0.357ms)
✔ browseFormLeadsQuerySchema rejects unknown keys (0.3014ms)
✔ browseCallLeadsQuerySchema accepts job_no and full-text q (1.0257ms)
✔ [AC-07] [AC-10] public/admin Form create and patch reject internal lifecycle metadata (6.959ms)
✔ [AC-12] public/admin Call create and patch reject internal lifecycle metadata (5.0095ms)
✔ create and update Form and Call schemas accept optional no_sync (0.9499ms)
✔ [AC-07] ordinary Form create still requires move_size; ordinary Call still requires phone or job_no (0.7771ms)
✔ create and update Cancellation schemas reject client-supplied correlation snapshots (31.6255ms)
✔ reconciliation list query accepts owner_booking origin (17.6173ms)
✔ create-and-attach validates Form Lead fields for its selected model (12.2022ms)
✔ create-and-attach requires Phone or Job Number for a Call Lead (2.1122ms)
✔ [AC-31] foundation activation input is strict and bounded (6.3293ms)
✔ [AC-37] requeue reason is strict 10-500 and rejects unknown keys (3.5795ms)
✔ [AC-35] portion lifecycle error envelopes stay raw-free (1.3485ms)
✔ [AC-34] extension apply item requires lowercase UUID v4 and raw statement scalars (5.6522ms)
✔ [AC-02] batch rejects duplicate operation IDs and more than 100 items (1.6095ms)
✔ [AC-23][AC-35][AC-36] discrepancy filters and Owner bodies are strict and revision guarded (8.7177ms)
✔ receipt search query is strict, normalizes identity, and implies booking_status_changed (6.1725ms)
✔ [AC-18] [AC-19] case list query is strict, bounded, and validates date order (4.5477ms)
✔ [AC-35] candidate and timeline queries reject unsafe cursor/contact shapes (2.1698ms)
✔ [AC-40] Lead timeline accepts only the exact model union and ObjectId (1.1951ms)
✔ [AC-22] confirm Booking input is strict and validates exact official cents (4.6459ms)
✔ Connect Booking to Lead input is strict and requires selected_lead (2.3403ms)
✔ Connect candidate query allows empty q and rejects unknown keys (1.1994ms)
✔ [AC-28] Referral Booking input accepts only case revision and strict official details (2.3699ms)
✔ [AC-22] confirm Booking accepts one or two unique Agents and rejects a matching secondary (0.8138ms)
✔ [AC-24] update Booking is a strict complete replacement with both revisions (1.4747ms)
✔ [AC-20] Booking No Action reasons are independently optional and strict (1.11ms)
✔ [AC-25] Confirm Cancellation accepts only strict official fields with exact date and cents (1.2958ms)
✔ lead message admin query applies bounded pagination (13.8946ms)
✔ manual retry requires explicit confirmation (2.6074ms)
✔ Simple CPL validation requires revisions and cents-precise nonnegative amounts (13.3585ms)
✔ Advanced CPL validation accepts only explicit discriminated commands (3.0731ms)
✔ Correction preview validates an inclusive ordered business-date window (2.4959ms)
✔ catalog update accepts Granot username correction with optional reason (9.1645ms)
✔ catalog update rejects reason-only payloads (2.3966ms)
✔ Source Company writes reject embedded granularities and compatibility defaults (4.1114ms)
✔ Source Granularity create requires a first-class company ObjectId (6.1181ms)
✔ Source Granularity update rejects immutable identity fields (3.8272ms)
✔ source activation and resolution preview parse contract fields (3.0892ms)
✔ createTariffAdjustmentsSchema accepts two shared-field service rows (11.8938ms)
✔ createTariffAdjustmentsSchema accepts a Linehaul-only payload (0.9389ms)
✔ createTariffAdjustmentsSchema accepts Linehaul plus an owner-written service (1.1341ms)
✔ createTariffAdjustmentsSchema accepts three matching rows (1.5676ms)
✔ createTariffAdjustmentsSchema allows omitted effective_date when all rows omit it (0.9178ms)
✔ createTariffAdjustmentsSchema rejects an empty rows array (3.7569ms)
✔ createTariffAdjustmentsSchema rejects more than 20 rows (2.7918ms)
✔ createTariffAdjustmentsSchema requires at least one Linehaul row (0.7413ms)
✔ createTariffAdjustmentsSchema requires shared fields to match (0.7791ms)
✔ createTariffAdjustmentsSchema rejects three rows with a mismatched pickup_zone (0.8995ms)
✔ createTariffAdjustmentsSchema requires a 5-digit ZIP and a carrier (1.6503ms)
✔ createTariffAdjustmentsSchema rejects a Service and Rule that are not a Drop Downs pair (1.6054ms)
✔ createTariffAdjustmentsSchema rejects customer and job identifiers (7.2468ms)
ℹ tests 2544
ℹ suites 13
ℹ pass 2430
ℹ fail 0
ℹ cancelled 0
ℹ skipped 114
ℹ todo 0
ℹ duration_ms 422132.3066
