
> vantage_movers_server@1.0.0 test C:\Users\Pinda\Proyectos\vantage\vantage-main-server
> node --import tsx --import ./ops/test-setup.ts --test "src/**/*.test.ts" "api/queues/**/*.test.ts" "scripts/api/*.test.ts" "scripts/migrations/cancellation-correlation-snapshots.lib.test.ts" "scripts/migrations/wordpress-form-submission-receipts.lib.test.ts" "scripts/migrations/extension-user-roles-sales-backfill.lib.test.ts" "scripts/migrations/extension-user-roles-array.lib.test.ts" "scripts/migrations/form-lead-unknown-state-local.lib.test.ts" "scripts/prototypes/lead-conversion-and-granot-search/**/*.test.ts" "scripts/prototypes/job-number-timeline/**/*.test.ts"

✔ consumer accepts only { receipt_id } (6.4847ms)
✔ vercel.json registers queue/v2beta topic granot-lifecycle-events* (1.0278ms)
✔ consumer accepts only { job_id } (8.0525ms)
✔ vercel.json registers queue/v2beta topic sales-intelligence-events* (0.9313ms)
✔ loadVantageApiConfig requires VANTAGE_API_SECRET (4.48ms)
✔ loadVantageApiConfig defaults to production and never echoes the secret (0.5505ms)
✔ production write guard (1.4525ms)
✔ buildVantageApiUrl joins path and query (2.9202ms)
✔ historical analysis stamps only surviving Booking job evidence (35.1628ms)
✔ historical analysis leaves missing Booking links as remainder (0.6437ms)
✔ historical analysis does not infer a job from a Booking without job fields (2.4521ms)
✔ already-stamped historical rows are not remainder and are not reapplied (0.6742ms)
✔ inventory summary lists remainder ids only (3.2347ms)
✔ roles-array report maps leftover singular role per spec §3.3 (4.0899ms)
✔ already-has-roles rows do not bump token_version and will not apply (0.5628ms)
✔ roles-array summary counts convert versus already-has-roles (0.8683ms)
✔ sales backfill remaps the three production Employee emails and increments token_version (3.1463ms)
✔ sales backfill is a no-op when those emails are already Sales (0.5237ms)
✔ sales backfill leaves jbell, kylm, and ringram unchanged (0.486ms)
✔ sales backfill summary counts remap versus leave-alone rows (0.4561ms)
✔ September 2026 window is the Florida-stamped calendar month (6.5202ms)
✔ filter is Form Leads in the month with a not_found state (1.9727ms)
✔ classify marks long_distance unknown-state rows for update (0.7437ms)
✔ classify skips rows that are already local (0.3364ms)
✔ summary counts needs_update versus already_local (0.4748ms)
✔ unique idempotency index is named and unique (5.9988ms)
✔ report-first index inventory names present vs missing (0.6477ms)
✔ CLI unknown flags fail closed (4.9789ms)
✔ CLI production gate (1.037ms)
✔ CLI render requires --job-no (0.671ms)
✔ CLI and load stay zero-mutation (2.3442ms)
✔ CLI render uses the production module (2.1463ms)
✔ Discover score (89.8958ms)
✔ activity grouping preserves every event id (54.6447ms)
✔ proof notes alias Job Numbers and pick required shapes (25.6386ms)
✔ collection count deltas stay empty when counts match (2.3261ms)
✔ percentile uses the ceiling rank (0.7757ms)
✔ observation Job filter remaps equivalentNormalizedJobFilter onto identity.normalized_job_no (2.0164ms)
✔ successful text is accepted, sent, or delivered (1.9325ms)
✔ conversion rate is zero when the cohort is empty (6.8204ms)
✔ two successful messages for one Lead count once (0.4615ms)
✔ SMS booked rate is booked among successfully texted Leads, not all Leads (1.1011ms)
✔ receiver-agent booked and cancelled both use received Leads as the denominator (1.6416ms)
✔ blank Job Number is rejected before any search (3.0052ms)
✔ Booked / Releas without booking_status_changed is rejected (1.373ms)
✔ equivalent Job Numbers resolve to the same hit set (25.9689ms)
✔ event class keeps route_event_class, not payload event_type aliases (0.5663ms)
✔ booking_status_changed Booked and Releas are two granularities (0.6482ms)
✔ Priority 5 is not Booked (1.0468ms)
✔ latest Decision attempt only, and commands attach by observation provenance (0.4918ms)
✔ a command on another Job does not leak into this Job's timeline seed (0.4945ms)
✔ matching roles set authenticates even when order differs (1.7355ms)
✔ set mismatch, missing roles, missing version, email drift, inactive, and deleted fail (0.5463ms)
✔ leftover employee stored role matches Sales plus Customer Service claims (0.342ms)
✔ refresh rejects a stale token_version (0.4215ms)
✔ issueTokens writes roles and token_version onto the access token (15.0996ms)
✔ PublicExtensionUser is id, email, and roles (0.5904ms)
✔ getExtensionUserFromAccessToken uses the matcher through an injected lookup (2.9195ms)
✔ access token includes roles and token_version (11.17ms)
✔ singular role tokens and missing claims fail access verify (5.0354ms)
✔ isAccessTokenPayload requires current roles and numeric token_version (1.3422ms)
✔ refresh token still signs and verifies sub plus token_version (3.8136ms)
✔ hasExtensionRole Owner checks pass for Owner unions and fail for Sales plus Customer Service (0.4409ms)
✔ lead sheet headers include booked date on Forms and Calls tabs (2.0637ms)
✔ call sheet headers omit owner-hidden descriptive and location columns (0.5878ms)
✔ lead sheet configuration includes duplicate and form fill surfaces (0.322ms)
✔ source label mapping accepts Granot compact BestRelocation labels (0.5087ms)
✔ top10_leads sheet label is Top 10 Forms while legacy labels still resolve (0.6389ms)
✔ 10 Best inbound labels resolve to tbm_leads (0.3887ms)
✔ GetMovers labels resolve to get_movers_leads (0.4787ms)
✔ Paid Overflow labels resolve to paid_overflow (0.3706ms)
✔ lead sheet source company labels are precise by lead type (0.66ms)
✔ getBookingReconciliationConfig defaults rematch reasons to matching_unavailable and no_match (3.9915ms)
✔ parseBookingReconciliationReasons rejects unknown values (1.6123ms)
✔ getBookingReconciliationConfig reads configured delays and limits (1.1739ms)
{"level":"info","time":"2026-09-19T02:52:37.691Z","service":"vantage-main-server","env":"development","msg":"operations_registry.compatibility_read","observability_level":"info","category":"admin","workflow":"operations_registry"}
{"level":"info","time":"2026-09-19T02:52:57.743Z","service":"vantage-main-server","env":"development","msg":"operations_registry.compatibility_read","observability_level":"info","category":"admin","workflow":"operations_registry"}
{"level":"info","time":"2026-09-19T02:53:17.807Z","service":"vantage-main-server","env":"development","msg":"operations_registry.compatibility_read","observability_level":"info","category":"admin","workflow":"operations_registry"}
{"level":"info","time":"2026-09-19T02:53:37.852Z","service":"vantage-main-server","env":"development","msg":"operations_registry.compatibility_read","observability_level":"info","category":"admin","workflow":"operations_registry"}
✔ simple-rate sources return their configured CPL for both form and call leads (80270.2049ms)
{"level":"info","time":"2026-09-19T02:53:57.919Z","service":"vantage-main-server","env":"development","msg":"operations_registry.compatibility_read","observability_level":"info","category":"admin","workflow":"operations_registry"}
{"level":"info","time":"2026-09-19T02:54:17.947Z","service":"vantage-main-server","env":"development","msg":"operations_registry.compatibility_read","observability_level":"info","category":"admin","workflow":"operations_registry"}
{"level":"info","time":"2026-09-19T02:54:37.976Z","service":"vantage-main-server","env":"development","msg":"operations_registry.compatibility_read","observability_level":"info","category":"admin","workflow":"operations_registry"}
{"level":"info","time":"2026-09-19T02:54:58.026Z","service":"vantage-main-server","env":"development","msg":"operations_registry.compatibility_read","observability_level":"info","category":"admin","workflow":"operations_registry"}
{"level":"info","time":"2026-09-19T02:55:18.043Z","service":"vantage-main-server","env":"development","msg":"operations_registry.compatibility_read","observability_level":"info","category":"admin","workflow":"operations_registry"}
✔ best_relocation_leads splits form CPL by local vs long_distance but not call CPL (100165.5004ms)
✔ not_provided always reports CPL 0 without querying CplRate (30021.2889ms)
{"level":"info","time":"2026-09-19T02:56:08.078Z","service":"vantage-main-server","env":"development","msg":"operations_registry.compatibility_read","observability_level":"info","category":"admin","workflow":"operations_registry"}
{"level":"info","time":"2026-09-19T02:56:28.086Z","service":"vantage-main-server","env":"development","msg":"operations_registry.compatibility_read","observability_level":"info","category":"admin","workflow":"operations_registry"}
{"level":"info","time":"2026-09-19T02:56:48.109Z","service":"vantage-main-server","env":"development","msg":"operations_registry.compatibility_read","observability_level":"info","category":"admin","workflow":"operations_registry"}
✔ legacy source labels are normalized before CPL lookup (60050.7245ms)
{"level":"info","time":"2026-09-19T02:57:08.140Z","service":"vantage-main-server","env":"development","msg":"operations_registry.compatibility_read","observability_level":"info","category":"admin","workflow":"operations_registry"}
{"level":"info","time":"2026-09-19T02:57:18.150Z","service":"vantage-main-server","env":"development","msg":"operations_registry.compatibility_read","observability_level":"info","category":"admin","workflow":"operations_registry"}
✔ falls back to canonical defaults when Mongo is unreachable (20027.1531ms)
✔ missing Redis URL or token returns a null client (3.1832ms)
✔ UPSTASH_* names construct a client and KV_* aliases do too (3.7729ms)
✔ read-only token, KV_URL, and REDIS_URL are not used for the client (0.6609ms)
✔ test runner never publishes Daily Operations Redis writes (0.7597ms)
✔ TEST_MODE also keeps Daily Operations Redis publish off (1.1499ms)
✔ missing credentials keep publish off even outside the TEST_MODE flag (0.8609ms)
✔ Redis stream key uses VERCEL_ENV production or preview, otherwise local (1.7965ms)
✔ collection names use the test prefix in the test runner (1.9733ms)
✔ parseEmployeeBookingAutoMatchRules preserves Exact Job Booking Attach order (3.7244ms)
✔ parseEmployeeBookingAutoMatchRules accepts none (0.6785ms)
✔ parseEmployeeBookingAutoMatchRules rejects duplicates (1.0593ms)
✔ parseEmployeeBookingAutoMatchRules rejects retired phone, LID, and email rules (0.6397ms)
✔ getEmployeeBookingMatchingConfig defaults to Exact Job Booking Attach (0.9126ms)
✔ getEmployeeBookingMatchingConfig reads env values (0.6754ms)
✔ snapshotEmployeeBookingAutoMatchPolicy uses parsed config, not a raw env string (0.6511ms)
✔ Google service account env var name constants match the production / test names (1.6332ms)
✔ Google service account env var selectors swap to the *_TEST_* names in test mode (1.2106ms)
✔ completion redirect must match configured trusted admin origin (2.6252ms)
✔ localhost completion redirect is rejected in production (0.5818ms)
✔ production detection follows NODE_ENV and VERCEL_ENV (0.7249ms)
✔ owner email allowlist keeps the primary identity and unions extras (1.9707ms)
✔ owner email allowlist rejects blank or duplicate extras (0.7232ms)
✔ [AC-31] foundation execution mode is historical without activation and permanent before cutoff (1.9116ms)
✔ [AC-31] foundation channel never changes execution mode (0.43ms)
✔ lifecycle flags default to processing true, shadow true, and all effects false (1.8371ms)
✔ malformed lifecycle flag values fail closed (0.9881ms)
✔ blank Granot webhook secret is treated as missing configuration (2.3285ms)
✔ lifecycle queue topic is environment scoped (0.8243ms)
✔ lifecycle queue publishing stays off in the test runner and unapproved environments (0.703ms)
✔ lead messaging mode defaults invalid and missing values to disabled (2.6457ms)
✔ lead messaging credentials use only definite environment variables (2.2717ms)
✔ lead messaging queue topic is environment scoped and test-safe (0.946ms)
✔ Granot create-if-missing SMS stays off unless the env flag is an explicit boolean true (8.8783ms)
✔ quiet-hours scheduling is off unless the env flag is exactly true (1.1932ms)
✔ lead messaging abuse guards have safe defaults and env overrides (1.7583ms)
✔ a successful confirmation text is accepted, sent, or delivered (0.7273ms)
✔ observability is disabled inside the test runner even with opt-in flags (2.9723ms)
✔ node test runner disables observability writes even when explicitly allowed (0.9681ms)
✔ bootstrap test runner marker survives env cleanup (1.1128ms)
✔ ALLOW_TEST_OBSERVABILITY is ignored on Vercel runtimes (6.171ms)
✔ zip-state and auth capture flags are off while observability is disabled (1.8773ms)
✔ node test runner always forces test observability collections (1.1113ms)
✔ write mode parses values while test runner still blocks collection writes (1.342ms)
✔ collection names follow runtime TEST_MODE by default (3.1138ms)
✔ collection mode production/test override TEST_MODE (1.7822ms)
✔ collection prefix is applied to default names (0.931ms)
✔ custom collection mode cannot override forced test collections in the test runner (2.4465ms)
✔ event min level and info capture gate persistence (1.5507ms)
✔ owner-visible info events can bypass general info suppression (0.7822ms)
✔ email mode defaults to log_only and immediate levels default to critical (0.9094ms)
✔ owner events parse from csv (0.5123ms)
✔ config validation keeps test collections under custom mode in the test runner (0.7477ms)
✔ Google reporting delivery kill switch is fail-closed (1.6905ms)
✔ Google reporting delivery kill switch accepts only explicit true (0.3757ms)
✔ isTestMode is true only for the literal string 'true' after trim/lowercasing (3.0259ms)
✔ shouldWriteSourceLeadSheets is false by default and only true for the literal 'true' (0.9865ms)
✔ getMongoDatabaseName swaps between the prod and test databases on TEST_MODE (0.6425ms)
✔ getRuntimeSheetContainerEnvVar prefixes TEST_ in test mode and is identity otherwise (0.4696ms)
✔ getRequiredEnv throws when the env var is missing or blank, with the var name in the message (1.1343ms)
✔ sheet container id helpers route through the TEST_-prefixed env var in test mode (0.8899ms)
✔ getSourceLeadSheetContainerId returns undefined for not_provided (no source sheet env var) (0.2191ms)
✔ getSourceLeadSheetContainerId returns undefined for paid_overflow (Master Sheets only) (0.2031ms)
✔ getSheetSyncMode defaults to legacy and parses known values (4.5274ms)
✔ queue topic is env-scoped and overridable (1.056ms)
✔ budgets default below documented Google limits and parse overrides (1.4541ms)
✔ drain guardrails default to fast queue draining and parse overrides (1.0143ms)
✔ shouldPublishSheetSyncQueue stays off outside production Vercel (1.1153ms)
✔ isVercelFunctionRuntimeEnv requires hosted runtime markers (0.8847ms)
✔ shouldPublishSheetSyncQueue is always off during the test runner (0.9121ms)
✔ shouldPublishSheetSyncQueue keeps test runner guard after env cleanup (1.4942ms)
✔ coalescing keys follow the design doc shape (0.8467ms)
✔ delete resources supersede their matching upsert keys (0.7673ms)
✔ priority ordering: deletes > booking > cancellation > create > update (0.6533ms)
✔ maps Initial Price cubic feet onto the Drop Downs Linehaul ranges (1.6889ms)
✔ treats Binding Estimate Fee as automatic, not an owner dropdown (0.4328ms)
✔ rules for a Service stay inside that Service (1.5666ms)
{"level":"info","time":"2026-09-19T02:52:16.063Z","service":"vantage-main-server","env":"development","msg":"logger.test.circular","data":{"name":"ring","self":"[Circular]"}}
✔ logger does not throw when an object passed to info() contains a circular reference (4.2836ms)
✔ logger does not throw when an object passed to info() contains BigInt values (0.5602ms)
✔ logger does not throw when err key is a non-Error value (0.7948ms)
✔ logger does not throw when given undefined or null payloads (0.4018ms)
✔ logger exposes the pino API the codebase relies on (0.3414ms)
{"level":"info","time":"2026-09-19T02:52:16.068Z","service":"vantage-main-server","env":"development","msg":"logger.test.bigint","pos":1234567890123456789,"neg":-9876543210123456789}
{"level":"error","time":"2026-09-19T02:52:16.068Z","service":"vantage-main-server","env":"development","err":"plain string error","msg":"logger.test.string_err"}
{"level":"error","time":"2026-09-19T02:52:16.069Z","service":"vantage-main-server","env":"development","err":{"code":"E_BAD","details":{"a":1}},"msg":"logger.test.object_err"}
{"level":"error","time":"2026-09-19T02:52:16.069Z","service":"vantage-main-server","env":"development","err":null,"msg":"logger.test.null_err"}
{"level":"error","time":"2026-09-19T02:52:16.069Z","service":"vantage-main-server","env":"development","msg":"logger.test.undefined_err"}
{"level":"info","time":"2026-09-19T02:52:16.069Z","service":"vantage-main-server","env":"development","msg":"plain string message"}
{"level":"info","time":"2026-09-19T02:52:16.069Z","service":"vantage-main-server","env":"development","msg":"logger.test.empty"}
{"level":"warn","time":"2026-09-19T02:52:16.069Z","service":"vantage-main-server","env":"development","msg":"logger.test.warn_no_data"}
✔ requireApiSecret accepts the global API secret on any v1 route (5.3163ms)
✔ requireApiSecret accepts a source-scoped key for its configured route (2.7508ms)
✔ requireApiSecret accepts a source-scoped key for configured call lead route (2.0114ms)
✔ requireApiSecret rejects a scoped key on a different route (2.6168ms)
✔ requireApiSecret rejects a scoped key for a different source company (1.2347ms)
✔ requireApiSecret rejects Sales plus Customer Service Bearer on form-lead data routes (1.4422ms)
✔ requireApiSecret allows Sales plus Customer Service Bearer on Tariff Adjustment Submit (0.8919ms)
✔ requireApiSecret rejects Sales-only Bearer on tariff, form-lead, and Enrichment apply routes (1.9519ms)
✔ requireApiSecret allows Customer Service Bearer on Tariff Adjustment Submit (0.7991ms)
✔ requireApiSecret rejects Customer Service Bearer on form-lead data routes (1.3333ms)
✔ requireApiSecret allows Owner Bearer on Tariff Adjustment Submit (0.9313ms)
✔ requireApiSecret rejects unknown secrets (1.2923ms)
✔ [AC-01] both valid secrets store header_secret and still validate the body (3.9088ms)
✔ [AC-01] one valid form authenticates; missing, wrong, nonscalar, and mismatched dual secrets do not (0.9317ms)
✔ [AC-01][AC-35] middleware deletes the body credential before 500, 401, and success (5.7823ms)
✔ [AC-01] nonscalar header or body forms are unauthorized and still strip the body key (0.8412ms)
✔ [AC-01][AC-35] delete helper removes the body credential without exposing it (1.7934ms)
✔ [AC-08][AC-12] CallLead defaults quoted/post_to_granot false and has exact provenance paths (36.782ms)
✔ [AC-12] Call quoted and ingested snapshot/origin are immutable after insert (4.9948ms)
✔ [AC-12] new Call rows reject legacy_unknown and malformed provenance (13.7813ms)
✔ [AC-12] CallLead receiver-agent enum gains granot_username_match (0.483ms)
✔ [AC-07] CallLead declares the three exact S08 indexes and no unique Lead Job index (2.7989ms)
✔ [AC-14] RingCentral original caller evidence is required and immutable (14.6462ms)
✔ CancelledLead persists the four correlation snapshot fields (27.3008ms)
✔ CancelledLead correlation snapshots are immutable after insert (8.1706ms)
✔ CancelledLead snapshot index is named and not auto-unique (1.871ms)
✔ [AC-21] command execution model keeps unique origin/idempotency and command_id indexes (12.6436ms)
✔ [AC-32] origin enum accepts the four command origins and nested applied result (1.6598ms)
✔ [AC-21] legacy top-level refs/warnings derive the stored applied result without rewrite (0.5548ms)
✔ [AC-32] EntityChange model uses the named collection and four exact indexes (7.3106ms)
✔ [AC-32] EntityChange requires adjacent nonnegative revisions and matching changed_paths (47.5529ms)
✔ [AC-32] contact/address and delete fields are reference_only with no raw values (12.9492ms)
✔ [AC-32] EntityChange serialization omits payload, headers, secrets, and unmasked contact (37.3756ms)
✔ [AC-32] EntityChange save and query hooks reject post-insert mutation (11.1247ms)
✔ [AC-10] [AC-11] FormLead declares exact origin, snapshot, job, and provenance paths (61.8381ms)
✔ [AC-03] Form Job Number is distinct from Tracking Reference ref_no (2.3278ms)
✔ [AC-10] ingested Form snapshots and origin are immutable after insert (11.5618ms)
✔ [AC-10] new Form rows cannot use legacy_unknown or legacy_baseline (25.7229ms)
✔ [AC-07][AC-08] trusted Form may omit move size/date without inventing facts (33.128ms)
✔ [AC-12] FormLead receiver-agent enum gains granot_username_match and keeps compatibility (0.3112ms)
✔ [AC-07] FormLead declares the four exact S08 indexes and no unique Lead Job index (2.1861ms)
✔ [AC-38] GranotAutomationSource declares an optional CRM reference and non-unique lookup index (3.075ms)
▶ GranotBookingDiscrepancy
  ✔ [AC-26][AC-35][AC-36] fixes Booking reasons and exact partial indexes (2.6503ms)
  ✔ [AC-26][AC-36] rejects Release reasons and unsafe resolved/evidence mutation (34.0099ms)
✔ GranotBookingDiscrepancy (38.65ms)
▶ GranotBookingReconciliationCase model
  ✔ [AC-20] declares the exact six named indexes and open partial uniqueness (3.6868ms)
  ✔ [AC-18] validates exact defaults, enums, evidence shape, and bounded context (34.7875ms)
  ✔ [AC-20] rejects mutation of existing evidence IDs and every resolved-row write (3.6825ms)
✔ GranotBookingReconciliationCase model (44.3162ms)
✔ GranotCrmSource keeps the operational CSV collection and model name (6.8113ms)
✔ legacy and new rows default to disabled deferred observation-only policy (16.9453ms)
✔ declares the three named lifecycle indexes without removing CSV uniqueness (2.7713ms)
✔ normalized labels use NFKC, trim, collapse, lowercase, and reject empty/control/bidi (0.8269ms)
✔ model writes reject illegal Call/Form/mixed/ambiguous routes (27.7003ms)
✔ referral_booking and deferred reject Lead routes and non-observation policies (6.9315ms)
✔ enabled source_scoped_lead requires active same-company matching-channel refs and policy version (1.3913ms)
✔ disabled rows may keep reviewed policy but still reject structurally illegal routes (1.3529ms)
✔ client-supplied normalized labels that disagree with the server fail closed (5.971ms)
✔ [AC-31] Activation model is write-once with a unique key index (5.1474ms)
✔ [AC-31] Activation rejects unknown keys and post-insert mutation (89.8615ms)
✔ [AC-05] Observation model uses the named collection and mongoose name (5.2343ms)
✔ [AC-05][AC-06][AC-25][AC-29] declares exactly six named indexes and unique receipt_id only (3.0682ms)
✔ [AC-05][AC-06][AC-25] frozen Observation enums are not widened (0.4515ms)
✔ [AC-05] Observation documents reject unknown kinds, results, and issue codes (60.9794ms)
✔ [AC-05] Observation documents omit processing, target, policy, and effect fields (5.5984ms)
✔ [AC-05] model save and query hooks reject post-insert Observation mutation (17.3653ms)
✔ [AC-02] receipt keeps the physical collection and mongoose model name (4.076ms)
✔ [AC-02] declares only the five named Section 9.1 indexes (2.6803ms)
✔ [AC-02] unique operation-id index is partial and payload hash index is never unique (1.3256ms)
✔ [AC-02] webhook receipts require route_event_class and forbid channel_operation_kind (34.6849ms)
✔ [AC-02] extension and automation receipts require operation kind and operation id (14.7721ms)
✔ [AC-02] operation-id validation rejects empty, overlong, control, bidi, and wrong-channel shapes (9.7605ms)
✔ [AC-02] last_error.message is capped at 500 characters (4.8202ms)
✔ [AC-02] legacy capture-shaped create is rejected after compatibility retirement (2.6814ms)
✔ [AC-02] model save rejects post-insert evidence mutation (5.7184ms)
✔ [AC-02] query updates reject non-processing operators and evidence paths (1.1837ms)
✔ [AC-02] replace and delete query hooks reject evidence mutation (6.2957ms)
✔ [AC-32] Record Link model declares the three named indexes including partial unique job (5.9294ms)
✔ [AC-32] Record Link establishment defaults and snapshot normalize back to the Job Number (21.7594ms)
✔ [AC-23][AC-32] disputed active links remain lookup-visible and correction supersession is narrowly allowlisted (4.4131ms)
✔ [AC-32] Record Link query hooks reject replace and delete (9.5818ms)
▶ GranotReleaseDiscrepancy
  ✔ [AC-27][AC-35][AC-36] fixes Release reasons and separate indexes (3.2349ms)
  ✔ [AC-27][AC-36] accepts only Release reason rows (30.6991ms)
✔ GranotReleaseDiscrepancy (36.6976ms)
▶ GranotReleaseReconciliationCase model
  ✔ [AC-25][AC-36] requires deterministic Booking identity and declares the five Release indexes (52.3938ms)
  ✔ [AC-35][AC-36] strips forbidden transport fields and enforces revisions plus immutable guards (14.6537ms)
✔ GranotReleaseReconciliationCase model (69.3805ms)
✔ LeadConversation unique recording index is the only unique index (3.0966ms)
✔ LeadConversation schema declares the seven contract indexes (1.8531ms)
✔ LeadConversation validates a complete seeded conversation (40.245ms)
✔ LeadConversation rejects an invented match method (4.3346ms)
✔ LeadMessage validates normalized FormLead relationship and message snapshot (28.7349ms)
✔ LeadMessage unique SID index excludes unsent documents (0.8414ms)
✔ LeadMessage rejects unsupported lifecycle states (6.7888ms)
✔ LeadMessageRateLimit validates atomic reservation buckets (17.5721ms)
✔ RingCentral assignments enforce one active assignment per route with a supported partial index (4.0893ms)
✔ [AC-02] Decision model uses the named collection and four named indexes (8.1562ms)
✔ [AC-02] Decision defaults empty arrays and rejects invented outcomes (25.006ms)
✔ [AC-02] Decision documents omit copied contact and payload fields (38.3081ms)
✔ [AC-28] Referral Decision preserves exact reviewed source policy without a Lead Source Scope (18.4009ms)
✔ [AC-02] Decision save and query hooks reject post-insert mutation (8.1547ms)
✔ [AC-21] all four aggregates default to nonnegative integer domain_revision 0 (93.0096ms)
✔ [AC-21] invalid revisions and one-sided last-change metadata fail validation (138.2316ms)
✔ [AC-21] __v is not the lifecycle revision contract (8.9106ms)
✔ [AC-32] genuinely new aggregates receive a server history boundary and ignore client supply (1.9917ms)
✔ [AC-32] change_history_started_at is write-once outside the migration seam (14.1797ms)
✔ [AC-32] existing public/admin DTOs cannot set lifecycle revision metadata (55.2347ms)
✔ [AC-21] Booking unique normalized-Job index is named and is not a unique Lead Job index (5.776ms)
✔ [AC-32] historical schemas remain readable and do not gain revision fields (0.9909ms)
✔ booking reconciliation cron requires CRON_SECRET (76.8117ms)
✔ booking reconciliation cron rejects wrong secret (15.648ms)
✔ Owner can read the conversation list without transcript text (141.2426ms)
✔ by-lead list does not include transcript or summary text (28.0363ms)
✔ Owner detail includes the redacted transcript (15.2643ms)
✔ audio-url writes an audit row and is Owner-only (30.2807ms)
✔ CPL correction drain requires configured cron authentication (73.1955ms)
✔ CPL correction drain rejects an invalid cron secret (30.0127ms)
✔ Owner snapshot includes yesterday_by_now, company zeros, and wordpress_form (112.7012ms)
✔ Admin without Owner is 403 on every Daily Operations method (174.4235ms)
✔ missing API secret is 401 (24.1113ms)
✔ events page is newest-first and forwards cursor, lane, and limit (17.0443ms)
✔ Owner live SSE emits snapshot then Redis event; lane query is ignored (26.0029ms)
✔ Owner live SSE with Last-Event-ID skips snapshot (8.255ms)
✔ Owner rebuild returns counters-replaced, events not deleted (8.649ms)
✔ close cron rejects missing secret header and missing CRON_SECRET (47.1386ms)
✔ [AC-33] Form and Call apply routes remain registered on the v1 surface (9.8167ms)
✔ [AC-33] Owner Form apply captures a statement and never a quoted patch (270.1615ms)
✔ [AC-35] Admin, secret, and unauthenticated apply create no receipt (60.1355ms)
✔ [AC-02] strict Zod rejects unknown outer keys, invalid IDs, and booking action on snapshot apply (30.5185ms)
✔ [AC-33] Call enrichment accepts a bounded batch in input order and rejects duplicate operation IDs (104.3257ms)
✔ [AC-33] booked reconciliation permits only booking_action_apply (69.61ms)
✔ [AC-33] no extension apply path imports or invokes the legacy patch services (0.8579ms)
✔ [AC-35] validation errors omit raw statement values (10.5681ms)
✔ Owner can list Extension Users (91.2695ms)
✔ Admin cannot list, create, PATCH, or DELETE Extension Users (120.7318ms)
✔ Owner can create an Extension User with roles (18.7012ms)
✔ Owner cannot create an Extension User with empty roles or leftover employee (17.6645ms)
✔ create rejects an invalid payload and a duplicate email (33.8115ms)
✔ Owner can PATCH and DELETE an Extension User (29.0533ms)
✔ PATCH treats an empty password as omitted and requires another field (18.6344ms)
✔ unknown Extension User id is 404 and invalid ObjectId is 400 (36.4135ms)
✔ Granot automation exposes the durable admin run contract (6.2287ms)
✔ Granot run schema carries immutable plan and durable control fields (18.6509ms)
✔ Granot source catalog persists exact labels and ships all requested defaults (2.2782ms)
✔ Granot source schema requires one or two unique supported workflows (6.2034ms)
✔ [AC-35] run details project lifecycle receipt IDs without raw statements or payloads (44.11ms)
✔ Granot queue contention defers to a durable continuation (5.5469ms)
✔ [AC-38] Granot CRM source update accepts create_if_missing and rejects client normalized labels (9.1961ms)
✔ [AC-38] Granot CRM source mutations require a 10-1000 character reason (2.1569ms)
✔ [AC-38] Registry projections and update schemas omit payload and contact fields (0.7075ms)
✔ Owner Granot create schema accepts one_feed intent and rejects unknown keys (3.1673ms)
✔ Owner Granot create schema rejects a short reason and raw lifecycle fields (2.4226ms)
✔ outbound SMS Owner schema no longer accepts daily_cap (1.9883ms)
✔ [AC-37] Owner requeue route returns 200 {ok:true,data} (140.786ms)
✔ [AC-37] Admin without Owner cannot requeue (23.0522ms)
✔ [AC-37] invalid requeue body is GRANOT_VALIDATION_FAILED (21.2323ms)
✔ [AC-18] [AC-19] read list applies the exact default queue for Owner/Admin (40.2013ms)
✔ [AC-25][AC-35] read list forwards the explicit Release discriminants (9.2944ms)
✔ [AC-35] unsigned lifecycle reads are denied before projection (7.1841ms)
✔ [AC-35] strict case filters reject unknown keys with a safe 400 (7.3557ms)
✔ [AC-35] [AC-39] case detail has safe 404 and exact read envelope (14.5513ms)
✔ creating observation is Owner-only and returns the Booked statement for a booking case (26.5076ms)
✔ creating observation returns the Release statement for a cancellation intake (7.8235ms)
✔ [AC-35] candidate browser is Owner-only for source and all scope and performs a read (19.7537ms)
✔ [AC-40] Lead timeline validates model/ID and preserves generic missing Lead envelope (14.3739ms)
✔ [AC-20] Job timeline is readable by Admin and strictly bounds pagination (26.5571ms)
✔ [AC-35][AC-36] discrepancy list/detail are signed reads with strict filters (37.6716ms)
{"level":"info","time":"2026-09-19T02:52:35.191Z","service":"vantage-main-server","env":"development","msg":"granot_lifecycle.owner_command.applied","observability_level":"info","category":"admin","workflow":"granot_lifecycle"}
{"level":"info","time":"2026-09-19T02:52:35.233Z","service":"vantage-main-server","env":"development","msg":"granot_lifecycle.owner_command.applied","observability_level":"info","category":"admin","workflow":"granot_lifecycle"}
{"level":"info","time":"2026-09-19T02:52:35.235Z","service":"vantage-main-server","env":"development","msg":"granot_lifecycle.booking_discrepancy.resolved","observability_level":"info","category":"admin","workflow":"granot_lifecycle"}
{"level":"info","time":"2026-09-19T02:52:35.265Z","service":"vantage-main-server","env":"development","msg":"granot_lifecycle.owner_command.applied","observability_level":"info","category":"admin","workflow":"granot_lifecycle"}
{"level":"info","time":"2026-09-19T02:52:35.266Z","service":"vantage-main-server","env":"development","msg":"granot_lifecycle.booking_discrepancy.resolved","observability_level":"info","category":"admin","workflow":"granot_lifecycle"}
✔ [AC-23][AC-36] discrepancy commands are Owner-only, strict, and route-own identity (120.5408ms)
{"level":"info","time":"2026-09-19T02:52:35.300Z","service":"vantage-main-server","env":"development","msg":"granot_lifecycle.owner_command.applied","observability_level":"info","category":"admin","workflow":"granot_lifecycle"}
{"level":"info","time":"2026-09-19T02:52:35.300Z","service":"vantage-main-server","env":"development","msg":"granot_lifecycle.booking_case.resolved","observability_level":"info","category":"admin","workflow":"granot_lifecycle"}
✔ [AC-21] [AC-22] Owner confirm route requires one idempotency header and returns 201 (32.3782ms)
✔ [AC-22] Admin cannot invoke confirm Booking (10.2336ms)
{"level":"info","time":"2026-09-19T02:52:35.331Z","service":"vantage-main-server","env":"development","msg":"granot_lifecycle.owner_command.applied","observability_level":"info","category":"admin","workflow":"granot_lifecycle"}
{"level":"info","time":"2026-09-19T02:52:35.332Z","service":"vantage-main-server","env":"development","msg":"granot_lifecycle.booking_case.resolved","observability_level":"info","category":"admin","workflow":"granot_lifecycle"}
✔ [AC-21] [AC-24] Owner update route is strict, idempotent-envelope only, and returns 200 (18.121ms)
{"level":"info","time":"2026-09-19T02:52:35.356Z","service":"vantage-main-server","env":"development","msg":"granot_lifecycle.owner_command.applied","observability_level":"info","category":"admin","workflow":"granot_lifecycle"}
{"level":"info","time":"2026-09-19T02:52:35.356Z","service":"vantage-main-server","env":"development","msg":"granot_lifecycle.booking_case.resolved","observability_level":"info","category":"admin","workflow":"granot_lifecycle"}
✔ [AC-28] Owner Referral create route accepts only revision plus official fields (35.0757ms)
{"level":"info","time":"2026-09-19T02:52:35.384Z","service":"vantage-main-server","env":"development","msg":"granot_lifecycle.owner_command.applied","observability_level":"info","category":"admin","workflow":"granot_lifecycle"}
{"level":"info","time":"2026-09-19T02:52:35.385Z","service":"vantage-main-server","env":"development","msg":"granot_lifecycle.booking_case.resolved","observability_level":"info","category":"admin","workflow":"granot_lifecycle"}
✔ [AC-20] [AC-32] Owner No Action accepts optional reason metadata and Admin is denied (28.5988ms)
{"level":"info","time":"2026-09-19T02:52:35.421Z","service":"vantage-main-server","env":"development","msg":"granot_lifecycle.owner_command.applied","observability_level":"info","category":"admin","workflow":"granot_lifecycle"}
{"level":"info","time":"2026-09-19T02:52:35.422Z","service":"vantage-main-server","env":"development","msg":"granot_lifecycle.booking_case.resolved","observability_level":"info","category":"admin","workflow":"granot_lifecycle"}
{"level":"warn","time":"2026-09-19T02:52:35.430Z","service":"vantage-main-server","env":"development","msg":"granot_lifecycle.owner_command.conflict","observability_level":"warn","category":"admin","workflow":"granot_lifecycle"}
{"level":"warn","time":"2026-09-19T02:52:35.449Z","service":"vantage-main-server","env":"development","msg":"granot_lifecycle.owner_command.conflict","observability_level":"warn","category":"admin","workflow":"granot_lifecycle"}
✔ [AC-R9] Owner booking-case confirm-cancellation succeeds and rejects create-missing posture (48.906ms)
{"level":"info","time":"2026-09-19T02:52:35.464Z","service":"vantage-main-server","env":"development","msg":"granot_lifecycle.owner_command.applied","observability_level":"info","category":"admin","workflow":"granot_lifecycle"}
{"level":"info","time":"2026-09-19T02:52:35.465Z","service":"vantage-main-server","env":"development","msg":"granot_lifecycle.release_case.resolved","observability_level":"info","category":"admin","workflow":"granot_lifecycle"}
{"level":"info","time":"2026-09-19T02:52:35.469Z","service":"vantage-main-server","env":"development","msg":"granot_lifecycle.owner_command.applied","observability_level":"info","category":"admin","workflow":"granot_lifecycle"}
{"level":"info","time":"2026-09-19T02:52:35.471Z","service":"vantage-main-server","env":"development","msg":"granot_lifecycle.release_case.resolved","observability_level":"info","category":"admin","workflow":"granot_lifecycle"}
{"level":"info","time":"2026-09-19T02:52:35.481Z","service":"vantage-main-server","env":"development","msg":"granot_lifecycle.owner_command.applied","observability_level":"info","category":"admin","workflow":"granot_lifecycle"}
{"level":"info","time":"2026-09-19T02:52:35.482Z","service":"vantage-main-server","env":"development","msg":"granot_lifecycle.release_case.resolved","observability_level":"info","category":"admin","workflow":"granot_lifecycle"}
✔ [AC-25] [AC-32] Release Owner routes are strict, idempotent, and use exact statuses (68.8134ms)
✔ Owner can search webhook receipts; Admin cannot; unsigned is denied (36.6597ms)
✔ receipt search booking_action=release with lead_created is 400; booking_action alone implies booking_status_changed (22.1413ms)
✔ Owner can open the live webhook SSE stream; Admin cannot (20.9194ms)
✔ [AC-31][AC-35] Owner and Admin can read the health envelope without raw payload keys (16.8136ms)
✔ returns 500 when CRON_SECRET is not configured (86.7664ms)
✔ returns 401 when the secret does not match (12.3827ms)
{"level":"info","time":"2026-09-19T02:52:36.129Z","service":"vantage-main-server","env":"development","msg":"granot_lifecycle.cron.run.completed","trigger":"cron","skipped":false,"scanned":1,"claimed":1,"completed":1,"retried":0,"dead_lettered":0,"recovered":0,"lease_lost":0}
{"level":"info","time":"2026-09-19T02:52:36.138Z","service":"vantage-main-server","env":"development","msg":"granot_lifecycle.cron.run.completed","observability_level":"info","category":"cron","workflow":"granot_lifecycle"}
✔ processing-enabled cron returns a bounded summary and no payload values (28.8878ms)
✔ vercel.json registers the five-minute lifecycle drain cron (30.4876ms)
✔ [AC-01] missing configuration returns 500 and reaches neither capture nor publisher (162.3799ms)
✔ [AC-01] missing, wrong, nonscalar, and mismatched dual secrets return exact 401 and create no receipt (79.2752ms)
✔ [AC-01][AC-35] JSON body, form body, and header secrets authenticate and strip the credential before capture (58.3483ms)
✔ [AC-01] both valid secrets attach header_secret after the body is also validated (9.0293ms)
✔ [AC-02] unused Granot field additions or omissions are captured as-is and still return 202 (29.4554ms)
✔ [AC-02] capture happens before 202 and uses the invoked route class (39.091ms)
{"level":"error","time":"2026-09-19T02:52:34.966Z","service":"vantage-main-server","env":"development","msg":"granot_lifecycle.capture.failed","error_code":"technical_failure","observation_channel":"granot_webhook","route_event_class":"priority_updated"}
{"level":"error","time":"2026-09-19T02:52:34.967Z","service":"vantage-main-server","env":"development","msg":"granot_lifecycle.capture.failed","observability_level":"error","category":"mongo","workflow":"granot_lifecycle_capture"}
✔ [AC-01] capture failure returns safe 503, creates no publish, and stays distinct from queue failure (12.6942ms)
{"level":"error","time":"2026-09-19T02:52:34.998Z","service":"vantage-main-server","env":"development","msg":"granot_lifecycle.queue.publish_failed","error_code":"technical_failure","receipt_id":"rece…pt-2","observation_channel":"granot_webhook","route_event_class":"lead_created"}
✔ [AC-02] publish failure cannot change 202 or the accepted receipt (29.2437ms)
✔ Owner Job Number timeline read returns the assembler DTO (109.8264ms)
✔ Admin cannot read the owner Job Number timeline (15.6457ms)
✔ typed miss returns not_found without an event list (10.3219ms)
✔ Owner recent official booking examples return only Job Numbers (159.5288ms)
{"level":"error","time":"2026-09-19T02:52:38.031Z","service":"vantage-main-server","env":"development","err":{"type":"Error","message":"mongo connection string leaked","stack":"Error: mongo connection string leaked\n    at read (C:\\Users\\Pinda\\Proyectos\\vantage\\vantage-main-server\\src\\routes\\job-number-timeline-admin.routes.test.ts:205:15)\n    at <anonymous> (C:\\Users\\Pinda\\Proyectos\\vantage\\vantage-main-server\\src\\routes\\job-number-timeline-admin.routes.ts:85:26)\n    at process.processTicksAndRejections (node:internal/process/task_queues:104:5)"},"request_id":"req-jnt-1789786357999","msg":"job-number-timeline.admin.unhandled"}
✔ unhandled timeline read failure does not echo error.message (65.1799ms)
✔ Admin cannot read recent official booking examples (15.4685ms)
✔ lead-source-setups schema rejects unknown keys and derived internals (20.0809ms)
✔ lead-source-setups schema requires a 10-1000 character reason (2.0429ms)
✔ projection query schemas reject unknown keys (1.9148ms)
✔ error envelope parity uses RegistryError.toHttpBody and Zod unrecognized keys (2.8907ms)
✔ returns 500 when CRON_SECRET is not configured (94.9473ms)
✔ returns 401 when the cron secret does not match (14.6711ms)
✔ accepts the x-cron-secret header (11.7639ms)
✔ [AC-17] a disabled Call Log sync never claims the lease (76.7452ms)
✔ [AC-17] lease contention is a bounded skip, not an HTTP 500 (11.5454ms)
✔ [AC-17] a successful run returns the bounded lease/cursor summary (6.8432ms)
{"level":"error","time":"2026-09-19T02:52:38.427Z","service":"vantage-main-server","env":"development","msg":"ringcentral.cron.call_log_sync.failed","errorName":"Error"}
✔ [AC-17] a genuine failure stays safe and non-sensitive (30.7052ms)
✔ [AC-17] vercel.json schedules the Call Log sync every 30 minutes (2.7689ms)
✔ CSI-04 admin routes: Owner guard, flag-off 404, scope, validation, idempotency, error mapping; reads never call a writer (861.627ms)
✔ admin router is mounted in v1.routes.ts after the CSI boundary router (1.6521ms)
✔ real v1 guard + CSI boundary keeps Owner and scoped service authority separate (457.6702ms)
✔ CSI cron routes: cron auth, flag-off and lease_held skips, never a provider body (286.1722ms)
{"level":"error","time":"2026-09-19T02:52:47.399Z","service":"vantage-main-server","env":"development","msg":"sales_intelligence.cron.call_log_reconcile.failed","errorName":"Error"}
✔ CSI cron routes: a throwing service maps to a bounded 500 without provider content (39.5008ms)
✔ vercel.json registers the CSI-03 crons and the queue consumer trigger (a handler file alone is not registration) (2.1608ms)
✔ app.ts mounts the CSI cron router before the v1 guard like the other cron routers (0.6722ms)
✔ returns 500 when CRON_SECRET is not configured (113.5225ms)
✔ returns 401 when the secret does not match (14.0831ms)
✔ skips the drain (no DB work) when mode is not queued (40.3439ms)
✔ accepts a bearer token matching CRON_SECRET (22.717ms)
✔ source label mapping create rejects unknown keys (6.6443ms)
✔ source label mapping create rejects a client-supplied normalized_label (0.966ms)
✔ source label mapping mutations require a 10-1000 character reason (2.7574ms)
✔ label resolution preview rejects unknown keys and is read-only shape (2.0545ms)
✔ error envelope parity uses RegistryError.toHttpBody and Zod unrecognized keys (4.5332ms)
{"level":"info","time":"2026-09-19T02:52:43.162Z","service":"vantage-main-server","env":"development","msg":"tariff_adjustment.append.succeeded","actor_kind":"user","actor_role":"owner","actor_email":"owner@example.invalid","appended":2,"tab_name":"Master"}
✔ Owner can append two Tariff Adjustment rows (209.4864ms)
{"level":"info","time":"2026-09-19T02:52:43.202Z","service":"vantage-main-server","env":"development","msg":"tariff_adjustment.append.succeeded","actor_kind":"user","actor_role":"sales+customer_service","actor_email":"employee@example.invalid","appended":2,"tab_name":"Master"}
✔ Employee can append two Tariff Adjustment rows (21.6828ms)
{"level":"info","time":"2026-09-19T02:52:43.221Z","service":"vantage-main-server","env":"development","msg":"tariff_adjustment.append.succeeded","actor_kind":"user","actor_role":"customer_service","actor_email":"customer_service@example.invalid","appended":2,"tab_name":"Master"}
✔ Customer Service can append two Tariff Adjustment rows (18.1084ms)
{"level":"info","time":"2026-09-19T02:52:43.236Z","service":"vantage-main-server","env":"development","msg":"tariff_adjustment.append.succeeded","actor_kind":"secret","appended":2,"tab_name":"Master"}
✔ x-api-secret actors can append two Tariff Adjustment rows (13.3602ms)
{"level":"warn","time":"2026-09-19T02:52:43.250Z","service":"vantage-main-server","env":"development","msg":"tariff_adjustment.append.failed","actor_kind":"user","actor_role":"sales+customer_service","actor_email":"employee@example.invalid","error":"[\n  {\n    \"code\": \"unrecognized_keys\",\n    \"keys\": [\n      \"job_no\"\n    ],\n    \"path\": [],\n    \"message\": \"Unrecognized key: \\\"job_no\\\"\"\n  }\n]"}
✔ rejects customer and job identifiers (39.4706ms)
{"level":"info","time":"2026-09-19T02:52:43.292Z","service":"vantage-main-server","env":"development","msg":"tariff_adjustment.append.succeeded","actor_kind":"user","actor_role":"owner","actor_email":"owner@example.invalid","appended":2,"tab_name":"Master"}
✔ stamps today's date when effective_date is omitted (16.634ms)
{"level":"info","time":"2026-09-19T02:52:43.317Z","service":"vantage-main-server","env":"development","msg":"tariff_adjustment.append.succeeded","actor_kind":"user","actor_role":"owner","actor_email":"owner@example.invalid","appended":1,"tab_name":"Master"}
✔ Owner can append a Linehaul-only payload (14.0229ms)
{"level":"info","time":"2026-09-19T02:52:43.324Z","service":"vantage-main-server","env":"development","msg":"tariff_adjustment.append.succeeded","actor_kind":"user","actor_role":"owner","actor_email":"owner@example.invalid","appended":2,"tab_name":"Master"}
✔ Owner can append Linehaul plus an owner-written service (7.2665ms)
{"level":"info","time":"2026-09-19T02:52:43.345Z","service":"vantage-main-server","env":"development","msg":"tariff_adjustment.append.succeeded","actor_kind":"user","actor_role":"owner","actor_email":"owner@example.invalid","appended":3,"tab_name":"Master"}
✔ Owner can append three matching rows (27.8197ms)
{"level":"warn","time":"2026-09-19T02:52:43.363Z","service":"vantage-main-server","env":"development","msg":"tariff_adjustment.append.failed","actor_kind":"user","actor_role":"owner","actor_email":"owner@example.invalid","error":"[\n  {\n    \"origin\": \"array\",\n    \"code\": \"too_small\",\n    \"minimum\": 1,\n    \"inclusive\": true,\n    \"path\": [\n      \"rows\"\n    ],\n    \"message\": \"Too small: expected array to have >=1 items\"\n  },\n  {\n    \"code\": \"custom\",\n    \"path\": [\n      \"rows\"\n    ],\n    \"message\": \"rows must include at least one Linehaul\"\n  }\n]"}
✔ rejects an empty rows array (10.2337ms)
{"level":"warn","time":"2026-09-19T02:52:43.369Z","service":"vantage-main-server","env":"development","msg":"tariff_adjustment.append.failed","actor_kind":"user","actor_role":"owner","actor_email":"owner@example.invalid","error":"[\n  {\n    \"code\": \"custom\",\n    \"path\": [\n      \"rows\"\n    ],\n    \"message\": \"rows must include at least one Linehaul\"\n  }\n]"}
✔ rejects a payload with no Linehaul row (6.8724ms)
{"level":"warn","time":"2026-09-19T02:52:43.377Z","service":"vantage-main-server","env":"development","msg":"tariff_adjustment.append.failed","actor_kind":"user","actor_role":"owner","actor_email":"owner@example.invalid","error":"[\n  {\n    \"code\": \"custom\",\n    \"path\": [\n      \"rows\"\n    ],\n    \"message\": \"pickup_zone must be identical on all Tariff Adjustment rows\"\n  }\n]"}
✔ rejects three rows with a mismatched pickup_zone (6.782ms)
✔ Operations Registry entities expose complete lifecycle CRUD surfaces (4.0609ms)
✔ GET /api/v1/admin/agents is browse only — catalog list is /catalog/agents (0.8778ms)
✔ admin analytics receiver-agent reports have GET routes (0.7188ms)
✔ Owner Extension User routes are registered (1.5716ms)
✔ Owner conversation read routes are registered (0.8009ms)
✔ employee booking reconciliation routes are registered (0.4546ms)
✔ Tariff Adjustment Submit route is registered (0.8094ms)
✔ Granot form-lead resolution route is registered before the id route (0.8737ms)
✔ Granot sync expected filter enforces fill-only and empty receiver fields (4.3564ms)
✔ Lead Source projection and setup routes are registered next to overview (11.8253ms)
✔ legacy CPL rates remain read-only after temporal schedule cutover (0.7087ms)
✔ temporal CPL schedule and correction routes are registered (0.4911ms)
✔ admin browse builds filters, pagination, sorting, and response shape (26.0092ms)
✔ admin form lead browse q includes snapshot contact paths (10.1748ms)
✔ admin form lead browse name email and phone include snapshot paths (2.1993ms)
✔ admin duplicate form lead browse uses the same contact paths (2.2173ms)
✔ admin form lead browse excludes duplicates by default (2.0342ms)
✔ admin form lead browse filters past move dates relative to timestamp (1.494ms)
✔ admin form lead browse can invert the past move date filter (1.0811ms)
✔ admin form lead browse filters receiver agent by ObjectId equality (4.0073ms)
✔ admin form lead browse matches source_granularity_key exactly and does not substring-match source_company (10.0266ms)
✔ admin form lead browse still accepts source_company as bookmark compatibility (2.1663ms)
✔ admin booked lead browse filters source company slugs on the source field (2.2687ms)
✔ admin booked lead browse resolves legacy source company labels onto source (1.0177ms)
✔ admin booked lead browse filters leadless bookings (1.2186ms)
✔ admin agents browse returns metrics for list rows (8.8827ms)
✔ admin agents browse applies date range to booked lead metrics (14.2793ms)
✔ admin agents browse matches catalog names case-insensitively (1.0725ms)
✔ admin agents browse matches allocations on normalized_name when display name differs (0.7597ms)
✔ admin agents browse returns zero metric fields for agents without bookings (5.1056ms)
✔ admin form lead browse can filter to duplicates only (6.8682ms)
✔ admin call lead browse q and phone include snapshot contact paths (7.194ms)
✔ admin call lead browse Manual attach filters (name/email/phone without q) include snapshot paths (2.7431ms)
✔ admin call lead browse excludes duplicates by default (2.9993ms)
✔ admin call lead browse can filter to duplicates only (4.3825ms)
✔ admin form lead browse no_sync true is exact true, not presence (0.9865ms)
✔ admin form lead browse no_sync false uses $ne true so missing-field rows count (0.8138ms)
✔ admin form lead browse omit does not mention no_sync (0.6093ms)
✔ admin call lead browse no_sync true is exact true, not presence (7.6419ms)
✔ admin call lead browse no_sync false uses $ne true so missing-field rows count (1.7203ms)
✔ admin call lead browse omit does not mention no_sync (0.5908ms)
✔ admin detail lookup returns normalized production record (1.526ms)
✔ admin agent detail returns metrics consistent with browse enrichment (2.1368ms)
✔ admin historical browse uses historical models and remains read-only (1.197ms)
✔ global admin search form leads include Granot snapshot contact paths (6.4173ms)
✔ global admin search returns grouped results (1.6644ms)
✔ admin agents export includes booking metric columns (1.9144ms)
✔ admin CSV export uses browse rows and escapes CSV body (3.1416ms)
✔ csv helper emits text/csv-compatible header and rows (0.7379ms)
✔ getAdminFacets production builds a structured catalog from first-class collections (11.8313ms)
✔ getAdminFacets historical builds distinct rows and overlays production identity (16.4477ms)
✔ getAdminFacets historical empty granularity distincts do not fail (9.5705ms)
✔ getAdminFacets combined keeps registry owner_label and historical-only extras (4.157ms)
✔ registry facets invalidation evicts the production and historical catalog caches (37.9315ms)
✔ getSheetSyncHealth aggregates job counts and derives backlog age (5.2183ms)
✔ listSheetSyncJobs builds a filtered, paginated query (3.13ms)
✔ retrySheetSyncJobs re-queues failed jobs by default and reports the count (4.5137ms)
✔ retrySheetSyncJobs starts an admin drain instead of publishing a queue wake-up (2.5265ms)
✔ retrySheetSyncJobs is a no-op when nothing matches (2.9191ms)
✔ agent browse metrics match keys are lowercased strings, not regexes (16.2671ms)
✔ agent browse metrics count distinct bookings and take this agent's binder share (2.1749ms)
✔ agent browse metrics date range filters book_date and skips Agent createdAt (2.9642ms)
✔ agent browse metrics omit a date match when from/to are absent (1.722ms)
✔ lookupAgentBrowseMetrics uses name or normalized_name and returns zeros when unmatched (0.7198ms)
✔ even Binder split uses integer cents and gives the leftover cent to the primary Agent (6.3544ms)
✔ Best Relocation allocation resolves an existing inactive agent (3.9872ms)
✔ primary booking allocation becomes Best Relocation receiver attribution (0.9316ms)
✔ primary booking allocation does not replace existing receiver attribution (0.8692ms)
✔ automatic CRM username receiver matching excludes inactive Agents (4.2037ms)
✔ findAgentByGranotCrmUsername prefers embedded granot_identity username (19.1078ms)
✔ findAgentByGranotCrmUsername never reads the retained flat compatibility field (0.918ms)
✔ CRM username receiver match never overwrites an existing receiver (0.6647ms)
✔ analytics validation accepts report filters and rejects invalid report names (14.551ms)
✔ sourceGranularityMatch filters derived key only and wins over source_company (3.3285ms)
✔ analytics booked lead filters start with a leading date match (1.0565ms)
✔ booked lead source attribution falls back to the employee source snapshot (1.7891ms)
✔ leadMatch matches historical slug options and channel-scoped company slugs (25.9133ms)
✔ combined source analytics merge by stable text dimension instead of ids (2.613ms)
✔ combined revenue trend merges rows by date period (9.7403ms)
✔ combined source analytics merge parent metrics and keep company-only extras as leaves (3.545ms)
✔ combined receiver-agent analytics merge production rows and keep historical warning metadata (6.2577ms)
✔ combined SMS conversion merge keeps production rows and historical warning metadata (1.126ms)
✔ analytics CSV export uses the selected report rows (8.645ms)
✔ source hierarchy CSV rows emit leaves or a childless company, never both (4.4511ms)
✔ combined hierarchy CSV does not duplicate its production contribution (0.8211ms)
✔ lead cost excludes duplicate form leads and unmatched call leads (35.4665ms)
✔ overviewQuerySchema accepts database_scope (5.865ms)
✔ rollingLast7DaysWindow spans seven days ending now (0.607ms)
✔ mergeOverviewAllTime merges combined totals and clears production-only lead cost (5.0254ms)
✔ mergeOverviewAllTime keeps lead cost for production scope (1.1432ms)
✔ mergeOverviewAllTime clears lead cost for historical scope (0.3336ms)
✔ receiver-agent analytics use persisted CPL without rate-period status (19.2252ms)
✔ SMS booked rate uses successfully texted Leads as the denominator (5.0136ms)
✔ an empty texted-lead cohort is a zero rate, not missing data (0.9116ms)
✔ historical scope does not read Lead Messages (2.0291ms)
✔ production SMS conversion matches successful statuses and official booked refs (7.3079ms)
✔ source hierarchy uses registry labels and rolls additive child metrics (6.21ms)
✔ source hierarchy retains unknown granularity in parent totals (1.5017ms)
✔ source hierarchy folds normalized company and granularity collisions (0.7329ms)
✔ nestSourceCompanyRows seeds catalog children including zeros (1.4136ms)
✔ company-only source rows use domain labels and never create children (0.6761ms)
✔ historical source performance stays company-only without registry data (22.2632ms)
✔ historical funnel recomputes company rates and has no children (4.8345ms)
✔ normalizes observed sheet move sizes into the model enum (2.6149ms)
✔ restores leading zeroes dropped from formatted ZIP cells (0.6519ms)
✔ decodes Google Sheets serial timestamps as owner-facing UTC components (0.9022ms)
✔ call parser accepts a combined Google Sheets serial timestamp (1.1786ms)
✔ parsers preserve source-row provenance and skip formula sentinels (4.891ms)
✔ duplicate booking jobs collapse into split allocations without doubling deposit (6.0341ms)
✔ plan orders leads, attached booking, and cancellation with response bindings (15.75ms)
✔ refund discovery keeps contradictory LID evidence below auto-cancel threshold (10.5293ms)
✔ live apply refuses to send the secret to an unpinned host (3.7033ms)
✔ booking preflight uses filtered admin lookup and skips an existing job (6.632ms)
✔ call preflight recognizes the route's bare-array response (3.5853ms)
✔ unique Tracking Reference adopts the existing Form Lead and does not create (3.6533ms)
✔ two Form Leads sharing a Tracking Reference become an ambiguous conflict (0.555ms)
✔ phone + name + same New York day adopts when Tracking Reference misses (3.5204ms)
✔ two phone + name + date Form Leads conflict instead of creating (1.5076ms)
✔ no identity and no phone-name-date match stays a create (0.6233ms)
✔ pre-cutoff Form Leads are ignored by phone-name-date adoption (0.5533ms)
✔ canonical adoption remaps remaining creates and leaves receipt outcomes alone (1.8853ms)
✔ Best Relocation import capability requires the Best Relocation source (2.9668ms)
✔ ordinary booking requests do not receive import capability (0.3559ms)
✔ Best Relocation call lookup is source-scoped before mutation (9.6264ms)
✔ Form Lead + id attaches with booking_origin owner_booking and no case (3.4893ms)
✔ Owner Call Lead unique job attaches with booking_origin owner_booking (3.6898ms)
✔ Owner Call Lead with no Call Lead row is pending owner_booking no_match (0.7634ms)
✔ Owner Call Lead with two job matches is pending multiple_matches, not a 409 (0.4829ms)
✔ Best Relocation import Call Lead still uses the from-source resolver (1.3223ms)
✔ letter prefixes are equivalent to the same Granot digit core (3.0874ms)
✔ equivalent job filter matches exact, core, and letter-prefixed variants (2.2168ms)
✔ equivalent snapshot filter remaps to the indexed cancellation snapshot field (0.5466ms)
✔ atomic employee Lead claim does not rewrite the existing CPL (6.1896ms)
✔ concurrent booking claims allow only one booking to claim a lead (12.1079ms)
✔ reconciliation mirror can preserve Lead source CPL (0.9365ms)
✔ import Call Lead resolver still 409s when two Call Leads share a job (9.7317ms)
✔ Owner leadless create opens owner_booking case and sets booking_origin (97.1329ms)
✔ Best Relocation import leadless keeps external_sheet_ingestion and no booking_origin (8.8554ms)
✔ owner snapshot uses Call phone or customer phone, else not provided (8.2691ms)
✔ evaluateOwnerCallLeadMatch links a unique Call Lead Job Number (5.4404ms)
✔ evaluateOwnerCallLeadMatch is pending multiple_matches for two Call Leads with the same job (0.8707ms)
✔ evaluateOwnerCallLeadMatch is pending no_match when no Call Lead has the job (0.6307ms)
✔ evaluateOwnerCallLeadMatch does not attach on phone of a different Call Lead (0.9534ms)
✔ Owner pending case snapshot fills spec §4.6 fields and origin owner_booking (3.559ms)
✔ Referral Booking create does not open a Booking Lead Reconciliation Case (1.9243ms)
✔ cancellation snapshots stamp four fields from a surviving Booking (3.9347ms)
✔ cancellation snapshots normalize job_no when Booking normalized field is missing (2.0242ms)
✔ cancellation snapshots stay null without a recoverable Booking job (0.4363ms)
✔ cancellation snapshots refuse silent inference from contact-shaped fields (0.2711ms)
✔ create-path stamp keeps ObjectId lead ref (0.5779ms)
✔ getBookedLeadForCancellation allows explicitly authorized imported leadless booking (14.1384ms)
✔ CancelledLead validates an unresolved employee Booking without Lead metadata (18.2538ms)
✔ active catalog list excludes inactive rows by default (7.7541ms)
✔ agent resolution rejects inactive or unknown names (2.2361ms)
✔ agent resolution can include an existing inactive agent (1.9324ms)
✔ merchant resolution returns canonical display name (1.2882ms)
✔ list projection keeps cost cents and does not treat them as leaked summary text (14.5083ms)
✔ list projection still rejects a top-level transcript or summary field (1.5625ms)
✔ redactTranscript redacts a Luhn-valid card spoken as digit groups plus CVV, expiry, SSN, and routing (3.8958ms)
✔ redactTranscript does not redact a job number, spoken phone, or cubic-feet figure (0.4998ms)
✔ an unvalidated 16-digit sequence that fails Luhn is left alone (0.2878ms)
✔ spoken digit runs of seven or more are redacted without changing existing payment rules (0.5684ms)
✔ parseConversationArtifact splits summary and transcript (4.3207ms)
✔ buildSeededTranscript redacts before the text is stored (3.5936ms)
✔ hasCrmMismatch is true only when the section contradicts CRM (0.7629ms)
✔ Gateway adapter sends configured model, makes one call, keeps timing optional and never logs warnings (3527.957ms)
✔ Gateway errors do not expose provider bodies and do not internally retry (33.291ms)
✔ Blob bytes/digest validated and missing billing never becomes estimated actual cost (1.6108ms)
{"level":"info","time":"2026-09-19T02:53:07.643Z","service":"vantage-main-server","env":"development","msg":"operations_registry.compatibility_read","observability_level":"info","category":"admin","workflow":"operations_registry"}
✔ listCplRates seeds any missing slots and returns all 14 rates (8.6379ms)
{"level":"info","time":"2026-09-19T02:53:05.488Z","service":"vantage-main-server","env":"development","msg":"crm.form_lead.submit.started","leadId":"6aadf911a24784c6f68c166b","endpoint":"https://lead.hellomoving.com/LEADSGWHTTP.lidgw?&API_ID=[redacted]&MOVERREF=[redacted]","payload":{"label":"Main Site Forms","firstname":"J***","lastname":"C***","ozip":"sha256:ce6d2151873f","dzip":"sha256:9a1f53dc5d98","email":"j***@example.com","phone1":"***2222","movesize":"2 Bedrooms","movedte":"5/28/2026","notes":"sha256:81da1dce6ae7","leadno":"sha256:7b6d8986d052"}}
✔ submitFormLeadToCrm POSTs to the Granot lead gateway with the urlencoded payload (28.731ms)
✔ submitFormLeadToCrm reports ok=true with the response body and payload on HTTP 200 (5.234ms)
✔ submitFormLeadToCrm reports ok=false with response body on HTTP error (8.5876ms)
✔ submitFormLeadToCrm catches network errors and returns ok=false with status 0 and an error message (13.0135ms)
✔ submitFormLeadToCrm forwards companyLabel as the Granot label (4.8483ms)
{"level":"info","time":"2026-09-19T02:53:05.490Z","service":"vantage-main-server","env":"development","msg":"crm.form_lead.submit.started","observability_level":"info","category":"crm","workflow":"crm_submit","source_company":"not_provided","entity_id":"6aadf911a24784c6f68c166b"}
{"level":"info","time":"2026-09-19T02:53:05.493Z","service":"vantage-main-server","env":"development","msg":"crm.form_lead.submit.completed","leadId":"6aadf911a24784c6f68c166b","endpoint":"https://lead.hellomoving.com/LEADSGWHTTP.lidgw?&API_ID=[redacted]&MOVERREF=[redacted]","status":200,"responseText":"OK"}
{"level":"info","time":"2026-09-19T02:53:05.493Z","service":"vantage-main-server","env":"development","msg":"crm.form_lead.submit.completed","observability_level":"info","category":"crm","workflow":"crm_submit","source_company":"not_provided","entity_id":"6aadf911a24784c6f68c166b"}
{"level":"info","time":"2026-09-19T02:53:05.511Z","service":"vantage-main-server","env":"development","msg":"crm.form_lead.submit.started","leadId":"6aadf911a24784c6f68c166c","endpoint":"https://lead.hellomoving.com/LEADSGWHTTP.lidgw?&API_ID=[redacted]&MOVERREF=[redacted]","payload":{"label":"Main Site Forms","firstname":"J***","lastname":"C***","ozip":"sha256:ce6d2151873f","dzip":"sha256:9a1f53dc5d98","email":"j***@example.com","phone1":"***2222","movesize":"2 Bedrooms","movedte":"5/28/2026","notes":"sha256:81da1dce6ae7","leadno":"sha256:7b6d8986d052"}}
{"level":"info","time":"2026-09-19T02:53:05.512Z","service":"vantage-main-server","env":"development","msg":"crm.form_lead.submit.started","observability_level":"info","category":"crm","workflow":"crm_submit","source_company":"not_provided","entity_id":"6aadf911a24784c6f68c166c"}
{"level":"info","time":"2026-09-19T02:53:05.513Z","service":"vantage-main-server","env":"development","msg":"crm.form_lead.submit.completed","leadId":"6aadf911a24784c6f68c166c","endpoint":"https://lead.hellomoving.com/LEADSGWHTTP.lidgw?&API_ID=[redacted]&MOVERREF=[redacted]","status":200,"responseText":"Granot accepted lead 42"}
{"level":"info","time":"2026-09-19T02:53:05.513Z","service":"vantage-main-server","env":"development","msg":"crm.form_lead.submit.completed","observability_level":"info","category":"crm","workflow":"crm_submit","source_company":"not_provided","entity_id":"6aadf911a24784c6f68c166c"}
{"level":"info","time":"2026-09-19T02:53:05.516Z","service":"vantage-main-server","env":"development","msg":"crm.form_lead.submit.started","leadId":"6aadf911a24784c6f68c166d","endpoint":"https://lead.hellomoving.com/LEADSGWHTTP.lidgw?&API_ID=[redacted]&MOVERREF=[redacted]","payload":{"label":"Main Site Forms","firstname":"J***","lastname":"C***","ozip":"sha256:ce6d2151873f","dzip":"sha256:9a1f53dc5d98","email":"j***@example.com","phone1":"***2222","movesize":"2 Bedrooms","movedte":"5/28/2026","notes":"sha256:81da1dce6ae7","leadno":"sha256:7b6d8986d052"}}
{"level":"info","time":"2026-09-19T02:53:05.517Z","service":"vantage-main-server","env":"development","msg":"crm.form_lead.submit.started","observability_level":"info","category":"crm","workflow":"crm_submit","source_company":"not_provided","entity_id":"6aadf911a24784c6f68c166d"}
{"level":"info","time":"2026-09-19T02:53:05.519Z","service":"vantage-main-server","env":"development","msg":"crm.form_lead.submit.http_error","leadId":"6aadf911a24784c6f68c166d","endpoint":"https://lead.hellomoving.com/LEADSGWHTTP.lidgw?&API_ID=[redacted]&MOVERREF=[redacted]","status":400,"responseText":"bad request"}
{"level":"error","time":"2026-09-19T02:53:05.519Z","service":"vantage-main-server","env":"development","msg":"crm.form_lead.submit.http_error","observability_level":"error","category":"crm","workflow":"crm_submit","source_company":"not_provided","entity_id":"6aadf911a24784c6f68c166d"}
{"level":"info","time":"2026-09-19T02:53:05.530Z","service":"vantage-main-server","env":"development","msg":"crm.form_lead.submit.started","leadId":"6aadf911a24784c6f68c166e","endpoint":"https://lead.hellomoving.com/LEADSGWHTTP.lidgw?&API_ID=[redacted]&MOVERREF=[redacted]","payload":{"label":"Main Site Forms","firstname":"J***","lastname":"C***","ozip":"sha256:ce6d2151873f","dzip":"sha256:9a1f53dc5d98","email":"j***@example.com","phone1":"***2222","movesize":"2 Bedrooms","movedte":"5/28/2026","notes":"sha256:81da1dce6ae7","leadno":"sha256:7b6d8986d052"}}
{"level":"info","time":"2026-09-19T02:53:05.530Z","service":"vantage-main-server","env":"development","msg":"crm.form_lead.submit.started","observability_level":"info","category":"crm","workflow":"crm_submit","source_company":"not_provided","entity_id":"6aadf911a24784c6f68c166e"}
{"level":"error","time":"2026-09-19T02:53:05.531Z","service":"vantage-main-server","env":"development","err":{"type":"Error","message":"ECONNRESET","stack":"Error: ECONNRESET\n    at <anonymous> (C:\\Users\\Pinda\\Proyectos\\vantage\\vantage-main-server\\src\\services\\crm\\crm.service.test.ts:126:11)\n    at globalThis.fetch (C:\\Users\\Pinda\\Proyectos\\vantage\\vantage-main-server\\src\\services\\crm\\crm.service.test.ts:43:12)\n    at submitFormLeadToCrm (C:\\Users\\Pinda\\Proyectos\\vantage\\vantage-main-server\\src\\services\\crm\\crm.service.ts:74:28)\n    at async TestContext.<anonymous> (C:\\Users\\Pinda\\Proyectos\\vantage\\vantage-main-server\\src\\services\\crm\\crm.service.test.ts:129:18)\n    at async Test.run (node:internal/test_runner/test:1332:7)\n    at async Test.processPendingSubtests (node:internal/test_runner/test:911:7)"},"msg":"crm.form_lead.submit.failed","leadId":"6aadf911a24784c6f68c166e","endpoint":"https://lead.hellomoving.com/LEADSGWHTTP.lidgw?&API_ID=[redacted]&MOVERREF=[redacted]","msg":"CRM form lead submission failed"}
{"level":"error","time":"2026-09-19T02:53:05.535Z","service":"vantage-main-server","env":"development","msg":"crm.form_lead.submit.failed","observability_level":"error","category":"crm","workflow":"crm_submit","source_company":"not_provided","entity_id":"6aadf911a24784c6f68c166e"}
{"level":"info","time":"2026-09-19T02:53:05.538Z","service":"vantage-main-server","env":"development","msg":"crm.form_lead.submit.started","leadId":"6aadf911a24784c6f68c166f","endpoint":"https://lead.hellomoving.com/LEADSGWHTTP.lidgw?&API_ID=[redacted]&MOVERREF=[redacted]","payload":{"label":"BestRelocation","firstname":"J***","lastname":"C***","ozip":"sha256:ce6d2151873f","dzip":"sha256:9a1f53dc5d98","email":"j***@example.com","phone1":"***2222","movesize":"2 Bedrooms","movedte":"5/28/2026","notes":"sha256:81da1dce6ae7","leadno":"sha256:7b6d8986d052"}}
{"level":"info","time":"2026-09-19T02:53:05.538Z","service":"vantage-main-server","env":"development","msg":"crm.form_lead.submit.started","observability_level":"info","category":"crm","workflow":"crm_submit","source_company":"not_provided","entity_id":"6aadf911a24784c6f68c166f"}
{"level":"info","time":"2026-09-19T02:53:05.539Z","service":"vantage-main-server","env":"development","msg":"crm.form_lead.submit.completed","leadId":"6aadf911a24784c6f68c166f","endpoint":"https://lead.hellomoving.com/LEADSGWHTTP.lidgw?&API_ID=[redacted]&MOVERREF=[redacted]","status":200,"responseText":"OK"}
{"level":"info","time":"2026-09-19T02:53:05.539Z","service":"vantage-main-server","env":"development","msg":"crm.form_lead.submit.completed","observability_level":"info","category":"crm","workflow":"crm_submit","source_company":"not_provided","entity_id":"6aadf911a24784c6f68c166f"}
✔ CRM env var name constants are stable and match what is read at module load (1.6703ms)
✔ CRM_FORM_LEAD_ENDPOINT is the Granot lead gateway URL with API_ID and MOVERREF params (0.9187ms)
✔ crmEndpointForLog redacts API_ID and MOVERREF values from the endpoint URL (0.6342ms)
✔ crmEndpointForLog defaults to the module-loaded CRM_FORM_LEAD_ENDPOINT and never leaks credentials (0.5142ms)
✔ splitNameForCrm returns empty firstname and lastname for blank input (4.2391ms)
✔ splitNameForCrm duplicates a single token into firstname and lastname (1.4635ms)
✔ splitNameForCrm takes the first and last token for multi-word names (0.5492ms)
✔ formatCrmMoveDate preserves the UTC calendar date as unpadded M/D/YYYY (0.4677ms)
✔ buildCrmFormLeadPayload defaults label to CRM_FORM_LEAD_LABEL when blank (12.5189ms)
✔ [AC-03] buildCrmFormLeadPayload uses the provider ref_no as Granot leadno (1.1059ms)
✔ [AC-03] Form Job Number parity does not reinterpret ref_no as CRM leadno (1.1194ms)
✔ [AC-03] buildCrmFormLeadPayload carries lid in notes without using it for identity (1.4062ms)
✔ [AC-03] buildCrmFormLeadPayload leaves leadno blank for the not-provided sentinel (1.1187ms)
✔ buildCrmFormLeadPayload maps lead fields onto the Granot wire shape (4.0507ms)
✔ [AC-08] CRM payload does not invent an absent trusted Granot move date (1.0935ms)
✔ summarizeCrmPayloadForLog masks PII and fingerprints identifiers and locations (3.7435ms)
✔ summarizeCrmPayloadForLog handles blank PII fields without throwing (2.4381ms)
✔ upsertCustomerFromBookingContact matches by phone when provided (4.0384ms)
✔ upsertCustomerFromBookingContact falls back to lead phone when customer phone is blank (0.7277ms)
✔ upsertCustomerFromBookingContact matches by normalized name when phone is absent (0.6701ms)
✔ upsertCustomerFromLead allows name-only leads (0.9441ms)
✔ close sets yesterday status closed when it is still open (3.9007ms)
✔ close is a no-op when yesterday is already closed (0.6696ms)
✔ close also seals older open days, not only yesterday (0.5537ms)
✔ 2026-06-01T03:00:00.000Z maps to the NY day 2026-05-31 (2.047ms)
✔ first day seed has 24 hourly buckets and known Source Company slugs (2.0542ms)
✔ metric_touches expand hourly.* onto the NY hour and always bump revision (0.4262ms)
✔ already-expanded hourly paths stay as written (0.3181ms)
✔ dotted increments apply onto a seeded day including hourly buckets (0.6807ms)
✔ previousEasternDayKey walks the NY calendar, not UTC midnight (0.5794ms)
✔ florida timestamp bounds are UTC wall-clock of the day key (0.6745ms)
✔ eastern instant bounds start at NY midnight, not UTC midnight (0.8391ms)
✔ sumHourlyThrough is pace 0..currentNyHour, not the full day (0.4897ms)
✔ first open emits snapshot then tails Redis envelopes as event plus metrics (5.9077ms)
✔ valid Last-Event-ID skips snapshot and continues from the cursor (2.5827ms)
✔ invalid Last-Event-ID is treated as first open and emits snapshot (7.115ms)
✔ missing Redis uses Mongo tail oldest-after-cursor and still emits facts (2.5696ms)
✔ a burst of facts in one wake keeps every touch in the metrics frame (25.4883ms)
✔ Redis throw degrades to Mongo tail for that loop (1.3474ms)
✔ replica-lag skip retries the same Redis id and does not drop the event (1.7084ms)
✔ lane query is ignored — one socket emits every Daily Operations Event (20.603ms)
✔ heartbeat fires after 15s idle and has no id (7.9196ms)
✔ parseDailyOperationsXread reads object and flat-array field shapes (1.2681ms)
✔ test runner never constructs an Upstash client for the live isolate (0.3897ms)
✔ rebuild of an open day replaces counters and never deletes events (6.664ms)
✔ rebuild refuses a closed day and leaves counters and events alone (1.8169ms)
✔ rebuild of a missing open day still writes seeded counters (1.0302ms)
✔ rebuild rejects a deleteEvents hook so events stay append-only (1.0728ms)
{"level":"warn","time":"2026-09-19T02:53:03.037Z","service":"vantage-main-server","env":"development","msg":"daily_operations.redis.xadd_failed","kind":"form_lead.created","day":"2026-05-31","err":{"type":"Error","message":"upstash unavailable","stack":"Error: upstash unavailable\n    at Object.xadd (C:\\Users\\Pinda\\Proyectos\\vantage\\vantage-main-server\\src\\services\\dailyOperations\\recordDailyOperationsFact.test.ts:254:15)\n    at publishRedisDoorbell (C:\\Users\\Pinda\\Proyectos\\vantage\\vantage-main-server\\src\\services\\dailyOperations\\recordDailyOperationsFact.ts:200:34)\n    at recordDailyOperationsFact (C:\\Users\\Pinda\\Proyectos\\vantage\\vantage-main-server\\src\\services\\dailyOperations\\recordDailyOperationsFact.ts:307:11)\n    at async TestContext.<anonymous> (C:\\Users\\Pinda\\Proyectos\\vantage\\vantage-main-server\\src\\services\\dailyOperations\\recordDailyOperationsFact.test.ts:249:18)\n    at async Test.run (node:internal/test_runner/test:1332:7)\n    at async Test.processPendingSubtests (node:internal/test_runner/test:911:7)"}}
✔ unique dedupe_key insert increments the named metric_touches (8.8629ms)
✔ duplicate dedupe_key is a no-op: no second increment and no XADD (8.2339ms)
✔ closed day skips increment and records empty metric_touches (1.5819ms)
✔ missing Redis client still persists the event and day increment (1.3722ms)
✔ test runner never constructs a publish that would call Upstash (0.8452ms)
✔ Redis XADD failure is swallowed and does not fail the fact (41.9911ms)
✔ successful XADD stores redis_stream_id and only envelope fields (2.3441ms)
✔ writer never throws when stores fail (3.1239ms)
✔ test sink captures when stores are not injected (1.6191ms)
✔ granot.minted increments decisions only and sheet sync increments only its own panel counter (16.1092ms)
{"level":"error","time":"2026-09-19T02:53:03.073Z","service":"vantage-main-server","env":"development","msg":"daily_operations.record_fact_failed","kind":"form_lead.created","err":{"type":"Error","message":"mongo down","stack":"Error: mongo down\n    at Object.insertEvent (C:\\Users\\Pinda\\Proyectos\\vantage\\vantage-main-server\\src\\services\\dailyOperations\\recordDailyOperationsFact.test.ts:326:15)\n    at recordDailyOperationsFact (C:\\Users\\Pinda\\Proyectos\\vantage\\vantage-main-server\\src\\services\\dailyOperations\\recordDailyOperationsFact.ts:261:35)\n    at TestContext.<anonymous> (C:\\Users\\Pinda\\Proyectos\\vantage\\vantage-main-server\\src\\services\\dailyOperations\\recordDailyOperationsFact.test.ts:323:24)\n    at Test.runInAsyncScope (node:async_hooks:227:14)\n    at Test.run (node:internal/test_runner/test:1325:25)\n    at Test.processPendingSubtests (node:internal/test_runner/test:911:18)\n    at Test.postRun (node:internal/test_runner/test:1465:19)\n    at Test.run (node:internal/test_runner/test:1390:12)\n    at async Test.processPendingSubtests (node:internal/test_runner/test:911:7)"}}
{"level":"info","time":"2026-09-19T02:53:12.893Z","service":"vantage-main-server","env":"development","msg":"call_lead.create.sheet_sync.disabled","resource":"source_lead","leadModel":"CallLead","leadId":"507f1f77bcf86cd799439011"}
✔ Form create increments leads.form + origin + company once (16.635ms)
✔ Duplicate Form increments leads.duplicate_form only (1.1534ms)
✔ reused WordPress lead does not call the writer (0.446ms)
✔ zip 33101 + state not_found counts the Lead and records exception.zip_missing (2.8369ms)
✔ Call unmatched increments leads.unmatched_call only (1.4558ms)
✔ Call zip present + blank state is a zip miss and still counts the Lead (1.3032ms)
✔ quiet hours at 02:14 ET record text.deferred with 8:00 AM send_at and no messages.successful (2.5682ms)
✔ 07:00 ET send records text.sent only (0.978ms)
✔ first sent/delivered after deferred records text.sent once (2.1037ms)
✔ status callback terminal fail records text.failed (0.785ms)
✔ unapplied status callback does not call the writer (0.3862ms)
✔ dispatchOrQueue skipped path records text.skipped (2.9347ms)
✔ completeCallLeadIngestion records call_lead.created once via the sink (4.1243ms)
✔ CRM HTTP fail records exception.crm_failed (21.3672ms)
✔ RingCentral adoption conflict records exception.adoption_conflict and not a Call Lead create (8.403ms)
✔ duplicate booking submission helper is not used — skip is kind duplicate at finalize (1.359ms)
✔ employee pending booking increments employee_pending and not a kind bucket (1.464ms)
✔ cancellation.created uses cancellation:<id>:created (0.9318ms)
✔ writer sink captures without stores and does not require Mongo (0.7472ms)
✔ zipMissSides treats not_found and blank as a miss only when a zip is present (0.3581ms)
{"level":"info","time":"2026-09-19T02:53:12.895Z","service":"vantage-main-server","env":"development","msg":"lead.call.created","observability_level":"info","category":"lead","workflow":"call_lead_create","source_company":"tbm_leads","entity_id":"507f1f77bcf86cd799439011"}
{"level":"info","time":"2026-09-19T02:53:12.906Z","service":"vantage-main-server","env":"development","msg":"crm.form_lead.submit.started","leadId":"507f1f77bcf86cd799439011","endpoint":"https://lead.hellomoving.com/LEADSGWHTTP.lidgw?&API_ID=[redacted]&MOVERREF=[redacted]","payload":{"label":"Main Site Forms","firstname":"J***","lastname":"C***","ozip":"sha256:ce6d2151873f","dzip":"sha256:9a1f53dc5d98","email":"j***@example.com","phone1":"***2222","movesize":"14","movedte":"","notes":"","leadno":""}}
{"level":"info","time":"2026-09-19T02:53:12.906Z","service":"vantage-main-server","env":"development","msg":"crm.form_lead.submit.started","observability_level":"info","category":"crm","workflow":"crm_submit","source_company":"tbm_leads","entity_id":"507f1f77bcf86cd799439011"}
{"level":"info","time":"2026-09-19T02:53:12.916Z","service":"vantage-main-server","env":"development","msg":"crm.form_lead.submit.http_error","leadId":"507f1f77bcf86cd799439011","endpoint":"https://lead.hellomoving.com/LEADSGWHTTP.lidgw?&API_ID=[redacted]&MOVERREF=[redacted]","status":400,"responseText":"bad request"}
{"level":"error","time":"2026-09-19T02:53:12.916Z","service":"vantage-main-server","env":"development","msg":"crm.form_lead.submit.http_error","observability_level":"error","category":"crm","workflow":"crm_submit","source_company":"tbm_leads","entity_id":"507f1f77bcf86cd799439011"}
{"level":"info","time":"2026-09-19T02:53:12.925Z","service":"vantage-main-server","env":"development","msg":"ringcentral.ingest.processed","action":"dry_run","writeMode":"dry_run","duplicate":false,"duplicateReason":"unique","ingestionSource":"webhook","telephonySessionId":"u20-session","callLogId":null,"sourceCompany":"main_site","durationSeconds":180,"callLeadId":null}
✔ applyBestRelocationPlan is not a Daily Operations hook site (49.7923ms)
✔ persistLeadMessageIntent is not a Daily Operations hook site (2.1708ms)
✔ completeFormLeadIngestion hooks after the reused-lead return (2.2037ms)
✔ duplicate booking finalize returns before the Daily Operations writer (1.8589ms)
✔ Sheet Sync job outcomes record one deduped fact per job and outcome with a metric touch (2.1213ms)
✔ the drainer records Sheet Sync facts on synced and failed jobs, never on coalesced duplicates or deferrals (6.0501ms)
✔ completeCallLeadIngestion is the only Call Lead volume hook (3.7728ms)
✔ lead_created capture increments webhook class only (6.6038ms)
✔ priority_updated capture increments webhook class only (0.9437ms)
✔ Booked payload at capture increments class and booked once (1.1786ms)
✔ Release payload at capture increments class and release once (0.5962ms)
✔ Releas token classifies as release (0.5515ms)
✔ unclassified booking_status_changed increments class only (0.8636ms)
✔ granot.minted touches decisions.minted only and does not increment leads.* (2.1398ms)
✔ outcome card parent_receipt_id pairs to the receipt card (1.1197ms)
✔ linked outcome uses parent_receipt_id and decisions.linked (0.9493ms)
✔ synchronize conflict pending does not record granot.linked (0.4505ms)
✔ processor maps observe / pending_match / unmatched and skips mint/link (0.7883ms)
✔ intake opened increments intakes.opened; refresh does not (1.0341ms)
✔ process-time Booked increments booked only when capture did not classify (0.9933ms)
✔ Booked increments those buckets once when capture already classified (0.6446ms)
✔ dead letter uses exception:dead_letter:<receiptId> (0.5764ms)
✔ receipt kind and dedupe follow spec §14 (0.3505ms)
✔ captureChannelOperationReceipt is not a Daily Operations hook site (27.8908ms)
✔ createLeadFromGranot finalize records granot.minted after existing after-commit work (1.8855ms)
✔ synchronizeLeadFromGranot pending carries outcome and provenance (1.6482ms)
✔ logProcessingCompletion records observe/pending/unmatched when no lead finalize ran (2.3181ms)
✔ dead letter hook is the drainer entered seam, not the 202 path (2.5406ms)
✔ webhook capture hooks after persist and before return (1.5386ms)
✔ missing open day returns seeded zeros, not 404 (7.4924ms)
✔ sheet_sync touches increment the day and surface on the snapshot; pre-hook days read zero (3.6697ms)
✔ missing yesterday yields null totals so the UI can show a dash (1.6322ms)
✔ yesterday_by_now is hourly 0..currentNyHour, not the full yesterday (1.6894ms)
✔ day_before and day_before_by_now come from the third NY day; missing day is null (1.8306ms)
✔ every SOURCE_COMPANIES slug is present including zeros (1.2063ms)
✔ wordpress_form is a present key even when zero (0.8951ms)
✔ intakes.still_open and texts.held_now are live queries, not day increments (1.0357ms)
✔ GET snapshot does not mutate loaded day documents (0.8777ms)
✔ events cursor is occurred_at ISO plus event id, parsed at the last colon (0.7438ms)
✔ events page is newest-first for the NY day and returns next_cursor (2.1901ms)
✔ test runner reports redis.configured false without constructing a client (1.6872ms)
{"level":"info","time":"2026-09-19T02:53:13.207Z","service":"vantage-main-server","env":"development","msg":"domain_command.applied","observability_level":"info","category":"admin","workflow":"canonical_domain_command","entity_id":"lead-admin"}
✔ [AC-21] command execution model has durable origin/idempotency uniqueness (4.2073ms)
✔ invalid command context fails before database access (5.1974ms)
✔ external ingestion rejects human executors and incomplete provenance (3.3361ms)
✔ [AC-21] four origins validate exactly; Granot and RingCentral identities cannot be client-forged (5.9235ms)
✔ [AC-21] replay returns stored applied result; checksum reuse conflicts; compatibility adapter is one-way (4.0683ms)
✔ [AC-21] failed command leaves no successful execution outcome (0.8045ms)
✔ [AC-21] stable now and preallocated IDs survive a transaction callback retry (1.7797ms)
✔ [AC-32] observation_channel must agree with the initiator path (0.7394ms)
✔ [AC-21] compatibility API-secret and scoped-key system actors validate for vantage_admin (2.8252ms)
✔ owner idempotency key helper preserves the 8-200 printable envelope (0.7986ms)
✔ call-lead command validates DTO without an unsupported ingestion field (6.9756ms)
{"level":"info","time":"2026-09-19T02:53:13.209Z","service":"vantage-main-server","env":"development","msg":"domain_command.applied","observability_level":"info","category":"admin","workflow":"canonical_domain_command","entity_id":"lead-1","run_id":"run-1"}
{"level":"info","time":"2026-09-19T02:53:13.211Z","service":"vantage-main-server","env":"development","msg":"domain_command.replayed","observability_level":"info","category":"admin","workflow":"canonical_domain_command","entity_id":"lead-1","run_id":"run-1"}
{"level":"info","time":"2026-09-19T02:53:13.214Z","service":"vantage-main-server","env":"development","msg":"domain_command.applied","observability_level":"info","category":"admin","workflow":"canonical_domain_command","entity_id":"lead-retry","run_id":"run-1"}
{"level":"info","time":"2026-09-19T02:53:13.219Z","service":"vantage-main-server","env":"development","msg":"domain_command.applied","observability_level":"info","category":"admin","workflow":"canonical_domain_command","entity_id":"lead-secret"}
{"level":"info","time":"2026-09-19T02:53:13.220Z","service":"vantage-main-server","env":"development","msg":"domain_command.applied","observability_level":"info","category":"admin","workflow":"canonical_domain_command","entity_id":"lead-scoped"}
✔ [AC-21] transaction-bound internals do not open nested transactions or finalize Sheets (38.073ms)
✔ canonical command modules do not depend on transport or Google adapters (4.9138ms)
✔ durable actor factories mint the fixed Granot and RingCentral identities (0.5601ms)
✔ [AC-32] existing write context factory hashes payload and never stores credentials (0.5282ms)
✔ [AC-32] v1 write routes enter existing adapters and do not patch models (15.1263ms)
✔ runExistingUpdateSourceOwnedLead still uses updateSourceOwnedLead and pending source_lead update (12.8263ms)
✔ [AC-32] existing write adapters persist Changes inside the executor and keep later commands disabled (75.5647ms)
﹣ [AC-21] [AC-32] replica existing write commits Command/Change/revision/outbox; replay and rollback do not (2.65ms) # Replica-set proof requires TEST_MODE=true before process start.
✔ [AC-32] contact and address paths are reference_only; low-risk paths stay stored (3.0337ms)
✔ [AC-32] Change builders omit raw contact values and emit deterministic paths (26.3675ms)
✔ [AC-32] no-op field collection emits no Change descriptors (0.5705ms)
✔ FORM and CALL CHANGE_PATHS include no_sync so a flip is not a silent no-op (0.6849ms)
✔ collectDocumentFieldChanges reports no_sync when it flips and no-ops when unchanged (1.2941ms)
✔ existing write context maps an Owner extension user to an owner actor (31.1068ms)
✔ existing write context maps Owner plus Sales to an owner actor (0.6217ms)
✔ existing write context rejects sales extension user (1.0183ms)
✔ existing write context rejects customer_service extension user (0.2947ms)
✔ existing write context rejects sales+customer_service extension user (0.3222ms)
﹣ [AC-21] replica executor: exact stored-result replay, checksum conflict, and no second mutation (2.331ms) # Replica-set proof is opt-in via GRANOT_LIFECYCLE_REPLICA_TESTS=true.
﹣ [AC-21] replica executor: same-key commit race has one winner and exact replay of the stored result (0.587ms) # Replica-set proof is opt-in via GRANOT_LIFECYCLE_REPLICA_TESTS=true.
﹣ [AC-21] replica executor: expected-revision loser is DOMAIN_REVISION_CONFLICT with no Decision/Command (0.4699ms) # Replica-set proof is opt-in via GRANOT_LIFECYCLE_REPLICA_TESTS=true.
﹣ [AC-32] replica executor: Receipt/Observation/Decision causal IDs persist; rollback leaves zero partial rows (0.363ms) # Replica-set proof is opt-in via GRANOT_LIFECYCLE_REPLICA_TESTS=true.
﹣ [AC-21] replica executor: stable now and preallocated IDs survive callback retry (0.5133ms) # Replica-set proof is opt-in via GRANOT_LIFECYCLE_REPLICA_TESTS=true.
﹣ [AC-32] replica executor: persist failure rolls back Decision, aggregate, and Command (0.4579ms) # Replica-set proof is opt-in via GRANOT_LIFECYCLE_REPLICA_TESTS=true.
﹣ [AC-32] replica executor: post-commit finalize never runs on rollback (0.4005ms) # Replica-set proof is opt-in via GRANOT_LIFECYCLE_REPLICA_TESTS=true.
﹣ [AC-32] replica executor: no Sheet/queue/email/CRM call occurs before commit (0.4591ms) # Replica-set proof is opt-in via GRANOT_LIFECYCLE_REPLICA_TESTS=true.
✔ canonical JSON is stable across object insertion order (4.3699ms)
✔ canonical JSON rejects unsupported values (1.4606ms)
✔ effective capability requires all three gates (1.8941ms)
✔ provider failures classify and retry deterministically (1.4276ms)
✔ fenced in-memory leases reject stale epochs (1.2641ms)
✔ model-backed lease schema carries unique scope and fencing epoch (1.6995ms)
✔ run fake enforces status graph, lease fencing, and monotonic checkpoints (1.4812ms)
✔ system actors remain distinct and metadata is sanitized (0.9775ms)
✔ listBookingLeadReconciliationCases returns admin-facing summary fields (7.115ms)
✔ getBookingLeadReconciliationCase returns detail fields consumed by admin (1.8021ms)
✔ searchBookingLeadCandidates returns compact case-aware results with a cursor (8.8619ms)
✔ searchBookingLeadCandidates Call q and contact filters include snapshot paths (12.1301ms)
✔ searchBookingLeadCandidates returns Granot and ingested contact snapshots (8.8462ms)
✔ dismissing an owner_booking pending case leaves the Booking Leadless (8.1266ms)
✔ reopenBookingLeadReconciliation guards status and live booking before rematch (2.084ms)
✔ assembleEmployeeBookingOptions joins active granularities to active companies (5.5612ms)
✔ assembleEmployeeBookingOptions ignores unknown company ids (0.5563ms)
✔ candidate query detects the 26th matching lead instead of proving false uniqueness (12.5784ms)
✔ candidate snapshots keep Granot and ingested contact for owner display (1.4986ms)
✔ candidate query tags a unique Form Lead Job Number as job_no (4.6722ms)
✔ evaluateEmployeeBookingMatch auto-links a unique Call Lead Job Number (3.9144ms)
✔ evaluateEmployeeBookingMatch auto-links a unique Form Lead Job Number on form channel (1.2401ms)
✔ evaluateEmployeeBookingMatch treats two Call Leads with the same Job Number as multiple_matches (2.378ms)
✔ evaluateEmployeeBookingMatch leaves same-phone no-job as pending no_match (4.454ms)
✔ evaluateEmployeeBookingMatch never auto-links LID, email, or phone under Exact Job Booking Attach (1.1745ms)
✔ evaluateEmployeeBookingMatch never auto-links when candidate query overflowed (0.934ms)
✔ evaluateEmployeeBookingMatch returns channel_conflict for opposite-channel-only Job Number (0.6414ms)
✔ evaluateEmployeeBookingMatch respects none policy (0.685ms)
✔ evaluateEmployeeBookingMatch treats contradictory phone/name signals as a hard conflict (2.0953ms)
✔ evaluateEmployeeBookingMatch blocks Job Number and Phone pointing to different Leads (6.5649ms)
✔ evaluateEmployeeBookingMatch does not auto-link a different same-company granularity (1.0709ms)
✔ evaluateEmployeeBookingMatch rematch attaches only after a unique job appears (0.6858ms)
✔ test-mode migration apply remains available with --apply (2.474ms)
✔ production migration apply requires explicit confirmation (0.9187ms)
✔ test mode cannot apply to the production database without production confirmation (0.3456ms)
✔ production migration apply rejects an unexpected connected database (0.2916ms)
✔ production migration apply accepts explicit confirmation on the production database (0.2493ms)
✔ collectNormalizedCollisions groups normalized duplicates (3.9434ms)
✔ reportHasBlockingCollisions flags booking identity collisions (2.4391ms)
✔ submission collision preflight ignores bookings outside the partial unique index scope (0.4821ms)
✔ deriveTrustedOwnerActor rejects bare api secret actor (18.9141ms)
✔ deriveTrustedOwnerActor accepts trusted owner headers with primary secret (1.8163ms)
✔ deriveTrustedOwnerActor accepts owner users directly (0.9759ms)
✔ deriveTrustedOwnerActor rejects non-owner users and bare secrets (1.7302ms)
✔ assertExactWarningOverrides requires exact current overrideable warnings (0.9601ms)
✔ assertAllowedCaseAction allows only valid transitions (0.6862ms)
✔ assertLiveBookingState blocks cancelled and invalid booking states (0.8199ms)
✔ applyCursorFilter uses date plus id tie-break (2.168ms)
✔ decodeDateIdCursor rejects malformed dates and object ids (0.9419ms)
{"level":"info","time":"2026-09-19T02:53:16.129Z","service":"vantage-main-server","env":"development","msg":"mongo.dns.servers_configured","servers":["8.8.8.8","1.1.1.1"]}
✔ cold rematch connects to Mongo before attempting a lease or model operation (36.9176ms)
✔ rematch snapshots Exact Job Booking Attach, not the retired five-rule list (3.3281ms)
✔ rematch evaluator attaches only when a unique Call Lead job appears (4.7389ms)
✔ call lead enrichment prefers source-compatible Job Number matches when the row has a Job Number (35.9835ms)
✔ call lead enrichment blocks sync when phone matches only across assigned source companies (21.2649ms)
✔ syncCallLeadEnrichment does not write when source match is conflict (9.0664ms)
✔ call lead enrichment can claim an unassigned phone-matched call lead source (1.6964ms)
✔ preview does not write live phone, name, or email (2.2297ms)
✔ conflicting stored Job Number is not overwritten (3.1142ms)
✔ row Job on Lead A plus Granot phone equal to Lead B ANI selects A (1.9417ms)
✔ contact-only Granot card diff is updateable (3.4273ms)
✔ preview phone rung does not query granot_contact_snapshot (1.1443ms)
✔ parseEnrichmentRow enriches valid cities while ignoring zero and comma placeholders (3.0314ms)
✔ AppError defaults to INTERNAL code and 500 status when no options are given (2.0383ms)
✔ AppError preserves code, statusCode, internalMessage, cause, and metadata from options (1.6726ms)
✔ AppError.toLog returns a safe, structured summary of public fields plus log-only context (0.5754ms)
✔ AppError.toLog omits cause/internalMessage/metadata when they are not provided (0.3463ms)
✔ AppError.toLog handles string causes and unserializable causes without throwing (0.5581ms)
✔ AppError does NOT expose internalMessage or cause via its public message field (0.3133ms)
✔ BadRequestError defaults to 400 and BAD_REQUEST code (2.2001ms)
✔ ValidationError defaults to 400 and VALIDATION code (1.8177ms)
✔ UnauthorizedError defaults to 401 and UNAUTHORIZED code (0.4204ms)
✔ NotFoundError defaults to 404 and NOT_FOUND code (0.7051ms)
✔ ConflictError defaults to 409 and CONFLICT code (0.3477ms)
✔ IntegrationError defaults to 502 and INTEGRATION code (0.4049ms)
✔ subclasses allow callers to override the default statusCode without losing the code (0.3493ms)
✔ subclasses carry their constructor name (useful for log filters) (0.4471ms)
✔ subclasses are all instanceof AppError and Error (0.5583ms)
✔ createExtensionUser persists canonical roles and never returns the secret (5.7753ms)
✔ createExtensionUser rejects a duplicate email (1.7994ms)
✔ listExtensionUsers returns roles and dual-reads leftover employee (0.8067ms)
✔ toAdminExtensionUser dual-reads leftover employee as Sales plus Customer Service (0.3908ms)
✔ updateExtensionUser bumps token_version only on actual email, password, or roles change (4.1088ms)
✔ updateExtensionUser rejects a duplicate email with the create message (1.0819ms)
✔ updateExtensionUser returns not found for a missing id (0.6953ms)
✔ deleteExtensionUser removes the row so the email can be reused (0.7523ms)
✔ deleteExtensionUser returns not found for a missing id (0.6008ms)
✔ fetchDriveFileMetadata maps 404 distinctly from 403 access denied (11.5683ms)
✔ fetchDriveFileMetadata maps provider failures to integration errors (0.9735ms)
✔ Google refresh tokens round-trip through authenticated encryption (3.9515ms)
✔ encrypted Google refresh tokens are bound to the owner identity (1.7579ms)
✔ OAuth state is stored as a deterministic SHA-256 digest (1.1552ms)
✔ Google Drive folder IDs can be read from IDs or shared URLs (0.6429ms)
✔ invalid Google Drive folder IDs are rejected (1.1316ms)
✔ a requested folder is created under the normalized configured parent (2.2442ms)
✔ public Google OAuth config excludes server secrets (12.4528ms)
✔ sanitized Google Drive connection status excludes configured owner email (0.6723ms)
✔ sanitized Google Drive connection status excludes refresh credentials (4.7608ms)
✔ Picker bootstrap allowlist rejects unexpected response fields (3.6913ms)
✔ reporting ownership marker round-trips and matches destination ID (0.9135ms)
✔ allowed OAuth scopes reject overgrant and extra scopes (2.4799ms)
✔ OAuth scope normalization is order-insensitive (1.9249ms)
✔ Google userinfo.email URI is treated as the email scope (0.4309ms)
✔ google drive owner auth accepts the signed owner admin proxy (11.9004ms)
✔ google drive owner auth rejects scoped API keys (1.9175ms)
✔ google drive owner auth accepts an allowlisted extra owner email (2.1672ms)
✔ google drive owner auth rejects a signed owner outside the allowlist (2.6252ms)
✔ google drive owner auth requires signed owner matching configured identity (2.5828ms)
✔ sanitized google drive API errors do not expose configured owner email (1.729ms)
✔ callback failure logs use stable categories without provider text (0.7255ms)
✔ drive metadata validation rejects wrong mime types (4.3404ms)
✔ drive metadata validation rejects trashed files (0.5321ms)
✔ drive metadata validation rejects non-owned files (0.9277ms)
✔ picker nonce and selection references hash to stable digests (0.9354ms)
✔ invalid picker selection preserves nonce until metadata validates (9.8487ms)
✔ picker nonce replay is rejected after successful verification (2.0593ms)
✔ concurrent valid picker verifications issue at most one selection reference (1.8198ms)
✔ invalid selection reference metadata preserves reference until validation passes (4.288ms)
✔ denylisted workbook preserves reference until denylist clears (4.0548ms)
✔ denylist configuration fails closed without consuming reference (1.6839ms)
✔ selection reference replay is rejected after successful consume (1.3151ms)
✔ concurrent valid selection reference consumes yield at most one winner (1.7315ms)
✔ extractStateCodeFromGoogleGeocodeResponse uses postal address state code (2.2407ms)
✔ extractStateCodeFromGoogleGeocodeResponse converts state component name (2.4552ms)
✔ Form Lead that is not a Duplicate Lead expects Master Leads Forms (3.9017ms)
✔ Duplicate Form Lead expects Master Leads Duplicates (0.5566ms)
✔ Bad Lead expects the primary tab and Bad Leads (0.3709ms)
✔ Call Lead that is not a Duplicate Lead expects Master Leads Calls (0.4235ms)
✔ Duplicate Call Lead expects Master Leads Duplicate Calls (1.1563ms)
✔ Unmatched Call Lead is not expected on Master Leads (0.4133ms)
✔ ordinary No-Sync Form Lead skips Master Leads with no_sync (0.4648ms)
✔ ordinary No-Sync Call Lead skips Master Leads with no_sync (2.1316ms)
✔ No-Sync + Bad Lead still expects today's Bad tabs (0.4808ms)
✔ No-Sync + Duplicate Call Lead still expects Duplicate Calls (0.5105ms)
✔ Booking expects Master Booked Booked Deals (0.3876ms)
✔ Cancellation expects Master Booked Cancelled Deals (0.2439ms)
✔ formatDateOnly returns ISO date prefix (2.6885ms)
✔ formatTimestamp uses owner-facing UTC clock components (0.44ms)
✔ booleanCell maps booleans to sheet strings (0.3722ms)
✔ localCell maps values to local/long_distance (0.4105ms)
✔ optionalLocalCell returns empty string when blank (0.4343ms)
✔ bookedCell, bookedDateCell, cancelledCell, quotedCell map booleans to labels (2.1876ms)
✔ overThresholdCell returns label or blank (0.3468ms)
✔ formatNumber stringifies finite numbers and elides null/undefined/NaN (0.3455ms)
✔ primaryBookingAgent returns first agent name snapshot (0.5107ms)
✔ splitCell only flags true splits when there are at least two named allocations with non-zero amounts (0.6452ms)
✔ formLeadToRow projects fields in the documented header order (1.0911ms)
✔ formLeadToRow defaults missing ref_no to 'not provided' (0.4786ms)
✔ lead projections use exact GetMovers source labels (0.6382ms)
✔ formLeadToRow clears booking reporting columns after booking deletion (0.3236ms)
✔ callLeadToRow projects fields in the documented header order (0.3473ms)
✔ callLeadToRow clears booking reporting columns after booking deletion (0.2834ms)
✔ bookedLeadToRow projects allocations, customer, and lead ref (0.7439ms)
✔ bookedLeadToRow writes form source label from canonical slug (0.2915ms)
✔ bookedLeadToRow writes call source label from canonical slug (0.2787ms)
✔ bookedLeadToRow resolves legacy source labels before writing (0.1962ms)
✔ bookedLeadToRow projects referral customer name and blank lead ref (0.2991ms)
✔ bookedLeadToRow projects leadless booking source label and blank lead ref (0.2204ms)
✔ cancelledLeadToRow projects cancellation fields (0.3035ms)
✔ cancelledLeadToRow leaves cancel_date blank when missing (0.1601ms)
✔ rowsFromValues maps Mongo ID cells and keeps evidence columns (4.2341ms)
✔ found Form Lead returns Master Leads Forms evidence and a sheet link (5.5608ms)
✔ missing Form Lead stays missing and can attach an open Sheet Sync job (1.4349ms)
✔ Form Lead on Duplicates when Forms was expected is wrong_tab (0.9737ms)
✔ unmatched Call Lead is not_expected and does not read tabs (1.5742ms)
✔ ordinary No-Sync Form Lead is not_expected and does not read tabs (3.2263ms)
✔ ordinary No-Sync Call Lead is not_expected and does not read tabs (10.3067ms)
✔ No-Sync + Bad Lead uses today's Bad expected tabs, not the no_sync skip (1.5379ms)
✔ No-Sync + Duplicate Call Lead uses today's Duplicate Calls tab, not the no_sync skip (1.7119ms)
✔ ordinary Call missing from Calls is still missing (0.8195ms)
✔ unknown Mongo id is not_found (3.2048ms)
✔ Bad Lead found on Forms but missing Bad Leads is still found with a missing tab (0.8043ms)
✔ Booking found on Booked Deals (0.7215ms)
✔ preserves request order and dedupes ids (0.9517ms)
✔ ensureTabsAndHeaders expands an undersized existing grid without shrinking it (4.555ms)
✔ Master Leads provisions a dedicated Duplicate Calls tab (2.1266ms)
✔ Duplicate Calls tab reuses the Calls headers (5.9105ms)
✔ duplicate-call sync targets resolve to the Calls headers (1.7413ms)
✔ duplicate-call master target ensures the Master Leads tab set (0.4699ms)
✔ Master Leads provisions Bad Leads with form headers (0.3504ms)
✔ Bad Leads master target ensures the Master Leads tab set (0.2645ms)
✔ buildGranotCrmCsvObjectKeys creates latest/meta/history paths (5.2227ms)
✔ buildRegistryKey follows CRM origin host (0.7567ms)
✔ parseGranotCsv normalizes headers and skips total rows (4.7633ms)
✔ [AC-03] form identity vocabulary excludes lids while allowing Mongo id as a secondary lookup (8.1108ms)
✔ [AC-03] form planning gives exact FormLead.ref_no priority over every fallback (5.3692ms)
✔ exact identity wins but surfaces a source-company mismatch warning (0.7935ms)
✔ duplicate exact FormLead.ref_no candidates are a conflict (0.6791ms)
✔ [AC-03] form planning falls back only after FormLead.ref_no has no match (1.8289ms)
✔ [AC-03] form planning resolves an ObjectId ref_no only after exact field lookup misses (7.335ms)
✔ fallback ties resolve by source company then quoted prior (1.1232ms)
✔ fallback refuses a sole candidate from a different source company (0.7658ms)
✔ fallback does not select a lead from name alone (1.7367ms)
✔ fallback scores only candidates that pass the source-company gate (0.7381ms)
✔ form patch has extension parity and fills only missing locations (1.3191ms)
✔ [AC-33] form planning labels Booked Jobs and Follow Up sections separately (0.6682ms)
✔ apply deployment gate is explicit (0.3815ms)
✔ form patch never overwrites an existing receiver (7.2087ms)
✔ source report parsing returns both Granot lead sections with job numbers (29.5621ms)
✔ source report parsing finds Granot's nested tables after centered headings (25.9746ms)
✔ content hashes ignore per-login Granot session tokens (16.1363ms)
✔ collected rows map to existing call-lead endpoint payloads (7.9908ms)
✔ call-lead payloads never expose or interpret Granot ref_no (6.6104ms)
✔ collector follows the Granot report flow and records absent sources (41.2197ms)
✔ collector retries the full flow when the source page expires the session (19.0372ms)
✔ collector rejects impossible date windows before contacting Granot (1.5471ms)
✔ [AC-33] Form Follow Up statement keeps raw Priority, separate user/rep, and location aliases (8.9771ms)
✔ [AC-33] Form Booked statement is booking_action_apply with raw Booked evidence (1.4763ms)
✔ [AC-33] Call enrichment statement does not collapse user/rep (0.5595ms)
✔ [AC-33] Call Booked statement keeps raw Booked and does not infer Release (0.5019ms)
✔ [AC-02] oversized ${run_id}:${action_id} is rejected before plan lock (1.1479ms)
✔ [AC-02] schema-v1 plans fail closed as RUN_REPLAN_REQUIRED (0.5283ms)
✔ [AC-02] sealing a collected plan stores schema v2 lifecycle_apply before checksum (1.3515ms)
✔ pending lifecycle outcomes keep the run applying (0.6874ms)
✔ run-group creation inserts two correlated compatible queued children (8.0624ms)
✔ run-group validation completes before any child insertion (8.2111ms)
✔ call plan previews convert Mongo ObjectIds before checksumming (5.7829ms)
✔ form expected filters do not cast empty strings as ObjectIds (0.6265ms)
✔ [AC-02] applyRun has no runtime path to legacy Form/Call/Booked mutation services (23.9991ms)
✔ source IDs canonicalize case before lookup and duplicate validation (6.507ms)
✔ source partitioning keeps only compatible IDs in each child snapshot (0.6212ms)
✔ [AC-38] unavailable resolve issues keep INVALID_GRANOT_SOURCES and per-source codes (0.3472ms)
✔ run-group resolve asks each source only for operations its Registry routes permit (10.9399ms)
✔ a source with no matching Registry route still fails the asked operation (0.5987ms)
✔ [AC-38] resolve never treats label or supported_operations as semantic authority (0.4027ms)
✔ source partitioning rejects an empty selected workflow (0.4071ms)
﹣ [AC-21] replica CAS: one winner increments once; loser is DOMAIN_REVISION_CONFLICT (2.0867ms) # Replica-set proof is opt-in via GRANOT_LIFECYCLE_REPLICA_TESTS=true.
✔ [AC-21] CAS primitive requires { _id, domain_revision } and names DOMAIN_REVISION_CONFLICT (3.8871ms)
✔ [AC-37][AC-38] Unit 30 rollout alert codes stay frozen (3.4988ms)
✔ [AC-37] oldest due fires only after 15 minutes plus 10 minutes continuity (4.8492ms)
✔ [AC-31] insufficient data never recovers an active alert (0.5917ms)
✔ [AC-37] any current dead letter fires and zero is ok (2.0135ms)
✔ [AC-37] capture 503 and claim-recovery windows use exact thresholds (0.6984ms)
✔ [AC-31] empty p95 and source-rate samples are insufficient_data, not success (0.3964ms)
✔ [AC-31] p95 uses deterministic nearest-rank and the 10-minute threshold (0.5913ms)
✔ [AC-38] RingCentral lease and enabled-source ambiguity rate stay bounded (0.6143ms)
✔ [AC-37] repeated evaluation does not fan out: only open/clear transitions emit (0.3631ms)
✔ [AC-05] planner conversion keeplisted Priority/Quoted/move paths and drops derived metadata (39.0526ms)
✔ [AC-05] quoted:false is rejected and no write path sets it false (1.4534ms)
✔ snapshot-only Call plan converts and keeps live phone off contact_changed_paths (1.228ms)
✔ [AC-10] [AC-12] contact leaves stay on current-contact paths; snapshot is not a contact leaf (0.4467ms)
✔ [AC-11] FormLead destination_zip is allowed and CallLead delivery_zip is required instead (0.5906ms)
✔ [AC-32] forbidden metadata, extra paths, and unsorted path lists are rejected (3.686ms)
✔ [AC-32] contact hash is stable and omits values from the checksum helper output (22.1254ms)
﹣ [AC-02] concurrent automation operation ID + same hash yields one receipt (3.3843ms) # Replica-set proof requires TEST_MODE=true before process start.
﹣ [AC-02] concurrent automation operation ID + different hash has one winner and 409 (0.8024ms) # Replica-set proof requires TEST_MODE=true before process start.
﹣ [AC-02][AC-33] automation apply captures one receipt, replays it, and writes zero forbidden collections (0.5371ms) # Replica-set proof requires TEST_MODE=true before process start.
✔ [AC-02][AC-33] automation apply captures granot_http_automation then claimAndProcessOrPoll (4.5163ms)
✔ [AC-02] exact replay returns the stored terminal receipt without another capture (0.6228ms)
✔ [AC-02] accepted_for_processing yields a nonterminal receipt for the same operation ID (1.1538ms)
✔ pending_match stays accepted_for_processing until a terminal Decision exists (0.5221ms)
✔ dead-lettered receipts become bounded technical_failure (1.9779ms)
✔ processing disabled leaves the durable receipt recoverable (0.6258ms)
✔ [AC-38] missing automation reference is visible and unavailable for apply (2.0307ms)
✔ [AC-38] invalid referenced Registry row is missing_reference, not a label fallback (0.4844ms)
✔ [AC-38] multiple normalized Registry matches make the automation source ambiguous (0.2995ms)
✔ [AC-38] disabled, lifecycle-disabled, or deferred Registry rows cannot be applied (0.3357ms)
✔ [AC-38] Call routes cannot satisfy a form_leads apply selection (0.3951ms)
✔ [AC-09] ready Form policy permits form_leads and never uses supported_operations as authority (1.6545ms)
﹣ [AC-21][AC-22][AC-23][AC-32] replica confirm is atomic, replay-safe, exact, and source-preserving (6.346ms) # Replica-set proof requires TEST_MODE=true before process start.
﹣ [AC-22][AC-23] inactive catalog failure leaves the whole effect set invisible (1.0985ms) # Replica-set proof requires TEST_MODE=true before process start.
﹣ [AC-21] simultaneous confirms produce one winner and no duplicate effects (0.7252ms) # Replica-set proof requires TEST_MODE=true before process start.
﹣ [AC-20][AC-21][AC-24][AC-32] replica update fully replaces official fields with one causal chain (0.6993ms) # Replica-set proof requires TEST_MODE=true before process start.
﹣ [AC-20][AC-21][AC-32] replica No Action resolves only case and Command with exact replay (0.6858ms) # Replica-set proof requires TEST_MODE=true before process start.
﹣ [AC-24][AC-32] replica update rolls back atomically after every persisted write boundary (0.8395ms) # Replica-set proof requires TEST_MODE=true before process start.
﹣ [AC-21] replica update versus No Action has one case-revision winner (0.5834ms) # Replica-set proof requires TEST_MODE=true before process start.
﹣ Confirm omit selected_lead with unique high suggestion attaches and queues booking_chain (0.9448ms) # Replica-set proof requires TEST_MODE=true before process start.
﹣ Confirm omit selected_lead with medium-only suggestion creates a Leadless Booking (0.5981ms) # Replica-set proof requires TEST_MODE=true before process start.
﹣ Confirm Owner-selected medium attaches that Lead (0.5641ms) # Replica-set proof requires TEST_MODE=true before process start.
﹣ Confirm lost claim fails closed and does not fall through to Leadless (1.7899ms) # Replica-set proof requires TEST_MODE=true before process start.
﹣ Update Existing Booking on a Granot Leadless Booking writes official fields and Master Booked only (1.0134ms) # Replica-set proof requires TEST_MODE=true before process start.
▶ selectBookingIntakeLatestAction
  ✔ returns undefined for empty evidence (2.1124ms)
  ✔ returns priority_5 when that is the only action (0.4171ms)
  ✔ ignores priority_5 when booked or release evidence exists (0.3382ms)
  ✔ selects the temporally latest booked or release action (0.4278ms)
  ✔ tie-breaks same captured_at with higher Observation id hex (0.3022ms)
✔ selectBookingIntakeLatestAction (6.0407ms)
﹣ [AC-R9] Confirm Cancellation succeeds only for AC-R3 posture and replays (4.1497ms) # Replica-set proof requires TEST_MODE=true before process start.
﹣ [AC-R9] create-missing + latest Release writes no Cancellation (1.3632ms) # Replica-set proof requires TEST_MODE=true before process start.
﹣ [AC-R9] latest Booked on review mode is GRANOT_CASE_REVISION_CONFLICT and writes no Cancellation (0.7465ms) # Replica-set proof requires TEST_MODE=true before process start.
﹣ [AC-R9] booking commands disabled is POLICY_BLOCKED even when release command flags are true (0.5005ms) # Replica-set proof requires TEST_MODE=true before process start.
﹣ [AC-RRF-01][AC-RRF-06] Release-first Referral review No Action closes the case only (0.7678ms) # Replica-set proof requires TEST_MODE=true before process start.
﹣ [AC-RRF-02] Release-first Referral review Update keeps one Booking (0.6634ms) # Replica-set proof requires TEST_MODE=true before process start.
﹣ [AC-RRF-03] Release-first review latest Booked Cancel is GRANOT_CASE_REVISION_CONFLICT (0.7606ms) # Replica-set proof requires TEST_MODE=true before process start.
﹣ [AC-RRF-03] Release-first review latest Release Cancel creates Cancellation without a Lead (0.8688ms) # Replica-set proof requires TEST_MODE=true before process start.
﹣ [AC-RRF-05] Release-first Referral review dead Registry is GRANOT_POLICY_BLOCKED (0.6583ms) # Replica-set proof requires TEST_MODE=true before process start.
﹣ [AC-RRF-01] Release-first Referral review job mismatch or pre-activation is GRANOT_IDENTITY_CONFLICT (5.5262ms) # Replica-set proof requires TEST_MODE=true before process start.
▶ assertBookingIntakeCancelAllowed
  ✔ allows open review_existing_booking with latest Release (8.9068ms)
  ✔ rejects create_missing_booking even when latest action is Release (1.1043ms)
  ✔ rejects create_referral_booking even when latest action is Release (0.3671ms)
  ✔ rejects review_existing_booking when latest action is Booked (0.5561ms)
  ✔ rejects a resolved review case even when latest action is Release (0.2586ms)
✔ assertBookingIntakeCancelAllowed (14.8388ms)
▶ isAcceptedReferralPolicyAction
  ✔ [AC-RRF-01] review_existing_booking + first action release → accept (0.4453ms)
  ✔ [AC-RRF-02] review_existing_booking + first action booked → accept (0.5735ms)
  ✔ [AC-RRF-01] create_referral_booking + first action booked → accept (0.2696ms)
  ✔ [AC-RRF-01] first action priority_5 / missing / unknown / empty → reject (0.2623ms)
✔ isAcceptedReferralPolicyAction (2.0586ms)
✔ [AC-P1] Priority 5 then Booked selects the preceding Priority Update (4.6783ms)
✔ [AC-P2] Booked that carries Priority 5 with no preceding Priority Update (0.529ms)
✔ [AC-P3] Booked without valid canonical 5 is booked_without_priority_5 (1.1836ms)
✔ [AC-P4] later Priority 5 is read-time only and does not become preceding (1.1709ms)
✔ equal temporal tuple is neither preceding nor later (0.9528ms)
✔ other jobs are ignored and lead_created Priority 5 is not preceding (2.5757ms)
✔ latest older Priority 5 wins when several precede Booked (2.5801ms)
✔ throws without a Booked creating Observation or Job Number (2.0803ms)
✔ isCanonicalPriorityFive requires valid canonical 5 (0.4519ms)
✔ wire and list projections keep IDs, times, route, and Priority only (5.6205ms)
﹣ [AC-28][AC-32] replica simultaneous Referral evidence opens one lead-free case and preserves Decision source policy (14.8783ms) # Replica-set proof requires TEST_MODE=true before process start.
﹣ [AC-18][AC-20][AC-32][AC-36] replica races converge, replay dedupes, and resolved rows advance max+1 (0.7261ms) # Replica-set proof requires TEST_MODE=true before process start.
﹣ [AC-20] replica candidate refresh splits owner and evidence revisions (0.7618ms) # Replica-set proof requires TEST_MODE=true before process start.
﹣ [AC-20][AC-32] replica transaction rolls back case create, refresh, and Decision failures (0.8325ms) # Replica-set proof requires TEST_MODE=true before process start.
﹣ [AC-P8] replica persists pairing on Booked open, replay is a no-op, later Priority 5 does not write (1.3783ms) # Replica-set proof requires TEST_MODE=true before process start.
﹣ [AC-R1] replica later Releas appends Release evidence on the same open Booked case (0.5033ms) # Replica-set proof requires TEST_MODE=true before process start.
﹣ [AC-R2] replica Releas first opens create-missing; later Booked refreshes the same case (0.6692ms) # Replica-set proof requires TEST_MODE=true before process start.
﹣ [AC-R7] replica later Releas after resolve opens sequence+1 create-missing; no Release case (0.5095ms) # Replica-set proof requires TEST_MODE=true before process start.
﹣ [AC-R7] replica later Releas after resolve opens sequence+1 review when Booking is still active (1.2565ms) # Replica-set proof requires TEST_MODE=true before process start.
﹣ [AC-R8] replica exact Release Observation replay is a no-op (3.1427ms) # Replica-set proof requires TEST_MODE=true before process start.
{"level":"info","time":"2026-09-19T02:53:32.862Z","service":"vantage-main-server","env":"development","msg":"granot_lifecycle.booking_case.opened","observability_level":"info","category":"booking","workflow":"granot_booking_reconciliation"}
✔ [AC-35] candidate browser preserves source scope metadata and override warning (11.4238ms)
▶ Booking Reconciliation classification
  ✔ [AC-18] Priority 5 never opens or refreshes a Booking case (6.5914ms)
  ✔ [AC-18a] Referral Priority 5 only remains not_booking_evidence (0.8594ms)
  ✔ [AC-19] actual Booked opens create-missing or review-existing and never treats ambiguity as no-case (0.5904ms)
  ✔ [AC-28][AC-39] delegates employee work, routes cancellation, and owns Referral cases (0.911ms)
  ✔ [AC-40] excludes Bad/Duplicate or ambiguous suggestions (0.5795ms)
  ✔ [AC-18][AC-19] projects only canonical eligible candidates and bounds refresh to 24 hours (1.2459ms)
✔ Booking Reconciliation classification (11.8789ms)
▶ Booking Reconciliation persistence
  ✔ [AC-19] atomically opens one create-missing case with causal evidence and Decision (26.8214ms)
  ✔ does not increment booked again when capture already classified Booked (3.1101ms)
  ✔ [AC-20] refreshes new evidence without staling case revision and dedupes Observation replay (5.0103ms)
  ✔ Observation replay does not increment Daily Operations intake again (2.1768ms)
  ✔ [AC-28] opens and refreshes a Referral case without Source Scope or Lead suggestion (2.2797ms)
  ✔ [AC-20] allocates next sequence after a resolved case and never reopens it (25.9948ms)
  ✔ [AC-P1][AC-P8] persists Booked pairing snapshot, replay is a no-op, later Priority 5 does not write (2.2271ms)
  ✔ [AC-P1] persist snapshot is priority_5_then_booked and evidence is Booked only (2.2488ms)
  ✔ [AC-P5] Releas/Release with no official Booking opens a booked booking case with release evidence (1.2474ms)
  ✔ [AC-R1] later Releas appends Release evidence on the same open Booked case (1.7842ms)
  ✔ [AC-R2] Releas first opens create-missing; later Booked refreshes the same case (2.0066ms)
  ✔ [AC-R3] official active Booking + Releas opens review_existing_booking with release evidence (1.258ms)
  ✔ [AC-R4] officially cancelled Booking + Releas is already_current and writes no booking case (0.6804ms)
  ✔ [AC-R5] officially cancelled Booking + Booked still opens booked_after_official_cancellation (0.58ms)
  ✔ [AC-R6] identity conflict on Release opens a release_* discrepancy and no booking case (0.6366ms)
  ✔ [AC-P2][AC-P3][AC-P4] second Booked refreshes evidence and pairing snapshot (7.4466ms)
  ✔ [AC-39] fails closed when expected employee reconciliation work is absent (1.1871ms)
  ✔ actual Booked on a Granot official Leadless Booking opens review_existing_booking (2.0887ms)
✔ Booking Reconciliation persistence (102.4426ms)
{"level":"info","time":"2026-09-19T02:53:32.894Z","service":"vantage-main-server","env":"development","msg":"granot_lifecycle.booking_case.opened","observability_level":"info","category":"booking","workflow":"granot_booking_reconciliation"}
{"level":"info","time":"2026-09-19T02:53:32.899Z","service":"vantage-main-server","env":"development","msg":"granot_lifecycle.booking_case.opened","observability_level":"info","category":"booking","workflow":"granot_booking_reconciliation"}
{"level":"info","time":"2026-09-19T02:53:32.900Z","service":"vantage-main-server","env":"development","msg":"granot_lifecycle.booking_case.refreshed","observability_level":"info","category":"booking","workflow":"granot_booking_reconciliation"}
{"level":"info","time":"2026-09-19T02:53:32.902Z","service":"vantage-main-server","env":"development","msg":"granot_lifecycle.booking_case.opened","observability_level":"info","category":"booking","workflow":"granot_booking_reconciliation"}
{"level":"info","time":"2026-09-19T02:53:32.902Z","service":"vantage-main-server","env":"development","msg":"granot_lifecycle.booking_case.refreshed","observability_level":"info","category":"booking","workflow":"granot_booking_reconciliation"}
{"level":"info","time":"2026-09-19T02:53:32.904Z","service":"vantage-main-server","env":"development","msg":"granot_lifecycle.booking_case.opened","observability_level":"info","category":"booking","workflow":"granot_booking_reconciliation"}
{"level":"info","time":"2026-09-19T02:53:32.904Z","service":"vantage-main-server","env":"development","msg":"granot_lifecycle.booking_case.refreshed","observability_level":"info","category":"booking","workflow":"granot_booking_reconciliation"}
{"level":"info","time":"2026-09-19T02:53:32.906Z","service":"vantage-main-server","env":"development","msg":"granot_lifecycle.booking_case.opened","observability_level":"info","category":"booking","workflow":"granot_booking_reconciliation"}
{"level":"info","time":"2026-09-19T02:53:32.907Z","service":"vantage-main-server","env":"development","msg":"granot_lifecycle.booking_case.opened","observability_level":"info","category":"booking","workflow":"granot_booking_reconciliation"}
{"level":"info","time":"2026-09-19T02:53:32.932Z","service":"vantage-main-server","env":"development","msg":"granot_lifecycle.booking_case.opened","observability_level":"info","category":"booking","workflow":"granot_booking_reconciliation"}
{"level":"info","time":"2026-09-19T02:53:32.933Z","service":"vantage-main-server","env":"development","msg":"granot_lifecycle.booking_case.refreshed","observability_level":"info","category":"booking","workflow":"granot_booking_reconciliation"}
{"level":"info","time":"2026-09-19T02:53:32.935Z","service":"vantage-main-server","env":"development","msg":"granot_lifecycle.booking_case.opened","observability_level":"info","category":"booking","workflow":"granot_booking_reconciliation"}
{"level":"info","time":"2026-09-19T02:53:32.937Z","service":"vantage-main-server","env":"development","msg":"granot_lifecycle.booking_case.opened","observability_level":"info","category":"booking","workflow":"granot_booking_reconciliation"}
{"level":"info","time":"2026-09-19T02:53:32.938Z","service":"vantage-main-server","env":"development","msg":"granot_lifecycle.booking_case.opened","observability_level":"info","category":"booking","workflow":"granot_booking_reconciliation"}
{"level":"info","time":"2026-09-19T02:53:32.938Z","service":"vantage-main-server","env":"development","msg":"granot_lifecycle.booking_case.refreshed","observability_level":"info","category":"booking","workflow":"granot_booking_reconciliation"}
{"level":"info","time":"2026-09-19T02:53:32.940Z","service":"vantage-main-server","env":"development","msg":"granot_lifecycle.booking_case.opened","observability_level":"info","category":"booking","workflow":"granot_booking_reconciliation"}
{"level":"info","time":"2026-09-19T02:53:32.940Z","service":"vantage-main-server","env":"development","msg":"granot_lifecycle.booking_case.refreshed","observability_level":"info","category":"booking","workflow":"granot_booking_reconciliation"}
{"level":"info","time":"2026-09-19T02:53:32.942Z","service":"vantage-main-server","env":"development","msg":"granot_lifecycle.booking_case.opened","observability_level":"info","category":"booking","workflow":"granot_booking_reconciliation"}
{"level":"info","time":"2026-09-19T02:53:32.947Z","service":"vantage-main-server","env":"development","msg":"granot_lifecycle.booking_case.opened","observability_level":"info","category":"booking","workflow":"granot_booking_reconciliation"}
{"level":"info","time":"2026-09-19T02:53:32.951Z","service":"vantage-main-server","env":"development","msg":"granot_lifecycle.booking_case.refreshed","observability_level":"info","category":"booking","workflow":"granot_booking_reconciliation"}
{"level":"info","time":"2026-09-19T02:53:32.955Z","service":"vantage-main-server","env":"development","msg":"granot_lifecycle.booking_case.opened","observability_level":"info","category":"booking","workflow":"granot_booking_reconciliation"}
✔ [AC-01][AC-35] capture writes a complete v2 webhook receipt with proven auth and no later fields (8.2954ms)
✔ [AC-01][AC-35] header allowlist keeps only the five bounded names (1.0135ms)
✔ [AC-02][AC-35] hashes the credential-redacted payload after allowlisting headers (1.2682ms)
✔ [AC-02] identical webhook deliveries stay distinct receipts and may share the diagnostic hash (1.792ms)
✔ [AC-01] capture refuses an unproven authentication method before persist (1.7529ms)
✔ [AC-02][AC-33][AC-35] extension channel capture stores one browser_extension receipt and redacts credentials (1.6512ms)
✔ [AC-02] same extension operation ID + same hash replays the existing receipt (1.4119ms)
✔ [AC-02] same extension operation ID + different hash is GRANOT_OPERATION_IDEMPOTENCY_CONFLICT (1.0403ms)
✔ webhook capture records a Daily Operations receipt fact after persist (1.3012ms)
✔ booking_status_changed Booked payload records granot.booked at capture (1.4006ms)
✔ identical webhook deliveries increment Daily Operations once per receipt (1.0634ms)
✔ extension channel capture does not record a Daily Operations fact (0.6357ms)
✔ Booked webhook capture increments class and booked once (0.712ms)
✔ unclassified booking_status_changed increments class only (0.8767ms)
✔ channel capture replay does not increment Daily Operations (0.7657ms)
✔ [AC-02] automation channel capture stores one granot_http_automation receipt (0.545ms)
✔ [AC-02] same automation operation ID + different kind is GRANOT_OPERATION_IDEMPOTENCY_CONFLICT (0.8261ms)
✔ Owner selected_lead attaches even when the suggestion is medium (3.1454ms)
✔ no selected_lead and a unique high suggestion auto-attaches (0.5194ms)
✔ no selected_lead and a medium-only suggestion stays Leadless (0.2949ms)
✔ no selected_lead and no suggestion stays Leadless (0.2698ms)
✔ source_scoped_contact never auto-attaches even if confidence were high (0.2999ms)
✔ Sheet intents distinguish attached Confirm from Leadless Confirm and Update (0.6297ms)
✔ Referral is not a Granot official Leadless Booking (0.4194ms)
﹣ Connect happy path attaches the Lead, writes EntityChange, and queues booking_chain (2.1073ms) # Replica-set proof is opt-in via GRANOT_LIFECYCLE_REPLICA_TESTS=true.
﹣ Connect already_satisfied on the exact same Lead writes no new Change (0.518ms) # Replica-set proof is opt-in via GRANOT_LIFECYCLE_REPLICA_TESTS=true.
﹣ Connect exact Idempotency-Key replay returns the durable result (0.382ms) # Replica-set proof is opt-in via GRANOT_LIFECYCLE_REPLICA_TESTS=true.
﹣ Connect rejects Referral, cancelled, already-booked Lead, and stale revision (0.4166ms) # Replica-set proof is opt-in via GRANOT_LIFECYCLE_REPLICA_TESTS=true.
﹣ Connect flag-off is POLICY_BLOCKED (0.3204ms) # Replica-set proof is opt-in via GRANOT_LIFECYCLE_REPLICA_TESTS=true.
✔ Connect sheet intent is booking_chain / booked_lead.connect_lead (3.9239ms)
✔ only Granot official Leadless Bookings without an open case are connectable (0.5849ms)
✔ Connect rejects owner_booking and employee_booking Leadless and any open case (0.6354ms)
✔ Eligible Connect Leads exclude Duplicate, Bad, cancelled, booked, and unmatched Call Leads (8.3337ms)
✔ Source assignment prefers Record Link scope, then employee snapshot, then booking source slug (1.9056ms)
✔ Lead matches booking source on company id, granularity, or slug (0.3791ms)
✔ evaluateConnectPreconditions attaches an eligible unbooked Lead (0.3088ms)
✔ already_satisfied when the Booking already has this exact Lead (0.3108ms)
✔ IDENTITY_CONFLICT when the Booking already has a different Lead (5.6438ms)
✔ IDENTITY_CONFLICT when another Booking already owns the Lead (0.6778ms)
✔ Referral, cancelled, Duplicate, Bad, and unmatched Call Leads are rejected (0.8232ms)
✔ stale booking revision fails closed (0.3141ms)
✔ out-of-scope without override is rejected; with reason it connects (0.5535ms)
✔ empty Connect q does not dump the book (44.8237ms)
✔ Connect Form q hits snapshot paths and omits ineligible Leads (6.2781ms)
✔ Connect Call q hits snapshot paths and excludes unmatched Call Leads (2.2301ms)
✔ Connect Call q for Granot-only phone hits snapshot phone paths (2.2178ms)
✔ Connect candidates fail closed on Referral, cancelled, and open-case Bookings (2.4647ms)
﹣ [AC-08] replica concurrent same-Observation replay commits one atomic Form creation chain (4.8218ms) # Replica-set proof requires TEST_MODE=true before process start.
﹣ [AC-08][AC-09] replica Call phone is pending, Job-only is not_applicable, and fabricates no telephony (0.9907ms) # Replica-set proof requires TEST_MODE=true before process start.
﹣ [AC-08] replica Call creation rejects missing or multiple active route assignments (0.6964ms) # Replica-set proof requires TEST_MODE=true before process start.
﹣ [AC-07][AC-08] replica competing scoped Call phone identity creates nothing (0.6126ms) # Replica-set proof requires TEST_MODE=true before process start.
﹣ Race A: existing RingCentral Call Lead synchronizes even with adoption off (0.9238ms) # Replica-set proof requires TEST_MODE=true before process start.
﹣ [AC-08] replica exact replay returns stored refs; checksum conflict creates no partial state (0.654ms) # Replica-set proof requires TEST_MODE=true before process start.
﹣ [AC-08] replica rollback after reserved-link identity race leaves zero orphan effects (0.5134ms) # Replica-set proof requires TEST_MODE=true before process start.
﹣ [AC-07][AC-08] replica concurrent same-job writers keep one Lead and one active link (0.6862ms) # Replica-set proof requires TEST_MODE=true before process start.
﹣ [AC-07][AC-08] replica processor race replans the loser through Unit 18 (0.855ms) # Replica-set proof requires TEST_MODE=true before process start.
﹣ [AC-08] replica rolls back Lead/link/Change/Decision/Command/outbox stage failures (1.8223ms) # Replica-set proof requires TEST_MODE=true before process start.
✔ [AC-08] idempotency key is observation-scoped and stable (18.6686ms)
✔ [AC-08] checksum covers Observation, model, source-scope, policy version, and creation semantics (2.538ms)
✔ [AC-08] checksum never includes raw transport envelope or secret-bearing headers (0.6907ms)
✔ [AC-08] command envelope rejects invalid Observation, missing provenance, and wrong idempotency key (4.3907ms)
✔ create_if_missing SMS handoff requires the resolved Lead Source ID from source_scope (0.951ms)
✔ observation-load create guard allows lead_created only (0.315ms)
✔ command rejects priority_updated even for Call create_if_missing (6.6892ms)
✔ executeCreation requested_effect stays lead_created (4.431ms)
✔ both Granot phone-fence sites run without the adoption flag; Job-only still skips (1.4815ms)
✔ booking intake selection prefers the latest Booked evidence (3.5318ms)
✔ booking intake selection falls back to the latest creating evidence (0.9679ms)
✔ booking intake selection prefers latest Release when the case has only Release evidence (0.4266ms)
✔ booking intake selection prefers Booked when Booked and Release evidence both exist (0.2874ms)
✔ booking intake creating observation returns the credential-redacted Booked statement (4.6701ms)
✔ booking intake creating observation is absent for missing booking cases (0.3653ms)
✔ [AC-P1] creating observation includes pairing and the preceding Priority 5 snapshot (1.1281ms)
✔ [AC-P3] Booked-without-5 still returns 200 with the Booked statement and no paired snapshot (0.7356ms)
✔ Release-only booking case creating observation is preferred_release with null pairing (0.8857ms)
✔ Booked plus Release booking case creating observation stays preferred_booked (0.9581ms)
✔ [AC-P6] historical Priority-5-only remains latest_creating with null pairing (0.597ms)
✔ cancellation intake selection prefers the latest Release evidence (0.4729ms)
✔ cancellation intake creating observation returns the credential-redacted Release statement (0.9915ms)
✔ intake creating observation uses the booking statement when both collections could match (1.0768ms)
✔ intake creating observation is absent when neither case exists (0.4171ms)
{"level":"info","time":"2026-09-19T02:53:40.623Z","service":"vantage-main-server","env":"development","msg":"granot_lifecycle.processing.completed","receipt_id":"6aad…4aec","observation_id":"6aad…4aed","decision_id":"6aad…4af0","attempt":1,"execution_mode":"historical_shadow","outcome":"linked","reason_code":"record_link_established","duration_ms":11}
✔ [AC-33] equivalent webhook and extension statements normalize to the same identity and Priority (6.6424ms)
✔ [AC-33] equivalent shadow processor outcomes match and produce zero changed paths (21.0256ms)
✔ [AC-02][AC-33] apply-item envelope unwraps to the statement without a second policy (2.2058ms)
✔ [AC-02][AC-33] equivalent webhook and automation statements share Observation identity (1.0426ms)
✔ [AC-33] equivalent webhook and automation shadow desired-state outcomes match (4.9965ms)
✔ [AC-33] equivalent live webhook, extension, and automation desired states match (13.963ms)
{"level":"info","time":"2026-09-19T02:53:40.625Z","service":"vantage-main-server","env":"development","msg":"granot_lifecycle.processing.completed","observability_level":"info","category":"mongo","workflow":"granot_lifecycle"}
{"level":"info","time":"2026-09-19T02:53:40.627Z","service":"vantage-main-server","env":"development","msg":"granot_lifecycle.processing.completed","receipt_id":"6aad…4aee","observation_id":"6aad…4aef","decision_id":"6aad…4af2","attempt":1,"execution_mode":"historical_shadow","outcome":"linked","reason_code":"record_link_established","duration_ms":1}
{"level":"info","time":"2026-09-19T02:53:40.628Z","service":"vantage-main-server","env":"development","msg":"granot_lifecycle.processing.completed","observability_level":"info","category":"mongo","workflow":"granot_lifecycle"}
{"level":"info","time":"2026-09-19T02:53:40.636Z","service":"vantage-main-server","env":"development","msg":"granot_lifecycle.processing.completed","receipt_id":"6aad…4af4","observation_id":"6aad…4af5","decision_id":"6aad…4af8","attempt":1,"execution_mode":"historical_shadow","outcome":"linked","reason_code":"record_link_established","duration_ms":2}
{"level":"info","time":"2026-09-19T02:53:40.637Z","service":"vantage-main-server","env":"development","msg":"granot_lifecycle.processing.completed","observability_level":"info","category":"mongo","workflow":"granot_lifecycle"}
{"level":"info","time":"2026-09-19T02:53:40.638Z","service":"vantage-main-server","env":"development","msg":"granot_lifecycle.processing.completed","receipt_id":"6aad…4af6","observation_id":"6aad…4af7","decision_id":"6aad…4afa","attempt":1,"execution_mode":"historical_shadow","outcome":"linked","reason_code":"record_link_established","duration_ms":1}
{"level":"info","time":"2026-09-19T02:53:40.638Z","service":"vantage-main-server","env":"development","msg":"granot_lifecycle.processing.completed","observability_level":"info","category":"mongo","workflow":"granot_lifecycle"}
{"level":"info","time":"2026-09-19T02:53:40.648Z","service":"vantage-main-server","env":"development","msg":"granot_lifecycle.processing.completed","receipt_id":"6aad…4afc","observation_id":"6aad…4afd","decision_id":"6aad…4afe","attempt":1,"execution_mode":"live","outcome":"applied","reason_code":"lead_state_changed","duration_ms":9}
{"level":"info","time":"2026-09-19T02:53:40.648Z","service":"vantage-main-server","env":"development","msg":"granot_lifecycle.processing.completed","observability_level":"info","category":"mongo","workflow":"granot_lifecycle"}
{"level":"info","time":"2026-09-19T02:53:40.650Z","service":"vantage-main-server","env":"development","msg":"granot_lifecycle.processing.completed","receipt_id":"6aad…4b00","observation_id":"6aad…4b01","decision_id":"6aad…4b02","attempt":1,"execution_mode":"live","outcome":"applied","reason_code":"lead_state_changed","duration_ms":1}
{"level":"info","time":"2026-09-19T02:53:40.650Z","service":"vantage-main-server","env":"development","msg":"granot_lifecycle.processing.completed","observability_level":"info","category":"mongo","workflow":"granot_lifecycle"}
{"level":"info","time":"2026-09-19T02:53:40.652Z","service":"vantage-main-server","env":"development","msg":"granot_lifecycle.processing.completed","receipt_id":"6aad…4b04","observation_id":"6aad…4b05","decision_id":"6aad…4b06","attempt":1,"execution_mode":"live","outcome":"applied","reason_code":"lead_state_changed","duration_ms":1}
{"level":"info","time":"2026-09-19T02:53:40.652Z","service":"vantage-main-server","env":"development","msg":"granot_lifecycle.processing.completed","observability_level":"info","category":"mongo","workflow":"granot_lifecycle"}
﹣ [AC-36] partial unique index allows one open fingerprint and a resolved history row (8.0355ms) # Replica proof requires testvantagemovers.
﹣ [AC-35][AC-36] No Action is exactly replayable and a revision race has one winner with zero Changes/Sheets (3.1331ms) # Replica proof requires testvantagemovers.
﹣ [AC-26][AC-36] re-evaluation leaves an unchanged current conflict open and exactly replays (0.5273ms) # Replica proof requires testvantagemovers.
﹣ [AC-23][AC-35] correction atomically preserves the old link and Lead scope with two Changes and zero official/Sheet effects (1.6444ms) # Replica proof requires testvantagemovers.
﹣ [AC-23][AC-36] correction failure after Change writes rolls back link, discrepancy, Command, and Changes (0.7336ms) # Replica proof requires testvantagemovers.
{"level":"info","time":"2026-09-19T02:53:41.311Z","service":"vantage-main-server","env":"development","msg":"granot_lifecycle.booking_discrepancy.opened","observability_level":"info","category":"admin","workflow":"granot_discrepancy"}
▶ Granot discrepancy fingerprint
  ✔ [AC-35][AC-36] freezes versioned canonical non-PII identity (4.1052ms)
  ✔ [AC-26][AC-27][AC-35] includes every null identity key and excludes evidence/display data (4.0571ms)
✔ Granot discrepancy fingerprint (11.1173ms)
▶ Granot discrepancy persistence
  ✔ [AC-26][AC-36] opens, refreshes, and exactly deduplicates one fingerprint (7.7263ms)
✔ Granot discrepancy persistence (8.0243ms)
{"level":"info","time":"2026-09-19T02:53:41.313Z","service":"vantage-main-server","env":"development","msg":"granot_lifecycle.booking_discrepancy.refreshed","observability_level":"info","category":"admin","workflow":"granot_discrepancy"}
﹣ [AC-30] replica-set two claimants have one winner (2.4274ms) # Replica-set proof requires TEST_MODE=true before process start.
﹣ [AC-30] replica-set expired lease recovers and stale owner cannot finalize (0.6082ms) # Replica-set proof requires TEST_MODE=true before process start.
﹣ [AC-30] replica-set attempt 10 dead-letters with zero Decision (3.2006ms) # Replica-set proof requires TEST_MODE=true before process start.
﹣ [AC-37] replica-set concurrent requeue has one winner and one audit (0.732ms) # Replica-set proof requires TEST_MODE=true before process start.
﹣ [AC-30] replica-set queue and cron due scan share the claim fence (0.4687ms) # Replica-set proof requires TEST_MODE=true before process start.
{"level":"info","time":"2026-09-19T02:53:41.097Z","service":"vantage-main-server","env":"development","msg":"granot_lifecycle.claim.recovered","observability_level":"info","category":"mongo","workflow":"granot_lifecycle","entity_id":"6aadf9...9f9c"}
✔ claim predicate and update match Section 26 exactly (5.7345ms)
✔ [AC-30] foundation terminal processor outcomes complete and reset technical budget (9.9931ms)
✔ [AC-30] foundation pending_match increments match_attempt once and does not consume technical budget (2.6353ms)
✔ [AC-30] foundation pending_match at 24 hours completes and is not scheduled further (1.6208ms)
✔ [AC-30] foundation insufficient_creation_data completes and is never converted to pending match (0.8685ms)
✔ [AC-30] foundation unknown outcome fails closed as a technical contract error (2.5322ms)
✔ [AC-30] foundation dependency failure creates no Decision and schedules technical retry (2.5177ms)
✔ [AC-30] foundation consecutive technical failure 10 dead-letters with a safe error (2.996ms)
✔ two claimants have one winner and an unexpired lease cannot be stolen (1.0177ms)
✔ expired lease recovers and increments the recovery counter only after success (4.0705ms)
✔ stale owner cannot renew or finalize (0.5149ms)
✔ processing disabled skips without claiming (0.4852ms)
✔ [AC-30] foundation historical shadow drain creates no forbidden aggregate effects (0.7985ms)
✔ synchronous loser polls at most five seconds and never starts a second processor (1.2227ms)
✔ synchronous completed work returns the stored processor result (0.6201ms)
✔ queue wakeup parser accepts only { receipt_id } (0.9452ms)
﹣ [AC-02] concurrent same operation ID + same hash yields one receipt (2.7446ms) # Replica-set proof is opt-in via GRANOT_LIFECYCLE_REPLICA_TESTS=true.
﹣ [AC-02] concurrent same operation ID + different hash has one winner and 409 (0.8109ms) # Replica-set proof is opt-in via GRANOT_LIFECYCLE_REPLICA_TESTS=true.
✔ [AC-33][AC-35] apply captures a browser_extension receipt then claim/process-or-poll (14.8952ms)
✔ [AC-02] replayed capture still returns the stored processor result (0.6349ms)
✔ [AC-02] accepted_for_processing keeps the same operation ID for refresh (0.5915ms)
✔ [AC-33] expected_target disagreement is a non-syncable conflict and never an override (0.4912ms)
✔ [AC-35] compatibility messages are fixed and never echo payload values (0.2452ms)
✔ [AC-32] temporal comparator treats a missing stored winner as newer (1.7096ms)
✔ [AC-32] temporal comparator compares captured_at before Observation ObjectId (0.3546ms)
✔ [AC-32] equal captured_at uses lowercase 24-character Observation ObjectId hex (0.6497ms)
✔ [AC-32] exact same temporal tuple is same and never a second winner (1.2698ms)
✔ [AC-32] no source, channel, or Priority can be encoded in the temporal tuple (6.5314ms)
✔ [AC-39] Booking without a Lead returns Booking Lead Reconciliation delegation only (5.321ms)
✔ [AC-04] module portion multiple current Bookings are an operational Job conflict (0.7065ms)
✔ [AC-07] module portion Record Link model mismatch is a hard conflict (1.4187ms)
✔ missing Record Link Lead is a hard conflict and not a contact fallback (0.7162ms)
✔ [AC-07] module portion Call ladder never queries phone without Source Granularity (1.1989ms)
✔ Booking owner that differs from a contact candidate is conflict evidence, not reassignment (1.1304ms)
﹣ [AC-07] replica identity is read-only across lifecycle and aggregate collections (5.0965ms) # Replica-set proof requires TEST_MODE=true before process start.
﹣ [AC-13] replica cross-field Agent username contradiction returns no suggestion (0.8006ms) # Replica-set proof requires TEST_MODE=true before process start.
﹣ [AC-39] replica Booking without Lead delegates and writes no case (7.3208ms) # Replica-set proof requires TEST_MODE=true before process start.
﹣ replica active Record Link lookup is findOne and writes nothing (0.8792ms) # Replica-set proof requires TEST_MODE=true before process start.
﹣ [AC-04] replica Call Job query is granularity-scoped and read-only (6.6994ms) # Replica-set proof requires TEST_MODE=true before process start.
✔ [AC-09] identity portion missing or invalid route never queries a Lead (5.4376ms)
✔ [AC-29] identity portion deferred policy and provider type never enter a Lead ladder (0.8523ms)
✔ [AC-03] exact Form ref_no match verifies Source Scope and does not post (1.9256ms)
✔ [AC-03] valid 24-character ObjectId compatibility lookup remains a later rung (1.1532ms)
✔ [AC-03] blank or not-provided Form reference is never queried (1.2803ms)
✔ [AC-04] Form ref with conflicting Source Scope is a hard conflict and stops contact fallback (5.0813ms)
✔ [AC-04] Call Job outside resolved Source Granularity is never a global match (2.3039ms)
✔ [AC-04] Record Link Source Scope conflict does not continue the Form ladder (1.3816ms)
✔ [AC-04] Booking owner with conflicting Source Scope is conflict evidence (0.7911ms)
✔ [AC-07] identity portion returns one deterministic Form target and never queries globally (1.6866ms)
✔ current and immutable Form contact values dedupe to one candidate (0.9794ms)
✔ job-only Record Link is evidence and the Form ladder continues (5.84ms)
✔ usable Record Link with agreeing scope stops on granot_record_link (0.7518ms)
✔ Duplicate Form Lead is ineligible on exact identity (0.4899ms)
✔ Bad Form Lead is priority_only from strong exact identity and excluded from contact matching (0.7407ms)
✔ inbound letter prefix is the same Job as Granot digits (9.1769ms)
✔ conflicting nonempty Job Numbers are a hard conflict (0.8683ms)
✔ multiple eligible Form contact candidates are ambiguous (0.5127ms)
✔ Call Job rung is scoped and Duplicate Call Leads remain readable (0.4349ms)
✔ Call unique Job wins when Observation phone matches a different Lead (0.6147ms)
✔ Call with no Job on the Lead still binds by operational phone (0.5499ms)
✔ two eligible Call Jobs are a conflict (0.8926ms)
✔ Call phone query omits granot_contact_snapshot (4.2435ms)
✔ Call current and ingested phones dedupe to one Lead (0.4642ms)
✔ [AC-08] multiple scoped Call phone candidates are a creation conflict (6.3596ms)
✔ [AC-13] identity portion equal usernames suggest one active Agent and never mutate (1.0555ms)
✔ [AC-13] identity portion differing user and rep block Agent suggestion (0.3773ms)
✔ [AC-13] more than one active Agent for one username returns no suggestion (0.3366ms)
✔ Referral policy returns leadless context and performs no Lead search (0.4417ms)
✔ [AC-35] portion last_error strips payload, credentials, and contact text (3.894ms)
✔ [AC-35] portion last_error keeps a bounded safe code and short message (1.4818ms)
✔ unknown error codes collapse to a bounded technical class (0.6796ms)
✔ [AC-10] WordPress submitted contact and Granot snapshot stay separately identifiable and masked (6.0191ms)
✔ [AC-05] all listed Priority forms canonicalize into desired state; only 1/5 enrich and set quoted true (9.1469ms)
✔ [AC-05] leading-zero canonical 5 enriches; no Priority plans quoted false (6.5808ms)
✔ [AC-06] malformed Priority Update is invalid and plans nothing (2.0379ms)
✔ [AC-06] malformed Priority on Lead Created/Booked/Release skips Priority and continues (1.6455ms)
✔ [AC-07] matched Lead Created selects one target and never plans a second Lead (3.007ms)
✔ [AC-08] create_if_missing with minimum data authorizes the gated creation command (0.9609ms)
✔ [AC-08] incomplete create_if_missing is exact insufficient_creation_data (0.5586ms)
✔ [AC-09] Local vs long-distance route result controls Form minimum-data eligibility (0.5543ms)
✔ [AC-10] WordPress primary contact and immutable snapshot never enter changed paths (0.6841ms)
✔ [AC-11] WordPress immutable move snapshot and Vantage move_size stay unchanged (0.6682ms)
✔ [AC-12] RingCentral Call qualified contact plans Granot Contact Snapshot only (0.8729ms)
✔ granot_lead_created Call later different Granot phone plans snapshot only (1.5765ms)
✔ Priority 8 Call Lead does not plan Granot Contact Snapshot (0.5104ms)
✔ [AC-13] empty receiver fills from one active Agent at a non-1/5 Priority (3.6423ms)
✔ [AC-13] Agent conflict or existing receiver never overwrites (0.719ms)
✔ [AC-30] link_only pending match persists the next offset and becomes unmatched at 24h (0.8571ms)
✔ [AC-30] incomplete creation data is never scheduled as pending match (0.3152ms)
✔ [AC-32] no-op desired state creates no changed paths (1.1422ms)
✔ Call Lead snapshot formatting-only Granot contact does not remanufacture a change (0.4848ms)
✔ WordPress snapshot formatting-only Granot contact does not remanufacture a change (0.363ms)
✔ [AC-32] older temporal winner is stale and plans no desired-state effect (0.3519ms)
✔ Bad exact Form target plans only valid Priority; Duplicate has no target (0.5005ms)
✔ letter-prefixed Lead Job matches Granot digits and does not conflict (0.8465ms)
✔ equivalent formatting does not manufacture a Job Number change (0.3237ms)
✔ observation_only policy stays evidence-only (0.3065ms)
✔ Call create_if_missing + priority_updated + unmatched + Job is not eligible (0.3737ms)
✔ Call create_if_missing + lead_created stays eligible (0.2667ms)
✔ Form create_if_missing + lead_created stays eligible (0.2735ms)
✔ Call link_only + priority_updated is not eligible (0.2555ms)
✔ Form create_if_missing + priority_updated is not eligible (0.2339ms)
✔ Call create_if_missing + booking_status_changed is not eligible (0.2923ms)
✔ invalid Call priority_updated never creates even with create_if_missing (0.3832ms)
✔ SSE snapshot then streams newer receipts and heartbeats before closing (30.7589ms)
✔ SSE reconnect with Last-Event-ID skips the snapshot and continues from the cursor (2.4299ms)
✔ [AC-L4] late intake_link emits receipt_updated without advancing the capture cursor (1.3681ms)
✔ SSE does not emit receipt_updated for a brand-new receipt just sent as receipt (1.148ms)
✔ extractLiveWebhookLead reads name, contact, job, and move fields from a Granot body (3.4855ms)
✔ projectLiveWebhookReceipt keeps webhook lead facts and strips credential keys (3.2656ms)
✔ projectLiveWebhookReceipt ignores extension receipts and unknown event classes (0.3684ms)
✔ live receipt event ids round-trip captured_at and receipt_id (2.0721ms)
✔ [AC-L1] lead_created and priority_updated keep observation_id but never a non-null intake_link (1.6261ms)
✔ [AC-L2] booking_status_changed links the unique booking case that holds the Observation (1.1287ms)
✔ [AC-L3] empty, unsupported, or discrepancy-only booking_status_changed never gets an intake_link (0.7391ms)
✔ [AC-L5] two receipts on the same job only link the Observation that is on the case (0.7119ms)
✔ duplicate booking cases for one Observation fail closed and record an operational event (0.6779ms)
✔ missing Observation yields null observation_id and intake_link (2.0688ms)
✔ [AC-35] portion Unit 08 metrics accept only bounded error-code labels (2.2629ms)
✔ [AC-31][AC-35] Section 33 metric names stay exact and receipt labels stay closed (2.7574ms)
✔ [AC-18][AC-19] Booking-case gauge is current cardinality, not an evidence counter (1.2548ms)
✔ [AC-05][AC-06] one receipt upserts one Observation and sequential reprocess reuses it (6.1937ms)
✔ [AC-05] concurrent same-candidate inserts collapse to one stored row (0.9926ms)
✔ [AC-05] a differing candidate fails closed and does not overwrite stored evidence (1.3997ms)
✔ [AC-06] invalid and unsupported results persist as completed classifications (0.965ms)
✔ [AC-05] technical insert failure creates no partial second row (0.542ms)
✔ [AC-05][AC-29] upsertGranotObservation normalizes an already-read receipt without Registry or aggregate fields (2.9998ms)
✔ [AC-05][AC-06][AC-25][AC-29] every Unit 01 fixture produces the expected normalized facts (14.9097ms)
✔ [AC-05] Priority 0, 1, 5, 8, 05, all-zero, and 12-digit retain raw/canonical/valid without enrichment (1.7142ms)
✔ [AC-06] missing or malformed Priority invalidates Priority Update only (0.6452ms)
✔ [AC-25] exact Booked, Releas, and Release aliases normalize; Released and prefixes do not (0.439ms)
✔ [AC-29] type=AUTO stays provider context and does not supply source classification (0.5756ms)
✔ [AC-05] webhook, extension, and automation parity fixtures share normalized business fields (1.2128ms)
✔ [AC-06] lead_created payload event type is accepted case-insensitively (0.4436ms)
✔ [AC-06] non-object payload and route/event conflicts persist as terminal invalid vocabulary (1.2003ms)
✔ [AC-06] unsupported Booking Action is not upgraded or downgraded by Priority (0.4445ms)
✔ [AC-05][AC-29] source, identity, contact, move, money, and agent rules cover NFKC, bounds, and invalid dates (46.1077ms)
✔ [AC-05] omitted service_type and unused cubic_rate do not change extracted webhook facts (0.5685ms)
✔ [AC-05] display money never becomes domain command input (0.4869ms)
✔ fixture inventory paths normalize Windows and POSIX separators identically (2.6839ms)
✔ [AC-03][AC-05][AC-06][AC-29] every committed fixture satisfies the strict contract (15.9601ms)
✔ [AC-03][AC-05][AC-06][AC-29] invalid fixture authority and metadata combinations are rejected (11.0172ms)
✔ [AC-03] identity fixtures preserve exact-reference priority and blank compatibility boundaries (0.5242ms)
✔ [AC-05] valid Priority fixtures freeze raw and canonical values without false downgrade authority (0.5225ms)
✔ [AC-06] malformed Priority and exact Booking Action aliases retain independent behavior (0.4307ms)
✔ [AC-29] source labels remain separate from provider type and deferred effects (0.4533ms)
✔ [AC-05][AC-06] equivalent statements seed cross-channel normalization parity (0.994ms)
✔ [AC-03][AC-05][AC-06][AC-29] scanner accepts all schema-validated fixture sources (852.5703ms)
✔ [AC-03][AC-05][AC-06][AC-29] scanner rejects injected sensitive material with safe locations only (320.4576ms)
✔ [AC-03][AC-05][AC-06][AC-29] scanner rejects raw and prohibited fixture source paths (0.6151ms)
✔ [AC-03][AC-05][AC-06][AC-29] recursive inventory rejects alternate durable fixture sources (16.1931ms)
{"level":"info","time":"2026-09-19T02:53:47.324Z","service":"vantage-main-server","env":"development","msg":"granot_lifecycle.booking_case.opened","observability_level":"info","category":"admin","workflow":"granot_lifecycle"}
✔ [AC-35][AC-37] Unit 30 event catalog is frozen and aliases are one-way (11.5906ms)
✔ [AC-35] sanitizer drops payload, contact, credentials, and free-form reason text (6.258ms)
✔ [AC-35] sanitizer masks identifiers case-insensitively and retains bounded conflict codes (0.6169ms)
✔ [AC-35] unknown catalog keys are dropped and emission never throws (3.5994ms)
✔ [AC-31][AC-37] apply/replay/conflict stay distinguishable and replay emits no resolve (1.6075ms)
✔ [AC-35] owner command conflicts increment closed codes only (3.7786ms)
{"level":"info","time":"2026-09-19T02:53:47.326Z","service":"vantage-main-server","env":"development","msg":"granot_lifecycle.owner_command.applied","observability_level":"info","category":"admin","workflow":"granot_lifecycle"}
{"level":"info","time":"2026-09-19T02:53:47.326Z","service":"vantage-main-server","env":"development","msg":"granot_lifecycle.booking_case.resolved","observability_level":"info","category":"admin","workflow":"granot_lifecycle"}
{"level":"info","time":"2026-09-19T02:53:47.327Z","service":"vantage-main-server","env":"development","msg":"granot_lifecycle.owner_command.replayed","observability_level":"info","category":"admin","workflow":"granot_lifecycle"}
{"level":"warn","time":"2026-09-19T02:53:47.329Z","service":"vantage-main-server","env":"development","msg":"granot_lifecycle.owner_command.conflict","observability_level":"warn","category":"admin","workflow":"granot_lifecycle"}
{"level":"warn","time":"2026-09-19T02:53:47.330Z","service":"vantage-main-server","env":"development","msg":"granot_lifecycle.owner_command.conflict","observability_level":"warn","category":"admin","workflow":"granot_lifecycle"}
﹣ [AC-31][AC-35][AC-37][AC-38] replica health counts come from Mongo and do not mutate official facts (3.1048ms) # Replica-set proof requires TEST_MODE=true before process start.
{"level":"info","time":"2026-09-19T02:53:49.736Z","service":"vantage-main-server","env":"development","msg":"granot_lifecycle.activation.committed","activation_id":"6aadf9...aa24","activated_at":"2026-08-17T16:00:00.000Z","processor_version":"granot-lifecycle-processor-v1","request_id":"req-activation-test"}
✔ [AC-31] foundation Owner activation is write-once and returns a safe projection (18.4978ms)
✔ [AC-31] foundation Admin without Owner cannot activate (0.959ms)
✔ [AC-31] activation audit failure cannot roll back the committed activation (1.2737ms)
﹣ [AC-31] foundation replica-set concurrent activation has one winner (0.9699ms) # Replica-set proof is opt-in via GRANOT_LIFECYCLE_REPLICA_TESTS=true.
✔ [AC-37] Owner requeue moves dead_letter to pending without replacing evidence (3.4408ms)
✔ [AC-37] requeue audit failure cannot roll back the receipt transition (1.0349ms)
✔ [AC-37] requeue of completed or claimed work conflicts and creates no audit (1.3717ms)
✔ [AC-37] missing receipt returns GRANOT_RECEIPT_NOT_FOUND (4.2867ms)
✔ [AC-37] Admin without Owner cannot requeue (4.3849ms)
✔ [AC-35] portion activation projection omits reason and actor PII (3.1423ms)
{"level":"info","time":"2026-09-19T02:53:49.746Z","service":"vantage-main-server","env":"development","msg":"granot_lifecycle.activation.committed","activation_id":"6aadf9...aa25","activated_at":"2026-08-17T16:00:00.000Z","processor_version":"granot-lifecycle-processor-v1","request_id":"req-activation-test"}
{"level":"info","time":"2026-09-19T02:53:49.751Z","service":"vantage-main-server","env":"development","msg":"granot_lifecycle.manual_requeue.committed","receipt_id":"6aadf9...aa26","prior_state":"dead_letter","new_state":"pending","manual_requeue_count":1,"request_id":"req-activation-test"}
{"level":"info","time":"2026-09-19T02:53:49.752Z","service":"vantage-main-server","env":"development","msg":"granot_lifecycle.manual_requeue.committed","receipt_id":"6aadf9...aa28","prior_state":"dead_letter","new_state":"pending","manual_requeue_count":1,"request_id":"req-activation-test"}
﹣ [AC-32] replica temporal CAS one winner advances metadata without revision/Change/outbox (2.5946ms) # Replica-set proof requires TEST_MODE=true before process start.
﹣ [AC-32] replica concurrent temporal loser re-evaluates stale and does not persist already_current (0.817ms) # Replica-set proof requires TEST_MODE=true before process start.
{"level":"info","time":"2026-09-19T02:53:52.992Z","service":"vantage-main-server","env":"development","msg":"granot_lifecycle.processing.completed","receipt_id":"6aad…7572","observation_id":"6aad…7571","decision_id":"6aad…7576","attempt":1,"execution_mode":"live","outcome":"pending_match","reason_code":"pending_source_scoped_match","duration_ms":12}
✔ [AC-18] processor does not invoke Booking reconciliation for Priority 5 (23.5104ms)
✔ [AC-18] Priority 5 with booking cases enabled still applies lead desired-state (7.2804ms)
✔ [AC-18][AC-19] processor invokes Booking reconciliation only in live gate-enabled posture (4.637ms)
✔ [AC-25][AC-26][AC-27][AC-P5] processor invokes Booking reconciliation for live gate-enabled Release evidence (22.6732ms)
✔ [AC-26][AC-27][AC-36][AC-R6] processor persists Release identity conflict through the discrepancy module (4.4207ms)
✔ [AC-R4] officially cancelled Booking + Release is already_current via Booking reconciliation (7.2556ms)
✔ Release booking-case early-return does not invoke synchronizeLeadFromGranot (5.0648ms)
✔ [AC-02] portion identical webhook evidence in two receipts creates two Decisions (3.0763ms)
✔ [AC-02] portion same observation/attempt replay returns one Decision (1.9711ms)
✔ [AC-02] portion a differing stored Decision is an integrity failure (1.9037ms)
✔ [AC-31] foundation pre-activation receipts stay historical and create no live effects (1.451ms)
✔ [AC-31] foundation live-shadow Decisions are not promoted and mutate no Record Link (1.212ms)
✔ [AC-32] portion historical establishment, confirmation, and conflict keep one active link (9.2691ms)
✔ [AC-32] portion invalid, unsupported, and unclassified paths create no link or forbidden effects (6.0716ms)
✔ processing disabled refuses unless a test supplies config (0.7652ms)
✔ [AC-31] foundation live configuration with no match stays pending and mutates no Lead (6.132ms)
﹣ [AC-32] portion replica-set Decision+link persist atomically and unique job races keep one active link (0.7287ms) # Replica-set proof requires TEST_MODE=true before process start.
✔ [AC-07] shadow matched Lead Created records one target and never claims a second Lead (2.5078ms)
✔ [AC-08] foundation eligible create_if_missing stays suppressed with no reservation (4.4259ms)
✔ [AC-30] processor emits terminal unmatched at 24 hours (2.4538ms)
✔ [AC-06] malformed Priority on Lead Created continues independent identity work (4.9189ms)
✔ [AC-32] shadow no-op already_current writes no Change, Sheet, or Record Link (1.6297ms)
✔ [AC-32] live test posture advances metadata-only winner and does not emit Change (2.5722ms)
✔ [AC-32] CAS loser re-evaluates as stale and never persists already_current (3.7892ms)
✔ gate snapshot uses real policy facts in stable eight-name order (3.8428ms)
✔ [AC-35] portion Decision metrics use only bounded enum labels (1.5303ms)
✔ [AC-05][AC-07] live authorized matched write invokes synchronizeLeadFromGranot once (4.4381ms)
✔ [AC-32] live applied Decision replays without a second command after the Lead is current (4.0223ms)
✔ [AC-32] lost live command race replans as stale and never persists applied (26.9177ms)
✔ [AC-32] already_current exact link does not invoke the command (1.2807ms)
✔ [AC-32] stale classification does not invoke the command (10.2247ms)
✔ [AC-32] inactive Source Company is policy_blocked and never invokes the command (4.6931ms)
✔ [AC-07] live already_current with no active link still invokes association (6.1549ms)
✔ [AC-08] live eligible no-match invokes createLeadFromGranot once with the exact no-patch command (25.2757ms)
✔ [AC-08] live authorized Job-only Call invokes creation and multiple candidates block it (7.7825ms)
✔ RingCentral-origin Call Lead plus later Granot Call observation synchronizes and does not create (45.241ms)
✔ fence identity race replans Call create_if_missing onto the RingCentral Call Lead (2.0884ms)
✔ Call Job versus phone pointing at two Leads is job_number_conflict and never creates (1.1269ms)
✔ [AC-07] live matched Lead Created never invokes createLeadFromGranot (1.5411ms)
✔ [AC-07] identity race winner replans through Unit 18 and never retries blind creation (2.1488ms)
✔ [AC-07] lead-less active link reservation replans as record-link conflict (2.0112ms)
✔ [AC-07] unrelated duplicate-key failures remain technical errors (1.1898ms)
✔ [AC-08] disabled, shadow, incomplete, and route-failure paths create no command (3.9479ms)
✔ [AC-09] live Form same states select Local; differing states select long-distance; invalid ZIP/state create no command (4.3218ms)
✔ pending_match records granot.pending_match with parent_receipt_id (1.1452ms)
✔ unmatched records granot.unmatched and created is not minted by the processor (2.2103ms)
✔ same observation/attempt replay does not increment Daily Operations again (4.2833ms)
{"level":"info","time":"2026-09-19T02:53:52.995Z","service":"vantage-main-server","env":"development","msg":"granot_lifecycle.processing.completed","observability_level":"info","category":"mongo","workflow":"granot_lifecycle"}
{"level":"info","time":"2026-09-19T02:53:53.006Z","service":"vantage-main-server","env":"development","msg":"granot_lifecycle.processing.completed","receipt_id":"6aad…7578","observation_id":"6aad…7577","decision_id":"6aad…757d","attempt":1,"execution_mode":"live","outcome":"applied","reason_code":"lead_state_changed","duration_ms":6}
{"level":"info","time":"2026-09-19T02:53:53.006Z","service":"vantage-main-server","env":"development","msg":"granot_lifecycle.processing.completed","observability_level":"info","category":"mongo","workflow":"granot_lifecycle"}
{"level":"info","time":"2026-09-19T02:53:53.008Z","service":"vantage-main-server","env":"development","msg":"granot_lifecycle.processing.completed","receipt_id":"6aad…7580","observation_id":"6aad…757f","decision_id":"6aad…7584","attempt":1,"execution_mode":"live","outcome":"linked","reason_code":"booking_case_opened","duration_ms":1}
{"level":"info","time":"2026-09-19T02:53:53.009Z","service":"vantage-main-server","env":"development","msg":"granot_lifecycle.processing.completed","observability_level":"info","category":"mongo","workflow":"granot_lifecycle"}
{"level":"info","time":"2026-09-19T02:53:53.010Z","service":"vantage-main-server","env":"development","msg":"granot_lifecycle.processing.completed","receipt_id":"6aad…7580","observation_id":"6aad…757f","decision_id":"6aad…7589","attempt":1,"execution_mode":"live","outcome":"pending_match","reason_code":"pending_source_scoped_match","duration_ms":1}
{"level":"info","time":"2026-09-19T02:53:53.010Z","service":"vantage-main-server","env":"development","msg":"granot_lifecycle.processing.completed","observability_level":"info","category":"mongo","workflow":"granot_lifecycle"}
{"level":"info","time":"2026-09-19T02:53:53.014Z","service":"vantage-main-server","env":"development","msg":"granot_lifecycle.processing.completed","receipt_id":"6aad…758b","observation_id":"6aad…758a","decision_id":"6aad…758f","attempt":1,"execution_mode":"live","outcome":"linked","reason_code":"booking_case_opened","duration_ms":1}
{"level":"info","time":"2026-09-19T02:53:53.030Z","service":"vantage-main-server","env":"development","msg":"granot_lifecycle.processing.completed","observability_level":"info","category":"mongo","workflow":"granot_lifecycle"}
{"level":"info","time":"2026-09-19T02:53:53.033Z","service":"vantage-main-server","env":"development","msg":"granot_lifecycle.processing.completed","receipt_id":"6aad…758b","observation_id":"6aad…758a","decision_id":"6aad…7594","attempt":1,"execution_mode":"live","outcome":"pending_match","reason_code":"pending_source_scoped_match","duration_ms":3}
{"level":"info","time":"2026-09-19T02:53:53.034Z","service":"vantage-main-server","env":"development","msg":"granot_lifecycle.processing.completed","observability_level":"info","category":"mongo","workflow":"granot_lifecycle"}
{"level":"info","time":"2026-09-19T02:53:53.038Z","service":"vantage-main-server","env":"development","msg":"granot_lifecycle.processing.completed","receipt_id":"6aad…7596","observation_id":"6aad…7595","decision_id":"6aad…759a","attempt":1,"execution_mode":"live","outcome":"conflict","reason_code":"release_discrepancy_opened","duration_ms":1}
{"level":"info","time":"2026-09-19T02:53:53.038Z","service":"vantage-main-server","env":"development","msg":"granot_lifecycle.processing.completed","observability_level":"info","category":"mongo","workflow":"granot_lifecycle"}
{"level":"info","time":"2026-09-19T02:53:53.043Z","service":"vantage-main-server","env":"development","msg":"granot_lifecycle.processing.completed","receipt_id":"6aad…759d","observation_id":"6aad…759c","decision_id":"6aad…75a2","attempt":1,"execution_mode":"live","outcome":"already_current","reason_code":"booking_already_cancelled","duration_ms":1}
{"level":"info","time":"2026-09-19T02:53:53.044Z","service":"vantage-main-server","env":"development","msg":"granot_lifecycle.processing.completed","observability_level":"info","category":"mongo","workflow":"granot_lifecycle"}
{"level":"info","time":"2026-09-19T02:53:53.049Z","service":"vantage-main-server","env":"development","msg":"granot_lifecycle.processing.completed","receipt_id":"6aad…75a4","observation_id":"6aad…75a3","decision_id":"6aad…75a9","attempt":1,"execution_mode":"live","outcome":"linked","reason_code":"booking_case_opened","duration_ms":1}
{"level":"info","time":"2026-09-19T02:53:53.049Z","service":"vantage-main-server","env":"development","msg":"granot_lifecycle.processing.completed","observability_level":"info","category":"mongo","workflow":"granot_lifecycle"}
{"level":"info","time":"2026-09-19T02:53:53.051Z","service":"vantage-main-server","env":"development","msg":"granot_lifecycle.processing.completed","receipt_id":"6aad…75a4","observation_id":"6aad…75a3","decision_id":"6aad…75ae","attempt":1,"execution_mode":"live","outcome":"linked","reason_code":"booking_case_refreshed","duration_ms":0}
{"level":"info","time":"2026-09-19T02:53:53.051Z","service":"vantage-main-server","env":"development","msg":"granot_lifecycle.processing.completed","observability_level":"info","category":"mongo","workflow":"granot_lifecycle"}
{"level":"info","time":"2026-09-19T02:53:53.053Z","service":"vantage-main-server","env":"development","msg":"granot_lifecycle.processing.completed","receipt_id":"6aad…75b1","observation_id":"6aad…75b0","decision_id":"6aad…75bb","attempt":1,"execution_mode":"historical_shadow","outcome":"linked","reason_code":"record_link_established","duration_ms":1}
{"level":"info","time":"2026-09-19T02:53:53.053Z","service":"vantage-main-server","env":"development","msg":"granot_lifecycle.processing.completed","observability_level":"info","category":"mongo","workflow":"granot_lifecycle"}
{"level":"info","time":"2026-09-19T02:53:53.054Z","service":"vantage-main-server","env":"development","msg":"granot_lifecycle.processing.completed","receipt_id":"6aad…75b2","observation_id":"6aad…75b3","decision_id":"6aad…75bd","attempt":1,"execution_mode":"historical_shadow","outcome":"linked","reason_code":"record_link_established","duration_ms":1}
{"level":"info","time":"2026-09-19T02:53:53.054Z","service":"vantage-main-server","env":"development","msg":"granot_lifecycle.processing.completed","observability_level":"info","category":"mongo","workflow":"granot_lifecycle"}
{"level":"info","time":"2026-09-19T02:53:53.056Z","service":"vantage-main-server","env":"development","msg":"granot_lifecycle.processing.completed","receipt_id":"6aad…75c0","observation_id":"6aad…75bf","decision_id":"6aad…75c4","attempt":1,"execution_mode":"historical_shadow","outcome":"linked","reason_code":"record_link_established","duration_ms":1}
{"level":"info","time":"2026-09-19T02:53:53.056Z","service":"vantage-main-server","env":"development","msg":"granot_lifecycle.processing.completed","observability_level":"info","category":"mongo","workflow":"granot_lifecycle"}
{"level":"info","time":"2026-09-19T02:53:53.060Z","service":"vantage-main-server","env":"development","msg":"granot_lifecycle.processing.completed","receipt_id":"6aad…75d0","observation_id":"6aad…75cf","decision_id":"6aad…75d4","attempt":1,"execution_mode":"historical_shadow","outcome":"linked","reason_code":"record_link_established","duration_ms":1}
{"level":"info","time":"2026-09-19T02:53:53.060Z","service":"vantage-main-server","env":"development","msg":"granot_lifecycle.processing.completed","observability_level":"info","category":"mongo","workflow":"granot_lifecycle"}
{"level":"info","time":"2026-09-19T02:53:53.061Z","service":"vantage-main-server","env":"development","msg":"granot_lifecycle.processing.completed","receipt_id":"6aad…75d7","observation_id":"6aad…75d6","decision_id":"6aad…75db","attempt":1,"execution_mode":"live_shadow","outcome":"pending_match","reason_code":"pending_source_scoped_match","duration_ms":0}
{"level":"info","time":"2026-09-19T02:53:53.061Z","service":"vantage-main-server","env":"development","msg":"granot_lifecycle.processing.completed","observability_level":"info","category":"mongo","workflow":"granot_lifecycle"}
{"level":"info","time":"2026-09-19T02:53:53.062Z","service":"vantage-main-server","env":"development","msg":"granot_lifecycle.processing.completed","receipt_id":"6aad…75e0","observation_id":"6aad…75df","decision_id":"6aad…75e1","attempt":1,"execution_mode":"historical_shadow","outcome":"linked","reason_code":"record_link_established","duration_ms":0}
{"level":"info","time":"2026-09-19T02:53:53.063Z","service":"vantage-main-server","env":"development","msg":"granot_lifecycle.processing.completed","observability_level":"info","category":"mongo","workflow":"granot_lifecycle"}
{"level":"info","time":"2026-09-19T02:53:53.064Z","service":"vantage-main-server","env":"development","msg":"granot_lifecycle.processing.completed","receipt_id":"6aad…75e3","observation_id":"6aad…75e4","decision_id":"6aad…75e6","attempt":1,"execution_mode":"historical_shadow","outcome":"linked","reason_code":"record_link_confirmed","duration_ms":1}
{"level":"info","time":"2026-09-19T02:53:53.064Z","service":"vantage-main-server","env":"development","msg":"granot_lifecycle.processing.completed","observability_level":"info","category":"mongo","workflow":"granot_lifecycle"}
{"level":"info","time":"2026-09-19T02:53:53.069Z","service":"vantage-main-server","env":"development","msg":"granot_lifecycle.processing.completed","receipt_id":"6aad…75e9","observation_id":"6aad…75ea","decision_id":"6aad…75ed","attempt":1,"execution_mode":"historical_shadow","outcome":"conflict","reason_code":"record_link_conflict","duration_ms":5}
{"level":"info","time":"2026-09-19T02:53:53.069Z","service":"vantage-main-server","env":"development","msg":"granot_lifecycle.processing.completed","observability_level":"info","category":"mongo","workflow":"granot_lifecycle"}
{"level":"info","time":"2026-09-19T02:53:53.072Z","service":"vantage-main-server","env":"development","msg":"granot_lifecycle.processing.completed","receipt_id":"6aad…75ef","observation_id":"6aad…75ee","decision_id":"6aad…75f4","attempt":1,"execution_mode":"historical_shadow","outcome":"invalid","reason_code":"invalid_priority_update","duration_ms":0}
{"level":"info","time":"2026-09-19T02:53:53.072Z","service":"vantage-main-server","env":"development","msg":"granot_lifecycle.processing.completed","observability_level":"info","category":"mongo","workflow":"granot_lifecycle"}
{"level":"info","time":"2026-09-19T02:53:53.073Z","service":"vantage-main-server","env":"development","msg":"granot_lifecycle.processing.completed","receipt_id":"6aad…75f6","observation_id":"6aad…75f5","decision_id":"6aad…75fb","attempt":1,"execution_mode":"historical_shadow","outcome":"unsupported","reason_code":"unsupported_booking_action","duration_ms":0}
{"level":"info","time":"2026-09-19T02:53:53.073Z","service":"vantage-main-server","env":"development","msg":"granot_lifecycle.processing.completed","observability_level":"info","category":"mongo","workflow":"granot_lifecycle"}
{"level":"info","time":"2026-09-19T02:53:53.076Z","service":"vantage-main-server","env":"development","msg":"granot_lifecycle.processing.completed","receipt_id":"6aad…75fd","observation_id":"6aad…75fc","decision_id":"6aad…75ff","attempt":1,"execution_mode":"historical_shadow","outcome":"policy_blocked","reason_code":"source_unclassified","duration_ms":3}
{"level":"info","time":"2026-09-19T02:53:53.076Z","service":"vantage-main-server","env":"development","msg":"granot_lifecycle.processing.completed","observability_level":"info","category":"mongo","workflow":"granot_lifecycle"}
{"level":"info","time":"2026-09-19T02:53:53.079Z","service":"vantage-main-server","env":"development","msg":"granot_lifecycle.processing.completed","receipt_id":"6aad…7607","observation_id":"6aad…7606","decision_id":"6aad…760b","attempt":1,"execution_mode":"live","outcome":"pending_match","reason_code":"pending_source_scoped_match","duration_ms":1}
{"level":"info","time":"2026-09-19T02:53:53.079Z","service":"vantage-main-server","env":"development","msg":"granot_lifecycle.processing.completed","observability_level":"info","category":"mongo","workflow":"granot_lifecycle"}
{"level":"info","time":"2026-09-19T02:53:53.087Z","service":"vantage-main-server","env":"development","msg":"granot_lifecycle.processing.completed","receipt_id":"6aad…760d","observation_id":"6aad…760c","decision_id":"6aad…7612","attempt":1,"execution_mode":"live_shadow","outcome":"policy_blocked","reason_code":"shadow_effect_suppressed","duration_ms":1}
{"level":"info","time":"2026-09-19T02:53:53.087Z","service":"vantage-main-server","env":"development","msg":"granot_lifecycle.processing.completed","observability_level":"info","category":"mongo","workflow":"granot_lifecycle"}
{"level":"info","time":"2026-09-19T02:53:53.091Z","service":"vantage-main-server","env":"development","msg":"granot_lifecycle.processing.completed","receipt_id":"6aad…7614","observation_id":"6aad…7613","decision_id":"6aad…7618","attempt":1,"execution_mode":"live_shadow","outcome":"policy_blocked","reason_code":"shadow_effect_suppressed","duration_ms":1}
{"level":"info","time":"2026-09-19T02:53:53.091Z","service":"vantage-main-server","env":"development","msg":"granot_lifecycle.processing.completed","observability_level":"info","category":"mongo","workflow":"granot_lifecycle"}
{"level":"info","time":"2026-09-19T02:53:53.094Z","service":"vantage-main-server","env":"development","msg":"granot_lifecycle.processing.completed","receipt_id":"6aad…761a","observation_id":"6aad…7619","decision_id":"6aad…761e","attempt":9,"execution_mode":"live_shadow","outcome":"unmatched","reason_code":"match_window_expired","duration_ms":1}
{"level":"info","time":"2026-09-19T02:53:53.094Z","service":"vantage-main-server","env":"development","msg":"granot_lifecycle.processing.completed","observability_level":"info","category":"mongo","workflow":"granot_lifecycle"}
{"level":"info","time":"2026-09-19T02:53:53.099Z","service":"vantage-main-server","env":"development","msg":"granot_lifecycle.processing.completed","receipt_id":"6aad…7620","observation_id":"6aad…761f","decision_id":"6aad…7625","attempt":1,"execution_mode":"live_shadow","outcome":"policy_blocked","reason_code":"shadow_effect_suppressed","duration_ms":1}
{"level":"info","time":"2026-09-19T02:53:53.099Z","service":"vantage-main-server","env":"development","msg":"granot_lifecycle.processing.completed","observability_level":"info","category":"mongo","workflow":"granot_lifecycle"}
{"level":"info","time":"2026-09-19T02:53:53.101Z","service":"vantage-main-server","env":"development","msg":"granot_lifecycle.processing.completed","receipt_id":"6aad…7627","observation_id":"6aad…7626","decision_id":"6aad…762c","attempt":1,"execution_mode":"live_shadow","outcome":"already_current","reason_code":"desired_state_already_current","duration_ms":0}
{"level":"info","time":"2026-09-19T02:53:53.101Z","service":"vantage-main-server","env":"development","msg":"granot_lifecycle.processing.completed","observability_level":"info","category":"mongo","workflow":"granot_lifecycle"}
{"level":"info","time":"2026-09-19T02:53:53.104Z","service":"vantage-main-server","env":"development","msg":"granot_lifecycle.processing.completed","receipt_id":"6aad…762e","observation_id":"6aad…762d","decision_id":"6aad…7637","attempt":1,"execution_mode":"live","outcome":"already_current","reason_code":"desired_state_already_current","duration_ms":2}
{"level":"info","time":"2026-09-19T02:53:53.104Z","service":"vantage-main-server","env":"development","msg":"granot_lifecycle.processing.completed","observability_level":"info","category":"mongo","workflow":"granot_lifecycle"}
{"level":"info","time":"2026-09-19T02:53:53.107Z","service":"vantage-main-server","env":"development","msg":"granot_lifecycle.processing.completed","receipt_id":"6aad…7639","observation_id":"6aad…7638","decision_id":"6aad…7644","attempt":1,"execution_mode":"live","outcome":"stale","reason_code":"older_than_temporal_winner","duration_ms":1}
{"level":"info","time":"2026-09-19T02:53:53.107Z","service":"vantage-main-server","env":"development","msg":"granot_lifecycle.processing.completed","observability_level":"info","category":"mongo","workflow":"granot_lifecycle"}
{"level":"info","time":"2026-09-19T02:53:53.110Z","service":"vantage-main-server","env":"development","msg":"granot_lifecycle.processing.completed","receipt_id":"6aad…7646","observation_id":"6aad…7645","decision_id":"6aad…764a","attempt":1,"execution_mode":"historical_shadow","outcome":"linked","reason_code":"record_link_established","duration_ms":1}
{"level":"info","time":"2026-09-19T02:53:53.110Z","service":"vantage-main-server","env":"development","msg":"granot_lifecycle.processing.completed","observability_level":"info","category":"mongo","workflow":"granot_lifecycle"}
{"level":"info","time":"2026-09-19T02:53:53.114Z","service":"vantage-main-server","env":"development","msg":"granot_lifecycle.processing.completed","receipt_id":"6aad…764d","observation_id":"6aad…764c","decision_id":"6aad…7651","attempt":1,"execution_mode":"historical_shadow","outcome":"linked","reason_code":"record_link_established","duration_ms":1}
{"level":"info","time":"2026-09-19T02:53:53.114Z","service":"vantage-main-server","env":"development","msg":"granot_lifecycle.processing.completed","observability_level":"info","category":"mongo","workflow":"granot_lifecycle"}
{"level":"info","time":"2026-09-19T02:53:53.120Z","service":"vantage-main-server","env":"development","msg":"granot_lifecycle.processing.completed","receipt_id":"6aad…7654","observation_id":"6aad…7653","decision_id":"6aad…7659","attempt":1,"execution_mode":"live","outcome":"applied","reason_code":"lead_state_changed","duration_ms":3}
{"level":"info","time":"2026-09-19T02:53:53.120Z","service":"vantage-main-server","env":"development","msg":"granot_lifecycle.processing.completed","observability_level":"info","category":"mongo","workflow":"granot_lifecycle"}
{"level":"info","time":"2026-09-19T02:53:53.150Z","service":"vantage-main-server","env":"development","msg":"granot_lifecycle.processing.completed","receipt_id":"6aad…7666","observation_id":"6aad…7665","decision_id":"6aad…7673","attempt":1,"execution_mode":"live","outcome":"stale","reason_code":"older_than_temporal_winner","duration_ms":24}
{"level":"info","time":"2026-09-19T02:53:53.152Z","service":"vantage-main-server","env":"development","msg":"granot_lifecycle.processing.completed","observability_level":"info","category":"mongo","workflow":"granot_lifecycle"}
{"level":"info","time":"2026-09-19T02:53:53.153Z","service":"vantage-main-server","env":"development","msg":"granot_lifecycle.processing.completed","receipt_id":"6aad…7675","observation_id":"6aad…7674","decision_id":"6aad…767e","attempt":1,"execution_mode":"live","outcome":"already_current","reason_code":"desired_state_already_current","duration_ms":0}
{"level":"info","time":"2026-09-19T02:53:53.153Z","service":"vantage-main-server","env":"development","msg":"granot_lifecycle.processing.completed","observability_level":"info","category":"mongo","workflow":"granot_lifecycle"}
{"level":"info","time":"2026-09-19T02:53:53.163Z","service":"vantage-main-server","env":"development","msg":"granot_lifecycle.processing.completed","receipt_id":"6aad…7680","observation_id":"6aad…767f","decision_id":"6aad…7689","attempt":1,"execution_mode":"live","outcome":"stale","reason_code":"older_than_temporal_winner","duration_ms":8}
{"level":"info","time":"2026-09-19T02:53:53.163Z","service":"vantage-main-server","env":"development","msg":"granot_lifecycle.processing.completed","observability_level":"info","category":"mongo","workflow":"granot_lifecycle"}
{"level":"info","time":"2026-09-19T02:53:53.168Z","service":"vantage-main-server","env":"development","msg":"granot_lifecycle.processing.completed","receipt_id":"6aad…768b","observation_id":"6aad…768a","decision_id":"6aad…7690","attempt":1,"execution_mode":"live","outcome":"policy_blocked","reason_code":"target_source_company_inactive","duration_ms":1}
{"level":"info","time":"2026-09-19T02:53:53.168Z","service":"vantage-main-server","env":"development","msg":"granot_lifecycle.processing.completed","observability_level":"info","category":"mongo","workflow":"granot_lifecycle"}
{"level":"info","time":"2026-09-19T02:53:53.174Z","service":"vantage-main-server","env":"development","msg":"granot_lifecycle.processing.completed","receipt_id":"6aad…7692","observation_id":"6aad…7691","decision_id":"6aad…7697","attempt":1,"execution_mode":"live","outcome":"linked","reason_code":"record_link_established","duration_ms":5}
{"level":"info","time":"2026-09-19T02:53:53.175Z","service":"vantage-main-server","env":"development","msg":"granot_lifecycle.processing.completed","observability_level":"info","category":"mongo","workflow":"granot_lifecycle"}
{"level":"info","time":"2026-09-19T02:53:53.192Z","service":"vantage-main-server","env":"development","msg":"granot_lifecycle.processing.completed","receipt_id":"6aad…769a","observation_id":"6aad…7699","decision_id":"6aad…769f","attempt":1,"execution_mode":"live","outcome":"created","reason_code":"lead_created_authorized","duration_ms":10}
{"level":"info","time":"2026-09-19T02:53:53.192Z","service":"vantage-main-server","env":"development","msg":"granot_lifecycle.processing.completed","observability_level":"info","category":"mongo","workflow":"granot_lifecycle"}
{"level":"info","time":"2026-09-19T02:53:53.207Z","service":"vantage-main-server","env":"development","msg":"granot_lifecycle.processing.completed","receipt_id":"6aad…76a4","observation_id":"6aad…76a3","decision_id":"6aad…76a8","attempt":1,"execution_mode":"live","outcome":"created","reason_code":"lead_created_authorized","duration_ms":5}
{"level":"info","time":"2026-09-19T02:53:53.207Z","service":"vantage-main-server","env":"development","msg":"granot_lifecycle.processing.completed","observability_level":"info","category":"mongo","workflow":"granot_lifecycle"}
{"level":"info","time":"2026-09-19T02:53:53.208Z","service":"vantage-main-server","env":"development","msg":"granot_lifecycle.processing.completed","receipt_id":"6aad…76a4","observation_id":"6aad…76a3","decision_id":"6aad…76b1","attempt":1,"execution_mode":"live","outcome":"conflict","reason_code":"multiple_eligible_matches","duration_ms":1}
{"level":"info","time":"2026-09-19T02:53:53.208Z","service":"vantage-main-server","env":"development","msg":"granot_lifecycle.processing.completed","observability_level":"info","category":"mongo","workflow":"granot_lifecycle"}
{"level":"info","time":"2026-09-19T02:53:53.239Z","service":"vantage-main-server","env":"development","msg":"granot_lifecycle.processing.completed","receipt_id":"6aad…76b4","observation_id":"6aad…76b3","decision_id":"6aad…76b8","attempt":1,"execution_mode":"live","outcome":"applied","reason_code":"lead_state_changed","duration_ms":16}
{"level":"info","time":"2026-09-19T02:53:53.241Z","service":"vantage-main-server","env":"development","msg":"granot_lifecycle.processing.completed","observability_level":"info","category":"mongo","workflow":"granot_lifecycle"}
{"level":"info","time":"2026-09-19T02:53:53.253Z","service":"vantage-main-server","env":"development","msg":"granot_lifecycle.processing.completed","receipt_id":"6aad…76bb","observation_id":"6aad…76ba","decision_id":"6aad…76bf","attempt":1,"execution_mode":"live","outcome":"applied","reason_code":"lead_state_changed","duration_ms":12}
{"level":"info","time":"2026-09-19T02:53:53.253Z","service":"vantage-main-server","env":"development","msg":"granot_lifecycle.processing.completed","observability_level":"info","category":"mongo","workflow":"granot_lifecycle"}
{"level":"info","time":"2026-09-19T02:53:53.255Z","service":"vantage-main-server","env":"development","msg":"granot_lifecycle.processing.completed","receipt_id":"6aad…76c2","observation_id":"6aad…76c1","decision_id":"6aad…76c9","attempt":1,"execution_mode":"live","outcome":"applied","reason_code":"lead_state_changed","duration_ms":1}
{"level":"info","time":"2026-09-19T02:53:53.255Z","service":"vantage-main-server","env":"development","msg":"granot_lifecycle.processing.completed","observability_level":"info","category":"mongo","workflow":"granot_lifecycle"}
{"level":"info","time":"2026-09-19T02:53:53.256Z","service":"vantage-main-server","env":"development","msg":"granot_lifecycle.processing.completed","receipt_id":"6aad…76cc","observation_id":"6aad…76cb","decision_id":"6aad…76d2","attempt":1,"execution_mode":"live","outcome":"conflict","reason_code":"job_number_conflict","duration_ms":0}
{"level":"info","time":"2026-09-19T02:53:53.256Z","service":"vantage-main-server","env":"development","msg":"granot_lifecycle.processing.completed","observability_level":"info","category":"mongo","workflow":"granot_lifecycle"}
{"level":"info","time":"2026-09-19T02:53:53.258Z","service":"vantage-main-server","env":"development","msg":"granot_lifecycle.processing.completed","receipt_id":"6aad…76d4","observation_id":"6aad…76d3","decision_id":"6aad…76da","attempt":1,"execution_mode":"live","outcome":"applied","reason_code":"lead_state_changed","duration_ms":1}
{"level":"info","time":"2026-09-19T02:53:53.258Z","service":"vantage-main-server","env":"development","msg":"granot_lifecycle.processing.completed","observability_level":"info","category":"mongo","workflow":"granot_lifecycle"}
{"level":"info","time":"2026-09-19T02:53:53.260Z","service":"vantage-main-server","env":"development","msg":"granot_lifecycle.processing.completed","receipt_id":"6aad…76dd","observation_id":"6aad…76dc","decision_id":"6aad…76e5","attempt":1,"execution_mode":"live","outcome":"applied","reason_code":"lead_state_changed","duration_ms":1}
{"level":"info","time":"2026-09-19T02:53:53.260Z","service":"vantage-main-server","env":"development","msg":"granot_lifecycle.processing.completed","observability_level":"info","category":"mongo","workflow":"granot_lifecycle"}
{"level":"info","time":"2026-09-19T02:53:53.262Z","service":"vantage-main-server","env":"development","msg":"granot_lifecycle.processing.completed","receipt_id":"6aad…76e8","observation_id":"6aad…76e7","decision_id":"6aad…76ef","attempt":1,"execution_mode":"live","outcome":"conflict","reason_code":"record_link_conflict","duration_ms":1}
{"level":"info","time":"2026-09-19T02:53:53.262Z","service":"vantage-main-server","env":"development","msg":"granot_lifecycle.processing.completed","observability_level":"info","category":"mongo","workflow":"granot_lifecycle"}
{"level":"info","time":"2026-09-19T02:53:53.265Z","service":"vantage-main-server","env":"development","msg":"granot_lifecycle.processing.completed","receipt_id":"6aad…76f9","observation_id":"6aad…76f8","decision_id":"6aad…76fe","attempt":1,"execution_mode":"live","outcome":"policy_blocked","reason_code":"global_effect_disabled","duration_ms":1}
{"level":"info","time":"2026-09-19T02:53:53.265Z","service":"vantage-main-server","env":"development","msg":"granot_lifecycle.processing.completed","observability_level":"info","category":"mongo","workflow":"granot_lifecycle"}
{"level":"info","time":"2026-09-19T02:53:53.266Z","service":"vantage-main-server","env":"development","msg":"granot_lifecycle.processing.completed","receipt_id":"6aad…76f9","observation_id":"6aad…76f8","decision_id":"6aad…76ff","attempt":1,"execution_mode":"live_shadow","outcome":"policy_blocked","reason_code":"shadow_effect_suppressed","duration_ms":1}
{"level":"info","time":"2026-09-19T02:53:53.266Z","service":"vantage-main-server","env":"development","msg":"granot_lifecycle.processing.completed","observability_level":"info","category":"mongo","workflow":"granot_lifecycle"}
{"level":"info","time":"2026-09-19T02:53:53.267Z","service":"vantage-main-server","env":"development","msg":"granot_lifecycle.processing.completed","receipt_id":"6aad…7701","observation_id":"6aad…7700","decision_id":"6aad…7702","attempt":1,"execution_mode":"live","outcome":"insufficient_creation_data","reason_code":"missing_creation_contact","duration_ms":1}
{"level":"info","time":"2026-09-19T02:53:53.267Z","service":"vantage-main-server","env":"development","msg":"granot_lifecycle.processing.completed","observability_level":"info","category":"mongo","workflow":"granot_lifecycle"}
{"level":"info","time":"2026-09-19T02:53:53.268Z","service":"vantage-main-server","env":"development","msg":"granot_lifecycle.processing.completed","receipt_id":"6aad…76f9","observation_id":"6aad…76f8","decision_id":"6aad…7705","attempt":1,"execution_mode":"live","outcome":"insufficient_creation_data","reason_code":"missing_creation_route_data","duration_ms":1}
{"level":"info","time":"2026-09-19T02:53:53.268Z","service":"vantage-main-server","env":"development","msg":"granot_lifecycle.processing.completed","observability_level":"info","category":"mongo","workflow":"granot_lifecycle"}
{"level":"info","time":"2026-09-19T02:53:53.269Z","service":"vantage-main-server","env":"development","msg":"granot_lifecycle.processing.completed","receipt_id":"6aad…770b","observation_id":"6aad…770a","decision_id":"6aad…770c","attempt":1,"execution_mode":"live","outcome":"created","reason_code":"lead_created_authorized","duration_ms":1}
{"level":"info","time":"2026-09-19T02:53:53.269Z","service":"vantage-main-server","env":"development","msg":"granot_lifecycle.processing.completed","observability_level":"info","category":"mongo","workflow":"granot_lifecycle"}
{"level":"info","time":"2026-09-19T02:53:53.271Z","service":"vantage-main-server","env":"development","msg":"granot_lifecycle.processing.completed","receipt_id":"6aad…7711","observation_id":"6aad…7710","decision_id":"6aad…7712","attempt":1,"execution_mode":"live","outcome":"created","reason_code":"lead_created_authorized","duration_ms":1}
{"level":"info","time":"2026-09-19T02:53:53.271Z","service":"vantage-main-server","env":"development","msg":"granot_lifecycle.processing.completed","observability_level":"info","category":"mongo","workflow":"granot_lifecycle"}
{"level":"info","time":"2026-09-19T02:53:53.271Z","service":"vantage-main-server","env":"development","msg":"granot_lifecycle.processing.completed","receipt_id":"6aad…7717","observation_id":"6aad…7716","decision_id":"6aad…7718","attempt":1,"execution_mode":"live","outcome":"insufficient_creation_data","reason_code":"missing_creation_route_data","duration_ms":0}
{"level":"info","time":"2026-09-19T02:53:53.271Z","service":"vantage-main-server","env":"development","msg":"granot_lifecycle.processing.completed","observability_level":"info","category":"mongo","workflow":"granot_lifecycle"}
{"level":"info","time":"2026-09-19T02:53:53.272Z","service":"vantage-main-server","env":"development","msg":"granot_lifecycle.processing.completed","receipt_id":"6aad…771a","observation_id":"6aad…7719","decision_id":"6aad…771b","attempt":1,"execution_mode":"live","outcome":"insufficient_creation_data","reason_code":"missing_creation_route_data","duration_ms":0}
{"level":"info","time":"2026-09-19T02:53:53.272Z","service":"vantage-main-server","env":"development","msg":"granot_lifecycle.processing.completed","observability_level":"info","category":"mongo","workflow":"granot_lifecycle"}
{"level":"info","time":"2026-09-19T02:53:53.273Z","service":"vantage-main-server","env":"development","msg":"granot_lifecycle.processing.completed","receipt_id":"6aad…771d","observation_id":"6aad…771c","decision_id":"6aad…7721","attempt":1,"execution_mode":"live","outcome":"pending_match","reason_code":"pending_source_scoped_match","duration_ms":0}
{"level":"info","time":"2026-09-19T02:53:53.273Z","service":"vantage-main-server","env":"development","msg":"granot_lifecycle.processing.completed","observability_level":"info","category":"mongo","workflow":"granot_lifecycle"}
{"level":"info","time":"2026-09-19T02:53:53.274Z","service":"vantage-main-server","env":"development","msg":"granot_lifecycle.processing.completed","receipt_id":"6aad…7723","observation_id":"6aad…7722","decision_id":"6aad…7727","attempt":9,"execution_mode":"live_shadow","outcome":"unmatched","reason_code":"match_window_expired","duration_ms":0}
{"level":"info","time":"2026-09-19T02:53:53.274Z","service":"vantage-main-server","env":"development","msg":"granot_lifecycle.processing.completed","observability_level":"info","category":"mongo","workflow":"granot_lifecycle"}
{"level":"info","time":"2026-09-19T02:53:53.275Z","service":"vantage-main-server","env":"development","msg":"granot_lifecycle.processing.completed","receipt_id":"6aad…7729","observation_id":"6aad…7728","decision_id":"6aad…772e","attempt":1,"execution_mode":"live","outcome":"created","reason_code":"lead_created_authorized","duration_ms":0}
{"level":"info","time":"2026-09-19T02:53:53.276Z","service":"vantage-main-server","env":"development","msg":"granot_lifecycle.processing.completed","observability_level":"info","category":"mongo","workflow":"granot_lifecycle"}
{"level":"info","time":"2026-09-19T02:53:53.278Z","service":"vantage-main-server","env":"development","msg":"granot_lifecycle.processing.completed","receipt_id":"6aad…7733","observation_id":"6aad…7732","decision_id":"6aad…7737","attempt":1,"execution_mode":"live","outcome":"pending_match","reason_code":"pending_source_scoped_match","duration_ms":2}
{"level":"info","time":"2026-09-19T02:53:53.278Z","service":"vantage-main-server","env":"development","msg":"granot_lifecycle.processing.completed","observability_level":"info","category":"mongo","workflow":"granot_lifecycle"}
✔ Form q for a Granot-only name includes granot_contact_snapshot.name (5.5848ms)
✔ Form q for an ingested-only email includes ingested_contact_snapshot.email (1.1657ms)
✔ Form q for a typed phone substring hits live and snapshot phone paths (1.0349ms)
✔ Form q still hits job_no and ref_no (1.0285ms)
✔ Call q includes ingested and Granot snapshot contact paths (1.4248ms)
✔ empty q still pins ranked identity; explicit q still pins nothing (3.3933ms)
✔ Form item with a snapshot returns known_contacts.granot and live contact stays Form submitted (2.6603ms)
✔ Form item without a snapshot omits known_contacts.granot (1.7502ms)
✔ listGranotLifecycleCaseCandidates Form q uses snapshot paths, excludes Duplicate/Bad, and maps known_contacts (18.6269ms)
✔ listGranotLifecycleCaseCandidates Call q uses snapshot paths and maps known_contacts (19.8917ms)
✔ listGranotLifecycleCaseCandidates Call q for Granot-only phone hits snapshot phone paths (7.9744ms)
﹣ [AC-18][AC-20][AC-35][AC-39] replica lifecycle reads leave aggregate and effect collection counts unchanged (2.3699ms) # Replica-set proof requires TEST_MODE=true before process start.
✔ [AC-35] Job path normalization rejects empty values (4.7379ms)
✔ [AC-35] the discrepancy queue still masks the contact it never asks anyone to call (0.6046ms)
✔ an intake names the customer the Owner has to call, and falls back to how to reach them (0.387ms)
✔ [AC-23] candidate ranking pins the suggested Lead, then high confidence, and is stable (1.9873ms)
✔ intake case detail hands the Owner the whole contact, not an initial and four digits (0.5011ms)
✔ [AC-20] [AC-36] [AC-40] timeline order is stable and evidence is not collapsed (3.13ms)
✔ [AC-35] lifecycle DTO recursive guard rejects raw transport and credentials (1.099ms)
✔ list deterministic booking exposes the official id and public-cancel eligibility (1.9379ms)
✔ [AC-31] health flag names match the ten centralized lifecycle flags and do not promote effects (0.7961ms)
✔ [AC-37] due work includes expired claims and excludes unexpired claimed leases (0.6013ms)
✔ [AC-P7] list compact pairing matches the creating Booked class and omits Release rows (1.7698ms)
✔ [AC-P4][AC-P6][AC-P7] detail pairing includes later Priority 5 and is null for historical Priority 5 only (1.1016ms)
✔ [AC-R10] default intakes list is booking-only; kind=release still lists historical Release cases (0.3805ms)
✔ list latest_action uses booking-intake selection so later Priority 5 cannot win (0.4238ms)
✔ [AC-R3] pairing is omitted on a Release-only booking case (0.1855ms)
✔ [AC-R3] capabilities matrix follows spec §7 and hides Confirm Cancellation when commands are off (0.4788ms)
{"level":"info","time":"2026-09-19T02:53:51.512Z","service":"vantage-main-server","env":"development","msg":"granot_lifecycle.queue.publish_skipped","receipt_id":"rece…skip","observation_channel":"granot_webhook"}
✔ [AC-35] publisher is skipped in the test runner and never sends a queue message (16.4076ms)
✔ [AC-02][AC-35] publisher sends exactly { receipt_id } when publishing is enabled (1.9954ms)
✔ [AC-35] publish failure is observed safely and does not throw (4.0563ms)
{"level":"info","time":"2026-09-19T02:53:51.523Z","service":"vantage-main-server","env":"development","msg":"granot_lifecycle.queue.published","receipt_id":"rece…pt-1","observation_channel":"granot_webhook"}
{"level":"error","time":"2026-09-19T02:53:51.525Z","service":"vantage-main-server","env":"development","msg":"granot_lifecycle.queue.publish_failed","error_code":"technical_failure","receipt_id":"rece…iled","observation_channel":"granot_webhook"}
{"level":"error","time":"2026-09-19T02:53:51.527Z","service":"vantage-main-server","env":"development","msg":"granot_lifecycle.queue.publish_failed","observability_level":"error","category":"queue","workflow":"granot_lifecycle_queue","entity_id":"receip...iled"}
✔ [AC-02][AC-35] hashes canonical credential-redacted JSON as lowercase SHA-256 hex (6.4529ms)
✔ [AC-35] reports removed credential-key counts only and never values (1.9298ms)
✔ [AC-35] leaves non-credential keys untouched and starts counts at zero (0.732ms)
✔ [AC-02] identical redacted payloads produce the same hash and remain distinct receipts later (0.4196ms)
✔ [AC-02] received legacy processing translates to pending defaults only (0.551ms)
✔ [AC-02] refused legacy processing statuses are not translated (0.9609ms)
✔ [AC-02][AC-35] legacy webhook fill uses 34.1 mapping, legacy_unknown, and count-only redaction (3.8526ms)
✔ channel filter excludes browser_extension and granot_http_automation receipts (25.2009ms)
✔ ref_no hits an Observation, a pending receipt fallback, and misses others (4.1602ms)
✔ job_no hits an Observation, a pending receipt fallback, and misses others (1.7512ms)
✔ name hits an Observation, a pending receipt fallback, and misses others (1.869ms)
✔ phone hits an Observation, a pending receipt fallback, and misses others (11.4891ms)
✔ email hits an Observation, a pending receipt fallback, and misses others (1.5022ms)
✔ source_company_id and booking_action ignore pending receipts (3.9821ms)
✔ booking_action booked and release are distinct (3.4175ms)
✔ payload event_type cannot reroute route_event_class (1.503ms)
✔ lead_created and priority_updated never return a booking action on the DTO (1.2178ms)
✔ Owner list returns unmasked contact and credential-redacted granot_statement (0.9977ms)
✔ pending receipt and empty Observation phone or email fill from the redacted payload (1.0415ms)
✔ cursor page is stable newest-first (3.4968ms)
✔ intake_case_id joins the booking case by Job Number, including lead_created (0.5408ms)
✔ empty find lists newest webhook receipts first (1.2829ms)
✔ opaque cursor encoder matches the case-list keyset shape (2.3104ms)
﹣ [AC-28][AC-32] replica Referral creation is exact, lead-free, atomic, and replay-safe (7.2595ms) # Replica-set proof requires TEST_MODE=true before process start.
﹣ [AC-28] already-satisfied Referral evidence resolves without a second Booking (0.9567ms) # Replica-set proof requires TEST_MODE=true before process start.
﹣ [AC-28] existing Referral Booking supports official update and case-only No Action without a Lead (0.8915ms) # Replica-set proof requires TEST_MODE=true before process start.
﹣ [AC-28][AC-32] competing Owners converge and policy drift fails closed (0.9558ms) # Replica-set proof requires TEST_MODE=true before process start.
﹣ [AC-28][AC-32] Referral creation rolls back after every persisted boundary (0.4929ms) # Replica-set proof requires TEST_MODE=true before process start.
✔ [AC-28] Referral Booking exposes the canonical command name (1.79ms)
✔ [AC-28] Referral Booking rejects non-Owner authority before storage access (1.9373ms)
﹣ [AC-21][AC-25][AC-32] Release No Action resolves only case and Command with exact replay (2.4822ms) # Replica-set proof requires TEST_MODE=true before process start.
﹣ [AC-21][AC-25][AC-32] Release Update Booking fully replaces official fields atomically (1.0921ms) # Replica-set proof requires TEST_MODE=true before process start.
﹣ [AC-21][AC-25][AC-26][AC-32] Confirm Cancellation writes one complete causal chain (0.6495ms) # Replica-set proof requires TEST_MODE=true before process start.
﹣ [AC-26][AC-32] a verified current Cancellation resolves already-satisfied without another effect (0.3804ms) # Replica-set proof requires TEST_MODE=true before process start.
﹣ [AC-25][AC-32] verified Referral Booking cancels without fabricating a Lead mirror (0.4209ms) # Replica-set proof requires TEST_MODE=true before process start.
﹣ Confirm Granot Cancellation succeeds on a Granot official Leadless Booking without a Lead mirror (0.3888ms) # Replica-set proof requires TEST_MODE=true before process start.
﹣ [AC-21] all pairwise Release commands have exactly one case-revision winner (0.4549ms) # Replica-set proof requires TEST_MODE=true before process start.
﹣ [AC-32] Cancellation, update, and No Action roll back after every write boundary (0.5081ms) # Replica-set proof requires TEST_MODE=true before process start.
﹣ [AC-25][AC-32][AC-36] Release races converge, replay dedupes, and resolved rows advance max+1 (2.666ms) # Replica-set proof requires TEST_MODE=true before process start.
﹣ [AC-25][AC-31][AC-32] refresh splits revisions and Decision failure rolls back create and refresh (0.7768ms) # Replica-set proof requires TEST_MODE=true before process start.
﹣ [AC-25][AC-29][AC-40] Booking and Release cases coexist without forbidden side effects (0.6888ms) # Replica-set proof requires TEST_MODE=true before process start.
{"level":"info","time":"2026-09-19T02:53:59.005Z","service":"vantage-main-server","env":"development","msg":"granot_lifecycle.release_case.opened","observability_level":"info","category":"booking","workflow":"granot_release_reconciliation"}
▶ Release Reconciliation classification
  ✔ [AC-25] active deterministic Booking opens Release review even without a Lead (5.6557ms)
  ✔ [AC-26] already officially cancelled Release is already-current and never a case (1.6908ms)
  ✔ [AC-27] missing Booking and exact identity conflicts route to the typed discrepancy seam (2.0639ms)
  ✔ [AC-40] ignores non-Release evidence and never contact-selects a Booking (0.5365ms)
✔ Release Reconciliation classification (12.6975ms)
▶ Release Reconciliation persistence
  ✔ [AC-25] atomically opens and refreshes one Release case with immutable opening Booking revision (9.4725ms)
✔ Release Reconciliation persistence (9.7893ms)
{"level":"info","time":"2026-09-19T02:53:59.009Z","service":"vantage-main-server","env":"development","msg":"granot_lifecycle.release_case.refreshed","observability_level":"info","category":"booking","workflow":"granot_release_reconciliation"}
✔ [AC-35] lifecycle failure logs contain bounded codes and masked identifiers only (3.4839ms)
✔ [AC-30] foundation technical retry uses exact exponential cap and 0-25% jitter (1.8222ms)
✔ [AC-30] foundation pending-match offsets are absolute from captured_at (3.2602ms)
✔ [AC-30] foundation still-failed match at or after 24 hours is not scheduled (0.4459ms)
✔ [AC-30] foundation sync poll backoff stays bounded inside five seconds (0.3823ms)
✔ [AC-38] zero, multiple, inactive, and ambiguous runtime matches never pick a row or route (7.4179ms)
✔ [AC-38] policy cache cannot serve a precommit snapshot (1.2765ms)
✔ [AC-09] Best Relocation Form same valid states select local; different select long-distance; invalid select none (4.4846ms)
✔ [AC-29] deferred Paid Overflow and Auto authorize no effect; payload type is not classification input (1.5806ms)
✔ [AC-04] ineligible Source Scope fails gates and provides no reassignment output (8.0463ms)
✔ gate evaluator snapshots every layer in stable order and maps deferred vs policy_blocked (2.1168ms)
✔ [AC-28] reviewed Referral reconciliation treats absent Lead scope gates as not applicable (0.9862ms)
✔ source-policy suite never imports the Twilio adapter (0.7485ms)
✔ twelve policy × effect outcomes are independent for link, enrich, create, and text (1.2286ms)
✔ a later store edit does not mutate an already-returned SourcePolicySnapshot (0.8758ms)
﹣ [AC-05][AC-07][AC-10][AC-11][AC-32] replica WordPress matched write is one causal transaction (3.4631ms) # Replica-set proof requires TEST_MODE=true before process start.
﹣ [AC-12] replica RingCentral Call qualified contact writes snapshot only (1.3286ms) # Replica-set proof requires TEST_MODE=true before process start.
﹣ [AC-12] replica Granot-created Form contact becomes current and keeps origin (2.3761ms) # Replica-set proof requires TEST_MODE=true before process start.
﹣ [AC-13] replica Agent fills only an empty receiver through one active match (0.7043ms) # Replica-set proof requires TEST_MODE=true before process start.
﹣ [AC-05] replica Bad Form stores Priority only and Duplicate never becomes a target (2.3667ms) # Replica-set proof requires TEST_MODE=true before process start.
﹣ [AC-07][AC-32] replica establish, attach, confirm, and duplicate-key race (0.74ms) # Replica-set proof requires TEST_MODE=true before process start.
﹣ [AC-32] replica revision race has one winner and rolls back the losing transaction (0.4632ms) # Replica-set proof requires TEST_MODE=true before process start.
﹣ [AC-32] replica equal-time Observation tie-break admits only the greater ObjectId (0.376ms) # Replica-set proof requires TEST_MODE=true before process start.
✔ [AC-32] command refuses shadow or disabled Lead writes before the executor (5.6589ms)
✔ [AC-32] command refuses a failed gate snapshot before the executor (0.9847ms)
✔ [AC-32] Granot command context requires the processor actor and webhook initiator (1.5701ms)
✔ receiver fill derives catalog name snapshot and set_at off the planner (1.3399ms)
✔ Changed in Granot ignores US country-code phone formatting (0.8973ms)
✔ Changed in Granot ignores email case and name capitalization (0.4348ms)
✔ Changed in Granot ignores Granot first/last split of a name-only form submit (0.6197ms)
✔ Changed in Granot stays true when Granot last name adds another person (0.314ms)
✔ Changed in Granot stays true for a different person or reach path (0.4262ms)
✔ Call Lead synchronize persists Granot Contact Snapshot and leaves live phone unchanged (4.0923ms)
✔ [AC-07] trusted Granot Form validator may omit move_size and forces post_to_granot=false (6.9981ms)
✔ [AC-07] trusted Granot Form validator rejects caller override of post_to_granot (1.4464ms)
✔ [AC-07] trusted Granot Call validator allows Job Number without phone and forces post_to_granot=false (1.6172ms)
✔ [AC-07] trusted Granot validators reject public lifecycle metadata keys (1.1741ms)
✔ [AC-03][AC-05][AC-06][AC-29] shared lifecycle vocabulary remains exact (1.4668ms)
✔ Form duplicate classification isolates cutoff cohorts and exact granularities (24.2319ms)
✔ matched modern production duplicate outcome is preserved (0.5607ms)
✔ Call duplicates use earlier non-duplicate anchors in inclusive 90-day exact-granularity window (0.6126ms)
✔ Form Fill is time-unbounded and Source Company scoped after Form classification (0.4315ms)
✔ classification fails closed without exact granularity (1.0548ms)
✔ manifest bytes and hash are stable for identical reviewed inputs (45.0346ms)
✔ manifest identity is deterministic when the caller does not supply one (2.9277ms)
✔ manifest parser rejects modified bytes (2.5332ms)
✔ rehearsal and production target guards fail closed (2.2504ms)
✔ migration context cannot be enabled outside the canonical local adapter (0.9888ms)
✔ exact normalization applies NFKC, whitespace collapse, and case folding (3.587ms)
✔ agent parsing removes terminal metadata and preserves slash order (2.5827ms)
✔ agent parsing rejects repeated and unrecognized separators (0.9528ms)
✔ customer parsing preserves compound display text as one customer (0.6458ms)
✔ money parser uses cents and rejects blank, negative, and over-precision (0.8403ms)
✔ integer-cent allocations are exact for one, two, and three agents (0.9244ms)
✔ Eastern parser handles DST and the reviewed malformed-year correction (47.466ms)
✔ Google serial dates are interpreted as Eastern wall-clock values (1.8395ms)
✔ planner produces a schema-valid deterministic manifest for a new source and form lead (163.6631ms)
✔ rollback restores exact values and unsets fields that were originally absent (5.9599ms)
✔ update validation accepts a production nested object path (8.4022ms)
✔ update validation rejects an unknown nested object path (1.114ms)
✔ recurring source window starts at New York midnight on 2026-04-30 (4.3546ms)
✔ stable managed identity survives row reordering (6.4055ms)
✔ preview never repairs missing managed identities (1.3153ms)
✔ leased identity repair writes empty cells once and verifies read-back (2.0153ms)
✔ copied managed identities block repair instead of falling back to row number (1.0308ms)
✔ malformed managed identities block inspection (0.4876ms)
✔ identity repair never overwrites a value added after inspection (0.659ms)
✔ identity repair uses atomic empty-cell replacement (0.9222ms)
✔ application plan is immutable and material changes alter its checksum (12.4172ms)
✔ unmatched booking becomes leadless plus one reconciliation conflict (3.0214ms)
✔ LID_BestRelo remains matching evidence and never becomes an action (3.9535ms)
✔ unmatched refund is blocking and cannot guess a cancellation (7.6135ms)
✔ refund matches below the calibrated threshold never cancel (5.7307ms)
✔ review-only refund evidence does not consume a later corroborated match (37.4725ms)
✔ invalid source rows become isolated conflict actions (6.7489ms)
✔ three-way update permits only unchanged canonical source-owned fields (2.0002ms)
✔ persistence schemas enforce receipt uniqueness and required indexes (2.2248ms)
✔ ingestion run graph makes all terminal states immutable (0.3914ms)
✔ heartbeat gates skip before source reads (0.478ms)
✔ apply worker mutates domain state only through canonical commands (43.9321ms)
✔ read paths use readonly Sheets scope and repair has a separate writer (11.0953ms)
✔ worker final and failure transitions remain lease-fenced (10.6763ms)
✔ pre-cutoff observations never enter the application plan (24.2055ms)
✔ refund application window uses Timestamp with exact half-open boundaries (20.734ms)
✔ one new form lead and one linked refund map to single create actions (11.6848ms)
✔ identical evidence is classified unchanged across replans (5.7695ms)
✔ source evidence reappearance uses the applied baseline, not conflicts (0.3229ms)
✔ missing-source actions preserve canonical refs and never delete (0.64ms)
✔ bootstrap adoption remaps creates to receipt-only adopt_existing (2.9305ms)
✔ bootstrap adopts nonduplicate calls using DST-aware persisted timestamps (14.8905ms)
✔ apply resumes from checkpoint without replaying successful actions (5.8628ms)
✔ adopt_existing Form Lead supplies the Booking lead_ref without creating a second Lead (4.1046ms)
✔ failed lead dependency blocks dependent booking and continues independently (5.2225ms)
✔ concurrent apply lease acquisition admits only one owner (0.3245ms)
✔ altered plan checksum is rejected before any mutation (4.7828ms)
✔ health signals alert on structural and growth thresholds (0.8001ms)
✔ conflict resolve route delegates booking attach to canonical command (10.8128ms)
✔ ingestion route errors never expose provider or source details (1.8172ms)
✔ WordPress walk-back (36.7804ms)
✔ Lead updated headline omits changed paths (3.4288ms)
✔ Granot-born (2.1821ms)
✔ Latest attempt only (1.9622ms)
✔ Granularity filter (0.7931ms)
✔ No contact match (1.3455ms)
✔ Priority 5 is not Booked (1.0287ms)
✔ Case is not a Booking (1.1285ms)
✔ Equivalent Job Number (2.4264ms)
✔ Sheet Sync walk-back (1.7158ms)
✔ Sheet Sync after official Booking (1.4272ms)
✔ Unresolved Lead has no source-lead Sheet Sync (0.7507ms)
✔ orphan cancellation without snapshot is not a first-hop survivor (0.5656ms)
✔ Typed search not_found (0.3642ms)
✔ Typed equivalent search (0.9843ms)
✔ blank Job Number is invalid_job_number (0.3242ms)
✔ assemble is a pure function over injected rows (2.1864ms)
✔ text policy skip is not applicable rather than attention (39.9729ms)
✔ open booking intake yields active stage and no official booking (4.6863ms)
✔ resolved finalizing booking case without fact yields attention (2.4731ms)
✔ ordinary booked job has no cancellation attention (3.7859ms)
✔ resolved release case without cancellation yields attention (2.5657ms)
✔ official cancellation determines cancelled outcome (3.8458ms)
✔ contradictory official chronology yields contradictory outcome (9.1071ms)
✔ synced sheet job still reports google destination unverified (2.995ms)
✔ wordpress-born golden includes wordpress receipt limitation (2.4592ms)
✔ later Granot receipt does not clear wordpress receipt limitation (4.1068ms)
✔ ringcentral-born golden bounds confidence with the cursor (2.7042ms)
✔ move completion and multi query appear only as limitations (3.8997ms)
✔ open cancellation intake does not become official cancelled outcome (6.8079ms)
✔ unresolved lead without official fact is unknown and lead unresolved (1.5445ms)
✔ snapshot-only cancellation is a found cancelled page (1.4771ms)
✔ orphan cancellation without snapshot yields orphan attention (1.249ms)
✔ sheet sync pending too long uses the module default threshold (7.5834ms)
✔ terminal sheet failure yields sheet sync terminal failure (3.7341ms)
✔ disagreeing source scopes yield source scope conflict (1.8128ms)
✔ applied decision without entity change yields processing evidence gap (1.1771ms)
✔ applied decision linked by entity change decision id is not a processing evidence gap (0.983ms)
✔ Masking (50.8694ms)
✔ module WordPress walk-back matches assemble headlines (57.2638ms)
✔ module Granot-born (4.2188ms)
✔ module latest Decision attempt only (1.6006ms)
✔ module intake is not official Booking (1.6701ms)
✔ module equivalent Job Number (2.1207ms)
✔ module Sheet Sync joins by entity ID (2.4377ms)
✔ module redacts contact, SMS body, and raw payloads (3.1942ms)
✔ module typed search not_found (3.4171ms)
✔ module company/granularity mismatch is filtered_out (0.6992ms)
✔ module without now still stamps assembled_at after reads (1.8548ms)
✔ module now sets assembled_at after reads (1.8201ms)
✔ normalizeTypedJobNo trims and uppercases (2.7456ms)
✔ jobsEquivalent treats letter prefix as the same Job Number (0.5974ms)
✔ recent official booking examples stay capped at three and newest book_date first (5.9247ms)
✔ recent official booking examples skip rows without a Job Number and never copy contact (1.0896ms)
✔ schema_version is job_timeline.v2 on ok pages (41.5842ms)
✔ source receipt and lead creation remain separate events (4.398ms)
✔ wordpress creation reports no invented receipt event (3.2504ms)
✔ timeline emits wordpress source_received only when the receipt exists (3.6395ms)
✔ dual clocks order by occurred time and preserve recorded time (2.2533ms)
✔ related receipt decision change and sheet rows share activity id (2.4914ms)
✔ activity grouping does not remove original evidence events (4.0618ms)
✔ orphan cancellation is not attached without durable job snapshot (2.6294ms)
✔ cancellation snapshot restores exact job correlation (2.4028ms)
✔ event cap returns explicit truncation limitation (37.4001ms)
✔ serialized v2 page contains no forbidden fields or contact (19.1032ms)
✔ golden pages cover origin and official-fact shapes (8.2258ms)
✔ skipped ringcentral ledger row is not a source receipt (1.1525ms)
✔ v1 fields remain populated on enhanced events (1.1275ms)
{"level":"info","time":"2026-09-19T02:54:06.897Z","service":"vantage-main-server","env":"development","msg":"lead_messaging.granot_created.already_sent","observationId":"6aadf94e9c077a4dc3b0dfa3"}
✔ Granot SMS gates evaluate every named gate and report the first blocker (2.6492ms)
✔ link_only never texts even when every other gate passes (0.4929ms)
✔ not_attested blocks even when outbound_sms.enabled is somehow true (0.2959ms)
✔ renderer substitutes allowlisted placeholders and always appends one opt-out (2.3222ms)
✔ sendGranotCreatedLeadConfirmation never throws and reports already_sent on duplicate key (10.5321ms)
✔ create_if_missing texting uses the resolved Lead Source ID and never looks up by label (0.8946ms)
✔ Twilio adapter stays un-called on gate decisions and persist/dispatch stubs (9.7654ms)
✔ link_only enrich path sends nothing even when persist/dispatch are provided (2.6671ms)
✔ replaying one observation twice yields at most one persist, bounded by identity (1.2292ms)
{"level":"info","time":"2026-09-19T02:54:06.904Z","service":"vantage-main-server","env":"development","msg":"lead_messaging.granot_created.blocked","observationId":"6aadf94e9c077a4dc3b0dfac","blockedReason":"source_policy_create_if_missing","leadModel":"FormLead"}
{"level":"info","time":"2026-09-19T02:54:06.915Z","service":"vantage-main-server","env":"development","msg":"lead_messaging.granot_created.blocked","observationId":"6aadf94e9c077a4dc3b0dfb0","blockedReason":"source_policy_create_if_missing","leadModel":"FormLead"}
{"level":"info","time":"2026-09-19T02:54:06.917Z","service":"vantage-main-server","env":"development","msg":"lead_messaging.granot_created.already_sent","observationId":"6aadf94e9c077a4dc3b0dfb4"}
{"level":"error","time":"2026-09-19T02:54:06.704Z","service":"vantage-main-server","env":"development","err":{"type":"Error","message":"quiet-hours scheduling failed","stack":"Error: quiet-hours scheduling failed\n    at dispatch (C:\\Users\\Pinda\\Proyectos\\vantage\\vantage-main-server\\src\\services\\leadMessaging\\leadMessaging.service.test.ts:404:15)\n    at dispatchOrQueuePersistedLeadMessage (C:\\Users\\Pinda\\Proyectos\\vantage\\vantage-main-server\\src\\services\\leadMessaging\\leadMessaging.service.ts:274:44)\n    at TestContext.<anonymous> (C:\\Users\\Pinda\\Proyectos\\vantage\\vantage-main-server\\src\\services\\leadMessaging\\leadMessaging.service.test.ts:395:27)\n    at async Test.run (node:internal/test_runner/test:1332:7)\n    at async Test.processPendingSubtests (node:internal/test_runner/test:911:7)"},"msg":"lead_messaging.post_persist_dispatch_failed","leadMessageId":"6aadf94e65796e66eafdc795","leadId":"6aadf94e65796e66eafdc797"}
✔ confirmation builder retains the approved server-side copy (2.3691ms)
✔ confirmation builder derives the first name from a combined name (0.5415ms)
✔ overnight deferral stays off until quiet hours are explicitly enabled (1.0448ms)
✔ form-lead SMS send input defers overnight Eastern traffic to 8:00 AM via Twilio (1.1034ms)
✔ Twilio schedule window rejects sendAt values Twilio would 400 (1.3054ms)
✔ overnight deferral fails closed when the Messaging Service SID is missing (0.5614ms)
✔ SMS destinations are normalized to E.164 when safely possible (0.5076ms)
✔ disabled mode is a dispatch-time kill switch (3.9063ms)
✔ test mode is also enforced at dispatch time (0.8868ms)
✔ intent persistence gates strictly on parsed true consent (1.8986ms)
✔ duplicate, disabled, and test modes cannot send (1.0569ms)
✔ Granot persist shape shares one capacity reservation and does not require form consent (0.8046ms)
✔ destination policy decisions persist as non-retryable skips (0.5477ms)
✔ 429 and definite connection failures are retryable (0.7433ms)
✔ ambiguous timeouts are never automatically retried (0.4794ms)
✔ retry budget stops automatic retries (0.3336ms)
✔ status callbacks do not regress or replace terminal outcomes (0.2852ms)
✔ scheduled provider status can advance to queued, sent, or failed (0.2141ms)
✔ post-persist dispatch never rejects the form-lead create path (11.1067ms)
{"level":"error","time":"2026-09-19T02:54:06.712Z","service":"vantage-main-server","env":"development","err":{"type":"Error","message":"event write failed after Twilio accepted","stack":"Error: event write failed after Twilio accepted\n    at dispatch (C:\\Users\\Pinda\\Proyectos\\vantage\\vantage-main-server\\src\\services\\leadMessaging\\leadMessaging.service.test.ts:423:15)\n    at dispatchOrQueuePersistedLeadMessage (C:\\Users\\Pinda\\Proyectos\\vantage\\vantage-main-server\\src\\services\\leadMessaging\\leadMessaging.service.ts:274:44)\n    at TestContext.<anonymous> (C:\\Users\\Pinda\\Proyectos\\vantage\\vantage-main-server\\src\\services\\leadMessaging\\leadMessaging.service.test.ts:414:33)\n    at async Test.run (node:internal/test_runner/test:1332:7)\n    at async Test.processPendingSubtests (node:internal/test_runner/test:911:7)"},"msg":"lead_messaging.post_persist_dispatch_failed","leadMessageId":"6aadf94e65796e66eafdc795","leadId":"6aadf94e65796e66eafdc798"}
✔ midnight through 6:59 AM Eastern defers to 8:00 AM the same Eastern day (2.7362ms)
✔ 7:00 AM Eastern and later send immediately (0.7179ms)
✔ immediate Twilio payloads keep the existing from-number send shape (3.7272ms)
✔ scheduled Twilio payloads require a Messaging Service and use fixed sendAt (1.1789ms)
✔ status callback validation uses the exact configured URL and primary token (13.176ms)
✔ builds signed-callback-compatible TwiML that forwards to RingCentral (110.5114ms)
✔ defaults forwarding to the Vantage RingCentral number (0.9247ms)
✔ rejects a forwarding loop (1.2899ms)
✔ completed callback hangs up the parent call (1.4169ms)
✔ lead source catalog seeds legacy companies and resolves granularities (10.999ms)
✔ all legacy source labels resolve through the lead source catalog (24.3285ms)
✔ lead source catalog seeds production and test databases independently (6.5347ms)
{"level":"info","time":"2026-09-19T02:54:09.046Z","service":"vantage-main-server","env":"development","msg":"call_lead.create.sheet_sync.disabled","resource":"source_lead","leadModel":"CallLead","leadId":"507f1f77bcf86cd799439011"}
✔ rememberBothCallSheetTabsForTombstone includes Calls and Duplicate Calls fallbacks (10.5109ms)
✔ rememberBothCallSheetTabsForTombstone preserves known rows from sheet_sync (2.1926ms)
✔ completeCallLeadIngestion records lead.call.created after commit and skips form-fill when false (7.4175ms)
✔ completeCallLeadIngestion records form-fill only when Form Fill is true (1.6339ms)
✔ completeCallLeadIngestion reports missing CPL after the write, not as a CRM post (3.3441ms)
✔ Admin and Best Relocation origins never set Duplicate Lead; public ingest is vantage_admin (2.5422ms)
✔ [AC-12] RingCentral Call provenance is ringcentral, quoted false, transport stays nested (0.6757ms)
✔ correctCallLead refuses Duplicate Lead on a Booked Call Lead (3.0402ms)
{"level":"info","time":"2026-09-19T02:54:09.047Z","service":"vantage-main-server","env":"development","msg":"lead.call.created","observability_level":"info","category":"lead","workflow":"call_lead_create","source_company":"tbm_leads","entity_id":"507f1f77bcf86cd799439011"}
{"level":"info","time":"2026-09-19T02:54:09.051Z","service":"vantage-main-server","env":"development","msg":"call_lead.create.sheet_sync.disabled","resource":"source_lead","leadModel":"CallLead","leadId":"507f1f77bcf86cd799439011"}
{"level":"info","time":"2026-09-19T02:54:09.051Z","service":"vantage-main-server","env":"development","msg":"lead.call.created","observability_level":"info","category":"lead","workflow":"call_lead_create","source_company":"tbm_leads","entity_id":"507f1f77bcf86cd799439011"}
{"level":"info","time":"2026-09-19T02:54:09.051Z","service":"vantage-main-server","env":"development","msg":"lead.call.form_fill_detected","observability_level":"info","category":"lead","workflow":"call_lead_create","source_company":"tbm_leads","entity_id":"507f1f77bcf86cd799439011"}
{"level":"info","time":"2026-09-19T02:54:09.052Z","service":"vantage-main-server","env":"development","msg":"call_lead.create.sheet_sync.disabled","resource":"source_lead","leadModel":"CallLead","leadId":"507f1f77bcf86cd799439011"}
{"level":"error","time":"2026-09-19T02:54:09.053Z","service":"vantage-main-server","env":"development","msg":"lead.cpl.missing_rate","observability_level":"error","category":"lead","workflow":"lead_cpl_resolution","source_company":"tbm_leads","entity_id":"507f1f77bcf86cd799439011"}
{"level":"info","time":"2026-09-19T02:54:09.053Z","service":"vantage-main-server","env":"development","msg":"lead.call.created","observability_level":"info","category":"lead","workflow":"call_lead_create","source_company":"tbm_leads","entity_id":"507f1f77bcf86cd799439011"}
✔ correctCallLead maps a missing receiver agent to 404 (55.6966ms)
✔ correctCallLead skips Sheet Sync when nothing material changed (2.4475ms)
✔ listRecentCallLeads keeps a Duplicate Lead in the last 200 (0.8236ms)
✔ removeCallLead refuses a Booked Call Lead without cascade (1.5809ms)
✔ refuseToMarkABookedCallAsDuplicate does not mention no_sync (10.1526ms)
✔ correctCallLead does not throw ConflictError when marking no_sync on booked or duplicate (1.1731ms)
✔ Admin Call create stamps no_sync from origin and skips call_lead.create outbox when true (8.3704ms)
✔ Admin Call omit stamps no_sync true; RingCentral client true stamps false (31.3276ms)
✔ CallLead schema defaults no_sync to false so missing-field documents stay syncable (0.4909ms)
✔ begin remembers Sheet Sync before commit; complete dispatches and records owner events (7.3667ms)
✔ form duplicate check matches an earlier lead by email within exact granularity (18.4125ms)
✔ form duplicate check matches existing lead by phone within exact granularity (1.8021ms)
✔ form duplicate check does not fall back from exact granularity to company (2.4024ms)
✔ form duplicate check allows single identifier duplicate matches (1.0726ms)
✔ form duplicate check ignores regex candidates that fail exact phone verification (1.1937ms)
✔ form duplicate check skips lookup when no usable identifier exists (1.4996ms)
✔ findFormLeadForEnrichment does not return a Duplicate Lead (6.5156ms)
✔ findFormLeadForEnrichment is not found when the Form Lead is missing (4.4358ms)
✔ correctFormLead refuses quoted and cubic feet on a Duplicate Lead (1.257ms)
✔ refuseIllegalCorrections does not mention no_sync (102.6601ms)
✔ correctFormLead does not throw ConflictError when marking no_sync on booked, duplicate, or bad (2.1409ms)
✔ correctFormLead refuses Bad Lead on duplicate, Booked, or Cancelled (1.9479ms)
✔ removeFormLead refuses a Booked Form Lead without cascade (1.0366ms)
✔ [AC-10] WordPress and Admin Form create paths derive exact origins (0.5848ms)
✔ Admin Form create omit stores no_sync true and skips form_lead.create outbox (10.1547ms)
✔ Admin Form omit stamps no_sync true; opt-in false and WordPress client true stamp correctly (26.9308ms)
✔ FormLead schema defaults no_sync to false so missing-field documents stay syncable (0.5093ms)
✔ [AC-10] Form updates cannot carry internal snapshot or origin fields (0.4433ms)
✔ lead CPL resolution uses the stored Eastern business calendar day (3.3558ms)
✔ duplicate Call Lead snapshots retain base-period evidence at zero (1.4245ms)
✔ missing rates remain compatibility zero with a cleared period reference (1.3165ms)
✔ [AC-10] Form origin derivation uses trusted entry points and fails closed (5.5635ms)
✔ [AC-12] Call origin derivation uses trusted entry points and fails closed (0.4716ms)
✔ [AC-10] [AC-11] creation provenance captures ingested snapshots with trusted now (2.1905ms)
✔ [AC-12] Call creation provenance forces quoted false and captured_at_ingestion (0.6962ms)
✔ noSyncOnCreate defaults true for vantage_admin and ignores other-origin client true (0.3527ms)
✔ [AC-07] omitForbiddenLeadLifecycleFields strips internal metadata from updates (0.3682ms)
✔ deriveLocal is local only when both states match (2.2742ms)
✔ deriveFormLeadLocal treats not_found on either side as a Local Move (0.5334ms)
✔ deriveFormLeadLocal still classifies two known states (0.2411ms)
✔ normalizeState keeps the not_found sentinel and uppercases codes (0.2705ms)
﹣ [AC-10] [AC-11] replica WordPress Form create captures origin and snapshots atomically (2.4696ms) # Replica-set proof requires TEST_MODE=true before process start.
﹣ [AC-10] replica Form origin/snapshot insert rolls back with the Lead (0.5703ms) # Replica-set proof requires TEST_MODE=true before process start.
﹣ [AC-12] replica RingCentral Call create captures origin, quoted false, and rolls back atomically (0.5604ms) # Replica-set proof requires TEST_MODE=true before process start.
✔ lead source assignment persists owner-created registry sources (3.2066ms)
✔ lead source assignment retries a valid fallback alias after exact lookup misses (0.7225ms)
✔ classifies a different legacy source company as conflict (1.8395ms)
✔ classifies a genuinely unassigned Lead as unassigned (0.5594ms)
✔ receipt exists before Lead create on the authorized path (12.6989ms)
✔ duplicates collapse on the idempotency key (3.3177ms)
✔ unauthorized or keyless WordPress create does not write a receipt (0.9461ms)
✔ unattached receipt refuses a second Lead create (1.5595ms)
✔ attach failure does not leave a creatable second Lead (1.1577ms)
✔ capture failure aborts Lead create (0.8168ms)
✔ seed catalog has unique Granot Carrier Codes and DOTs (1.7315ms)
✔ seed plan sets missing codes and leaves matching codes alone (1.0263ms)
✔ carrier normalization collapses whitespace and lowercases names (2.5291ms)
✔ carrier CSV parser normalizes headers and rejects duplicate compound identities (1.8615ms)
✔ carrier CSV parser rejects duplicate Granot Carrier Codes (0.667ms)
✔ carrier list defaults to active rows and applies q across searchable fields (3.3215ms)
✔ patch import creates missing carriers and reactivates changed existing carriers (1.7031ms)
✔ replace import deactivates active carriers missing from the uploaded CSV (0.9256ms)
✔ phone classification: external, company DID, extension, withheld, service code, malformed (3.5243ms)
✔ provider account resolution never fabricates or silently picks between accounts (1.5905ms)
✔ window start honors the twelve-hour floor and the cursor overlap (0.5988ms)
✔ coverage: complete rolling window advances cursor and watermark, closes covered gaps (2.5442ms)
✔ coverage: partial page failure never advances complete-through and records the missing range (2.5409ms)
✔ coverage: gap repair removes a repaired gap, narrows a partially repaired one, and never drops gaps past the bound (1.0966ms)
✔ import boundary: numberActivity never imports qualification, ingest, convergence or Lead write services (18.6011ms)
✔ normalizeDirectory reduces provider records to the snapshot shape deterministically; digest is order-independent (11.8656ms)
✔ fetcher issues the documented account, extension, phone-number and call-queue reads over the shared client (0.9904ms)
✔ capture-projection dedupe key is the provider uuid, falling back to the receipt id only when the uuid is absent (4.6228ms)
✔ queue topic is env-scoped and never published from a test runner (4.7548ms)
✔ fan-out: flag off means no job and no publish; a non-durable receipt is skipped honestly (2.7054ms)
{"level":"warn","time":"2026-09-19T02:54:17.488Z","service":"vantage-main-server","env":"development","msg":"sales_intelligence.capture.fanout.enqueue_timeout","receiptId":"6aadf959956e1ccb143ec046","timeoutMs":20}
✔ fan-out: the acknowledgement waits a bounded time for the job transaction; a slow transaction is reported, not awaited forever (29.8246ms)
✔ fan-out: job is durable before publish; publish failure keeps the enqueued job; enqueue failure is bounded (3.5056ms)
✔ publish wake-up: gated, best-effort, never throws (1.3606ms)
✔ wake-up payload is exactly { job_id } with a 24-hex id (6.5937ms)
✔ worker: unclaimable job (completed, leased elsewhere, foreign stage) does nothing (1.858ms)
✔ worker: loads the stored receipt, passes the job id as request_id, completes with a bounded per-session result (3.6593ms)
✔ worker: deterministic per-session failures (account_unresolved) complete the job with the error visible; retryable ones retry with partial result (7.337ms)
✔ worker: missing receipt is schema_invalid (bounded retries), lease loss during completion is reported not retried (1.8437ms)
{"level":"error","time":"2026-09-19T02:54:17.494Z","service":"vantage-main-server","env":"development","msg":"sales_intelligence.capture.fanout.enqueue_failed","receiptId":"6aadf959956e1ccb143ec04b","errorName":"Error","errorCode":null}
{"level":"error","time":"2026-09-19T02:54:17.496Z","service":"vantage-main-server","env":"development","msg":"sales_intelligence.queue.publish_failed","jobId":"6aadf959956e1ccb143ec04d","errorName":"Error"}
{"level":"warn","time":"2026-09-19T02:54:17.518Z","service":"vantage-main-server","env":"development","msg":"sales_intelligence.capture.projection.lease_lost","jobId":"6aadf959956e1ccb143ec059"}
✔ terminal party statuses stay in parity with the qualification evaluator (2.3798ms)
✔ inbound queue call projects all directions of evidence: parties, connection, terminal, external number (17.7729ms)
✔ duplicate webhook delivery is a semantic no-op: no revision, fenced per party (10.3861ms)
✔ one party's sequence never suppresses another party in the same delivery (2.3329ms)
✔ out-of-order and late events never regress terminal or connected facts (6.4848ms)
✔ Call Log is authoritative: result/duration survive a late webhook terminal event (20.2564ms)
✔ identical Call Log replay and older lastModifiedTime never create a new revision or regress facts (2.7646ms)
✔ transfer with multiple recordings keeps every leg and recording, counted once as one interaction (2.3821ms)
✔ delayed recording evidence after terminal is surfaced as new recording ids (2.2105ms)
✔ voicemail is provider evidence; connected is not human; outbound unanswered stays unknown (2.9734ms)
✔ internal, withheld and malformed observations keep provider evidence without a customer identity (2.5725ms)
✔ review fix: an unknown short caller id is malformed, never a fabricated extension that makes a customer call Internal (1.3216ms)
✔ review fix: a party event missing `direction` does not turn an outbound customer call into a sticky Internal (5.8557ms)
✔ review fix: a stale Call Log record never regresses leg-level result or duration (1.304ms)
✔ review fix: legs_overflow_count is monotone across records and not double counted on merge (5.214ms)
✔ session-id only Call Log record resolves to fallback identity and gains the strongest basis when bridged (1.3041ms)
✔ Call Log first, webhook later: the extension party is adopted, not duplicated (1.4196ms)
✔ mergeProjections requires same account and folds evidence without dropping recordings (3.7356ms)
✔ no directory snapshot keeps roles unknown instead of guessing (1.6129ms)
✔ parseSearchTerm: e164, suffix, term and formatting (7.5418ms)
✔ term regex characters are escaped and anchored as a prefix (6.2447ms)
✔ number cursor round trip; garbage is INVALID_INPUT (5.8064ms)
✔ buildNumberSearchFilter: hygiene, attachment, range, term and keyset cursor (4.9266ms)
✔ timeline total order: happened_at desc, kind asc, id desc; isAfterCursor is strict (2.3069ms)
✔ keysetAfterCursor mirrors isAfterCursor for a fixed kind (0.6223ms)
✔ mergeTimeline: k-way merge, dedupe on (kind,id), cursor only when more remain (2.2131ms)
✔ NUMBER_DTO_FIXTURES parse against their schemas; CSI-01 detail data is a subset of the CSI-04 detail data (25.6348ms)
✔ recount replays stored canonical interactions through the CSI-02 counting rules and derives search terms from evidence only (23.4708ms)
✔ recount is idempotent: recounting the rebuilt fields yields the same fields; a fresh recount equals incremental rollups (2.5046ms)
✔ incident severity comparison ranks critical above error and warn (2.4165ms)
✔ event filter keeps exact-match fields exact (9.1483ms)
✔ event filter matches lead name partially and case-insensitively (3.0458ms)
✔ event filter escapes regex metacharacters in lead inputs (0.9265ms)
✔ event filter matches phone digits across formatting (2.0581ms)
✔ event filter supports partial phone digit search (0.6599ms)
✔ event filter builds date window and text search (3.2742ms)
✔ facets query schema coerces dates and strips unknown params (2.6101ms)
✔ incident filter applies partial lead matching and q regex OR (3.146ms)
✔ fingerprint is deterministic for the same inputs (1.9448ms)
✔ fingerprint differs by event key and environment (0.5366ms)
✔ explicit dedupeKey takes precedence over composed fields (0.3738ms)
✔ normalized error messages group transient differences (0.5306ms)
✔ dedupe key is human-readable and stable (0.3577ms)
✔ returns all-null for missing identity (2.8301ms)
✔ trims name/phone and lowercases email (0.5284ms)
✔ empty strings become null (0.3336ms)
✔ returns empty object for nullish or non-object details (4.603ms)
✔ truncates long strings to 500 characters with ellipsis (1.2803ms)
✔ collapses oversized arrays and deep objects (1.2492ms)
✔ normalizes dates and drops unsupported values (2.365ms)
✔ replaces details exceeding byte budget with a truncation marker (0.7941ms)
✔ canonicalize sorts object keys and serializes dates deterministically (2.8423ms)
✔ result hash is stable for identical inputs regardless of key order (0.927ms)
✔ result hash changes when result data changes (1.0751ms)
✔ isOperationalReportKey validates known keys (0.6122ms)
✔ registry denies exact IDs and normalized Google spreadsheet URLs (4.6767ms)
✔ production registry fails closed when required registration is absent (1.1213ms)
✔ spreadsheet normalization is strict and masking does not expose IDs (0.5979ms)
✔ registration groups compose without mutable global state (0.3446ms)
✔ Stage 2 registers both ingestion sources as production-required (0.5472ms)
✔ registry agent list excludes inactive rows by default (10.0388ms)
✔ registry merchant list supports include_inactive (1.1376ms)
{"level":"info","time":"2026-09-19T02:54:17.918Z","service":"vantage-main-server","env":"development","msg":"cpl_correction.completed","observability_level":"info","category":"admin","workflow":"cpl_correction","entity_id":"6aadf959fa28b8c0ce0c6697"}
✔ computeCplCorrectionPreviewHash is stable for normalized selection and impact (6.7899ms)
✔ previewCplCorrection returns deterministic hash and bounded sample (5.6434ms)
✔ preview hashes full Lead state and reports full counts beyond its sample (2.8341ms)
✔ Form duplicate flags do not invoke Call duplicate-zero CPL semantics (1.3495ms)
✔ createCplCorrection rejects stale preview hash (5.4991ms)
✔ createCplCorrection rejects changed schedule revision (6.8353ms)
✔ createCplCorrection commits audit metadata without lead payloads (4.8224ms)
✔ correction jobs exclude Leads inserted after the reviewed preview (7.2995ms)
✔ correction jobs fail visibly when reviewed Lead state changes (2.9755ms)
✔ correction jobs fail when a reviewed Lead disappears (2.4463ms)
✔ processCplCorrectionBatch resumes after expired lease (6.8214ms)
✔ overlapping workers do not double-correct the same lead (4.2627ms)
✔ re-entering a completed batch is a no-op (1.9456ms)
✔ cancellation stops future batches without corrupting completed work (3.6305ms)
✔ partial failure records failed count and resumes remaining leads (3.6585ms)
✔ analytics invalidation seam fires once after successful completion with changes (2.7505ms)
✔ analytics handoff failure does not downgrade completed corrections (3.2354ms)
✔ normalizeCplCorrectionSelection converts inclusive business dates (1.7592ms)
✔ correction windows query pseudo-UTC Lead timestamps across DST (4.9764ms)
{"level":"warn","time":"2026-09-19T02:54:17.921Z","service":"vantage-main-server","env":"development","msg":"cpl_correction.lead_failed","observability_level":"warn","category":"admin","workflow":"cpl_correction","entity_id":"6aadf959fa28b8c0ce0c6698"}
{"level":"error","time":"2026-09-19T02:54:17.924Z","service":"vantage-main-server","env":"development","msg":"cpl_correction.reviewed_target_missing","observability_level":"error","category":"admin","workflow":"cpl_correction","entity_id":"6aadf959fa28b8c0ce0c6699"}
{"level":"info","time":"2026-09-19T02:54:17.930Z","service":"vantage-main-server","env":"development","msg":"cpl_correction.progress","observability_level":"info","category":"admin","workflow":"cpl_correction","entity_id":"6aadf959fa28b8c0ce0c669a"}
{"level":"info","time":"2026-09-19T02:54:17.931Z","service":"vantage-main-server","env":"development","msg":"cpl_correction.completed","observability_level":"info","category":"admin","workflow":"cpl_correction","entity_id":"6aadf959fa28b8c0ce0c669a"}
{"level":"info","time":"2026-09-19T02:54:17.934Z","service":"vantage-main-server","env":"development","msg":"cpl_correction.completed","observability_level":"info","category":"admin","workflow":"cpl_correction","entity_id":"6aadf959fa28b8c0ce0c669b"}
{"level":"info","time":"2026-09-19T02:54:17.938Z","service":"vantage-main-server","env":"development","msg":"cpl_correction.completed","observability_level":"info","category":"admin","workflow":"cpl_correction","entity_id":"6aadf959fa28b8c0ce0c669c"}
{"level":"info","time":"2026-09-19T02:54:17.940Z","service":"vantage-main-server","env":"development","msg":"cpl_correction.progress","observability_level":"info","category":"admin","workflow":"cpl_correction","entity_id":"6aadf959fa28b8c0ce0c669d"}
{"level":"info","time":"2026-09-19T02:54:17.941Z","service":"vantage-main-server","env":"development","msg":"cpl_correction.cancelled","observability_level":"info","category":"admin","workflow":"cpl_correction","entity_id":"6aadf959fa28b8c0ce0c669d"}
{"level":"warn","time":"2026-09-19T02:54:17.945Z","service":"vantage-main-server","env":"development","msg":"cpl_correction.lead_failed","observability_level":"warn","category":"admin","workflow":"cpl_correction","entity_id":"6aadf959fa28b8c0ce0c669e"}
{"level":"info","time":"2026-09-19T02:54:17.945Z","service":"vantage-main-server","env":"development","msg":"cpl_correction.progress","observability_level":"info","category":"admin","workflow":"cpl_correction","entity_id":"6aadf959fa28b8c0ce0c669e"}
{"level":"info","time":"2026-09-19T02:54:17.945Z","service":"vantage-main-server","env":"development","msg":"cpl_correction.completed","observability_level":"info","category":"admin","workflow":"cpl_correction","entity_id":"6aadf959fa28b8c0ce0c669e"}
{"level":"info","time":"2026-09-19T02:54:17.947Z","service":"vantage-main-server","env":"development","msg":"cpl_correction.completed","observability_level":"info","category":"admin","workflow":"cpl_correction","entity_id":"6aadf959fa28b8c0ce0c669f"}
{"level":"info","time":"2026-09-19T02:54:17.951Z","service":"vantage-main-server","env":"development","msg":"cpl_correction.completed","observability_level":"info","category":"admin","workflow":"cpl_correction","entity_id":"6aadf959fa28b8c0ce0c66a0"}
{"level":"error","time":"2026-09-19T02:54:17.952Z","service":"vantage-main-server","env":"development","msg":"cpl_correction.analytics_handoff_failed","observability_level":"error","category":"admin","workflow":"cpl_correction","entity_id":"6aadf959fa28b8c0ce0c66a0"}
✔ dollarsToCents accepts canonical non-negative precision (3.7599ms)
✔ dollarsToCents rejects negatives, unsafe values, and more than two decimals (1.9823ms)
✔ business dates convert New York local midnight across spring DST (1.4889ms)
✔ business dates convert New York local midnight across fall DST (1.2018ms)
✔ owner inclusive end converts to next local midnight exclusive (0.8685ms)
✔ business date conversion rejects malformed and impossible dates (0.7926ms)
✔ active schedule validation accepts contiguous periods and explicit zero (2.5002ms)
✔ active schedule validation rejects gaps, overlaps, and missing open end (3.6361ms)
✔ inactive schedules may be incomplete but remain ordered and non-overlapping (4.6738ms)
✔ simple construction ignores unchanged rates and preserves future periods (13.3521ms)
✔ simple construction splits history and replaces future coverage (20.765ms)
✔ advanced operations add, split, correct, and replace schedules (3.9653ms)
✔ resolver uses inclusive start and exclusive end business timestamp (1.7767ms)
✔ resolver distinguishes missing, duplicate zero, and not applicable (0.5378ms)
✔ advanced command returns safe stale revision state without writes (2.0782ms)
✔ simple command validates every changed granularity before writing atomically (2.6717ms)
✔ simple command ignores unchanged rows and increments changed rows once (2.2774ms)
✔ simple command ignores an unchanged row without revision comparison (0.986ms)
✔ CplRatePeriod model declares the three schedule lookup indexes (1.1442ms)
✔ toSmsView defaults a missing policy to off and not attested (4.1433ms)
✔ setGranotCrmSourceOutboundSms rejects non-owners and not_attested enable (5.7172ms)
✔ listRecentGranotCrmSourceSms never returns a message body (0.7306ms)
✔ enabling SMS is rejected unless lead_created_policy is create_if_missing (1.763ms)
✔ editing a template increments template_version and leaves enabled false (1.8764ms)
✔ RegistryError exposes stable registry_code and remediation in HTTP body (3.3737ms)
✔ RegistryError maps registry codes to app log codes without changing legacy error field (0.4442ms)
✔ [AC-38] automation reference write is audited and invalidates caches only after commit (5.3095ms)
✔ [AC-38] replay of the same automation reference is a no-op write (1.1021ms)
✔ [AC-38] audit failure leaves the automation reference unapplied (2.0739ms)
✔ Admin actors cannot write automation references (1.8443ms)
✔ Admin and missing-reason actors cannot mutate Granot CRM source policy (4.9281ms)
✔ [AC-38] Owner create validates inside the transaction and pairs one sanitized granot_crm_source audit (8.4122ms)
✔ [AC-38] audit failure rolls back mutation and does not invalidate caches (2.6716ms)
✔ duplicate request IDs remain a stable replay conflict (2.0724ms)
✔ inactive or mismatched references fail closed and do not write (1.2097ms)
✔ setGranotCrmSourceLifecycleEnabled reuses the audited Owner command (2.3022ms)
✔ read-after-write does not return a cached precommit policy projection (1.1719ms)
﹣ [AC-38] replica-set create commits mutation and audit together then invalidates caches (1.5521ms) # Replica-set proof requires TEST_MODE=true before process start.
✔ changing lead_created_policy away from create_if_missing turns SMS off on the stored document (1.7978ms)
✔ normalizeSourceLabel applies NFKC (13.1656ms)
✔ normalizeSourceLabel collapses internal whitespace (0.6143ms)
✔ normalizeSourceLabel trims (0.5783ms)
✔ normalizeSourceLabel lowercases (2.2297ms)
✔ normalizeSourceLabel folds full-width characters (0.5562ms)
✔ normalizeSourceLabel collapses a non-breaking space (0.4603ms)
✔ create rejects a client-supplied normalized_label (2.3525ms)
✔ create rejects a change_reason shorter than 10 or longer than 1000 (0.909ms)
✔ create validation order: Feed exists, belongs to Lead Source, is active, then collision (5.9282ms)
✔ unique index is defined separately from the service collision check (1.8153ms)
✔ create writes through the registry audit trail (3.8312ms)
✔ there is no in-place destination edit; correction is deactivate then create (2.9208ms)
✔ schema validation rejects a mismatched normalized_label (34.9718ms)
✔ schema validation rejects post-create changes to destination fields (22.7241ms)
✔ resolveLabelToFeed returns not_found without throwing (2.5314ms)
✔ resolveLabelToFeed returns ambiguous when two active mappings collide (0.6784ms)
✔ listLabelMappings filters by Feed, Lead Source, and namespace (2.1323ms)
✔ consultStaticSourceLabelMap increments the instrumented counter (0.6761ms)
✔ derives company_slug and granularity_key like paid_overflow (11.6031ms)
✔ creates one inactive lead source and feed and returns the readiness plan (20.2652ms)
✔ skippable Granot still creates a valid inactive lead source and feed (2.2525ms)
✔ collision on company_slug writes nothing (2.889ms)
✔ crm_label collision against an active same-channel feed writes nothing (2.3118ms)
✔ alias collision names both sides and writes nothing (10.4187ms)
✔ granot label collision writes nothing (1.8909ms)
✔ mid-transaction feed failure leaves none of the three (1.67ms)
✔ Paid Overflow-shaped setup creates a new first-class feed and leaves paid_overflow alone (1.9679ms)
✔ preview runs the same validation and writes nothing (1.4715ms)
✔ preview reports every collision type without writing (1.6246ms)
✔ translation table maps handling and arrival policy exactly (5.2684ms)
✔ one_feed create is inactive, SMS-off, one any route, lead_model derived from the Feed (11.7068ms)
✔ one_feed Call Feed derives CallLead (2.0653ms)
✔ Owner create accepts an inactive Feed on an inactive Lead Source as a draft (12.2017ms)
✔ submitted lead_source_id that disagrees with the Feed is rejected naming both sides (16.115ms)
✔ watch_only with a non-null destination is rejected (6.3207ms)
✔ duplicate normalized name is rejected before write (1.4462ms)
✔ short reason is rejected after the name check (0.7985ms)
✔ form_by_move_type with two Call Feeds is rejected (20.6015ms)
✔ form_by_move_type with two local Feeds is rejected (4.6477ms)
✔ form_by_move_type with the same Feed twice is rejected (3.9544ms)
✔ form_by_move_type with Feeds from different Lead Sources is rejected (5.9768ms)
✔ form_by_move_type writes two FormLead routes keyed by move type (6.0746ms)
✔ referral_booking translates to referral disposition and observation_only (2.9408ms)
✔ watch_only translates to deferred and observation_only (2.8614ms)
✔ non-Owner actors cannot create a Granot name (1.317ms)
✔ banned-term constant is the shared six-term list (7.4988ms)
✔ ORS-3 detail projection Owner strings stay inside the language deck (21.9642ms)
✔ translation table covers every code health.ts can emit (4.8949ms)
✔ every translation has a non-empty owner action and deep link (0.7783ms)
✔ unknown codes surface as themselves and are never dropped (0.6457ms)
✔ active RingCentral validation failure uses the stopped-filing sentence (0.2848ms)
✔ assignment inconsistency states the operational cost with the number (0.2801ms)
✔ source registry health reports invalid defaults and deterministic conflicts (8.3444ms)
✔ source registry health reports active granularity under inactive company (0.6394ms)
✔ CPL health discloses invalid active schedules and unresolved production Leads (12.2005ms)
✔ runtime health discloses stale cache service and remaining compatibility reads (2.5606ms)
✔ label mapping health reports an invalid destination and a collision (12.0824ms)
✔ Registry Health renders with an empty mappings collection (0.3658ms)
✔ Granot health findings raise on one fixture each and stay quiet on a healthy source (33.6062ms)
✔ detail returns every connection in one request for §7.2 (19.4779ms)
✔ two move-type feeds keep separate label sets (5.3088ms)
✔ empty states are present sections, never absent (5.5727ms)
✔ list and detail stay under the round-trip bound and write nothing (3.9588ms)
✔ Owner-facing finding strings keep implementation words out of copy (3.4613ms)
✔ withRegistryMutation rolls back when audit insert fails (7.4966ms)
✔ withRegistryMutation invalidates caches only after commit (1.0721ms)
✔ duplicate mutation request IDs fail as a stable replay conflict (1.9412ms)
✔ granot_crm_source audit failure still rolls back and skips cache invalidation (1.2762ms)
✔ invalidateRegistryCaches deduplicates keys for listeners (1.0502ms)
✔ assignment DTO carries Lead Source and Feed labels from one bounded join (14.8909ms)
✔ reassignment request carrying a company ID is still rejected (6.6053ms)
✔ activation still rejects an inactive or non-call feed (5.4047ms)
✔ dependency preview no longer returns a hardcoded can_deactivate gate (1.1918ms)
✔ RingCentral snapshot resolves historical assignment intervals (4.7554ms)
✔ RingCentral snapshot rejects unknown and interval gaps (0.8673ms)
✔ RingCentral snapshot excludes inactive source targets (1.7202ms)
✔ active RingCentral snapshot number listing excludes closed history (0.9224ms)
✔ cache invalidation discards an in-flight stale refresh (2.1528ms)
✔ M5 account validator shares one RingCentral inventory load across numbers (3.3707ms)
{"level":"info","time":"2026-09-19T02:54:27.067Z","service":"vantage-main-server","env":"development","msg":"operations_registry.compatibility_read","observability_level":"info","category":"admin","workflow":"operations_registry"}
✔ runtime telemetry exposes bounded resolver health and compatibility counters (4.3765ms)
✔ durable compatibility recording falls back locally when persistence is unavailable (2.9474ms)
✔ durable compatibility events merge across process-local telemetry (0.8058ms)
✔ sanitizeRegistrySnapshot redacts secret-like keys (8.8074ms)
✔ sanitizeRegistrySnapshot bounds oversized nested payloads (0.6221ms)
✔ sanitizeRegistrySnapshot returns null for empty snapshots (0.2594ms)
✔ first-class Source Granularity applies draft and revision defaults (37.4738ms)
✔ Source Company defaults sheet projection to derived import (16.5577ms)
✔ source company write schema rejects embedded granularities and active flag (15.2347ms)
✔ owner-created dynamic source resolves by exact identifier (5.4899ms)
✔ active company default resolves only to an active same-channel record (0.8252ms)
✔ a company identifier falls through to its default when it is not a granularity alias (0.6119ms)
✔ local classification resolves the matching active granularity before the default (0.6149ms)
✔ fallback aliases choose the unique highest priority candidate (0.6254ms)
✔ an inferred unknown company identifier can resolve as a global alias in one pass (0.6454ms)
✔ equal-priority fallback ambiguity fails deterministically (1.8462ms)
✔ inactive exact records and inactive defaults do not resolve (0.8158ms)
✔ all legacy source-label fixtures preserve company attribution (2.6023ms)
✔ resolves without touching the static map (2.4159ms)
✔ empty collection falls back to the static map and emits exactly one compatibility-read event (0.9163ms)
✔ ambiguous mapping fails closed and does not consult the static map (0.9317ms)
✔ inactive-Feed mapping fails closed and does not fall back to the static map (0.8408ms)
✔ canonical payload normalizes email, role, method, and path (3.1751ms)
✔ verifyRegistryActor accepts a valid owner signature (3.0458ms)
✔ verifyRegistryActor rejects admin role for owner-only mutation (3.1188ms)
✔ verifyRegistryActor allows admin read access with valid signature (1.2594ms)
✔ verifyRegistryActor rejects missing signature headers (2.1517ms)
✔ verifyRegistryActor rejects expired signatures outside replay window (1.3362ms)
✔ verifyRegistryActor rejects tampered signatures (1.0213ms)
✔ verifyRegistryActor rejects method/path mismatches (1.1655ms)
✔ verifyAdminActorSignature uses constant-time comparison semantics (0.6522ms)
✔ preview unsigned compatibility is disabled in production (2.5755ms)
✔ preview unsigned compatibility never authorizes mutations (0.9667ms)
✔ unsigned preview reads require a unique request ID (0.8277ms)
✔ exported header names match dashboard proxy contract (0.3661ms)
✔ extension owner Bearer auth can read agent catalog without signed proxy headers (0.7906ms)
✔ extension owner Bearer auth can create agents without signed proxy headers (0.5362ms)
✔ extension owner Bearer auth cannot mutate non-catalog registry routes (0.8502ms)
✔ extension sales Bearer auth is not a registry actor (1.0427ms)
✔ extension Sales plus Customer Service Bearer auth is not a registry actor (1.1007ms)
✔ booked reconciliation can preview phone/source matched unbooked call lead updates (37.2473ms)
✔ booked reconciliation does not globally phone-match across assigned source companies (8.7026ms)
✔ booked reconciliation warns but allows idempotent sync when phone-matched lead has a different job_no (7.6543ms)
✔ booked reconciliation prefers phone/source candidates without conflicting job_no (2.8349ms)
✔ Path B phone fallback does not read granot_contact_snapshot as identity (1.3826ms)
✔ ownerIdentitySnapshotFromEmail persists snake_case keys required by ReportingDestination (4.1956ms)
✔ ReportingDestination rejects camelCase owner identity snapshots (17.7492ms)
✔ ReportingDestination accepts snake_case owner identity from helper (4.3006ms)
✔ Stage 4 stream resumes without duplicates and preserves checksum state (6.3509ms)
✔ Stage 4 stream validates current page dependencies before and after query (1.7635ms)
✔ Stage 4 source read-through is supplied once as a valid UTC instant (0.5354ms)
✔ manifest builds once and validations are page-targeted across pages (1.5824ms)
✔ resume validates the complete manifest before reopening reader (2.6037ms)
✔ mapped contributing dependency fails before output without O(N) validation (1.2012ms)
✔ columnIndexFromLetters matches Google A1 columns including ZZ (7.1621ms)
✔ createHiddenStagingTab stamps markers on a default 26-column Google sheet (5.4177ms)
✔ writeOwnershipAndRunMarkers expands an existing 26-column sheet (0.9144ms)
✔ writeValuesRaw expands a default grid before writing past the last row (2.0797ms)
✔ registered container confirmed 404 is treated as cleaned_not_found (8.2188ms)
✔ 403 access denied remains refetch_blocked and does not complete run (0.7175ms)
✔ transient provider error remains refetch_blocked and does not complete run (0.4153ms)
✔ confirmed 404 completes run when all registered containers are cleaned (4.5454ms)
✔ partial attempt A cleaned then failed B completes only after B is cleaned on next run (0.4072ms)
✔ live harness prerequisites fail closed when OAuth export root is absent (2.509ms)
✔ live harness rejects service-account credentials including local file env vars (2.4783ms)
✔ live harness skips without calling Google when prerequisites are absent (5.4609ms)
✔ PII-safe evidence masks file IDs and omits sensitive detail keys (2.9359ms)
✔ live harness evidence log contains no raw PII field names (1.9479ms)
✔ buildLiveTestRunTag produces unique synthetic tags (1.8923ms)
✔ buildLiveTestAppProperties marks harness_container artifacts for janitor selection (0.6193ms)
✔ transient failure wrapper exhausts injected failures (0.5014ms)
✔ positively marked live test artifact requires export root, age, and marker (0.797ms)
✔ live test google api factory receives explicit OAuth2Client (2.0768ms)
✔ live test google api factory rejects service-account env indicators (1.8826ms)
✔ needs_janitor cleanup status remains janitor-eligible (2.0788ms)
✔ registry binding rejects copied-marker sibling not registered for run (1.0819ms)
✔ registry binding rejects export root mismatch (0.3912ms)
✔ denylist proof accepts only OPERATIONAL_WORKBOOK rejection code (1.3671ms)
✔ picker parent mismatch fails before destination denylist check (1.2648ms)
✔ export folder env snapshot restores unset variable after early throw path (0.7743ms)
✔ export folder env snapshot restores prior value when variable was set (0.541ms)
✔ live test run tag format enforces configured prefix pattern (4.9758ms)
✔ direct-child invariant rejects nested artifacts (0.6446ms)
✔ known harness run evidence requires harness_container role and markers (16.968ms)
✔ recursive evidence sanitizer redacts nested sensitive values (14.6306ms)
✔ sanitizeLiveTestString redacts embedded Drive URLs and bearer tokens (8.9173ms)
✔ structured cleanup errors mask file IDs instead of concatenating raw IDs (0.674ms)
✔ service-account indicators include env, local file vars, and credential file names (15.368ms)
✔ janitor returns no-op when live tests are disabled (10.1399ms)
✔ worker transient hook consumes only configured run (1.0467ms)
✔ janitor selects only positively marked harness_container folders under export root (14.6898ms)
✔ janitor requires persisted harness-run registry authorization (0.677ms)
✔ janitor honors optional run-tag prefix filter (0.5274ms)
✔ isPositivelyMarkedHarnessContainer rejects non-folder roles and young artifacts (0.4958ms)
✔ isPositivelyMarkedLiveTestArtifact rejects young artifacts (0.3579ms)
✔ promotion plan: fresh reserve when ready and no prior reservation (3.4796ms)
✔ promotion plan: takeover recovers applied rename without competing promote (0.547ms)
✔ promotion plan: takeover of not-applied rename takes new reservation (0.3009ms)
✔ promotion plan: ambiguous google state preserves prior-tab safety (0.2851ms)
✔ promotion reservation filter requires active lease and prior generation (2.1443ms)
✔ promotion lease interleaving: expiry before provider abandons mutate (0.7491ms)
✔ promotion lease interleaving: expiry during provider blocks stale CAS (0.3467ms)
✔ promotion lease interleaving: stale response after takeover cannot CAS (0.3829ms)
✔ promotion lease interleaving: takeover recovers applied rename via CAS only (0.3732ms)
✔ promotion lease interleaving: takeover of not-applied rename re-reserves then promotes (0.4627ms)
✔ promotion CAS requires provider_applied, not merely reserved (0.3217ms)
✔ transient TX errors are not classified as stale (0.4768ms)
✔ catalog contains exactly three code-defined @1 datasets and complete contracts (6.3487ms)
✔ owner sorts reject internal and duplicate terms and append ASC tie-breakers (1.7492ms)
✔ deployment allowlist defaults, narrows, and rejects unknown or duplicate tokens (1.1621ms)
✔ strict request contracts reject caller scope and arbitrary dataset filters (11.5776ms)
✔ request bounds and formula-safe labels fail before database work (84.7103ms)
✔ cancel wire contract requires idempotencyKey (admin clients must send it) (2.4823ms)
✔ New York date boundaries are half-open across 23 and 25 hour days (269.3414ms)
✔ rolling windows are strict, bounded, fresh, and DST-aware (199.2023ms)
✔ source performance aggregates all related bookings with approved semantics (1.3603ms)
✔ CPL unresolved semantics exclude resolved zero and not-applicable states (0.6961ms)
✔ source performance grouping uses stable IDs and ignores label drift (6.0681ms)
✔ representative policies retain temporal and outcome or exception variation (5.9159ms)
✔ lead detail primary booking is one-row deterministic and prefers active state (2.7203ms)
✔ keyset cursor covers rows once and checksums are deterministic (2.0932ms)
✔ destination port is injectable and fails closed on safety or checksum drift (4.4175ms)
✔ destination verification timestamps must be finite, fresh, and not future-skewed (3.1975ms)
✔ destination validation binds identity and strategy-specific shape (17.8208ms)
✔ unresolved cancellation pipeline scopes through canonical booking attribution (3.0669ms)
✔ every orphan predicate narrows granularities per parent company (2.5174ms)
✔ confirmation binds stable destination identity; health refresh stays valid (3.5795ms)
✔ owner destination checksum treats zero available cells as a real capacity, not missing (0.6333ms)
✔ confirmation evidence binds actor, idempotency key, and immutable fingerprint (1.7459ms)
✔ concurrent confirmation duplicate keys are recognized without a 500 race (0.3152ms)
✔ snapshot adapter contract records a token and fails closed when unavailable (0.5239ms)
✔ unchanged leadless booking manifest entries retain job and source fingerprints (24.3907ms)
✔ changed leadless booking job or source data invalidates its manifest entry (4.6863ms)
✔ sample evidence is keyed opaque HMAC rather than raw SHA (1.8054ms)
✔ execution package mandates literal RAW spreadsheet writes (3.421ms)
✔ query budgets reject oversized materialization and page requests before reads (0.9134ms)
✔ estimates distinguish exact and safe upper bounds without truncation (0.6538ms)
✔ run failures are fixed safe envelopes and unsafe fields are never exposed (1.4884ms)
✔ reporting lifecycle audit payloads contain only safe identifiers and counts (0.9751ms)
✔ source read-through capture is fenced by active lease owner and epoch (0.7676ms)
✔ revision checksum survives Mongo minimize of empty filters (1.4378ms)
✔ revision checksum verification detects tampering and bulk mutation is blocked (2.1715ms)
✔ unexpected reporting errors serialize to a generic 500 response (1.402ms)
✔ reporting routes preserve RegistryError status and reject malformed IDs (1.6576ms)
✔ reporting routes surface destination AppErrors instead of a generic 500 (0.7959ms)
✔ incomplete operational workbook safety fails closed without leaking keys (0.4991ms)
✔ reporting routes expose the deployment kill switch without leaking config (0.3724ms)
✔ run confirmation HMAC uses VANTAGE_API_SECRET when API_SECRET is unset (1.2548ms)
✔ missing reporting confirmation secrets fail closed with a safe 503 (1.0726ms)
✔ persistence models expose required indexes and immutable revision middleware (2.2277ms)
✔ regression 1: queue consumer registers Stage 4 foundation before work (8.5365ms)
✔ regression 4: read-back recomputes deterministic content checksum (25.968ms)
✔ regression 5: published managed tab verified before staging and promotion (9.4577ms)
✔ regression 6: cleanup does not overwrite delivery terminal status (25.1615ms)
✔ regression 7: artifact creation recovers one positively marked artifact (2.2711ms)
✔ regression 8: resume always fully validates persisted manifest entries/maps (1.8819ms)
✔ regression 9: trash requires ownedByMe, MIME, identity, and Drive appProperties (2.2811ms)
✔ regression 11: promotion ambiguity preserves old tab and never deletes by name (2.7335ms)
✔ regression: empty report checksum equals initial accumulator (1.598ms)
✔ regression 2/3: lease fence helpers abort on false without Google side effects (467.7682ms)
✔ regression 8b: resume validates entries even with no stream checkpoint (13.2316ms)
✔ regression 10: cancel requires and replays idempotency keys (32.8344ms)
✔ regression 2b: destination CAS after promotion updates managed immutable id (9.3174ms)
✔ regression: upper-bound verification never reads estimate headroom (19.4219ms)
✔ regression: title change resolved by immutable sheet ID on resume (1.0992ms)
✔ regression: ambiguous marker tampering refuses promotion (2.5805ms)
✔ regression: destination lineage accepts proven replace_tab advancement (18.8701ms)
✔ regression: phase-aware transition skips advanced status without LEASE_LOST (4.2458ms)
✔ regression: delivery fence rejects forged fence fields and stale epoch predicate (7.8776ms)
✔ regression: stale-worker fence bind loses to lease takeover (6.8775ms)
✔ regression: LeaseLost after promote CAS never terminal-fails run (3.711ms)
✔ regression: retryable provider abandon does not terminal-fail (7.2549ms)
✔ regression: snapshot terminal consistency refuses delivery-completed + run-failed (8.2099ms)
✔ regression: fence bind TX interleaves with lease takeover (1.7055ms)
✔ regression: already-promoted recovery requires content verify not title-only (4.7187ms)
✔ regression: CAS-resume path refuses tampered markers and trailing edits (4.74ms)
✔ regression: worker maps destination ReportingErrors to destination failures (3.3193ms)
✔ regression: Google 400 marker write maps to INTERNAL_FAILURE with provider_status (6.3916ms)
✔ regression: destination stable identity ignores volatile health timestamps (3.173ms)
✔ acceptance 10: denylist rejects every registered operational workbook id (3.5819ms)
✔ acceptance 11: human-created tab takeover is refused by staging ownership markers (2.8569ms)
✔ acceptance 12: capacity feedback refuses silent truncation (0.8675ms)
✔ acceptance 13/14: bounded RAW writes, idempotent replay, and checksum-safe progress (7.9638ms)
✔ acceptance 13: ambiguous provider timeout replays exact range after read-back (7.208ms)
✔ acceptance 15/16: staging verification/promotion and failed replacement preserves old tab (16.3363ms)
✔ acceptance 17: incomplete snapshot cleanup only trashes positively marked workbooks (6.7495ms)
✔ cleanup janitor never trashes a completed snapshot artifact (1.163ms)
✔ acceptance 19: PII is excluded from provider failures, checkpoints, and delivery reads (8.8341ms)
✔ RAW semantics reject formula-shaped cells and require literal serialization (1.4765ms)
✔ persisted manifests reject row payloads and validate resume identity (12.2561ms)
✔ lease fencing failure codes remain typed and PII-safe (0.6514ms)
✔ operational workbook denylist rejects registered workbook IDs (3.7273ms)
✔ operational workbook denylist fails closed when configuration is incomplete (0.6827ms)
✔ managed tab verification rejects human-created name collisions (2.5696ms)
✔ managed tab verification rejects tabs without a Vantage ownership marker (0.8754ms)
✔ managed tab verification accepts a matching Vantage marker (1.892ms)
✔ destination snapshot validation rejects operational workbook matches (2.1192ms)
✔ managed tab rename preserves immutable sheet ID and revalidates ownership (0.7546ms)
✔ destination read projection omits connection and actor credentials (1.3144ms)
✔ destination snapshot validation rejects stale health timestamps (1.2481ms)
✔ replace-tab capacity subtracts every existing workbook grid (2.7916ms)
✔ replace-tab capacity fails closed without grid metadata (0.6334ms)
✔ reporting observability defines operational alert event keys (2.2751ms)
✔ findReportingStuckRuns respects phase age threshold (3.543ms)
✔ normalizePhoneNumberToE164Like handles common RingCentral number shapes (7.2359ms)
✔ RingCentral inbound target numbers resolve to configured source metadata (1.7644ms)
✔ RingCentral source labels are consistent with source company mapping (0.3991ms)
✔ normalizer preserves telephony facts before registry qualification (1.4015ms)
✔ normalizer uses an explicit provider call start and never notification time (0.8192ms)
✔ candidate folding preserves answeredAt from an older delayed event (6.6619ms)
✔ sample answered inbound event is pending immediately and qualifies after elapsed buffer (2.0535ms)
✔ evaluator rejects outbound calls (0.4542ms)
✔ evaluator rejects inbound calls to unknown numbers (0.3968ms)
✔ evaluator keeps live inbound target calls candidate until answered (0.3408ms)
✔ evaluator rejects terminal inbound target calls that were not answered (0.4531ms)
✔ evaluator distinguishes live and terminal answered calls under 120 seconds (0.484ms)
✔ evaluator qualifies inbound target calls answered over 120 seconds (0.5208ms)
✔ evaluator rejects missed calls without answered evidence (0.3079ms)
﹣ [AC-17] Unit 21 replica lease, cursor, overlap, and rescan proof (1.4553ms) # Replica-set proof is opt-in via GRANOT_LIFECYCLE_REPLICA_TESTS=true.
✔ [AC-17] lease owner identity is bounded, opaque, and per invocation (6.8185ms)
✔ [AC-17] masked owner is a short stable digest and never leaks the owner (0.8258ms)
✔ [AC-17] singleton key index contract is the exact unique key index (1.6511ms)
✔ persisted run failure codes are a bounded, non-sensitive set (0.5243ms)
﹣ [AC-17] Mongo state lease elects exactly one winner (0.9369ms) # Replica-set proof is opt-in via GRANOT_LIFECYCLE_REPLICA_TESTS=true.
{"level":"info","time":"2026-09-19T02:54:42.949Z","service":"vantage-main-server","env":"development","msg":"ringcentral.call_log_sync.lease_contended","leaseOwnerHash":"e0e92466da53"}
✔ [AC-17] the lease loser performs no provider, route, ingest, or state work (11.7082ms)
✔ [AC-17] two overlapping invocations produce exactly one winner (10.244ms)
✔ [AC-17] the winner claims before any provider or ingest work (2.968ms)
✔ [AC-17] a complete successful run advances the cursor exactly once (2.2331ms)
✔ [AC-17] every failure stage leaves the cursor unchanged (5.7886ms)
✔ [AC-17] an observed provider throttle is counted and blocks cursor movement (1.669ms)
✔ [AC-17] a run with no throttling reports zero throttles (1.6132ms)
✔ [AC-17] terminal write failure loses the fence and moves no cursor (1.9291ms)
✔ [AC-17] losing the lease mid-run stops work and writes nothing (1.5325ms)
✔ [AC-17] the lease is renewed while long work remains (2.0514ms)
✔ [AC-17] a failed fenced error write degrades to a PII-safe lease-lost event (1.0241ms)
✔ [AC-17] expired-lease recovery is reported without erasing terminal facts (1.474ms)
✔ [AC-17] the rolling lookback stays exactly 12 hours for a first run (1.2322ms)
✔ [AC-17] the rolling lookback stays exactly 12 hours at a 30-minute cadence (0.6925ms)
✔ [AC-17] a cursor older than the floor keeps its overlap window (0.6488ms)
✔ [AC-17] the winner's window end is its own claim instant (0.7935ms)
✔ [AC-17] pagination stops at a short page and continues through full pages (0.9383ms)
✔ a newest-first Call Log page ingests oldest-first so same-run Duplicate Leads classify (0.9096ms)
✔ Call Log pages across a newest-first split still ingest oldest-first in one run (0.8429ms)
✔ [AC-17] Call Log telemetry and events carry no caller or provider content (1.2382ms)
✔ [AC-17] emitted lease events expose only a masked owner and bounded fields (1.2944ms)
✔ [AC-17] the run summary itself exposes no caller data (0.9829ms)
{"level":"info","time":"2026-09-19T02:54:42.950Z","service":"vantage-main-server","env":"development","msg":"ringcentral.call_log_sync.lease_contended","observability_level":"info","category":"ringcentral","workflow":"ringcentral_call_log_sync","run_id":"2026-08-18T12:00:00.000Z"}
{"level":"info","time":"2026-09-19T02:54:42.960Z","service":"vantage-main-server","env":"development","msg":"ringcentral.call_log_sync.started","observability_level":"info","category":"ringcentral","workflow":"ringcentral_call_log_sync","run_id":"2026-08-18T12:00:00.000Z"}
{"level":"info","time":"2026-09-19T02:54:42.963Z","service":"vantage-main-server","env":"development","msg":"ringcentral.call_log_sync.lease_contended","leaseOwnerHash":"8cefb43f6f11"}
{"level":"info","time":"2026-09-19T02:54:42.963Z","service":"vantage-main-server","env":"development","msg":"ringcentral.call_log_sync.lease_contended","observability_level":"info","category":"ringcentral","workflow":"ringcentral_call_log_sync","run_id":"2026-08-18T12:00:00.000Z"}
{"level":"info","time":"2026-09-19T02:54:42.964Z","service":"vantage-main-server","env":"development","msg":"ringcentral.call_log_sync.completed","ranAt":"2026-08-18T12:00:00.000Z","windowFrom":"2026-08-18T00:00:00.000Z","windowTo":"2026-08-18T12:00:00.000Z","leaseOwnerHash":"7408b41fbeb6","leaseAcquired":true,"leaseRecovered":false,"leaseLost":false,"skipped":false,"skipReason":null,"runtimeMs":0,"fetchedRecords":0,"candidateRecords":0,"qualifiedRecords":0,"ingestActions":{"lead_created":0,"lead_created_duplicate":0,"lead_adopted":0,"lead_adopted_duplicate":0,"shadow_recorded":0,"dry_run":0,"skipped_already_processed":0},"adoptedRecords":0,"adoptionConflicts":0,"throttledResponses":0,"leadsCreated":0,"duplicatesFlagged":0,"cursorAdvanced":true,"errors":[]}
{"level":"info","time":"2026-09-19T02:54:42.964Z","service":"vantage-main-server","env":"development","msg":"ringcentral.call_log_sync.completed","observability_level":"info","category":"ringcentral","workflow":"ringcentral_call_log_sync","run_id":"2026-08-18T12:00:00.000Z"}
{"level":"info","time":"2026-09-19T02:54:42.966Z","service":"vantage-main-server","env":"development","msg":"ringcentral.call_log_sync.started","observability_level":"info","category":"ringcentral","workflow":"ringcentral_call_log_sync","run_id":"2026-08-18T12:00:00.000Z"}
{"level":"info","time":"2026-09-19T02:54:42.968Z","service":"vantage-main-server","env":"development","msg":"ringcentral.call_log_sync.completed","ranAt":"2026-08-18T12:00:00.000Z","windowFrom":"2026-08-18T00:00:00.000Z","windowTo":"2026-08-18T12:00:00.000Z","leaseOwnerHash":"e0e92466da53","leaseAcquired":true,"leaseRecovered":false,"leaseLost":false,"skipped":false,"skipReason":null,"runtimeMs":30,"fetchedRecords":1,"candidateRecords":1,"qualifiedRecords":1,"ingestActions":{"lead_created":0,"lead_created_duplicate":0,"lead_adopted":0,"lead_adopted_duplicate":0,"shadow_recorded":0,"dry_run":1,"skipped_already_processed":0},"adoptedRecords":0,"adoptionConflicts":0,"throttledResponses":0,"leadsCreated":0,"duplicatesFlagged":0,"cursorAdvanced":true,"errors":[]}
{"level":"info","time":"2026-09-19T02:54:42.968Z","service":"vantage-main-server","env":"development","msg":"ringcentral.call_log_sync.completed","observability_level":"info","category":"ringcentral","workflow":"ringcentral_call_log_sync","run_id":"2026-08-18T12:00:00.000Z"}
{"level":"info","time":"2026-09-19T02:54:42.970Z","service":"vantage-main-server","env":"development","msg":"ringcentral.call_log_sync.started","observability_level":"info","category":"ringcentral","workflow":"ringcentral_call_log_sync","run_id":"2026-08-18T12:00:00.000Z"}
{"level":"info","time":"2026-09-19T02:54:42.970Z","service":"vantage-main-server","env":"development","msg":"ringcentral.call_log_sync.completed","ranAt":"2026-08-18T12:00:00.000Z","windowFrom":"2026-08-18T00:00:00.000Z","windowTo":"2026-08-18T12:00:00.000Z","leaseOwnerHash":"e0e92466da53","leaseAcquired":true,"leaseRecovered":false,"leaseLost":false,"skipped":false,"skipReason":null,"runtimeMs":40,"fetchedRecords":2,"candidateRecords":2,"qualifiedRecords":2,"ingestActions":{"lead_created":0,"lead_created_duplicate":1,"lead_adopted":1,"lead_adopted_duplicate":0,"shadow_recorded":0,"dry_run":0,"skipped_already_processed":0},"adoptedRecords":1,"adoptionConflicts":1,"throttledResponses":0,"leadsCreated":1,"duplicatesFlagged":1,"cursorAdvanced":true,"errors":[]}
{"level":"info","time":"2026-09-19T02:54:42.970Z","service":"vantage-main-server","env":"development","msg":"ringcentral.call_log_sync.completed","observability_level":"info","category":"ringcentral","workflow":"ringcentral_call_log_sync","run_id":"2026-08-18T12:00:00.000Z"}
{"level":"info","time":"2026-09-19T02:54:42.974Z","service":"vantage-main-server","env":"development","msg":"ringcentral.call_log_sync.started","observability_level":"info","category":"ringcentral","workflow":"ringcentral_call_log_sync","run_id":"2026-08-18T12:00:00.000Z"}
{"level":"error","time":"2026-09-19T02:54:42.974Z","service":"vantage-main-server","env":"development","msg":"ringcentral.call_log_sync.failed","leaseOwnerHash":"e0e92466da53","stage":"route_snapshot","errorCode":"route_snapshot_failed","windowFrom":"2026-08-18T00:00:00.000Z","windowTo":"2026-08-18T12:00:00.000Z"}
{"level":"error","time":"2026-09-19T02:54:42.974Z","service":"vantage-main-server","env":"development","msg":"ringcentral.call_log_sync.failed","observability_level":"error","category":"ringcentral","workflow":"ringcentral_call_log_sync","run_id":"2026-08-18T12:00:00.000Z"}
{"level":"info","time":"2026-09-19T02:54:42.975Z","service":"vantage-main-server","env":"development","msg":"ringcentral.call_log_sync.started","observability_level":"info","category":"ringcentral","workflow":"ringcentral_call_log_sync","run_id":"2026-08-18T12:00:00.000Z"}
{"level":"error","time":"2026-09-19T02:54:42.975Z","service":"vantage-main-server","env":"development","msg":"ringcentral.call_log_sync.failed","leaseOwnerHash":"e0e92466da53","stage":"provider_fetch","errorCode":"provider_request_failed","windowFrom":"2026-08-18T00:00:00.000Z","windowTo":"2026-08-18T12:00:00.000Z"}
{"level":"error","time":"2026-09-19T02:54:42.976Z","service":"vantage-main-server","env":"development","msg":"ringcentral.call_log_sync.failed","observability_level":"error","category":"ringcentral","workflow":"ringcentral_call_log_sync","run_id":"2026-08-18T12:00:00.000Z"}
{"level":"info","time":"2026-09-19T02:54:42.976Z","service":"vantage-main-server","env":"development","msg":"ringcentral.call_log_sync.started","observability_level":"info","category":"ringcentral","workflow":"ringcentral_call_log_sync","run_id":"2026-08-18T12:00:00.000Z"}
{"level":"error","time":"2026-09-19T02:54:42.976Z","service":"vantage-main-server","env":"development","msg":"ringcentral.call_log_sync.failed","leaseOwnerHash":"e0e92466da53","stage":"provider_fetch","errorCode":"provider_throttled","windowFrom":"2026-08-18T00:00:00.000Z","windowTo":"2026-08-18T12:00:00.000Z"}
{"level":"error","time":"2026-09-19T02:54:42.976Z","service":"vantage-main-server","env":"development","msg":"ringcentral.call_log_sync.failed","observability_level":"error","category":"ringcentral","workflow":"ringcentral_call_log_sync","run_id":"2026-08-18T12:00:00.000Z"}
{"level":"info","time":"2026-09-19T02:54:42.977Z","service":"vantage-main-server","env":"development","msg":"ringcentral.call_log_sync.started","observability_level":"info","category":"ringcentral","workflow":"ringcentral_call_log_sync","run_id":"2026-08-18T12:00:00.000Z"}
{"level":"error","time":"2026-09-19T02:54:42.977Z","service":"vantage-main-server","env":"development","msg":"ringcentral.call_log_sync.failed","leaseOwnerHash":"e0e92466da53","stage":"ingest","errorCode":"ingest_failed","windowFrom":"2026-08-18T00:00:00.000Z","windowTo":"2026-08-18T12:00:00.000Z"}
{"level":"error","time":"2026-09-19T02:54:42.977Z","service":"vantage-main-server","env":"development","msg":"ringcentral.call_log_sync.failed","observability_level":"error","category":"ringcentral","workflow":"ringcentral_call_log_sync","run_id":"2026-08-18T12:00:00.000Z"}
{"level":"info","time":"2026-09-19T02:54:42.979Z","service":"vantage-main-server","env":"development","msg":"ringcentral.call_log_sync.started","observability_level":"info","category":"ringcentral","workflow":"ringcentral_call_log_sync","run_id":"2026-08-18T12:00:00.000Z"}
{"level":"error","time":"2026-09-19T02:54:42.979Z","service":"vantage-main-server","env":"development","msg":"ringcentral.call_log_sync.failed","leaseOwnerHash":"e0e92466da53","stage":"provider_fetch","errorCode":"provider_throttled","windowFrom":"2026-08-18T00:00:00.000Z","windowTo":"2026-08-18T12:00:00.000Z"}
{"level":"error","time":"2026-09-19T02:54:42.979Z","service":"vantage-main-server","env":"development","msg":"ringcentral.call_log_sync.failed","observability_level":"error","category":"ringcentral","workflow":"ringcentral_call_log_sync","run_id":"2026-08-18T12:00:00.000Z"}
{"level":"info","time":"2026-09-19T02:54:42.980Z","service":"vantage-main-server","env":"development","msg":"ringcentral.call_log_sync.started","observability_level":"info","category":"ringcentral","workflow":"ringcentral_call_log_sync","run_id":"2026-08-18T12:00:00.000Z"}
{"level":"info","time":"2026-09-19T02:54:42.981Z","service":"vantage-main-server","env":"development","msg":"ringcentral.call_log_sync.completed","ranAt":"2026-08-18T12:00:00.000Z","windowFrom":"2026-08-18T00:00:00.000Z","windowTo":"2026-08-18T12:00:00.000Z","leaseOwnerHash":"e0e92466da53","leaseAcquired":true,"leaseRecovered":false,"leaseLost":false,"skipped":false,"skipReason":null,"runtimeMs":30,"fetchedRecords":1,"candidateRecords":1,"qualifiedRecords":1,"ingestActions":{"lead_created":0,"lead_created_duplicate":0,"lead_adopted":0,"lead_adopted_duplicate":0,"shadow_recorded":0,"dry_run":1,"skipped_already_processed":0},"adoptedRecords":0,"adoptionConflicts":0,"throttledResponses":0,"leadsCreated":0,"duplicatesFlagged":0,"cursorAdvanced":true,"errors":[]}
{"level":"info","time":"2026-09-19T02:54:42.981Z","service":"vantage-main-server","env":"development","msg":"ringcentral.call_log_sync.completed","observability_level":"info","category":"ringcentral","workflow":"ringcentral_call_log_sync","run_id":"2026-08-18T12:00:00.000Z"}
{"level":"info","time":"2026-09-19T02:54:42.982Z","service":"vantage-main-server","env":"development","msg":"ringcentral.call_log_sync.started","observability_level":"info","category":"ringcentral","workflow":"ringcentral_call_log_sync","run_id":"2026-08-18T12:00:00.000Z"}
{"level":"warn","time":"2026-09-19T02:54:42.983Z","service":"vantage-main-server","env":"development","msg":"ringcentral.call_log_sync.lease_lost","leaseOwnerHash":"e0e92466da53","stage":"state_write"}
{"level":"warn","time":"2026-09-19T02:54:42.983Z","service":"vantage-main-server","env":"development","msg":"ringcentral.call_log_sync.lease_lost","observability_level":"warn","category":"ringcentral","workflow":"ringcentral_call_log_sync","run_id":"2026-08-18T12:00:00.000Z"}
{"level":"info","time":"2026-09-19T02:54:42.984Z","service":"vantage-main-server","env":"development","msg":"ringcentral.call_log_sync.started","observability_level":"info","category":"ringcentral","workflow":"ringcentral_call_log_sync","run_id":"2026-08-18T12:00:00.000Z"}
{"level":"warn","time":"2026-09-19T02:54:42.984Z","service":"vantage-main-server","env":"development","msg":"ringcentral.call_log_sync.lease_lost","leaseOwnerHash":"e0e92466da53","stage":"lease"}
{"level":"warn","time":"2026-09-19T02:54:42.985Z","service":"vantage-main-server","env":"development","msg":"ringcentral.call_log_sync.lease_lost","observability_level":"warn","category":"ringcentral","workflow":"ringcentral_call_log_sync","run_id":"2026-08-18T12:00:00.000Z"}
{"level":"info","time":"2026-09-19T02:54:42.986Z","service":"vantage-main-server","env":"development","msg":"ringcentral.call_log_sync.started","observability_level":"info","category":"ringcentral","workflow":"ringcentral_call_log_sync","run_id":"2026-08-18T12:00:00.000Z"}
{"level":"info","time":"2026-09-19T02:54:42.987Z","service":"vantage-main-server","env":"development","msg":"ringcentral.call_log_sync.completed","ranAt":"2026-08-18T12:00:00.000Z","windowFrom":"2026-08-18T00:00:00.000Z","windowTo":"2026-08-18T12:00:00.000Z","leaseOwnerHash":"e0e92466da53","leaseAcquired":true,"leaseRecovered":false,"leaseLost":false,"skipped":false,"skipReason":null,"runtimeMs":80,"fetchedRecords":6,"candidateRecords":6,"qualifiedRecords":6,"ingestActions":{"lead_created":0,"lead_created_duplicate":0,"lead_adopted":0,"lead_adopted_duplicate":0,"shadow_recorded":0,"dry_run":6,"skipped_already_processed":0},"adoptedRecords":0,"adoptionConflicts":0,"throttledResponses":0,"leadsCreated":0,"duplicatesFlagged":0,"cursorAdvanced":true,"errors":[]}
{"level":"info","time":"2026-09-19T02:54:42.987Z","service":"vantage-main-server","env":"development","msg":"ringcentral.call_log_sync.completed","observability_level":"info","category":"ringcentral","workflow":"ringcentral_call_log_sync","run_id":"2026-08-18T12:00:00.000Z"}
{"level":"info","time":"2026-09-19T02:54:42.988Z","service":"vantage-main-server","env":"development","msg":"ringcentral.call_log_sync.started","observability_level":"info","category":"ringcentral","workflow":"ringcentral_call_log_sync","run_id":"2026-08-18T12:00:00.000Z"}
{"level":"warn","time":"2026-09-19T02:54:42.988Z","service":"vantage-main-server","env":"development","msg":"ringcentral.call_log_sync.lease_lost","leaseOwnerHash":"e0e92466da53","stage":"route_snapshot"}
{"level":"warn","time":"2026-09-19T02:54:42.988Z","service":"vantage-main-server","env":"development","msg":"ringcentral.call_log_sync.lease_lost","observability_level":"warn","category":"ringcentral","workflow":"ringcentral_call_log_sync","run_id":"2026-08-18T12:00:00.000Z"}
{"level":"info","time":"2026-09-19T02:54:42.989Z","service":"vantage-main-server","env":"development","msg":"ringcentral.call_log_sync.started","observability_level":"info","category":"ringcentral","workflow":"ringcentral_call_log_sync","run_id":"2026-08-18T12:00:00.000Z"}
{"level":"warn","time":"2026-09-19T02:54:42.989Z","service":"vantage-main-server","env":"development","msg":"ringcentral.call_log_sync.lease_recovered","leaseOwnerHash":"e0e92466da53"}
{"level":"warn","time":"2026-09-19T02:54:42.989Z","service":"vantage-main-server","env":"development","msg":"ringcentral.call_log_sync.lease_recovered","observability_level":"warn","category":"ringcentral","workflow":"ringcentral_call_log_sync","run_id":"2026-08-18T12:00:00.000Z"}
{"level":"info","time":"2026-09-19T02:54:42.990Z","service":"vantage-main-server","env":"development","msg":"ringcentral.call_log_sync.completed","ranAt":"2026-08-18T12:00:00.000Z","windowFrom":"2026-08-18T00:00:00.000Z","windowTo":"2026-08-18T12:00:00.000Z","leaseOwnerHash":"e0e92466da53","leaseAcquired":true,"leaseRecovered":true,"leaseLost":false,"skipped":false,"skipReason":null,"runtimeMs":20,"fetchedRecords":0,"candidateRecords":0,"qualifiedRecords":0,"ingestActions":{"lead_created":0,"lead_created_duplicate":0,"lead_adopted":0,"lead_adopted_duplicate":0,"shadow_recorded":0,"dry_run":0,"skipped_already_processed":0},"adoptedRecords":0,"adoptionConflicts":0,"throttledResponses":0,"leadsCreated":0,"duplicatesFlagged":0,"cursorAdvanced":true,"errors":[]}
{"level":"info","time":"2026-09-19T02:54:42.990Z","service":"vantage-main-server","env":"development","msg":"ringcentral.call_log_sync.completed","observability_level":"info","category":"ringcentral","workflow":"ringcentral_call_log_sync","run_id":"2026-08-18T12:00:00.000Z"}
{"level":"info","time":"2026-09-19T02:54:42.991Z","service":"vantage-main-server","env":"development","msg":"ringcentral.call_log_sync.started","observability_level":"info","category":"ringcentral","workflow":"ringcentral_call_log_sync","run_id":"2026-08-18T12:00:00.000Z"}
{"level":"info","time":"2026-09-19T02:54:42.991Z","service":"vantage-main-server","env":"development","msg":"ringcentral.call_log_sync.completed","ranAt":"2026-08-18T12:00:00.000Z","windowFrom":"2026-08-18T00:00:00.000Z","windowTo":"2026-08-18T12:00:00.000Z","leaseOwnerHash":"e0e92466da53","leaseAcquired":true,"leaseRecovered":false,"leaseLost":false,"skipped":false,"skipReason":null,"runtimeMs":20,"fetchedRecords":0,"candidateRecords":0,"qualifiedRecords":0,"ingestActions":{"lead_created":0,"lead_created_duplicate":0,"lead_adopted":0,"lead_adopted_duplicate":0,"shadow_recorded":0,"dry_run":0,"skipped_already_processed":0},"adoptedRecords":0,"adoptionConflicts":0,"throttledResponses":0,"leadsCreated":0,"duplicatesFlagged":0,"cursorAdvanced":true,"errors":[]}
{"level":"info","time":"2026-09-19T02:54:42.991Z","service":"vantage-main-server","env":"development","msg":"ringcentral.call_log_sync.completed","observability_level":"info","category":"ringcentral","workflow":"ringcentral_call_log_sync","run_id":"2026-08-18T12:00:00.000Z"}
{"level":"info","time":"2026-09-19T02:54:42.992Z","service":"vantage-main-server","env":"development","msg":"ringcentral.call_log_sync.started","observability_level":"info","category":"ringcentral","workflow":"ringcentral_call_log_sync","run_id":"2026-08-18T12:00:00.000Z"}
{"level":"info","time":"2026-09-19T02:54:42.992Z","service":"vantage-main-server","env":"development","msg":"ringcentral.call_log_sync.completed","ranAt":"2026-08-18T12:00:00.000Z","windowFrom":"2026-08-18T00:00:00.000Z","windowTo":"2026-08-18T12:00:00.000Z","leaseOwnerHash":"e0e92466da53","leaseAcquired":true,"leaseRecovered":false,"leaseLost":false,"skipped":false,"skipReason":null,"runtimeMs":20,"fetchedRecords":0,"candidateRecords":0,"qualifiedRecords":0,"ingestActions":{"lead_created":0,"lead_created_duplicate":0,"lead_adopted":0,"lead_adopted_duplicate":0,"shadow_recorded":0,"dry_run":0,"skipped_already_processed":0},"adoptedRecords":0,"adoptionConflicts":0,"throttledResponses":0,"leadsCreated":0,"duplicatesFlagged":0,"cursorAdvanced":true,"errors":[]}
{"level":"info","time":"2026-09-19T02:54:42.992Z","service":"vantage-main-server","env":"development","msg":"ringcentral.call_log_sync.completed","observability_level":"info","category":"ringcentral","workflow":"ringcentral_call_log_sync","run_id":"2026-08-18T12:00:00.000Z"}
{"level":"info","time":"2026-09-19T02:54:42.992Z","service":"vantage-main-server","env":"development","msg":"ringcentral.call_log_sync.started","observability_level":"info","category":"ringcentral","workflow":"ringcentral_call_log_sync","run_id":"2026-08-18T12:00:00.000Z"}
{"level":"info","time":"2026-09-19T02:54:42.992Z","service":"vantage-main-server","env":"development","msg":"ringcentral.call_log_sync.completed","ranAt":"2026-08-18T12:00:00.000Z","windowFrom":"2026-08-17T15:45:00.000Z","windowTo":"2026-08-18T12:00:00.000Z","leaseOwnerHash":"e0e92466da53","leaseAcquired":true,"leaseRecovered":false,"leaseLost":false,"skipped":false,"skipReason":null,"runtimeMs":20,"fetchedRecords":0,"candidateRecords":0,"qualifiedRecords":0,"ingestActions":{"lead_created":0,"lead_created_duplicate":0,"lead_adopted":0,"lead_adopted_duplicate":0,"shadow_recorded":0,"dry_run":0,"skipped_already_processed":0},"adoptedRecords":0,"adoptionConflicts":0,"throttledResponses":0,"leadsCreated":0,"duplicatesFlagged":0,"cursorAdvanced":true,"errors":[]}
{"level":"info","time":"2026-09-19T02:54:42.992Z","service":"vantage-main-server","env":"development","msg":"ringcentral.call_log_sync.completed","observability_level":"info","category":"ringcentral","workflow":"ringcentral_call_log_sync","run_id":"2026-08-18T12:00:00.000Z"}
{"level":"info","time":"2026-09-19T02:54:42.993Z","service":"vantage-main-server","env":"development","msg":"ringcentral.call_log_sync.started","observability_level":"info","category":"ringcentral","workflow":"ringcentral_call_log_sync","run_id":"2026-08-18T12:00:00.000Z"}
{"level":"info","time":"2026-09-19T02:54:42.993Z","service":"vantage-main-server","env":"development","msg":"ringcentral.call_log_sync.completed","ranAt":"2026-08-18T12:00:00.000Z","windowFrom":"2026-08-18T00:00:00.000Z","windowTo":"2026-08-18T12:00:00.000Z","leaseOwnerHash":"e0e92466da53","leaseAcquired":true,"leaseRecovered":false,"leaseLost":false,"skipped":false,"skipReason":null,"runtimeMs":20,"fetchedRecords":0,"candidateRecords":0,"qualifiedRecords":0,"ingestActions":{"lead_created":0,"lead_created_duplicate":0,"lead_adopted":0,"lead_adopted_duplicate":0,"shadow_recorded":0,"dry_run":0,"skipped_already_processed":0},"adoptedRecords":0,"adoptionConflicts":0,"throttledResponses":0,"leadsCreated":0,"duplicatesFlagged":0,"cursorAdvanced":true,"errors":[]}
{"level":"info","time":"2026-09-19T02:54:42.993Z","service":"vantage-main-server","env":"development","msg":"ringcentral.call_log_sync.completed","observability_level":"info","category":"ringcentral","workflow":"ringcentral_call_log_sync","run_id":"2026-08-18T12:00:00.000Z"}
{"level":"info","time":"2026-09-19T02:54:42.994Z","service":"vantage-main-server","env":"development","msg":"ringcentral.call_log_sync.started","observability_level":"info","category":"ringcentral","workflow":"ringcentral_call_log_sync","run_id":"2026-08-18T12:00:00.000Z"}
{"level":"info","time":"2026-09-19T02:54:42.994Z","service":"vantage-main-server","env":"development","msg":"ringcentral.call_log_sync.completed","ranAt":"2026-08-18T12:00:00.000Z","windowFrom":"2026-08-18T00:00:00.000Z","windowTo":"2026-08-18T12:00:00.000Z","leaseOwnerHash":"e0e92466da53","leaseAcquired":true,"leaseRecovered":false,"leaseLost":false,"skipped":false,"skipReason":null,"runtimeMs":60,"fetchedRecords":3,"candidateRecords":3,"qualifiedRecords":3,"ingestActions":{"lead_created":0,"lead_created_duplicate":0,"lead_adopted":0,"lead_adopted_duplicate":0,"shadow_recorded":0,"dry_run":3,"skipped_already_processed":0},"adoptedRecords":0,"adoptionConflicts":0,"throttledResponses":0,"leadsCreated":0,"duplicatesFlagged":0,"cursorAdvanced":true,"errors":[]}
{"level":"info","time":"2026-09-19T02:54:42.994Z","service":"vantage-main-server","env":"development","msg":"ringcentral.call_log_sync.completed","observability_level":"info","category":"ringcentral","workflow":"ringcentral_call_log_sync","run_id":"2026-08-18T12:00:00.000Z"}
{"level":"info","time":"2026-09-19T02:54:42.995Z","service":"vantage-main-server","env":"development","msg":"ringcentral.call_log_sync.started","observability_level":"info","category":"ringcentral","workflow":"ringcentral_call_log_sync","run_id":"2026-08-18T12:00:00.000Z"}
{"level":"info","time":"2026-09-19T02:54:42.995Z","service":"vantage-main-server","env":"development","msg":"ringcentral.call_log_sync.completed","ranAt":"2026-08-18T12:00:00.000Z","windowFrom":"2026-08-18T00:00:00.000Z","windowTo":"2026-08-18T12:00:00.000Z","leaseOwnerHash":"e0e92466da53","leaseAcquired":true,"leaseRecovered":false,"leaseLost":false,"skipped":false,"skipReason":null,"runtimeMs":40,"fetchedRecords":2,"candidateRecords":2,"qualifiedRecords":2,"ingestActions":{"lead_created":0,"lead_created_duplicate":0,"lead_adopted":0,"lead_adopted_duplicate":0,"shadow_recorded":0,"dry_run":2,"skipped_already_processed":0},"adoptedRecords":0,"adoptionConflicts":0,"throttledResponses":0,"leadsCreated":0,"duplicatesFlagged":0,"cursorAdvanced":true,"errors":[]}
{"level":"info","time":"2026-09-19T02:54:42.995Z","service":"vantage-main-server","env":"development","msg":"ringcentral.call_log_sync.completed","observability_level":"info","category":"ringcentral","workflow":"ringcentral_call_log_sync","run_id":"2026-08-18T12:00:00.000Z"}
{"level":"info","time":"2026-09-19T02:54:42.996Z","service":"vantage-main-server","env":"development","msg":"ringcentral.call_log_sync.started","observability_level":"info","category":"ringcentral","workflow":"ringcentral_call_log_sync","run_id":"2026-08-18T12:00:00.000Z"}
{"level":"info","time":"2026-09-19T02:54:42.996Z","service":"vantage-main-server","env":"development","msg":"ringcentral.call_log_sync.completed","ranAt":"2026-08-18T12:00:00.000Z","windowFrom":"2026-08-18T00:00:00.000Z","windowTo":"2026-08-18T12:00:00.000Z","leaseOwnerHash":"e0e92466da53","leaseAcquired":true,"leaseRecovered":false,"leaseLost":false,"skipped":false,"skipReason":null,"runtimeMs":60,"fetchedRecords":2,"candidateRecords":2,"qualifiedRecords":2,"ingestActions":{"lead_created":0,"lead_created_duplicate":0,"lead_adopted":0,"lead_adopted_duplicate":0,"shadow_recorded":0,"dry_run":2,"skipped_already_processed":0},"adoptedRecords":0,"adoptionConflicts":0,"throttledResponses":0,"leadsCreated":0,"duplicatesFlagged":0,"cursorAdvanced":true,"errors":[]}
{"level":"info","time":"2026-09-19T02:54:42.996Z","service":"vantage-main-server","env":"development","msg":"ringcentral.call_log_sync.completed","observability_level":"info","category":"ringcentral","workflow":"ringcentral_call_log_sync","run_id":"2026-08-18T12:00:00.000Z"}
{"level":"info","time":"2026-09-19T02:54:42.997Z","service":"vantage-main-server","env":"development","msg":"ringcentral.call_log_sync.started","observability_level":"info","category":"ringcentral","workflow":"ringcentral_call_log_sync","run_id":"2026-08-18T12:00:00.000Z"}
{"level":"error","time":"2026-09-19T02:54:42.997Z","service":"vantage-main-server","env":"development","msg":"ringcentral.call_log_sync.failed","leaseOwnerHash":"e0e92466da53","stage":"ingest","errorCode":"ingest_failed","windowFrom":"2026-08-18T00:00:00.000Z","windowTo":"2026-08-18T12:00:00.000Z"}
{"level":"error","time":"2026-09-19T02:54:42.997Z","service":"vantage-main-server","env":"development","msg":"ringcentral.call_log_sync.failed","observability_level":"error","category":"ringcentral","workflow":"ringcentral_call_log_sync","run_id":"2026-08-18T12:00:00.000Z"}
{"level":"info","time":"2026-09-19T02:54:42.998Z","service":"vantage-main-server","env":"development","msg":"ringcentral.call_log_sync.started","observability_level":"info","category":"ringcentral","workflow":"ringcentral_call_log_sync","run_id":"2026-08-18T12:00:00.000Z"}
{"level":"info","time":"2026-09-19T02:54:42.998Z","service":"vantage-main-server","env":"development","msg":"ringcentral.call_log_sync.completed","ranAt":"2026-08-18T12:00:00.000Z","windowFrom":"2026-08-18T00:00:00.000Z","windowTo":"2026-08-18T12:00:00.000Z","leaseOwnerHash":"e0e92466da53","leaseAcquired":true,"leaseRecovered":false,"leaseLost":false,"skipped":false,"skipReason":null,"runtimeMs":30,"fetchedRecords":1,"candidateRecords":1,"qualifiedRecords":1,"ingestActions":{"lead_created":0,"lead_created_duplicate":0,"lead_adopted":0,"lead_adopted_duplicate":0,"shadow_recorded":0,"dry_run":1,"skipped_already_processed":0},"adoptedRecords":0,"adoptionConflicts":0,"throttledResponses":0,"leadsCreated":0,"duplicatesFlagged":0,"cursorAdvanced":true,"errors":[]}
{"level":"info","time":"2026-09-19T02:54:42.998Z","service":"vantage-main-server","env":"development","msg":"ringcentral.call_log_sync.completed","observability_level":"info","category":"ringcentral","workflow":"ringcentral_call_log_sync","run_id":"2026-08-18T12:00:00.000Z"}
{"level":"info","time":"2026-09-19T02:54:43.000Z","service":"vantage-main-server","env":"development","msg":"ringcentral.call_log_sync.started","observability_level":"info","category":"ringcentral","workflow":"ringcentral_call_log_sync","run_id":"2026-08-18T12:00:00.000Z"}
{"level":"info","time":"2026-09-19T02:54:43.000Z","service":"vantage-main-server","env":"development","msg":"ringcentral.call_log_sync.completed","ranAt":"2026-08-18T12:00:00.000Z","windowFrom":"2026-08-18T00:00:00.000Z","windowTo":"2026-08-18T12:00:00.000Z","leaseOwnerHash":"e0e92466da53","leaseAcquired":true,"leaseRecovered":false,"leaseLost":false,"skipped":false,"skipReason":null,"runtimeMs":30,"fetchedRecords":1,"candidateRecords":1,"qualifiedRecords":1,"ingestActions":{"lead_created":0,"lead_created_duplicate":0,"lead_adopted":1,"lead_adopted_duplicate":0,"shadow_recorded":0,"dry_run":0,"skipped_already_processed":0},"adoptedRecords":1,"adoptionConflicts":0,"throttledResponses":0,"leadsCreated":0,"duplicatesFlagged":0,"cursorAdvanced":true,"errors":[]}
{"level":"info","time":"2026-09-19T02:54:43.000Z","service":"vantage-main-server","env":"development","msg":"ringcentral.call_log_sync.completed","observability_level":"info","category":"ringcentral","workflow":"ringcentral_call_log_sync","run_id":"2026-08-18T12:00:00.000Z"}
✔ qualifies an inbound answered call over 120s to a mapped toll-free (5.7791ms)
✔ qualifies a GetMovers inbound call log record (0.9299ms)
✔ rejects a call under 120 seconds (0.5612ms)
✔ rejects an outbound call (1.5517ms)
✔ rejects a call to an unmapped number (0.374ms)
✔ rejects a missed (unanswered) call (0.3073ms)
✔ matches target number across call legs and picks the inbound caller (0.4185ms)
✔ aggregates a multi-party session and qualifies the canonical queue party over 120s (3.6245ms)
✔ uses answered agent lifecycle timing when the target queue leg disconnects early (3.8079ms)
✔ rejects a session that disconnected under 120 seconds (1.4297ms)
✔ a live (non-terminal) call over 120s qualifies but is not ingest-eligible (0.9254ms)
✔ an outbound-only session is not a lead (0.4326ms)
﹣ [AC-14][AC-15][AC-16] Unit 20 replica adoption, conflict continuation, races, and rollback (31.9404ms) # Replica-set proof is opt-in via GRANOT_LIFECYCLE_REPLICA_TESTS=true.
✔ [AC-14] one exact immutable-phone candidate is selected without guessing (8.6718ms)
✔ [AC-16] zero and multiple candidates remain explicit outcomes (1.2757ms)
✔ [AC-14][AC-16] candidate window is inclusive at exactly plus/minus 12 hours (0.5692ms)
✔ [AC-14][AC-16] exact boundaries qualify and one millisecond outside does not (1.3027ms)
✔ [AC-16] missing call start fails adoption closed without querying candidates (0.6792ms)
✔ [AC-16] Job-only/missing-phone input is never an adoption candidate (0.4175ms)
✔ adoption match key stays exact Source Granularity plus ingested phone (32.4919ms)
✔ [AC-16] different Source Granularity with the same phone is not an adoption candidate (0.8147ms)
✔ [AC-14] current-contact drift cannot replace immutable creation phone (1.9938ms)
✔ [AC-14] telephony session wins over call-log identity (3.4371ms)
✔ [AC-14] adoption statuses are terminal replay outcomes (0.4383ms)
✔ [AC-14] call-log race fence is declared unique and sparse (0.2782ms)
✔ recording adapter uses fixed account endpoints and discards contentUri (56.845ms)
✔ streaming client shares JWT refresh once, returns headers and forbids redirects (3.6022ms)
✔ recording deadline bounds stalled token acquisition and unauthorized refresh (1.7039ms)
{"level":"info","time":"2026-09-19T02:54:47.670Z","service":"vantage-main-server","env":"development","msg":"ringcentral.ingest.skipped_already_processed","telephonySessionId":"u20-session","callLogId":null,"previousStatus":"lead_adopted","ingestionSource":"webhook"}
✔ [AC-14] telephony replay returns before adoption candidate work (5.1152ms)
✔ [AC-14][AC-15] adoption occurs before duplicate classification and suppresses create (2.7963ms)
✔ [AC-16] no adoption candidate continues through normal ingest (1.3829ms)
✔ [AC-14] webhook and Call Log descriptors enter equivalent convergence (1.0481ms)
✔ [AC-14] call-log-only create fails closed before candidate or Lead work without indexes (2.6032ms)
✔ adoption off still creates a RingCentral-origin Call Lead (documented Race B twin) (1.1511ms)
✔ RingCentral ingest lock stays gated on the adoption flag (1.0422ms)
{"level":"info","time":"2026-09-19T02:54:47.678Z","service":"vantage-main-server","env":"development","msg":"ringcentral.ingest.processed","action":"dry_run","writeMode":"dry_run","duplicate":false,"duplicateReason":"unique","ingestionSource":"webhook","telephonySessionId":"u20-session","callLogId":null,"sourceCompany":"main_site","durationSeconds":180,"callLeadId":null}
{"level":"info","time":"2026-09-19T02:54:47.683Z","service":"vantage-main-server","env":"development","msg":"ringcentral.ingest.processed","action":"lead_created","writeMode":"create","duplicate":false,"duplicateReason":"unique","ingestionSource":"webhook","telephonySessionId":"u20-session","callLogId":null,"sourceCompany":"main_site","durationSeconds":180,"callLeadId":"507f1f77bcf86cd799439099"}
✔ first call from a caller is unique (3.5437ms)
✔ a second call from the same caller + source within the window is a duplicate (0.8918ms)
✔ the same telephony session is not counted as its own duplicate (0.9264ms)
✔ [AC-15] the same call-log identity is not counted as its own duplicate (1.9462ms)
✔ a call with no caller phone cannot be classified as a duplicate (0.5536ms)
✔ phone numbers in different formats still match as duplicates (0.6743ms)
✔ duplicate lookup uses the earlier-only 90-day window (0.8504ms)
✔ same caller and source exactly 90 days apart is a duplicate (0.5164ms)
✔ same caller and source more than 90 days apart is unique (0.5062ms)
✔ different source is scoped out by the duplicate lookup (0.5549ms)
✔ [AC-15] adopted Lead id is excluded from duplicate classification (0.5214ms)
✔ [AC-15][AC-16] unresolved Granot candidates do not create false duplicates (0.5629ms)
✔ [AC-15] adopted Granot candidate from another physical call remains eligible (0.4421ms)
✔ [AC-15] future Leads are outside the earlier-only duplicate window (0.6048ms)
✔ builder: mode all is the account telephony path with no direction filter and no withRecordings; inbound builder is byte-for-byte unchanged (2.8902ms)
✔ classification: owned+matching managed by health; owned inbound-only and foreign same-address subscriptions are never managed (1.1533ms)
✔ plan/apply: noop when healthy, create when none owned, foreign same-address subscription is reported and untouched (2.2308ms)
✔ renewal: expiring owned subscription is renewed; renewing a foreign id is refused before any provider call (2.435ms)
✔ repair: blacklisted owned subscription is deleted, marked and recreated; a foreign id is never deleted or replaced (2.3448ms)
✔ health edges: unknown expiry is renew-due; unknown or missing status is reported and never repaired (review finding 6) (1.5516ms)
✔ ownership evidence fails closed: create without a recordable store surfaces the created id instead of orphaning it (review finding 7) (1.5296ms)
✔ provider adapter builds the exact RingCentral subscription requests over the shared client (1.7142ms)
{"level":"info","time":"2026-09-19T02:54:50.221Z","service":"vantage-main-server","env":"development","msg":"ringcentral.webhook.received","receivedAt":"2026-09-19T02:54:50.220Z","method":"POST","validationTokenPresent":true,"contentType":"application/json","userAgent":"node","eventHeaders":{},"subscriptionId":null,"telephonySessionId":null,"partyId":null,"event":"/restapi/v1.0/account/~/telephony/sessions"}
{"level":"info","time":"2026-09-19T02:54:50.223Z","service":"vantage-main-server","env":"development","msg":"ringcentral.webhook.capture.mongo_unavailable_logged","capture":{"provider":"ringcentral","receivedAt":{},"validationTokenPresent":true,"headers":{"host":"127.0.0.1:57702","connection":"keep-alive","content-type":"application/json","validation-token":"synthetic-validation","accept":"*/*","accept-language":"*","sec-fetch-mode":"cors","user-agent":"node","accept-encoding":"gzip, deflate","content-length":"80"},"rawBody":{"uuid":"echo-1","event":"/restapi/v1.0/account/~/telephony/sessions","body":{}},"normalizedPreview":{"subscriptionId":null,"event":"/restapi/v1.0/account/~/telephony/sessions","uuid":"echo-1","timestamp":null,"telephonySessionId":null,"sessionId":null,"partyId":null,"direction":null,"statusCode":null,"fromPhoneNumber":null,"fromName":null,"toPhoneNumber":null,"toName":null,"extensionId":null,"extensionNumber":null},"uuid":"echo-1","event":"/restapi/v1.0/account/~/telephony/sessions"}}
{"level":"info","time":"2026-09-19T02:54:50.224Z","service":"vantage-main-server","env":"development","msg":"ringcentral.webhook.processing.disabled","subscriptionId":null,"telephonySessionId":null}
{"level":"info","time":"2026-09-19T02:54:50.295Z","service":"vantage-main-server","env":"development","msg":"ringcentral.webhook.received","receivedAt":"2026-09-19T02:54:50.295Z","method":"POST","validationTokenPresent":false,"contentType":"application/json","userAgent":"node","eventHeaders":{},"subscriptionId":null,"telephonySessionId":null,"partyId":null,"event":null}
{"level":"info","time":"2026-09-19T02:54:50.296Z","service":"vantage-main-server","env":"development","msg":"ringcentral.webhook.capture.mongo_unavailable_logged","capture":{"provider":"ringcentral","receivedAt":{},"validationTokenPresent":false,"headers":{"host":"127.0.0.1:57702","connection":"keep-alive","content-type":"application/json","accept":"*/*","accept-language":"*","sec-fetch-mode":"cors","user-agent":"node","accept-encoding":"gzip, deflate","content-length":"27"},"rawBody":{"uuid":"echo-2","body":{}},"normalizedPreview":{"subscriptionId":null,"event":null,"uuid":"echo-2","timestamp":null,"telephonySessionId":null,"sessionId":null,"partyId":null,"direction":null,"statusCode":null,"fromPhoneNumber":null,"fromName":null,"toPhoneNumber":null,"toName":null,"extensionId":null,"extensionNumber":null},"uuid":"echo-2"}}
{"level":"info","time":"2026-09-19T02:54:50.296Z","service":"vantage-main-server","env":"development","msg":"ringcentral.webhook.processing.disabled","subscriptionId":null,"telephonySessionId":null}
✔ validation echo: the route echoes Validation-Token on a 200 and fans out only a durable receipt (433.5076ms)
✔ generated MCP prompt, envelope and every tool exactly match server authority (39.5158ms)
✔ closed tool arguments reject authority, operators, arbitrary URLs and excessive pages (8.741ms)
✔ owner-added operational record kinds are citable through the authoritative strict envelope (2.2158ms)
✔ RingCentral search derives account/phone, bounds pages and excludes unrelated/provider-private content (50.1502ms)
✔ RingCentral reads disabled by default; invalid bounds and caller-supplied authority never reach provider (3.7582ms)
✔ call detail requires prior server admission and rechecks returned subject and id (13.5128ms)
✔ provider errors are coverage failures with no raw body; unknown pagination never claims complete (19.2003ms)
✔ Job Timeline requires authorized resolved Lead and matching server-derived source (0.9922ms)
✔ operational dataset facilitator is closed, paginated, revision-bound, and treats query as literal data (26.8696ms)
✔ fixed provider HTTP adapter uses cached token GET only, no refresh, redirects, alternate host or unbounded body (49.7771ms)
✔ cursor cannot change run, filter, or smuggle a Mongo operator (11.9579ms)
✔ relevance derives only from authorized lead edges and full normalized number (3.3179ms)
✔ projection excludes operational secrets and redacts untrusted free text (1.8293ms)
✔ response contract retains unknown speaker and nullable timing and rejects extra authority (20.403ms)
✔ phone equality is Likely; exact session authorizes only that interaction and account (2.6063ms)
✔ overlaps are ambiguous; nonoverlapping moves and outside-overlap events stay independent (2.1924ms)
✔ unique current Attached outranks candidates; competing Attached blocks; reject and detach persist (0.7554ms)
✔ Form and Call windows include boundaries; later snapshots never backdate identity (2.6213ms)
✔ actual attachment queue and five-minute cron registrations, disabled worker skips without Mongo (7.1574ms)
✔ Owner attachment routes and cron recovery: authority, scope, flag, strict payload, CAS mapping and read-only GET (630.9465ms)
✔ eligibility: all five accepted contexts, both Lead models, exclusions and absent upstream inputs (3.5797ms)
✔ media stream hashes actual bytes, uses immutable account key and cleans transient file (111.1424ms)
✔ media rejects declared and streamed oversize, mismatched length/type and arbitrary audio (74.2933ms)
✔ Retry-After seconds, HTTP date and default (0.9257ms)
✔ text-only transcript retains unknown speakers and unavailable timing (46.4223ms)
✔ provider timing and actual speaker survive cross-boundary payment redaction (1.8923ms)
✔ invalid provider timing is unavailable; pricing is configured and rounded to integer cents (0.7439ms)
✔ CSI-12 five-minute cron, authentication, flag-off and default recovery/queue wiring (129.4291ms)
✔ CSI-11 queue stages, cron schedule, auth, flag-off and lease-held wiring (152.2269ms)
✔ CSI-11 modules never import qualification, Lead writers, budgets, STT or LLMs (6.2614ms)
✔ CSI route templates expand only the closed run paths and methods (24.8132ms)
✔ Owner analysis commands bind exact output and source evidence (29.1235ms)
✔ published DTO fixtures preserve undated and review-only rows and unknown coverage (1.8495ms)
✔ accepted policy defaults and invalid schedules (96.2861ms)
✔ strict commands allow undated independent actions and reject operational injection (100.2711ms)
✔ Grok review: empty channels/evidence and duplicate assessment are rejected; no locator gate (17.7388ms)
✔ all CSI model accessors honor isolated database routing without suffix collections (130.2195ms)
✔ signed run token requires scoped principal, live run, dataset, nonce, expiry, subject and tool (22.2236ms)
✔ single-attempt adapter never retries a non-idempotent submission, including 401/429/timeout (4.1819ms)
✔ Direct chat must have exactly the two reviewed people; supports provider member objects (49.172ms)
✔ SMS and pager use JWT sender and correct endpoint contract (16.7755ms)
✔ repair receipt requires exact ID, sender and Direct membership, not matching text/time (5.3211ms)
✔ repair receipt rejects a Direct chat response for a different chat ID (1.1903ms)
✔ body/customer destination policy handles canonical, formatted and full-width representations (4.8666ms)
✔ versioned templates limit customer identity; purpose/version/client chat are strict (64.8104ms)
✔ optional channels default off (1.7171ms)
✔ documented nudge controls take precedence; aliases cannot widen an explicit channel allowlist (5.0592ms)
✔ nudge routes enforce signed Owner, feature, strict input, idempotency; GET never dispatches (631.3735ms)
✔ repair cron is authenticated, disabled without DB, registered every five minutes (62.366ms)
✔ 30/15/1440 clocks, Friday close, Sunday, DST and independent weekly calendar (85.4234ms)
✔ day-only waits end at close; Attention next opening; explicit Sunday honoured; ambiguity undated (16.8141ms)
✔ all three actions including undated; snooze preserves contractual overdue and other reasons (29.8299ms)
✔ inbound human versus missed/provider connected; attempts fulfill callback only and retain outcome (16.3543ms)
✔ wait coexistence, official closure precedence, planning denies stale and Owner effects (17.4078ms)
✔ worker, cron and recovery registrations exist without enabling production flags (1.7401ms)
✔ exact names remain proposed; alias ties, duplicate names, missing names and non-Users remain explicit (19.4676ms)
✔ account scope, half-open reassignment, retirement and review authority (3.3662ms)
✔ period validation compares instants and rejects unknown input keys (8.0477ms)
✔ registered identity worker is a flag-off no-op (1.8329ms)
✔ all five Rep routes enforce Owner, strict contracts, scope, flags and idempotency header (503.3866ms)
✔ minute recovery invokes registered bounded rep stage, honors flag and cron authentication (45.2205ms)
✔ call lead browse q includes Granot snapshot name (11.4381ms)
✔ call lead browse phone matches the typed string on live and snapshot paths (3.8655ms)
✔ Call Lead Search phone ORs live, ingested, and Granot snapshot paths (9.182ms)
✔ Call Lead Search name ORs ingested and Granot name paths (2.7823ms)
✔ Call Lead Search email ORs ingested and Granot email paths (1.1206ms)
✔ Call Lead Search keeps OR across phone, name, and email (1.3821ms)
✔ form lead browse q includes Granot snapshot name (11.7475ms)
✔ form lead browse name includes ingested and Granot name paths (2.6978ms)
✔ form lead browse email includes ingested and Granot email paths (1.4081ms)
✔ form lead browse phone matches the typed string on live and snapshot paths (2.7363ms)
✔ form lead browse empty query finds all leads including duplicates (2.8107ms)
✔ form lead browse result card omits snapshot objects (1.5359ms)
✔ form lead search excludes duplicate quarantine leads by default (4.0995ms)
✔ form lead search includes duplicate quarantine leads when requested (1.2691ms)
{"level":"info","time":"2026-09-19T02:54:52.853Z","service":"vantage-main-server","env":"development","msg":"sheet_sync.drain.quota_deferral","spreadsheetId":"sheet-1","tabName":"Calls","writes":1}
✔ batches existing-row updates and new-row appends into one call each (7.2722ms)
✔ deletes rows in descending order in a single batchUpdate (3.7345ms)
✔ missing delete rows are an idempotent success (no API call) (1.2673ms)
✔ defers all writes when the read-quota reservation is denied (3.5669ms)
✔ partial failure: update call fails but appends still succeed (13.7423ms)
✔ append batches are split by configured row guardrail (9.0576ms)
✔ buildTabRowMap maps Mongo IDs to 1-based row numbers (0.6812ms)
✔ QuotaLimiter grants within budget and denies (with rollback) past it (1.3144ms)
{"level":"info","time":"2026-09-19T02:54:53.000Z","service":"vantage-main-server","env":"development","msg":"sheet_sync.drain.call_lead.created_on_unmatched.skipped","leadId":"6aadf97dfb157ed91de28ce1"}
✔ jobPlanner registers mongoose models required for booked-lead populate (2.8759ms)
✔ planJobWrites turns a tombstone's previous_targets into delete writes (7.35ms)
✔ planJobWrites skips tombstone targets with unknown headers (1.2274ms)
✔ planJobWrites limits retrying tombstones to target_hints (0.6734ms)
✔ planJobWrites returns a single empty plan when a tombstone has no targets (0.919ms)
✔ planJobWrites dual-writes bad form leads to Forms and Master Bad Leads (7.1097ms)
✔ planJobWrites deletes stale Master Bad Leads row when bad_lead is cleared (1.4984ms)
✔ planJobWrites deletes stale Calls row when duplicate call lead lacks sheet_sync metadata (2.3206ms)
✔ ordinary No-Sync Form deletes Forms only and does not upsert (1.6212ms)
✔ ordinary No-Sync Call deletes Calls only and does not upsert (1.5849ms)
✔ Booking Chain + ordinary No-Sync Call upserts Booked Deals and deletes Calls (2.0999ms)
✔ Unmatched Call without no_sync stays an empty plan with no deletes (1.9032ms)
✔ no_sync + bad_lead matches today's Bad Form dual-write (1.7872ms)
✔ no_sync + Call duplicate matches today's Duplicate Calls plan (1.2825ms)
✔ Form Duplicate upserts Duplicates and does not delete leftover Forms (1.0267ms)
✔ no_sync + Form duplicate matches today's Form Duplicate plan (0.9633ms)
✔ clear no_sync on an ordinary Form upserts Forms (0.9068ms)
✔ isNoSyncLead is false for missing / false / null (1.7245ms)
✔ noSyncAppliesToNormalTabs is false when duplicate or bad_lead (0.4882ms)
{"level":"info","time":"2026-09-19T02:55:03.201Z","service":"vantage-main-server","env":"development","msg":"sheet_sync.outbox.enqueued","coalescingKey":"source_lead:FormLead:6aadf98796a628a0e14ad3ef","resource":"source_lead","operation":"form_lead.create","jobId":"6aadf98796a628a0e14ad3f0","dueAt":"2026-09-19T02:55:06.199Z","priority":60}
✔ enqueueSheetSyncJob writes a coalescing upsert keyed by entity (11.0549ms)
✔ enqueueSheetSyncJob threads the caller session for atomic commit (1.2261ms)
✔ enqueueSheetSyncTombstone cancels the superseded upsert then writes the delete (2.9821ms)
✔ persistSheetSyncIntent only writes the outbox in queued mode (1.5456ms)
{"level":"info","time":"2026-09-19T02:55:03.208Z","service":"vantage-main-server","env":"development","msg":"sheet_sync.outbox.enqueued","coalescingKey":"booking_chain:b1","resource":"booking_chain","operation":"booked_lead.update","jobId":"6aadf98796a628a0e14ad3f1","dueAt":"2026-09-19T02:55:06.207Z","priority":80}
{"level":"info","time":"2026-09-19T02:55:03.209Z","service":"vantage-main-server","env":"development","msg":"sheet_sync.outbox.upsert_superseded_by_delete","supersededKey":"source_lead:CallLead:lead-1","cancelled":1}
{"level":"info","time":"2026-09-19T02:55:03.210Z","service":"vantage-main-server","env":"development","msg":"sheet_sync.outbox.tombstone_enqueued","coalescingKey":"delete_source_lead:CallLead:lead-1","resource":"delete_source_lead","operation":"call_lead.delete","jobId":"6aadf98796a628a0e14ad3f2","mongoId":"lead-1"}
{"level":"info","time":"2026-09-19T02:55:03.213Z","service":"vantage-main-server","env":"development","msg":"sheet_sync.outbox.enqueued","coalescingKey":"source_lead:CallLead:lead-9","resource":"source_lead","operation":"call_lead.update","jobId":"6aadf98796a628a0e14ad3f3","dueAt":"2026-09-19T02:55:06.213Z","priority":50}
✔ syncSourceLead evaluates no_sync before unmatched and deletes ordinary tabs without the facade (31.9703ms)
✔ projects tariff rows into Timestamp through Carrier columns (4.0442ms)
✔ resolves a Granot Carrier Code to the Moving Carrier name and DOT (1.9954ms)
✔ appends both service rows with resolved Carrier and never upserts by identifier (3.374ms)
✔ appends Linehaul plus a free-text Service row (0.7774ms)
✔ refuses an empty append (0.5424ms)
✔ hasBbbRedaction detects BBB PII redaction tokens (1.9494ms)
✔ listTestimonialsQuerySchema coerces pagination and boolean filters (4.5781ms)
✔ buildTestimonialFilter applies only provided query flags (1.9159ms)
✔ adminTestimonialsQuerySchema coerces admin filters and sort direction (4.2512ms)
✔ buildAdminTestimonialFilter applies reviewer, rating, customer, and date filters (1.0574ms)
✔ listTestimonials returns paginated landing-page items (1.4051ms)
✔ listAdminTestimonials returns admin fields and applies requested sort (1.9655ms)
✔ listAdminTestimonialReviewerNames returns sorted unique non-empty names (2.745ms)
{"level":"warn","time":"2026-09-19T02:55:07.055Z","service":"vantage-main-server","env":"development","msg":"source_lead.update.booking_missing","operation":"call_lead.update","leadModel":"CallLead","leadId":"6aadf98b44f952facba17a76","bookingId":"6aadf98b44f952facba17a77"}
✔ booked call lead refreshes attached booking customer and local (22.3705ms)
✔ booked form lead refreshes attached booking customer and local (3.6125ms)
✔ unbooked lead keeps source lead sync target (1.1313ms)
✔ stale booking reference falls back to source lead sync (2.5132ms)
✔ mismatched booking reference falls back to source lead sync (2.1854ms)
{"level":"warn","time":"2026-09-19T02:55:07.057Z","service":"vantage-main-server","env":"development","msg":"source_lead.update.booking_mismatch","operation":"call_lead.update","leadModel":"CallLead","leadId":"6aadf98b44f952facba17a78","bookingId":"6aadf98b44f952facba17a79","bookingLeadModel":"FormLead","bookingLeadId":"6aadf98b44f952facba17a7a"}
✔ V1ServiceError preserves the original (message, statusCode = 400) constructor signature (2.029ms)
✔ V1ServiceError is an AppError (single instanceof handles both legacy and typed throws) (0.5211ms)
✔ V1ServiceError keeps its historical `name` so existing log filters match (0.2755ms)
✔ V1ServiceError maps its statusCode onto a stable error code for logs (0.4528ms)
✔ parseFloridaCalendarDate stores YYYY-MM-DD as Florida calendar midnight UTC (2.742ms)
✔ formatFloridaCalendarDate renders stored calendar dates without local timezone drift (3.3341ms)
✔ floridaCalendarToday uses the America/New_York calendar day (0.6647ms)
✔ floridaCalendarDateInputValue returns YYYY-MM-DD in Florida time (0.3765ms)
✔ toFloridaTimestamp stores Eastern daylight time clock components (0.546ms)
✔ toFloridaTimestamp stores Eastern standard time clock components (0.3064ms)
✔ easternDateTimeParts reads America/New_York wall clock in standard and daylight time (1.9789ms)
✔ easternWallClockToUtc maps 8:00 AM Eastern to the matching UTC instant (0.977ms)
✔ escapeSheetTitleForRange wraps plain titles in single quotes (2.378ms)
✔ escapeSheetTitleForRange doubles single quotes inside a sheet title (0.431ms)
✔ escapeSheetTitleForRange preserves whitespace and non-quote punctuation (0.2733ms)
✔ extractRowNumberFromRange parses single-cell updates (0.4223ms)
✔ extractRowNumberFromRange parses appended row ranges (0.4386ms)
✔ extractRowNumberFromRange returns undefined for missing or malformed input (0.5459ms)
✔ generateLeadId returns unique established-format identifiers (3.8659ms)
✔ parseGranotCityState accepts multi-word cities and normalizes state (4.2128ms)
✔ Granot location parsing rejects placeholder and malformed values (1.3992ms)
✔ isObjectIdString accepts 24-char hex ids (5.3364ms)
✔ toObjectId parses hex strings (0.8135ms)
✔ toObjectIdOrUndefined maps empty values to undefined (0.4361ms)
✔ job-number-timeline loader does not value-import ObjectId from mongodb (4.0571ms)
✔ newObjectIdHex returns a distinct 24-char hex id (2.7925ms)
✔ normalizePhoneNumberForStorage strips US formatting and leading country code (2.9542ms)
✔ normalizePhoneNumberForStorage preserves unrecognized phone values (1.1462ms)
✔ normalizePhoneNumberForStorage preserves explicit foreign numbers (0.6129ms)
✔ normalizePhoneNumberForMatch keeps existing last-ten-digits matching behavior (0.4028ms)
✔ normalizePhoneNumberForMatch uses full foreign number digits (0.2368ms)
✔ rep promise and customer callback request stay distinct kinds (13.9374ms)
✔ multiple commitments accept an undated action without inventing a due date (2.8488ms)
✔ voicemail with unknown speaker is valid and is not human conversation (6.5847ms)
✔ contact restriction is schema-valid without closing Outreach (1.8254ms)
✔ owner-instruction disagreement cites the exact instruction revision (5.4532ms)
✔ rejects extra operational fields on the envelope and nested objects (5.3436ms)
✔ rejects malformed evidence references (11.1537ms)
✔ rejects unknown finding kinds, duplicate keys, and dangling finding_keys (3.4249ms)
✔ schema validation does not authorize evidence or apply business effects (1.0734ms)
✔ enforces document 10 engineering bounds (8.3464ms)
✔ createCallLeadSchema accepts a job_no-only call lead (7.7753ms)
✔ updateFormLeadSchema accepts canonical pickup and delivery cities (2.5861ms)
✔ createCallLeadSchema rejects call leads without phone_number or job_no (1.3171ms)
✔ createBookedLeadFromSourceSchema accepts CallLead booking with only call_job_no (2.8382ms)
✔ createReferralBookingSchema accepts owner-facing referral booking fields (1.3095ms)
✔ createReferralBookingSchema accepts optional customer_phone (0.3237ms)
✔ createBookedLeadFromSourceSchema accepts optional customer contact fields (1.479ms)
✔ createCustomerSchema accepts name-only customers (0.8529ms)
✔ createReferralBookingSchema rejects server-owned referral source fields (1.0352ms)
✔ createLeadlessBookingSchema accepts owner-facing leadless booking fields (1.6157ms)
✔ createLeadlessBookingSchema accepts booking without customer contact fields (0.3716ms)
✔ createLeadlessBookingSchema rejects server-owned leadless flags (0.3569ms)
✔ createBookedLeadSchema accepts FormLead booking by Mongo id without job_no (1.9568ms)
✔ createBookedLeadFromSourceSchema accepts transient CallLead booking phone (0.2874ms)
✔ createBookedLeadFromSourceSchema accepts CallLead booking with only phone on Best Relocation import (0.2227ms)
✔ createBookedLeadFromSourceSchema rejects Owner Call Lead booking with only phone (0.3321ms)
✔ createBookedLeadFromSourceSchema rejects CallLead booking without job or phone (0.2881ms)
✔ createFormLeadSchema does not accept duplicate from clients (2.4308ms)
✔ createFormLeadSchema does not accept bad_lead from clients (0.5706ms)
✔ createFormLeadSchema accepts optional lid from clients (0.604ms)
✔ createFormLeadSchema accepts Best Relocation UUID identity and sheet flags (0.4856ms)
✔ createFormLeadSchema rejects malformed lid values (0.6977ms)
✔ updateFormLeadSchema accepts duplicate for backfill and admin patches (0.3348ms)
✔ updateFormLeadSchema accepts and clears bad_lead reasons (0.7399ms)
✔ createFormLeadSchema accepts optional wordpress_submission_key (1.1021ms)
✔ createFormLeadSchema defaults post_to_granot to false when omitted (0.3534ms)
✔ createFormLeadSchema defaults an omitted or blank ref_no (0.6459ms)
✔ createFormLeadSchema accepts first and last name without name (0.3124ms)
✔ createFormLeadSchema rejects payloads without any name fields (0.5592ms)
✔ createFormLeadSchema accepts post_to_granot boolean false (0.3928ms)
✔ createFormLeadSchema accepts post_to_granot string false (0.3356ms)
✔ createFormLeadSchema accepts boolean sms_consent (0.3071ms)
✔ createFormLeadSchema coerces string sms_consent values (0.2361ms)
✔ createFormLeadSchema accepts typo emails as plain strings (0.1892ms)
✔ createCallLeadSchema does not accept server-owned flags from clients (0.4489ms)
✔ createCallLeadSchema accepts imported qualification flags (0.1908ms)
✔ createCallLeadSchema accepts optional first and last name (0.2936ms)
✔ createCallLeadSchema accepts Best Relocation Inbounds webhook payload (0.5012ms)
✔ bookedCallLeadReconciliationBatchSchema accepts Booked Jobs CRM rows (1.4364ms)
✔ CallLead model validates job_no-only identity (14.4008ms)
✔ CallLead model stores form_fill when computed by the service (2.1581ms)
✔ BookedLead model validates phone-only CallLead bookings without job_no (6.2386ms)
✔ BookedLead model validates leadless referral bookings (2.6325ms)
✔ BookedLead model validates leadless bookings without lead linkage (2.1098ms)
✔ BookedLead model still requires lead linkage for non-referral bookings (3.8263ms)
✔ FormLead model stores duplicate quarantine flag (3.7728ms)
✔ FormLead model stores bad_lead enum values (2.0018ms)
✔ FormLead model and update validation support lossless legacy bad-tab provenance (2.3362ms)
✔ FormLead model rejects unknown bad_lead values (2.5914ms)
✔ FormLead model defaults missing state fields to not_found (1.7293ms)
✔ CallLead model rejects identity-less documents (1.4939ms)
✔ FormLead model accepts receiver_agent provenance fields (1.5504ms)
✔ FormLead model rejects an unknown receiver_agent_source value (2.1844ms)
✔ CallLead model accepts receiver_agent provenance fields (2.7095ms)
✔ updateFormLeadSchema accepts receiver_agent linking fields (0.7013ms)
✔ updateCallLeadSchema accepts receiver_agent linking fields (2.3493ms)
✔ searchFormLeadsSchema accepts typo emails as plain strings (1.0371ms)
✔ searchFormLeadsSchema accepts include_duplicates to search quarantined leads (0.3729ms)
✔ resolveGranotFormLeadSchema keeps provider refs and requires a Granot source (0.8868ms)
✔ granotFormLeadSyncSchema separates the patch from its source precondition (4.4294ms)
✔ browseFormLeadsQuerySchema allows an empty query (view all) with defaults (1.0995ms)
✔ browseFormLeadsQuerySchema accepts a standalone source_company filter (0.308ms)
✔ browseFormLeadsQuerySchema coerces booked and limit query strings (0.346ms)
✔ browseFormLeadsQuerySchema rejects unknown keys (0.3003ms)
✔ browseCallLeadsQuerySchema accepts job_no and full-text q (1.1728ms)
✔ [AC-07] [AC-10] public/admin Form create and patch reject internal lifecycle metadata (6.7241ms)
✔ [AC-12] public/admin Call create and patch reject internal lifecycle metadata (5.328ms)
✔ create and update Form and Call schemas accept optional no_sync (1.8619ms)
✔ [AC-07] ordinary Form create still requires move_size; ordinary Call still requires phone or job_no (1.0683ms)
✔ create and update Cancellation schemas reject client-supplied correlation snapshots (11.0977ms)
✔ reconciliation list query accepts owner_booking origin (5.332ms)
✔ create-and-attach validates Form Lead fields for its selected model (8.2601ms)
✔ create-and-attach requires Phone or Job Number for a Call Lead (2.432ms)
✔ [AC-31] foundation activation input is strict and bounded (5.5288ms)
✔ [AC-37] requeue reason is strict 10-500 and rejects unknown keys (1.6647ms)
✔ [AC-35] portion lifecycle error envelopes stay raw-free (0.5903ms)
✔ [AC-34] extension apply item requires lowercase UUID v4 and raw statement scalars (4.7203ms)
✔ [AC-02] batch rejects duplicate operation IDs and more than 100 items (1.3778ms)
✔ [AC-23][AC-35][AC-36] discrepancy filters and Owner bodies are strict and revision guarded (6.2023ms)
✔ receipt search query is strict, normalizes identity, and implies booking_status_changed (5.5224ms)
✔ [AC-18] [AC-19] case list query is strict, bounded, and validates date order (3.9219ms)
✔ [AC-35] candidate and timeline queries reject unsafe cursor/contact shapes (2.0498ms)
✔ [AC-40] Lead timeline accepts only the exact model union and ObjectId (0.9712ms)
✔ [AC-22] confirm Booking input is strict and validates exact official cents (3.7984ms)
✔ Connect Booking to Lead input is strict and requires selected_lead (1.6716ms)
✔ Connect candidate query allows empty q and rejects unknown keys (0.908ms)
✔ [AC-28] Referral Booking input accepts only case revision and strict official details (1.7707ms)
✔ [AC-22] confirm Booking accepts one or two unique Agents and rejects a matching secondary (1.0516ms)
✔ [AC-24] update Booking is a strict complete replacement with both revisions (2.2926ms)
✔ [AC-20] Booking No Action reasons are independently optional and strict (1.2807ms)
✔ [AC-25] Confirm Cancellation accepts only strict official fields with exact date and cents (1.6682ms)
✔ lead message admin query applies bounded pagination (12.6568ms)
✔ manual retry requires explicit confirmation (1.3259ms)
✔ Simple CPL validation requires revisions and cents-precise nonnegative amounts (15.3262ms)
✔ Advanced CPL validation accepts only explicit discriminated commands (3.7684ms)
✔ Correction preview validates an inclusive ordered business-date window (2.9697ms)
✔ catalog update accepts Granot username correction with optional reason (7.7147ms)
✔ catalog update rejects reason-only payloads (2.2776ms)
✔ Source Company writes reject embedded granularities and compatibility defaults (5.4543ms)
✔ Source Granularity create requires a first-class company ObjectId (2.8321ms)
✔ Source Granularity update rejects immutable identity fields (2.3735ms)
✔ source activation and resolution preview parse contract fields (1.5058ms)
✔ createTariffAdjustmentsSchema accepts two shared-field service rows (7.0563ms)
✔ createTariffAdjustmentsSchema accepts a Linehaul-only payload (0.6088ms)
✔ createTariffAdjustmentsSchema accepts Linehaul plus an owner-written service (0.5162ms)
✔ createTariffAdjustmentsSchema accepts three matching rows (0.5689ms)
✔ createTariffAdjustmentsSchema allows omitted effective_date when all rows omit it (1.9659ms)
✔ createTariffAdjustmentsSchema rejects an empty rows array (2.0799ms)
✔ createTariffAdjustmentsSchema rejects more than 20 rows (1.7849ms)
✔ createTariffAdjustmentsSchema requires at least one Linehaul row (0.7089ms)
✔ createTariffAdjustmentsSchema requires shared fields to match (0.6174ms)
✔ createTariffAdjustmentsSchema rejects three rows with a mismatched pickup_zone (0.6446ms)
✔ createTariffAdjustmentsSchema requires a 5-digit ZIP and a carrier (1.1125ms)
✔ createTariffAdjustmentsSchema rejects a Service and Rule that are not a Drop Downs pair (0.5947ms)
✔ createTariffAdjustmentsSchema rejects customer and job identifiers (3.8541ms)
ℹ tests 2537
ℹ suites 13
ℹ pass 2423
ℹ fail 0
ℹ cancelled 0
ℹ skipped 114
ℹ todo 0
ℹ duration_ms 306326.3085
