
> vantage_movers_server@1.0.0 test C:\Users\Pinda\Proyectos\vantage\vantage-main-server
> node --import tsx --import ./scripts/test-setup.ts --test "src/**/*.test.ts" "api/queues/**/*.test.ts" "scripts/api/*.test.ts" "scripts/migrations/cancellation-correlation-snapshots.lib.test.ts" "scripts/migrations/wordpress-form-submission-receipts.lib.test.ts" "scripts/migrations/extension-user-roles-sales-backfill.lib.test.ts" "scripts/migrations/extension-user-roles-array.lib.test.ts" "scripts/migrations/form-lead-unknown-state-local.lib.test.ts" "scripts/prototypes/lead-conversion-and-granot-search/**/*.test.ts" "scripts/prototypes/job-number-timeline/**/*.test.ts"

✔ consumer accepts only { receipt_id } (51.857ms)
✔ vercel.json registers queue/v2beta topic granot-lifecycle-events* (19.2699ms)
✔ consumer accepts only { job_id } (36.6381ms)
✔ vercel.json registers queue/v2beta topic sales-intelligence-events* (1.3973ms)
✔ loadVantageApiConfig requires VANTAGE_API_SECRET (15.393ms)
✔ loadVantageApiConfig defaults to production and never echoes the secret (0.7747ms)
✔ production write guard (0.9489ms)
✔ buildVantageApiUrl joins path and query (0.9162ms)
✔ historical analysis stamps only surviving Booking job evidence (2.7424ms)
✔ historical analysis leaves missing Booking links as remainder (0.5238ms)
✔ historical analysis does not infer a job from a Booking without job fields (0.451ms)
✔ already-stamped historical rows are not remainder and are not reapplied (0.3506ms)
✔ inventory summary lists remainder ids only (1.9503ms)
✔ roles-array report maps leftover singular role per spec §3.3 (3.1831ms)
✔ already-has-roles rows do not bump token_version and will not apply (0.6091ms)
✔ roles-array summary counts convert versus already-has-roles (0.7768ms)
✔ sales backfill remaps the three production Employee emails and increments token_version (8.6081ms)
✔ sales backfill is a no-op when those emails are already Sales (0.6014ms)
✔ sales backfill leaves jbell, kylm, and ringram unchanged (0.5176ms)
✔ sales backfill summary counts remap versus leave-alone rows (0.4937ms)
✔ September 2026 window is the Florida-stamped calendar month (3.092ms)
✔ filter is Form Leads in the month with a not_found state (1.6778ms)
✔ classify marks long_distance unknown-state rows for update (0.5579ms)
✔ classify skips rows that are already local (0.2744ms)
✔ summary counts needs_update versus already_local (0.4104ms)
✔ unique idempotency index is named and unique (4.887ms)
✔ report-first index inventory names present vs missing (0.9258ms)
✔ CLI unknown flags fail closed (38.2201ms)
✔ CLI production gate (1.0249ms)
✔ CLI render requires --job-no (0.4851ms)
✔ CLI and load stay zero-mutation (3.6449ms)
✔ CLI render uses the production module (2.7284ms)
✔ Discover score (43.6286ms)
✔ activity grouping preserves every event id (57.3425ms)
✔ proof notes alias Job Numbers and pick required shapes (81.4079ms)
✔ collection count deltas stay empty when counts match (2.3379ms)
✔ percentile uses the ceiling rank (0.545ms)
✔ observation Job filter remaps equivalentNormalizedJobFilter onto identity.normalized_job_no (4.716ms)
✔ successful text is accepted, sent, or delivered (20.4118ms)
✔ conversion rate is zero when the cohort is empty (2.6375ms)
✔ two successful messages for one Lead count once (2.9362ms)
✔ SMS booked rate is booked among successfully texted Leads, not all Leads (1.8054ms)
✔ receiver-agent booked and cancelled both use received Leads as the denominator (1.0319ms)
✔ blank Job Number is rejected before any search (6.0204ms)
✔ Booked / Releas without booking_status_changed is rejected (1.8692ms)
✔ equivalent Job Numbers resolve to the same hit set (30.5013ms)
✔ event class keeps route_event_class, not payload event_type aliases (0.9309ms)
✔ booking_status_changed Booked and Releas are two granularities (1.3516ms)
✔ Priority 5 is not Booked (0.7364ms)
✔ latest Decision attempt only, and commands attach by observation provenance (77.7778ms)
✔ a command on another Job does not leak into this Job's timeline seed (1.1888ms)
✔ matching roles set authenticates even when order differs (1.6245ms)
✔ set mismatch, missing roles, missing version, email drift, inactive, and deleted fail (0.4456ms)
✔ leftover employee stored role matches Sales plus Customer Service claims (0.3476ms)
✔ refresh rejects a stale token_version (0.9643ms)
✔ issueTokens writes roles and token_version onto the access token (9.6585ms)
✔ PublicExtensionUser is id, email, and roles (0.6027ms)
✔ getExtensionUserFromAccessToken uses the matcher through an injected lookup (3.47ms)
✔ access token includes roles and token_version (28.4426ms)
✔ singular role tokens and missing claims fail access verify (3.9894ms)
✔ isAccessTokenPayload requires current roles and numeric token_version (0.335ms)
✔ refresh token still signs and verifies sub plus token_version (1.6477ms)
✔ hasExtensionRole Owner checks pass for Owner unions and fail for Sales plus Customer Service (0.3691ms)
✔ lead sheet headers include booked date on Forms and Calls tabs (9.5927ms)
✔ call sheet headers omit owner-hidden descriptive and location columns (6.5265ms)
✔ lead sheet configuration includes duplicate and form fill surfaces (1.469ms)
✔ source label mapping accepts Granot compact BestRelocation labels (0.5932ms)
✔ top10_leads sheet label is Top 10 Forms while legacy labels still resolve (0.6068ms)
✔ 10 Best inbound labels resolve to tbm_leads (0.4943ms)
✔ GetMovers labels resolve to get_movers_leads (0.5072ms)
✔ Paid Overflow labels resolve to paid_overflow (0.3092ms)
✔ lead sheet source company labels are precise by lead type (0.4997ms)
✔ getBookingReconciliationConfig defaults rematch reasons to matching_unavailable and no_match (10.3288ms)
✔ parseBookingReconciliationReasons rejects unknown values (2.3452ms)
✔ getBookingReconciliationConfig reads configured delays and limits (1.0509ms)
{"level":"info","time":"2026-09-19T03:00:09.705Z","service":"vantage-main-server","env":"development","msg":"operations_registry.compatibility_read","observability_level":"info","category":"admin","workflow":"operations_registry"}
{"level":"info","time":"2026-09-19T03:00:29.784Z","service":"vantage-main-server","env":"development","msg":"operations_registry.compatibility_read","observability_level":"info","category":"admin","workflow":"operations_registry"}
{"level":"info","time":"2026-09-19T03:00:49.896Z","service":"vantage-main-server","env":"development","msg":"operations_registry.compatibility_read","observability_level":"info","category":"admin","workflow":"operations_registry"}
{"level":"info","time":"2026-09-19T03:01:09.995Z","service":"vantage-main-server","env":"development","msg":"operations_registry.compatibility_read","observability_level":"info","category":"admin","workflow":"operations_registry"}
✔ simple-rate sources return their configured CPL for both form and call leads (80928.814ms)
{"level":"info","time":"2026-09-19T03:01:30.498Z","service":"vantage-main-server","env":"development","msg":"operations_registry.compatibility_read","observability_level":"info","category":"admin","workflow":"operations_registry"}
{"level":"info","time":"2026-09-19T03:01:50.706Z","service":"vantage-main-server","env":"development","msg":"operations_registry.compatibility_read","observability_level":"info","category":"admin","workflow":"operations_registry"}
{"level":"info","time":"2026-09-19T03:02:10.796Z","service":"vantage-main-server","env":"development","msg":"operations_registry.compatibility_read","observability_level":"info","category":"admin","workflow":"operations_registry"}
{"level":"info","time":"2026-09-19T03:02:30.883Z","service":"vantage-main-server","env":"development","msg":"operations_registry.compatibility_read","observability_level":"info","category":"admin","workflow":"operations_registry"}
{"level":"info","time":"2026-09-19T03:02:50.971Z","service":"vantage-main-server","env":"development","msg":"operations_registry.compatibility_read","observability_level":"info","category":"admin","workflow":"operations_registry"}
✔ best_relocation_leads splits form CPL by local vs long_distance but not call CPL (100645.3373ms)
✔ not_provided always reports CPL 0 without querying CplRate (30144.4328ms)
{"level":"info","time":"2026-09-19T03:03:41.270Z","service":"vantage-main-server","env":"development","msg":"operations_registry.compatibility_read","observability_level":"info","category":"admin","workflow":"operations_registry"}
{"level":"info","time":"2026-09-19T03:04:01.290Z","service":"vantage-main-server","env":"development","msg":"operations_registry.compatibility_read","observability_level":"info","category":"admin","workflow":"operations_registry"}
{"level":"info","time":"2026-09-19T03:04:21.314Z","service":"vantage-main-server","env":"development","msg":"operations_registry.compatibility_read","observability_level":"info","category":"admin","workflow":"operations_registry"}
✔ legacy source labels are normalized before CPL lookup (60142.3269ms)
{"level":"info","time":"2026-09-19T03:04:41.330Z","service":"vantage-main-server","env":"development","msg":"operations_registry.compatibility_read","observability_level":"info","category":"admin","workflow":"operations_registry"}
{"level":"info","time":"2026-09-19T03:04:51.365Z","service":"vantage-main-server","env":"development","msg":"operations_registry.compatibility_read","observability_level":"info","category":"admin","workflow":"operations_registry"}
✔ falls back to canonical defaults when Mongo is unreachable (20063.3248ms)
✔ missing Redis URL or token returns a null client (2.8806ms)
✔ UPSTASH_* names construct a client and KV_* aliases do too (4.7126ms)
✔ read-only token, KV_URL, and REDIS_URL are not used for the client (0.7142ms)
✔ test runner never publishes Daily Operations Redis writes (0.8088ms)
✔ TEST_MODE also keeps Daily Operations Redis publish off (1.2545ms)
✔ missing credentials keep publish off even outside the TEST_MODE flag (0.6297ms)
✔ Redis stream key uses VERCEL_ENV production or preview, otherwise local (1.2633ms)
✔ collection names use the test prefix in the test runner (1.9901ms)
✔ parseEmployeeBookingAutoMatchRules preserves Exact Job Booking Attach order (3.2108ms)
✔ parseEmployeeBookingAutoMatchRules accepts none (0.6654ms)
✔ parseEmployeeBookingAutoMatchRules rejects duplicates (1.3279ms)
✔ parseEmployeeBookingAutoMatchRules rejects retired phone, LID, and email rules (0.9492ms)
✔ getEmployeeBookingMatchingConfig defaults to Exact Job Booking Attach (2.3736ms)
✔ getEmployeeBookingMatchingConfig reads env values (0.8061ms)
✔ snapshotEmployeeBookingAutoMatchPolicy uses parsed config, not a raw env string (0.6079ms)
✔ Google service account env var name constants match the production / test names (3.8124ms)
✔ Google service account env var selectors swap to the *_TEST_* names in test mode (2.1396ms)
✔ completion redirect must match configured trusted admin origin (4.4378ms)
✔ localhost completion redirect is rejected in production (0.6655ms)
✔ production detection follows NODE_ENV and VERCEL_ENV (0.7864ms)
✔ owner email allowlist keeps the primary identity and unions extras (3.0262ms)
✔ owner email allowlist rejects blank or duplicate extras (0.5956ms)
✔ [AC-31] foundation execution mode is historical without activation and permanent before cutoff (2.044ms)
✔ [AC-31] foundation channel never changes execution mode (0.4562ms)
✔ lifecycle flags default to processing true, shadow true, and all effects false (1.7883ms)
✔ malformed lifecycle flag values fail closed (0.9459ms)
✔ blank Granot webhook secret is treated as missing configuration (5.4526ms)
✔ lifecycle queue topic is environment scoped (1.1416ms)
✔ lifecycle queue publishing stays off in the test runner and unapproved environments (0.993ms)
✔ lead messaging mode defaults invalid and missing values to disabled (3.0634ms)
✔ lead messaging credentials use only definite environment variables (2.6965ms)
✔ lead messaging queue topic is environment scoped and test-safe (1.4427ms)
✔ Granot create-if-missing SMS stays off unless the env flag is an explicit boolean true (3.5968ms)
✔ quiet-hours scheduling is off unless the env flag is exactly true (20.0332ms)
✔ lead messaging abuse guards have safe defaults and env overrides (3.1835ms)
✔ a successful confirmation text is accepted, sent, or delivered (18.7325ms)
✔ observability is disabled inside the test runner even with opt-in flags (3.0686ms)
✔ node test runner disables observability writes even when explicitly allowed (0.7934ms)
✔ bootstrap test runner marker survives env cleanup (0.9391ms)
✔ ALLOW_TEST_OBSERVABILITY is ignored on Vercel runtimes (0.9455ms)
✔ zip-state and auth capture flags are off while observability is disabled (0.9242ms)
✔ node test runner always forces test observability collections (3.7366ms)
✔ write mode parses values while test runner still blocks collection writes (3.148ms)
✔ collection names follow runtime TEST_MODE by default (1.348ms)
✔ collection mode production/test override TEST_MODE (39.0394ms)
✔ collection prefix is applied to default names (1.5986ms)
✔ custom collection mode cannot override forced test collections in the test runner (3.2488ms)
✔ event min level and info capture gate persistence (2.7046ms)
✔ owner-visible info events can bypass general info suppression (34.6775ms)
✔ email mode defaults to log_only and immediate levels default to critical (1.1305ms)
✔ owner events parse from csv (0.6341ms)
✔ config validation keeps test collections under custom mode in the test runner (0.7645ms)
✔ Google reporting delivery kill switch is fail-closed (1.7635ms)
✔ Google reporting delivery kill switch accepts only explicit true (0.5083ms)
✔ isTestMode is true only for the literal string 'true' after trim/lowercasing (2.4524ms)
✔ shouldWriteSourceLeadSheets is false by default and only true for the literal 'true' (0.9344ms)
✔ getMongoDatabaseName swaps between the prod and test databases on TEST_MODE (0.7365ms)
✔ getRuntimeSheetContainerEnvVar prefixes TEST_ in test mode and is identity otherwise (0.6396ms)
✔ getRequiredEnv throws when the env var is missing or blank, with the var name in the message (1.3219ms)
✔ sheet container id helpers route through the TEST_-prefixed env var in test mode (1.0246ms)
✔ getSourceLeadSheetContainerId returns undefined for not_provided (no source sheet env var) (0.2322ms)
✔ getSourceLeadSheetContainerId returns undefined for paid_overflow (Master Sheets only) (0.2244ms)
✔ getSheetSyncMode defaults to legacy and parses known values (3.7843ms)
✔ queue topic is env-scoped and overridable (1.1892ms)
✔ budgets default below documented Google limits and parse overrides (1.2399ms)
✔ drain guardrails default to fast queue draining and parse overrides (0.8934ms)
✔ shouldPublishSheetSyncQueue stays off outside production Vercel (28.9049ms)
✔ isVercelFunctionRuntimeEnv requires hosted runtime markers (1.0169ms)
✔ shouldPublishSheetSyncQueue is always off during the test runner (0.6891ms)
✔ shouldPublishSheetSyncQueue keeps test runner guard after env cleanup (0.5327ms)
✔ coalescing keys follow the design doc shape (0.6854ms)
✔ delete resources supersede their matching upsert keys (0.5625ms)
✔ priority ordering: deletes > booking > cancellation > create > update (22.5499ms)
✔ maps Initial Price cubic feet onto the Drop Downs Linehaul ranges (1.6074ms)
✔ treats Binding Estimate Fee as automatic, not an owner dropdown (0.479ms)
✔ rules for a Service stay inside that Service (2.344ms)
{"level":"info","time":"2026-09-19T02:59:21.415Z","service":"vantage-main-server","env":"development","msg":"logger.test.circular","data":{"name":"ring","self":"[Circular]"}}
✔ logger does not throw when an object passed to info() contains a circular reference (4.5219ms)
✔ logger does not throw when an object passed to info() contains BigInt values (0.5158ms)
✔ logger does not throw when err key is a non-Error value (0.6359ms)
✔ logger does not throw when given undefined or null payloads (0.3449ms)
✔ logger exposes the pino API the codebase relies on (0.401ms)
{"level":"info","time":"2026-09-19T02:59:21.419Z","service":"vantage-main-server","env":"development","msg":"logger.test.bigint","pos":1234567890123456789,"neg":-9876543210123456789}
{"level":"error","time":"2026-09-19T02:59:21.420Z","service":"vantage-main-server","env":"development","err":"plain string error","msg":"logger.test.string_err"}
{"level":"error","time":"2026-09-19T02:59:21.420Z","service":"vantage-main-server","env":"development","err":{"code":"E_BAD","details":{"a":1}},"msg":"logger.test.object_err"}
{"level":"error","time":"2026-09-19T02:59:21.420Z","service":"vantage-main-server","env":"development","err":null,"msg":"logger.test.null_err"}
{"level":"error","time":"2026-09-19T02:59:21.420Z","service":"vantage-main-server","env":"development","msg":"logger.test.undefined_err"}
{"level":"info","time":"2026-09-19T02:59:21.421Z","service":"vantage-main-server","env":"development","msg":"plain string message"}
{"level":"info","time":"2026-09-19T02:59:21.421Z","service":"vantage-main-server","env":"development","msg":"logger.test.empty"}
{"level":"warn","time":"2026-09-19T02:59:21.421Z","service":"vantage-main-server","env":"development","msg":"logger.test.warn_no_data"}
✔ requireApiSecret accepts the global API secret on any v1 route (8.842ms)
✔ requireApiSecret accepts a source-scoped key for its configured route (51.0591ms)
✔ requireApiSecret accepts a source-scoped key for configured call lead route (2.0036ms)
✔ requireApiSecret rejects a scoped key on a different route (51.3702ms)
✔ requireApiSecret rejects a scoped key for a different source company (1.5847ms)
✔ requireApiSecret rejects Sales plus Customer Service Bearer on form-lead data routes (4.0846ms)
✔ requireApiSecret allows Sales plus Customer Service Bearer on Tariff Adjustment Submit (2.6714ms)
✔ requireApiSecret rejects Sales-only Bearer on tariff, form-lead, and Enrichment apply routes (4.4719ms)
✔ requireApiSecret allows Customer Service Bearer on Tariff Adjustment Submit (1.4287ms)
✔ requireApiSecret rejects Customer Service Bearer on form-lead data routes (0.7438ms)
✔ requireApiSecret allows Owner Bearer on Tariff Adjustment Submit (0.4716ms)
✔ requireApiSecret rejects unknown secrets (1.0507ms)
✔ [AC-01] both valid secrets store header_secret and still validate the body (12.7796ms)
✔ [AC-01] one valid form authenticates; missing, wrong, nonscalar, and mismatched dual secrets do not (0.9152ms)
✔ [AC-01][AC-35] middleware deletes the body credential before 500, 401, and success (2.7487ms)
✔ [AC-01] nonscalar header or body forms are unauthorized and still strip the body key (2.3356ms)
✔ [AC-01][AC-35] delete helper removes the body credential without exposing it (2.3267ms)
✔ [AC-08][AC-12] CallLead defaults quoted/post_to_granot false and has exact provenance paths (111.7843ms)
✔ [AC-12] Call quoted and ingested snapshot/origin are immutable after insert (276.9595ms)
✔ [AC-12] new Call rows reject legacy_unknown and malformed provenance (28.0285ms)
✔ [AC-12] CallLead receiver-agent enum gains granot_username_match (0.5276ms)
✔ [AC-07] CallLead declares the three exact S08 indexes and no unique Lead Job index (3.9236ms)
✔ [AC-14] RingCentral original caller evidence is required and immutable (45.228ms)
✔ CancelledLead persists the four correlation snapshot fields (24.677ms)
✔ CancelledLead correlation snapshots are immutable after insert (11.7639ms)
✔ CancelledLead snapshot index is named and not auto-unique (1.775ms)
✔ [AC-21] command execution model keeps unique origin/idempotency and command_id indexes (4.4083ms)
✔ [AC-32] origin enum accepts the four command origins and nested applied result (4.1289ms)
✔ [AC-21] legacy top-level refs/warnings derive the stored applied result without rewrite (0.8115ms)
✔ [AC-32] EntityChange model uses the named collection and four exact indexes (59.4611ms)
✔ [AC-32] EntityChange requires adjacent nonnegative revisions and matching changed_paths (285.607ms)
✔ [AC-32] contact/address and delete fields are reference_only with no raw values (21.1848ms)
✔ [AC-32] EntityChange serialization omits payload, headers, secrets, and unmasked contact (31.3282ms)
✔ [AC-32] EntityChange save and query hooks reject post-insert mutation (12.3655ms)
✔ [AC-10] [AC-11] FormLead declares exact origin, snapshot, job, and provenance paths (63.4695ms)
✔ [AC-03] Form Job Number is distinct from Tracking Reference ref_no (5.1898ms)
✔ [AC-10] ingested Form snapshots and origin are immutable after insert (12.3802ms)
✔ [AC-10] new Form rows cannot use legacy_unknown or legacy_baseline (4.9954ms)
✔ [AC-07][AC-08] trusted Form may omit move size/date without inventing facts (60.93ms)
✔ [AC-12] FormLead receiver-agent enum gains granot_username_match and keeps compatibility (0.2999ms)
✔ [AC-07] FormLead declares the four exact S08 indexes and no unique Lead Job index (63.7881ms)
✔ [AC-38] GranotAutomationSource declares an optional CRM reference and non-unique lookup index (3.2312ms)
▶ GranotBookingDiscrepancy
  ✔ [AC-26][AC-35][AC-36] fixes Booking reasons and exact partial indexes (4.0489ms)
  ✔ [AC-26][AC-36] rejects Release reasons and unsafe resolved/evidence mutation (31.7821ms)
✔ GranotBookingDiscrepancy (39.2797ms)
▶ GranotBookingReconciliationCase model
  ✔ [AC-20] declares the exact six named indexes and open partial uniqueness (5.3825ms)
  ✔ [AC-18] validates exact defaults, enums, evidence shape, and bounded context (98.1262ms)
  ✔ [AC-20] rejects mutation of existing evidence IDs and every resolved-row write (26.5528ms)
✔ GranotBookingReconciliationCase model (133.124ms)
✔ GranotCrmSource keeps the operational CSV collection and model name (7.17ms)
✔ legacy and new rows default to disabled deferred observation-only policy (31.0413ms)
✔ declares the three named lifecycle indexes without removing CSV uniqueness (1.8957ms)
✔ normalized labels use NFKC, trim, collapse, lowercase, and reject empty/control/bidi (0.8332ms)
✔ model writes reject illegal Call/Form/mixed/ambiguous routes (39.4788ms)
✔ referral_booking and deferred reject Lead routes and non-observation policies (9.673ms)
✔ enabled source_scoped_lead requires active same-company matching-channel refs and policy version (1.4356ms)
✔ disabled rows may keep reviewed policy but still reject structurally illegal routes (0.635ms)
✔ client-supplied normalized labels that disagree with the server fail closed (21.2486ms)
✔ [AC-31] Activation model is write-once with a unique key index (7.9016ms)
✔ [AC-31] Activation rejects unknown keys and post-insert mutation (92.9662ms)
✔ [AC-05] Observation model uses the named collection and mongoose name (4.9545ms)
✔ [AC-05][AC-06][AC-25][AC-29] declares exactly six named indexes and unique receipt_id only (2.7495ms)
✔ [AC-05][AC-06][AC-25] frozen Observation enums are not widened (8.7748ms)
✔ [AC-05] Observation documents reject unknown kinds, results, and issue codes (132.1051ms)
✔ [AC-05] Observation documents omit processing, target, policy, and effect fields (6.7888ms)
✔ [AC-05] model save and query hooks reject post-insert Observation mutation (26.0263ms)
✔ [AC-02] receipt keeps the physical collection and mongoose model name (4.163ms)
✔ [AC-02] declares only the five named Section 9.1 indexes (2.6635ms)
✔ [AC-02] unique operation-id index is partial and payload hash index is never unique (1.2531ms)
✔ [AC-02] webhook receipts require route_event_class and forbid channel_operation_kind (74.3034ms)
✔ [AC-02] extension and automation receipts require operation kind and operation id (36.2892ms)
✔ [AC-02] operation-id validation rejects empty, overlong, control, bidi, and wrong-channel shapes (14.2733ms)
✔ [AC-02] last_error.message is capped at 500 characters (6.6134ms)
✔ [AC-02] legacy capture-shaped create is rejected after compatibility retirement (4.1291ms)
✔ [AC-02] model save rejects post-insert evidence mutation (108.9158ms)
✔ [AC-02] query updates reject non-processing operators and evidence paths (2.4513ms)
✔ [AC-02] replace and delete query hooks reject evidence mutation (11.3427ms)
✔ [AC-32] Record Link model declares the three named indexes including partial unique job (9.9554ms)
✔ [AC-32] Record Link establishment defaults and snapshot normalize back to the Job Number (68.3426ms)
✔ [AC-23][AC-32] disputed active links remain lookup-visible and correction supersession is narrowly allowlisted (2.0721ms)
✔ [AC-32] Record Link query hooks reject replace and delete (30.5866ms)
▶ GranotReleaseDiscrepancy
  ✔ [AC-27][AC-35][AC-36] fixes Release reasons and separate indexes (2.9059ms)
  ✔ [AC-27][AC-36] accepts only Release reason rows (118.267ms)
✔ GranotReleaseDiscrepancy (123.8672ms)
▶ GranotReleaseReconciliationCase model
  ✔ [AC-25][AC-36] requires deterministic Booking identity and declares the five Release indexes (249.5812ms)
  ✔ [AC-35][AC-36] strips forbidden transport fields and enforces revisions plus immutable guards (53.8974ms)
✔ GranotReleaseReconciliationCase model (305.4855ms)
✔ LeadConversation unique recording index is the only unique index (4.8987ms)
✔ LeadConversation schema declares the seven contract indexes (1.4975ms)
✔ LeadConversation validates a complete seeded conversation (62.3482ms)
✔ LeadConversation rejects an invented match method (25.2984ms)
✔ LeadMessage validates normalized FormLead relationship and message snapshot (274.4942ms)
✔ LeadMessage unique SID index excludes unsent documents (1.1526ms)
✔ LeadMessage rejects unsupported lifecycle states (5.5504ms)
✔ LeadMessageRateLimit validates atomic reservation buckets (16.369ms)
✔ RingCentral assignments enforce one active assignment per route with a supported partial index (4.099ms)
✔ [AC-02] Decision model uses the named collection and four named indexes (13.1381ms)
✔ [AC-02] Decision defaults empty arrays and rejects invented outcomes (137.5763ms)
✔ [AC-02] Decision documents omit copied contact and payload fields (2.9889ms)
✔ [AC-28] Referral Decision preserves exact reviewed source policy without a Lead Source Scope (23.6816ms)
✔ [AC-02] Decision save and query hooks reject post-insert mutation (15.5104ms)
✔ [AC-21] all four aggregates default to nonnegative integer domain_revision 0 (48.6834ms)
✔ [AC-21] invalid revisions and one-sided last-change metadata fail validation (79.2888ms)
✔ [AC-21] __v is not the lifecycle revision contract (7.9897ms)
✔ [AC-32] genuinely new aggregates receive a server history boundary and ignore client supply (2.2194ms)
✔ [AC-32] change_history_started_at is write-once outside the migration seam (14.7348ms)
✔ [AC-32] existing public/admin DTOs cannot set lifecycle revision metadata (43.6962ms)
✔ [AC-21] Booking unique normalized-Job index is named and is not a unique Lead Job index (12.1189ms)
✔ [AC-32] historical schemas remain readable and do not gain revision fields (1.0298ms)
✔ booking reconciliation cron requires CRON_SECRET (235.903ms)
✔ booking reconciliation cron rejects wrong secret (29.7695ms)
✔ Owner can read the conversation list without transcript text (213.7672ms)
✔ by-lead list does not include transcript or summary text (34.4563ms)
✔ Owner detail includes the redacted transcript (51.6687ms)
✔ audio-url writes an audit row and is Owner-only (13.8229ms)
✔ CPL correction drain requires configured cron authentication (152.661ms)
✔ CPL correction drain rejects an invalid cron secret (14.0192ms)
✔ Owner snapshot includes yesterday_by_now, company zeros, and wordpress_form (303.7484ms)
✔ Admin without Owner is 403 on every Daily Operations method (238.7479ms)
✔ missing API secret is 401 (8.909ms)
✔ events page is newest-first and forwards cursor, lane, and limit (33.8037ms)
✔ Owner live SSE emits snapshot then Redis event; lane query is ignored (52.3473ms)
✔ Owner live SSE with Last-Event-ID skips snapshot (17.2489ms)
✔ Owner rebuild returns counters-replaced, events not deleted (51.5825ms)
✔ close cron rejects missing secret header and missing CRON_SECRET (128.0811ms)
✔ [AC-33] Form and Call apply routes remain registered on the v1 surface (7.367ms)
✔ [AC-33] Owner Form apply captures a statement and never a quoted patch (163.6901ms)
✔ [AC-35] Admin, secret, and unauthenticated apply create no receipt (187.564ms)
✔ [AC-02] strict Zod rejects unknown outer keys, invalid IDs, and booking action on snapshot apply (77.952ms)
✔ [AC-33] Call enrichment accepts a bounded batch in input order and rejects duplicate operation IDs (36.182ms)
✔ [AC-33] booked reconciliation permits only booking_action_apply (20.0739ms)
✔ [AC-33] no extension apply path imports or invokes the legacy patch services (0.8186ms)
✔ [AC-35] validation errors omit raw statement values (10.7717ms)
✔ Owner can list Extension Users (603.4451ms)
✔ Admin cannot list, create, PATCH, or DELETE Extension Users (339.7123ms)
✔ Owner can create an Extension User with roles (43.0443ms)
✔ Owner cannot create an Extension User with empty roles or leftover employee (127.3237ms)
✔ create rejects an invalid payload and a duplicate email (72.8714ms)
✔ Owner can PATCH and DELETE an Extension User (50.3256ms)
✔ PATCH treats an empty password as omitted and requires another field (55.019ms)
✔ unknown Extension User id is 404 and invalid ObjectId is 400 (95.9545ms)
✔ Granot automation exposes the durable admin run contract (5.13ms)
✔ Granot run schema carries immutable plan and durable control fields (25.2239ms)
✔ Granot source catalog persists exact labels and ships all requested defaults (3.2714ms)
✔ Granot source schema requires one or two unique supported workflows (10.307ms)
✔ [AC-35] run details project lifecycle receipt IDs without raw statements or payloads (35.9677ms)
✔ Granot queue contention defers to a durable continuation (5.6689ms)
✔ [AC-38] Granot CRM source update accepts create_if_missing and rejects client normalized labels (9.4958ms)
✔ [AC-38] Granot CRM source mutations require a 10-1000 character reason (1.7975ms)
✔ [AC-38] Registry projections and update schemas omit payload and contact fields (0.5795ms)
✔ Owner Granot create schema accepts one_feed intent and rejects unknown keys (3.4473ms)
✔ Owner Granot create schema rejects a short reason and raw lifecycle fields (1.2249ms)
✔ outbound SMS Owner schema no longer accepts daily_cap (2.0772ms)
✔ [AC-37] Owner requeue route returns 200 {ok:true,data} (365.6245ms)
✔ [AC-37] Admin without Owner cannot requeue (20.467ms)
✔ [AC-37] invalid requeue body is GRANOT_VALIDATION_FAILED (13.2102ms)
✔ [AC-18] [AC-19] read list applies the exact default queue for Owner/Admin (70.5744ms)
✔ [AC-25][AC-35] read list forwards the explicit Release discriminants (15.3591ms)
✔ [AC-35] unsigned lifecycle reads are denied before projection (38.3359ms)
✔ [AC-35] strict case filters reject unknown keys with a safe 400 (47.4478ms)
✔ [AC-35] [AC-39] case detail has safe 404 and exact read envelope (38.1346ms)
✔ creating observation is Owner-only and returns the Booked statement for a booking case (105.8138ms)
✔ creating observation returns the Release statement for a cancellation intake (5.6426ms)
✔ [AC-35] candidate browser is Owner-only for source and all scope and performs a read (22.3444ms)
✔ [AC-40] Lead timeline validates model/ID and preserves generic missing Lead envelope (68.7115ms)
✔ [AC-20] Job timeline is readable by Admin and strictly bounds pagination (27.5665ms)
✔ [AC-35][AC-36] discrepancy list/detail are signed reads with strict filters (59.3981ms)
{"level":"info","time":"2026-09-19T03:00:07.245Z","service":"vantage-main-server","env":"development","msg":"granot_lifecycle.owner_command.applied","observability_level":"info","category":"admin","workflow":"granot_lifecycle"}
{"level":"info","time":"2026-09-19T03:00:07.300Z","service":"vantage-main-server","env":"development","msg":"granot_lifecycle.owner_command.applied","observability_level":"info","category":"admin","workflow":"granot_lifecycle"}
{"level":"info","time":"2026-09-19T03:00:07.303Z","service":"vantage-main-server","env":"development","msg":"granot_lifecycle.booking_discrepancy.resolved","observability_level":"info","category":"admin","workflow":"granot_lifecycle"}
{"level":"info","time":"2026-09-19T03:00:07.350Z","service":"vantage-main-server","env":"development","msg":"granot_lifecycle.owner_command.applied","observability_level":"info","category":"admin","workflow":"granot_lifecycle"}
{"level":"info","time":"2026-09-19T03:00:07.351Z","service":"vantage-main-server","env":"development","msg":"granot_lifecycle.booking_discrepancy.resolved","observability_level":"info","category":"admin","workflow":"granot_lifecycle"}
✔ [AC-23][AC-36] discrepancy commands are Owner-only, strict, and route-own identity (144.9878ms)
{"level":"info","time":"2026-09-19T03:00:07.367Z","service":"vantage-main-server","env":"development","msg":"granot_lifecycle.owner_command.applied","observability_level":"info","category":"admin","workflow":"granot_lifecycle"}
{"level":"info","time":"2026-09-19T03:00:07.379Z","service":"vantage-main-server","env":"development","msg":"granot_lifecycle.booking_case.resolved","observability_level":"info","category":"admin","workflow":"granot_lifecycle"}
✔ [AC-21] [AC-22] Owner confirm route requires one idempotency header and returns 201 (46.5387ms)
✔ [AC-22] Admin cannot invoke confirm Booking (7.2759ms)
{"level":"info","time":"2026-09-19T03:00:07.441Z","service":"vantage-main-server","env":"development","msg":"granot_lifecycle.owner_command.applied","observability_level":"info","category":"admin","workflow":"granot_lifecycle"}
{"level":"info","time":"2026-09-19T03:00:07.459Z","service":"vantage-main-server","env":"development","msg":"granot_lifecycle.booking_case.resolved","observability_level":"info","category":"admin","workflow":"granot_lifecycle"}
✔ [AC-21] [AC-24] Owner update route is strict, idempotent-envelope only, and returns 200 (52.8179ms)
{"level":"info","time":"2026-09-19T03:00:07.502Z","service":"vantage-main-server","env":"development","msg":"granot_lifecycle.owner_command.applied","observability_level":"info","category":"admin","workflow":"granot_lifecycle"}
{"level":"info","time":"2026-09-19T03:00:07.503Z","service":"vantage-main-server","env":"development","msg":"granot_lifecycle.booking_case.resolved","observability_level":"info","category":"admin","workflow":"granot_lifecycle"}
✔ [AC-28] Owner Referral create route accepts only revision plus official fields (59.8814ms)
{"level":"info","time":"2026-09-19T03:00:07.552Z","service":"vantage-main-server","env":"development","msg":"granot_lifecycle.owner_command.applied","observability_level":"info","category":"admin","workflow":"granot_lifecycle"}
{"level":"info","time":"2026-09-19T03:00:07.553Z","service":"vantage-main-server","env":"development","msg":"granot_lifecycle.booking_case.resolved","observability_level":"info","category":"admin","workflow":"granot_lifecycle"}
✔ [AC-20] [AC-32] Owner No Action accepts optional reason metadata and Admin is denied (70.0602ms)
{"level":"info","time":"2026-09-19T03:00:07.607Z","service":"vantage-main-server","env":"development","msg":"granot_lifecycle.owner_command.applied","observability_level":"info","category":"admin","workflow":"granot_lifecycle"}
{"level":"info","time":"2026-09-19T03:00:07.608Z","service":"vantage-main-server","env":"development","msg":"granot_lifecycle.booking_case.resolved","observability_level":"info","category":"admin","workflow":"granot_lifecycle"}
{"level":"warn","time":"2026-09-19T03:00:07.636Z","service":"vantage-main-server","env":"development","msg":"granot_lifecycle.owner_command.conflict","observability_level":"warn","category":"admin","workflow":"granot_lifecycle"}
{"level":"warn","time":"2026-09-19T03:00:07.661Z","service":"vantage-main-server","env":"development","msg":"granot_lifecycle.owner_command.conflict","observability_level":"warn","category":"admin","workflow":"granot_lifecycle"}
✔ [AC-R9] Owner booking-case confirm-cancellation succeeds and rejects create-missing posture (100.2652ms)
{"level":"info","time":"2026-09-19T03:00:07.704Z","service":"vantage-main-server","env":"development","msg":"granot_lifecycle.owner_command.applied","observability_level":"info","category":"admin","workflow":"granot_lifecycle"}
{"level":"info","time":"2026-09-19T03:00:07.715Z","service":"vantage-main-server","env":"development","msg":"granot_lifecycle.release_case.resolved","observability_level":"info","category":"admin","workflow":"granot_lifecycle"}
{"level":"info","time":"2026-09-19T03:00:07.725Z","service":"vantage-main-server","env":"development","msg":"granot_lifecycle.owner_command.applied","observability_level":"info","category":"admin","workflow":"granot_lifecycle"}
{"level":"info","time":"2026-09-19T03:00:07.726Z","service":"vantage-main-server","env":"development","msg":"granot_lifecycle.release_case.resolved","observability_level":"info","category":"admin","workflow":"granot_lifecycle"}
{"level":"info","time":"2026-09-19T03:00:07.733Z","service":"vantage-main-server","env":"development","msg":"granot_lifecycle.owner_command.applied","observability_level":"info","category":"admin","workflow":"granot_lifecycle"}
{"level":"info","time":"2026-09-19T03:00:07.733Z","service":"vantage-main-server","env":"development","msg":"granot_lifecycle.release_case.resolved","observability_level":"info","category":"admin","workflow":"granot_lifecycle"}
✔ [AC-25] [AC-32] Release Owner routes are strict, idempotent, and use exact statuses (66.6426ms)
✔ Owner can search webhook receipts; Admin cannot; unsigned is denied (52.5416ms)
✔ receipt search booking_action=release with lead_created is 400; booking_action alone implies booking_status_changed (23.4487ms)
✔ Owner can open the live webhook SSE stream; Admin cannot (34.6092ms)
✔ [AC-31][AC-35] Owner and Admin can read the health envelope without raw payload keys (39.0507ms)
✔ returns 500 when CRON_SECRET is not configured (275.5653ms)
✔ returns 401 when the secret does not match (12.3547ms)
{"level":"info","time":"2026-09-19T03:00:06.966Z","service":"vantage-main-server","env":"development","msg":"granot_lifecycle.cron.run.completed","trigger":"cron","skipped":false,"scanned":1,"claimed":1,"completed":1,"retried":0,"dead_lettered":0,"recovered":0,"lease_lost":0}
{"level":"info","time":"2026-09-19T03:00:06.968Z","service":"vantage-main-server","env":"development","msg":"granot_lifecycle.cron.run.completed","observability_level":"info","category":"cron","workflow":"granot_lifecycle"}
✔ processing-enabled cron returns a bounded summary and no payload values (46.8575ms)
✔ vercel.json registers the five-minute lifecycle drain cron (2.468ms)
✔ [AC-01] missing configuration returns 500 and reaches neither capture nor publisher (1006.9026ms)
✔ [AC-01] missing, wrong, nonscalar, and mismatched dual secrets return exact 401 and create no receipt (156.36ms)
✔ [AC-01][AC-35] JSON body, form body, and header secrets authenticate and strip the credential before capture (133.9323ms)
✔ [AC-01] both valid secrets attach header_secret after the body is also validated (15.5293ms)
✔ [AC-02] unused Granot field additions or omissions are captured as-is and still return 202 (22.2119ms)
✔ [AC-02] capture happens before 202 and uses the invoked route class (80.617ms)
{"level":"error","time":"2026-09-19T03:00:02.792Z","service":"vantage-main-server","env":"development","msg":"granot_lifecycle.capture.failed","error_code":"technical_failure","observation_channel":"granot_webhook","route_event_class":"priority_updated"}
{"level":"error","time":"2026-09-19T03:00:02.795Z","service":"vantage-main-server","env":"development","msg":"granot_lifecycle.capture.failed","observability_level":"error","category":"mongo","workflow":"granot_lifecycle_capture"}
✔ [AC-01] capture failure returns safe 503, creates no publish, and stays distinct from queue failure (11.7286ms)
{"level":"error","time":"2026-09-19T03:00:02.858Z","service":"vantage-main-server","env":"development","msg":"granot_lifecycle.queue.publish_failed","error_code":"technical_failure","receipt_id":"rece…pt-2","observation_channel":"granot_webhook","route_event_class":"lead_created"}
✔ [AC-02] publish failure cannot change 202 or the accepted receipt (62.7391ms)
✔ Owner Job Number timeline read returns the assembler DTO (245.5801ms)
✔ Admin cannot read the owner Job Number timeline (15.8612ms)
✔ typed miss returns not_found without an event list (24.0815ms)
✔ Owner recent official booking examples return only Job Numbers (18.7804ms)
{"level":"error","time":"2026-09-19T03:00:25.122Z","service":"vantage-main-server","env":"development","err":{"type":"Error","message":"mongo connection string leaked","stack":"Error: mongo connection string leaked\n    at read (C:\\Users\\Pinda\\Proyectos\\vantage\\vantage-main-server\\src\\routes\\job-number-timeline-admin.routes.test.ts:205:15)\n    at <anonymous> (C:\\Users\\Pinda\\Proyectos\\vantage\\vantage-main-server\\src\\routes\\job-number-timeline-admin.routes.ts:85:26)\n    at process.processTicksAndRejections (node:internal/process/task_queues:104:5)"},"request_id":"req-jnt-1789786825106","msg":"job-number-timeline.admin.unhandled"}
✔ unhandled timeline read failure does not echo error.message (63.5163ms)
✔ Admin cannot read recent official booking examples (18.303ms)
✔ lead-source-setups schema rejects unknown keys and derived internals (24.7785ms)
✔ lead-source-setups schema requires a 10-1000 character reason (14.277ms)
✔ projection query schemas reject unknown keys (3.9386ms)
✔ error envelope parity uses RegistryError.toHttpBody and Zod unrecognized keys (3.6327ms)
✔ returns 500 when CRON_SECRET is not configured (144.6132ms)
✔ returns 401 when the cron secret does not match (33.7137ms)
✔ accepts the x-cron-secret header (22.2745ms)
✔ [AC-17] a disabled Call Log sync never claims the lease (17.3407ms)
✔ [AC-17] lease contention is a bounded skip, not an HTTP 500 (38.0452ms)
✔ [AC-17] a successful run returns the bounded lease/cursor summary (7.4978ms)
{"level":"error","time":"2026-09-19T03:00:25.450Z","service":"vantage-main-server","env":"development","msg":"ringcentral.cron.call_log_sync.failed","errorName":"Error"}
✔ [AC-17] a genuine failure stays safe and non-sensitive (8.3975ms)
✔ [AC-17] vercel.json schedules the Call Log sync every 30 minutes (26.5075ms)
✔ CSI-04 admin routes: Owner guard, flag-off 404, scope, validation, idempotency, error mapping; reads never call a writer (1057.814ms)
✔ admin router is mounted in v1.routes.ts after the CSI boundary router (1.4864ms)
✔ real v1 guard + CSI boundary keeps Owner and scoped service authority separate (563.4029ms)
✔ CSI cron routes: cron auth, flag-off and lease_held skips, never a provider body (379.7442ms)
{"level":"error","time":"2026-09-19T03:00:29.947Z","service":"vantage-main-server","env":"development","msg":"sales_intelligence.cron.call_log_reconcile.failed","errorName":"Error"}
✔ CSI cron routes: a throwing service maps to a bounded 500 without provider content (72.3362ms)
✔ vercel.json registers the CSI-03 crons and the queue consumer trigger (a handler file alone is not registration) (8.1039ms)
✔ app.ts mounts the CSI cron router before the v1 guard like the other cron routers (6.6014ms)
✔ returns 500 when CRON_SECRET is not configured (70.7857ms)
✔ returns 401 when the secret does not match (18.2972ms)
✔ skips the drain (no DB work) when mode is not queued (13.6055ms)
✔ accepts a bearer token matching CRON_SECRET (25.171ms)
✔ source label mapping create rejects unknown keys (9.6661ms)
✔ source label mapping create rejects a client-supplied normalized_label (1.3288ms)
✔ source label mapping mutations require a 10-1000 character reason (2.5762ms)
✔ label resolution preview rejects unknown keys and is read-only shape (2.9537ms)
✔ error envelope parity uses RegistryError.toHttpBody and Zod unrecognized keys (4.5048ms)
{"level":"info","time":"2026-09-19T03:00:19.899Z","service":"vantage-main-server","env":"development","msg":"tariff_adjustment.append.succeeded","actor_kind":"user","actor_role":"owner","actor_email":"owner@example.invalid","appended":2,"tab_name":"Master"}
✔ Owner can append two Tariff Adjustment rows (247.2727ms)
{"level":"info","time":"2026-09-19T03:00:19.943Z","service":"vantage-main-server","env":"development","msg":"tariff_adjustment.append.succeeded","actor_kind":"user","actor_role":"sales+customer_service","actor_email":"employee@example.invalid","appended":2,"tab_name":"Master"}
✔ Employee can append two Tariff Adjustment rows (27.933ms)
{"level":"info","time":"2026-09-19T03:00:19.956Z","service":"vantage-main-server","env":"development","msg":"tariff_adjustment.append.succeeded","actor_kind":"user","actor_role":"customer_service","actor_email":"customer_service@example.invalid","appended":2,"tab_name":"Master"}
✔ Customer Service can append two Tariff Adjustment rows (15.1578ms)
{"level":"info","time":"2026-09-19T03:00:19.972Z","service":"vantage-main-server","env":"development","msg":"tariff_adjustment.append.succeeded","actor_kind":"secret","appended":2,"tab_name":"Master"}
✔ x-api-secret actors can append two Tariff Adjustment rows (14.0248ms)
{"level":"warn","time":"2026-09-19T03:00:20.005Z","service":"vantage-main-server","env":"development","msg":"tariff_adjustment.append.failed","actor_kind":"user","actor_role":"sales+customer_service","actor_email":"employee@example.invalid","error":"[\n  {\n    \"code\": \"unrecognized_keys\",\n    \"keys\": [\n      \"job_no\"\n    ],\n    \"path\": [],\n    \"message\": \"Unrecognized key: \\\"job_no\\\"\"\n  }\n]"}
✔ rejects customer and job identifiers (31.3136ms)
{"level":"info","time":"2026-09-19T03:00:20.015Z","service":"vantage-main-server","env":"development","msg":"tariff_adjustment.append.succeeded","actor_kind":"user","actor_role":"owner","actor_email":"owner@example.invalid","appended":2,"tab_name":"Master"}
✔ stamps today's date when effective_date is omitted (10.3759ms)
{"level":"info","time":"2026-09-19T03:00:20.026Z","service":"vantage-main-server","env":"development","msg":"tariff_adjustment.append.succeeded","actor_kind":"user","actor_role":"owner","actor_email":"owner@example.invalid","appended":1,"tab_name":"Master"}
✔ Owner can append a Linehaul-only payload (8.6127ms)
{"level":"info","time":"2026-09-19T03:00:20.033Z","service":"vantage-main-server","env":"development","msg":"tariff_adjustment.append.succeeded","actor_kind":"user","actor_role":"owner","actor_email":"owner@example.invalid","appended":2,"tab_name":"Master"}
✔ Owner can append Linehaul plus an owner-written service (7.0973ms)
{"level":"info","time":"2026-09-19T03:00:20.041Z","service":"vantage-main-server","env":"development","msg":"tariff_adjustment.append.succeeded","actor_kind":"user","actor_role":"owner","actor_email":"owner@example.invalid","appended":3,"tab_name":"Master"}
✔ Owner can append three matching rows (16.4205ms)
{"level":"warn","time":"2026-09-19T03:00:20.064Z","service":"vantage-main-server","env":"development","msg":"tariff_adjustment.append.failed","actor_kind":"user","actor_role":"owner","actor_email":"owner@example.invalid","error":"[\n  {\n    \"origin\": \"array\",\n    \"code\": \"too_small\",\n    \"minimum\": 1,\n    \"inclusive\": true,\n    \"path\": [\n      \"rows\"\n    ],\n    \"message\": \"Too small: expected array to have >=1 items\"\n  },\n  {\n    \"code\": \"custom\",\n    \"path\": [\n      \"rows\"\n    ],\n    \"message\": \"rows must include at least one Linehaul\"\n  }\n]"}
✔ rejects an empty rows array (15.7219ms)
{"level":"warn","time":"2026-09-19T03:00:20.074Z","service":"vantage-main-server","env":"development","msg":"tariff_adjustment.append.failed","actor_kind":"user","actor_role":"owner","actor_email":"owner@example.invalid","error":"[\n  {\n    \"code\": \"custom\",\n    \"path\": [\n      \"rows\"\n    ],\n    \"message\": \"rows must include at least one Linehaul\"\n  }\n]"}
✔ rejects a payload with no Linehaul row (8.9863ms)
{"level":"warn","time":"2026-09-19T03:00:20.083Z","service":"vantage-main-server","env":"development","msg":"tariff_adjustment.append.failed","actor_kind":"user","actor_role":"owner","actor_email":"owner@example.invalid","error":"[\n  {\n    \"code\": \"custom\",\n    \"path\": [\n      \"rows\"\n    ],\n    \"message\": \"pickup_zone must be identical on all Tariff Adjustment rows\"\n  }\n]"}
✔ rejects three rows with a mismatched pickup_zone (7.9859ms)
✔ Operations Registry entities expose complete lifecycle CRUD surfaces (3.1564ms)
✔ GET /api/v1/admin/agents is browse only — catalog list is /catalog/agents (0.7298ms)
✔ admin analytics receiver-agent reports have GET routes (0.5859ms)
✔ Owner Extension User routes are registered (0.6599ms)
✔ Owner conversation read routes are registered (0.5403ms)
✔ employee booking reconciliation routes are registered (0.4683ms)
✔ Tariff Adjustment Submit route is registered (11.7456ms)
✔ Granot form-lead resolution route is registered before the id route (0.9321ms)
✔ Granot sync expected filter enforces fill-only and empty receiver fields (9.1453ms)
✔ Lead Source projection and setup routes are registered next to overview (7.5752ms)
✔ legacy CPL rates remain read-only after temporal schedule cutover (0.909ms)
✔ temporal CPL schedule and correction routes are registered (0.5109ms)
✔ admin browse builds filters, pagination, sorting, and response shape (64.0922ms)
✔ admin form lead browse q includes snapshot contact paths (3.0456ms)
✔ admin form lead browse name email and phone include snapshot paths (4.1692ms)
✔ admin duplicate form lead browse uses the same contact paths (4.4632ms)
✔ admin form lead browse excludes duplicates by default (13.3032ms)
✔ admin form lead browse filters past move dates relative to timestamp (5.7468ms)
✔ admin form lead browse can invert the past move date filter (1.8069ms)
✔ admin form lead browse filters receiver agent by ObjectId equality (10.2441ms)
✔ admin form lead browse matches source_granularity_key exactly and does not substring-match source_company (6.7469ms)
✔ admin form lead browse still accepts source_company as bookmark compatibility (4.1362ms)
✔ admin booked lead browse filters source company slugs on the source field (19.8571ms)
✔ admin booked lead browse resolves legacy source company labels onto source (2.1399ms)
✔ admin booked lead browse filters leadless bookings (2.3407ms)
✔ admin agents browse returns metrics for list rows (5.9031ms)
✔ admin agents browse applies date range to booked lead metrics (3.9599ms)
✔ admin agents browse matches catalog names case-insensitively (1.615ms)
✔ admin agents browse matches allocations on normalized_name when display name differs (1.4083ms)
✔ admin agents browse returns zero metric fields for agents without bookings (2.7228ms)
✔ admin form lead browse can filter to duplicates only (1.1534ms)
✔ admin call lead browse q and phone include snapshot contact paths (2.2773ms)
✔ admin call lead browse Manual attach filters (name/email/phone without q) include snapshot paths (2.6968ms)
✔ admin call lead browse excludes duplicates by default (1.0852ms)
✔ admin call lead browse can filter to duplicates only (0.8435ms)
✔ admin form lead browse no_sync true is exact true, not presence (1.019ms)
✔ admin form lead browse no_sync false uses $ne true so missing-field rows count (2.0048ms)
✔ admin form lead browse omit does not mention no_sync (37.5081ms)
✔ admin call lead browse no_sync true is exact true, not presence (4.7378ms)
✔ admin call lead browse no_sync false uses $ne true so missing-field rows count (0.9369ms)
✔ admin call lead browse omit does not mention no_sync (1.5063ms)
✔ admin detail lookup returns normalized production record (2.222ms)
✔ admin agent detail returns metrics consistent with browse enrichment (3.4497ms)
✔ admin historical browse uses historical models and remains read-only (52.7027ms)
✔ global admin search form leads include Granot snapshot contact paths (33.0647ms)
✔ global admin search returns grouped results (27.9356ms)
✔ admin agents export includes booking metric columns (8.0522ms)
✔ admin CSV export uses browse rows and escapes CSV body (10.6781ms)
✔ csv helper emits text/csv-compatible header and rows (0.2866ms)
✔ getAdminFacets production builds a structured catalog from first-class collections (128.6736ms)
✔ getAdminFacets historical builds distinct rows and overlays production identity (37.6915ms)
✔ getAdminFacets historical empty granularity distincts do not fail (14.5034ms)
✔ getAdminFacets combined keeps registry owner_label and historical-only extras (58.2989ms)
✔ registry facets invalidation evicts the production and historical catalog caches (26.2133ms)
✔ getSheetSyncHealth aggregates job counts and derives backlog age (3.1777ms)
✔ listSheetSyncJobs builds a filtered, paginated query (2.9864ms)
✔ retrySheetSyncJobs re-queues failed jobs by default and reports the count (4.9971ms)
✔ retrySheetSyncJobs starts an admin drain instead of publishing a queue wake-up (11.3402ms)
✔ retrySheetSyncJobs is a no-op when nothing matches (0.8451ms)
✔ agent browse metrics match keys are lowercased strings, not regexes (23.0855ms)
✔ agent browse metrics count distinct bookings and take this agent's binder share (1.7045ms)
✔ agent browse metrics date range filters book_date and skips Agent createdAt (2.5042ms)
✔ agent browse metrics omit a date match when from/to are absent (1.6673ms)
✔ lookupAgentBrowseMetrics uses name or normalized_name and returns zeros when unmatched (0.629ms)
✔ even Binder split uses integer cents and gives the leftover cent to the primary Agent (5.5497ms)
✔ Best Relocation allocation resolves an existing inactive agent (4.0229ms)
✔ primary booking allocation becomes Best Relocation receiver attribution (0.7265ms)
✔ primary booking allocation does not replace existing receiver attribution (0.4612ms)
✔ automatic CRM username receiver matching excludes inactive Agents (7.711ms)
✔ findAgentByGranotCrmUsername prefers embedded granot_identity username (4.5446ms)
✔ findAgentByGranotCrmUsername never reads the retained flat compatibility field (0.889ms)
✔ CRM username receiver match never overwrites an existing receiver (0.7956ms)
✔ analytics validation accepts report filters and rejects invalid report names (12.1419ms)
✔ sourceGranularityMatch filters derived key only and wins over source_company (5.5387ms)
✔ analytics booked lead filters start with a leading date match (2.4846ms)
✔ booked lead source attribution falls back to the employee source snapshot (2.0112ms)
✔ leadMatch matches historical slug options and channel-scoped company slugs (7.0184ms)
✔ combined source analytics merge by stable text dimension instead of ids (2.3037ms)
✔ combined revenue trend merges rows by date period (0.8605ms)
✔ combined source analytics merge parent metrics and keep company-only extras as leaves (3.4626ms)
✔ combined receiver-agent analytics merge production rows and keep historical warning metadata (0.7916ms)
✔ combined SMS conversion merge keeps production rows and historical warning metadata (5.4951ms)
✔ analytics CSV export uses the selected report rows (20.8215ms)
✔ source hierarchy CSV rows emit leaves or a childless company, never both (0.7048ms)
✔ combined hierarchy CSV does not duplicate its production contribution (1.0522ms)
✔ lead cost excludes duplicate form leads and unmatched call leads (26.0468ms)
✔ overviewQuerySchema accepts database_scope (4.0601ms)
✔ rollingLast7DaysWindow spans seven days ending now (0.5784ms)
✔ mergeOverviewAllTime merges combined totals and clears production-only lead cost (2.2651ms)
✔ mergeOverviewAllTime keeps lead cost for production scope (3.1696ms)
✔ mergeOverviewAllTime clears lead cost for historical scope (0.3953ms)
✔ receiver-agent analytics use persisted CPL without rate-period status (10.4153ms)
✔ SMS booked rate uses successfully texted Leads as the denominator (3.8945ms)
✔ an empty texted-lead cohort is a zero rate, not missing data (0.6679ms)
✔ historical scope does not read Lead Messages (2.0385ms)
✔ production SMS conversion matches successful statuses and official booked refs (5.3375ms)
✔ source hierarchy uses registry labels and rolls additive child metrics (6.5921ms)
✔ source hierarchy retains unknown granularity in parent totals (0.7183ms)
✔ source hierarchy folds normalized company and granularity collisions (0.7043ms)
✔ nestSourceCompanyRows seeds catalog children including zeros (2.1686ms)
✔ company-only source rows use domain labels and never create children (1.2885ms)
✔ historical source performance stays company-only without registry data (21.2011ms)
✔ historical funnel recomputes company rates and has no children (19.398ms)
✔ normalizes observed sheet move sizes into the model enum (3.0105ms)
✔ restores leading zeroes dropped from formatted ZIP cells (0.5891ms)
✔ decodes Google Sheets serial timestamps as owner-facing UTC components (1.1055ms)
✔ call parser accepts a combined Google Sheets serial timestamp (1.4012ms)
✔ parsers preserve source-row provenance and skip formula sentinels (3.2539ms)
✔ duplicate booking jobs collapse into split allocations without doubling deposit (6.0227ms)
✔ plan orders leads, attached booking, and cancellation with response bindings (37.2442ms)
✔ refund discovery keeps contradictory LID evidence below auto-cancel threshold (27.7856ms)
✔ live apply refuses to send the secret to an unpinned host (4.1414ms)
✔ booking preflight uses filtered admin lookup and skips an existing job (22.6021ms)
✔ call preflight recognizes the route's bare-array response (11.3526ms)
✔ unique Tracking Reference adopts the existing Form Lead and does not create (3.866ms)
✔ two Form Leads sharing a Tracking Reference become an ambiguous conflict (2.1503ms)
✔ phone + name + same New York day adopts when Tracking Reference misses (7.9902ms)
✔ two phone + name + date Form Leads conflict instead of creating (5.8441ms)
✔ no identity and no phone-name-date match stays a create (3.2406ms)
✔ pre-cutoff Form Leads are ignored by phone-name-date adoption (0.7189ms)
✔ canonical adoption remaps remaining creates and leaves receipt outcomes alone (3.174ms)
✔ Best Relocation import capability requires the Best Relocation source (2.6901ms)
✔ ordinary booking requests do not receive import capability (0.4562ms)
✔ Best Relocation call lookup is source-scoped before mutation (13.5526ms)
✔ Form Lead + id attaches with booking_origin owner_booking and no case (3.046ms)
✔ Owner Call Lead unique job attaches with booking_origin owner_booking (0.8797ms)
✔ Owner Call Lead with no Call Lead row is pending owner_booking no_match (2.9998ms)
✔ Owner Call Lead with two job matches is pending multiple_matches, not a 409 (1.125ms)
✔ Best Relocation import Call Lead still uses the from-source resolver (0.5776ms)
✔ letter prefixes are equivalent to the same Granot digit core (3.4615ms)
✔ equivalent job filter matches exact, core, and letter-prefixed variants (2.2549ms)
✔ equivalent snapshot filter remaps to the indexed cancellation snapshot field (0.6801ms)
✔ atomic employee Lead claim does not rewrite the existing CPL (8.5651ms)
✔ concurrent booking claims allow only one booking to claim a lead (48.0055ms)
✔ reconciliation mirror can preserve Lead source CPL (23.9829ms)
✔ import Call Lead resolver still 409s when two Call Leads share a job (3.8482ms)
✔ Owner leadless create opens owner_booking case and sets booking_origin (90.5468ms)
✔ Best Relocation import leadless keeps external_sheet_ingestion and no booking_origin (4.1566ms)
✔ owner snapshot uses Call phone or customer phone, else not provided (2.8915ms)
✔ evaluateOwnerCallLeadMatch links a unique Call Lead Job Number (4.928ms)
✔ evaluateOwnerCallLeadMatch is pending multiple_matches for two Call Leads with the same job (1.2857ms)
✔ evaluateOwnerCallLeadMatch is pending no_match when no Call Lead has the job (0.6359ms)
✔ evaluateOwnerCallLeadMatch does not attach on phone of a different Call Lead (1.2416ms)
✔ Owner pending case snapshot fills spec §4.6 fields and origin owner_booking (1.8994ms)
✔ Referral Booking create does not open a Booking Lead Reconciliation Case (2.2026ms)
✔ cancellation snapshots stamp four fields from a surviving Booking (9.4328ms)
✔ cancellation snapshots normalize job_no when Booking normalized field is missing (1.9497ms)
✔ cancellation snapshots stay null without a recoverable Booking job (0.5757ms)
✔ cancellation snapshots refuse silent inference from contact-shaped fields (0.3614ms)
✔ create-path stamp keeps ObjectId lead ref (0.557ms)
✔ getBookedLeadForCancellation allows explicitly authorized imported leadless booking (45.3266ms)
✔ CancelledLead validates an unresolved employee Booking without Lead metadata (22.2051ms)
✔ active catalog list excludes inactive rows by default (10.6077ms)
✔ agent resolution rejects inactive or unknown names (2.0932ms)
✔ agent resolution can include an existing inactive agent (1.0056ms)
✔ merchant resolution returns canonical display name (1.2027ms)
✔ list projection keeps cost cents and does not treat them as leaked summary text (5.9449ms)
✔ list projection still rejects a top-level transcript or summary field (1.6644ms)
✔ redactTranscript redacts a Luhn-valid card spoken as digit groups plus CVV, expiry, SSN, and routing (3.2784ms)
✔ redactTranscript does not redact a job number, spoken phone, or cubic-feet figure (0.5406ms)
✔ an unvalidated 16-digit sequence that fails Luhn is left alone (0.3669ms)
✔ spoken digit runs of seven or more are redacted without changing existing payment rules (0.5385ms)
✔ parseConversationArtifact splits summary and transcript (3.8694ms)
✔ buildSeededTranscript redacts before the text is stored (26.0383ms)
✔ hasCrmMismatch is true only when the section contradicts CRM (1.3655ms)
✔ Gateway adapter sends configured model, makes one call, keeps timing optional and never logs warnings (3627.928ms)
✔ Gateway errors do not expose provider bodies and do not internally retry (35.6361ms)
✔ Blob bytes/digest validated and missing billing never becomes estimated actual cost (1.1069ms)
{"level":"info","time":"2026-09-19T03:00:56.874Z","service":"vantage-main-server","env":"development","msg":"operations_registry.compatibility_read","observability_level":"info","category":"admin","workflow":"operations_registry"}
✔ listCplRates seeds any missing slots and returns all 14 rates (8.6557ms)
{"level":"info","time":"2026-09-19T03:00:52.738Z","service":"vantage-main-server","env":"development","msg":"crm.form_lead.submit.started","leadId":"6aadfae4eaac18aeb804f048","endpoint":"https://lead.hellomoving.com/LEADSGWHTTP.lidgw?&API_ID=[redacted]&MOVERREF=[redacted]","payload":{"label":"Main Site Forms","firstname":"J***","lastname":"C***","ozip":"sha256:ce6d2151873f","dzip":"sha256:9a1f53dc5d98","email":"j***@example.com","phone1":"***2222","movesize":"2 Bedrooms","movedte":"5/28/2026","notes":"sha256:81da1dce6ae7","leadno":"sha256:7b6d8986d052"}}
✔ submitFormLeadToCrm POSTs to the Granot lead gateway with the urlencoded payload (47.5895ms)
✔ submitFormLeadToCrm reports ok=true with the response body and payload on HTTP 200 (6.516ms)
✔ submitFormLeadToCrm reports ok=false with response body on HTTP error (48.9085ms)
✔ submitFormLeadToCrm catches network errors and returns ok=false with status 0 and an error message (41.1744ms)
✔ submitFormLeadToCrm forwards companyLabel as the Granot label (19.4994ms)
{"level":"info","time":"2026-09-19T03:00:52.740Z","service":"vantage-main-server","env":"development","msg":"crm.form_lead.submit.started","observability_level":"info","category":"crm","workflow":"crm_submit","source_company":"not_provided","entity_id":"6aadfae4eaac18aeb804f048"}
{"level":"info","time":"2026-09-19T03:00:52.744Z","service":"vantage-main-server","env":"development","msg":"crm.form_lead.submit.completed","leadId":"6aadfae4eaac18aeb804f048","endpoint":"https://lead.hellomoving.com/LEADSGWHTTP.lidgw?&API_ID=[redacted]&MOVERREF=[redacted]","status":200,"responseText":"OK"}
{"level":"info","time":"2026-09-19T03:00:52.744Z","service":"vantage-main-server","env":"development","msg":"crm.form_lead.submit.completed","observability_level":"info","category":"crm","workflow":"crm_submit","source_company":"not_provided","entity_id":"6aadfae4eaac18aeb804f048"}
{"level":"info","time":"2026-09-19T03:00:52.775Z","service":"vantage-main-server","env":"development","msg":"crm.form_lead.submit.started","leadId":"6aadfae4eaac18aeb804f049","endpoint":"https://lead.hellomoving.com/LEADSGWHTTP.lidgw?&API_ID=[redacted]&MOVERREF=[redacted]","payload":{"label":"Main Site Forms","firstname":"J***","lastname":"C***","ozip":"sha256:ce6d2151873f","dzip":"sha256:9a1f53dc5d98","email":"j***@example.com","phone1":"***2222","movesize":"2 Bedrooms","movedte":"5/28/2026","notes":"sha256:81da1dce6ae7","leadno":"sha256:7b6d8986d052"}}
{"level":"info","time":"2026-09-19T03:00:52.775Z","service":"vantage-main-server","env":"development","msg":"crm.form_lead.submit.started","observability_level":"info","category":"crm","workflow":"crm_submit","source_company":"not_provided","entity_id":"6aadfae4eaac18aeb804f049"}
{"level":"info","time":"2026-09-19T03:00:52.776Z","service":"vantage-main-server","env":"development","msg":"crm.form_lead.submit.completed","leadId":"6aadfae4eaac18aeb804f049","endpoint":"https://lead.hellomoving.com/LEADSGWHTTP.lidgw?&API_ID=[redacted]&MOVERREF=[redacted]","status":200,"responseText":"Granot accepted lead 42"}
{"level":"info","time":"2026-09-19T03:00:52.776Z","service":"vantage-main-server","env":"development","msg":"crm.form_lead.submit.completed","observability_level":"info","category":"crm","workflow":"crm_submit","source_company":"not_provided","entity_id":"6aadfae4eaac18aeb804f049"}
{"level":"info","time":"2026-09-19T03:00:52.779Z","service":"vantage-main-server","env":"development","msg":"crm.form_lead.submit.started","leadId":"6aadfae4eaac18aeb804f04a","endpoint":"https://lead.hellomoving.com/LEADSGWHTTP.lidgw?&API_ID=[redacted]&MOVERREF=[redacted]","payload":{"label":"Main Site Forms","firstname":"J***","lastname":"C***","ozip":"sha256:ce6d2151873f","dzip":"sha256:9a1f53dc5d98","email":"j***@example.com","phone1":"***2222","movesize":"2 Bedrooms","movedte":"5/28/2026","notes":"sha256:81da1dce6ae7","leadno":"sha256:7b6d8986d052"}}
{"level":"info","time":"2026-09-19T03:00:52.779Z","service":"vantage-main-server","env":"development","msg":"crm.form_lead.submit.started","observability_level":"info","category":"crm","workflow":"crm_submit","source_company":"not_provided","entity_id":"6aadfae4eaac18aeb804f04a"}
{"level":"info","time":"2026-09-19T03:00:52.792Z","service":"vantage-main-server","env":"development","msg":"crm.form_lead.submit.http_error","leadId":"6aadfae4eaac18aeb804f04a","endpoint":"https://lead.hellomoving.com/LEADSGWHTTP.lidgw?&API_ID=[redacted]&MOVERREF=[redacted]","status":400,"responseText":"bad request"}
{"level":"error","time":"2026-09-19T03:00:52.792Z","service":"vantage-main-server","env":"development","msg":"crm.form_lead.submit.http_error","observability_level":"error","category":"crm","workflow":"crm_submit","source_company":"not_provided","entity_id":"6aadfae4eaac18aeb804f04a"}
{"level":"info","time":"2026-09-19T03:00:52.830Z","service":"vantage-main-server","env":"development","msg":"crm.form_lead.submit.started","leadId":"6aadfae4eaac18aeb804f04b","endpoint":"https://lead.hellomoving.com/LEADSGWHTTP.lidgw?&API_ID=[redacted]&MOVERREF=[redacted]","payload":{"label":"Main Site Forms","firstname":"J***","lastname":"C***","ozip":"sha256:ce6d2151873f","dzip":"sha256:9a1f53dc5d98","email":"j***@example.com","phone1":"***2222","movesize":"2 Bedrooms","movedte":"5/28/2026","notes":"sha256:81da1dce6ae7","leadno":"sha256:7b6d8986d052"}}
{"level":"info","time":"2026-09-19T03:00:52.830Z","service":"vantage-main-server","env":"development","msg":"crm.form_lead.submit.started","observability_level":"info","category":"crm","workflow":"crm_submit","source_company":"not_provided","entity_id":"6aadfae4eaac18aeb804f04b"}
{"level":"error","time":"2026-09-19T03:00:52.831Z","service":"vantage-main-server","env":"development","err":{"type":"Error","message":"ECONNRESET","stack":"Error: ECONNRESET\n    at <anonymous> (C:\\Users\\Pinda\\Proyectos\\vantage\\vantage-main-server\\src\\services\\crm\\crm.service.test.ts:126:11)\n    at globalThis.fetch (C:\\Users\\Pinda\\Proyectos\\vantage\\vantage-main-server\\src\\services\\crm\\crm.service.test.ts:43:12)\n    at submitFormLeadToCrm (C:\\Users\\Pinda\\Proyectos\\vantage\\vantage-main-server\\src\\services\\crm\\crm.service.ts:74:28)\n    at async TestContext.<anonymous> (C:\\Users\\Pinda\\Proyectos\\vantage\\vantage-main-server\\src\\services\\crm\\crm.service.test.ts:129:18)\n    at async Test.run (node:internal/test_runner/test:1332:7)\n    at async Test.processPendingSubtests (node:internal/test_runner/test:911:7)"},"msg":"crm.form_lead.submit.failed","leadId":"6aadfae4eaac18aeb804f04b","endpoint":"https://lead.hellomoving.com/LEADSGWHTTP.lidgw?&API_ID=[redacted]&MOVERREF=[redacted]","msg":"CRM form lead submission failed"}
{"level":"error","time":"2026-09-19T03:00:52.852Z","service":"vantage-main-server","env":"development","msg":"crm.form_lead.submit.failed","observability_level":"error","category":"crm","workflow":"crm_submit","source_company":"not_provided","entity_id":"6aadfae4eaac18aeb804f04b"}
{"level":"info","time":"2026-09-19T03:00:52.879Z","service":"vantage-main-server","env":"development","msg":"crm.form_lead.submit.started","leadId":"6aadfae4eaac18aeb804f04c","endpoint":"https://lead.hellomoving.com/LEADSGWHTTP.lidgw?&API_ID=[redacted]&MOVERREF=[redacted]","payload":{"label":"BestRelocation","firstname":"J***","lastname":"C***","ozip":"sha256:ce6d2151873f","dzip":"sha256:9a1f53dc5d98","email":"j***@example.com","phone1":"***2222","movesize":"2 Bedrooms","movedte":"5/28/2026","notes":"sha256:81da1dce6ae7","leadno":"sha256:7b6d8986d052"}}
{"level":"info","time":"2026-09-19T03:00:52.879Z","service":"vantage-main-server","env":"development","msg":"crm.form_lead.submit.started","observability_level":"info","category":"crm","workflow":"crm_submit","source_company":"not_provided","entity_id":"6aadfae4eaac18aeb804f04c"}
{"level":"info","time":"2026-09-19T03:00:52.880Z","service":"vantage-main-server","env":"development","msg":"crm.form_lead.submit.completed","leadId":"6aadfae4eaac18aeb804f04c","endpoint":"https://lead.hellomoving.com/LEADSGWHTTP.lidgw?&API_ID=[redacted]&MOVERREF=[redacted]","status":200,"responseText":"OK"}
{"level":"info","time":"2026-09-19T03:00:52.880Z","service":"vantage-main-server","env":"development","msg":"crm.form_lead.submit.completed","observability_level":"info","category":"crm","workflow":"crm_submit","source_company":"not_provided","entity_id":"6aadfae4eaac18aeb804f04c"}
✔ CRM env var name constants are stable and match what is read at module load (2.515ms)
✔ CRM_FORM_LEAD_ENDPOINT is the Granot lead gateway URL with API_ID and MOVERREF params (0.9097ms)
✔ crmEndpointForLog redacts API_ID and MOVERREF values from the endpoint URL (0.5055ms)
✔ crmEndpointForLog defaults to the module-loaded CRM_FORM_LEAD_ENDPOINT and never leaks credentials (0.4132ms)
✔ splitNameForCrm returns empty firstname and lastname for blank input (3.4496ms)
✔ splitNameForCrm duplicates a single token into firstname and lastname (0.4501ms)
✔ splitNameForCrm takes the first and last token for multi-word names (0.3053ms)
✔ formatCrmMoveDate preserves the UTC calendar date as unpadded M/D/YYYY (0.3143ms)
✔ buildCrmFormLeadPayload defaults label to CRM_FORM_LEAD_LABEL when blank (8.2551ms)
✔ [AC-03] buildCrmFormLeadPayload uses the provider ref_no as Granot leadno (4.9005ms)
✔ [AC-03] Form Job Number parity does not reinterpret ref_no as CRM leadno (1.6538ms)
✔ [AC-03] buildCrmFormLeadPayload carries lid in notes without using it for identity (1.7392ms)
✔ [AC-03] buildCrmFormLeadPayload leaves leadno blank for the not-provided sentinel (1.6145ms)
✔ buildCrmFormLeadPayload maps lead fields onto the Granot wire shape (3.94ms)
✔ [AC-08] CRM payload does not invent an absent trusted Granot move date (1.1806ms)
✔ summarizeCrmPayloadForLog masks PII and fingerprints identifiers and locations (2.1583ms)
✔ summarizeCrmPayloadForLog handles blank PII fields without throwing (1.4371ms)
✔ upsertCustomerFromBookingContact matches by phone when provided (5.6838ms)
✔ upsertCustomerFromBookingContact falls back to lead phone when customer phone is blank (0.6017ms)
✔ upsertCustomerFromBookingContact matches by normalized name when phone is absent (3.3106ms)
✔ upsertCustomerFromLead allows name-only leads (2.4838ms)
✔ close sets yesterday status closed when it is still open (5.795ms)
✔ close is a no-op when yesterday is already closed (1.012ms)
✔ close also seals older open days, not only yesterday (0.7369ms)
✔ 2026-06-01T03:00:00.000Z maps to the NY day 2026-05-31 (3.0394ms)
✔ first day seed has 24 hourly buckets and known Source Company slugs (5.5843ms)
✔ metric_touches expand hourly.* onto the NY hour and always bump revision (1.7715ms)
✔ already-expanded hourly paths stay as written (0.7778ms)
✔ dotted increments apply onto a seeded day including hourly buckets (1.3826ms)
✔ previousEasternDayKey walks the NY calendar, not UTC midnight (1.0324ms)
✔ florida timestamp bounds are UTC wall-clock of the day key (4.3826ms)
✔ eastern instant bounds start at NY midnight, not UTC midnight (1.0405ms)
✔ sumHourlyThrough is pace 0..currentNyHour, not the full day (0.6874ms)
✔ first open emits snapshot then tails Redis envelopes as event plus metrics (6.4983ms)
✔ valid Last-Event-ID skips snapshot and continues from the cursor (2.7165ms)
✔ invalid Last-Event-ID is treated as first open and emits snapshot (1.5814ms)
✔ missing Redis uses Mongo tail oldest-after-cursor and still emits facts (1.7961ms)
✔ a burst of facts in one wake keeps every touch in the metrics frame (1.4399ms)
✔ Redis throw degrades to Mongo tail for that loop (1.4429ms)
✔ replica-lag skip retries the same Redis id and does not drop the event (1.7705ms)
✔ lane query is ignored — one socket emits every Daily Operations Event (2.1157ms)
✔ heartbeat fires after 15s idle and has no id (1.5962ms)
✔ parseDailyOperationsXread reads object and flat-array field shapes (1.0233ms)
✔ test runner never constructs an Upstash client for the live isolate (0.3813ms)
✔ rebuild of an open day replaces counters and never deletes events (4.865ms)
✔ rebuild refuses a closed day and leaves counters and events alone (1.7267ms)
✔ rebuild of a missing open day still writes seeded counters (0.9974ms)
✔ rebuild rejects a deleteEvents hook so events stay append-only (1.1818ms)
{"level":"warn","time":"2026-09-19T03:00:48.246Z","service":"vantage-main-server","env":"development","msg":"daily_operations.redis.xadd_failed","kind":"form_lead.created","day":"2026-05-31","err":{"type":"Error","message":"upstash unavailable","stack":"Error: upstash unavailable\n    at Object.xadd (C:\\Users\\Pinda\\Proyectos\\vantage\\vantage-main-server\\src\\services\\dailyOperations\\recordDailyOperationsFact.test.ts:254:15)\n    at publishRedisDoorbell (C:\\Users\\Pinda\\Proyectos\\vantage\\vantage-main-server\\src\\services\\dailyOperations\\recordDailyOperationsFact.ts:200:34)\n    at recordDailyOperationsFact (C:\\Users\\Pinda\\Proyectos\\vantage\\vantage-main-server\\src\\services\\dailyOperations\\recordDailyOperationsFact.ts:307:11)\n    at async TestContext.<anonymous> (C:\\Users\\Pinda\\Proyectos\\vantage\\vantage-main-server\\src\\services\\dailyOperations\\recordDailyOperationsFact.test.ts:249:18)\n    at async Test.run (node:internal/test_runner/test:1332:7)\n    at async Test.processPendingSubtests (node:internal/test_runner/test:911:7)"}}
✔ unique dedupe_key insert increments the named metric_touches (7.4403ms)
✔ duplicate dedupe_key is a no-op: no second increment and no XADD (3.1004ms)
✔ closed day skips increment and records empty metric_touches (1.6566ms)
✔ missing Redis client still persists the event and day increment (1.3021ms)
✔ test runner never constructs a publish that would call Upstash (1.317ms)
✔ Redis XADD failure is swallowed and does not fail the fact (9.1525ms)
✔ successful XADD stores redis_stream_id and only envelope fields (5.5209ms)
✔ writer never throws when stores fail (4.5442ms)
✔ test sink captures when stores are not injected (1.1993ms)
✔ granot.minted increments decisions only and sheet sync increments only its own panel counter (0.5382ms)
{"level":"error","time":"2026-09-19T03:00:48.260Z","service":"vantage-main-server","env":"development","msg":"daily_operations.record_fact_failed","kind":"form_lead.created","err":{"type":"Error","message":"mongo down","stack":"Error: mongo down\n    at Object.insertEvent (C:\\Users\\Pinda\\Proyectos\\vantage\\vantage-main-server\\src\\services\\dailyOperations\\recordDailyOperationsFact.test.ts:326:15)\n    at recordDailyOperationsFact (C:\\Users\\Pinda\\Proyectos\\vantage\\vantage-main-server\\src\\services\\dailyOperations\\recordDailyOperationsFact.ts:261:35)\n    at TestContext.<anonymous> (C:\\Users\\Pinda\\Proyectos\\vantage\\vantage-main-server\\src\\services\\dailyOperations\\recordDailyOperationsFact.test.ts:323:24)\n    at Test.runInAsyncScope (node:async_hooks:227:14)\n    at Test.run (node:internal/test_runner/test:1325:25)\n    at Test.processPendingSubtests (node:internal/test_runner/test:911:18)\n    at Test.postRun (node:internal/test_runner/test:1465:19)\n    at Test.run (node:internal/test_runner/test:1390:12)\n    at async Test.processPendingSubtests (node:internal/test_runner/test:911:7)"}}
{"level":"info","time":"2026-09-19T03:01:22.369Z","service":"vantage-main-server","env":"development","msg":"call_lead.create.sheet_sync.disabled","resource":"source_lead","leadModel":"CallLead","leadId":"507f1f77bcf86cd799439011"}
✔ Form create increments leads.form + origin + company once (62.5726ms)
✔ Duplicate Form increments leads.duplicate_form only (27.6868ms)
✔ reused WordPress lead does not call the writer (18.8893ms)
✔ zip 33101 + state not_found counts the Lead and records exception.zip_missing (14.9481ms)
✔ Call unmatched increments leads.unmatched_call only (19.011ms)
✔ Call zip present + blank state is a zip miss and still counts the Lead (1.2983ms)
✔ quiet hours at 02:14 ET record text.deferred with 8:00 AM send_at and no messages.successful (2.3768ms)
✔ 07:00 ET send records text.sent only (0.8319ms)
✔ first sent/delivered after deferred records text.sent once (2.7416ms)
✔ status callback terminal fail records text.failed (0.8731ms)
✔ unapplied status callback does not call the writer (0.5487ms)
✔ dispatchOrQueue skipped path records text.skipped (9.5872ms)
✔ completeCallLeadIngestion records call_lead.created once via the sink (10.4544ms)
✔ CRM HTTP fail records exception.crm_failed (33.4716ms)
✔ RingCentral adoption conflict records exception.adoption_conflict and not a Call Lead create (39.3632ms)
✔ duplicate booking submission helper is not used — skip is kind duplicate at finalize (13.4299ms)
✔ employee pending booking increments employee_pending and not a kind bucket (0.7827ms)
✔ cancellation.created uses cancellation:<id>:created (15.7191ms)
✔ writer sink captures without stores and does not require Mongo (2.9758ms)
✔ zipMissSides treats not_found and blank as a miss only when a zip is present (0.731ms)
{"level":"info","time":"2026-09-19T03:01:22.373Z","service":"vantage-main-server","env":"development","msg":"lead.call.created","observability_level":"info","category":"lead","workflow":"call_lead_create","source_company":"tbm_leads","entity_id":"507f1f77bcf86cd799439011"}
{"level":"info","time":"2026-09-19T03:01:22.388Z","service":"vantage-main-server","env":"development","msg":"crm.form_lead.submit.started","leadId":"507f1f77bcf86cd799439011","endpoint":"https://lead.hellomoving.com/LEADSGWHTTP.lidgw?&API_ID=[redacted]&MOVERREF=[redacted]","payload":{"label":"Main Site Forms","firstname":"J***","lastname":"C***","ozip":"sha256:ce6d2151873f","dzip":"sha256:9a1f53dc5d98","email":"j***@example.com","phone1":"***2222","movesize":"14","movedte":"","notes":"","leadno":""}}
{"level":"info","time":"2026-09-19T03:01:22.388Z","service":"vantage-main-server","env":"development","msg":"crm.form_lead.submit.started","observability_level":"info","category":"crm","workflow":"crm_submit","source_company":"tbm_leads","entity_id":"507f1f77bcf86cd799439011"}
{"level":"info","time":"2026-09-19T03:01:22.408Z","service":"vantage-main-server","env":"development","msg":"crm.form_lead.submit.http_error","leadId":"507f1f77bcf86cd799439011","endpoint":"https://lead.hellomoving.com/LEADSGWHTTP.lidgw?&API_ID=[redacted]&MOVERREF=[redacted]","status":400,"responseText":"bad request"}
{"level":"error","time":"2026-09-19T03:01:22.408Z","service":"vantage-main-server","env":"development","msg":"crm.form_lead.submit.http_error","observability_level":"error","category":"crm","workflow":"crm_submit","source_company":"tbm_leads","entity_id":"507f1f77bcf86cd799439011"}
{"level":"info","time":"2026-09-19T03:01:22.448Z","service":"vantage-main-server","env":"development","msg":"ringcentral.ingest.processed","action":"dry_run","writeMode":"dry_run","duplicate":false,"duplicateReason":"unique","ingestionSource":"webhook","telephonySessionId":"u20-session","callLogId":null,"sourceCompany":"main_site","durationSeconds":180,"callLeadId":null}
✔ applyBestRelocationPlan is not a Daily Operations hook site (365.9289ms)
✔ persistLeadMessageIntent is not a Daily Operations hook site (24.1719ms)
✔ completeFormLeadIngestion hooks after the reused-lead return (50.958ms)
✔ duplicate booking finalize returns before the Daily Operations writer (74.0158ms)
✔ Sheet Sync job outcomes record one deduped fact per job and outcome with a metric touch (52.0444ms)
✔ the drainer records Sheet Sync facts on synced and failed jobs, never on coalesced duplicates or deferrals (94.0929ms)
✔ completeCallLeadIngestion is the only Call Lead volume hook (131.3261ms)
✔ lead_created capture increments webhook class only (7.1357ms)
✔ priority_updated capture increments webhook class only (0.8628ms)
✔ Booked payload at capture increments class and booked once (1.1503ms)
✔ Release payload at capture increments class and release once (1.6695ms)
✔ Releas token classifies as release (1.0632ms)
✔ unclassified booking_status_changed increments class only (1.0979ms)
✔ granot.minted touches decisions.minted only and does not increment leads.* (3.8874ms)
✔ outcome card parent_receipt_id pairs to the receipt card (2.4242ms)
✔ linked outcome uses parent_receipt_id and decisions.linked (1.2879ms)
✔ synchronize conflict pending does not record granot.linked (0.62ms)
✔ processor maps observe / pending_match / unmatched and skips mint/link (0.9698ms)
✔ intake opened increments intakes.opened; refresh does not (1.0755ms)
✔ process-time Booked increments booked only when capture did not classify (1.2289ms)
✔ Booked increments those buckets once when capture already classified (2.3418ms)
✔ dead letter uses exception:dead_letter:<receiptId> (1.06ms)
✔ receipt kind and dedupe follow spec §14 (0.3497ms)
✔ captureChannelOperationReceipt is not a Daily Operations hook site (159.1234ms)
✔ createLeadFromGranot finalize records granot.minted after existing after-commit work (54.0002ms)
✔ synchronizeLeadFromGranot pending carries outcome and provenance (28.6159ms)
✔ logProcessingCompletion records observe/pending/unmatched when no lead finalize ran (26.705ms)
✔ dead letter hook is the drainer entered seam, not the 202 path (46.4726ms)
✔ webhook capture hooks after persist and before return (56.7872ms)
✔ missing open day returns seeded zeros, not 404 (22.3443ms)
✔ sheet_sync touches increment the day and surface on the snapshot; pre-hook days read zero (2.703ms)
✔ missing yesterday yields null totals so the UI can show a dash (5.6115ms)
✔ yesterday_by_now is hourly 0..currentNyHour, not the full yesterday (14.7504ms)
✔ day_before and day_before_by_now come from the third NY day; missing day is null (4.2643ms)
✔ every SOURCE_COMPANIES slug is present including zeros (3.0859ms)
✔ wordpress_form is a present key even when zero (6.0328ms)
✔ intakes.still_open and texts.held_now are live queries, not day increments (2.2558ms)
✔ GET snapshot does not mutate loaded day documents (5.6777ms)
✔ events cursor is occurred_at ISO plus event id, parsed at the last colon (1.4634ms)
✔ events page is newest-first for the NY day and returns next_cursor (1.3429ms)
✔ test runner reports redis.configured false without constructing a client (1.1688ms)
{"level":"info","time":"2026-09-19T03:01:19.420Z","service":"vantage-main-server","env":"development","msg":"domain_command.applied","observability_level":"info","category":"admin","workflow":"canonical_domain_command","entity_id":"lead-admin"}
✔ [AC-21] command execution model has durable origin/idempotency uniqueness (21.4171ms)
✔ invalid command context fails before database access (2.014ms)
✔ external ingestion rejects human executors and incomplete provenance (1.6811ms)
✔ [AC-21] four origins validate exactly; Granot and RingCentral identities cannot be client-forged (17.2914ms)
✔ [AC-21] replay returns stored applied result; checksum reuse conflicts; compatibility adapter is one-way (29.6343ms)
✔ [AC-21] failed command leaves no successful execution outcome (6.6623ms)
✔ [AC-21] stable now and preallocated IDs survive a transaction callback retry (5.8329ms)
✔ [AC-32] observation_channel must agree with the initiator path (2.2453ms)
✔ [AC-21] compatibility API-secret and scoped-key system actors validate for vantage_admin (4.7418ms)
✔ owner idempotency key helper preserves the 8-200 printable envelope (0.978ms)
✔ call-lead command validates DTO without an unsupported ingestion field (8.2246ms)
{"level":"info","time":"2026-09-19T03:01:19.434Z","service":"vantage-main-server","env":"development","msg":"domain_command.applied","observability_level":"info","category":"admin","workflow":"canonical_domain_command","entity_id":"lead-1","run_id":"run-1"}
{"level":"info","time":"2026-09-19T03:01:19.454Z","service":"vantage-main-server","env":"development","msg":"domain_command.replayed","observability_level":"info","category":"admin","workflow":"canonical_domain_command","entity_id":"lead-1","run_id":"run-1"}
{"level":"info","time":"2026-09-19T03:01:19.464Z","service":"vantage-main-server","env":"development","msg":"domain_command.applied","observability_level":"info","category":"admin","workflow":"canonical_domain_command","entity_id":"lead-retry","run_id":"run-1"}
{"level":"info","time":"2026-09-19T03:01:19.473Z","service":"vantage-main-server","env":"development","msg":"domain_command.applied","observability_level":"info","category":"admin","workflow":"canonical_domain_command","entity_id":"lead-secret"}
{"level":"info","time":"2026-09-19T03:01:19.475Z","service":"vantage-main-server","env":"development","msg":"domain_command.applied","observability_level":"info","category":"admin","workflow":"canonical_domain_command","entity_id":"lead-scoped"}
✔ [AC-21] transaction-bound internals do not open nested transactions or finalize Sheets (273.7838ms)
✔ canonical command modules do not depend on transport or Google adapters (219.2162ms)
✔ durable actor factories mint the fixed Granot and RingCentral identities (1.2016ms)
✔ [AC-32] existing write context factory hashes payload and never stores credentials (24.4932ms)
✔ [AC-32] v1 write routes enter existing adapters and do not patch models (76.5395ms)
✔ runExistingUpdateSourceOwnedLead still uses updateSourceOwnedLead and pending source_lead update (61.4634ms)
✔ [AC-32] existing write adapters persist Changes inside the executor and keep later commands disabled (18.8714ms)
﹣ [AC-21] [AC-32] replica existing write commits Command/Change/revision/outbox; replay and rollback do not (30.1538ms) # Replica-set proof requires TEST_MODE=true before process start.
✔ [AC-32] contact and address paths are reference_only; low-risk paths stay stored (3.9368ms)
✔ [AC-32] Change builders omit raw contact values and emit deterministic paths (26.8504ms)
✔ [AC-32] no-op field collection emits no Change descriptors (1.2838ms)
✔ FORM and CALL CHANGE_PATHS include no_sync so a flip is not a silent no-op (0.5551ms)
✔ collectDocumentFieldChanges reports no_sync when it flips and no-ops when unchanged (1.0157ms)
✔ existing write context maps an Owner extension user to an owner actor (34.6778ms)
✔ existing write context maps Owner plus Sales to an owner actor (0.6124ms)
✔ existing write context rejects sales extension user (1.1651ms)
✔ existing write context rejects customer_service extension user (0.4069ms)
✔ existing write context rejects sales+customer_service extension user (0.3039ms)
﹣ [AC-21] replica executor: exact stored-result replay, checksum conflict, and no second mutation (4.2092ms) # Replica-set proof is opt-in via GRANOT_LIFECYCLE_REPLICA_TESTS=true.
﹣ [AC-21] replica executor: same-key commit race has one winner and exact replay of the stored result (6.114ms) # Replica-set proof is opt-in via GRANOT_LIFECYCLE_REPLICA_TESTS=true.
﹣ [AC-21] replica executor: expected-revision loser is DOMAIN_REVISION_CONFLICT with no Decision/Command (0.8294ms) # Replica-set proof is opt-in via GRANOT_LIFECYCLE_REPLICA_TESTS=true.
﹣ [AC-32] replica executor: Receipt/Observation/Decision causal IDs persist; rollback leaves zero partial rows (3.1644ms) # Replica-set proof is opt-in via GRANOT_LIFECYCLE_REPLICA_TESTS=true.
﹣ [AC-21] replica executor: stable now and preallocated IDs survive callback retry (1.2309ms) # Replica-set proof is opt-in via GRANOT_LIFECYCLE_REPLICA_TESTS=true.
﹣ [AC-32] replica executor: persist failure rolls back Decision, aggregate, and Command (0.6465ms) # Replica-set proof is opt-in via GRANOT_LIFECYCLE_REPLICA_TESTS=true.
﹣ [AC-32] replica executor: post-commit finalize never runs on rollback (0.4592ms) # Replica-set proof is opt-in via GRANOT_LIFECYCLE_REPLICA_TESTS=true.
﹣ [AC-32] replica executor: no Sheet/queue/email/CRM call occurs before commit (0.6807ms) # Replica-set proof is opt-in via GRANOT_LIFECYCLE_REPLICA_TESTS=true.
✔ canonical JSON is stable across object insertion order (7.8452ms)
✔ canonical JSON rejects unsupported values (1.3984ms)
✔ effective capability requires all three gates (3.2761ms)
✔ provider failures classify and retry deterministically (2.0924ms)
✔ fenced in-memory leases reject stale epochs (1.0188ms)
✔ model-backed lease schema carries unique scope and fencing epoch (1.0347ms)
✔ run fake enforces status graph, lease fencing, and monotonic checkpoints (1.1387ms)
✔ system actors remain distinct and metadata is sanitized (1.1896ms)
✔ listBookingLeadReconciliationCases returns admin-facing summary fields (19.8286ms)
✔ getBookingLeadReconciliationCase returns detail fields consumed by admin (1.3527ms)
✔ searchBookingLeadCandidates returns compact case-aware results with a cursor (5.0041ms)
✔ searchBookingLeadCandidates Call q and contact filters include snapshot paths (48.8498ms)
✔ searchBookingLeadCandidates returns Granot and ingested contact snapshots (2.4204ms)
✔ dismissing an owner_booking pending case leaves the Booking Leadless (37.4294ms)
✔ reopenBookingLeadReconciliation guards status and live booking before rematch (3.1698ms)
✔ assembleEmployeeBookingOptions joins active granularities to active companies (8.0694ms)
✔ assembleEmployeeBookingOptions ignores unknown company ids (0.6615ms)
✔ candidate query detects the 26th matching lead instead of proving false uniqueness (39.7431ms)
✔ candidate snapshots keep Granot and ingested contact for owner display (1.1021ms)
✔ candidate query tags a unique Form Lead Job Number as job_no (12.4687ms)
✔ evaluateEmployeeBookingMatch auto-links a unique Call Lead Job Number (5.4291ms)
✔ evaluateEmployeeBookingMatch auto-links a unique Form Lead Job Number on form channel (1.624ms)
✔ evaluateEmployeeBookingMatch treats two Call Leads with the same Job Number as multiple_matches (1.9087ms)
✔ evaluateEmployeeBookingMatch leaves same-phone no-job as pending no_match (0.7701ms)
✔ evaluateEmployeeBookingMatch never auto-links LID, email, or phone under Exact Job Booking Attach (0.7954ms)
✔ evaluateEmployeeBookingMatch never auto-links when candidate query overflowed (0.7691ms)
✔ evaluateEmployeeBookingMatch returns channel_conflict for opposite-channel-only Job Number (0.9185ms)
✔ evaluateEmployeeBookingMatch respects none policy (8.8175ms)
✔ evaluateEmployeeBookingMatch treats contradictory phone/name signals as a hard conflict (0.9634ms)
✔ evaluateEmployeeBookingMatch blocks Job Number and Phone pointing to different Leads (0.8508ms)
✔ evaluateEmployeeBookingMatch does not auto-link a different same-company granularity (0.5504ms)
✔ evaluateEmployeeBookingMatch rematch attaches only after a unique job appears (0.8284ms)
✔ test-mode migration apply remains available with --apply (3.5604ms)
✔ production migration apply requires explicit confirmation (1.3029ms)
✔ test mode cannot apply to the production database without production confirmation (0.3517ms)
✔ production migration apply rejects an unexpected connected database (0.3846ms)
✔ production migration apply accepts explicit confirmation on the production database (0.5672ms)
✔ collectNormalizedCollisions groups normalized duplicates (3.0773ms)
✔ reportHasBlockingCollisions flags booking identity collisions (2.1483ms)
✔ submission collision preflight ignores bookings outside the partial unique index scope (1.326ms)
✔ deriveTrustedOwnerActor rejects bare api secret actor (12.6228ms)
✔ deriveTrustedOwnerActor accepts trusted owner headers with primary secret (1.6118ms)
✔ deriveTrustedOwnerActor accepts owner users directly (0.348ms)
✔ deriveTrustedOwnerActor rejects non-owner users and bare secrets (0.497ms)
✔ assertExactWarningOverrides requires exact current overrideable warnings (0.5725ms)
✔ assertAllowedCaseAction allows only valid transitions (0.5933ms)
✔ assertLiveBookingState blocks cancelled and invalid booking states (3.4032ms)
✔ applyCursorFilter uses date plus id tie-break (4.7602ms)
✔ decodeDateIdCursor rejects malformed dates and object ids (0.807ms)
{"level":"info","time":"2026-09-19T03:01:22.904Z","service":"vantage-main-server","env":"development","msg":"mongo.dns.servers_configured","servers":["8.8.8.8","1.1.1.1"]}
✔ cold rematch connects to Mongo before attempting a lease or model operation (223.636ms)
✔ rematch snapshots Exact Job Booking Attach, not the retired five-rule list (52.1503ms)
✔ rematch evaluator attaches only when a unique Call Lead job appears (34.3502ms)
✔ call lead enrichment prefers source-compatible Job Number matches when the row has a Job Number (31.9807ms)
✔ call lead enrichment blocks sync when phone matches only across assigned source companies (7.0671ms)
✔ syncCallLeadEnrichment does not write when source match is conflict (25.4307ms)
✔ call lead enrichment can claim an unassigned phone-matched call lead source (8.8365ms)
✔ preview does not write live phone, name, or email (25.308ms)
✔ conflicting stored Job Number is not overwritten (3.7286ms)
✔ row Job on Lead A plus Granot phone equal to Lead B ANI selects A (2.6232ms)
✔ contact-only Granot card diff is updateable (3.6454ms)
✔ preview phone rung does not query granot_contact_snapshot (2.3748ms)
✔ parseEnrichmentRow enriches valid cities while ignoring zero and comma placeholders (4.3095ms)
✔ AppError defaults to INTERNAL code and 500 status when no options are given (1.8568ms)
✔ AppError preserves code, statusCode, internalMessage, cause, and metadata from options (1.5856ms)
✔ AppError.toLog returns a safe, structured summary of public fields plus log-only context (0.5292ms)
✔ AppError.toLog omits cause/internalMessage/metadata when they are not provided (0.2742ms)
✔ AppError.toLog handles string causes and unserializable causes without throwing (1.1288ms)
✔ AppError does NOT expose internalMessage or cause via its public message field (0.4257ms)
✔ BadRequestError defaults to 400 and BAD_REQUEST code (2.6748ms)
✔ ValidationError defaults to 400 and VALIDATION code (1.7963ms)
✔ UnauthorizedError defaults to 401 and UNAUTHORIZED code (33.7485ms)
✔ NotFoundError defaults to 404 and NOT_FOUND code (1.3115ms)
✔ ConflictError defaults to 409 and CONFLICT code (0.4517ms)
✔ IntegrationError defaults to 502 and INTEGRATION code (0.557ms)
✔ subclasses allow callers to override the default statusCode without losing the code (0.3339ms)
✔ subclasses carry their constructor name (useful for log filters) (0.3842ms)
✔ subclasses are all instanceof AppError and Error (1.3891ms)
✔ createExtensionUser persists canonical roles and never returns the secret (4.9088ms)
✔ createExtensionUser rejects a duplicate email (21.0894ms)
✔ listExtensionUsers returns roles and dual-reads leftover employee (1.5977ms)
✔ toAdminExtensionUser dual-reads leftover employee as Sales plus Customer Service (0.4736ms)
✔ updateExtensionUser bumps token_version only on actual email, password, or roles change (1.9272ms)
✔ updateExtensionUser rejects a duplicate email with the create message (0.7196ms)
✔ updateExtensionUser returns not found for a missing id (34.002ms)
✔ deleteExtensionUser removes the row so the email can be reused (12.6026ms)
✔ deleteExtensionUser returns not found for a missing id (0.6407ms)
✔ fetchDriveFileMetadata maps 404 distinctly from 403 access denied (34.5872ms)
✔ fetchDriveFileMetadata maps provider failures to integration errors (0.9111ms)
✔ Google refresh tokens round-trip through authenticated encryption (33.4278ms)
✔ encrypted Google refresh tokens are bound to the owner identity (12.2316ms)
✔ OAuth state is stored as a deterministic SHA-256 digest (16.9235ms)
✔ Google Drive folder IDs can be read from IDs or shared URLs (0.9188ms)
✔ invalid Google Drive folder IDs are rejected (2.2928ms)
✔ a requested folder is created under the normalized configured parent (45.9749ms)
✔ public Google OAuth config excludes server secrets (29.6179ms)
✔ sanitized Google Drive connection status excludes configured owner email (1.5006ms)
✔ sanitized Google Drive connection status excludes refresh credentials (0.7616ms)
✔ Picker bootstrap allowlist rejects unexpected response fields (1.2339ms)
✔ reporting ownership marker round-trips and matches destination ID (0.5245ms)
✔ allowed OAuth scopes reject overgrant and extra scopes (2.7531ms)
✔ OAuth scope normalization is order-insensitive (2.4924ms)
✔ Google userinfo.email URI is treated as the email scope (0.4153ms)
✔ google drive owner auth accepts the signed owner admin proxy (44.1452ms)
✔ google drive owner auth rejects scoped API keys (3.6314ms)
✔ google drive owner auth accepts an allowlisted extra owner email (2.3117ms)
✔ google drive owner auth rejects a signed owner outside the allowlist (6.4588ms)
✔ google drive owner auth requires signed owner matching configured identity (4.624ms)
✔ sanitized google drive API errors do not expose configured owner email (5.4573ms)
✔ callback failure logs use stable categories without provider text (0.9921ms)
✔ drive metadata validation rejects wrong mime types (3.7289ms)
✔ drive metadata validation rejects trashed files (0.6463ms)
✔ drive metadata validation rejects non-owned files (0.3841ms)
✔ picker nonce and selection references hash to stable digests (1.0178ms)
✔ invalid picker selection preserves nonce until metadata validates (15.4407ms)
✔ picker nonce replay is rejected after successful verification (4.3327ms)
✔ concurrent valid picker verifications issue at most one selection reference (12.8981ms)
✔ invalid selection reference metadata preserves reference until validation passes (17.9601ms)
✔ denylisted workbook preserves reference until denylist clears (5.1006ms)
✔ denylist configuration fails closed without consuming reference (1.7749ms)
✔ selection reference replay is rejected after successful consume (1.3437ms)
✔ concurrent valid selection reference consumes yield at most one winner (1.471ms)
✔ extractStateCodeFromGoogleGeocodeResponse uses postal address state code (7.0027ms)
✔ extractStateCodeFromGoogleGeocodeResponse converts state component name (0.7002ms)
✔ Form Lead that is not a Duplicate Lead expects Master Leads Forms (6.1113ms)
✔ Duplicate Form Lead expects Master Leads Duplicates (2.3707ms)
✔ Bad Lead expects the primary tab and Bad Leads (0.4836ms)
✔ Call Lead that is not a Duplicate Lead expects Master Leads Calls (0.5609ms)
✔ Duplicate Call Lead expects Master Leads Duplicate Calls (0.9058ms)
✔ Unmatched Call Lead is not expected on Master Leads (1.5495ms)
✔ ordinary No-Sync Form Lead skips Master Leads with no_sync (1.9834ms)
✔ ordinary No-Sync Call Lead skips Master Leads with no_sync (0.6819ms)
✔ No-Sync + Bad Lead still expects today's Bad tabs (0.4648ms)
✔ No-Sync + Duplicate Call Lead still expects Duplicate Calls (0.7536ms)
✔ Booking expects Master Booked Booked Deals (0.3628ms)
✔ Cancellation expects Master Booked Cancelled Deals (0.2462ms)
✔ formatDateOnly returns ISO date prefix (2.7825ms)
✔ formatTimestamp uses owner-facing UTC clock components (1.1329ms)
✔ booleanCell maps booleans to sheet strings (0.403ms)
✔ localCell maps values to local/long_distance (0.3065ms)
✔ optionalLocalCell returns empty string when blank (0.6198ms)
✔ bookedCell, bookedDateCell, cancelledCell, quotedCell map booleans to labels (4.7329ms)
✔ overThresholdCell returns label or blank (0.5312ms)
✔ formatNumber stringifies finite numbers and elides null/undefined/NaN (0.3943ms)
✔ primaryBookingAgent returns first agent name snapshot (0.6603ms)
✔ splitCell only flags true splits when there are at least two named allocations with non-zero amounts (0.7211ms)
✔ formLeadToRow projects fields in the documented header order (1.1741ms)
✔ formLeadToRow defaults missing ref_no to 'not provided' (0.4755ms)
✔ lead projections use exact GetMovers source labels (2.1322ms)
✔ formLeadToRow clears booking reporting columns after booking deletion (0.572ms)
✔ callLeadToRow projects fields in the documented header order (0.6464ms)
✔ callLeadToRow clears booking reporting columns after booking deletion (0.8833ms)
✔ bookedLeadToRow projects allocations, customer, and lead ref (2.012ms)
✔ bookedLeadToRow writes form source label from canonical slug (0.5234ms)
✔ bookedLeadToRow writes call source label from canonical slug (0.5028ms)
✔ bookedLeadToRow resolves legacy source labels before writing (0.4082ms)
✔ bookedLeadToRow projects referral customer name and blank lead ref (0.3659ms)
✔ bookedLeadToRow projects leadless booking source label and blank lead ref (0.2819ms)
✔ cancelledLeadToRow projects cancellation fields (0.3972ms)
✔ cancelledLeadToRow leaves cancel_date blank when missing (0.2134ms)
✔ rowsFromValues maps Mongo ID cells and keeps evidence columns (5.3314ms)
✔ found Form Lead returns Master Leads Forms evidence and a sheet link (21.008ms)
✔ missing Form Lead stays missing and can attach an open Sheet Sync job (0.8935ms)
✔ Form Lead on Duplicates when Forms was expected is wrong_tab (1.3524ms)
✔ unmatched Call Lead is not_expected and does not read tabs (1.3213ms)
✔ ordinary No-Sync Form Lead is not_expected and does not read tabs (0.5737ms)
✔ ordinary No-Sync Call Lead is not_expected and does not read tabs (0.5149ms)
✔ No-Sync + Bad Lead uses today's Bad expected tabs, not the no_sync skip (1.0442ms)
✔ No-Sync + Duplicate Call Lead uses today's Duplicate Calls tab, not the no_sync skip (3.2233ms)
✔ ordinary Call missing from Calls is still missing (1.7956ms)
✔ unknown Mongo id is not_found (0.6209ms)
✔ Bad Lead found on Forms but missing Bad Leads is still found with a missing tab (0.8495ms)
✔ Booking found on Booked Deals (1.7027ms)
✔ preserves request order and dedupes ids (0.961ms)
✔ ensureTabsAndHeaders expands an undersized existing grid without shrinking it (4.9338ms)
✔ Master Leads provisions a dedicated Duplicate Calls tab (1.8765ms)
✔ Duplicate Calls tab reuses the Calls headers (0.8408ms)
✔ duplicate-call sync targets resolve to the Calls headers (0.2722ms)
✔ duplicate-call master target ensures the Master Leads tab set (0.4772ms)
✔ Master Leads provisions Bad Leads with form headers (0.312ms)
✔ Bad Leads master target ensures the Master Leads tab set (0.234ms)
✔ buildGranotCrmCsvObjectKeys creates latest/meta/history paths (4.1075ms)
✔ buildRegistryKey follows CRM origin host (0.9887ms)
✔ parseGranotCsv normalizes headers and skips total rows (3.218ms)
✔ [AC-03] form identity vocabulary excludes lids while allowing Mongo id as a secondary lookup (4.7666ms)
✔ [AC-03] form planning gives exact FormLead.ref_no priority over every fallback (2.6825ms)
✔ exact identity wins but surfaces a source-company mismatch warning (0.8623ms)
✔ duplicate exact FormLead.ref_no candidates are a conflict (0.7471ms)
✔ [AC-03] form planning falls back only after FormLead.ref_no has no match (1.7468ms)
✔ [AC-03] form planning resolves an ObjectId ref_no only after exact field lookup misses (1.0625ms)
✔ fallback ties resolve by source company then quoted prior (0.5757ms)
✔ fallback refuses a sole candidate from a different source company (1.1453ms)
✔ fallback does not select a lead from name alone (0.9372ms)
✔ fallback scores only candidates that pass the source-company gate (7.3549ms)
✔ form patch has extension parity and fills only missing locations (1.1791ms)
✔ [AC-33] form planning labels Booked Jobs and Follow Up sections separately (15.2014ms)
✔ apply deployment gate is explicit (0.5855ms)
✔ form patch never overwrites an existing receiver (0.3797ms)
✔ source report parsing returns both Granot lead sections with job numbers (32.0975ms)
✔ source report parsing finds Granot's nested tables after centered headings (11.3062ms)
✔ content hashes ignore per-login Granot session tokens (15.6078ms)
✔ collected rows map to existing call-lead endpoint payloads (25.2685ms)
✔ call-lead payloads never expose or interpret Granot ref_no (7.399ms)
✔ collector follows the Granot report flow and records absent sources (74.2623ms)
✔ collector retries the full flow when the source page expires the session (22.5327ms)
✔ collector rejects impossible date windows before contacting Granot (1.2407ms)
✔ [AC-33] Form Follow Up statement keeps raw Priority, separate user/rep, and location aliases (3.6058ms)
✔ [AC-33] Form Booked statement is booking_action_apply with raw Booked evidence (1.378ms)
✔ [AC-33] Call enrichment statement does not collapse user/rep (0.635ms)
✔ [AC-33] Call Booked statement keeps raw Booked and does not infer Release (0.4502ms)
✔ [AC-02] oversized ${run_id}:${action_id} is rejected before plan lock (1.1824ms)
✔ [AC-02] schema-v1 plans fail closed as RUN_REPLAN_REQUIRED (0.5281ms)
✔ [AC-02] sealing a collected plan stores schema v2 lifecycle_apply before checksum (2.4708ms)
✔ pending lifecycle outcomes keep the run applying (0.5583ms)
✔ run-group creation inserts two correlated compatible queued children (7.6177ms)
✔ run-group validation completes before any child insertion (2.0382ms)
✔ call plan previews convert Mongo ObjectIds before checksumming (4.0185ms)
✔ form expected filters do not cast empty strings as ObjectIds (1.3962ms)
✔ [AC-02] applyRun has no runtime path to legacy Form/Call/Booked mutation services (61.7397ms)
✔ source IDs canonicalize case before lookup and duplicate validation (33.3014ms)
✔ source partitioning keeps only compatible IDs in each child snapshot (0.7024ms)
✔ [AC-38] unavailable resolve issues keep INVALID_GRANOT_SOURCES and per-source codes (0.3756ms)
✔ run-group resolve asks each source only for operations its Registry routes permit (1.4352ms)
✔ a source with no matching Registry route still fails the asked operation (0.6379ms)
✔ [AC-38] resolve never treats label or supported_operations as semantic authority (0.386ms)
✔ source partitioning rejects an empty selected workflow (0.3947ms)
﹣ [AC-21] replica CAS: one winner increments once; loser is DOMAIN_REVISION_CONFLICT (12.6787ms) # Replica-set proof is opt-in via GRANOT_LIFECYCLE_REPLICA_TESTS=true.
✔ [AC-21] CAS primitive requires { _id, domain_revision } and names DOMAIN_REVISION_CONFLICT (3.5644ms)
✔ [AC-37][AC-38] Unit 30 rollout alert codes stay frozen (3.6213ms)
✔ [AC-37] oldest due fires only after 15 minutes plus 10 minutes continuity (21.5421ms)
✔ [AC-31] insufficient data never recovers an active alert (0.4581ms)
✔ [AC-37] any current dead letter fires and zero is ok (0.4559ms)
✔ [AC-37] capture 503 and claim-recovery windows use exact thresholds (11.1576ms)
✔ [AC-31] empty p95 and source-rate samples are insufficient_data, not success (1.1319ms)
✔ [AC-31] p95 uses deterministic nearest-rank and the 10-minute threshold (14.1911ms)
✔ [AC-38] RingCentral lease and enabled-source ambiguity rate stay bounded (0.7694ms)
✔ [AC-37] repeated evaluation does not fan out: only open/clear transitions emit (0.5844ms)
✔ [AC-05] planner conversion keeplisted Priority/Quoted/move paths and drops derived metadata (27.8032ms)
✔ [AC-05] quoted:false is rejected and no write path sets it false (1.8939ms)
✔ snapshot-only Call plan converts and keeps live phone off contact_changed_paths (0.9558ms)
✔ [AC-10] [AC-12] contact leaves stay on current-contact paths; snapshot is not a contact leaf (0.6108ms)
✔ [AC-11] FormLead destination_zip is allowed and CallLead delivery_zip is required instead (1.3613ms)
✔ [AC-32] forbidden metadata, extra paths, and unsorted path lists are rejected (2.3421ms)
✔ [AC-32] contact hash is stable and omits values from the checksum helper output (8.9067ms)
﹣ [AC-02] concurrent automation operation ID + same hash yields one receipt (4.815ms) # Replica-set proof requires TEST_MODE=true before process start.
﹣ [AC-02] concurrent automation operation ID + different hash has one winner and 409 (0.9962ms) # Replica-set proof requires TEST_MODE=true before process start.
﹣ [AC-02][AC-33] automation apply captures one receipt, replays it, and writes zero forbidden collections (0.8306ms) # Replica-set proof requires TEST_MODE=true before process start.
✔ [AC-02][AC-33] automation apply captures granot_http_automation then claimAndProcessOrPoll (16.8405ms)
✔ [AC-02] exact replay returns the stored terminal receipt without another capture (0.6282ms)
✔ [AC-02] accepted_for_processing yields a nonterminal receipt for the same operation ID (0.6835ms)
✔ pending_match stays accepted_for_processing until a terminal Decision exists (0.5039ms)
✔ dead-lettered receipts become bounded technical_failure (1.142ms)
✔ processing disabled leaves the durable receipt recoverable (0.5018ms)
✔ [AC-38] missing automation reference is visible and unavailable for apply (2.0789ms)
✔ [AC-38] invalid referenced Registry row is missing_reference, not a label fallback (0.4507ms)
✔ [AC-38] multiple normalized Registry matches make the automation source ambiguous (0.3268ms)
✔ [AC-38] disabled, lifecycle-disabled, or deferred Registry rows cannot be applied (0.3381ms)
✔ [AC-38] Call routes cannot satisfy a form_leads apply selection (0.4598ms)
✔ [AC-09] ready Form policy permits form_leads and never uses supported_operations as authority (2.3732ms)
﹣ [AC-21][AC-22][AC-23][AC-32] replica confirm is atomic, replay-safe, exact, and source-preserving (4.9438ms) # Replica-set proof requires TEST_MODE=true before process start.
﹣ [AC-22][AC-23] inactive catalog failure leaves the whole effect set invisible (0.7697ms) # Replica-set proof requires TEST_MODE=true before process start.
﹣ [AC-21] simultaneous confirms produce one winner and no duplicate effects (0.4624ms) # Replica-set proof requires TEST_MODE=true before process start.
﹣ [AC-20][AC-21][AC-24][AC-32] replica update fully replaces official fields with one causal chain (2.2267ms) # Replica-set proof requires TEST_MODE=true before process start.
﹣ [AC-20][AC-21][AC-32] replica No Action resolves only case and Command with exact replay (0.6269ms) # Replica-set proof requires TEST_MODE=true before process start.
﹣ [AC-24][AC-32] replica update rolls back atomically after every persisted write boundary (1.5574ms) # Replica-set proof requires TEST_MODE=true before process start.
﹣ [AC-21] replica update versus No Action has one case-revision winner (0.9402ms) # Replica-set proof requires TEST_MODE=true before process start.
﹣ Confirm omit selected_lead with unique high suggestion attaches and queues booking_chain (0.6796ms) # Replica-set proof requires TEST_MODE=true before process start.
﹣ Confirm omit selected_lead with medium-only suggestion creates a Leadless Booking (0.8786ms) # Replica-set proof requires TEST_MODE=true before process start.
﹣ Confirm Owner-selected medium attaches that Lead (1.3589ms) # Replica-set proof requires TEST_MODE=true before process start.
﹣ Confirm lost claim fails closed and does not fall through to Leadless (1.4072ms) # Replica-set proof requires TEST_MODE=true before process start.
﹣ Update Existing Booking on a Granot Leadless Booking writes official fields and Master Booked only (0.5409ms) # Replica-set proof requires TEST_MODE=true before process start.
▶ selectBookingIntakeLatestAction
  ✔ returns undefined for empty evidence (2.1304ms)
  ✔ returns priority_5 when that is the only action (0.4628ms)
  ✔ ignores priority_5 when booked or release evidence exists (0.3159ms)
  ✔ selects the temporally latest booked or release action (0.4149ms)
  ✔ tie-breaks same captured_at with higher Observation id hex (0.3338ms)
✔ selectBookingIntakeLatestAction (6.3632ms)
﹣ [AC-R9] Confirm Cancellation succeeds only for AC-R3 posture and replays (5.7116ms) # Replica-set proof requires TEST_MODE=true before process start.
﹣ [AC-R9] create-missing + latest Release writes no Cancellation (1.345ms) # Replica-set proof requires TEST_MODE=true before process start.
﹣ [AC-R9] latest Booked on review mode is GRANOT_CASE_REVISION_CONFLICT and writes no Cancellation (1.1676ms) # Replica-set proof requires TEST_MODE=true before process start.
﹣ [AC-R9] booking commands disabled is POLICY_BLOCKED even when release command flags are true (0.6431ms) # Replica-set proof requires TEST_MODE=true before process start.
﹣ [AC-RRF-01][AC-RRF-06] Release-first Referral review No Action closes the case only (12.9135ms) # Replica-set proof requires TEST_MODE=true before process start.
﹣ [AC-RRF-02] Release-first Referral review Update keeps one Booking (1.5312ms) # Replica-set proof requires TEST_MODE=true before process start.
﹣ [AC-RRF-03] Release-first review latest Booked Cancel is GRANOT_CASE_REVISION_CONFLICT (0.6122ms) # Replica-set proof requires TEST_MODE=true before process start.
﹣ [AC-RRF-03] Release-first review latest Release Cancel creates Cancellation without a Lead (0.7414ms) # Replica-set proof requires TEST_MODE=true before process start.
﹣ [AC-RRF-05] Release-first Referral review dead Registry is GRANOT_POLICY_BLOCKED (2.0727ms) # Replica-set proof requires TEST_MODE=true before process start.
﹣ [AC-RRF-01] Release-first Referral review job mismatch or pre-activation is GRANOT_IDENTITY_CONFLICT (0.7514ms) # Replica-set proof requires TEST_MODE=true before process start.
▶ assertBookingIntakeCancelAllowed
  ✔ allows open review_existing_booking with latest Release (2.3245ms)
  ✔ rejects create_missing_booking even when latest action is Release (1.2978ms)
  ✔ rejects create_referral_booking even when latest action is Release (0.3983ms)
  ✔ rejects review_existing_booking when latest action is Booked (0.3541ms)
  ✔ rejects a resolved review case even when latest action is Release (0.3185ms)
✔ assertBookingIntakeCancelAllowed (8.7187ms)
▶ isAcceptedReferralPolicyAction
  ✔ [AC-RRF-01] review_existing_booking + first action release → accept (0.537ms)
  ✔ [AC-RRF-02] review_existing_booking + first action booked → accept (0.7542ms)
  ✔ [AC-RRF-01] create_referral_booking + first action booked → accept (0.4784ms)
  ✔ [AC-RRF-01] first action priority_5 / missing / unknown / empty → reject (0.6845ms)
✔ isAcceptedReferralPolicyAction (3.4462ms)
✔ [AC-P1] Priority 5 then Booked selects the preceding Priority Update (4.1808ms)
✔ [AC-P2] Booked that carries Priority 5 with no preceding Priority Update (0.6784ms)
✔ [AC-P3] Booked without valid canonical 5 is booked_without_priority_5 (1.4786ms)
✔ [AC-P4] later Priority 5 is read-time only and does not become preceding (1.0425ms)
✔ equal temporal tuple is neither preceding nor later (0.622ms)
✔ other jobs are ignored and lead_created Priority 5 is not preceding (0.73ms)
✔ latest older Priority 5 wins when several precede Booked (0.6726ms)
✔ throws without a Booked creating Observation or Job Number (1.5208ms)
✔ isCanonicalPriorityFive requires valid canonical 5 (0.6073ms)
✔ wire and list projections keep IDs, times, route, and Priority only (260.5713ms)
﹣ [AC-28][AC-32] replica simultaneous Referral evidence opens one lead-free case and preserves Decision source policy (3.2289ms) # Replica-set proof requires TEST_MODE=true before process start.
﹣ [AC-18][AC-20][AC-32][AC-36] replica races converge, replay dedupes, and resolved rows advance max+1 (0.7703ms) # Replica-set proof requires TEST_MODE=true before process start.
﹣ [AC-20] replica candidate refresh splits owner and evidence revisions (0.4279ms) # Replica-set proof requires TEST_MODE=true before process start.
﹣ [AC-20][AC-32] replica transaction rolls back case create, refresh, and Decision failures (0.4411ms) # Replica-set proof requires TEST_MODE=true before process start.
﹣ [AC-P8] replica persists pairing on Booked open, replay is a no-op, later Priority 5 does not write (1.7428ms) # Replica-set proof requires TEST_MODE=true before process start.
﹣ [AC-R1] replica later Releas appends Release evidence on the same open Booked case (0.7162ms) # Replica-set proof requires TEST_MODE=true before process start.
﹣ [AC-R2] replica Releas first opens create-missing; later Booked refreshes the same case (0.5195ms) # Replica-set proof requires TEST_MODE=true before process start.
﹣ [AC-R7] replica later Releas after resolve opens sequence+1 create-missing; no Release case (0.52ms) # Replica-set proof requires TEST_MODE=true before process start.
﹣ [AC-R7] replica later Releas after resolve opens sequence+1 review when Booking is still active (2.7212ms) # Replica-set proof requires TEST_MODE=true before process start.
﹣ [AC-R8] replica exact Release Observation replay is a no-op (2.3796ms) # Replica-set proof requires TEST_MODE=true before process start.
{"level":"info","time":"2026-09-19T03:01:53.502Z","service":"vantage-main-server","env":"development","msg":"granot_lifecycle.booking_case.opened","observability_level":"info","category":"booking","workflow":"granot_booking_reconciliation"}
✔ [AC-35] candidate browser preserves source scope metadata and override warning (2.8638ms)
▶ Booking Reconciliation classification
  ✔ [AC-18] Priority 5 never opens or refreshes a Booking case (4.4025ms)
  ✔ [AC-18a] Referral Priority 5 only remains not_booking_evidence (0.7124ms)
  ✔ [AC-19] actual Booked opens create-missing or review-existing and never treats ambiguity as no-case (0.5472ms)
  ✔ [AC-28][AC-39] delegates employee work, routes cancellation, and owns Referral cases (1.0832ms)
  ✔ [AC-40] excludes Bad/Duplicate or ambiguous suggestions (0.6689ms)
  ✔ [AC-18][AC-19] projects only canonical eligible candidates and bounds refresh to 24 hours (1.1554ms)
✔ Booking Reconciliation classification (9.9712ms)
▶ Booking Reconciliation persistence
  ✔ [AC-19] atomically opens one create-missing case with causal evidence and Decision (10.0441ms)
  ✔ does not increment booked again when capture already classified Booked (52.7427ms)
  ✔ [AC-20] refreshes new evidence without staling case revision and dedupes Observation replay (5.3461ms)
  ✔ Observation replay does not increment Daily Operations intake again (67.8522ms)
  ✔ [AC-28] opens and refreshes a Referral case without Source Scope or Lead suggestion (22.9758ms)
  ✔ [AC-20] allocates next sequence after a resolved case and never reopens it (3.9614ms)
  ✔ [AC-P1][AC-P8] persists Booked pairing snapshot, replay is a no-op, later Priority 5 does not write (3.5949ms)
  ✔ [AC-P1] persist snapshot is priority_5_then_booked and evidence is Booked only (3.4298ms)
  ✔ [AC-P5] Releas/Release with no official Booking opens a booked booking case with release evidence (1.4505ms)
  ✔ [AC-R1] later Releas appends Release evidence on the same open Booked case (6.5469ms)
  ✔ [AC-R2] Releas first opens create-missing; later Booked refreshes the same case (4.6ms)
  ✔ [AC-R3] official active Booking + Releas opens review_existing_booking with release evidence (3.2437ms)
  ✔ [AC-R4] officially cancelled Booking + Releas is already_current and writes no booking case (2.0174ms)
  ✔ [AC-R5] officially cancelled Booking + Booked still opens booked_after_official_cancellation (0.8774ms)
  ✔ [AC-R6] identity conflict on Release opens a release_* discrepancy and no booking case (2.9473ms)
  ✔ [AC-P2][AC-P3][AC-P4] second Booked refreshes evidence and pairing snapshot (1.5381ms)
  ✔ [AC-39] fails closed when expected employee reconciliation work is absent (0.4221ms)
  ✔ actual Booked on a Granot official Leadless Booking opens review_existing_booking (2.5923ms)
✔ Booking Reconciliation persistence (199.1983ms)
{"level":"info","time":"2026-09-19T03:01:53.535Z","service":"vantage-main-server","env":"development","msg":"granot_lifecycle.booking_case.opened","observability_level":"info","category":"booking","workflow":"granot_booking_reconciliation"}
{"level":"info","time":"2026-09-19T03:01:53.561Z","service":"vantage-main-server","env":"development","msg":"granot_lifecycle.booking_case.opened","observability_level":"info","category":"booking","workflow":"granot_booking_reconciliation"}
{"level":"info","time":"2026-09-19T03:01:53.563Z","service":"vantage-main-server","env":"development","msg":"granot_lifecycle.booking_case.refreshed","observability_level":"info","category":"booking","workflow":"granot_booking_reconciliation"}
{"level":"info","time":"2026-09-19T03:01:53.598Z","service":"vantage-main-server","env":"development","msg":"granot_lifecycle.booking_case.opened","observability_level":"info","category":"booking","workflow":"granot_booking_reconciliation"}
{"level":"info","time":"2026-09-19T03:01:53.614Z","service":"vantage-main-server","env":"development","msg":"granot_lifecycle.booking_case.refreshed","observability_level":"info","category":"booking","workflow":"granot_booking_reconciliation"}
{"level":"info","time":"2026-09-19T03:01:53.635Z","service":"vantage-main-server","env":"development","msg":"granot_lifecycle.booking_case.opened","observability_level":"info","category":"booking","workflow":"granot_booking_reconciliation"}
{"level":"info","time":"2026-09-19T03:01:53.655Z","service":"vantage-main-server","env":"development","msg":"granot_lifecycle.booking_case.refreshed","observability_level":"info","category":"booking","workflow":"granot_booking_reconciliation"}
{"level":"info","time":"2026-09-19T03:01:53.658Z","service":"vantage-main-server","env":"development","msg":"granot_lifecycle.booking_case.opened","observability_level":"info","category":"booking","workflow":"granot_booking_reconciliation"}
{"level":"info","time":"2026-09-19T03:01:53.659Z","service":"vantage-main-server","env":"development","msg":"granot_lifecycle.booking_case.opened","observability_level":"info","category":"booking","workflow":"granot_booking_reconciliation"}
{"level":"info","time":"2026-09-19T03:01:53.662Z","service":"vantage-main-server","env":"development","msg":"granot_lifecycle.booking_case.opened","observability_level":"info","category":"booking","workflow":"granot_booking_reconciliation"}
{"level":"info","time":"2026-09-19T03:01:53.663Z","service":"vantage-main-server","env":"development","msg":"granot_lifecycle.booking_case.refreshed","observability_level":"info","category":"booking","workflow":"granot_booking_reconciliation"}
{"level":"info","time":"2026-09-19T03:01:53.667Z","service":"vantage-main-server","env":"development","msg":"granot_lifecycle.booking_case.opened","observability_level":"info","category":"booking","workflow":"granot_booking_reconciliation"}
{"level":"info","time":"2026-09-19T03:01:53.668Z","service":"vantage-main-server","env":"development","msg":"granot_lifecycle.booking_case.opened","observability_level":"info","category":"booking","workflow":"granot_booking_reconciliation"}
{"level":"info","time":"2026-09-19T03:01:53.672Z","service":"vantage-main-server","env":"development","msg":"granot_lifecycle.booking_case.opened","observability_level":"info","category":"booking","workflow":"granot_booking_reconciliation"}
{"level":"info","time":"2026-09-19T03:01:53.674Z","service":"vantage-main-server","env":"development","msg":"granot_lifecycle.booking_case.refreshed","observability_level":"info","category":"booking","workflow":"granot_booking_reconciliation"}
{"level":"info","time":"2026-09-19T03:01:53.679Z","service":"vantage-main-server","env":"development","msg":"granot_lifecycle.booking_case.opened","observability_level":"info","category":"booking","workflow":"granot_booking_reconciliation"}
{"level":"info","time":"2026-09-19T03:01:53.680Z","service":"vantage-main-server","env":"development","msg":"granot_lifecycle.booking_case.refreshed","observability_level":"info","category":"booking","workflow":"granot_booking_reconciliation"}
{"level":"info","time":"2026-09-19T03:01:53.683Z","service":"vantage-main-server","env":"development","msg":"granot_lifecycle.booking_case.opened","observability_level":"info","category":"booking","workflow":"granot_booking_reconciliation"}
{"level":"info","time":"2026-09-19T03:01:53.690Z","service":"vantage-main-server","env":"development","msg":"granot_lifecycle.booking_case.opened","observability_level":"info","category":"booking","workflow":"granot_booking_reconciliation"}
{"level":"info","time":"2026-09-19T03:01:53.691Z","service":"vantage-main-server","env":"development","msg":"granot_lifecycle.booking_case.refreshed","observability_level":"info","category":"booking","workflow":"granot_booking_reconciliation"}
{"level":"info","time":"2026-09-19T03:01:53.694Z","service":"vantage-main-server","env":"development","msg":"granot_lifecycle.booking_case.opened","observability_level":"info","category":"booking","workflow":"granot_booking_reconciliation"}
✔ [AC-01][AC-35] capture writes a complete v2 webhook receipt with proven auth and no later fields (17.9522ms)
✔ [AC-01][AC-35] header allowlist keeps only the five bounded names (3.1268ms)
✔ [AC-02][AC-35] hashes the credential-redacted payload after allowlisting headers (1.5418ms)
✔ [AC-02] identical webhook deliveries stay distinct receipts and may share the diagnostic hash (10.0086ms)
✔ [AC-01] capture refuses an unproven authentication method before persist (2.3149ms)
✔ [AC-02][AC-33][AC-35] extension channel capture stores one browser_extension receipt and redacts credentials (2.2392ms)
✔ [AC-02] same extension operation ID + same hash replays the existing receipt (4.5477ms)
✔ [AC-02] same extension operation ID + different hash is GRANOT_OPERATION_IDEMPOTENCY_CONFLICT (9.4999ms)
✔ webhook capture records a Daily Operations receipt fact after persist (2.9583ms)
✔ booking_status_changed Booked payload records granot.booked at capture (9.8251ms)
✔ identical webhook deliveries increment Daily Operations once per receipt (1.4798ms)
✔ extension channel capture does not record a Daily Operations fact (0.6225ms)
✔ Booked webhook capture increments class and booked once (0.9073ms)
✔ unclassified booking_status_changed increments class only (1.1929ms)
✔ channel capture replay does not increment Daily Operations (1.4096ms)
✔ [AC-02] automation channel capture stores one granot_http_automation receipt (0.6825ms)
✔ [AC-02] same automation operation ID + different kind is GRANOT_OPERATION_IDEMPOTENCY_CONFLICT (1.6083ms)
✔ Owner selected_lead attaches even when the suggestion is medium (13.9113ms)
✔ no selected_lead and a unique high suggestion auto-attaches (0.6073ms)
✔ no selected_lead and a medium-only suggestion stays Leadless (0.3303ms)
✔ no selected_lead and no suggestion stays Leadless (0.2484ms)
✔ source_scoped_contact never auto-attaches even if confidence were high (0.3014ms)
✔ Sheet intents distinguish attached Confirm from Leadless Confirm and Update (0.5384ms)
✔ Referral is not a Granot official Leadless Booking (0.3648ms)
﹣ Connect happy path attaches the Lead, writes EntityChange, and queues booking_chain (2.2099ms) # Replica-set proof is opt-in via GRANOT_LIFECYCLE_REPLICA_TESTS=true.
﹣ Connect already_satisfied on the exact same Lead writes no new Change (0.5829ms) # Replica-set proof is opt-in via GRANOT_LIFECYCLE_REPLICA_TESTS=true.
﹣ Connect exact Idempotency-Key replay returns the durable result (0.4806ms) # Replica-set proof is opt-in via GRANOT_LIFECYCLE_REPLICA_TESTS=true.
﹣ Connect rejects Referral, cancelled, already-booked Lead, and stale revision (0.4081ms) # Replica-set proof is opt-in via GRANOT_LIFECYCLE_REPLICA_TESTS=true.
﹣ Connect flag-off is POLICY_BLOCKED (0.4655ms) # Replica-set proof is opt-in via GRANOT_LIFECYCLE_REPLICA_TESTS=true.
✔ Connect sheet intent is booking_chain / booked_lead.connect_lead (3.7763ms)
✔ only Granot official Leadless Bookings without an open case are connectable (1.1033ms)
✔ Connect rejects owner_booking and employee_booking Leadless and any open case (3.2209ms)
✔ Eligible Connect Leads exclude Duplicate, Bad, cancelled, booked, and unmatched Call Leads (0.5977ms)
✔ Source assignment prefers Record Link scope, then employee snapshot, then booking source slug (0.5715ms)
✔ Lead matches booking source on company id, granularity, or slug (0.4333ms)
✔ evaluateConnectPreconditions attaches an eligible unbooked Lead (0.3483ms)
✔ already_satisfied when the Booking already has this exact Lead (0.4434ms)
✔ IDENTITY_CONFLICT when the Booking already has a different Lead (0.7152ms)
✔ IDENTITY_CONFLICT when another Booking already owns the Lead (2.7828ms)
✔ Referral, cancelled, Duplicate, Bad, and unmatched Call Leads are rejected (0.641ms)
✔ stale booking revision fails closed (0.4576ms)
✔ out-of-scope without override is rejected; with reason it connects (1.4764ms)
✔ empty Connect q does not dump the book (10.5149ms)
✔ Connect Form q hits snapshot paths and omits ineligible Leads (5.4513ms)
✔ Connect Call q hits snapshot paths and excludes unmatched Call Leads (2.0731ms)
✔ Connect Call q for Granot-only phone hits snapshot phone paths (1.8081ms)
✔ Connect candidates fail closed on Referral, cancelled, and open-case Bookings (2.2777ms)
﹣ [AC-08] replica concurrent same-Observation replay commits one atomic Form creation chain (3.9041ms) # Replica-set proof requires TEST_MODE=true before process start.
﹣ [AC-08][AC-09] replica Call phone is pending, Job-only is not_applicable, and fabricates no telephony (0.8246ms) # Replica-set proof requires TEST_MODE=true before process start.
﹣ [AC-08] replica Call creation rejects missing or multiple active route assignments (0.7377ms) # Replica-set proof requires TEST_MODE=true before process start.
﹣ [AC-07][AC-08] replica competing scoped Call phone identity creates nothing (0.5924ms) # Replica-set proof requires TEST_MODE=true before process start.
﹣ Race A: existing RingCentral Call Lead synchronizes even with adoption off (0.6366ms) # Replica-set proof requires TEST_MODE=true before process start.
﹣ [AC-08] replica exact replay returns stored refs; checksum conflict creates no partial state (2.1943ms) # Replica-set proof requires TEST_MODE=true before process start.
﹣ [AC-08] replica rollback after reserved-link identity race leaves zero orphan effects (0.6358ms) # Replica-set proof requires TEST_MODE=true before process start.
﹣ [AC-07][AC-08] replica concurrent same-job writers keep one Lead and one active link (0.8053ms) # Replica-set proof requires TEST_MODE=true before process start.
﹣ [AC-07][AC-08] replica processor race replans the loser through Unit 18 (0.7091ms) # Replica-set proof requires TEST_MODE=true before process start.
﹣ [AC-08] replica rolls back Lead/link/Change/Decision/Command/outbox stage failures (0.8942ms) # Replica-set proof requires TEST_MODE=true before process start.
✔ [AC-08] idempotency key is observation-scoped and stable (4.3678ms)
✔ [AC-08] checksum covers Observation, model, source-scope, policy version, and creation semantics (2.3043ms)
✔ [AC-08] checksum never includes raw transport envelope or secret-bearing headers (0.7998ms)
✔ [AC-08] command envelope rejects invalid Observation, missing provenance, and wrong idempotency key (3.5793ms)
✔ create_if_missing SMS handoff requires the resolved Lead Source ID from source_scope (1.2849ms)
✔ observation-load create guard allows lead_created only (0.3536ms)
✔ command rejects priority_updated even for Call create_if_missing (0.3732ms)
✔ executeCreation requested_effect stays lead_created (2.3076ms)
✔ both Granot phone-fence sites run without the adoption flag; Job-only still skips (1.4493ms)
✔ booking intake selection prefers the latest Booked evidence (4.7249ms)
✔ booking intake selection falls back to the latest creating evidence (0.4716ms)
✔ booking intake selection prefers latest Release when the case has only Release evidence (0.2754ms)
✔ booking intake selection prefers Booked when Booked and Release evidence both exist (0.266ms)
✔ booking intake creating observation returns the credential-redacted Booked statement (4.5858ms)
✔ booking intake creating observation is absent for missing booking cases (0.3716ms)
✔ [AC-P1] creating observation includes pairing and the preceding Priority 5 snapshot (1.3176ms)
✔ [AC-P3] Booked-without-5 still returns 200 with the Booked statement and no paired snapshot (0.6502ms)
✔ Release-only booking case creating observation is preferred_release with null pairing (0.8282ms)
✔ Booked plus Release booking case creating observation stays preferred_booked (0.8226ms)
✔ [AC-P6] historical Priority-5-only remains latest_creating with null pairing (0.5615ms)
✔ cancellation intake selection prefers the latest Release evidence (0.8111ms)
✔ cancellation intake creating observation returns the credential-redacted Release statement (10.514ms)
✔ intake creating observation uses the booking statement when both collections could match (1.5345ms)
✔ intake creating observation is absent when neither case exists (0.7018ms)
{"level":"info","time":"2026-09-19T03:02:00.456Z","service":"vantage-main-server","env":"development","msg":"granot_lifecycle.processing.completed","receipt_id":"6aad…b8f5","observation_id":"6aad…b8f6","decision_id":"6aad…b8f9","attempt":1,"execution_mode":"historical_shadow","outcome":"linked","reason_code":"record_link_established","duration_ms":20}
✔ [AC-33] equivalent webhook and extension statements normalize to the same identity and Priority (21.871ms)
✔ [AC-33] equivalent shadow processor outcomes match and produce zero changed paths (35.0456ms)
✔ [AC-02][AC-33] apply-item envelope unwraps to the statement without a second policy (3.5128ms)
✔ [AC-02][AC-33] equivalent webhook and automation statements share Observation identity (1.765ms)
✔ [AC-33] equivalent webhook and automation shadow desired-state outcomes match (5.9606ms)
✔ [AC-33] equivalent live webhook, extension, and automation desired states match (12.3051ms)
{"level":"info","time":"2026-09-19T03:02:00.459Z","service":"vantage-main-server","env":"development","msg":"granot_lifecycle.processing.completed","observability_level":"info","category":"mongo","workflow":"granot_lifecycle"}
{"level":"info","time":"2026-09-19T03:02:00.463Z","service":"vantage-main-server","env":"development","msg":"granot_lifecycle.processing.completed","receipt_id":"6aad…b8f7","observation_id":"6aad…b8f8","decision_id":"6aad…b8fb","attempt":1,"execution_mode":"historical_shadow","outcome":"linked","reason_code":"record_link_established","duration_ms":3}
{"level":"info","time":"2026-09-19T03:02:00.464Z","service":"vantage-main-server","env":"development","msg":"granot_lifecycle.processing.completed","observability_level":"info","category":"mongo","workflow":"granot_lifecycle"}
{"level":"info","time":"2026-09-19T03:02:00.476Z","service":"vantage-main-server","env":"development","msg":"granot_lifecycle.processing.completed","receipt_id":"6aad…b8fd","observation_id":"6aad…b8fe","decision_id":"6aad…b901","attempt":1,"execution_mode":"historical_shadow","outcome":"linked","reason_code":"record_link_established","duration_ms":1}
{"level":"info","time":"2026-09-19T03:02:00.476Z","service":"vantage-main-server","env":"development","msg":"granot_lifecycle.processing.completed","observability_level":"info","category":"mongo","workflow":"granot_lifecycle"}
{"level":"info","time":"2026-09-19T03:02:00.478Z","service":"vantage-main-server","env":"development","msg":"granot_lifecycle.processing.completed","receipt_id":"6aad…b8ff","observation_id":"6aad…b900","decision_id":"6aad…b903","attempt":1,"execution_mode":"historical_shadow","outcome":"linked","reason_code":"record_link_established","duration_ms":2}
{"level":"info","time":"2026-09-19T03:02:00.479Z","service":"vantage-main-server","env":"development","msg":"granot_lifecycle.processing.completed","observability_level":"info","category":"mongo","workflow":"granot_lifecycle"}
{"level":"info","time":"2026-09-19T03:02:00.487Z","service":"vantage-main-server","env":"development","msg":"granot_lifecycle.processing.completed","receipt_id":"6aad…b905","observation_id":"6aad…b906","decision_id":"6aad…b907","attempt":1,"execution_mode":"live","outcome":"applied","reason_code":"lead_state_changed","duration_ms":6}
{"level":"info","time":"2026-09-19T03:02:00.487Z","service":"vantage-main-server","env":"development","msg":"granot_lifecycle.processing.completed","observability_level":"info","category":"mongo","workflow":"granot_lifecycle"}
{"level":"info","time":"2026-09-19T03:02:00.489Z","service":"vantage-main-server","env":"development","msg":"granot_lifecycle.processing.completed","receipt_id":"6aad…b909","observation_id":"6aad…b90a","decision_id":"6aad…b90b","attempt":1,"execution_mode":"live","outcome":"applied","reason_code":"lead_state_changed","duration_ms":1}
{"level":"info","time":"2026-09-19T03:02:00.489Z","service":"vantage-main-server","env":"development","msg":"granot_lifecycle.processing.completed","observability_level":"info","category":"mongo","workflow":"granot_lifecycle"}
{"level":"info","time":"2026-09-19T03:02:00.491Z","service":"vantage-main-server","env":"development","msg":"granot_lifecycle.processing.completed","receipt_id":"6aad…b90d","observation_id":"6aad…b90e","decision_id":"6aad…b90f","attempt":1,"execution_mode":"live","outcome":"applied","reason_code":"lead_state_changed","duration_ms":1}
{"level":"info","time":"2026-09-19T03:02:00.491Z","service":"vantage-main-server","env":"development","msg":"granot_lifecycle.processing.completed","observability_level":"info","category":"mongo","workflow":"granot_lifecycle"}
﹣ [AC-36] partial unique index allows one open fingerprint and a resolved history row (2.56ms) # Replica proof requires testvantagemovers.
﹣ [AC-35][AC-36] No Action is exactly replayable and a revision race has one winner with zero Changes/Sheets (0.8771ms) # Replica proof requires testvantagemovers.
﹣ [AC-26][AC-36] re-evaluation leaves an unchanged current conflict open and exactly replays (0.4813ms) # Replica proof requires testvantagemovers.
﹣ [AC-23][AC-35] correction atomically preserves the old link and Lead scope with two Changes and zero official/Sheet effects (0.5609ms) # Replica proof requires testvantagemovers.
﹣ [AC-23][AC-36] correction failure after Change writes rolls back link, discrepancy, Command, and Changes (0.5603ms) # Replica proof requires testvantagemovers.
{"level":"info","time":"2026-09-19T03:02:02.119Z","service":"vantage-main-server","env":"development","msg":"granot_lifecycle.booking_discrepancy.opened","observability_level":"info","category":"admin","workflow":"granot_discrepancy"}
▶ Granot discrepancy fingerprint
  ✔ [AC-35][AC-36] freezes versioned canonical non-PII identity (2.3545ms)
  ✔ [AC-26][AC-27][AC-35] includes every null identity key and excludes evidence/display data (1.8283ms)
✔ Granot discrepancy fingerprint (8.4855ms)
▶ Granot discrepancy persistence
  ✔ [AC-26][AC-36] opens, refreshes, and exactly deduplicates one fingerprint (18.9104ms)
✔ Granot discrepancy persistence (19.485ms)
{"level":"info","time":"2026-09-19T03:02:02.128Z","service":"vantage-main-server","env":"development","msg":"granot_lifecycle.booking_discrepancy.refreshed","observability_level":"info","category":"admin","workflow":"granot_discrepancy"}
﹣ [AC-30] replica-set two claimants have one winner (2.7925ms) # Replica-set proof requires TEST_MODE=true before process start.
﹣ [AC-30] replica-set expired lease recovers and stale owner cannot finalize (2.7146ms) # Replica-set proof requires TEST_MODE=true before process start.
﹣ [AC-30] replica-set attempt 10 dead-letters with zero Decision (1.6395ms) # Replica-set proof requires TEST_MODE=true before process start.
﹣ [AC-37] replica-set concurrent requeue has one winner and one audit (0.7996ms) # Replica-set proof requires TEST_MODE=true before process start.
﹣ [AC-30] replica-set queue and cron due scan share the claim fence (1.0503ms) # Replica-set proof requires TEST_MODE=true before process start.
{"level":"info","time":"2026-09-19T03:02:02.905Z","service":"vantage-main-server","env":"development","msg":"granot_lifecycle.claim.recovered","observability_level":"info","category":"mongo","workflow":"granot_lifecycle","entity_id":"6aadfb...5234"}
✔ claim predicate and update match Section 26 exactly (7.5384ms)
✔ [AC-30] foundation terminal processor outcomes complete and reset technical budget (47.1577ms)
✔ [AC-30] foundation pending_match increments match_attempt once and does not consume technical budget (15.1022ms)
✔ [AC-30] foundation pending_match at 24 hours completes and is not scheduled further (4.233ms)
✔ [AC-30] foundation insufficient_creation_data completes and is never converted to pending match (1.4722ms)
✔ [AC-30] foundation unknown outcome fails closed as a technical contract error (3.3903ms)
✔ [AC-30] foundation dependency failure creates no Decision and schedules technical retry (2.4542ms)
✔ [AC-30] foundation consecutive technical failure 10 dead-letters with a safe error (2.9692ms)
✔ two claimants have one winner and an unexpired lease cannot be stolen (1.1003ms)
✔ expired lease recovers and increments the recovery counter only after success (3.5873ms)
✔ stale owner cannot renew or finalize (0.5169ms)
✔ processing disabled skips without claiming (0.662ms)
✔ [AC-30] foundation historical shadow drain creates no forbidden aggregate effects (0.9608ms)
✔ synchronous loser polls at most five seconds and never starts a second processor (2.4933ms)
✔ synchronous completed work returns the stored processor result (0.8237ms)
✔ queue wakeup parser accepts only { receipt_id } (1.2149ms)
﹣ [AC-02] concurrent same operation ID + same hash yields one receipt (8.3265ms) # Replica-set proof is opt-in via GRANOT_LIFECYCLE_REPLICA_TESTS=true.
﹣ [AC-02] concurrent same operation ID + different hash has one winner and 409 (0.5705ms) # Replica-set proof is opt-in via GRANOT_LIFECYCLE_REPLICA_TESTS=true.
✔ [AC-33][AC-35] apply captures a browser_extension receipt then claim/process-or-poll (3.7211ms)
✔ [AC-02] replayed capture still returns the stored processor result (0.8357ms)
✔ [AC-02] accepted_for_processing keeps the same operation ID for refresh (0.613ms)
✔ [AC-33] expected_target disagreement is a non-syncable conflict and never an override (2.0925ms)
✔ [AC-35] compatibility messages are fixed and never echo payload values (0.43ms)
✔ [AC-32] temporal comparator treats a missing stored winner as newer (1.7062ms)
✔ [AC-32] temporal comparator compares captured_at before Observation ObjectId (0.7804ms)
✔ [AC-32] equal captured_at uses lowercase 24-character Observation ObjectId hex (0.4291ms)
✔ [AC-32] exact same temporal tuple is same and never a second winner (0.2717ms)
✔ [AC-32] no source, channel, or Priority can be encoded in the temporal tuple (4.4362ms)
✔ [AC-39] Booking without a Lead returns Booking Lead Reconciliation delegation only (5.8583ms)
✔ [AC-04] module portion multiple current Bookings are an operational Job conflict (0.879ms)
✔ [AC-07] module portion Record Link model mismatch is a hard conflict (1.708ms)
✔ missing Record Link Lead is a hard conflict and not a contact fallback (1.2326ms)
✔ [AC-07] module portion Call ladder never queries phone without Source Granularity (1.8005ms)
✔ Booking owner that differs from a contact candidate is conflict evidence, not reassignment (2.224ms)
﹣ [AC-07] replica identity is read-only across lifecycle and aggregate collections (7.4653ms) # Replica-set proof requires TEST_MODE=true before process start.
﹣ [AC-13] replica cross-field Agent username contradiction returns no suggestion (1.1558ms) # Replica-set proof requires TEST_MODE=true before process start.
﹣ [AC-39] replica Booking without Lead delegates and writes no case (1.3346ms) # Replica-set proof requires TEST_MODE=true before process start.
﹣ replica active Record Link lookup is findOne and writes nothing (1.0542ms) # Replica-set proof requires TEST_MODE=true before process start.
﹣ [AC-04] replica Call Job query is granularity-scoped and read-only (0.8471ms) # Replica-set proof requires TEST_MODE=true before process start.
✔ [AC-09] identity portion missing or invalid route never queries a Lead (12.5288ms)
✔ [AC-29] identity portion deferred policy and provider type never enter a Lead ladder (1.2942ms)
✔ [AC-03] exact Form ref_no match verifies Source Scope and does not post (9.5516ms)
✔ [AC-03] valid 24-character ObjectId compatibility lookup remains a later rung (4.9531ms)
✔ [AC-03] blank or not-provided Form reference is never queried (1.1699ms)
✔ [AC-04] Form ref with conflicting Source Scope is a hard conflict and stops contact fallback (0.7694ms)
✔ [AC-04] Call Job outside resolved Source Granularity is never a global match (1.6387ms)
✔ [AC-04] Record Link Source Scope conflict does not continue the Form ladder (1.2805ms)
✔ [AC-04] Booking owner with conflicting Source Scope is conflict evidence (0.8451ms)
✔ [AC-07] identity portion returns one deterministic Form target and never queries globally (8.0675ms)
✔ current and immutable Form contact values dedupe to one candidate (0.6483ms)
✔ job-only Record Link is evidence and the Form ladder continues (0.4357ms)
✔ usable Record Link with agreeing scope stops on granot_record_link (0.4399ms)
✔ Duplicate Form Lead is ineligible on exact identity (0.4226ms)
✔ Bad Form Lead is priority_only from strong exact identity and excluded from contact matching (0.675ms)
✔ inbound letter prefix is the same Job as Granot digits (3.7973ms)
✔ conflicting nonempty Job Numbers are a hard conflict (4.3045ms)
✔ multiple eligible Form contact candidates are ambiguous (0.5315ms)
✔ Call Job rung is scoped and Duplicate Call Leads remain readable (5.227ms)
✔ Call unique Job wins when Observation phone matches a different Lead (1.0635ms)
✔ Call with no Job on the Lead still binds by operational phone (0.7688ms)
✔ two eligible Call Jobs are a conflict (0.5006ms)
✔ Call phone query omits granot_contact_snapshot (0.8952ms)
✔ Call current and ingested phones dedupe to one Lead (0.4611ms)
✔ [AC-08] multiple scoped Call phone candidates are a creation conflict (0.4776ms)
✔ [AC-13] identity portion equal usernames suggest one active Agent and never mutate (0.7739ms)
✔ [AC-13] identity portion differing user and rep block Agent suggestion (1.0329ms)
✔ [AC-13] more than one active Agent for one username returns no suggestion (0.4922ms)
✔ Referral policy returns leadless context and performs no Lead search (0.5304ms)
✔ [AC-35] portion last_error strips payload, credentials, and contact text (3.7573ms)
✔ [AC-35] portion last_error keeps a bounded safe code and short message (1.1868ms)
✔ unknown error codes collapse to a bounded technical class (0.5798ms)
✔ [AC-10] WordPress submitted contact and Granot snapshot stay separately identifiable and masked (6.4877ms)
✔ [AC-05] all listed Priority forms canonicalize into desired state; only 1/5 enrich and set quoted true (17.7243ms)
✔ [AC-05] leading-zero canonical 5 enriches; no Priority plans quoted false (1.2322ms)
✔ [AC-06] malformed Priority Update is invalid and plans nothing (1.8444ms)
✔ [AC-06] malformed Priority on Lead Created/Booked/Release skips Priority and continues (1.2184ms)
✔ [AC-07] matched Lead Created selects one target and never plans a second Lead (5.5939ms)
✔ [AC-08] create_if_missing with minimum data authorizes the gated creation command (1.4249ms)
✔ [AC-08] incomplete create_if_missing is exact insufficient_creation_data (2.0323ms)
✔ [AC-09] Local vs long-distance route result controls Form minimum-data eligibility (0.8462ms)
✔ [AC-10] WordPress primary contact and immutable snapshot never enter changed paths (0.913ms)
✔ [AC-11] WordPress immutable move snapshot and Vantage move_size stay unchanged (0.9847ms)
✔ [AC-12] RingCentral Call qualified contact plans Granot Contact Snapshot only (1.0238ms)
✔ granot_lead_created Call later different Granot phone plans snapshot only (0.8087ms)
✔ Priority 8 Call Lead does not plan Granot Contact Snapshot (0.5116ms)
✔ [AC-13] empty receiver fills from one active Agent at a non-1/5 Priority (0.5777ms)
✔ [AC-13] Agent conflict or existing receiver never overwrites (0.6054ms)
✔ [AC-30] link_only pending match persists the next offset and becomes unmatched at 24h (0.8487ms)
✔ [AC-30] incomplete creation data is never scheduled as pending match (0.2726ms)
✔ [AC-32] no-op desired state creates no changed paths (0.9153ms)
✔ Call Lead snapshot formatting-only Granot contact does not remanufacture a change (0.3911ms)
✔ WordPress snapshot formatting-only Granot contact does not remanufacture a change (0.3347ms)
✔ [AC-32] older temporal winner is stale and plans no desired-state effect (0.3666ms)
✔ Bad exact Form target plans only valid Priority; Duplicate has no target (0.4801ms)
✔ letter-prefixed Lead Job matches Granot digits and does not conflict (0.7901ms)
✔ equivalent formatting does not manufacture a Job Number change (0.27ms)
✔ observation_only policy stays evidence-only (0.2258ms)
✔ Call create_if_missing + priority_updated + unmatched + Job is not eligible (0.3621ms)
✔ Call create_if_missing + lead_created stays eligible (0.2891ms)
✔ Form create_if_missing + lead_created stays eligible (0.3176ms)
✔ Call link_only + priority_updated is not eligible (0.4485ms)
✔ Form create_if_missing + priority_updated is not eligible (0.29ms)
✔ Call create_if_missing + booking_status_changed is not eligible (0.2866ms)
✔ invalid Call priority_updated never creates even with create_if_missing (0.3672ms)
✔ SSE snapshot then streams newer receipts and heartbeats before closing (3.3418ms)
✔ SSE reconnect with Last-Event-ID skips the snapshot and continues from the cursor (0.8528ms)
✔ [AC-L4] late intake_link emits receipt_updated without advancing the capture cursor (1.3311ms)
✔ SSE does not emit receipt_updated for a brand-new receipt just sent as receipt (0.9033ms)
✔ extractLiveWebhookLead reads name, contact, job, and move fields from a Granot body (3.1814ms)
✔ projectLiveWebhookReceipt keeps webhook lead facts and strips credential keys (3.6567ms)
✔ projectLiveWebhookReceipt ignores extension receipts and unknown event classes (0.4596ms)
✔ live receipt event ids round-trip captured_at and receipt_id (2.0393ms)
✔ [AC-L1] lead_created and priority_updated keep observation_id but never a non-null intake_link (3.9143ms)
✔ [AC-L2] booking_status_changed links the unique booking case that holds the Observation (1.9048ms)
✔ [AC-L3] empty, unsupported, or discrepancy-only booking_status_changed never gets an intake_link (1.3374ms)
✔ [AC-L5] two receipts on the same job only link the Observation that is on the case (0.5787ms)
✔ duplicate booking cases for one Observation fail closed and record an operational event (0.6462ms)
✔ missing Observation yields null observation_id and intake_link (0.6336ms)
✔ [AC-35] portion Unit 08 metrics accept only bounded error-code labels (3.6393ms)
✔ [AC-31][AC-35] Section 33 metric names stay exact and receipt labels stay closed (12.8733ms)
✔ [AC-18][AC-19] Booking-case gauge is current cardinality, not an evidence counter (1.0579ms)
✔ [AC-05][AC-06] one receipt upserts one Observation and sequential reprocess reuses it (7.2233ms)
✔ [AC-05] concurrent same-candidate inserts collapse to one stored row (1.2841ms)
✔ [AC-05] a differing candidate fails closed and does not overwrite stored evidence (1.8051ms)
✔ [AC-06] invalid and unsupported results persist as completed classifications (1.469ms)
✔ [AC-05] technical insert failure creates no partial second row (0.9425ms)
✔ [AC-05][AC-29] upsertGranotObservation normalizes an already-read receipt without Registry or aggregate fields (4.3489ms)
✔ [AC-05][AC-06][AC-25][AC-29] every Unit 01 fixture produces the expected normalized facts (12.4012ms)
✔ [AC-05] Priority 0, 1, 5, 8, 05, all-zero, and 12-digit retain raw/canonical/valid without enrichment (0.8605ms)
✔ [AC-06] missing or malformed Priority invalidates Priority Update only (0.7495ms)
✔ [AC-25] exact Booked, Releas, and Release aliases normalize; Released and prefixes do not (0.521ms)
✔ [AC-29] type=AUTO stays provider context and does not supply source classification (0.7655ms)
✔ [AC-05] webhook, extension, and automation parity fixtures share normalized business fields (1.055ms)
✔ [AC-06] lead_created payload event type is accepted case-insensitively (0.3928ms)
✔ [AC-06] non-object payload and route/event conflicts persist as terminal invalid vocabulary (0.9926ms)
✔ [AC-06] unsupported Booking Action is not upgraded or downgraded by Priority (0.4762ms)
✔ [AC-05][AC-29] source, identity, contact, move, money, and agent rules cover NFKC, bounds, and invalid dates (58.9681ms)
✔ [AC-05] omitted service_type and unused cubic_rate do not change extracted webhook facts (0.7135ms)
✔ [AC-05] display money never becomes domain command input (0.4567ms)
✔ fixture inventory paths normalize Windows and POSIX separators identically (3.5646ms)
✔ [AC-03][AC-05][AC-06][AC-29] every committed fixture satisfies the strict contract (21.4935ms)
✔ [AC-03][AC-05][AC-06][AC-29] invalid fixture authority and metadata combinations are rejected (5.2571ms)
✔ [AC-03] identity fixtures preserve exact-reference priority and blank compatibility boundaries (0.8121ms)
✔ [AC-05] valid Priority fixtures freeze raw and canonical values without false downgrade authority (0.6511ms)
✔ [AC-06] malformed Priority and exact Booking Action aliases retain independent behavior (0.3992ms)
✔ [AC-29] source labels remain separate from provider type and deferred effects (0.3462ms)
✔ [AC-05][AC-06] equivalent statements seed cross-channel normalization parity (0.5858ms)
✔ [AC-03][AC-05][AC-06][AC-29] scanner accepts all schema-validated fixture sources (1016.9558ms)
✔ [AC-03][AC-05][AC-06][AC-29] scanner rejects injected sensitive material with safe locations only (306.8286ms)
✔ [AC-03][AC-05][AC-06][AC-29] scanner rejects raw and prohibited fixture source paths (0.8168ms)
✔ [AC-03][AC-05][AC-06][AC-29] recursive inventory rejects alternate durable fixture sources (16.924ms)
{"level":"info","time":"2026-09-19T03:02:09.795Z","service":"vantage-main-server","env":"development","msg":"granot_lifecycle.booking_case.opened","observability_level":"info","category":"admin","workflow":"granot_lifecycle"}
✔ [AC-35][AC-37] Unit 30 event catalog is frozen and aliases are one-way (4.1182ms)
✔ [AC-35] sanitizer drops payload, contact, credentials, and free-form reason text (1.2655ms)
✔ [AC-35] sanitizer masks identifiers case-insensitively and retains bounded conflict codes (0.5377ms)
✔ [AC-35] unknown catalog keys are dropped and emission never throws (4.9769ms)
✔ [AC-31][AC-37] apply/replay/conflict stay distinguishable and replay emits no resolve (1.359ms)
✔ [AC-35] owner command conflicts increment closed codes only (2.4694ms)
{"level":"info","time":"2026-09-19T03:02:09.799Z","service":"vantage-main-server","env":"development","msg":"granot_lifecycle.owner_command.applied","observability_level":"info","category":"admin","workflow":"granot_lifecycle"}
{"level":"info","time":"2026-09-19T03:02:09.799Z","service":"vantage-main-server","env":"development","msg":"granot_lifecycle.booking_case.resolved","observability_level":"info","category":"admin","workflow":"granot_lifecycle"}
{"level":"info","time":"2026-09-19T03:02:09.799Z","service":"vantage-main-server","env":"development","msg":"granot_lifecycle.owner_command.replayed","observability_level":"info","category":"admin","workflow":"granot_lifecycle"}
{"level":"warn","time":"2026-09-19T03:02:09.801Z","service":"vantage-main-server","env":"development","msg":"granot_lifecycle.owner_command.conflict","observability_level":"warn","category":"admin","workflow":"granot_lifecycle"}
{"level":"warn","time":"2026-09-19T03:02:09.801Z","service":"vantage-main-server","env":"development","msg":"granot_lifecycle.owner_command.conflict","observability_level":"warn","category":"admin","workflow":"granot_lifecycle"}
﹣ [AC-31][AC-35][AC-37][AC-38] replica health counts come from Mongo and do not mutate official facts (2.7202ms) # Replica-set proof requires TEST_MODE=true before process start.
{"level":"info","time":"2026-09-19T03:02:11.903Z","service":"vantage-main-server","env":"development","msg":"granot_lifecycle.activation.committed","activation_id":"6aadfb...be32","activated_at":"2026-08-17T16:00:00.000Z","processor_version":"granot-lifecycle-processor-v1","request_id":"req-activation-test"}
✔ [AC-31] foundation Owner activation is write-once and returns a safe projection (14.0918ms)
✔ [AC-31] foundation Admin without Owner cannot activate (1.0768ms)
✔ [AC-31] activation audit failure cannot roll back the committed activation (3.2094ms)
﹣ [AC-31] foundation replica-set concurrent activation has one winner (4.3293ms) # Replica-set proof is opt-in via GRANOT_LIFECYCLE_REPLICA_TESTS=true.
✔ [AC-37] Owner requeue moves dead_letter to pending without replacing evidence (2.8809ms)
✔ [AC-37] requeue audit failure cannot roll back the receipt transition (2.5088ms)
✔ [AC-37] requeue of completed or claimed work conflicts and creates no audit (9.935ms)
✔ [AC-37] missing receipt returns GRANOT_RECEIPT_NOT_FOUND (1.0261ms)
✔ [AC-37] Admin without Owner cannot requeue (0.595ms)
✔ [AC-35] portion activation projection omits reason and actor PII (0.6938ms)
{"level":"info","time":"2026-09-19T03:02:11.918Z","service":"vantage-main-server","env":"development","msg":"granot_lifecycle.activation.committed","activation_id":"6aadfb...be33","activated_at":"2026-08-17T16:00:00.000Z","processor_version":"granot-lifecycle-processor-v1","request_id":"req-activation-test"}
{"level":"info","time":"2026-09-19T03:02:11.925Z","service":"vantage-main-server","env":"development","msg":"granot_lifecycle.manual_requeue.committed","receipt_id":"6aadfb...be34","prior_state":"dead_letter","new_state":"pending","manual_requeue_count":1,"request_id":"req-activation-test"}
{"level":"info","time":"2026-09-19T03:02:11.927Z","service":"vantage-main-server","env":"development","msg":"granot_lifecycle.manual_requeue.committed","receipt_id":"6aadfb...be36","prior_state":"dead_letter","new_state":"pending","manual_requeue_count":1,"request_id":"req-activation-test"}
﹣ [AC-32] replica temporal CAS one winner advances metadata without revision/Change/outbox (16.6789ms) # Replica-set proof requires TEST_MODE=true before process start.
﹣ [AC-32] replica concurrent temporal loser re-evaluates stale and does not persist already_current (0.9115ms) # Replica-set proof requires TEST_MODE=true before process start.
{"level":"info","time":"2026-09-19T03:02:17.445Z","service":"vantage-main-server","env":"development","msg":"granot_lifecycle.processing.completed","receipt_id":"6aad…118e","observation_id":"6aad…118d","decision_id":"6aad…1192","attempt":1,"execution_mode":"live","outcome":"pending_match","reason_code":"pending_source_scoped_match","duration_ms":27}
✔ [AC-18] processor does not invoke Booking reconciliation for Priority 5 (39.2941ms)
✔ [AC-18] Priority 5 with booking cases enabled still applies lead desired-state (7.3215ms)
✔ [AC-18][AC-19] processor invokes Booking reconciliation only in live gate-enabled posture (4.119ms)
✔ [AC-25][AC-26][AC-27][AC-P5] processor invokes Booking reconciliation for live gate-enabled Release evidence (5.1782ms)
✔ [AC-26][AC-27][AC-36][AC-R6] processor persists Release identity conflict through the discrepancy module (2.9473ms)
✔ [AC-R4] officially cancelled Booking + Release is already_current via Booking reconciliation (3.8272ms)
✔ Release booking-case early-return does not invoke synchronizeLeadFromGranot (3.7801ms)
✔ [AC-02] portion identical webhook evidence in two receipts creates two Decisions (5.7895ms)
✔ [AC-02] portion same observation/attempt replay returns one Decision (2.681ms)
✔ [AC-02] portion a differing stored Decision is an integrity failure (1.8972ms)
✔ [AC-31] foundation pre-activation receipts stay historical and create no live effects (1.388ms)
✔ [AC-31] foundation live-shadow Decisions are not promoted and mutate no Record Link (1.5256ms)
✔ [AC-32] portion historical establishment, confirmation, and conflict keep one active link (6.0912ms)
✔ [AC-32] portion invalid, unsupported, and unclassified paths create no link or forbidden effects (3.883ms)
✔ processing disabled refuses unless a test supplies config (0.6102ms)
✔ [AC-31] foundation live configuration with no match stays pending and mutates no Lead (1.22ms)
﹣ [AC-32] portion replica-set Decision+link persist atomically and unique job races keep one active link (0.7692ms) # Replica-set proof requires TEST_MODE=true before process start.
✔ [AC-07] shadow matched Lead Created records one target and never claims a second Lead (1.4197ms)
✔ [AC-08] foundation eligible create_if_missing stays suppressed with no reservation (1.4323ms)
✔ [AC-30] processor emits terminal unmatched at 24 hours (1.2647ms)
✔ [AC-06] malformed Priority on Lead Created continues independent identity work (1.4526ms)
✔ [AC-32] shadow no-op already_current writes no Change, Sheet, or Record Link (1.4303ms)
✔ [AC-32] live test posture advances metadata-only winner and does not emit Change (1.5972ms)
✔ [AC-32] CAS loser re-evaluates as stale and never persists already_current (2.7639ms)
✔ gate snapshot uses real policy facts in stable eight-name order (1.0531ms)
✔ [AC-35] portion Decision metrics use only bounded enum labels (0.99ms)
✔ [AC-05][AC-07] live authorized matched write invokes synchronizeLeadFromGranot once (1.9119ms)
✔ [AC-32] live applied Decision replays without a second command after the Lead is current (1.1379ms)
✔ [AC-32] lost live command race replans as stale and never persists applied (3.1054ms)
✔ [AC-32] already_current exact link does not invoke the command (1.3494ms)
✔ [AC-32] stale classification does not invoke the command (1.596ms)
✔ [AC-32] inactive Source Company is policy_blocked and never invokes the command (1.3835ms)
✔ [AC-07] live already_current with no active link still invokes association (3.023ms)
✔ [AC-08] live eligible no-match invokes createLeadFromGranot once with the exact no-patch command (3.5121ms)
✔ [AC-08] live authorized Job-only Call invokes creation and multiple candidates block it (2.8322ms)
✔ RingCentral-origin Call Lead plus later Granot Call observation synchronizes and does not create (3.0568ms)
✔ fence identity race replans Call create_if_missing onto the RingCentral Call Lead (3.3797ms)
✔ Call Job versus phone pointing at two Leads is job_number_conflict and never creates (2.1629ms)
✔ [AC-07] live matched Lead Created never invokes createLeadFromGranot (3.0494ms)
✔ [AC-07] identity race winner replans through Unit 18 and never retries blind creation (3.5134ms)
✔ [AC-07] lead-less active link reservation replans as record-link conflict (2.1906ms)
✔ [AC-07] unrelated duplicate-key failures remain technical errors (1.1722ms)
✔ [AC-08] disabled, shadow, incomplete, and route-failure paths create no command (4.4206ms)
✔ [AC-09] live Form same states select Local; differing states select long-distance; invalid ZIP/state create no command (4.8111ms)
✔ pending_match records granot.pending_match with parent_receipt_id (3.1954ms)
✔ unmatched records granot.unmatched and created is not minted by the processor (3.9326ms)
✔ same observation/attempt replay does not increment Daily Operations again (2.1434ms)
{"level":"info","time":"2026-09-19T03:02:17.448Z","service":"vantage-main-server","env":"development","msg":"granot_lifecycle.processing.completed","observability_level":"info","category":"mongo","workflow":"granot_lifecycle"}
{"level":"info","time":"2026-09-19T03:02:17.460Z","service":"vantage-main-server","env":"development","msg":"granot_lifecycle.processing.completed","receipt_id":"6aad…1194","observation_id":"6aad…1193","decision_id":"6aad…1199","attempt":1,"execution_mode":"live","outcome":"applied","reason_code":"lead_state_changed","duration_ms":5}
{"level":"info","time":"2026-09-19T03:02:17.460Z","service":"vantage-main-server","env":"development","msg":"granot_lifecycle.processing.completed","observability_level":"info","category":"mongo","workflow":"granot_lifecycle"}
{"level":"info","time":"2026-09-19T03:02:17.462Z","service":"vantage-main-server","env":"development","msg":"granot_lifecycle.processing.completed","receipt_id":"6aad…119c","observation_id":"6aad…119b","decision_id":"6aad…11a0","attempt":1,"execution_mode":"live","outcome":"linked","reason_code":"booking_case_opened","duration_ms":1}
{"level":"info","time":"2026-09-19T03:02:17.462Z","service":"vantage-main-server","env":"development","msg":"granot_lifecycle.processing.completed","observability_level":"info","category":"mongo","workflow":"granot_lifecycle"}
{"level":"info","time":"2026-09-19T03:02:17.463Z","service":"vantage-main-server","env":"development","msg":"granot_lifecycle.processing.completed","receipt_id":"6aad…119c","observation_id":"6aad…119b","decision_id":"6aad…11a5","attempt":1,"execution_mode":"live","outcome":"pending_match","reason_code":"pending_source_scoped_match","duration_ms":1}
{"level":"info","time":"2026-09-19T03:02:17.464Z","service":"vantage-main-server","env":"development","msg":"granot_lifecycle.processing.completed","observability_level":"info","category":"mongo","workflow":"granot_lifecycle"}
{"level":"info","time":"2026-09-19T03:02:17.466Z","service":"vantage-main-server","env":"development","msg":"granot_lifecycle.processing.completed","receipt_id":"6aad…11a7","observation_id":"6aad…11a6","decision_id":"6aad…11ab","attempt":1,"execution_mode":"live","outcome":"linked","reason_code":"booking_case_opened","duration_ms":1}
{"level":"info","time":"2026-09-19T03:02:17.466Z","service":"vantage-main-server","env":"development","msg":"granot_lifecycle.processing.completed","observability_level":"info","category":"mongo","workflow":"granot_lifecycle"}
{"level":"info","time":"2026-09-19T03:02:17.468Z","service":"vantage-main-server","env":"development","msg":"granot_lifecycle.processing.completed","receipt_id":"6aad…11a7","observation_id":"6aad…11a6","decision_id":"6aad…11b0","attempt":1,"execution_mode":"live","outcome":"pending_match","reason_code":"pending_source_scoped_match","duration_ms":1}
{"level":"info","time":"2026-09-19T03:02:17.469Z","service":"vantage-main-server","env":"development","msg":"granot_lifecycle.processing.completed","observability_level":"info","category":"mongo","workflow":"granot_lifecycle"}
{"level":"info","time":"2026-09-19T03:02:17.472Z","service":"vantage-main-server","env":"development","msg":"granot_lifecycle.processing.completed","receipt_id":"6aad…11b2","observation_id":"6aad…11b1","decision_id":"6aad…11b6","attempt":1,"execution_mode":"live","outcome":"conflict","reason_code":"release_discrepancy_opened","duration_ms":2}
{"level":"info","time":"2026-09-19T03:02:17.472Z","service":"vantage-main-server","env":"development","msg":"granot_lifecycle.processing.completed","observability_level":"info","category":"mongo","workflow":"granot_lifecycle"}
{"level":"info","time":"2026-09-19T03:02:17.474Z","service":"vantage-main-server","env":"development","msg":"granot_lifecycle.processing.completed","receipt_id":"6aad…11b9","observation_id":"6aad…11b8","decision_id":"6aad…11be","attempt":1,"execution_mode":"live","outcome":"already_current","reason_code":"booking_already_cancelled","duration_ms":0}
{"level":"info","time":"2026-09-19T03:02:17.475Z","service":"vantage-main-server","env":"development","msg":"granot_lifecycle.processing.completed","observability_level":"info","category":"mongo","workflow":"granot_lifecycle"}
{"level":"info","time":"2026-09-19T03:02:17.479Z","service":"vantage-main-server","env":"development","msg":"granot_lifecycle.processing.completed","receipt_id":"6aad…11c0","observation_id":"6aad…11bf","decision_id":"6aad…11c5","attempt":1,"execution_mode":"live","outcome":"linked","reason_code":"booking_case_opened","duration_ms":1}
{"level":"info","time":"2026-09-19T03:02:17.479Z","service":"vantage-main-server","env":"development","msg":"granot_lifecycle.processing.completed","observability_level":"info","category":"mongo","workflow":"granot_lifecycle"}
{"level":"info","time":"2026-09-19T03:02:17.480Z","service":"vantage-main-server","env":"development","msg":"granot_lifecycle.processing.completed","receipt_id":"6aad…11c0","observation_id":"6aad…11bf","decision_id":"6aad…11ca","attempt":1,"execution_mode":"live","outcome":"linked","reason_code":"booking_case_refreshed","duration_ms":1}
{"level":"info","time":"2026-09-19T03:02:17.480Z","service":"vantage-main-server","env":"development","msg":"granot_lifecycle.processing.completed","observability_level":"info","category":"mongo","workflow":"granot_lifecycle"}
{"level":"info","time":"2026-09-19T03:02:17.484Z","service":"vantage-main-server","env":"development","msg":"granot_lifecycle.processing.completed","receipt_id":"6aad…11cd","observation_id":"6aad…11cc","decision_id":"6aad…11d7","attempt":1,"execution_mode":"historical_shadow","outcome":"linked","reason_code":"record_link_established","duration_ms":2}
{"level":"info","time":"2026-09-19T03:02:17.484Z","service":"vantage-main-server","env":"development","msg":"granot_lifecycle.processing.completed","observability_level":"info","category":"mongo","workflow":"granot_lifecycle"}
{"level":"info","time":"2026-09-19T03:02:17.486Z","service":"vantage-main-server","env":"development","msg":"granot_lifecycle.processing.completed","receipt_id":"6aad…11ce","observation_id":"6aad…11cf","decision_id":"6aad…11d9","attempt":1,"execution_mode":"historical_shadow","outcome":"linked","reason_code":"record_link_established","duration_ms":2}
{"level":"info","time":"2026-09-19T03:02:17.486Z","service":"vantage-main-server","env":"development","msg":"granot_lifecycle.processing.completed","observability_level":"info","category":"mongo","workflow":"granot_lifecycle"}
{"level":"info","time":"2026-09-19T03:02:17.488Z","service":"vantage-main-server","env":"development","msg":"granot_lifecycle.processing.completed","receipt_id":"6aad…11dc","observation_id":"6aad…11db","decision_id":"6aad…11e0","attempt":1,"execution_mode":"historical_shadow","outcome":"linked","reason_code":"record_link_established","duration_ms":1}
{"level":"info","time":"2026-09-19T03:02:17.488Z","service":"vantage-main-server","env":"development","msg":"granot_lifecycle.processing.completed","observability_level":"info","category":"mongo","workflow":"granot_lifecycle"}
{"level":"info","time":"2026-09-19T03:02:17.493Z","service":"vantage-main-server","env":"development","msg":"granot_lifecycle.processing.completed","receipt_id":"6aad…11ec","observation_id":"6aad…11eb","decision_id":"6aad…11f0","attempt":1,"execution_mode":"historical_shadow","outcome":"linked","reason_code":"record_link_established","duration_ms":1}
{"level":"info","time":"2026-09-19T03:02:17.493Z","service":"vantage-main-server","env":"development","msg":"granot_lifecycle.processing.completed","observability_level":"info","category":"mongo","workflow":"granot_lifecycle"}
{"level":"info","time":"2026-09-19T03:02:17.494Z","service":"vantage-main-server","env":"development","msg":"granot_lifecycle.processing.completed","receipt_id":"6aad…11f3","observation_id":"6aad…11f2","decision_id":"6aad…11f7","attempt":1,"execution_mode":"live_shadow","outcome":"pending_match","reason_code":"pending_source_scoped_match","duration_ms":0}
{"level":"info","time":"2026-09-19T03:02:17.494Z","service":"vantage-main-server","env":"development","msg":"granot_lifecycle.processing.completed","observability_level":"info","category":"mongo","workflow":"granot_lifecycle"}
{"level":"info","time":"2026-09-19T03:02:17.496Z","service":"vantage-main-server","env":"development","msg":"granot_lifecycle.processing.completed","receipt_id":"6aad…11fc","observation_id":"6aad…11fb","decision_id":"6aad…11fd","attempt":1,"execution_mode":"historical_shadow","outcome":"linked","reason_code":"record_link_established","duration_ms":1}
{"level":"info","time":"2026-09-19T03:02:17.496Z","service":"vantage-main-server","env":"development","msg":"granot_lifecycle.processing.completed","observability_level":"info","category":"mongo","workflow":"granot_lifecycle"}
{"level":"info","time":"2026-09-19T03:02:17.498Z","service":"vantage-main-server","env":"development","msg":"granot_lifecycle.processing.completed","receipt_id":"6aad…11ff","observation_id":"6aad…1200","decision_id":"6aad…1202","attempt":1,"execution_mode":"historical_shadow","outcome":"linked","reason_code":"record_link_confirmed","duration_ms":2}
{"level":"info","time":"2026-09-19T03:02:17.498Z","service":"vantage-main-server","env":"development","msg":"granot_lifecycle.processing.completed","observability_level":"info","category":"mongo","workflow":"granot_lifecycle"}
{"level":"info","time":"2026-09-19T03:02:17.499Z","service":"vantage-main-server","env":"development","msg":"granot_lifecycle.processing.completed","receipt_id":"6aad…1205","observation_id":"6aad…1206","decision_id":"6aad…1209","attempt":1,"execution_mode":"historical_shadow","outcome":"conflict","reason_code":"record_link_conflict","duration_ms":1}
{"level":"info","time":"2026-09-19T03:02:17.499Z","service":"vantage-main-server","env":"development","msg":"granot_lifecycle.processing.completed","observability_level":"info","category":"mongo","workflow":"granot_lifecycle"}
{"level":"info","time":"2026-09-19T03:02:17.502Z","service":"vantage-main-server","env":"development","msg":"granot_lifecycle.processing.completed","receipt_id":"6aad…120b","observation_id":"6aad…120a","decision_id":"6aad…1210","attempt":1,"execution_mode":"historical_shadow","outcome":"invalid","reason_code":"invalid_priority_update","duration_ms":1}
{"level":"info","time":"2026-09-19T03:02:17.502Z","service":"vantage-main-server","env":"development","msg":"granot_lifecycle.processing.completed","observability_level":"info","category":"mongo","workflow":"granot_lifecycle"}
{"level":"info","time":"2026-09-19T03:02:17.503Z","service":"vantage-main-server","env":"development","msg":"granot_lifecycle.processing.completed","receipt_id":"6aad…1212","observation_id":"6aad…1211","decision_id":"6aad…1217","attempt":1,"execution_mode":"historical_shadow","outcome":"unsupported","reason_code":"unsupported_booking_action","duration_ms":1}
{"level":"info","time":"2026-09-19T03:02:17.503Z","service":"vantage-main-server","env":"development","msg":"granot_lifecycle.processing.completed","observability_level":"info","category":"mongo","workflow":"granot_lifecycle"}
{"level":"info","time":"2026-09-19T03:02:17.504Z","service":"vantage-main-server","env":"development","msg":"granot_lifecycle.processing.completed","receipt_id":"6aad…1219","observation_id":"6aad…1218","decision_id":"6aad…121b","attempt":1,"execution_mode":"historical_shadow","outcome":"policy_blocked","reason_code":"source_unclassified","duration_ms":0}
{"level":"info","time":"2026-09-19T03:02:17.504Z","service":"vantage-main-server","env":"development","msg":"granot_lifecycle.processing.completed","observability_level":"info","category":"mongo","workflow":"granot_lifecycle"}
{"level":"info","time":"2026-09-19T03:02:17.506Z","service":"vantage-main-server","env":"development","msg":"granot_lifecycle.processing.completed","receipt_id":"6aad…1223","observation_id":"6aad…1222","decision_id":"6aad…1227","attempt":1,"execution_mode":"live","outcome":"pending_match","reason_code":"pending_source_scoped_match","duration_ms":0}
{"level":"info","time":"2026-09-19T03:02:17.506Z","service":"vantage-main-server","env":"development","msg":"granot_lifecycle.processing.completed","observability_level":"info","category":"mongo","workflow":"granot_lifecycle"}
{"level":"info","time":"2026-09-19T03:02:17.509Z","service":"vantage-main-server","env":"development","msg":"granot_lifecycle.processing.completed","receipt_id":"6aad…1229","observation_id":"6aad…1228","decision_id":"6aad…122e","attempt":1,"execution_mode":"live_shadow","outcome":"policy_blocked","reason_code":"shadow_effect_suppressed","duration_ms":1}
{"level":"info","time":"2026-09-19T03:02:17.509Z","service":"vantage-main-server","env":"development","msg":"granot_lifecycle.processing.completed","observability_level":"info","category":"mongo","workflow":"granot_lifecycle"}
{"level":"info","time":"2026-09-19T03:02:17.510Z","service":"vantage-main-server","env":"development","msg":"granot_lifecycle.processing.completed","receipt_id":"6aad…1230","observation_id":"6aad…122f","decision_id":"6aad…1234","attempt":1,"execution_mode":"live_shadow","outcome":"policy_blocked","reason_code":"shadow_effect_suppressed","duration_ms":0}
{"level":"info","time":"2026-09-19T03:02:17.510Z","service":"vantage-main-server","env":"development","msg":"granot_lifecycle.processing.completed","observability_level":"info","category":"mongo","workflow":"granot_lifecycle"}
{"level":"info","time":"2026-09-19T03:02:17.512Z","service":"vantage-main-server","env":"development","msg":"granot_lifecycle.processing.completed","receipt_id":"6aad…1236","observation_id":"6aad…1235","decision_id":"6aad…123a","attempt":9,"execution_mode":"live_shadow","outcome":"unmatched","reason_code":"match_window_expired","duration_ms":1}
{"level":"info","time":"2026-09-19T03:02:17.512Z","service":"vantage-main-server","env":"development","msg":"granot_lifecycle.processing.completed","observability_level":"info","category":"mongo","workflow":"granot_lifecycle"}
{"level":"info","time":"2026-09-19T03:02:17.513Z","service":"vantage-main-server","env":"development","msg":"granot_lifecycle.processing.completed","receipt_id":"6aad…123c","observation_id":"6aad…123b","decision_id":"6aad…1241","attempt":1,"execution_mode":"live_shadow","outcome":"policy_blocked","reason_code":"shadow_effect_suppressed","duration_ms":0}
{"level":"info","time":"2026-09-19T03:02:17.513Z","service":"vantage-main-server","env":"development","msg":"granot_lifecycle.processing.completed","observability_level":"info","category":"mongo","workflow":"granot_lifecycle"}
{"level":"info","time":"2026-09-19T03:02:17.515Z","service":"vantage-main-server","env":"development","msg":"granot_lifecycle.processing.completed","receipt_id":"6aad…1243","observation_id":"6aad…1242","decision_id":"6aad…1248","attempt":1,"execution_mode":"live_shadow","outcome":"already_current","reason_code":"desired_state_already_current","duration_ms":1}
{"level":"info","time":"2026-09-19T03:02:17.515Z","service":"vantage-main-server","env":"development","msg":"granot_lifecycle.processing.completed","observability_level":"info","category":"mongo","workflow":"granot_lifecycle"}
{"level":"info","time":"2026-09-19T03:02:17.516Z","service":"vantage-main-server","env":"development","msg":"granot_lifecycle.processing.completed","receipt_id":"6aad…124a","observation_id":"6aad…1249","decision_id":"6aad…1253","attempt":1,"execution_mode":"live","outcome":"already_current","reason_code":"desired_state_already_current","duration_ms":0}
{"level":"info","time":"2026-09-19T03:02:17.516Z","service":"vantage-main-server","env":"development","msg":"granot_lifecycle.processing.completed","observability_level":"info","category":"mongo","workflow":"granot_lifecycle"}
{"level":"info","time":"2026-09-19T03:02:17.519Z","service":"vantage-main-server","env":"development","msg":"granot_lifecycle.processing.completed","receipt_id":"6aad…1255","observation_id":"6aad…1254","decision_id":"6aad…1260","attempt":1,"execution_mode":"live","outcome":"stale","reason_code":"older_than_temporal_winner","duration_ms":2}
{"level":"info","time":"2026-09-19T03:02:17.519Z","service":"vantage-main-server","env":"development","msg":"granot_lifecycle.processing.completed","observability_level":"info","category":"mongo","workflow":"granot_lifecycle"}
{"level":"info","time":"2026-09-19T03:02:17.520Z","service":"vantage-main-server","env":"development","msg":"granot_lifecycle.processing.completed","receipt_id":"6aad…1262","observation_id":"6aad…1261","decision_id":"6aad…1266","attempt":1,"execution_mode":"historical_shadow","outcome":"linked","reason_code":"record_link_established","duration_ms":0}
{"level":"info","time":"2026-09-19T03:02:17.521Z","service":"vantage-main-server","env":"development","msg":"granot_lifecycle.processing.completed","observability_level":"info","category":"mongo","workflow":"granot_lifecycle"}
{"level":"info","time":"2026-09-19T03:02:17.522Z","service":"vantage-main-server","env":"development","msg":"granot_lifecycle.processing.completed","receipt_id":"6aad…1269","observation_id":"6aad…1268","decision_id":"6aad…126d","attempt":1,"execution_mode":"historical_shadow","outcome":"linked","reason_code":"record_link_established","duration_ms":1}
{"level":"info","time":"2026-09-19T03:02:17.522Z","service":"vantage-main-server","env":"development","msg":"granot_lifecycle.processing.completed","observability_level":"info","category":"mongo","workflow":"granot_lifecycle"}
{"level":"info","time":"2026-09-19T03:02:17.524Z","service":"vantage-main-server","env":"development","msg":"granot_lifecycle.processing.completed","receipt_id":"6aad…1270","observation_id":"6aad…126f","decision_id":"6aad…1275","attempt":1,"execution_mode":"live","outcome":"applied","reason_code":"lead_state_changed","duration_ms":2}
{"level":"info","time":"2026-09-19T03:02:17.524Z","service":"vantage-main-server","env":"development","msg":"granot_lifecycle.processing.completed","observability_level":"info","category":"mongo","workflow":"granot_lifecycle"}
{"level":"info","time":"2026-09-19T03:02:17.528Z","service":"vantage-main-server","env":"development","msg":"granot_lifecycle.processing.completed","receipt_id":"6aad…1282","observation_id":"6aad…1281","decision_id":"6aad…128f","attempt":1,"execution_mode":"live","outcome":"stale","reason_code":"older_than_temporal_winner","duration_ms":2}
{"level":"info","time":"2026-09-19T03:02:17.528Z","service":"vantage-main-server","env":"development","msg":"granot_lifecycle.processing.completed","observability_level":"info","category":"mongo","workflow":"granot_lifecycle"}
{"level":"info","time":"2026-09-19T03:02:17.529Z","service":"vantage-main-server","env":"development","msg":"granot_lifecycle.processing.completed","receipt_id":"6aad…1291","observation_id":"6aad…1290","decision_id":"6aad…129a","attempt":1,"execution_mode":"live","outcome":"already_current","reason_code":"desired_state_already_current","duration_ms":0}
{"level":"info","time":"2026-09-19T03:02:17.529Z","service":"vantage-main-server","env":"development","msg":"granot_lifecycle.processing.completed","observability_level":"info","category":"mongo","workflow":"granot_lifecycle"}
{"level":"info","time":"2026-09-19T03:02:17.531Z","service":"vantage-main-server","env":"development","msg":"granot_lifecycle.processing.completed","receipt_id":"6aad…129c","observation_id":"6aad…129b","decision_id":"6aad…12a5","attempt":1,"execution_mode":"live","outcome":"stale","reason_code":"older_than_temporal_winner","duration_ms":1}
{"level":"info","time":"2026-09-19T03:02:17.531Z","service":"vantage-main-server","env":"development","msg":"granot_lifecycle.processing.completed","observability_level":"info","category":"mongo","workflow":"granot_lifecycle"}
{"level":"info","time":"2026-09-19T03:02:17.532Z","service":"vantage-main-server","env":"development","msg":"granot_lifecycle.processing.completed","receipt_id":"6aad…12a7","observation_id":"6aad…12a6","decision_id":"6aad…12ac","attempt":1,"execution_mode":"live","outcome":"policy_blocked","reason_code":"target_source_company_inactive","duration_ms":0}
{"level":"info","time":"2026-09-19T03:02:17.533Z","service":"vantage-main-server","env":"development","msg":"granot_lifecycle.processing.completed","observability_level":"info","category":"mongo","workflow":"granot_lifecycle"}
{"level":"info","time":"2026-09-19T03:02:17.536Z","service":"vantage-main-server","env":"development","msg":"granot_lifecycle.processing.completed","receipt_id":"6aad…12ae","observation_id":"6aad…12ad","decision_id":"6aad…12b3","attempt":1,"execution_mode":"live","outcome":"linked","reason_code":"record_link_established","duration_ms":3}
{"level":"info","time":"2026-09-19T03:02:17.536Z","service":"vantage-main-server","env":"development","msg":"granot_lifecycle.processing.completed","observability_level":"info","category":"mongo","workflow":"granot_lifecycle"}
{"level":"info","time":"2026-09-19T03:02:17.539Z","service":"vantage-main-server","env":"development","msg":"granot_lifecycle.processing.completed","receipt_id":"6aad…12b6","observation_id":"6aad…12b5","decision_id":"6aad…12bb","attempt":1,"execution_mode":"live","outcome":"created","reason_code":"lead_created_authorized","duration_ms":2}
{"level":"info","time":"2026-09-19T03:02:17.539Z","service":"vantage-main-server","env":"development","msg":"granot_lifecycle.processing.completed","observability_level":"info","category":"mongo","workflow":"granot_lifecycle"}
{"level":"info","time":"2026-09-19T03:02:17.541Z","service":"vantage-main-server","env":"development","msg":"granot_lifecycle.processing.completed","receipt_id":"6aad…12c0","observation_id":"6aad…12bf","decision_id":"6aad…12c4","attempt":1,"execution_mode":"live","outcome":"created","reason_code":"lead_created_authorized","duration_ms":1}
{"level":"info","time":"2026-09-19T03:02:17.541Z","service":"vantage-main-server","env":"development","msg":"granot_lifecycle.processing.completed","observability_level":"info","category":"mongo","workflow":"granot_lifecycle"}
{"level":"info","time":"2026-09-19T03:02:17.542Z","service":"vantage-main-server","env":"development","msg":"granot_lifecycle.processing.completed","receipt_id":"6aad…12c0","observation_id":"6aad…12bf","decision_id":"6aad…12cd","attempt":1,"execution_mode":"live","outcome":"conflict","reason_code":"multiple_eligible_matches","duration_ms":1}
{"level":"info","time":"2026-09-19T03:02:17.542Z","service":"vantage-main-server","env":"development","msg":"granot_lifecycle.processing.completed","observability_level":"info","category":"mongo","workflow":"granot_lifecycle"}
{"level":"info","time":"2026-09-19T03:02:17.544Z","service":"vantage-main-server","env":"development","msg":"granot_lifecycle.processing.completed","receipt_id":"6aad…12d0","observation_id":"6aad…12cf","decision_id":"6aad…12d4","attempt":1,"execution_mode":"live","outcome":"applied","reason_code":"lead_state_changed","duration_ms":1}
{"level":"info","time":"2026-09-19T03:02:17.544Z","service":"vantage-main-server","env":"development","msg":"granot_lifecycle.processing.completed","observability_level":"info","category":"mongo","workflow":"granot_lifecycle"}
{"level":"info","time":"2026-09-19T03:02:17.545Z","service":"vantage-main-server","env":"development","msg":"granot_lifecycle.processing.completed","receipt_id":"6aad…12d7","observation_id":"6aad…12d6","decision_id":"6aad…12db","attempt":1,"execution_mode":"live","outcome":"applied","reason_code":"lead_state_changed","duration_ms":0}
{"level":"info","time":"2026-09-19T03:02:17.545Z","service":"vantage-main-server","env":"development","msg":"granot_lifecycle.processing.completed","observability_level":"info","category":"mongo","workflow":"granot_lifecycle"}
{"level":"info","time":"2026-09-19T03:02:17.549Z","service":"vantage-main-server","env":"development","msg":"granot_lifecycle.processing.completed","receipt_id":"6aad…12de","observation_id":"6aad…12dd","decision_id":"6aad…12e5","attempt":1,"execution_mode":"live","outcome":"applied","reason_code":"lead_state_changed","duration_ms":3}
{"level":"info","time":"2026-09-19T03:02:17.549Z","service":"vantage-main-server","env":"development","msg":"granot_lifecycle.processing.completed","observability_level":"info","category":"mongo","workflow":"granot_lifecycle"}
{"level":"info","time":"2026-09-19T03:02:17.551Z","service":"vantage-main-server","env":"development","msg":"granot_lifecycle.processing.completed","receipt_id":"6aad…12e8","observation_id":"6aad…12e7","decision_id":"6aad…12ee","attempt":1,"execution_mode":"live","outcome":"conflict","reason_code":"job_number_conflict","duration_ms":1}
{"level":"info","time":"2026-09-19T03:02:17.551Z","service":"vantage-main-server","env":"development","msg":"granot_lifecycle.processing.completed","observability_level":"info","category":"mongo","workflow":"granot_lifecycle"}
{"level":"info","time":"2026-09-19T03:02:17.554Z","service":"vantage-main-server","env":"development","msg":"granot_lifecycle.processing.completed","receipt_id":"6aad…12f0","observation_id":"6aad…12ef","decision_id":"6aad…12f6","attempt":1,"execution_mode":"live","outcome":"applied","reason_code":"lead_state_changed","duration_ms":1}
{"level":"info","time":"2026-09-19T03:02:17.555Z","service":"vantage-main-server","env":"development","msg":"granot_lifecycle.processing.completed","observability_level":"info","category":"mongo","workflow":"granot_lifecycle"}
{"level":"info","time":"2026-09-19T03:02:17.558Z","service":"vantage-main-server","env":"development","msg":"granot_lifecycle.processing.completed","receipt_id":"6aad…12f9","observation_id":"6aad…12f8","decision_id":"6aad…1301","attempt":1,"execution_mode":"live","outcome":"applied","reason_code":"lead_state_changed","duration_ms":3}
{"level":"info","time":"2026-09-19T03:02:17.558Z","service":"vantage-main-server","env":"development","msg":"granot_lifecycle.processing.completed","observability_level":"info","category":"mongo","workflow":"granot_lifecycle"}
{"level":"info","time":"2026-09-19T03:02:17.560Z","service":"vantage-main-server","env":"development","msg":"granot_lifecycle.processing.completed","receipt_id":"6aad…1304","observation_id":"6aad…1303","decision_id":"6aad…130b","attempt":1,"execution_mode":"live","outcome":"conflict","reason_code":"record_link_conflict","duration_ms":1}
{"level":"info","time":"2026-09-19T03:02:17.560Z","service":"vantage-main-server","env":"development","msg":"granot_lifecycle.processing.completed","observability_level":"info","category":"mongo","workflow":"granot_lifecycle"}
{"level":"info","time":"2026-09-19T03:02:17.563Z","service":"vantage-main-server","env":"development","msg":"granot_lifecycle.processing.completed","receipt_id":"6aad…1315","observation_id":"6aad…1314","decision_id":"6aad…131a","attempt":1,"execution_mode":"live","outcome":"policy_blocked","reason_code":"global_effect_disabled","duration_ms":1}
{"level":"info","time":"2026-09-19T03:02:17.563Z","service":"vantage-main-server","env":"development","msg":"granot_lifecycle.processing.completed","observability_level":"info","category":"mongo","workflow":"granot_lifecycle"}
{"level":"info","time":"2026-09-19T03:02:17.564Z","service":"vantage-main-server","env":"development","msg":"granot_lifecycle.processing.completed","receipt_id":"6aad…1315","observation_id":"6aad…1314","decision_id":"6aad…131b","attempt":1,"execution_mode":"live_shadow","outcome":"policy_blocked","reason_code":"shadow_effect_suppressed","duration_ms":0}
{"level":"info","time":"2026-09-19T03:02:17.564Z","service":"vantage-main-server","env":"development","msg":"granot_lifecycle.processing.completed","observability_level":"info","category":"mongo","workflow":"granot_lifecycle"}
{"level":"info","time":"2026-09-19T03:02:17.565Z","service":"vantage-main-server","env":"development","msg":"granot_lifecycle.processing.completed","receipt_id":"6aad…131d","observation_id":"6aad…131c","decision_id":"6aad…131e","attempt":1,"execution_mode":"live","outcome":"insufficient_creation_data","reason_code":"missing_creation_contact","duration_ms":1}
{"level":"info","time":"2026-09-19T03:02:17.565Z","service":"vantage-main-server","env":"development","msg":"granot_lifecycle.processing.completed","observability_level":"info","category":"mongo","workflow":"granot_lifecycle"}
{"level":"info","time":"2026-09-19T03:02:17.566Z","service":"vantage-main-server","env":"development","msg":"granot_lifecycle.processing.completed","receipt_id":"6aad…1315","observation_id":"6aad…1314","decision_id":"6aad…1321","attempt":1,"execution_mode":"live","outcome":"insufficient_creation_data","reason_code":"missing_creation_route_data","duration_ms":1}
{"level":"info","time":"2026-09-19T03:02:17.566Z","service":"vantage-main-server","env":"development","msg":"granot_lifecycle.processing.completed","observability_level":"info","category":"mongo","workflow":"granot_lifecycle"}
{"level":"info","time":"2026-09-19T03:02:17.568Z","service":"vantage-main-server","env":"development","msg":"granot_lifecycle.processing.completed","receipt_id":"6aad…1327","observation_id":"6aad…1326","decision_id":"6aad…1328","attempt":1,"execution_mode":"live","outcome":"created","reason_code":"lead_created_authorized","duration_ms":1}
{"level":"info","time":"2026-09-19T03:02:17.568Z","service":"vantage-main-server","env":"development","msg":"granot_lifecycle.processing.completed","observability_level":"info","category":"mongo","workflow":"granot_lifecycle"}
{"level":"info","time":"2026-09-19T03:02:17.569Z","service":"vantage-main-server","env":"development","msg":"granot_lifecycle.processing.completed","receipt_id":"6aad…132d","observation_id":"6aad…132c","decision_id":"6aad…132e","attempt":1,"execution_mode":"live","outcome":"created","reason_code":"lead_created_authorized","duration_ms":1}
{"level":"info","time":"2026-09-19T03:02:17.569Z","service":"vantage-main-server","env":"development","msg":"granot_lifecycle.processing.completed","observability_level":"info","category":"mongo","workflow":"granot_lifecycle"}
{"level":"info","time":"2026-09-19T03:02:17.570Z","service":"vantage-main-server","env":"development","msg":"granot_lifecycle.processing.completed","receipt_id":"6aad…1333","observation_id":"6aad…1332","decision_id":"6aad…1334","attempt":1,"execution_mode":"live","outcome":"insufficient_creation_data","reason_code":"missing_creation_route_data","duration_ms":0}
{"level":"info","time":"2026-09-19T03:02:17.570Z","service":"vantage-main-server","env":"development","msg":"granot_lifecycle.processing.completed","observability_level":"info","category":"mongo","workflow":"granot_lifecycle"}
{"level":"info","time":"2026-09-19T03:02:17.571Z","service":"vantage-main-server","env":"development","msg":"granot_lifecycle.processing.completed","receipt_id":"6aad…1336","observation_id":"6aad…1335","decision_id":"6aad…1337","attempt":1,"execution_mode":"live","outcome":"insufficient_creation_data","reason_code":"missing_creation_route_data","duration_ms":0}
{"level":"info","time":"2026-09-19T03:02:17.571Z","service":"vantage-main-server","env":"development","msg":"granot_lifecycle.processing.completed","observability_level":"info","category":"mongo","workflow":"granot_lifecycle"}
{"level":"info","time":"2026-09-19T03:02:17.573Z","service":"vantage-main-server","env":"development","msg":"granot_lifecycle.processing.completed","receipt_id":"6aad…1339","observation_id":"6aad…1338","decision_id":"6aad…133d","attempt":1,"execution_mode":"live","outcome":"pending_match","reason_code":"pending_source_scoped_match","duration_ms":1}
{"level":"info","time":"2026-09-19T03:02:17.573Z","service":"vantage-main-server","env":"development","msg":"granot_lifecycle.processing.completed","observability_level":"info","category":"mongo","workflow":"granot_lifecycle"}
{"level":"info","time":"2026-09-19T03:02:17.576Z","service":"vantage-main-server","env":"development","msg":"granot_lifecycle.processing.completed","receipt_id":"6aad…133f","observation_id":"6aad…133e","decision_id":"6aad…1343","attempt":9,"execution_mode":"live_shadow","outcome":"unmatched","reason_code":"match_window_expired","duration_ms":1}
{"level":"info","time":"2026-09-19T03:02:17.576Z","service":"vantage-main-server","env":"development","msg":"granot_lifecycle.processing.completed","observability_level":"info","category":"mongo","workflow":"granot_lifecycle"}
{"level":"info","time":"2026-09-19T03:02:17.578Z","service":"vantage-main-server","env":"development","msg":"granot_lifecycle.processing.completed","receipt_id":"6aad…1345","observation_id":"6aad…1344","decision_id":"6aad…134a","attempt":1,"execution_mode":"live","outcome":"created","reason_code":"lead_created_authorized","duration_ms":1}
{"level":"info","time":"2026-09-19T03:02:17.578Z","service":"vantage-main-server","env":"development","msg":"granot_lifecycle.processing.completed","observability_level":"info","category":"mongo","workflow":"granot_lifecycle"}
{"level":"info","time":"2026-09-19T03:02:17.580Z","service":"vantage-main-server","env":"development","msg":"granot_lifecycle.processing.completed","receipt_id":"6aad…134f","observation_id":"6aad…134e","decision_id":"6aad…1353","attempt":1,"execution_mode":"live","outcome":"pending_match","reason_code":"pending_source_scoped_match","duration_ms":1}
{"level":"info","time":"2026-09-19T03:02:17.580Z","service":"vantage-main-server","env":"development","msg":"granot_lifecycle.processing.completed","observability_level":"info","category":"mongo","workflow":"granot_lifecycle"}
✔ Form q for a Granot-only name includes granot_contact_snapshot.name (22.2999ms)
✔ Form q for an ingested-only email includes ingested_contact_snapshot.email (1.5679ms)
✔ Form q for a typed phone substring hits live and snapshot phone paths (1.0663ms)
✔ Form q still hits job_no and ref_no (1.1288ms)
✔ Call q includes ingested and Granot snapshot contact paths (1.3942ms)
✔ empty q still pins ranked identity; explicit q still pins nothing (2.2064ms)
✔ Form item with a snapshot returns known_contacts.granot and live contact stays Form submitted (2.4907ms)
✔ Form item without a snapshot omits known_contacts.granot (0.5498ms)
✔ listGranotLifecycleCaseCandidates Form q uses snapshot paths, excludes Duplicate/Bad, and maps known_contacts (14.6707ms)
✔ listGranotLifecycleCaseCandidates Call q uses snapshot paths and maps known_contacts (3.2661ms)
✔ listGranotLifecycleCaseCandidates Call q for Granot-only phone hits snapshot phone paths (1.9936ms)
﹣ [AC-18][AC-20][AC-35][AC-39] replica lifecycle reads leave aggregate and effect collection counts unchanged (3.6316ms) # Replica-set proof requires TEST_MODE=true before process start.
✔ [AC-35] Job path normalization rejects empty values (5.1502ms)
✔ [AC-35] the discrepancy queue still masks the contact it never asks anyone to call (1.7538ms)
✔ an intake names the customer the Owner has to call, and falls back to how to reach them (1.3935ms)
✔ [AC-23] candidate ranking pins the suggested Lead, then high confidence, and is stable (1.7612ms)
✔ intake case detail hands the Owner the whole contact, not an initial and four digits (2.127ms)
✔ [AC-20] [AC-36] [AC-40] timeline order is stable and evidence is not collapsed (3.5408ms)
✔ [AC-35] lifecycle DTO recursive guard rejects raw transport and credentials (0.9404ms)
✔ list deterministic booking exposes the official id and public-cancel eligibility (0.7929ms)
✔ [AC-31] health flag names match the ten centralized lifecycle flags and do not promote effects (0.5934ms)
✔ [AC-37] due work includes expired claims and excludes unexpired claimed leases (1.0747ms)
✔ [AC-P7] list compact pairing matches the creating Booked class and omits Release rows (2.2448ms)
✔ [AC-P4][AC-P6][AC-P7] detail pairing includes later Priority 5 and is null for historical Priority 5 only (2.9873ms)
✔ [AC-R10] default intakes list is booking-only; kind=release still lists historical Release cases (0.4827ms)
✔ list latest_action uses booking-intake selection so later Priority 5 cannot win (1.2245ms)
✔ [AC-R3] pairing is omitted on a Release-only booking case (0.6555ms)
✔ [AC-R3] capabilities matrix follows spec §7 and hides Confirm Cancellation when commands are off (0.6062ms)
{"level":"info","time":"2026-09-19T03:02:13.795Z","service":"vantage-main-server","env":"development","msg":"granot_lifecycle.queue.publish_skipped","receipt_id":"rece…skip","observation_channel":"granot_webhook"}
✔ [AC-35] publisher is skipped in the test runner and never sends a queue message (8.2498ms)
✔ [AC-02][AC-35] publisher sends exactly { receipt_id } when publishing is enabled (1.9205ms)
✔ [AC-35] publish failure is observed safely and does not throw (7.703ms)
{"level":"info","time":"2026-09-19T03:02:13.803Z","service":"vantage-main-server","env":"development","msg":"granot_lifecycle.queue.published","receipt_id":"rece…pt-1","observation_channel":"granot_webhook"}
{"level":"error","time":"2026-09-19T03:02:13.807Z","service":"vantage-main-server","env":"development","msg":"granot_lifecycle.queue.publish_failed","error_code":"technical_failure","receipt_id":"rece…iled","observation_channel":"granot_webhook"}
{"level":"error","time":"2026-09-19T03:02:13.811Z","service":"vantage-main-server","env":"development","msg":"granot_lifecycle.queue.publish_failed","observability_level":"error","category":"queue","workflow":"granot_lifecycle_queue","entity_id":"receip...iled"}
✔ [AC-02][AC-35] hashes canonical credential-redacted JSON as lowercase SHA-256 hex (4.6772ms)
✔ [AC-35] reports removed credential-key counts only and never values (0.6641ms)
✔ [AC-35] leaves non-credential keys untouched and starts counts at zero (0.4026ms)
✔ [AC-02] identical redacted payloads produce the same hash and remain distinct receipts later (0.3658ms)
✔ [AC-02] received legacy processing translates to pending defaults only (0.447ms)
✔ [AC-02] refused legacy processing statuses are not translated (0.3166ms)
✔ [AC-02][AC-35] legacy webhook fill uses 34.1 mapping, legacy_unknown, and count-only redaction (3.3473ms)
✔ channel filter excludes browser_extension and granot_http_automation receipts (24.8642ms)
✔ ref_no hits an Observation, a pending receipt fallback, and misses others (2.3428ms)
✔ job_no hits an Observation, a pending receipt fallback, and misses others (1.9411ms)
✔ name hits an Observation, a pending receipt fallback, and misses others (1.6722ms)
✔ phone hits an Observation, a pending receipt fallback, and misses others (1.5659ms)
✔ email hits an Observation, a pending receipt fallback, and misses others (1.3483ms)
✔ source_company_id and booking_action ignore pending receipts (2.4055ms)
✔ booking_action booked and release are distinct (1.6121ms)
✔ payload event_type cannot reroute route_event_class (1.6057ms)
✔ lead_created and priority_updated never return a booking action on the DTO (1.2983ms)
✔ Owner list returns unmasked contact and credential-redacted granot_statement (1.0247ms)
✔ pending receipt and empty Observation phone or email fill from the redacted payload (1.0322ms)
✔ cursor page is stable newest-first (3.305ms)
✔ intake_case_id joins the booking case by Job Number, including lead_created (0.8793ms)
✔ empty find lists newest webhook receipts first (0.9523ms)
✔ opaque cursor encoder matches the case-list keyset shape (0.6192ms)
﹣ [AC-28][AC-32] replica Referral creation is exact, lead-free, atomic, and replay-safe (4.8955ms) # Replica-set proof requires TEST_MODE=true before process start.
﹣ [AC-28] already-satisfied Referral evidence resolves without a second Booking (0.7213ms) # Replica-set proof requires TEST_MODE=true before process start.
﹣ [AC-28] existing Referral Booking supports official update and case-only No Action without a Lead (0.6759ms) # Replica-set proof requires TEST_MODE=true before process start.
﹣ [AC-28][AC-32] competing Owners converge and policy drift fails closed (1.2193ms) # Replica-set proof requires TEST_MODE=true before process start.
﹣ [AC-28][AC-32] Referral creation rolls back after every persisted boundary (0.8446ms) # Replica-set proof requires TEST_MODE=true before process start.
✔ [AC-28] Referral Booking exposes the canonical command name (3.0567ms)
✔ [AC-28] Referral Booking rejects non-Owner authority before storage access (2.1824ms)
﹣ [AC-21][AC-25][AC-32] Release No Action resolves only case and Command with exact replay (4.6588ms) # Replica-set proof requires TEST_MODE=true before process start.
﹣ [AC-21][AC-25][AC-32] Release Update Booking fully replaces official fields atomically (1.1177ms) # Replica-set proof requires TEST_MODE=true before process start.
﹣ [AC-21][AC-25][AC-26][AC-32] Confirm Cancellation writes one complete causal chain (0.7525ms) # Replica-set proof requires TEST_MODE=true before process start.
﹣ [AC-26][AC-32] a verified current Cancellation resolves already-satisfied without another effect (0.4066ms) # Replica-set proof requires TEST_MODE=true before process start.
﹣ [AC-25][AC-32] verified Referral Booking cancels without fabricating a Lead mirror (0.4399ms) # Replica-set proof requires TEST_MODE=true before process start.
﹣ Confirm Granot Cancellation succeeds on a Granot official Leadless Booking without a Lead mirror (0.4263ms) # Replica-set proof requires TEST_MODE=true before process start.
﹣ [AC-21] all pairwise Release commands have exactly one case-revision winner (0.4377ms) # Replica-set proof requires TEST_MODE=true before process start.
﹣ [AC-32] Cancellation, update, and No Action roll back after every write boundary (0.6584ms) # Replica-set proof requires TEST_MODE=true before process start.
﹣ [AC-25][AC-32][AC-36] Release races converge, replay dedupes, and resolved rows advance max+1 (4.2067ms) # Replica-set proof requires TEST_MODE=true before process start.
﹣ [AC-25][AC-31][AC-32] refresh splits revisions and Decision failure rolls back create and refresh (1.7078ms) # Replica-set proof requires TEST_MODE=true before process start.
﹣ [AC-25][AC-29][AC-40] Booking and Release cases coexist without forbidden side effects (0.7782ms) # Replica-set proof requires TEST_MODE=true before process start.
{"level":"info","time":"2026-09-19T03:02:24.613Z","service":"vantage-main-server","env":"development","msg":"granot_lifecycle.release_case.opened","observability_level":"info","category":"booking","workflow":"granot_release_reconciliation"}
▶ Release Reconciliation classification
  ✔ [AC-25] active deterministic Booking opens Release review even without a Lead (12.007ms)
  ✔ [AC-26] already officially cancelled Release is already-current and never a case (2.0587ms)
  ✔ [AC-27] missing Booking and exact identity conflicts route to the typed discrepancy seam (0.9933ms)
  ✔ [AC-40] ignores non-Release evidence and never contact-selects a Booking (0.6729ms)
✔ Release Reconciliation classification (19.5452ms)
▶ Release Reconciliation persistence
  ✔ [AC-25] atomically opens and refreshes one Release case with immutable opening Booking revision (16.627ms)
✔ Release Reconciliation persistence (17.1186ms)
{"level":"info","time":"2026-09-19T03:02:24.616Z","service":"vantage-main-server","env":"development","msg":"granot_lifecycle.release_case.refreshed","observability_level":"info","category":"booking","workflow":"granot_release_reconciliation"}
✔ [AC-35] lifecycle failure logs contain bounded codes and masked identifiers only (3.3397ms)
✔ [AC-30] foundation technical retry uses exact exponential cap and 0-25% jitter (2.4375ms)
✔ [AC-30] foundation pending-match offsets are absolute from captured_at (3.6745ms)
✔ [AC-30] foundation still-failed match at or after 24 hours is not scheduled (0.4246ms)
✔ [AC-30] foundation sync poll backoff stays bounded inside five seconds (0.3144ms)
✔ [AC-38] zero, multiple, inactive, and ambiguous runtime matches never pick a row or route (7.5818ms)
✔ [AC-38] policy cache cannot serve a precommit snapshot (0.9192ms)
✔ [AC-09] Best Relocation Form same valid states select local; different select long-distance; invalid select none (1.8645ms)
✔ [AC-29] deferred Paid Overflow and Auto authorize no effect; payload type is not classification input (2.1725ms)
✔ [AC-04] ineligible Source Scope fails gates and provides no reassignment output (3.023ms)
✔ gate evaluator snapshots every layer in stable order and maps deferred vs policy_blocked (4.5593ms)
✔ [AC-28] reviewed Referral reconciliation treats absent Lead scope gates as not applicable (0.9037ms)
✔ source-policy suite never imports the Twilio adapter (4.4991ms)
✔ twelve policy × effect outcomes are independent for link, enrich, create, and text (3.1638ms)
✔ a later store edit does not mutate an already-returned SourcePolicySnapshot (2.7699ms)
﹣ [AC-05][AC-07][AC-10][AC-11][AC-32] replica WordPress matched write is one causal transaction (23.3958ms) # Replica-set proof requires TEST_MODE=true before process start.
﹣ [AC-12] replica RingCentral Call qualified contact writes snapshot only (17.8091ms) # Replica-set proof requires TEST_MODE=true before process start.
﹣ [AC-12] replica Granot-created Form contact becomes current and keeps origin (1.006ms) # Replica-set proof requires TEST_MODE=true before process start.
﹣ [AC-13] replica Agent fills only an empty receiver through one active match (0.5518ms) # Replica-set proof requires TEST_MODE=true before process start.
﹣ [AC-05] replica Bad Form stores Priority only and Duplicate never becomes a target (0.63ms) # Replica-set proof requires TEST_MODE=true before process start.
﹣ [AC-07][AC-32] replica establish, attach, confirm, and duplicate-key race (0.6745ms) # Replica-set proof requires TEST_MODE=true before process start.
﹣ [AC-32] replica revision race has one winner and rolls back the losing transaction (0.6395ms) # Replica-set proof requires TEST_MODE=true before process start.
﹣ [AC-32] replica equal-time Observation tie-break admits only the greater ObjectId (2.8907ms) # Replica-set proof requires TEST_MODE=true before process start.
✔ [AC-32] command refuses shadow or disabled Lead writes before the executor (6.6712ms)
✔ [AC-32] command refuses a failed gate snapshot before the executor (0.9932ms)
✔ [AC-32] Granot command context requires the processor actor and webhook initiator (1.5713ms)
✔ receiver fill derives catalog name snapshot and set_at off the planner (1.636ms)
✔ Changed in Granot ignores US country-code phone formatting (1.0279ms)
✔ Changed in Granot ignores email case and name capitalization (0.3769ms)
✔ Changed in Granot ignores Granot first/last split of a name-only form submit (0.8218ms)
✔ Changed in Granot stays true when Granot last name adds another person (0.3269ms)
✔ Changed in Granot stays true for a different person or reach path (0.4072ms)
✔ Call Lead synchronize persists Granot Contact Snapshot and leaves live phone unchanged (2.8878ms)
✔ [AC-07] trusted Granot Form validator may omit move_size and forces post_to_granot=false (14.0103ms)
✔ [AC-07] trusted Granot Form validator rejects caller override of post_to_granot (1.3711ms)
✔ [AC-07] trusted Granot Call validator allows Job Number without phone and forces post_to_granot=false (1.7618ms)
✔ [AC-07] trusted Granot validators reject public lifecycle metadata keys (1.2923ms)
✔ [AC-03][AC-05][AC-06][AC-29] shared lifecycle vocabulary remains exact (1.413ms)
✔ Form duplicate classification isolates cutoff cohorts and exact granularities (22.5506ms)
✔ matched modern production duplicate outcome is preserved (0.4682ms)
✔ Call duplicates use earlier non-duplicate anchors in inclusive 90-day exact-granularity window (0.4666ms)
✔ Form Fill is time-unbounded and Source Company scoped after Form classification (0.3628ms)
✔ classification fails closed without exact granularity (0.9395ms)
✔ manifest bytes and hash are stable for identical reviewed inputs (54.849ms)
✔ manifest identity is deterministic when the caller does not supply one (3.5121ms)
✔ manifest parser rejects modified bytes (2.7019ms)
✔ rehearsal and production target guards fail closed (2.6168ms)
✔ migration context cannot be enabled outside the canonical local adapter (1.3711ms)
✔ exact normalization applies NFKC, whitespace collapse, and case folding (2.2101ms)
✔ agent parsing removes terminal metadata and preserves slash order (3.1938ms)
✔ agent parsing rejects repeated and unrecognized separators (1.7283ms)
✔ customer parsing preserves compound display text as one customer (0.7314ms)
✔ money parser uses cents and rejects blank, negative, and over-precision (1.5407ms)
✔ integer-cent allocations are exact for one, two, and three agents (1.0128ms)
✔ Eastern parser handles DST and the reviewed malformed-year correction (46.0491ms)
✔ Google serial dates are interpreted as Eastern wall-clock values (0.7533ms)
✔ planner produces a schema-valid deterministic manifest for a new source and form lead (174.0156ms)
✔ rollback restores exact values and unsets fields that were originally absent (4.943ms)
✔ update validation accepts a production nested object path (4.3477ms)
✔ update validation rejects an unknown nested object path (0.9166ms)
✔ recurring source window starts at New York midnight on 2026-04-30 (6.5096ms)
✔ stable managed identity survives row reordering (9.1982ms)
✔ preview never repairs missing managed identities (1.2681ms)
✔ leased identity repair writes empty cells once and verifies read-back (1.9588ms)
✔ copied managed identities block repair instead of falling back to row number (1.1448ms)
✔ malformed managed identities block inspection (0.7288ms)
✔ identity repair never overwrites a value added after inspection (1.4003ms)
✔ identity repair uses atomic empty-cell replacement (0.8943ms)
✔ application plan is immutable and material changes alter its checksum (13.9318ms)
✔ unmatched booking becomes leadless plus one reconciliation conflict (15.5504ms)
✔ LID_BestRelo remains matching evidence and never becomes an action (4.2505ms)
✔ unmatched refund is blocking and cannot guess a cancellation (24.225ms)
✔ refund matches below the calibrated threshold never cancel (8.301ms)
✔ review-only refund evidence does not consume a later corroborated match (9.4998ms)
✔ invalid source rows become isolated conflict actions (18.3598ms)
✔ three-way update permits only unchanged canonical source-owned fields (2.8831ms)
✔ persistence schemas enforce receipt uniqueness and required indexes (2.4123ms)
✔ ingestion run graph makes all terminal states immutable (0.5593ms)
✔ heartbeat gates skip before source reads (0.5909ms)
✔ apply worker mutates domain state only through canonical commands (134.5749ms)
✔ read paths use readonly Sheets scope and repair has a separate writer (37.7617ms)
✔ worker final and failure transitions remain lease-fenced (27.6926ms)
✔ pre-cutoff observations never enter the application plan (9.625ms)
✔ refund application window uses Timestamp with exact half-open boundaries (15.0413ms)
✔ one new form lead and one linked refund map to single create actions (7.7498ms)
✔ identical evidence is classified unchanged across replans (2.7753ms)
✔ source evidence reappearance uses the applied baseline, not conflicts (0.377ms)
✔ missing-source actions preserve canonical refs and never delete (0.3796ms)
✔ bootstrap adoption remaps creates to receipt-only adopt_existing (2.6032ms)
✔ bootstrap adopts nonduplicate calls using DST-aware persisted timestamps (10.1485ms)
✔ apply resumes from checkpoint without replaying successful actions (31.3053ms)
✔ adopt_existing Form Lead supplies the Booking lead_ref without creating a second Lead (4.5857ms)
✔ failed lead dependency blocks dependent booking and continues independently (7.284ms)
✔ concurrent apply lease acquisition admits only one owner (0.4203ms)
✔ altered plan checksum is rejected before any mutation (21.4894ms)
✔ health signals alert on structural and growth thresholds (2.7804ms)
✔ conflict resolve route delegates booking attach to canonical command (62.8928ms)
✔ ingestion route errors never expose provider or source details (1.5408ms)
✔ WordPress walk-back (49.3443ms)
✔ Lead updated headline omits changed paths (2.7703ms)
✔ Granot-born (2.0914ms)
✔ Latest attempt only (12.3823ms)
✔ Granularity filter (1.1952ms)
✔ No contact match (1.5447ms)
✔ Priority 5 is not Booked (1.2689ms)
✔ Case is not a Booking (2.4716ms)
✔ Equivalent Job Number (3.7772ms)
✔ Sheet Sync walk-back (1.9005ms)
✔ Sheet Sync after official Booking (1.8767ms)
✔ Unresolved Lead has no source-lead Sheet Sync (0.81ms)
✔ orphan cancellation without snapshot is not a first-hop survivor (0.609ms)
✔ Typed search not_found (0.4157ms)
✔ Typed equivalent search (0.9359ms)
✔ blank Job Number is invalid_job_number (0.2674ms)
✔ assemble is a pure function over injected rows (1.995ms)
✔ text policy skip is not applicable rather than attention (47.858ms)
✔ open booking intake yields active stage and no official booking (7.7444ms)
✔ resolved finalizing booking case without fact yields attention (7.3404ms)
✔ ordinary booked job has no cancellation attention (4.856ms)
✔ resolved release case without cancellation yields attention (10.9559ms)
✔ official cancellation determines cancelled outcome (3.5086ms)
✔ contradictory official chronology yields contradictory outcome (29.1476ms)
✔ synced sheet job still reports google destination unverified (21.2198ms)
✔ wordpress-born golden includes wordpress receipt limitation (4.9783ms)
✔ later Granot receipt does not clear wordpress receipt limitation (3.063ms)
✔ ringcentral-born golden bounds confidence with the cursor (7.0727ms)
✔ move completion and multi query appear only as limitations (3.2184ms)
✔ open cancellation intake does not become official cancelled outcome (1.9079ms)
✔ unresolved lead without official fact is unknown and lead unresolved (1.4344ms)
✔ snapshot-only cancellation is a found cancelled page (1.7998ms)
✔ orphan cancellation without snapshot yields orphan attention (1.1572ms)
✔ sheet sync pending too long uses the module default threshold (5.3179ms)
✔ terminal sheet failure yields sheet sync terminal failure (2.1543ms)
✔ disagreeing source scopes yield source scope conflict (5.9233ms)
✔ applied decision without entity change yields processing evidence gap (1.6381ms)
✔ applied decision linked by entity change decision id is not a processing evidence gap (1.157ms)
✔ Masking (68.8052ms)
✔ module WordPress walk-back matches assemble headlines (59.1978ms)
✔ module Granot-born (3.4378ms)
✔ module latest Decision attempt only (1.6304ms)
✔ module intake is not official Booking (1.5415ms)
✔ module equivalent Job Number (2.6893ms)
✔ module Sheet Sync joins by entity ID (2.6501ms)
✔ module redacts contact, SMS body, and raw payloads (2.4402ms)
✔ module typed search not_found (0.6905ms)
✔ module company/granularity mismatch is filtered_out (0.5826ms)
✔ module without now still stamps assembled_at after reads (1.7983ms)
✔ module now sets assembled_at after reads (2.1359ms)
✔ bounded real timeline loader applies Mongo limit and timeout to every first-hop and downstream cursor (9.8445ms)
✔ bounded real loader rejects overflow at initial and later joins instead of publishing truncated evidence (9.0102ms)
✔ optional bound preserves existing unbounded Owner loader behavior and rejects nonsensical configuration (2.4804ms)
✔ normalizeTypedJobNo trims and uppercases (2.8301ms)
✔ jobsEquivalent treats letter prefix as the same Job Number (0.6888ms)
✔ recent official booking examples stay capped at three and newest book_date first (5.2494ms)
✔ recent official booking examples skip rows without a Job Number and never copy contact (0.7946ms)
✔ schema_version is job_timeline.v2 on ok pages (44.9936ms)
✔ source receipt and lead creation remain separate events (11.9424ms)
✔ wordpress creation reports no invented receipt event (4.0341ms)
✔ timeline emits wordpress source_received only when the receipt exists (4.1654ms)
✔ dual clocks order by occurred time and preserve recorded time (2.4925ms)
✔ related receipt decision change and sheet rows share activity id (2.6695ms)
✔ activity grouping does not remove original evidence events (3.3806ms)
✔ orphan cancellation is not attached without durable job snapshot (2.1777ms)
✔ cancellation snapshot restores exact job correlation (2.0513ms)
✔ event cap returns explicit truncation limitation (33.0573ms)
✔ serialized v2 page contains no forbidden fields or contact (18.2238ms)
✔ golden pages cover origin and official-fact shapes (10.9089ms)
✔ skipped ringcentral ledger row is not a source receipt (1.1087ms)
✔ v1 fields remain populated on enhanced events (1.0321ms)
{"level":"info","time":"2026-09-19T03:02:33.755Z","service":"vantage-main-server","env":"development","msg":"lead_messaging.granot_created.already_sent","observationId":"6aadfb49eb1b7e78e4d97e2f"}
✔ Granot SMS gates evaluate every named gate and report the first blocker (3.6214ms)
✔ link_only never texts even when every other gate passes (0.564ms)
✔ not_attested blocks even when outbound_sms.enabled is somehow true (0.3108ms)
✔ renderer substitutes allowlisted placeholders and always appends one opt-out (3.219ms)
✔ sendGranotCreatedLeadConfirmation never throws and reports already_sent on duplicate key (4.2571ms)
✔ create_if_missing texting uses the resolved Lead Source ID and never looks up by label (1.3399ms)
✔ Twilio adapter stays un-called on gate decisions and persist/dispatch stubs (7.5767ms)
✔ link_only enrich path sends nothing even when persist/dispatch are provided (6.1818ms)
✔ replaying one observation twice yields at most one persist, bounded by identity (1.7017ms)
{"level":"info","time":"2026-09-19T03:02:33.766Z","service":"vantage-main-server","env":"development","msg":"lead_messaging.granot_created.blocked","observationId":"6aadfb49eb1b7e78e4d97e38","blockedReason":"source_policy_create_if_missing","leadModel":"FormLead"}
{"level":"info","time":"2026-09-19T03:02:33.772Z","service":"vantage-main-server","env":"development","msg":"lead_messaging.granot_created.blocked","observationId":"6aadfb49eb1b7e78e4d97e3c","blockedReason":"source_policy_create_if_missing","leadModel":"FormLead"}
{"level":"info","time":"2026-09-19T03:02:33.773Z","service":"vantage-main-server","env":"development","msg":"lead_messaging.granot_created.already_sent","observationId":"6aadfb49eb1b7e78e4d97e40"}
{"level":"error","time":"2026-09-19T03:02:34.389Z","service":"vantage-main-server","env":"development","err":{"type":"Error","message":"quiet-hours scheduling failed","stack":"Error: quiet-hours scheduling failed\n    at dispatch (C:\\Users\\Pinda\\Proyectos\\vantage\\vantage-main-server\\src\\services\\leadMessaging\\leadMessaging.service.test.ts:404:15)\n    at dispatchOrQueuePersistedLeadMessage (C:\\Users\\Pinda\\Proyectos\\vantage\\vantage-main-server\\src\\services\\leadMessaging\\leadMessaging.service.ts:274:44)\n    at TestContext.<anonymous> (C:\\Users\\Pinda\\Proyectos\\vantage\\vantage-main-server\\src\\services\\leadMessaging\\leadMessaging.service.test.ts:395:27)\n    at async Test.run (node:internal/test_runner/test:1332:7)\n    at async Test.processPendingSubtests (node:internal/test_runner/test:911:7)"},"msg":"lead_messaging.post_persist_dispatch_failed","leadMessageId":"6aadfb4ac677f5ee78fde059","leadId":"6aadfb4ac677f5ee78fde05b"}
✔ confirmation builder retains the approved server-side copy (9.7155ms)
✔ confirmation builder derives the first name from a combined name (0.8383ms)
✔ overnight deferral stays off until quiet hours are explicitly enabled (9.2134ms)
✔ form-lead SMS send input defers overnight Eastern traffic to 8:00 AM via Twilio (13.385ms)
✔ Twilio schedule window rejects sendAt values Twilio would 400 (15.0153ms)
✔ overnight deferral fails closed when the Messaging Service SID is missing (8.9048ms)
✔ SMS destinations are normalized to E.164 when safely possible (1.1966ms)
✔ disabled mode is a dispatch-time kill switch (6.3165ms)
✔ test mode is also enforced at dispatch time (1.0908ms)
✔ intent persistence gates strictly on parsed true consent (2.8108ms)
✔ duplicate, disabled, and test modes cannot send (2.1967ms)
✔ Granot persist shape shares one capacity reservation and does not require form consent (2.7667ms)
✔ destination policy decisions persist as non-retryable skips (0.7484ms)
✔ 429 and definite connection failures are retryable (0.9024ms)
✔ ambiguous timeouts are never automatically retried (0.4533ms)
✔ retry budget stops automatic retries (6.1473ms)
✔ status callbacks do not regress or replace terminal outcomes (0.6568ms)
✔ scheduled provider status can advance to queued, sent, or failed (0.7975ms)
✔ post-persist dispatch never rejects the form-lead create path (19.4084ms)
{"level":"error","time":"2026-09-19T03:02:34.400Z","service":"vantage-main-server","env":"development","err":{"type":"Error","message":"event write failed after Twilio accepted","stack":"Error: event write failed after Twilio accepted\n    at dispatch (C:\\Users\\Pinda\\Proyectos\\vantage\\vantage-main-server\\src\\services\\leadMessaging\\leadMessaging.service.test.ts:423:15)\n    at dispatchOrQueuePersistedLeadMessage (C:\\Users\\Pinda\\Proyectos\\vantage\\vantage-main-server\\src\\services\\leadMessaging\\leadMessaging.service.ts:274:44)\n    at TestContext.<anonymous> (C:\\Users\\Pinda\\Proyectos\\vantage\\vantage-main-server\\src\\services\\leadMessaging\\leadMessaging.service.test.ts:414:33)\n    at async Test.run (node:internal/test_runner/test:1332:7)\n    at async Test.processPendingSubtests (node:internal/test_runner/test:911:7)"},"msg":"lead_messaging.post_persist_dispatch_failed","leadMessageId":"6aadfb4ac677f5ee78fde059","leadId":"6aadfb4ac677f5ee78fde05c"}
✔ midnight through 6:59 AM Eastern defers to 8:00 AM the same Eastern day (2.9331ms)
✔ 7:00 AM Eastern and later send immediately (0.6452ms)
✔ immediate Twilio payloads keep the existing from-number send shape (4.7634ms)
✔ scheduled Twilio payloads require a Messaging Service and use fixed sendAt (1.2961ms)
✔ status callback validation uses the exact configured URL and primary token (2.7098ms)
✔ builds signed-callback-compatible TwiML that forwards to RingCentral (142.2421ms)
✔ defaults forwarding to the Vantage RingCentral number (0.8986ms)
✔ rejects a forwarding loop (1.225ms)
✔ completed callback hangs up the parent call (1.1971ms)
✔ lead source catalog seeds legacy companies and resolves granularities (10.7646ms)
✔ all legacy source labels resolve through the lead source catalog (59.5205ms)
✔ lead source catalog seeds production and test databases independently (39.2951ms)
{"level":"info","time":"2026-09-19T03:02:38.050Z","service":"vantage-main-server","env":"development","msg":"call_lead.create.sheet_sync.disabled","resource":"source_lead","leadModel":"CallLead","leadId":"507f1f77bcf86cd799439011"}
✔ rememberBothCallSheetTabsForTombstone includes Calls and Duplicate Calls fallbacks (10.9762ms)
✔ rememberBothCallSheetTabsForTombstone preserves known rows from sheet_sync (2.4998ms)
✔ completeCallLeadIngestion records lead.call.created after commit and skips form-fill when false (7.1565ms)
✔ completeCallLeadIngestion records form-fill only when Form Fill is true (2.9508ms)
✔ completeCallLeadIngestion reports missing CPL after the write, not as a CRM post (4.1888ms)
✔ Admin and Best Relocation origins never set Duplicate Lead; public ingest is vantage_admin (1.756ms)
✔ [AC-12] RingCentral Call provenance is ringcentral, quoted false, transport stays nested (0.7023ms)
✔ correctCallLead refuses Duplicate Lead on a Booked Call Lead (7.3449ms)
{"level":"info","time":"2026-09-19T03:02:38.052Z","service":"vantage-main-server","env":"development","msg":"lead.call.created","observability_level":"info","category":"lead","workflow":"call_lead_create","source_company":"tbm_leads","entity_id":"507f1f77bcf86cd799439011"}
{"level":"info","time":"2026-09-19T03:02:38.056Z","service":"vantage-main-server","env":"development","msg":"call_lead.create.sheet_sync.disabled","resource":"source_lead","leadModel":"CallLead","leadId":"507f1f77bcf86cd799439011"}
{"level":"info","time":"2026-09-19T03:02:38.056Z","service":"vantage-main-server","env":"development","msg":"lead.call.created","observability_level":"info","category":"lead","workflow":"call_lead_create","source_company":"tbm_leads","entity_id":"507f1f77bcf86cd799439011"}
{"level":"info","time":"2026-09-19T03:02:38.056Z","service":"vantage-main-server","env":"development","msg":"lead.call.form_fill_detected","observability_level":"info","category":"lead","workflow":"call_lead_create","source_company":"tbm_leads","entity_id":"507f1f77bcf86cd799439011"}
{"level":"info","time":"2026-09-19T03:02:38.059Z","service":"vantage-main-server","env":"development","msg":"call_lead.create.sheet_sync.disabled","resource":"source_lead","leadModel":"CallLead","leadId":"507f1f77bcf86cd799439011"}
{"level":"error","time":"2026-09-19T03:02:38.060Z","service":"vantage-main-server","env":"development","msg":"lead.cpl.missing_rate","observability_level":"error","category":"lead","workflow":"lead_cpl_resolution","source_company":"tbm_leads","entity_id":"507f1f77bcf86cd799439011"}
{"level":"info","time":"2026-09-19T03:02:38.061Z","service":"vantage-main-server","env":"development","msg":"lead.call.created","observability_level":"info","category":"lead","workflow":"call_lead_create","source_company":"tbm_leads","entity_id":"507f1f77bcf86cd799439011"}
✔ correctCallLead maps a missing receiver agent to 404 (58.8226ms)
✔ correctCallLead skips Sheet Sync when nothing material changed (2.9813ms)
✔ listRecentCallLeads keeps a Duplicate Lead in the last 200 (1.0293ms)
✔ removeCallLead refuses a Booked Call Lead without cascade (1.2931ms)
✔ refuseToMarkABookedCallAsDuplicate does not mention no_sync (22.8016ms)
✔ correctCallLead does not throw ConflictError when marking no_sync on booked or duplicate (9.5145ms)
✔ Admin Call create stamps no_sync from origin and skips call_lead.create outbox when true (19.9215ms)
✔ Admin Call omit stamps no_sync true; RingCentral client true stamps false (12.7412ms)
✔ CallLead schema defaults no_sync to false so missing-field documents stay syncable (0.4494ms)
✔ begin remembers Sheet Sync before commit; complete dispatches and records owner events (52.4092ms)
✔ form duplicate check matches an earlier lead by email within exact granularity (4.8014ms)
✔ form duplicate check matches existing lead by phone within exact granularity (1.3476ms)
✔ form duplicate check does not fall back from exact granularity to company (2.5754ms)
✔ form duplicate check allows single identifier duplicate matches (0.5651ms)
✔ form duplicate check ignores regex candidates that fail exact phone verification (15.5764ms)
✔ form duplicate check skips lookup when no usable identifier exists (0.7938ms)
✔ findFormLeadForEnrichment does not return a Duplicate Lead (18.5765ms)
✔ findFormLeadForEnrichment is not found when the Form Lead is missing (1.0472ms)
✔ correctFormLead refuses quoted and cubic feet on a Duplicate Lead (1.4046ms)
✔ refuseIllegalCorrections does not mention no_sync (45.5963ms)
✔ correctFormLead does not throw ConflictError when marking no_sync on booked, duplicate, or bad (11.2024ms)
✔ correctFormLead refuses Bad Lead on duplicate, Booked, or Cancelled (7.0325ms)
✔ removeFormLead refuses a Booked Form Lead without cascade (1.2449ms)
✔ [AC-10] WordPress and Admin Form create paths derive exact origins (0.5989ms)
✔ Admin Form create omit stores no_sync true and skips form_lead.create outbox (38.165ms)
✔ Admin Form omit stamps no_sync true; opt-in false and WordPress client true stamp correctly (18.5859ms)
✔ FormLead schema defaults no_sync to false so missing-field documents stay syncable (0.2987ms)
✔ [AC-10] Form updates cannot carry internal snapshot or origin fields (0.4222ms)
✔ lead CPL resolution uses the stored Eastern business calendar day (4.024ms)
✔ duplicate Call Lead snapshots retain base-period evidence at zero (2.8582ms)
✔ missing rates remain compatibility zero with a cleared period reference (5.9434ms)
✔ [AC-10] Form origin derivation uses trusted entry points and fails closed (3.4832ms)
✔ [AC-12] Call origin derivation uses trusted entry points and fails closed (0.4272ms)
✔ [AC-10] [AC-11] creation provenance captures ingested snapshots with trusted now (2.1396ms)
✔ [AC-12] Call creation provenance forces quoted false and captured_at_ingestion (0.636ms)
✔ noSyncOnCreate defaults true for vantage_admin and ignores other-origin client true (0.3967ms)
✔ [AC-07] omitForbiddenLeadLifecycleFields strips internal metadata from updates (0.4727ms)
✔ deriveLocal is local only when both states match (1.8398ms)
✔ deriveFormLeadLocal treats not_found on either side as a Local Move (0.4465ms)
✔ deriveFormLeadLocal still classifies two known states (0.3017ms)
✔ normalizeState keeps the not_found sentinel and uppercases codes (0.3018ms)
﹣ [AC-10] [AC-11] replica WordPress Form create captures origin and snapshots atomically (2.5006ms) # Replica-set proof requires TEST_MODE=true before process start.
﹣ [AC-10] replica Form origin/snapshot insert rolls back with the Lead (0.981ms) # Replica-set proof requires TEST_MODE=true before process start.
﹣ [AC-12] replica RingCentral Call create captures origin, quoted false, and rolls back atomically (0.9133ms) # Replica-set proof requires TEST_MODE=true before process start.
✔ lead source assignment persists owner-created registry sources (3.0366ms)
✔ lead source assignment retries a valid fallback alias after exact lookup misses (1.1769ms)
✔ classifies a different legacy source company as conflict (2.0665ms)
✔ classifies a genuinely unassigned Lead as unassigned (0.4547ms)
✔ receipt exists before Lead create on the authorized path (5.0269ms)
✔ duplicates collapse on the idempotency key (2.4415ms)
✔ unauthorized or keyless WordPress create does not write a receipt (0.6566ms)
✔ unattached receipt refuses a second Lead create (1.5448ms)
✔ attach failure does not leave a creatable second Lead (1.127ms)
✔ capture failure aborts Lead create (0.8117ms)
✔ seed catalog has unique Granot Carrier Codes and DOTs (1.5089ms)
✔ seed plan sets missing codes and leaves matching codes alone (0.8746ms)
✔ carrier normalization collapses whitespace and lowercases names (2.3703ms)
✔ carrier CSV parser normalizes headers and rejects duplicate compound identities (1.7132ms)
✔ carrier CSV parser rejects duplicate Granot Carrier Codes (0.714ms)
✔ carrier list defaults to active rows and applies q across searchable fields (3.4474ms)
✔ patch import creates missing carriers and reactivates changed existing carriers (2.0372ms)
✔ replace import deactivates active carriers missing from the uploaded CSV (0.9903ms)
✔ phone classification: external, company DID, extension, withheld, service code, malformed (4.0689ms)
✔ provider account resolution never fabricates or silently picks between accounts (1.8618ms)
✔ window start honors the twelve-hour floor and the cursor overlap (0.6353ms)
✔ coverage: complete rolling window advances cursor and watermark, closes covered gaps (1.3486ms)
✔ coverage: partial page failure never advances complete-through and records the missing range (3.1991ms)
✔ coverage: gap repair removes a repaired gap, narrows a partially repaired one, and never drops gaps past the bound (2.0148ms)
✔ import boundary: numberActivity never imports qualification, ingest, convergence or Lead write services (134.0308ms)
✔ normalizeDirectory reduces provider records to the snapshot shape deterministically; digest is order-independent (19.2596ms)
✔ fetcher issues the documented account, extension, phone-number and call-queue reads over the shared client (1.1522ms)
✔ capture-projection dedupe key is the provider uuid, falling back to the receipt id only when the uuid is absent (6.6243ms)
✔ queue topic is env-scoped and never published from a test runner (5.4931ms)
✔ fan-out: flag off means no job and no publish; a non-durable receipt is skipped honestly (6.3648ms)
{"level":"warn","time":"2026-09-19T03:02:50.245Z","service":"vantage-main-server","env":"development","msg":"sales_intelligence.capture.fanout.enqueue_timeout","receiptId":"6aadfb5ab9a4d5447142a6bd","timeoutMs":20}
✔ fan-out: the acknowledgement waits a bounded time for the job transaction; a slow transaction is reported, not awaited forever (26.237ms)
✔ fan-out: job is durable before publish; publish failure keeps the enqueued job; enqueue failure is bounded (3.8216ms)
✔ publish wake-up: gated, best-effort, never throws (1.7611ms)
✔ wake-up payload is exactly { job_id } with a 24-hex id (5.0648ms)
✔ worker: unclaimable job (completed, leased elsewhere, foreign stage) does nothing (1.9329ms)
✔ worker: loads the stored receipt, passes the job id as request_id, completes with a bounded per-session result (7.6901ms)
✔ worker: deterministic per-session failures (account_unresolved) complete the job with the error visible; retryable ones retry with partial result (4.1247ms)
✔ worker: missing receipt is schema_invalid (bounded retries), lease loss during completion is reported not retried (1.6782ms)
{"level":"error","time":"2026-09-19T03:02:50.250Z","service":"vantage-main-server","env":"development","msg":"sales_intelligence.capture.fanout.enqueue_failed","receiptId":"6aadfb5ab9a4d5447142a6c2","errorName":"Error","errorCode":null}
{"level":"error","time":"2026-09-19T03:02:50.252Z","service":"vantage-main-server","env":"development","msg":"sales_intelligence.queue.publish_failed","jobId":"6aadfb5ab9a4d5447142a6c4","errorName":"Error"}
{"level":"warn","time":"2026-09-19T03:02:50.275Z","service":"vantage-main-server","env":"development","msg":"sales_intelligence.capture.projection.lease_lost","jobId":"6aadfb5ab9a4d5447142a6d0"}
✔ terminal party statuses stay in parity with the qualification evaluator (5.8631ms)
✔ inbound queue call projects all directions of evidence: parties, connection, terminal, external number (51.1914ms)
✔ duplicate webhook delivery is a semantic no-op: no revision, fenced per party (6.1027ms)
✔ one party's sequence never suppresses another party in the same delivery (3.4084ms)
✔ out-of-order and late events never regress terminal or connected facts (3.2435ms)
✔ Call Log is authoritative: result/duration survive a late webhook terminal event (6.6356ms)
✔ identical Call Log replay and older lastModifiedTime never create a new revision or regress facts (2.7968ms)
✔ transfer with multiple recordings keeps every leg and recording, counted once as one interaction (1.4771ms)
✔ delayed recording evidence after terminal is surfaced as new recording ids (1.6774ms)
✔ voicemail is provider evidence; connected is not human; outbound unanswered stays unknown (14.0288ms)
✔ internal, withheld and malformed observations keep provider evidence without a customer identity (24.5103ms)
✔ review fix: an unknown short caller id is malformed, never a fabricated extension that makes a customer call Internal (16.4526ms)
✔ review fix: a party event missing `direction` does not turn an outbound customer call into a sticky Internal (14.4257ms)
✔ review fix: a stale Call Log record never regresses leg-level result or duration (1.8591ms)
✔ review fix: legs_overflow_count is monotone across records and not double counted on merge (33.72ms)
✔ session-id only Call Log record resolves to fallback identity and gains the strongest basis when bridged (13.3211ms)
✔ Call Log first, webhook later: the extension party is adopted, not duplicated (2.1595ms)
✔ mergeProjections requires same account and folds evidence without dropping recordings (1.8433ms)
✔ no directory snapshot keeps roles unknown instead of guessing (1.5061ms)
✔ parseSearchTerm: e164, suffix, term and formatting (9.079ms)
✔ term regex characters are escaped and anchored as a prefix (5.3034ms)
✔ number cursor round trip; garbage is INVALID_INPUT (5.1441ms)
✔ buildNumberSearchFilter: hygiene, attachment, range, term and keyset cursor (12.2348ms)
✔ timeline total order: happened_at desc, kind asc, id desc; isAfterCursor is strict (3.4305ms)
✔ keysetAfterCursor mirrors isAfterCursor for a fixed kind (0.7361ms)
✔ mergeTimeline: k-way merge, dedupe on (kind,id), cursor only when more remain (1.3733ms)
✔ NUMBER_DTO_FIXTURES parse against their schemas; CSI-01 detail data is a subset of the CSI-04 detail data (47.4088ms)
✔ recount replays stored canonical interactions through the CSI-02 counting rules and derives search terms from evidence only (18.1573ms)
✔ recount is idempotent: recounting the rebuilt fields yields the same fields; a fresh recount equals incremental rollups (2.8207ms)
✔ incident severity comparison ranks critical above error and warn (2.8834ms)
✔ event filter keeps exact-match fields exact (12.4846ms)
✔ event filter matches lead name partially and case-insensitively (1.2024ms)
✔ event filter escapes regex metacharacters in lead inputs (0.9221ms)
✔ event filter matches phone digits across formatting (1.625ms)
✔ event filter supports partial phone digit search (1.5316ms)
✔ event filter builds date window and text search (3.2922ms)
✔ facets query schema coerces dates and strips unknown params (1.6638ms)
✔ incident filter applies partial lead matching and q regex OR (7.1599ms)
✔ fingerprint is deterministic for the same inputs (2.0731ms)
✔ fingerprint differs by event key and environment (0.5613ms)
✔ explicit dedupeKey takes precedence over composed fields (0.3494ms)
✔ normalized error messages group transient differences (0.536ms)
✔ dedupe key is human-readable and stable (0.3828ms)
✔ returns all-null for missing identity (3.4177ms)
✔ trims name/phone and lowercases email (0.5735ms)
✔ empty strings become null (0.2891ms)
✔ returns empty object for nullish or non-object details (4.8758ms)
✔ truncates long strings to 500 characters with ellipsis (6.3637ms)
✔ collapses oversized arrays and deep objects (1.1854ms)
✔ normalizes dates and drops unsupported values (5.1972ms)
✔ replaces details exceeding byte budget with a truncation marker (0.8539ms)
✔ canonicalize sorts object keys and serializes dates deterministically (2.1095ms)
✔ result hash is stable for identical inputs regardless of key order (1.1479ms)
✔ result hash changes when result data changes (0.5491ms)
✔ isOperationalReportKey validates known keys (0.7013ms)
✔ registry denies exact IDs and normalized Google spreadsheet URLs (4.6895ms)
✔ production registry fails closed when required registration is absent (0.9904ms)
✔ spreadsheet normalization is strict and masking does not expose IDs (10.0502ms)
✔ registration groups compose without mutable global state (0.4368ms)
✔ Stage 2 registers both ingestion sources as production-required (0.5661ms)
✔ registry agent list excludes inactive rows by default (10.5917ms)
✔ registry merchant list supports include_inactive (0.6909ms)
{"level":"info","time":"2026-09-19T03:02:49.790Z","service":"vantage-main-server","env":"development","msg":"cpl_correction.completed","observability_level":"info","category":"admin","workflow":"cpl_correction","entity_id":"6aadfb599c017852899b0861"}
✔ computeCplCorrectionPreviewHash is stable for normalized selection and impact (22.3424ms)
✔ previewCplCorrection returns deterministic hash and bounded sample (5.6095ms)
✔ preview hashes full Lead state and reports full counts beyond its sample (2.7597ms)
✔ Form duplicate flags do not invoke Call duplicate-zero CPL semantics (2.6121ms)
✔ createCplCorrection rejects stale preview hash (9.8923ms)
✔ createCplCorrection rejects changed schedule revision (1.6518ms)
✔ createCplCorrection commits audit metadata without lead payloads (5.6753ms)
✔ correction jobs exclude Leads inserted after the reviewed preview (10.7485ms)
✔ correction jobs fail visibly when reviewed Lead state changes (4.0366ms)
✔ correction jobs fail when a reviewed Lead disappears (3.4627ms)
✔ processCplCorrectionBatch resumes after expired lease (5.5922ms)
✔ overlapping workers do not double-correct the same lead (4.4766ms)
✔ re-entering a completed batch is a no-op (6.3825ms)
✔ cancellation stops future batches without corrupting completed work (6.62ms)
✔ partial failure records failed count and resumes remaining leads (8.925ms)
✔ analytics invalidation seam fires once after successful completion with changes (8.004ms)
✔ analytics handoff failure does not downgrade completed corrections (8.2581ms)
✔ normalizeCplCorrectionSelection converts inclusive business dates (5.4834ms)
✔ correction windows query pseudo-UTC Lead timestamps across DST (3.2736ms)
{"level":"warn","time":"2026-09-19T03:02:49.794Z","service":"vantage-main-server","env":"development","msg":"cpl_correction.lead_failed","observability_level":"warn","category":"admin","workflow":"cpl_correction","entity_id":"6aadfb599c017852899b0862"}
{"level":"error","time":"2026-09-19T03:02:49.798Z","service":"vantage-main-server","env":"development","msg":"cpl_correction.reviewed_target_missing","observability_level":"error","category":"admin","workflow":"cpl_correction","entity_id":"6aadfb599c017852899b0863"}
{"level":"info","time":"2026-09-19T03:02:49.802Z","service":"vantage-main-server","env":"development","msg":"cpl_correction.progress","observability_level":"info","category":"admin","workflow":"cpl_correction","entity_id":"6aadfb599c017852899b0864"}
{"level":"info","time":"2026-09-19T03:02:49.804Z","service":"vantage-main-server","env":"development","msg":"cpl_correction.completed","observability_level":"info","category":"admin","workflow":"cpl_correction","entity_id":"6aadfb599c017852899b0864"}
{"level":"info","time":"2026-09-19T03:02:49.809Z","service":"vantage-main-server","env":"development","msg":"cpl_correction.completed","observability_level":"info","category":"admin","workflow":"cpl_correction","entity_id":"6aadfb599c017852899b0865"}
{"level":"info","time":"2026-09-19T03:02:49.815Z","service":"vantage-main-server","env":"development","msg":"cpl_correction.completed","observability_level":"info","category":"admin","workflow":"cpl_correction","entity_id":"6aadfb599c017852899b0866"}
{"level":"info","time":"2026-09-19T03:02:49.821Z","service":"vantage-main-server","env":"development","msg":"cpl_correction.progress","observability_level":"info","category":"admin","workflow":"cpl_correction","entity_id":"6aadfb599c017852899b0867"}
{"level":"info","time":"2026-09-19T03:02:49.822Z","service":"vantage-main-server","env":"development","msg":"cpl_correction.cancelled","observability_level":"info","category":"admin","workflow":"cpl_correction","entity_id":"6aadfb599c017852899b0867"}
{"level":"warn","time":"2026-09-19T03:02:49.826Z","service":"vantage-main-server","env":"development","msg":"cpl_correction.lead_failed","observability_level":"warn","category":"admin","workflow":"cpl_correction","entity_id":"6aadfb599c017852899b0868"}
{"level":"info","time":"2026-09-19T03:02:49.827Z","service":"vantage-main-server","env":"development","msg":"cpl_correction.progress","observability_level":"info","category":"admin","workflow":"cpl_correction","entity_id":"6aadfb599c017852899b0868"}
{"level":"info","time":"2026-09-19T03:02:49.831Z","service":"vantage-main-server","env":"development","msg":"cpl_correction.completed","observability_level":"info","category":"admin","workflow":"cpl_correction","entity_id":"6aadfb599c017852899b0868"}
{"level":"info","time":"2026-09-19T03:02:49.839Z","service":"vantage-main-server","env":"development","msg":"cpl_correction.completed","observability_level":"info","category":"admin","workflow":"cpl_correction","entity_id":"6aadfb599c017852899b0869"}
{"level":"info","time":"2026-09-19T03:02:49.847Z","service":"vantage-main-server","env":"development","msg":"cpl_correction.completed","observability_level":"info","category":"admin","workflow":"cpl_correction","entity_id":"6aadfb599c017852899b086a"}
{"level":"error","time":"2026-09-19T03:02:49.848Z","service":"vantage-main-server","env":"development","msg":"cpl_correction.analytics_handoff_failed","observability_level":"error","category":"admin","workflow":"cpl_correction","entity_id":"6aadfb599c017852899b086a"}
✔ dollarsToCents accepts canonical non-negative precision (5.2389ms)
✔ dollarsToCents rejects negatives, unsafe values, and more than two decimals (2.1962ms)
✔ business dates convert New York local midnight across spring DST (1.3531ms)
✔ business dates convert New York local midnight across fall DST (0.7844ms)
✔ owner inclusive end converts to next local midnight exclusive (0.7363ms)
✔ business date conversion rejects malformed and impossible dates (0.4438ms)
✔ active schedule validation accepts contiguous periods and explicit zero (1.9591ms)
✔ active schedule validation rejects gaps, overlaps, and missing open end (3.7828ms)
✔ inactive schedules may be incomplete but remain ordered and non-overlapping (1.649ms)
✔ simple construction ignores unchanged rates and preserves future periods (3.2023ms)
✔ simple construction splits history and replaces future coverage (1.2558ms)
✔ advanced operations add, split, correct, and replace schedules (3.6573ms)
✔ resolver uses inclusive start and exclusive end business timestamp (0.9469ms)
✔ resolver distinguishes missing, duplicate zero, and not applicable (0.527ms)
✔ advanced command returns safe stale revision state without writes (2.1673ms)
✔ simple command validates every changed granularity before writing atomically (3.6442ms)
✔ simple command ignores unchanged rows and increments changed rows once (2.8538ms)
✔ simple command ignores an unchanged row without revision comparison (0.989ms)
✔ CplRatePeriod model declares the three schedule lookup indexes (1.4255ms)
✔ toSmsView defaults a missing policy to off and not attested (2.7957ms)
✔ setGranotCrmSourceOutboundSms rejects non-owners and not_attested enable (5.7975ms)
✔ listRecentGranotCrmSourceSms never returns a message body (1.5206ms)
✔ enabling SMS is rejected unless lead_created_policy is create_if_missing (4.0609ms)
✔ editing a template increments template_version and leaves enabled false (3.3304ms)
✔ RegistryError exposes stable registry_code and remediation in HTTP body (3.3354ms)
✔ RegistryError maps registry codes to app log codes without changing legacy error field (0.5016ms)
✔ [AC-38] automation reference write is audited and invalidates caches only after commit (6.6609ms)
✔ [AC-38] replay of the same automation reference is a no-op write (1.3725ms)
✔ [AC-38] audit failure leaves the automation reference unapplied (2.3375ms)
✔ Admin actors cannot write automation references (1.3261ms)
✔ Admin and missing-reason actors cannot mutate Granot CRM source policy (6.1006ms)
✔ [AC-38] Owner create validates inside the transaction and pairs one sanitized granot_crm_source audit (17.8271ms)
✔ [AC-38] audit failure rolls back mutation and does not invalidate caches (5.0203ms)
✔ duplicate request IDs remain a stable replay conflict (9.3675ms)
✔ inactive or mismatched references fail closed and do not write (3.709ms)
✔ setGranotCrmSourceLifecycleEnabled reuses the audited Owner command (3.4544ms)
✔ read-after-write does not return a cached precommit policy projection (1.0201ms)
﹣ [AC-38] replica-set create commits mutation and audit together then invalidates caches (2.5304ms) # Replica-set proof requires TEST_MODE=true before process start.
✔ changing lead_created_policy away from create_if_missing turns SMS off on the stored document (4.0644ms)
✔ normalizeSourceLabel applies NFKC (8.3972ms)
✔ normalizeSourceLabel collapses internal whitespace (0.7978ms)
✔ normalizeSourceLabel trims (0.5207ms)
✔ normalizeSourceLabel lowercases (0.8322ms)
✔ normalizeSourceLabel folds full-width characters (0.8434ms)
✔ normalizeSourceLabel collapses a non-breaking space (0.6388ms)
✔ create rejects a client-supplied normalized_label (2.8212ms)
✔ create rejects a change_reason shorter than 10 or longer than 1000 (3.2711ms)
✔ create validation order: Feed exists, belongs to Lead Source, is active, then collision (13.4889ms)
✔ unique index is defined separately from the service collision check (1.5507ms)
✔ create writes through the registry audit trail (1.8243ms)
✔ there is no in-place destination edit; correction is deactivate then create (4.6602ms)
✔ schema validation rejects a mismatched normalized_label (15.7363ms)
✔ schema validation rejects post-create changes to destination fields (7.5408ms)
✔ resolveLabelToFeed returns not_found without throwing (1.284ms)
✔ resolveLabelToFeed returns ambiguous when two active mappings collide (1.2633ms)
✔ listLabelMappings filters by Feed, Lead Source, and namespace (0.8972ms)
✔ consultStaticSourceLabelMap increments the instrumented counter (0.6083ms)
✔ derives company_slug and granularity_key like paid_overflow (27.6396ms)
✔ creates one inactive lead source and feed and returns the readiness plan (32.0565ms)
✔ skippable Granot still creates a valid inactive lead source and feed (16.8222ms)
✔ collision on company_slug writes nothing (4.7758ms)
✔ crm_label collision against an active same-channel feed writes nothing (2.1259ms)
✔ alias collision names both sides and writes nothing (2.0155ms)
✔ granot label collision writes nothing (4.7076ms)
✔ mid-transaction feed failure leaves none of the three (2.1236ms)
✔ Paid Overflow-shaped setup creates a new first-class feed and leaves paid_overflow alone (1.658ms)
✔ preview runs the same validation and writes nothing (1.9736ms)
✔ preview reports every collision type without writing (4.2324ms)
✔ translation table maps handling and arrival policy exactly (6.4664ms)
✔ one_feed create is inactive, SMS-off, one any route, lead_model derived from the Feed (11.4666ms)
✔ one_feed Call Feed derives CallLead (1.8976ms)
✔ Owner create accepts an inactive Feed on an inactive Lead Source as a draft (2.4633ms)
✔ submitted lead_source_id that disagrees with the Feed is rejected naming both sides (14.6446ms)
✔ watch_only with a non-null destination is rejected (23.3764ms)
✔ duplicate normalized name is rejected before write (10.6555ms)
✔ short reason is rejected after the name check (0.9431ms)
✔ form_by_move_type with two Call Feeds is rejected (1.4356ms)
✔ form_by_move_type with two local Feeds is rejected (1.0775ms)
✔ form_by_move_type with the same Feed twice is rejected (2.7596ms)
✔ form_by_move_type with Feeds from different Lead Sources is rejected (7.5009ms)
✔ form_by_move_type writes two FormLead routes keyed by move type (3.5217ms)
✔ referral_booking translates to referral disposition and observation_only (3.2003ms)
✔ watch_only translates to deferred and observation_only (2.4977ms)
✔ non-Owner actors cannot create a Granot name (0.8668ms)
✔ banned-term constant is the shared six-term list (5.8524ms)
✔ ORS-3 detail projection Owner strings stay inside the language deck (17.7288ms)
✔ translation table covers every code health.ts can emit (3.8024ms)
✔ every translation has a non-empty owner action and deep link (0.9133ms)
✔ unknown codes surface as themselves and are never dropped (0.5766ms)
✔ active RingCentral validation failure uses the stopped-filing sentence (0.2521ms)
✔ assignment inconsistency states the operational cost with the number (0.3151ms)
✔ source registry health reports invalid defaults and deterministic conflicts (7.8423ms)
✔ source registry health reports active granularity under inactive company (0.9666ms)
✔ CPL health discloses invalid active schedules and unresolved production Leads (2.3811ms)
✔ runtime health discloses stale cache service and remaining compatibility reads (2.5214ms)
✔ label mapping health reports an invalid destination and a collision (0.7674ms)
✔ Registry Health renders with an empty mappings collection (0.2571ms)
✔ Granot health findings raise on one fixture each and stay quiet on a healthy source (6.2577ms)
✔ detail returns every connection in one request for §7.2 (20.4428ms)
✔ two move-type feeds keep separate label sets (5.5557ms)
✔ empty states are present sections, never absent (6.5552ms)
✔ list and detail stay under the round-trip bound and write nothing (4.6944ms)
✔ Owner-facing finding strings keep implementation words out of copy (3.9169ms)
✔ withRegistryMutation rolls back when audit insert fails (4.2684ms)
✔ withRegistryMutation invalidates caches only after commit (1.1289ms)
✔ duplicate mutation request IDs fail as a stable replay conflict (1.1668ms)
✔ granot_crm_source audit failure still rolls back and skips cache invalidation (0.9466ms)
✔ invalidateRegistryCaches deduplicates keys for listeners (0.7001ms)
✔ assignment DTO carries Lead Source and Feed labels from one bounded join (7.7293ms)
✔ reassignment request carrying a company ID is still rejected (4.4445ms)
✔ activation still rejects an inactive or non-call feed (6.2022ms)
✔ dependency preview no longer returns a hardcoded can_deactivate gate (11.4298ms)
✔ RingCentral snapshot resolves historical assignment intervals (3.9744ms)
✔ RingCentral snapshot rejects unknown and interval gaps (0.8619ms)
✔ RingCentral snapshot excludes inactive source targets (1.6592ms)
✔ active RingCentral snapshot number listing excludes closed history (0.6565ms)
✔ cache invalidation discards an in-flight stale refresh (1.3557ms)
✔ M5 account validator shares one RingCentral inventory load across numbers (2.3658ms)
{"level":"info","time":"2026-09-19T03:03:00.779Z","service":"vantage-main-server","env":"development","msg":"operations_registry.compatibility_read","observability_level":"info","category":"admin","workflow":"operations_registry"}
✔ runtime telemetry exposes bounded resolver health and compatibility counters (4.3708ms)
✔ durable compatibility recording falls back locally when persistence is unavailable (4.4668ms)
✔ durable compatibility events merge across process-local telemetry (1.0752ms)
✔ sanitizeRegistrySnapshot redacts secret-like keys (3.6901ms)
✔ sanitizeRegistrySnapshot bounds oversized nested payloads (0.6856ms)
✔ sanitizeRegistrySnapshot returns null for empty snapshots (0.2621ms)
✔ first-class Source Granularity applies draft and revision defaults (18.402ms)
✔ Source Company defaults sheet projection to derived import (11.9092ms)
✔ source company write schema rejects embedded granularities and active flag (8.2107ms)
✔ owner-created dynamic source resolves by exact identifier (4.8523ms)
✔ active company default resolves only to an active same-channel record (1.7735ms)
✔ a company identifier falls through to its default when it is not a granularity alias (0.8323ms)
✔ local classification resolves the matching active granularity before the default (1.2542ms)
✔ fallback aliases choose the unique highest priority candidate (0.9818ms)
✔ an inferred unknown company identifier can resolve as a global alias in one pass (0.7326ms)
✔ equal-priority fallback ambiguity fails deterministically (2.4943ms)
✔ inactive exact records and inactive defaults do not resolve (0.6646ms)
✔ all legacy source-label fixtures preserve company attribution (2.7501ms)
✔ resolves without touching the static map (4.203ms)
✔ empty collection falls back to the static map and emits exactly one compatibility-read event (0.9989ms)
✔ ambiguous mapping fails closed and does not consult the static map (1.9612ms)
✔ inactive-Feed mapping fails closed and does not fall back to the static map (1.4956ms)
✔ canonical payload normalizes email, role, method, and path (3.1599ms)
✔ verifyRegistryActor accepts a valid owner signature (5.9651ms)
✔ verifyRegistryActor rejects admin role for owner-only mutation (2.1635ms)
✔ verifyRegistryActor allows admin read access with valid signature (1.0048ms)
✔ verifyRegistryActor rejects missing signature headers (1.1667ms)
✔ verifyRegistryActor rejects expired signatures outside replay window (1.158ms)
✔ verifyRegistryActor rejects tampered signatures (1.1966ms)
✔ verifyRegistryActor rejects method/path mismatches (1.3801ms)
✔ verifyAdminActorSignature uses constant-time comparison semantics (0.6742ms)
✔ preview unsigned compatibility is disabled in production (1.0237ms)
✔ preview unsigned compatibility never authorizes mutations (0.7932ms)
✔ unsigned preview reads require a unique request ID (0.7697ms)
✔ exported header names match dashboard proxy contract (0.4426ms)
✔ extension owner Bearer auth can read agent catalog without signed proxy headers (0.6067ms)
✔ extension owner Bearer auth can create agents without signed proxy headers (0.7765ms)
✔ extension owner Bearer auth cannot mutate non-catalog registry routes (0.7936ms)
✔ extension sales Bearer auth is not a registry actor (5.2005ms)
✔ extension Sales plus Customer Service Bearer auth is not a registry actor (0.9238ms)
✔ booked reconciliation can preview phone/source matched unbooked call lead updates (21.4933ms)
✔ booked reconciliation does not globally phone-match across assigned source companies (4.0819ms)
✔ booked reconciliation warns but allows idempotent sync when phone-matched lead has a different job_no (16.8324ms)
✔ booked reconciliation prefers phone/source candidates without conflicting job_no (10.3642ms)
✔ Path B phone fallback does not read granot_contact_snapshot as identity (1.8213ms)
✔ ownerIdentitySnapshotFromEmail persists snake_case keys required by ReportingDestination (4.7513ms)
✔ ReportingDestination rejects camelCase owner identity snapshots (22.5774ms)
✔ ReportingDestination accepts snake_case owner identity from helper (2.9203ms)
✔ Stage 4 stream resumes without duplicates and preserves checksum state (7.6431ms)
✔ Stage 4 stream validates current page dependencies before and after query (2.0277ms)
✔ Stage 4 source read-through is supplied once as a valid UTC instant (0.6598ms)
✔ manifest builds once and validations are page-targeted across pages (1.2286ms)
✔ resume validates the complete manifest before reopening reader (0.6422ms)
✔ mapped contributing dependency fails before output without O(N) validation (18.197ms)
✔ columnIndexFromLetters matches Google A1 columns including ZZ (5.9119ms)
✔ createHiddenStagingTab stamps markers on a default 26-column Google sheet (9.4516ms)
✔ writeOwnershipAndRunMarkers expands an existing 26-column sheet (2.0441ms)
✔ writeValuesRaw expands a default grid before writing past the last row (11.8613ms)
✔ registered container confirmed 404 is treated as cleaned_not_found (4.541ms)
✔ 403 access denied remains refetch_blocked and does not complete run (0.7813ms)
✔ transient provider error remains refetch_blocked and does not complete run (0.5803ms)
✔ confirmed 404 completes run when all registered containers are cleaned (0.2974ms)
✔ partial attempt A cleaned then failed B completes only after B is cleaned on next run (0.2815ms)
✔ live harness prerequisites fail closed when OAuth export root is absent (4.6155ms)
✔ live harness rejects service-account credentials including local file env vars (1.7048ms)
✔ live harness skips without calling Google when prerequisites are absent (5.233ms)
✔ PII-safe evidence masks file IDs and omits sensitive detail keys (1.1434ms)
✔ live harness evidence log contains no raw PII field names (2.2449ms)
✔ buildLiveTestRunTag produces unique synthetic tags (1.524ms)
✔ buildLiveTestAppProperties marks harness_container artifacts for janitor selection (0.4506ms)
✔ transient failure wrapper exhausts injected failures (1.0864ms)
✔ positively marked live test artifact requires export root, age, and marker (1.2843ms)
✔ live test google api factory receives explicit OAuth2Client (8.6404ms)
✔ live test google api factory rejects service-account env indicators (6.9087ms)
✔ needs_janitor cleanup status remains janitor-eligible (2.1732ms)
✔ registry binding rejects copied-marker sibling not registered for run (1.1555ms)
✔ registry binding rejects export root mismatch (0.9933ms)
✔ denylist proof accepts only OPERATIONAL_WORKBOOK rejection code (2.0311ms)
✔ picker parent mismatch fails before destination denylist check (1.7779ms)
✔ export folder env snapshot restores unset variable after early throw path (0.9305ms)
✔ export folder env snapshot restores prior value when variable was set (0.6099ms)
✔ live test run tag format enforces configured prefix pattern (3.9173ms)
✔ direct-child invariant rejects nested artifacts (0.536ms)
✔ known harness run evidence requires harness_container role and markers (1.1486ms)
✔ recursive evidence sanitizer redacts nested sensitive values (3.6146ms)
✔ sanitizeLiveTestString redacts embedded Drive URLs and bearer tokens (0.9283ms)
✔ structured cleanup errors mask file IDs instead of concatenating raw IDs (0.4757ms)
✔ service-account indicators include env, local file vars, and credential file names (0.9623ms)
✔ janitor returns no-op when live tests are disabled (1.4389ms)
✔ worker transient hook consumes only configured run (0.445ms)
✔ janitor selects only positively marked harness_container folders under export root (3.5242ms)
✔ janitor requires persisted harness-run registry authorization (0.545ms)
✔ janitor honors optional run-tag prefix filter (0.4557ms)
✔ isPositivelyMarkedHarnessContainer rejects non-folder roles and young artifacts (0.4224ms)
✔ isPositivelyMarkedLiveTestArtifact rejects young artifacts (0.3254ms)
✔ promotion plan: fresh reserve when ready and no prior reservation (2.708ms)
✔ promotion plan: takeover recovers applied rename without competing promote (0.4753ms)
✔ promotion plan: takeover of not-applied rename takes new reservation (0.4858ms)
✔ promotion plan: ambiguous google state preserves prior-tab safety (0.4242ms)
✔ promotion reservation filter requires active lease and prior generation (6.7659ms)
✔ promotion lease interleaving: expiry before provider abandons mutate (1.8856ms)
✔ promotion lease interleaving: expiry during provider blocks stale CAS (0.5796ms)
✔ promotion lease interleaving: stale response after takeover cannot CAS (0.522ms)
✔ promotion lease interleaving: takeover recovers applied rename via CAS only (11.9751ms)
✔ promotion lease interleaving: takeover of not-applied rename re-reserves then promotes (1.1591ms)
✔ promotion CAS requires provider_applied, not merely reserved (1.3226ms)
✔ transient TX errors are not classified as stale (2.4777ms)
✔ catalog contains exactly three code-defined @1 datasets and complete contracts (4.6952ms)
✔ owner sorts reject internal and duplicate terms and append ASC tie-breakers (1.719ms)
✔ deployment allowlist defaults, narrows, and rejects unknown or duplicate tokens (1.1423ms)
✔ strict request contracts reject caller scope and arbitrary dataset filters (39.7234ms)
✔ request bounds and formula-safe labels fail before database work (182.5714ms)
✔ cancel wire contract requires idempotencyKey (admin clients must send it) (3.6805ms)
✔ New York date boundaries are half-open across 23 and 25 hour days (726.1547ms)
✔ rolling windows are strict, bounded, fresh, and DST-aware (481.6005ms)
✔ source performance aggregates all related bookings with approved semantics (1.9769ms)
✔ CPL unresolved semantics exclude resolved zero and not-applicable states (0.775ms)
✔ source performance grouping uses stable IDs and ignores label drift (15.3026ms)
✔ representative policies retain temporal and outcome or exception variation (10.1613ms)
✔ lead detail primary booking is one-row deterministic and prefers active state (23.8762ms)
✔ keyset cursor covers rows once and checksums are deterministic (25.0052ms)
✔ destination port is injectable and fails closed on safety or checksum drift (2.0037ms)
✔ destination verification timestamps must be finite, fresh, and not future-skewed (15.3016ms)
✔ destination validation binds identity and strategy-specific shape (5.8735ms)
✔ unresolved cancellation pipeline scopes through canonical booking attribution (2.9082ms)
✔ every orphan predicate narrows granularities per parent company (0.6984ms)
✔ confirmation binds stable destination identity; health refresh stays valid (3.797ms)
✔ owner destination checksum treats zero available cells as a real capacity, not missing (0.9301ms)
✔ confirmation evidence binds actor, idempotency key, and immutable fingerprint (5.6132ms)
✔ concurrent confirmation duplicate keys are recognized without a 500 race (3.7661ms)
✔ snapshot adapter contract records a token and fails closed when unavailable (1.5935ms)
✔ unchanged leadless booking manifest entries retain job and source fingerprints (36.4404ms)
✔ changed leadless booking job or source data invalidates its manifest entry (24.1386ms)
✔ sample evidence is keyed opaque HMAC rather than raw SHA (2.3826ms)
✔ execution package mandates literal RAW spreadsheet writes (3.8295ms)
✔ query budgets reject oversized materialization and page requests before reads (21.3156ms)
✔ estimates distinguish exact and safe upper bounds without truncation (1.0736ms)
✔ run failures are fixed safe envelopes and unsafe fields are never exposed (13.3897ms)
✔ reporting lifecycle audit payloads contain only safe identifiers and counts (0.8966ms)
✔ source read-through capture is fenced by active lease owner and epoch (12.1571ms)
✔ revision checksum survives Mongo minimize of empty filters (1.7475ms)
✔ revision checksum verification detects tampering and bulk mutation is blocked (1.6664ms)
✔ unexpected reporting errors serialize to a generic 500 response (1.1588ms)
✔ reporting routes preserve RegistryError status and reject malformed IDs (1.3787ms)
✔ reporting routes surface destination AppErrors instead of a generic 500 (0.9908ms)
✔ incomplete operational workbook safety fails closed without leaking keys (4.1683ms)
✔ reporting routes expose the deployment kill switch without leaking config (0.9536ms)
✔ run confirmation HMAC uses VANTAGE_API_SECRET when API_SECRET is unset (2.4435ms)
✔ missing reporting confirmation secrets fail closed with a safe 503 (1.4321ms)
✔ persistence models expose required indexes and immutable revision middleware (35.8933ms)
✔ regression 1: queue consumer registers Stage 4 foundation before work (4.7881ms)
✔ regression 4: read-back recomputes deterministic content checksum (53.3949ms)
✔ regression 5: published managed tab verified before staging and promotion (3.3152ms)
✔ regression 6: cleanup does not overwrite delivery terminal status (20.9161ms)
✔ regression 7: artifact creation recovers one positively marked artifact (13.1585ms)
✔ regression 8: resume always fully validates persisted manifest entries/maps (12.2766ms)
✔ regression 9: trash requires ownedByMe, MIME, identity, and Drive appProperties (16.3806ms)
✔ regression 11: promotion ambiguity preserves old tab and never deletes by name (7.9777ms)
✔ regression: empty report checksum equals initial accumulator (0.8466ms)
✔ regression 2/3: lease fence helpers abort on false without Google side effects (519.1403ms)
✔ regression 8b: resume validates entries even with no stream checkpoint (11.7088ms)
✔ regression 10: cancel requires and replays idempotency keys (20.0277ms)
✔ regression 2b: destination CAS after promotion updates managed immutable id (14.4718ms)
✔ regression: upper-bound verification never reads estimate headroom (31.4326ms)
✔ regression: title change resolved by immutable sheet ID on resume (2.2497ms)
✔ regression: ambiguous marker tampering refuses promotion (3.3349ms)
✔ regression: destination lineage accepts proven replace_tab advancement (33.4045ms)
✔ regression: phase-aware transition skips advanced status without LEASE_LOST (10.4968ms)
✔ regression: delivery fence rejects forged fence fields and stale epoch predicate (4.6497ms)
✔ regression: stale-worker fence bind loses to lease takeover (2.7047ms)
✔ regression: LeaseLost after promote CAS never terminal-fails run (1.898ms)
✔ regression: retryable provider abandon does not terminal-fail (13.2365ms)
✔ regression: snapshot terminal consistency refuses delivery-completed + run-failed (9.8236ms)
✔ regression: fence bind TX interleaves with lease takeover (1.7993ms)
✔ regression: already-promoted recovery requires content verify not title-only (4.7507ms)
✔ regression: CAS-resume path refuses tampered markers and trailing edits (4.2171ms)
✔ regression: worker maps destination ReportingErrors to destination failures (5.8936ms)
✔ regression: Google 400 marker write maps to INTERNAL_FAILURE with provider_status (11.0656ms)
✔ regression: destination stable identity ignores volatile health timestamps (14.2593ms)
✔ acceptance 10: denylist rejects every registered operational workbook id (3.5192ms)
✔ acceptance 11: human-created tab takeover is refused by staging ownership markers (2.6349ms)
✔ acceptance 12: capacity feedback refuses silent truncation (2.7877ms)
✔ acceptance 13/14: bounded RAW writes, idempotent replay, and checksum-safe progress (24.9915ms)
✔ acceptance 13: ambiguous provider timeout replays exact range after read-back (9.6812ms)
✔ acceptance 15/16: staging verification/promotion and failed replacement preserves old tab (7.4554ms)
✔ acceptance 17: incomplete snapshot cleanup only trashes positively marked workbooks (1.8796ms)
✔ cleanup janitor never trashes a completed snapshot artifact (0.9566ms)
✔ acceptance 19: PII is excluded from provider failures, checkpoints, and delivery reads (3.6079ms)
✔ RAW semantics reject formula-shaped cells and require literal serialization (1.5379ms)
✔ persisted manifests reject row payloads and validate resume identity (2.2339ms)
✔ lease fencing failure codes remain typed and PII-safe (0.5507ms)
✔ operational workbook denylist rejects registered workbook IDs (3.5172ms)
✔ operational workbook denylist fails closed when configuration is incomplete (0.7944ms)
✔ managed tab verification rejects human-created name collisions (4.1348ms)
✔ managed tab verification rejects tabs without a Vantage ownership marker (1.6585ms)
✔ managed tab verification accepts a matching Vantage marker (2.2807ms)
✔ destination snapshot validation rejects operational workbook matches (2.6206ms)
✔ managed tab rename preserves immutable sheet ID and revalidates ownership (0.9363ms)
✔ destination read projection omits connection and actor credentials (1.6068ms)
✔ destination snapshot validation rejects stale health timestamps (0.9603ms)
✔ replace-tab capacity subtracts every existing workbook grid (0.8412ms)
✔ replace-tab capacity fails closed without grid metadata (0.5996ms)
✔ reporting observability defines operational alert event keys (2.3472ms)
✔ findReportingStuckRuns respects phase age threshold (2.3178ms)
✔ normalizePhoneNumberToE164Like handles common RingCentral number shapes (2.1165ms)
✔ RingCentral inbound target numbers resolve to configured source metadata (1.7106ms)
✔ RingCentral source labels are consistent with source company mapping (0.3979ms)
✔ normalizer preserves telephony facts before registry qualification (1.0445ms)
✔ normalizer uses an explicit provider call start and never notification time (0.6466ms)
✔ candidate folding preserves answeredAt from an older delayed event (1.1763ms)
✔ sample answered inbound event is pending immediately and qualifies after elapsed buffer (0.86ms)
✔ evaluator rejects outbound calls (0.3609ms)
✔ evaluator rejects inbound calls to unknown numbers (0.3233ms)
✔ evaluator keeps live inbound target calls candidate until answered (0.4009ms)
✔ evaluator rejects terminal inbound target calls that were not answered (0.4138ms)
✔ evaluator distinguishes live and terminal answered calls under 120 seconds (0.3269ms)
✔ evaluator qualifies inbound target calls answered over 120 seconds (0.321ms)
✔ evaluator rejects missed calls without answered evidence (0.2812ms)
﹣ [AC-17] Unit 21 replica lease, cursor, overlap, and rescan proof (2.9983ms) # Replica-set proof is opt-in via GRANOT_LIFECYCLE_REPLICA_TESTS=true.
✔ [AC-17] lease owner identity is bounded, opaque, and per invocation (2.3179ms)
✔ [AC-17] masked owner is a short stable digest and never leaks the owner (1.0034ms)
✔ [AC-17] singleton key index contract is the exact unique key index (1.9073ms)
✔ persisted run failure codes are a bounded, non-sensitive set (0.7326ms)
﹣ [AC-17] Mongo state lease elects exactly one winner (1.9569ms) # Replica-set proof is opt-in via GRANOT_LIFECYCLE_REPLICA_TESTS=true.
{"level":"info","time":"2026-09-19T03:03:21.909Z","service":"vantage-main-server","env":"development","msg":"ringcentral.call_log_sync.lease_contended","leaseOwnerHash":"e0e92466da53"}
✔ [AC-17] the lease loser performs no provider, route, ingest, or state work (9.4962ms)
✔ [AC-17] two overlapping invocations produce exactly one winner (5.5865ms)
✔ [AC-17] the winner claims before any provider or ingest work (3.5494ms)
✔ [AC-17] a complete successful run advances the cursor exactly once (3.5207ms)
✔ [AC-17] every failure stage leaves the cursor unchanged (5.0681ms)
✔ [AC-17] an observed provider throttle is counted and blocks cursor movement (1.3372ms)
✔ [AC-17] a run with no throttling reports zero throttles (1.7219ms)
✔ [AC-17] terminal write failure loses the fence and moves no cursor (2.5968ms)
✔ [AC-17] losing the lease mid-run stops work and writes nothing (1.317ms)
✔ [AC-17] the lease is renewed while long work remains (1.4842ms)
✔ [AC-17] a failed fenced error write degrades to a PII-safe lease-lost event (0.9832ms)
✔ [AC-17] expired-lease recovery is reported without erasing terminal facts (2.601ms)
✔ [AC-17] the rolling lookback stays exactly 12 hours for a first run (1.1576ms)
✔ [AC-17] the rolling lookback stays exactly 12 hours at a 30-minute cadence (0.9207ms)
✔ [AC-17] a cursor older than the floor keeps its overlap window (0.7791ms)
✔ [AC-17] the winner's window end is its own claim instant (1.2106ms)
✔ [AC-17] pagination stops at a short page and continues through full pages (1.1725ms)
✔ a newest-first Call Log page ingests oldest-first so same-run Duplicate Leads classify (1.1141ms)
✔ Call Log pages across a newest-first split still ingest oldest-first in one run (1.1229ms)
✔ [AC-17] Call Log telemetry and events carry no caller or provider content (1.1888ms)
✔ [AC-17] emitted lease events expose only a masked owner and bounded fields (1.2976ms)
✔ [AC-17] the run summary itself exposes no caller data (0.8604ms)
{"level":"info","time":"2026-09-19T03:03:21.911Z","service":"vantage-main-server","env":"development","msg":"ringcentral.call_log_sync.lease_contended","observability_level":"info","category":"ringcentral","workflow":"ringcentral_call_log_sync","run_id":"2026-08-18T12:00:00.000Z"}
{"level":"info","time":"2026-09-19T03:03:21.916Z","service":"vantage-main-server","env":"development","msg":"ringcentral.call_log_sync.started","observability_level":"info","category":"ringcentral","workflow":"ringcentral_call_log_sync","run_id":"2026-08-18T12:00:00.000Z"}
{"level":"info","time":"2026-09-19T03:03:21.917Z","service":"vantage-main-server","env":"development","msg":"ringcentral.call_log_sync.lease_contended","leaseOwnerHash":"8cefb43f6f11"}
{"level":"info","time":"2026-09-19T03:03:21.917Z","service":"vantage-main-server","env":"development","msg":"ringcentral.call_log_sync.lease_contended","observability_level":"info","category":"ringcentral","workflow":"ringcentral_call_log_sync","run_id":"2026-08-18T12:00:00.000Z"}
{"level":"info","time":"2026-09-19T03:03:21.919Z","service":"vantage-main-server","env":"development","msg":"ringcentral.call_log_sync.completed","ranAt":"2026-08-18T12:00:00.000Z","windowFrom":"2026-08-18T00:00:00.000Z","windowTo":"2026-08-18T12:00:00.000Z","leaseOwnerHash":"7408b41fbeb6","leaseAcquired":true,"leaseRecovered":false,"leaseLost":false,"skipped":false,"skipReason":null,"runtimeMs":0,"fetchedRecords":0,"candidateRecords":0,"qualifiedRecords":0,"ingestActions":{"lead_created":0,"lead_created_duplicate":0,"lead_adopted":0,"lead_adopted_duplicate":0,"shadow_recorded":0,"dry_run":0,"skipped_already_processed":0},"adoptedRecords":0,"adoptionConflicts":0,"throttledResponses":0,"leadsCreated":0,"duplicatesFlagged":0,"cursorAdvanced":true,"errors":[]}
{"level":"info","time":"2026-09-19T03:03:21.919Z","service":"vantage-main-server","env":"development","msg":"ringcentral.call_log_sync.completed","observability_level":"info","category":"ringcentral","workflow":"ringcentral_call_log_sync","run_id":"2026-08-18T12:00:00.000Z"}
{"level":"info","time":"2026-09-19T03:03:21.921Z","service":"vantage-main-server","env":"development","msg":"ringcentral.call_log_sync.started","observability_level":"info","category":"ringcentral","workflow":"ringcentral_call_log_sync","run_id":"2026-08-18T12:00:00.000Z"}
{"level":"info","time":"2026-09-19T03:03:21.923Z","service":"vantage-main-server","env":"development","msg":"ringcentral.call_log_sync.completed","ranAt":"2026-08-18T12:00:00.000Z","windowFrom":"2026-08-18T00:00:00.000Z","windowTo":"2026-08-18T12:00:00.000Z","leaseOwnerHash":"e0e92466da53","leaseAcquired":true,"leaseRecovered":false,"leaseLost":false,"skipped":false,"skipReason":null,"runtimeMs":30,"fetchedRecords":1,"candidateRecords":1,"qualifiedRecords":1,"ingestActions":{"lead_created":0,"lead_created_duplicate":0,"lead_adopted":0,"lead_adopted_duplicate":0,"shadow_recorded":0,"dry_run":1,"skipped_already_processed":0},"adoptedRecords":0,"adoptionConflicts":0,"throttledResponses":0,"leadsCreated":0,"duplicatesFlagged":0,"cursorAdvanced":true,"errors":[]}
{"level":"info","time":"2026-09-19T03:03:21.923Z","service":"vantage-main-server","env":"development","msg":"ringcentral.call_log_sync.completed","observability_level":"info","category":"ringcentral","workflow":"ringcentral_call_log_sync","run_id":"2026-08-18T12:00:00.000Z"}
{"level":"info","time":"2026-09-19T03:03:21.926Z","service":"vantage-main-server","env":"development","msg":"ringcentral.call_log_sync.started","observability_level":"info","category":"ringcentral","workflow":"ringcentral_call_log_sync","run_id":"2026-08-18T12:00:00.000Z"}
{"level":"info","time":"2026-09-19T03:03:21.927Z","service":"vantage-main-server","env":"development","msg":"ringcentral.call_log_sync.completed","ranAt":"2026-08-18T12:00:00.000Z","windowFrom":"2026-08-18T00:00:00.000Z","windowTo":"2026-08-18T12:00:00.000Z","leaseOwnerHash":"e0e92466da53","leaseAcquired":true,"leaseRecovered":false,"leaseLost":false,"skipped":false,"skipReason":null,"runtimeMs":40,"fetchedRecords":2,"candidateRecords":2,"qualifiedRecords":2,"ingestActions":{"lead_created":0,"lead_created_duplicate":1,"lead_adopted":1,"lead_adopted_duplicate":0,"shadow_recorded":0,"dry_run":0,"skipped_already_processed":0},"adoptedRecords":1,"adoptionConflicts":1,"throttledResponses":0,"leadsCreated":1,"duplicatesFlagged":1,"cursorAdvanced":true,"errors":[]}
{"level":"info","time":"2026-09-19T03:03:21.927Z","service":"vantage-main-server","env":"development","msg":"ringcentral.call_log_sync.completed","observability_level":"info","category":"ringcentral","workflow":"ringcentral_call_log_sync","run_id":"2026-08-18T12:00:00.000Z"}
{"level":"info","time":"2026-09-19T03:03:21.929Z","service":"vantage-main-server","env":"development","msg":"ringcentral.call_log_sync.started","observability_level":"info","category":"ringcentral","workflow":"ringcentral_call_log_sync","run_id":"2026-08-18T12:00:00.000Z"}
{"level":"error","time":"2026-09-19T03:03:21.930Z","service":"vantage-main-server","env":"development","msg":"ringcentral.call_log_sync.failed","leaseOwnerHash":"e0e92466da53","stage":"route_snapshot","errorCode":"route_snapshot_failed","windowFrom":"2026-08-18T00:00:00.000Z","windowTo":"2026-08-18T12:00:00.000Z"}
{"level":"error","time":"2026-09-19T03:03:21.930Z","service":"vantage-main-server","env":"development","msg":"ringcentral.call_log_sync.failed","observability_level":"error","category":"ringcentral","workflow":"ringcentral_call_log_sync","run_id":"2026-08-18T12:00:00.000Z"}
{"level":"info","time":"2026-09-19T03:03:21.930Z","service":"vantage-main-server","env":"development","msg":"ringcentral.call_log_sync.started","observability_level":"info","category":"ringcentral","workflow":"ringcentral_call_log_sync","run_id":"2026-08-18T12:00:00.000Z"}
{"level":"error","time":"2026-09-19T03:03:21.931Z","service":"vantage-main-server","env":"development","msg":"ringcentral.call_log_sync.failed","leaseOwnerHash":"e0e92466da53","stage":"provider_fetch","errorCode":"provider_request_failed","windowFrom":"2026-08-18T00:00:00.000Z","windowTo":"2026-08-18T12:00:00.000Z"}
{"level":"error","time":"2026-09-19T03:03:21.931Z","service":"vantage-main-server","env":"development","msg":"ringcentral.call_log_sync.failed","observability_level":"error","category":"ringcentral","workflow":"ringcentral_call_log_sync","run_id":"2026-08-18T12:00:00.000Z"}
{"level":"info","time":"2026-09-19T03:03:21.931Z","service":"vantage-main-server","env":"development","msg":"ringcentral.call_log_sync.started","observability_level":"info","category":"ringcentral","workflow":"ringcentral_call_log_sync","run_id":"2026-08-18T12:00:00.000Z"}
{"level":"error","time":"2026-09-19T03:03:21.931Z","service":"vantage-main-server","env":"development","msg":"ringcentral.call_log_sync.failed","leaseOwnerHash":"e0e92466da53","stage":"provider_fetch","errorCode":"provider_throttled","windowFrom":"2026-08-18T00:00:00.000Z","windowTo":"2026-08-18T12:00:00.000Z"}
{"level":"error","time":"2026-09-19T03:03:21.931Z","service":"vantage-main-server","env":"development","msg":"ringcentral.call_log_sync.failed","observability_level":"error","category":"ringcentral","workflow":"ringcentral_call_log_sync","run_id":"2026-08-18T12:00:00.000Z"}
{"level":"info","time":"2026-09-19T03:03:21.932Z","service":"vantage-main-server","env":"development","msg":"ringcentral.call_log_sync.started","observability_level":"info","category":"ringcentral","workflow":"ringcentral_call_log_sync","run_id":"2026-08-18T12:00:00.000Z"}
{"level":"error","time":"2026-09-19T03:03:21.932Z","service":"vantage-main-server","env":"development","msg":"ringcentral.call_log_sync.failed","leaseOwnerHash":"e0e92466da53","stage":"ingest","errorCode":"ingest_failed","windowFrom":"2026-08-18T00:00:00.000Z","windowTo":"2026-08-18T12:00:00.000Z"}
{"level":"error","time":"2026-09-19T03:03:21.932Z","service":"vantage-main-server","env":"development","msg":"ringcentral.call_log_sync.failed","observability_level":"error","category":"ringcentral","workflow":"ringcentral_call_log_sync","run_id":"2026-08-18T12:00:00.000Z"}
{"level":"info","time":"2026-09-19T03:03:21.933Z","service":"vantage-main-server","env":"development","msg":"ringcentral.call_log_sync.started","observability_level":"info","category":"ringcentral","workflow":"ringcentral_call_log_sync","run_id":"2026-08-18T12:00:00.000Z"}
{"level":"error","time":"2026-09-19T03:03:21.934Z","service":"vantage-main-server","env":"development","msg":"ringcentral.call_log_sync.failed","leaseOwnerHash":"e0e92466da53","stage":"provider_fetch","errorCode":"provider_throttled","windowFrom":"2026-08-18T00:00:00.000Z","windowTo":"2026-08-18T12:00:00.000Z"}
{"level":"error","time":"2026-09-19T03:03:21.934Z","service":"vantage-main-server","env":"development","msg":"ringcentral.call_log_sync.failed","observability_level":"error","category":"ringcentral","workflow":"ringcentral_call_log_sync","run_id":"2026-08-18T12:00:00.000Z"}
{"level":"info","time":"2026-09-19T03:03:21.935Z","service":"vantage-main-server","env":"development","msg":"ringcentral.call_log_sync.started","observability_level":"info","category":"ringcentral","workflow":"ringcentral_call_log_sync","run_id":"2026-08-18T12:00:00.000Z"}
{"level":"info","time":"2026-09-19T03:03:21.935Z","service":"vantage-main-server","env":"development","msg":"ringcentral.call_log_sync.completed","ranAt":"2026-08-18T12:00:00.000Z","windowFrom":"2026-08-18T00:00:00.000Z","windowTo":"2026-08-18T12:00:00.000Z","leaseOwnerHash":"e0e92466da53","leaseAcquired":true,"leaseRecovered":false,"leaseLost":false,"skipped":false,"skipReason":null,"runtimeMs":30,"fetchedRecords":1,"candidateRecords":1,"qualifiedRecords":1,"ingestActions":{"lead_created":0,"lead_created_duplicate":0,"lead_adopted":0,"lead_adopted_duplicate":0,"shadow_recorded":0,"dry_run":1,"skipped_already_processed":0},"adoptedRecords":0,"adoptionConflicts":0,"throttledResponses":0,"leadsCreated":0,"duplicatesFlagged":0,"cursorAdvanced":true,"errors":[]}
{"level":"info","time":"2026-09-19T03:03:21.935Z","service":"vantage-main-server","env":"development","msg":"ringcentral.call_log_sync.completed","observability_level":"info","category":"ringcentral","workflow":"ringcentral_call_log_sync","run_id":"2026-08-18T12:00:00.000Z"}
{"level":"info","time":"2026-09-19T03:03:21.937Z","service":"vantage-main-server","env":"development","msg":"ringcentral.call_log_sync.started","observability_level":"info","category":"ringcentral","workflow":"ringcentral_call_log_sync","run_id":"2026-08-18T12:00:00.000Z"}
{"level":"warn","time":"2026-09-19T03:03:21.938Z","service":"vantage-main-server","env":"development","msg":"ringcentral.call_log_sync.lease_lost","leaseOwnerHash":"e0e92466da53","stage":"state_write"}
{"level":"warn","time":"2026-09-19T03:03:21.938Z","service":"vantage-main-server","env":"development","msg":"ringcentral.call_log_sync.lease_lost","observability_level":"warn","category":"ringcentral","workflow":"ringcentral_call_log_sync","run_id":"2026-08-18T12:00:00.000Z"}
{"level":"info","time":"2026-09-19T03:03:21.939Z","service":"vantage-main-server","env":"development","msg":"ringcentral.call_log_sync.started","observability_level":"info","category":"ringcentral","workflow":"ringcentral_call_log_sync","run_id":"2026-08-18T12:00:00.000Z"}
{"level":"warn","time":"2026-09-19T03:03:21.940Z","service":"vantage-main-server","env":"development","msg":"ringcentral.call_log_sync.lease_lost","leaseOwnerHash":"e0e92466da53","stage":"lease"}
{"level":"warn","time":"2026-09-19T03:03:21.940Z","service":"vantage-main-server","env":"development","msg":"ringcentral.call_log_sync.lease_lost","observability_level":"warn","category":"ringcentral","workflow":"ringcentral_call_log_sync","run_id":"2026-08-18T12:00:00.000Z"}
{"level":"info","time":"2026-09-19T03:03:21.941Z","service":"vantage-main-server","env":"development","msg":"ringcentral.call_log_sync.started","observability_level":"info","category":"ringcentral","workflow":"ringcentral_call_log_sync","run_id":"2026-08-18T12:00:00.000Z"}
{"level":"info","time":"2026-09-19T03:03:21.941Z","service":"vantage-main-server","env":"development","msg":"ringcentral.call_log_sync.completed","ranAt":"2026-08-18T12:00:00.000Z","windowFrom":"2026-08-18T00:00:00.000Z","windowTo":"2026-08-18T12:00:00.000Z","leaseOwnerHash":"e0e92466da53","leaseAcquired":true,"leaseRecovered":false,"leaseLost":false,"skipped":false,"skipReason":null,"runtimeMs":80,"fetchedRecords":6,"candidateRecords":6,"qualifiedRecords":6,"ingestActions":{"lead_created":0,"lead_created_duplicate":0,"lead_adopted":0,"lead_adopted_duplicate":0,"shadow_recorded":0,"dry_run":6,"skipped_already_processed":0},"adoptedRecords":0,"adoptionConflicts":0,"throttledResponses":0,"leadsCreated":0,"duplicatesFlagged":0,"cursorAdvanced":true,"errors":[]}
{"level":"info","time":"2026-09-19T03:03:21.941Z","service":"vantage-main-server","env":"development","msg":"ringcentral.call_log_sync.completed","observability_level":"info","category":"ringcentral","workflow":"ringcentral_call_log_sync","run_id":"2026-08-18T12:00:00.000Z"}
{"level":"info","time":"2026-09-19T03:03:21.942Z","service":"vantage-main-server","env":"development","msg":"ringcentral.call_log_sync.started","observability_level":"info","category":"ringcentral","workflow":"ringcentral_call_log_sync","run_id":"2026-08-18T12:00:00.000Z"}
{"level":"warn","time":"2026-09-19T03:03:21.942Z","service":"vantage-main-server","env":"development","msg":"ringcentral.call_log_sync.lease_lost","leaseOwnerHash":"e0e92466da53","stage":"route_snapshot"}
{"level":"warn","time":"2026-09-19T03:03:21.943Z","service":"vantage-main-server","env":"development","msg":"ringcentral.call_log_sync.lease_lost","observability_level":"warn","category":"ringcentral","workflow":"ringcentral_call_log_sync","run_id":"2026-08-18T12:00:00.000Z"}
{"level":"info","time":"2026-09-19T03:03:21.945Z","service":"vantage-main-server","env":"development","msg":"ringcentral.call_log_sync.started","observability_level":"info","category":"ringcentral","workflow":"ringcentral_call_log_sync","run_id":"2026-08-18T12:00:00.000Z"}
{"level":"warn","time":"2026-09-19T03:03:21.945Z","service":"vantage-main-server","env":"development","msg":"ringcentral.call_log_sync.lease_recovered","leaseOwnerHash":"e0e92466da53"}
{"level":"warn","time":"2026-09-19T03:03:21.945Z","service":"vantage-main-server","env":"development","msg":"ringcentral.call_log_sync.lease_recovered","observability_level":"warn","category":"ringcentral","workflow":"ringcentral_call_log_sync","run_id":"2026-08-18T12:00:00.000Z"}
{"level":"info","time":"2026-09-19T03:03:21.945Z","service":"vantage-main-server","env":"development","msg":"ringcentral.call_log_sync.completed","ranAt":"2026-08-18T12:00:00.000Z","windowFrom":"2026-08-18T00:00:00.000Z","windowTo":"2026-08-18T12:00:00.000Z","leaseOwnerHash":"e0e92466da53","leaseAcquired":true,"leaseRecovered":true,"leaseLost":false,"skipped":false,"skipReason":null,"runtimeMs":20,"fetchedRecords":0,"candidateRecords":0,"qualifiedRecords":0,"ingestActions":{"lead_created":0,"lead_created_duplicate":0,"lead_adopted":0,"lead_adopted_duplicate":0,"shadow_recorded":0,"dry_run":0,"skipped_already_processed":0},"adoptedRecords":0,"adoptionConflicts":0,"throttledResponses":0,"leadsCreated":0,"duplicatesFlagged":0,"cursorAdvanced":true,"errors":[]}
{"level":"info","time":"2026-09-19T03:03:21.945Z","service":"vantage-main-server","env":"development","msg":"ringcentral.call_log_sync.completed","observability_level":"info","category":"ringcentral","workflow":"ringcentral_call_log_sync","run_id":"2026-08-18T12:00:00.000Z"}
{"level":"info","time":"2026-09-19T03:03:21.946Z","service":"vantage-main-server","env":"development","msg":"ringcentral.call_log_sync.started","observability_level":"info","category":"ringcentral","workflow":"ringcentral_call_log_sync","run_id":"2026-08-18T12:00:00.000Z"}
{"level":"info","time":"2026-09-19T03:03:21.946Z","service":"vantage-main-server","env":"development","msg":"ringcentral.call_log_sync.completed","ranAt":"2026-08-18T12:00:00.000Z","windowFrom":"2026-08-18T00:00:00.000Z","windowTo":"2026-08-18T12:00:00.000Z","leaseOwnerHash":"e0e92466da53","leaseAcquired":true,"leaseRecovered":false,"leaseLost":false,"skipped":false,"skipReason":null,"runtimeMs":20,"fetchedRecords":0,"candidateRecords":0,"qualifiedRecords":0,"ingestActions":{"lead_created":0,"lead_created_duplicate":0,"lead_adopted":0,"lead_adopted_duplicate":0,"shadow_recorded":0,"dry_run":0,"skipped_already_processed":0},"adoptedRecords":0,"adoptionConflicts":0,"throttledResponses":0,"leadsCreated":0,"duplicatesFlagged":0,"cursorAdvanced":true,"errors":[]}
{"level":"info","time":"2026-09-19T03:03:21.947Z","service":"vantage-main-server","env":"development","msg":"ringcentral.call_log_sync.completed","observability_level":"info","category":"ringcentral","workflow":"ringcentral_call_log_sync","run_id":"2026-08-18T12:00:00.000Z"}
{"level":"info","time":"2026-09-19T03:03:21.947Z","service":"vantage-main-server","env":"development","msg":"ringcentral.call_log_sync.started","observability_level":"info","category":"ringcentral","workflow":"ringcentral_call_log_sync","run_id":"2026-08-18T12:00:00.000Z"}
{"level":"info","time":"2026-09-19T03:03:21.947Z","service":"vantage-main-server","env":"development","msg":"ringcentral.call_log_sync.completed","ranAt":"2026-08-18T12:00:00.000Z","windowFrom":"2026-08-18T00:00:00.000Z","windowTo":"2026-08-18T12:00:00.000Z","leaseOwnerHash":"e0e92466da53","leaseAcquired":true,"leaseRecovered":false,"leaseLost":false,"skipped":false,"skipReason":null,"runtimeMs":20,"fetchedRecords":0,"candidateRecords":0,"qualifiedRecords":0,"ingestActions":{"lead_created":0,"lead_created_duplicate":0,"lead_adopted":0,"lead_adopted_duplicate":0,"shadow_recorded":0,"dry_run":0,"skipped_already_processed":0},"adoptedRecords":0,"adoptionConflicts":0,"throttledResponses":0,"leadsCreated":0,"duplicatesFlagged":0,"cursorAdvanced":true,"errors":[]}
{"level":"info","time":"2026-09-19T03:03:21.947Z","service":"vantage-main-server","env":"development","msg":"ringcentral.call_log_sync.completed","observability_level":"info","category":"ringcentral","workflow":"ringcentral_call_log_sync","run_id":"2026-08-18T12:00:00.000Z"}
{"level":"info","time":"2026-09-19T03:03:21.948Z","service":"vantage-main-server","env":"development","msg":"ringcentral.call_log_sync.started","observability_level":"info","category":"ringcentral","workflow":"ringcentral_call_log_sync","run_id":"2026-08-18T12:00:00.000Z"}
{"level":"info","time":"2026-09-19T03:03:21.948Z","service":"vantage-main-server","env":"development","msg":"ringcentral.call_log_sync.completed","ranAt":"2026-08-18T12:00:00.000Z","windowFrom":"2026-08-17T15:45:00.000Z","windowTo":"2026-08-18T12:00:00.000Z","leaseOwnerHash":"e0e92466da53","leaseAcquired":true,"leaseRecovered":false,"leaseLost":false,"skipped":false,"skipReason":null,"runtimeMs":20,"fetchedRecords":0,"candidateRecords":0,"qualifiedRecords":0,"ingestActions":{"lead_created":0,"lead_created_duplicate":0,"lead_adopted":0,"lead_adopted_duplicate":0,"shadow_recorded":0,"dry_run":0,"skipped_already_processed":0},"adoptedRecords":0,"adoptionConflicts":0,"throttledResponses":0,"leadsCreated":0,"duplicatesFlagged":0,"cursorAdvanced":true,"errors":[]}
{"level":"info","time":"2026-09-19T03:03:21.948Z","service":"vantage-main-server","env":"development","msg":"ringcentral.call_log_sync.completed","observability_level":"info","category":"ringcentral","workflow":"ringcentral_call_log_sync","run_id":"2026-08-18T12:00:00.000Z"}
{"level":"info","time":"2026-09-19T03:03:21.949Z","service":"vantage-main-server","env":"development","msg":"ringcentral.call_log_sync.started","observability_level":"info","category":"ringcentral","workflow":"ringcentral_call_log_sync","run_id":"2026-08-18T12:00:00.000Z"}
{"level":"info","time":"2026-09-19T03:03:21.950Z","service":"vantage-main-server","env":"development","msg":"ringcentral.call_log_sync.completed","ranAt":"2026-08-18T12:00:00.000Z","windowFrom":"2026-08-18T00:00:00.000Z","windowTo":"2026-08-18T12:00:00.000Z","leaseOwnerHash":"e0e92466da53","leaseAcquired":true,"leaseRecovered":false,"leaseLost":false,"skipped":false,"skipReason":null,"runtimeMs":20,"fetchedRecords":0,"candidateRecords":0,"qualifiedRecords":0,"ingestActions":{"lead_created":0,"lead_created_duplicate":0,"lead_adopted":0,"lead_adopted_duplicate":0,"shadow_recorded":0,"dry_run":0,"skipped_already_processed":0},"adoptedRecords":0,"adoptionConflicts":0,"throttledResponses":0,"leadsCreated":0,"duplicatesFlagged":0,"cursorAdvanced":true,"errors":[]}
{"level":"info","time":"2026-09-19T03:03:21.950Z","service":"vantage-main-server","env":"development","msg":"ringcentral.call_log_sync.completed","observability_level":"info","category":"ringcentral","workflow":"ringcentral_call_log_sync","run_id":"2026-08-18T12:00:00.000Z"}
{"level":"info","time":"2026-09-19T03:03:21.951Z","service":"vantage-main-server","env":"development","msg":"ringcentral.call_log_sync.started","observability_level":"info","category":"ringcentral","workflow":"ringcentral_call_log_sync","run_id":"2026-08-18T12:00:00.000Z"}
{"level":"info","time":"2026-09-19T03:03:21.951Z","service":"vantage-main-server","env":"development","msg":"ringcentral.call_log_sync.completed","ranAt":"2026-08-18T12:00:00.000Z","windowFrom":"2026-08-18T00:00:00.000Z","windowTo":"2026-08-18T12:00:00.000Z","leaseOwnerHash":"e0e92466da53","leaseAcquired":true,"leaseRecovered":false,"leaseLost":false,"skipped":false,"skipReason":null,"runtimeMs":60,"fetchedRecords":3,"candidateRecords":3,"qualifiedRecords":3,"ingestActions":{"lead_created":0,"lead_created_duplicate":0,"lead_adopted":0,"lead_adopted_duplicate":0,"shadow_recorded":0,"dry_run":3,"skipped_already_processed":0},"adoptedRecords":0,"adoptionConflicts":0,"throttledResponses":0,"leadsCreated":0,"duplicatesFlagged":0,"cursorAdvanced":true,"errors":[]}
{"level":"info","time":"2026-09-19T03:03:21.951Z","service":"vantage-main-server","env":"development","msg":"ringcentral.call_log_sync.completed","observability_level":"info","category":"ringcentral","workflow":"ringcentral_call_log_sync","run_id":"2026-08-18T12:00:00.000Z"}
{"level":"info","time":"2026-09-19T03:03:21.952Z","service":"vantage-main-server","env":"development","msg":"ringcentral.call_log_sync.started","observability_level":"info","category":"ringcentral","workflow":"ringcentral_call_log_sync","run_id":"2026-08-18T12:00:00.000Z"}
{"level":"info","time":"2026-09-19T03:03:21.952Z","service":"vantage-main-server","env":"development","msg":"ringcentral.call_log_sync.completed","ranAt":"2026-08-18T12:00:00.000Z","windowFrom":"2026-08-18T00:00:00.000Z","windowTo":"2026-08-18T12:00:00.000Z","leaseOwnerHash":"e0e92466da53","leaseAcquired":true,"leaseRecovered":false,"leaseLost":false,"skipped":false,"skipReason":null,"runtimeMs":40,"fetchedRecords":2,"candidateRecords":2,"qualifiedRecords":2,"ingestActions":{"lead_created":0,"lead_created_duplicate":0,"lead_adopted":0,"lead_adopted_duplicate":0,"shadow_recorded":0,"dry_run":2,"skipped_already_processed":0},"adoptedRecords":0,"adoptionConflicts":0,"throttledResponses":0,"leadsCreated":0,"duplicatesFlagged":0,"cursorAdvanced":true,"errors":[]}
{"level":"info","time":"2026-09-19T03:03:21.952Z","service":"vantage-main-server","env":"development","msg":"ringcentral.call_log_sync.completed","observability_level":"info","category":"ringcentral","workflow":"ringcentral_call_log_sync","run_id":"2026-08-18T12:00:00.000Z"}
{"level":"info","time":"2026-09-19T03:03:21.953Z","service":"vantage-main-server","env":"development","msg":"ringcentral.call_log_sync.started","observability_level":"info","category":"ringcentral","workflow":"ringcentral_call_log_sync","run_id":"2026-08-18T12:00:00.000Z"}
{"level":"info","time":"2026-09-19T03:03:21.953Z","service":"vantage-main-server","env":"development","msg":"ringcentral.call_log_sync.completed","ranAt":"2026-08-18T12:00:00.000Z","windowFrom":"2026-08-18T00:00:00.000Z","windowTo":"2026-08-18T12:00:00.000Z","leaseOwnerHash":"e0e92466da53","leaseAcquired":true,"leaseRecovered":false,"leaseLost":false,"skipped":false,"skipReason":null,"runtimeMs":60,"fetchedRecords":2,"candidateRecords":2,"qualifiedRecords":2,"ingestActions":{"lead_created":0,"lead_created_duplicate":0,"lead_adopted":0,"lead_adopted_duplicate":0,"shadow_recorded":0,"dry_run":2,"skipped_already_processed":0},"adoptedRecords":0,"adoptionConflicts":0,"throttledResponses":0,"leadsCreated":0,"duplicatesFlagged":0,"cursorAdvanced":true,"errors":[]}
{"level":"info","time":"2026-09-19T03:03:21.953Z","service":"vantage-main-server","env":"development","msg":"ringcentral.call_log_sync.completed","observability_level":"info","category":"ringcentral","workflow":"ringcentral_call_log_sync","run_id":"2026-08-18T12:00:00.000Z"}
{"level":"info","time":"2026-09-19T03:03:21.955Z","service":"vantage-main-server","env":"development","msg":"ringcentral.call_log_sync.started","observability_level":"info","category":"ringcentral","workflow":"ringcentral_call_log_sync","run_id":"2026-08-18T12:00:00.000Z"}
{"level":"error","time":"2026-09-19T03:03:21.955Z","service":"vantage-main-server","env":"development","msg":"ringcentral.call_log_sync.failed","leaseOwnerHash":"e0e92466da53","stage":"ingest","errorCode":"ingest_failed","windowFrom":"2026-08-18T00:00:00.000Z","windowTo":"2026-08-18T12:00:00.000Z"}
{"level":"error","time":"2026-09-19T03:03:21.955Z","service":"vantage-main-server","env":"development","msg":"ringcentral.call_log_sync.failed","observability_level":"error","category":"ringcentral","workflow":"ringcentral_call_log_sync","run_id":"2026-08-18T12:00:00.000Z"}
{"level":"info","time":"2026-09-19T03:03:21.956Z","service":"vantage-main-server","env":"development","msg":"ringcentral.call_log_sync.started","observability_level":"info","category":"ringcentral","workflow":"ringcentral_call_log_sync","run_id":"2026-08-18T12:00:00.000Z"}
{"level":"info","time":"2026-09-19T03:03:21.956Z","service":"vantage-main-server","env":"development","msg":"ringcentral.call_log_sync.completed","ranAt":"2026-08-18T12:00:00.000Z","windowFrom":"2026-08-18T00:00:00.000Z","windowTo":"2026-08-18T12:00:00.000Z","leaseOwnerHash":"e0e92466da53","leaseAcquired":true,"leaseRecovered":false,"leaseLost":false,"skipped":false,"skipReason":null,"runtimeMs":30,"fetchedRecords":1,"candidateRecords":1,"qualifiedRecords":1,"ingestActions":{"lead_created":0,"lead_created_duplicate":0,"lead_adopted":0,"lead_adopted_duplicate":0,"shadow_recorded":0,"dry_run":1,"skipped_already_processed":0},"adoptedRecords":0,"adoptionConflicts":0,"throttledResponses":0,"leadsCreated":0,"duplicatesFlagged":0,"cursorAdvanced":true,"errors":[]}
{"level":"info","time":"2026-09-19T03:03:21.956Z","service":"vantage-main-server","env":"development","msg":"ringcentral.call_log_sync.completed","observability_level":"info","category":"ringcentral","workflow":"ringcentral_call_log_sync","run_id":"2026-08-18T12:00:00.000Z"}
{"level":"info","time":"2026-09-19T03:03:21.957Z","service":"vantage-main-server","env":"development","msg":"ringcentral.call_log_sync.started","observability_level":"info","category":"ringcentral","workflow":"ringcentral_call_log_sync","run_id":"2026-08-18T12:00:00.000Z"}
{"level":"info","time":"2026-09-19T03:03:21.957Z","service":"vantage-main-server","env":"development","msg":"ringcentral.call_log_sync.completed","ranAt":"2026-08-18T12:00:00.000Z","windowFrom":"2026-08-18T00:00:00.000Z","windowTo":"2026-08-18T12:00:00.000Z","leaseOwnerHash":"e0e92466da53","leaseAcquired":true,"leaseRecovered":false,"leaseLost":false,"skipped":false,"skipReason":null,"runtimeMs":30,"fetchedRecords":1,"candidateRecords":1,"qualifiedRecords":1,"ingestActions":{"lead_created":0,"lead_created_duplicate":0,"lead_adopted":1,"lead_adopted_duplicate":0,"shadow_recorded":0,"dry_run":0,"skipped_already_processed":0},"adoptedRecords":1,"adoptionConflicts":0,"throttledResponses":0,"leadsCreated":0,"duplicatesFlagged":0,"cursorAdvanced":true,"errors":[]}
{"level":"info","time":"2026-09-19T03:03:21.957Z","service":"vantage-main-server","env":"development","msg":"ringcentral.call_log_sync.completed","observability_level":"info","category":"ringcentral","workflow":"ringcentral_call_log_sync","run_id":"2026-08-18T12:00:00.000Z"}
✔ qualifies an inbound answered call over 120s to a mapped toll-free (4.4633ms)
✔ qualifies a GetMovers inbound call log record (0.7013ms)
✔ rejects a call under 120 seconds (0.5896ms)
✔ rejects an outbound call (0.4379ms)
✔ rejects a call to an unmapped number (0.4958ms)
✔ rejects a missed (unanswered) call (0.4776ms)
✔ matches target number across call legs and picks the inbound caller (3.2104ms)
✔ aggregates a multi-party session and qualifies the canonical queue party over 120s (3.7613ms)
✔ uses answered agent lifecycle timing when the target queue leg disconnects early (14.0772ms)
✔ rejects a session that disconnected under 120 seconds (0.6229ms)
✔ a live (non-terminal) call over 120s qualifies but is not ingest-eligible (0.8547ms)
✔ an outbound-only session is not a lead (0.4942ms)
﹣ [AC-14][AC-15][AC-16] Unit 20 replica adoption, conflict continuation, races, and rollback (3.8928ms) # Replica-set proof is opt-in via GRANOT_LIFECYCLE_REPLICA_TESTS=true.
✔ [AC-14] one exact immutable-phone candidate is selected without guessing (14.0816ms)
✔ [AC-16] zero and multiple candidates remain explicit outcomes (0.9332ms)
✔ [AC-14][AC-16] candidate window is inclusive at exactly plus/minus 12 hours (0.4113ms)
✔ [AC-14][AC-16] exact boundaries qualify and one millisecond outside does not (1.7648ms)
✔ [AC-16] missing call start fails adoption closed without querying candidates (8.374ms)
✔ [AC-16] Job-only/missing-phone input is never an adoption candidate (0.4009ms)
✔ adoption match key stays exact Source Granularity plus ingested phone (17.1792ms)
✔ [AC-16] different Source Granularity with the same phone is not an adoption candidate (0.826ms)
✔ [AC-14] current-contact drift cannot replace immutable creation phone (0.5278ms)
✔ [AC-14] telephony session wins over call-log identity (3.5322ms)
✔ [AC-14] adoption statuses are terminal replay outcomes (1.2435ms)
✔ [AC-14] call-log race fence is declared unique and sparse (0.5833ms)
✔ recording adapter uses fixed account endpoints and discards contentUri (64.9936ms)
✔ streaming client shares JWT refresh once, returns headers and forbids redirects (2.8805ms)
✔ recording deadline bounds stalled token acquisition and unauthorized refresh (1.4425ms)
{"level":"info","time":"2026-09-19T03:03:23.580Z","service":"vantage-main-server","env":"development","msg":"ringcentral.ingest.skipped_already_processed","telephonySessionId":"u20-session","callLogId":null,"previousStatus":"lead_adopted","ingestionSource":"webhook"}
✔ [AC-14] telephony replay returns before adoption candidate work (14.4396ms)
✔ [AC-14][AC-15] adoption occurs before duplicate classification and suppresses create (2.9552ms)
✔ [AC-16] no adoption candidate continues through normal ingest (1.716ms)
✔ [AC-14] webhook and Call Log descriptors enter equivalent convergence (1.0561ms)
✔ [AC-14] call-log-only create fails closed before candidate or Lead work without indexes (1.5152ms)
✔ adoption off still creates a RingCentral-origin Call Lead (documented Race B twin) (2.5125ms)
✔ RingCentral ingest lock stays gated on the adoption flag (1.2479ms)
{"level":"info","time":"2026-09-19T03:03:23.587Z","service":"vantage-main-server","env":"development","msg":"ringcentral.ingest.processed","action":"dry_run","writeMode":"dry_run","duplicate":false,"duplicateReason":"unique","ingestionSource":"webhook","telephonySessionId":"u20-session","callLogId":null,"sourceCompany":"main_site","durationSeconds":180,"callLeadId":null}
{"level":"info","time":"2026-09-19T03:03:23.592Z","service":"vantage-main-server","env":"development","msg":"ringcentral.ingest.processed","action":"lead_created","writeMode":"create","duplicate":false,"duplicateReason":"unique","ingestionSource":"webhook","telephonySessionId":"u20-session","callLogId":null,"sourceCompany":"main_site","durationSeconds":180,"callLeadId":"507f1f77bcf86cd799439099"}
✔ first call from a caller is unique (3.4323ms)
✔ a second call from the same caller + source within the window is a duplicate (1.0899ms)
✔ the same telephony session is not counted as its own duplicate (1.0414ms)
✔ [AC-15] the same call-log identity is not counted as its own duplicate (1.1317ms)
✔ a call with no caller phone cannot be classified as a duplicate (1.1273ms)
✔ phone numbers in different formats still match as duplicates (0.9289ms)
✔ duplicate lookup uses the earlier-only 90-day window (1.0456ms)
✔ same caller and source exactly 90 days apart is a duplicate (1.7702ms)
✔ same caller and source more than 90 days apart is unique (0.7435ms)
✔ different source is scoped out by the duplicate lookup (0.7993ms)
✔ [AC-15] adopted Lead id is excluded from duplicate classification (0.9308ms)
✔ [AC-15][AC-16] unresolved Granot candidates do not create false duplicates (0.7497ms)
✔ [AC-15] adopted Granot candidate from another physical call remains eligible (0.4988ms)
✔ [AC-15] future Leads are outside the earlier-only duplicate window (0.6402ms)
✔ builder: mode all is the account telephony path with no direction filter and no withRecordings; inbound builder is byte-for-byte unchanged (13.9278ms)
✔ classification: owned+matching managed by health; owned inbound-only and foreign same-address subscriptions are never managed (1.4126ms)
✔ plan/apply: noop when healthy, create when none owned, foreign same-address subscription is reported and untouched (5.0894ms)
✔ renewal: expiring owned subscription is renewed; renewing a foreign id is refused before any provider call (2.6697ms)
✔ repair: blacklisted owned subscription is deleted, marked and recreated; a foreign id is never deleted or replaced (16.2826ms)
✔ health edges: unknown expiry is renew-due; unknown or missing status is reported and never repaired (review finding 6) (12.6235ms)
✔ ownership evidence fails closed: create without a recordable store surfaces the created id instead of orphaning it (review finding 7) (2.2151ms)
✔ provider adapter builds the exact RingCentral subscription requests over the shared client (3.6049ms)
{"level":"info","time":"2026-09-19T03:03:35.398Z","service":"vantage-main-server","env":"development","msg":"ringcentral.webhook.received","receivedAt":"2026-09-19T03:03:35.397Z","method":"POST","validationTokenPresent":true,"contentType":"application/json","userAgent":"node","eventHeaders":{},"subscriptionId":null,"telephonySessionId":null,"partyId":null,"event":"/restapi/v1.0/account/~/telephony/sessions"}
{"level":"info","time":"2026-09-19T03:03:35.400Z","service":"vantage-main-server","env":"development","msg":"ringcentral.webhook.capture.mongo_unavailable_logged","capture":{"provider":"ringcentral","receivedAt":{},"validationTokenPresent":true,"headers":{"host":"127.0.0.1:52628","connection":"keep-alive","content-type":"application/json","validation-token":"synthetic-validation","accept":"*/*","accept-language":"*","sec-fetch-mode":"cors","user-agent":"node","accept-encoding":"gzip, deflate","content-length":"80"},"rawBody":{"uuid":"echo-1","event":"/restapi/v1.0/account/~/telephony/sessions","body":{}},"normalizedPreview":{"subscriptionId":null,"event":"/restapi/v1.0/account/~/telephony/sessions","uuid":"echo-1","timestamp":null,"telephonySessionId":null,"sessionId":null,"partyId":null,"direction":null,"statusCode":null,"fromPhoneNumber":null,"fromName":null,"toPhoneNumber":null,"toName":null,"extensionId":null,"extensionNumber":null},"uuid":"echo-1","event":"/restapi/v1.0/account/~/telephony/sessions"}}
{"level":"info","time":"2026-09-19T03:03:35.402Z","service":"vantage-main-server","env":"development","msg":"ringcentral.webhook.processing.disabled","subscriptionId":null,"telephonySessionId":null}
{"level":"info","time":"2026-09-19T03:03:35.476Z","service":"vantage-main-server","env":"development","msg":"ringcentral.webhook.received","receivedAt":"2026-09-19T03:03:35.476Z","method":"POST","validationTokenPresent":false,"contentType":"application/json","userAgent":"node","eventHeaders":{},"subscriptionId":null,"telephonySessionId":null,"partyId":null,"event":null}
{"level":"info","time":"2026-09-19T03:03:35.477Z","service":"vantage-main-server","env":"development","msg":"ringcentral.webhook.capture.mongo_unavailable_logged","capture":{"provider":"ringcentral","receivedAt":{},"validationTokenPresent":false,"headers":{"host":"127.0.0.1:52628","connection":"keep-alive","content-type":"application/json","accept":"*/*","accept-language":"*","sec-fetch-mode":"cors","user-agent":"node","accept-encoding":"gzip, deflate","content-length":"27"},"rawBody":{"uuid":"echo-2","body":{}},"normalizedPreview":{"subscriptionId":null,"event":null,"uuid":"echo-2","timestamp":null,"telephonySessionId":null,"sessionId":null,"partyId":null,"direction":null,"statusCode":null,"fromPhoneNumber":null,"fromName":null,"toPhoneNumber":null,"toName":null,"extensionId":null,"extensionNumber":null},"uuid":"echo-2"}}
{"level":"info","time":"2026-09-19T03:03:35.479Z","service":"vantage-main-server","env":"development","msg":"ringcentral.webhook.processing.disabled","subscriptionId":null,"telephonySessionId":null}
✔ validation echo: the route echoes Validation-Token on a 200 and fans out only a durable receipt (762.9624ms)
✔ generated MCP prompt, envelope and every tool exactly match server authority (35.7422ms)
✔ closed tool arguments reject authority, operators, arbitrary URLs and excessive pages (10.0477ms)
✔ owner-added operational record kinds are citable through the authoritative strict envelope (1.9834ms)
✔ RingCentral search derives account/phone, bounds pages and excludes unrelated/provider-private content (36.0324ms)
✔ RingCentral reads disabled by default; invalid bounds and caller-supplied authority never reach provider (5.6791ms)
✔ call detail requires prior server admission and rechecks returned subject and id (9.7835ms)
✔ provider errors are coverage failures with no raw body; unknown pagination never claims complete (6.9673ms)
✔ Job Timeline requires authorized resolved Lead and matching server-derived source (0.9073ms)
✔ operational dataset facilitator is closed, paginated, revision-bound, and treats query as literal data (27.0892ms)
✔ fixed provider HTTP adapter uses cached token GET only, no refresh, redirects, alternate host or unbounded body (108.1405ms)
✔ cursor cannot change run, filter, or smuggle a Mongo operator (44.2419ms)
✔ relevance derives only from authorized lead edges and full normalized number (19.0465ms)
✔ projection excludes operational secrets and redacts untrusted free text (7.282ms)
✔ response contract retains unknown speaker and nullable timing and rejects extra authority (27.8705ms)
✔ phone equality is Likely; exact session authorizes only that interaction and account (2.7448ms)
✔ overlaps are ambiguous; nonoverlapping moves and outside-overlap events stay independent (2.0299ms)
✔ unique current Attached outranks candidates; competing Attached blocks; reject and detach persist (0.8496ms)
✔ Form and Call windows include boundaries; later snapshots never backdate identity (3.8268ms)
✔ actual attachment queue and five-minute cron registrations, disabled worker skips without Mongo (3.1876ms)
✔ Owner attachment routes and cron recovery: authority, scope, flag, strict payload, CAS mapping and read-only GET (877.3469ms)
✔ eligibility: all five accepted contexts, both Lead models, exclusions and absent upstream inputs (6.716ms)
✔ media stream hashes actual bytes, uses immutable account key and cleans transient file (214.4769ms)
✔ media rejects declared and streamed oversize, mismatched length/type and arbitrary audio (146.4743ms)
✔ Retry-After seconds, HTTP date and default (14.5219ms)
✔ text-only transcript retains unknown speakers and unavailable timing (44.2483ms)
✔ provider timing and actual speaker survive cross-boundary payment redaction (2.2383ms)
✔ invalid provider timing is unavailable; pricing is configured and rounded to integer cents (7.0625ms)
✔ CSI-12 five-minute cron, authentication, flag-off and default recovery/queue wiring (297.2495ms)
✔ CSI-11 queue stages, cron schedule, auth, flag-off and lease-held wiring (300.5831ms)
✔ CSI-11 modules never import qualification, Lead writers, budgets, STT or LLMs (2.6641ms)
✔ CSI route templates expand only the closed run paths and methods (4.5517ms)
✔ Owner analysis commands bind exact output and source evidence (8.7037ms)
✔ published DTO fixtures preserve undated and review-only rows and unknown coverage (2.9511ms)
✔ accepted policy defaults and invalid schedules (62.3009ms)
✔ strict commands allow undated independent actions and reject operational injection (29.9501ms)
✔ Grok review: empty channels/evidence and duplicate assessment are rejected; no locator gate (16.1728ms)
✔ all CSI model accessors honor isolated database routing without suffix collections (54.3017ms)
✔ signed run token requires scoped principal, live run, dataset, nonce, expiry, subject and tool (6.9277ms)
✔ single-attempt adapter never retries a non-idempotent submission, including 401/429/timeout (7.0758ms)
✔ Direct chat must have exactly the two reviewed people; supports provider member objects (15.6972ms)
✔ SMS and pager use JWT sender and correct endpoint contract (4.9971ms)
✔ repair receipt requires exact ID, sender and Direct membership, not matching text/time (6.495ms)
✔ repair receipt rejects a Direct chat response for a different chat ID (1.4944ms)
✔ body/customer destination policy handles canonical, formatted and full-width representations (15.6523ms)
✔ versioned templates limit customer identity; purpose/version/client chat are strict (10.5ms)
✔ optional channels default off (1.0391ms)
✔ documented nudge controls take precedence; aliases cannot widen an explicit channel allowlist (2.1061ms)
✔ nudge routes enforce signed Owner, feature, strict input, idempotency; GET never dispatches (1146.2286ms)
✔ repair cron is authenticated, disabled without DB, registered every five minutes (53.4021ms)
✔ 30/15/1440 clocks, Friday close, Sunday, DST and independent weekly calendar (54.0643ms)
✔ day-only waits end at close; Attention next opening; explicit Sunday honoured; ambiguity undated (28.1533ms)
✔ all three actions including undated; snooze preserves contractual overdue and other reasons (301.4226ms)
✔ inbound human versus missed/provider connected; attempts fulfill callback only and retain outcome (33.6046ms)
✔ wait coexistence, official closure precedence, planning denies stale and Owner effects (30.7465ms)
✔ worker, cron and recovery registrations exist without enabling production flags (2.0105ms)
✔ exact names remain proposed; alias ties, duplicate names, missing names and non-Users remain explicit (5.506ms)
✔ account scope, half-open reassignment, retirement and review authority (2.1106ms)
✔ period validation compares instants and rejects unknown input keys (8.7054ms)
✔ registered identity worker is a flag-off no-op (1.4983ms)
✔ all five Rep routes enforce Owner, strict contracts, scope, flags and idempotency header (1028.9681ms)
✔ minute recovery invokes registered bounded rep stage, honors flag and cron authentication (61.2427ms)
✔ call lead browse q includes Granot snapshot name (51.269ms)
✔ call lead browse phone matches the typed string on live and snapshot paths (1.5929ms)
✔ Call Lead Search phone ORs live, ingested, and Granot snapshot paths (8.1261ms)
✔ Call Lead Search name ORs ingested and Granot name paths (2.4793ms)
✔ Call Lead Search email ORs ingested and Granot email paths (1.1358ms)
✔ Call Lead Search keeps OR across phone, name, and email (17.5764ms)
✔ form lead browse q includes Granot snapshot name (10.7125ms)
✔ form lead browse name includes ingested and Granot name paths (2.0156ms)
✔ form lead browse email includes ingested and Granot email paths (29.3266ms)
✔ form lead browse phone matches the typed string on live and snapshot paths (1.8623ms)
✔ form lead browse empty query finds all leads including duplicates (3.5808ms)
✔ form lead browse result card omits snapshot objects (2.1214ms)
✔ form lead search excludes duplicate quarantine leads by default (4.1348ms)
✔ form lead search includes duplicate quarantine leads when requested (1.4942ms)
{"level":"info","time":"2026-09-19T03:03:28.937Z","service":"vantage-main-server","env":"development","msg":"sheet_sync.drain.quota_deferral","spreadsheetId":"sheet-1","tabName":"Calls","writes":1}
✔ batches existing-row updates and new-row appends into one call each (11.4814ms)
✔ deletes rows in descending order in a single batchUpdate (3.2881ms)
✔ missing delete rows are an idempotent success (no API call) (1.0097ms)
✔ defers all writes when the read-quota reservation is denied (2.2737ms)
✔ partial failure: update call fails but appends still succeed (4.7462ms)
✔ append batches are split by configured row guardrail (1.6433ms)
✔ buildTabRowMap maps Mongo IDs to 1-based row numbers (0.5554ms)
✔ QuotaLimiter grants within budget and denies (with rollback) past it (2.6436ms)
{"level":"info","time":"2026-09-19T03:03:32.395Z","service":"vantage-main-server","env":"development","msg":"sheet_sync.drain.call_lead.created_on_unmatched.skipped","leadId":"6aadfb84dfa3ab1ea29051f2"}
✔ jobPlanner registers mongoose models required for booked-lead populate (5.1262ms)
✔ planJobWrites turns a tombstone's previous_targets into delete writes (5.4511ms)
✔ planJobWrites skips tombstone targets with unknown headers (0.8197ms)
✔ planJobWrites limits retrying tombstones to target_hints (2.5676ms)
✔ planJobWrites returns a single empty plan when a tombstone has no targets (0.7966ms)
✔ planJobWrites dual-writes bad form leads to Forms and Master Bad Leads (8.0218ms)
✔ planJobWrites deletes stale Master Bad Leads row when bad_lead is cleared (14.8855ms)
✔ planJobWrites deletes stale Calls row when duplicate call lead lacks sheet_sync metadata (15.7428ms)
✔ ordinary No-Sync Form deletes Forms only and does not upsert (2.6524ms)
✔ ordinary No-Sync Call deletes Calls only and does not upsert (3.2305ms)
✔ Booking Chain + ordinary No-Sync Call upserts Booked Deals and deletes Calls (6.0271ms)
✔ Unmatched Call without no_sync stays an empty plan with no deletes (8.8072ms)
✔ no_sync + bad_lead matches today's Bad Form dual-write (8.578ms)
✔ no_sync + Call duplicate matches today's Duplicate Calls plan (8.7963ms)
✔ Form Duplicate upserts Duplicates and does not delete leftover Forms (9.0041ms)
✔ no_sync + Form duplicate matches today's Form Duplicate plan (6.5809ms)
✔ clear no_sync on an ordinary Form upserts Forms (2.0987ms)
✔ isNoSyncLead is false for missing / false / null (1.8414ms)
✔ noSyncAppliesToNormalTabs is false when duplicate or bad_lead (0.6146ms)
{"level":"info","time":"2026-09-19T03:03:47.070Z","service":"vantage-main-server","env":"development","msg":"sheet_sync.outbox.enqueued","coalescingKey":"source_lead:FormLead:6aadfb939538bb9104ef1c59","resource":"source_lead","operation":"form_lead.create","jobId":"6aadfb939538bb9104ef1c5a","dueAt":"2026-09-19T03:03:50.068Z","priority":60}
✔ enqueueSheetSyncJob writes a coalescing upsert keyed by entity (10.5113ms)
✔ enqueueSheetSyncJob threads the caller session for atomic commit (1.3131ms)
✔ enqueueSheetSyncTombstone cancels the superseded upsert then writes the delete (1.5663ms)
✔ persistSheetSyncIntent only writes the outbox in queued mode (1.338ms)
{"level":"info","time":"2026-09-19T03:03:47.078Z","service":"vantage-main-server","env":"development","msg":"sheet_sync.outbox.enqueued","coalescingKey":"booking_chain:b1","resource":"booking_chain","operation":"booked_lead.update","jobId":"6aadfb939538bb9104ef1c5b","dueAt":"2026-09-19T03:03:50.078Z","priority":80}
{"level":"info","time":"2026-09-19T03:03:47.079Z","service":"vantage-main-server","env":"development","msg":"sheet_sync.outbox.upsert_superseded_by_delete","supersededKey":"source_lead:CallLead:lead-1","cancelled":1}
{"level":"info","time":"2026-09-19T03:03:47.080Z","service":"vantage-main-server","env":"development","msg":"sheet_sync.outbox.tombstone_enqueued","coalescingKey":"delete_source_lead:CallLead:lead-1","resource":"delete_source_lead","operation":"call_lead.delete","jobId":"6aadfb939538bb9104ef1c5c","mongoId":"lead-1"}
{"level":"info","time":"2026-09-19T03:03:47.081Z","service":"vantage-main-server","env":"development","msg":"sheet_sync.outbox.enqueued","coalescingKey":"source_lead:CallLead:lead-9","resource":"source_lead","operation":"call_lead.update","jobId":"6aadfb939538bb9104ef1c5d","dueAt":"2026-09-19T03:03:50.081Z","priority":50}
✔ syncSourceLead evaluates no_sync before unmatched and deletes ordinary tabs without the facade (45.876ms)
✔ projects tariff rows into Timestamp through Carrier columns (2.8449ms)
✔ resolves a Granot Carrier Code to the Moving Carrier name and DOT (1.7183ms)
✔ appends both service rows with resolved Carrier and never upserts by identifier (5.2346ms)
✔ appends Linehaul plus a free-text Service row (1.7344ms)
✔ refuses an empty append (3.3409ms)
✔ hasBbbRedaction detects BBB PII redaction tokens (1.82ms)
✔ listTestimonialsQuerySchema coerces pagination and boolean filters (7.9796ms)
✔ buildTestimonialFilter applies only provided query flags (2.0935ms)
✔ adminTestimonialsQuerySchema coerces admin filters and sort direction (5.4581ms)
✔ buildAdminTestimonialFilter applies reviewer, rating, customer, and date filters (4.8659ms)
✔ listTestimonials returns paginated landing-page items (3.5256ms)
✔ listAdminTestimonials returns admin fields and applies requested sort (2.2091ms)
✔ listAdminTestimonialReviewerNames returns sorted unique non-empty names (4.9192ms)
{"level":"warn","time":"2026-09-19T03:03:48.949Z","service":"vantage-main-server","env":"development","msg":"source_lead.update.booking_missing","operation":"call_lead.update","leadModel":"CallLead","leadId":"6aadfb940ea03ff5e89a56c5","bookingId":"6aadfb940ea03ff5e89a56c6"}
✔ booked call lead refreshes attached booking customer and local (25.7515ms)
✔ booked form lead refreshes attached booking customer and local (3.4114ms)
✔ unbooked lead keeps source lead sync target (1.3703ms)
✔ stale booking reference falls back to source lead sync (3.0518ms)
✔ mismatched booking reference falls back to source lead sync (2.6686ms)
{"level":"warn","time":"2026-09-19T03:03:48.953Z","service":"vantage-main-server","env":"development","msg":"source_lead.update.booking_mismatch","operation":"call_lead.update","leadModel":"CallLead","leadId":"6aadfb940ea03ff5e89a56c7","bookingId":"6aadfb940ea03ff5e89a56c8","bookingLeadModel":"FormLead","bookingLeadId":"6aadfb940ea03ff5e89a56c9"}
✔ V1ServiceError preserves the original (message, statusCode = 400) constructor signature (1.9292ms)
✔ V1ServiceError is an AppError (single instanceof handles both legacy and typed throws) (0.5393ms)
✔ V1ServiceError keeps its historical `name` so existing log filters match (0.2806ms)
✔ V1ServiceError maps its statusCode onto a stable error code for logs (0.3985ms)
✔ parseFloridaCalendarDate stores YYYY-MM-DD as Florida calendar midnight UTC (4.1784ms)
✔ formatFloridaCalendarDate renders stored calendar dates without local timezone drift (0.6569ms)
✔ floridaCalendarToday uses the America/New_York calendar day (0.5593ms)
✔ floridaCalendarDateInputValue returns YYYY-MM-DD in Florida time (0.3503ms)
✔ toFloridaTimestamp stores Eastern daylight time clock components (0.7356ms)
✔ toFloridaTimestamp stores Eastern standard time clock components (0.3483ms)
✔ easternDateTimeParts reads America/New_York wall clock in standard and daylight time (1.6474ms)
✔ easternWallClockToUtc maps 8:00 AM Eastern to the matching UTC instant (0.9379ms)
✔ escapeSheetTitleForRange wraps plain titles in single quotes (1.6685ms)
✔ escapeSheetTitleForRange doubles single quotes inside a sheet title (0.3849ms)
✔ escapeSheetTitleForRange preserves whitespace and non-quote punctuation (0.3264ms)
✔ extractRowNumberFromRange parses single-cell updates (0.4273ms)
✔ extractRowNumberFromRange parses appended row ranges (0.399ms)
✔ extractRowNumberFromRange returns undefined for missing or malformed input (1.2218ms)
✔ generateLeadId returns unique established-format identifiers (4.2572ms)
✔ parseGranotCityState accepts multi-word cities and normalizes state (3.2197ms)
✔ Granot location parsing rejects placeholder and malformed values (0.9948ms)
✔ isObjectIdString accepts 24-char hex ids (1.8841ms)
✔ toObjectId parses hex strings (0.7116ms)
✔ toObjectIdOrUndefined maps empty values to undefined (0.2944ms)
✖ job-number-timeline loader does not value-import ObjectId from mongodb (14.7243ms)
✔ newObjectIdHex returns a distinct 24-char hex id (3.5328ms)
✔ normalizePhoneNumberForStorage strips US formatting and leading country code (1.8871ms)
✔ normalizePhoneNumberForStorage preserves unrecognized phone values (0.4483ms)
✔ normalizePhoneNumberForStorage preserves explicit foreign numbers (0.2755ms)
✔ normalizePhoneNumberForMatch keeps existing last-ten-digits matching behavior (0.3925ms)
✔ normalizePhoneNumberForMatch uses full foreign number digits (0.2757ms)
✔ rep promise and customer callback request stay distinct kinds (13.7199ms)
✔ multiple commitments accept an undated action without inventing a due date (3.3705ms)
✔ voicemail with unknown speaker is valid and is not human conversation (23.1018ms)
✔ contact restriction is schema-valid without closing Outreach (2.1846ms)
✔ owner-instruction disagreement cites the exact instruction revision (2.7137ms)
✔ rejects extra operational fields on the envelope and nested objects (3.1169ms)
✔ rejects malformed evidence references (9.4538ms)
✔ rejects unknown finding kinds, duplicate keys, and dangling finding_keys (1.9788ms)
✔ schema validation does not authorize evidence or apply business effects (1.9546ms)
✔ enforces document 10 engineering bounds (11.1158ms)
✔ createCallLeadSchema accepts a job_no-only call lead (14.3808ms)
✔ updateFormLeadSchema accepts canonical pickup and delivery cities (3.6888ms)
✔ createCallLeadSchema rejects call leads without phone_number or job_no (2.3436ms)
✔ createBookedLeadFromSourceSchema accepts CallLead booking with only call_job_no (5.4408ms)
✔ createReferralBookingSchema accepts owner-facing referral booking fields (1.6572ms)
✔ createReferralBookingSchema accepts optional customer_phone (0.8003ms)
✔ createBookedLeadFromSourceSchema accepts optional customer contact fields (2.3089ms)
✔ createCustomerSchema accepts name-only customers (1.4807ms)
✔ createReferralBookingSchema rejects server-owned referral source fields (3.1541ms)
✔ createLeadlessBookingSchema accepts owner-facing leadless booking fields (4.6705ms)
✔ createLeadlessBookingSchema accepts booking without customer contact fields (1.2944ms)
✔ createLeadlessBookingSchema rejects server-owned leadless flags (0.7143ms)
✔ createBookedLeadSchema accepts FormLead booking by Mongo id without job_no (3.1561ms)
✔ createBookedLeadFromSourceSchema accepts transient CallLead booking phone (0.5434ms)
✔ createBookedLeadFromSourceSchema accepts CallLead booking with only phone on Best Relocation import (0.3581ms)
✔ createBookedLeadFromSourceSchema rejects Owner Call Lead booking with only phone (0.4584ms)
✔ createBookedLeadFromSourceSchema rejects CallLead booking without job or phone (0.5302ms)
✔ createFormLeadSchema does not accept duplicate from clients (4.6052ms)
✔ createFormLeadSchema does not accept bad_lead from clients (3.3627ms)
✔ createFormLeadSchema accepts optional lid from clients (3.3128ms)
✔ createFormLeadSchema accepts Best Relocation UUID identity and sheet flags (0.8448ms)
✔ createFormLeadSchema rejects malformed lid values (0.7775ms)
✔ updateFormLeadSchema accepts duplicate for backfill and admin patches (0.5586ms)
✔ updateFormLeadSchema accepts and clears bad_lead reasons (7.7614ms)
✔ createFormLeadSchema accepts optional wordpress_submission_key (3.5919ms)
✔ createFormLeadSchema defaults post_to_granot to false when omitted (0.7427ms)
✔ createFormLeadSchema defaults an omitted or blank ref_no (1.71ms)
✔ createFormLeadSchema accepts first and last name without name (0.881ms)
✔ createFormLeadSchema rejects payloads without any name fields (1.0507ms)
✔ createFormLeadSchema accepts post_to_granot boolean false (0.6075ms)
✔ createFormLeadSchema accepts post_to_granot string false (0.3901ms)
✔ createFormLeadSchema accepts boolean sms_consent (1.2007ms)
✔ createFormLeadSchema coerces string sms_consent values (0.5385ms)
✔ createFormLeadSchema accepts typo emails as plain strings (0.2944ms)
✔ createCallLeadSchema does not accept server-owned flags from clients (0.589ms)
✔ createCallLeadSchema accepts imported qualification flags (0.7528ms)
✔ createCallLeadSchema accepts optional first and last name (1.0785ms)
✔ createCallLeadSchema accepts Best Relocation Inbounds webhook payload (3.7042ms)
✔ bookedCallLeadReconciliationBatchSchema accepts Booked Jobs CRM rows (2.6532ms)
✔ CallLead model validates job_no-only identity (47.3991ms)
✔ CallLead model stores form_fill when computed by the service (2.6765ms)
✔ BookedLead model validates phone-only CallLead bookings without job_no (11.7307ms)
✔ BookedLead model validates leadless referral bookings (4.4902ms)
✔ BookedLead model validates leadless bookings without lead linkage (3.5735ms)
✔ BookedLead model still requires lead linkage for non-referral bookings (8.2139ms)
✔ FormLead model stores duplicate quarantine flag (7.2245ms)
✔ FormLead model stores bad_lead enum values (2.6215ms)
✔ FormLead model and update validation support lossless legacy bad-tab provenance (3.696ms)
✔ FormLead model rejects unknown bad_lead values (3.8301ms)
✔ FormLead model defaults missing state fields to not_found (2.3489ms)
✔ CallLead model rejects identity-less documents (2.9085ms)
✔ FormLead model accepts receiver_agent provenance fields (2.9221ms)
✔ FormLead model rejects an unknown receiver_agent_source value (3.3846ms)
✔ CallLead model accepts receiver_agent provenance fields (2.1844ms)
✔ updateFormLeadSchema accepts receiver_agent linking fields (0.6132ms)
✔ updateCallLeadSchema accepts receiver_agent linking fields (2.8202ms)
✔ searchFormLeadsSchema accepts typo emails as plain strings (1.3095ms)
✔ searchFormLeadsSchema accepts include_duplicates to search quarantined leads (0.4728ms)
✔ resolveGranotFormLeadSchema keeps provider refs and requires a Granot source (1.6874ms)
✔ granotFormLeadSyncSchema separates the patch from its source precondition (6.0762ms)
✔ browseFormLeadsQuerySchema allows an empty query (view all) with defaults (1.3549ms)
✔ browseFormLeadsQuerySchema accepts a standalone source_company filter (0.3712ms)
✔ browseFormLeadsQuerySchema coerces booked and limit query strings (0.4305ms)
✔ browseFormLeadsQuerySchema rejects unknown keys (0.3821ms)
✔ browseCallLeadsQuerySchema accepts job_no and full-text q (1.1816ms)
✔ [AC-07] [AC-10] public/admin Form create and patch reject internal lifecycle metadata (8.4655ms)
✔ [AC-12] public/admin Call create and patch reject internal lifecycle metadata (8.7625ms)
✔ create and update Form and Call schemas accept optional no_sync (1.532ms)
✔ [AC-07] ordinary Form create still requires move_size; ordinary Call still requires phone or job_no (1.2153ms)
✔ create and update Cancellation schemas reject client-supplied correlation snapshots (12.7847ms)
✔ reconciliation list query accepts owner_booking origin (13.7315ms)
✔ create-and-attach validates Form Lead fields for its selected model (8.0309ms)
✔ create-and-attach requires Phone or Job Number for a Call Lead (2.6975ms)
✔ [AC-31] foundation activation input is strict and bounded (9.402ms)
✔ [AC-37] requeue reason is strict 10-500 and rejects unknown keys (1.8717ms)
✔ [AC-35] portion lifecycle error envelopes stay raw-free (0.4128ms)
✔ [AC-34] extension apply item requires lowercase UUID v4 and raw statement scalars (6.085ms)
✔ [AC-02] batch rejects duplicate operation IDs and more than 100 items (1.8238ms)
✔ [AC-23][AC-35][AC-36] discrepancy filters and Owner bodies are strict and revision guarded (9.563ms)
✔ receipt search query is strict, normalizes identity, and implies booking_status_changed (6.7856ms)
✔ [AC-18] [AC-19] case list query is strict, bounded, and validates date order (4.1511ms)
✔ [AC-35] candidate and timeline queries reject unsafe cursor/contact shapes (2.572ms)
✔ [AC-40] Lead timeline accepts only the exact model union and ObjectId (1.7919ms)
✔ [AC-22] confirm Booking input is strict and validates exact official cents (4.9051ms)
✔ Connect Booking to Lead input is strict and requires selected_lead (2.1254ms)
✔ Connect candidate query allows empty q and rejects unknown keys (1.2489ms)
✔ [AC-28] Referral Booking input accepts only case revision and strict official details (2.3838ms)
✔ [AC-22] confirm Booking accepts one or two unique Agents and rejects a matching secondary (1.3125ms)
✔ [AC-24] update Booking is a strict complete replacement with both revisions (2.8764ms)
✔ [AC-20] Booking No Action reasons are independently optional and strict (1.7812ms)
✔ [AC-25] Confirm Cancellation accepts only strict official fields with exact date and cents (2.3252ms)
✔ lead message admin query applies bounded pagination (7.6033ms)
✔ manual retry requires explicit confirmation (1.0786ms)
✔ Simple CPL validation requires revisions and cents-precise nonnegative amounts (13.3804ms)
✔ Advanced CPL validation accepts only explicit discriminated commands (4.6545ms)
✔ Correction preview validates an inclusive ordered business-date window (2.6499ms)
✔ catalog update accepts Granot username correction with optional reason (13.9533ms)
✔ catalog update rejects reason-only payloads (1.9707ms)
✔ Source Company writes reject embedded granularities and compatibility defaults (7.9679ms)
✔ Source Granularity create requires a first-class company ObjectId (3.9284ms)
✔ Source Granularity update rejects immutable identity fields (9.2739ms)
✔ source activation and resolution preview parse contract fields (2.5265ms)
✔ createTariffAdjustmentsSchema accepts two shared-field service rows (6.663ms)
✔ createTariffAdjustmentsSchema accepts a Linehaul-only payload (0.6404ms)
✔ createTariffAdjustmentsSchema accepts Linehaul plus an owner-written service (0.5255ms)
✔ createTariffAdjustmentsSchema accepts three matching rows (1.0119ms)
✔ createTariffAdjustmentsSchema allows omitted effective_date when all rows omit it (0.9329ms)
✔ createTariffAdjustmentsSchema rejects an empty rows array (1.8791ms)
✔ createTariffAdjustmentsSchema rejects more than 20 rows (2.0477ms)
✔ createTariffAdjustmentsSchema requires at least one Linehaul row (0.8269ms)
✔ createTariffAdjustmentsSchema requires shared fields to match (0.9338ms)
✔ createTariffAdjustmentsSchema rejects three rows with a mismatched pickup_zone (1.3041ms)
✔ createTariffAdjustmentsSchema requires a 5-digit ZIP and a carrier (1.7862ms)
✔ createTariffAdjustmentsSchema rejects a Service and Rule that are not a Drop Downs pair (1.1991ms)
✔ createTariffAdjustmentsSchema rejects customer and job identifiers (3.6012ms)
ℹ tests 2540
ℹ suites 13
ℹ pass 2425
ℹ fail 1
ℹ cancelled 0
ℹ skipped 114
ℹ todo 0
ℹ duration_ms 337692.8149

✖ failing tests:

test at src\utils\objectId.test.ts:2:1907
✖ job-number-timeline loader does not value-import ObjectId from mongodb (14.7243ms)
  AssertionError [ERR_ASSERTION]: The input did not match the regular expression /import type \{ Db, Document \} from "mongodb"/. Input:
  
  'import type { Db, Document, FindCursor } from "mongodb";\n' +
    'import { isObjectIdString, toObjectId } from "../../utils/objectId.js";\r\n' +
    'import { getRingCentralCollectionName } from "../ringcentral/ringcentral-config.js";\r\n' +
    'import type { JobNumberTimelineEvidenceLoader } from "./evidence-loader.port.js";\r\n' +
    'import { equivalentNormalizedJobFilter, equivalentNormalizedJobSnapshotFilter } from "./normalize.js";\r\n' +
    'import type {\r\n' +
    '  BookingRow,\r\n' +
    '  CallLogCursorRow,\r\n' +
    '  CancellationRow,\r\n' +
    '  CaseRow,\r\n' +
    '  CrmSourceRow,\r\n' +
    '  DecisionRow,\r\n' +
    '  DiscrepancyRow,\r\n' +
    '  EntityChangeRow,\r\n' +
    '  GranularityRow,\r\n' +
    '  JobTimelineRows,\r\n' +
    '  LeadMessageRow,\r\n' +
    '  LeadRow,\r\n' +
    '  ObservationReceiptRow,\r\n' +
    '  ObservationRow,\r\n' +
    '  ProcessedCallRow,\r\n' +
    '  RecordLinkRow,\r\n' +
    '  SheetSyncJobRow,\r\n' +
    '  WordpressFormSubmissionReceiptRow,\r\n' +
    '} from "./rows.js";\r\n' +
    'import type { JobTimelineLeadModel } from "./types.js";\n' +
    '\n' +
    'export type JobTimelineMongoReadBounds = { maxRowsPerQuery?: number };\n' +
    'export class JobTimelineEvidenceLimitError extends Error {\n' +
    '  readonly code = "EVIDENCE_LIMIT_REACHED";\n' +
    '  constructor() { super("EVIDENCE_LIMIT_REACHED"); }\n' +
    '}\n' +
    '\n' +
    '/** Optional bounded consumer policy; existing Owner reads keep their established behavior. */\n' +
    'function rowReader(bounds: JobTimelineMongoReadBounds) {\n' +
    '  const maximum = bounds.maxRowsPerQuery;\n' +
    '  if (maximum !== undefined && (!Number.isSafeInteger(maximum) || maximum < 1 || maximum > 2_000)) throw new JobTimelineEvidenceLimitError();\n' +
    '  return async <T extends Document>(cursor: FindCursor<T>): Promise<T[]> => {\n' +
    '    // Fetch one sentinel row to distinguish complete evidence from overflow.\n' +
    '    const rows = await (maximum === undefined ? cursor : cursor.limit(maximum + 1).maxTimeMS(5_000)).toArray();\n' +
    '    if (maximum !== undefined && rows.length > maximum) throw new JobTimelineEvidenceLimitError();\n' +
    '    return rows;\n' +
    '  };\n' +
    '}\n' +
    '\r\n' +
    'function asUnknownArray(value: unknown): unknown[] {\r\n' +
    '  return Array.isArray(value) ? value : [];\r\n' +
    '}\r\n' +
    '\r\n' +
    'function asDocumentArray(value: unknown): Document[] {\r\n' +
    '  return Array.isArray(value)\r\n' +
    '    ? value.filter((row: unknown): row is Document => row != null && typeof row === "object" && !Array.isArray(row))\r\n' +
    '    : [];\r\n' +
    '}\r\n' +
    '\r\n' +
    'function asId(value: unknown): string {\r\n' +
    '  if (value == null) return "";\r\n' +
    '  if (typeof value === "string") return value;\r\n' +
    '  if (typeof value === "object" && "toHexString" in value) {\r\n' +
    '    return String((value as { toHexString: () => string }).toHexString());\r\n' +
    '  }\r\n' +
    '  return String(value);\r\n' +
    '}\r\n' +
    '\r\n' +
    'function asMongoId(value: string): string | ReturnType<typeof toObjectId> {\r\n' +
    '  return isObjectIdString(value) ? toObjectId(value) : value;\r\n' +
    '}\r\n' +
    '\r\n' +
    'function asIso(value: unknown): string {\r\n' +
    '  if (value instanceof Date) return value.toISOString();\r\n' +
    '  if (typeof value === "string") return value;\r\n' +
    '  return "";\r\n' +
    '}\r\n' +
    '\r\n' +
    'function asString(value: unknown): string | undefined {\r\n' +
    '  return typeof value === "string" && value.trim() ? value : undefined;\r\n' +
    '}\r\n' +
    '\r\n' +
    'function observationJobFilter(normalizedJobNo: string): Document {\r\n' +
    '  const filter = equivalentNormalizedJobFilter(normalizedJobNo);\r\n' +
    '  if ("normalized_job_no" in filter && typeof filter.normalized_job_no === "string") {\r\n' +
    '    return { "identity.normalized_job_no": filter.normalized_job_no };\r\n' +
    '  }\r\n' +
    '  const clauses = "$or" in filter ? filter.$or : [];\r\n' +
    '  return {\r\n' +
    '    $or: clauses.map((clause) => ({\r\n' +
    '      "identity.normalized_job_no": clause.normalized_job_no,\r\n' +
    '    })),\r\n' +
    '  };\r\n' +
    '}\r\n' +
    '\r\n' +
    'function mapObservation(row: Document): ObservationRow {\r\n' +
    '  const identity = (row.identity ?? {}) as Document;\r\n' +
    '  const priority = (row.priority ?? {}) as Document;\r\n' +
    '  const bookingAction = (row.booking_action ?? {}) as Document;\r\n' +
    '  const issues = asUnknownArray(row.issues);\r\n' +
    '  return {\r\n' +
    '    id: asId(row._id),\r\n' +
    '    captured_at: asIso(row.captured_at),\r\n' +
    '    normalized_job_no: asString(identity.normalized_job_no),\r\n' +
    '    job_no_snapshot: asString(identity.job_no_raw),\r\n' +
    '    receipt_id: row.receipt_id ? asId(row.receipt_id) : undefined,\r\n' +
    '    route_event_class: asString(row.route_event_class),\r\n' +
    '    normalization_result: asString(row.normalization_result),\r\n' +
    '    priority_canonical: asString(priority.canonical),\r\n' +
    '    priority_valid: priority.valid === true,\r\n' +
    '    booking_action_normalized: asString(bookingAction.normalized),\r\n' +
    '    issue_codes: issues\r\n' +
    '      .map((issue: unknown) => (issue && typeof issue === "object" ? asString((issue as Document).code) : undefined))\r\n' +
    '      .filter((code: string | undefined): code is string => Boolean(code)),\r\n' +
    '    granot_crm_source_id: row.granot_crm_source_id ? asId(row.granot_crm_source_id) : undefined,\r\n' +
    '  };\r\n' +
    '}\r\n' +
    '\r\n' +
    'function mapIngestedContact(value: unknown): LeadRow["ingested_contact_snapshot"] {\r\n' +
    '  if (!value || typeof value !== "object") return undefined;\r\n' +
    '  const row = value as Document;\r\n' +
    '  const snapshot = {\r\n' +
    '    name: asString(row.name),\r\n' +
    '    first_name: asString(row.first_name),\r\n' +
    '    last_name: asString(row.last_name),\r\n' +
    '    phone_number: asString(row.phone_number),\r\n' +
    '    email: asString(row.email),\r\n' +
    '  };\r\n' +
    '  return Object.values(snapshot).some(Boolean) ? snapshot : undefined;\r\n' +
    '}\r\n' +
    '\r\n' +
    'function mapIngestedMove(value: unknown): LeadRow["ingested_move_snapshot"] {\r\n' +
    '  if (!value || typeof value !== "object") return undefined;\r\n' +
    '  const row = value as Document;\r\n' +
    '  const snapshot = {\r\n' +
    '    pickup_city: asString(row.pickup_city),\r\n' +
    '    pickup_state: asString(row.pickup_state),\r\n' +
    '    pickup_zip: asString(row.pickup_zip),\r\n' +
    '    delivery_city: asString(row.delivery_city),\r\n' +
    '    delivery_state: asString(row.delivery_state),\r\n' +
    '    destination_zip: asString(row.destination_zip),\r\n' +
    '    move_date: row.move_date ? asIso(row.move_date) : undefined,\r\n' +
    '    move_size: asString(row.move_size),\r\n' +
    '  };\r\n' +
    '  return Object.values(snapshot).some(Boolean) ? snapshot : undefined;\r\n' +
    '}\r\n' +
    '\r\n' +
    'function mapEntityChange(row: Document, fallbackModel?: string): EntityChangeRow {\r\n' +
    '  const provenance = (row.provenance ?? {}) as Document;\r\n' +
    '  return {\r\n' +
    '    id: asId(row._id),\r\n' +
    '    entity_model: fallbackModel ?? String((row.entity as Document | undefined)?.model ?? ""),\r\n' +
    '    entity_id: asId((row.entity as Document | undefined)?.id),\r\n' +
    '    command_name: String(row.command_name ?? ""),\r\n' +
    '    applied_at: asIso(row.applied_at),\r\n' +
    '    changed_paths: Array.isArray(row.changed_paths) ? row.changed_paths.map(String) : [],\r\n' +
    '    decision_id: provenance.decision_id ? asId(provenance.decision_id) : undefined,\r\n' +
    '  };\r\n' +
    '}\r\n' +
    '\r\n' +
    'function mapDecision(row: Document): DecisionRow {\r\n' +
    '  const scope = (row.source_scope ?? {}) as Document;\r\n' +
    '  const target = row.target as Document | undefined;\r\n' +
    '  const effects = asUnknownArray(row.effects);\r\n' +
    '  const gates = asUnknownArray(row.evaluated_gates);\r\n' +
    '  return {\r\n' +
    '    id: asId(row._id),\r\n' +
    '    observation_id: asId(row.observation_id),\r\n' +
    '    attempt: typeof row.attempt === "number" ? row.attempt : 0,\r\n' +
    '    decided_at: asIso(row.decided_at),\r\n' +
    '    execution_mode: asString(row.execution_mode),\r\n' +
    '    outcome: asString(row.outcome),\r\n' +
    '    reason_code: asString(row.reason_code),\r\n' +
    '    match_method: asString(row.match_method),\r\n' +
    '    target: target?.id && target.model\r\n' +
    '      ? { model: String(target.model), id: asId(target.id) }\r\n' +
    '      : undefined,\r\n' +
    '    source_granularity_id: scope.source_granularity_id ? asId(scope.source_granularity_id) : undefined,\r\n' +
    '    source_company_id: scope.lead_source_company ? asId(scope.lead_source_company) : undefined,\r\n' +
    '    effect_kinds: effects\r\n' +
    '      .map((effect: unknown) => (effect && typeof effect === "object" ? asString((effect as Document).kind) : undefined))\r\n' +
    '      .filter((kind: string | undefined): kind is string => Boolean(kind)),\r\n' +
    '    evaluated_gates: gates.flatMap((gate: unknown) => {\r\n' +
    '      if (!gate || typeof gate !== "object") return [];\r\n' +
    '      const record = gate as Document;\r\n' +
    '      const name = asString(record.gate);\r\n' +
    '      if (!name) return [];\r\n' +
    '      return [{ gate: name, allowed: record.allowed === true }];\r\n' +
    '    }),\r\n' +
    '  };\r\n' +
    '}\r\n' +
    '\r\n' +
    'function mapCase(row: Document, kind: "booking" | "release"): CaseRow {\r\n' +
    '  const evidence = asUnknownArray(row.evidence);\r\n' +
    '  return {\r\n' +
    '    id: asId(row._id),\r\n' +
    '    kind,\r\n' +
    '    normalized_job_no: String(row.normalized_job_no ?? ""),\r\n' +
    '    job_no_snapshot: asString(row.job_no_snapshot),\r\n' +
    '    state: row.state === "resolved" ? "resolved" : "open",\r\n' +
    '    mode: asString(row.mode) ?? (kind === "release" ? "release" : undefined),\r\n' +
    '    sequence_number: typeof row.sequence_number === "number" ? row.sequence_number : undefined,\r\n' +
    '    case_revision: typeof row.case_revision === "number" ? row.case_revision : undefined,\r\n' +
    '    evidence_revision: typeof row.evidence_revision === "number" ? row.evidence_revision : undefined,\r\n' +
    '    opened_at: asIso(row.opened_at),\r\n' +
    '    resolved_at: row.resolved_at ? asIso(row.resolved_at) : undefined,\r\n' +
    '    evidence: evidence.flatMap((item: unknown) => {\r\n' +
    '      if (!item || typeof item !== "object") return [];\r\n' +
    '      const record = item as Document;\r\n' +
    '      return [{\r\n' +
    '        observation_id: asId(record.observation_id),\r\n' +
    '        captured_at: asIso(record.captured_at),\r\n' +
    '      }];\r\n' +
    '    }),\r\n' +
    '  };\r\n' +
    '}\r\n' +
    '\r\n' +
    'export async function loadCompanyGranularityIds(\n' +
    '  db: Db,\n' +
    '  sourceCompanyId: string,\n' +
    '  bounds: JobTimelineMongoReadBounds = {},\n' +
    '): Promise<string[]> {\n' +
    '  const read = rowReader(bounds);\n' +
    '  const rows = asDocumentArray(\n' +
    '    await read(db.collection("lead_source_granularities").find({\n' +
    '      source_company: asMongoId(sourceCompanyId),\n' +
    '    }).project({ _id: 1 })),\n' +
    '  );\r\n' +
    '  return rows.map((row) => asId(row._id));\r\n' +
    '}\r\n' +
    '\r\n' +
    'export async function loadJobNumberTimelineRows(\n' +
    '  db: Db,\n' +
    '  normalizedJobNo: string,\n' +
    '  bounds: JobTimelineMongoReadBounds = {},\n' +
    '): Promise<JobTimelineRows> {\n' +
    '  const read = rowReader(bounds);\n' +
    '  const jobFilter = equivalentNormalizedJobFilter(normalizedJobNo);\r\n' +
    '  const [\r\n' +
    '    observationDocs,\r\n' +
    '    recordLinkDocs,\r\n' +
    '    bookingDocs,\r\n' +
    '    bookingCaseDocs,\r\n' +
    '    releaseCaseDocs,\r\n' +
    '    bookingDiscrepancyDocs,\r\n' +
    '    releaseDiscrepancyDocs,\r\n' +
    '    callLogCursorDoc,\r\n' +
    '  ] = await Promise.all([\r\n' +
    '    read(db.collection("granot_observations").find(observationJobFilter(normalizedJobNo))),\n' +
    '    read(db.collection("granot_record_links").find(jobFilter)),\n' +
    '    read(db.collection("booked_lea'... 16880 more characters
  
      at TestContext.<anonymous> (C:\Users\Pinda\Proyectos\vantage\vantage-main-server\src\utils\objectId.test.ts:38:10)
      at Test.runInAsyncScope (node:async_hooks:227:14)
      at Test.run (node:internal/test_runner/test:1325:25)
      at Test.processPendingSubtests (node:internal/test_runner/test:911:18)
      at Test.postRun (node:internal/test_runner/test:1465:19)
      at Test.run (node:internal/test_runner/test:1390:12)
      at async Test.processPendingSubtests (node:internal/test_runner/test:911:7) {
    generatedMessage: true,
    code: 'ERR_ASSERTION',
    actual: 'import type { Db, Document, FindCursor } from "mongodb";\nimport { isObjectIdString, toObjectId } from "../../utils/objectId.js";\r\nimport { getRingCentralCollectionName } from "../ringcentral/ringcentral-config.js";\r\nimport type { JobNumberTimelineEvidenceLoader } from "./evidence-loader.port.js";\r\nimport { equivalentNormalizedJobFilter, equivalentNormalizedJobSnapshotFilter } from "./normalize.js";\r\nimport type {\r\n  BookingRow,\r\n  CallLogCursorRow,\r\n  CancellationRow,\r\n  CaseRow,\r\n  CrmSourceRow,\r\n  DecisionRow,\r\n  DiscrepancyRow,\r\n  EntityChangeRow,\r\n  GranularityRow,\r\n  JobTimelineRows,\r\n  LeadMessageRow,\r\n  LeadRow,\r\n  ObservationReceiptRow,\r\n  ObservationRow,\r\n  ProcessedCallRow,\r\n  RecordLinkRow,\r\n  SheetSyncJobRow,\r\n  WordpressFormSubmissionReceiptRow,\r\n} from "./rows.js";\r\nimport type { JobTimelineLeadModel } from "./types.js";\n\nexport type JobTimelineMongoReadBounds = { maxRowsPerQuery?: number };\nexport class JobTimelineEvidenceLimitError extends Error {\n  readonly code = "EVIDENCE_LIMIT_REACHED";\n  constructor() { super("EVIDENCE_LIMIT_REACHED"); }\n}\n\n/** Optional bounded consumer policy; existing Owner reads keep their established behavior. */\nfunction rowReader(bounds: JobTimelineMongoReadBounds) {\n  const maximum = bounds.maxRowsPerQuery;\n  if (maximum !== undefined && (!Number.isSafeInteger(maximum) || maximum < 1 || maximum > 2_000)) throw new JobTimelineEvidenceLimitError();\n  return async <T extends Document>(cursor: FindCursor<T>): Promise<T[]> => {\n    // Fetch one sentinel row to distinguish complete evidence from overflow.\n    const rows = await (maximum === undefined ? cursor : cursor.limit(maximum + 1).maxTimeMS(5_000)).toArray();\n    if (maximum !== undefined && rows.length > maximum) throw new JobTimelineEvidenceLimitError();\n    return rows;\n  };\n}\n\r\nfunction asUnknownArray(value: unknown): unknown[] {\r\n  return Array.isArray(value) ? value : [];\r\n}\r\n\r\nfunction asDocumentArray(value: unknown): Document[] {\r\n  return Array.isArray(value)\r\n    ? value.filter((row: unknown): row is Document => row != null && typeof row === "object" && !Array.isArray(row))\r\n    : [];\r\n}\r\n\r\nfunction asId(value: unknown): string {\r\n  if (value == null) return "";\r\n  if (typeof value === "string") return value;\r\n  if (typeof value === "object" && "toHexString" in value) {\r\n    return String((value as { toHexString: () => string }).toHexString());\r\n  }\r\n  return String(value);\r\n}\r\n\r\nfunction asMongoId(value: string): string | ReturnType<typeof toObjectId> {\r\n  return isObjectIdString(value) ? toObjectId(value) : value;\r\n}\r\n\r\nfunction asIso(value: unknown): string {\r\n  if (value instanceof Date) return value.toISOString();\r\n  if (typeof value === "string") return value;\r\n  return "";\r\n}\r\n\r\nfunction asString(value: unknown): string | undefined {\r\n  return typeof value === "string" && value.trim() ? value : undefined;\r\n}\r\n\r\nfunction observationJobFilter(normalizedJobNo: string): Document {\r\n  const filter = equivalentNormalizedJobFilter(normalizedJobNo);\r\n  if ("normalized_job_no" in filter && typeof filter.normalized_job_no === "string") {\r\n    return { "identity.normalized_job_no": filter.normalized_job_no };\r\n  }\r\n  const clauses = "$or" in filter ? filter.$or : [];\r\n  return {\r\n    $or: clauses.map((clause) => ({\r\n      "identity.normalized_job_no": clause.normalized_job_no,\r\n    })),\r\n  };\r\n}\r\n\r\nfunction mapObservation(row: Document): ObservationRow {\r\n  const identity = (row.identity ?? {}) as Document;\r\n  const priority = (row.priority ?? {}) as Document;\r\n  const bookingAction = (row.booking_action ?? {}) as Document;\r\n  const issues = asUnknownArray(row.issues);\r\n  return {\r\n    id: asId(row._id),\r\n    captured_at: asIso(row.captured_at),\r\n    normalized_job_no: asString(identity.normalized_job_no),\r\n    job_no_snapshot: asString(identity.job_no_raw),\r\n    receipt_id: row.receipt_id ? asId(row.receipt_id) : undefined,\r\n    route_event_class: asString(row.route_event_class),\r\n    normalization_result: asString(row.normalization_result),\r\n    priority_canonical: asString(priority.canonical),\r\n    priority_valid: priority.valid === true,\r\n    booking_action_normalized: asString(bookingAction.normalized),\r\n    issue_codes: issues\r\n      .map((issue: unknown) => (issue && typeof issue === "object" ? asString((issue as Document).code) : undefined))\r\n      .filter((code: string | undefined): code is string => Boolean(code)),\r\n    granot_crm_source_id: row.granot_crm_source_id ? asId(row.granot_crm_source_id) : undefined,\r\n  };\r\n}\r\n\r\nfunction mapIngestedContact(value: unknown): LeadRow["ingested_contact_snapshot"] {\r\n  if (!value || typeof value !== "object") return undefined;\r\n  const row = value as Document;\r\n  const snapshot = {\r\n    name: asString(row.name),\r\n    first_name: asString(row.first_name),\r\n    last_name: asString(row.last_name),\r\n    phone_number: asString(row.phone_number),\r\n    email: asString(row.email),\r\n  };\r\n  return Object.values(snapshot).some(Boolean) ? snapshot : undefined;\r\n}\r\n\r\nfunction mapIngestedMove(value: unknown): LeadRow["ingested_move_snapshot"] {\r\n  if (!value || typeof value !== "object") return undefined;\r\n  const row = value as Document;\r\n  const snapshot = {\r\n    pickup_city: asString(row.pickup_city),\r\n    pickup_state: asString(row.pickup_state),\r\n    pickup_zip: asString(row.pickup_zip),\r\n    delivery_city: asString(row.delivery_city),\r\n    delivery_state: asString(row.delivery_state),\r\n    destination_zip: asString(row.destination_zip),\r\n    move_date: row.move_date ? asIso(row.move_date) : undefined,\r\n    move_size: asString(row.move_size),\r\n  };\r\n  return Object.values(snapshot).some(Boolean) ? snapshot : undefined;\r\n}\r\n\r\nfunction mapEntityChange(row: Document, fallbackModel?: string): EntityChangeRow {\r\n  const provenance = (row.provenance ?? {}) as Document;\r\n  return {\r\n    id: asId(row._id),\r\n    entity_model: fallbackModel ?? String((row.entity as Document | undefined)?.model ?? ""),\r\n    entity_id: asId((row.entity as Document | undefined)?.id),\r\n    command_name: String(row.command_name ?? ""),\r\n    applied_at: asIso(row.applied_at),\r\n    changed_paths: Array.isArray(row.changed_paths) ? row.changed_paths.map(String) : [],\r\n    decision_id: provenance.decision_id ? asId(provenance.decision_id) : undefined,\r\n  };\r\n}\r\n\r\nfunction mapDecision(row: Document): DecisionRow {\r\n  const scope = (row.source_scope ?? {}) as Document;\r\n  const target = row.target as Document | undefined;\r\n  const effects = asUnknownArray(row.effects);\r\n  const gates = asUnknownArray(row.evaluated_gates);\r\n  return {\r\n    id: asId(row._id),\r\n    observation_id: asId(row.observation_id),\r\n    attempt: typeof row.attempt === "number" ? row.attempt : 0,\r\n    decided_at: asIso(row.decided_at),\r\n    execution_mode: asString(row.execution_mode),\r\n    outcome: asString(row.outcome),\r\n    reason_code: asString(row.reason_code),\r\n    match_method: asString(row.match_method),\r\n    target: target?.id && target.model\r\n      ? { model: String(target.model), id: asId(target.id) }\r\n      : undefined,\r\n    source_granularity_id: scope.source_granularity_id ? asId(scope.source_granularity_id) : undefined,\r\n    source_company_id: scope.lead_source_company ? asId(scope.lead_source_company) : undefined,\r\n    effect_kinds: effects\r\n      .map((effect: unknown) => (effect && typeof effect === "object" ? asString((effect as Document).kind) : undefined))\r\n      .filter((kind: string | undefined): kind is string => Boolean(kind)),\r\n    evaluated_gates: gates.flatMap((gate: unknown) => {\r\n      if (!gate || typeof gate !== "object") return [];\r\n      const record = gate as Document;\r\n      const name = asString(record.gate);\r\n      if (!name) return [];\r\n      return [{ gate: name, allowed: record.allowed === true }];\r\n    }),\r\n  };\r\n}\r\n\r\nfunction mapCase(row: Document, kind: "booking" | "release"): CaseRow {\r\n  const evidence = asUnknownArray(row.evidence);\r\n  return {\r\n    id: asId(row._id),\r\n    kind,\r\n    normalized_job_no: String(row.normalized_job_no ?? ""),\r\n    job_no_snapshot: asString(row.job_no_snapshot),\r\n    state: row.state === "resolved" ? "resolved" : "open",\r\n    mode: asString(row.mode) ?? (kind === "release" ? "release" : undefined),\r\n    sequence_number: typeof row.sequence_number === "number" ? row.sequence_number : undefined,\r\n    case_revision: typeof row.case_revision === "number" ? row.case_revision : undefined,\r\n    evidence_revision: typeof row.evidence_revision === "number" ? row.evidence_revision : undefined,\r\n    opened_at: asIso(row.opened_at),\r\n    resolved_at: row.resolved_at ? asIso(row.resolved_at) : undefined,\r\n    evidence: evidence.flatMap((item: unknown) => {\r\n      if (!item || typeof item !== "object") return [];\r\n      const record = item as Document;\r\n      return [{\r\n        observation_id: asId(record.observation_id),\r\n        captured_at: asIso(record.captured_at),\r\n      }];\r\n    }),\r\n  };\r\n}\r\n\r\nexport async function loadCompanyGranularityIds(\n  db: Db,\n  sourceCompanyId: string,\n  bounds: JobTimelineMongoReadBounds = {},\n): Promise<string[]> {\n  const read = rowReader(bounds);\n  const rows = asDocumentArray(\n    await read(db.collection("lead_source_granularities").find({\n      source_company: asMongoId(sourceCompanyId),\n    }).project({ _id: 1 })),\n  );\r\n  return rows.map((row) => asId(row._id));\r\n}\r\n\r\nexport async function loadJobNumberTimelineRows(\n  db: Db,\n  normalizedJobNo: string,\n  bounds: JobTimelineMongoReadBounds = {},\n): Promise<JobTimelineRows> {\n  const read = rowReader(bounds);\n  const jobFilter = equivalentNormalizedJobFilter(normalizedJobNo);\r\n  const [\r\n    observationDocs,\r\n    recordLinkDocs,\r\n    bookingDocs,\r\n    bookingCaseDocs,\r\n    releaseCaseDocs,\r\n    bookingDiscrepancyDocs,\r\n    releaseDiscrepancyDocs,\r\n    callLogCursorDoc,\r\n  ] = await Promise.all([\r\n    read(db.collection("granot_observations").find(observationJobFilter(normalizedJobNo))),\n    read(db.collection("granot_record_links").find(jobFilter)),\n    read(db.collection("booked_lea'... 16880 more characters,
    expected: /import type \{ Db, Document \} from "mongodb"/,
    operator: 'match',
    diff: 'simple'
  }
 ELIFECYCLE  Test failed. See above for more details.
