
> vantage_movers_server@1.0.0 test C:\Users\Pinda\Proyectos\vantage\vantage-main-server
> node --import tsx --import ./ops/test-setup.ts --test "src/**/*.test.ts" "api/queues/**/*.test.ts" "scripts/api/*.test.ts" "scripts/migrations/cancellation-correlation-snapshots.lib.test.ts" "scripts/migrations/wordpress-form-submission-receipts.lib.test.ts" "scripts/migrations/extension-user-roles-sales-backfill.lib.test.ts" "scripts/migrations/extension-user-roles-array.lib.test.ts" "scripts/migrations/form-lead-unknown-state-local.lib.test.ts" "scripts/prototypes/lead-conversion-and-granot-search/**/*.test.ts" "scripts/prototypes/job-number-timeline/**/*.test.ts"

✔ consumer accepts only { receipt_id } (4.9842ms)
✔ vercel.json registers queue/v2beta topic granot-lifecycle-events* (1.0279ms)
✔ consumer accepts only { job_id } (16.8967ms)
✔ vercel.json registers queue/v2beta topic sales-intelligence-events* (0.8169ms)
✔ loadVantageApiConfig requires VANTAGE_API_SECRET (2.1507ms)
✔ loadVantageApiConfig defaults to production and never echoes the secret (0.5857ms)
✔ production write guard (0.6393ms)
✔ buildVantageApiUrl joins path and query (0.5079ms)
✔ historical analysis stamps only surviving Booking job evidence (2.712ms)
✔ historical analysis leaves missing Booking links as remainder (0.4363ms)
✔ historical analysis does not infer a job from a Booking without job fields (0.3214ms)
✔ already-stamped historical rows are not remainder and are not reapplied (0.2872ms)
✔ inventory summary lists remainder ids only (1.7822ms)
✔ roles-array report maps leftover singular role per spec §3.3 (3.0313ms)
✔ already-has-roles rows do not bump token_version and will not apply (0.5709ms)
✔ roles-array summary counts convert versus already-has-roles (0.7154ms)
✔ sales backfill remaps the three production Employee emails and increments token_version (39.7147ms)
✔ sales backfill is a no-op when those emails are already Sales (0.5291ms)
✔ sales backfill leaves jbell, kylm, and ringram unchanged (0.6549ms)
✔ sales backfill summary counts remap versus leave-alone rows (1.7154ms)
✔ September 2026 window is the Florida-stamped calendar month (5.5843ms)
✔ filter is Form Leads in the month with a not_found state (1.7469ms)
✔ classify marks long_distance unknown-state rows for update (0.5476ms)
✔ classify skips rows that are already local (0.4074ms)
✔ summary counts needs_update versus already_local (0.5604ms)
✔ unique idempotency index is named and unique (3.2475ms)
✔ report-first index inventory names present vs missing (0.5859ms)
✔ CLI unknown flags fail closed (7.4052ms)
✔ CLI production gate (0.8647ms)
✔ CLI render requires --job-no (0.3345ms)
✔ CLI and load stay zero-mutation (1.6278ms)
✔ CLI render uses the production module (0.9828ms)
✔ Discover score (88.5679ms)
✔ activity grouping preserves every event id (75.6222ms)
✔ proof notes alias Job Numbers and pick required shapes (31.0083ms)
✔ collection count deltas stay empty when counts match (2.1891ms)
✔ percentile uses the ceiling rank (0.4873ms)
✔ observation Job filter remaps equivalentNormalizedJobFilter onto identity.normalized_job_no (15.3067ms)
✔ successful text is accepted, sent, or delivered (2.7387ms)
✔ conversion rate is zero when the cohort is empty (2.4333ms)
✔ two successful messages for one Lead count once (0.5944ms)
✔ SMS booked rate is booked among successfully texted Leads, not all Leads (1.4049ms)
✔ receiver-agent booked and cancelled both use received Leads as the denominator (0.8127ms)
✔ blank Job Number is rejected before any search (2.8342ms)
✔ Booked / Releas without booking_status_changed is rejected (2.0058ms)
✔ equivalent Job Numbers resolve to the same hit set (45.2856ms)
✔ event class keeps route_event_class, not payload event_type aliases (0.8577ms)
✔ booking_status_changed Booked and Releas are two granularities (0.6625ms)
✔ Priority 5 is not Booked (0.3719ms)
✔ latest Decision attempt only, and commands attach by observation provenance (0.4511ms)
✔ a command on another Job does not leak into this Job's timeline seed (2.2108ms)
✔ matching roles set authenticates even when order differs (1.8529ms)
✔ set mismatch, missing roles, missing version, email drift, inactive, and deleted fail (0.4751ms)
✔ leftover employee stored role matches Sales plus Customer Service claims (0.3369ms)
✔ refresh rejects a stale token_version (0.3812ms)
✔ issueTokens writes roles and token_version onto the access token (15.1096ms)
✔ PublicExtensionUser is id, email, and roles (0.8667ms)
✔ getExtensionUserFromAccessToken uses the matcher through an injected lookup (3.4024ms)
✔ access token includes roles and token_version (10.3608ms)
✔ singular role tokens and missing claims fail access verify (4.5144ms)
✔ isAccessTokenPayload requires current roles and numeric token_version (0.5165ms)
✔ refresh token still signs and verifies sub plus token_version (2.362ms)
✔ hasExtensionRole Owner checks pass for Owner unions and fail for Sales plus Customer Service (0.5261ms)
✔ lead sheet headers include booked date on Forms and Calls tabs (1.8289ms)
✔ call sheet headers omit owner-hidden descriptive and location columns (0.4003ms)
✔ lead sheet configuration includes duplicate and form fill surfaces (0.2998ms)
✔ source label mapping accepts Granot compact BestRelocation labels (0.3754ms)
✔ top10_leads sheet label is Top 10 Forms while legacy labels still resolve (0.5064ms)
✔ 10 Best inbound labels resolve to tbm_leads (0.31ms)
✔ GetMovers labels resolve to get_movers_leads (0.3378ms)
✔ Paid Overflow labels resolve to paid_overflow (0.272ms)
✔ lead sheet source company labels are precise by lead type (0.4986ms)
✔ getBookingReconciliationConfig defaults rematch reasons to matching_unavailable and no_match (3.42ms)
✔ parseBookingReconciliationReasons rejects unknown values (1.3506ms)
✔ getBookingReconciliationConfig reads configured delays and limits (0.8286ms)
{"level":"info","time":"2026-09-19T02:44:51.572Z","service":"vantage-main-server","env":"development","msg":"operations_registry.compatibility_read","observability_level":"info","category":"admin","workflow":"operations_registry"}
{"level":"info","time":"2026-09-19T02:45:11.668Z","service":"vantage-main-server","env":"development","msg":"operations_registry.compatibility_read","observability_level":"info","category":"admin","workflow":"operations_registry"}
{"level":"info","time":"2026-09-19T02:45:31.751Z","service":"vantage-main-server","env":"development","msg":"operations_registry.compatibility_read","observability_level":"info","category":"admin","workflow":"operations_registry"}
{"level":"info","time":"2026-09-19T02:45:51.791Z","service":"vantage-main-server","env":"development","msg":"operations_registry.compatibility_read","observability_level":"info","category":"admin","workflow":"operations_registry"}
✔ simple-rate sources return their configured CPL for both form and call leads (80335.4248ms)
{"level":"info","time":"2026-09-19T02:46:11.841Z","service":"vantage-main-server","env":"development","msg":"operations_registry.compatibility_read","observability_level":"info","category":"admin","workflow":"operations_registry"}
{"level":"info","time":"2026-09-19T02:46:31.871Z","service":"vantage-main-server","env":"development","msg":"operations_registry.compatibility_read","observability_level":"info","category":"admin","workflow":"operations_registry"}
{"level":"info","time":"2026-09-19T02:46:51.903Z","service":"vantage-main-server","env":"development","msg":"operations_registry.compatibility_read","observability_level":"info","category":"admin","workflow":"operations_registry"}
{"level":"info","time":"2026-09-19T02:47:11.939Z","service":"vantage-main-server","env":"development","msg":"operations_registry.compatibility_read","observability_level":"info","category":"admin","workflow":"operations_registry"}
{"level":"info","time":"2026-09-19T02:47:32.001Z","service":"vantage-main-server","env":"development","msg":"operations_registry.compatibility_read","observability_level":"info","category":"admin","workflow":"operations_registry"}
✔ best_relocation_leads splits form CPL by local vs long_distance but not call CPL (100232.3568ms)
✔ not_provided always reports CPL 0 without querying CplRate (30071.2698ms)
{"level":"info","time":"2026-09-19T02:48:22.148Z","service":"vantage-main-server","env":"development","msg":"operations_registry.compatibility_read","observability_level":"info","category":"admin","workflow":"operations_registry"}
{"level":"info","time":"2026-09-19T02:48:42.162Z","service":"vantage-main-server","env":"development","msg":"operations_registry.compatibility_read","observability_level":"info","category":"admin","workflow":"operations_registry"}
{"level":"info","time":"2026-09-19T02:49:02.193Z","service":"vantage-main-server","env":"development","msg":"operations_registry.compatibility_read","observability_level":"info","category":"admin","workflow":"operations_registry"}
✔ legacy source labels are normalized before CPL lookup (60090.6012ms)
{"level":"info","time":"2026-09-19T02:49:22.219Z","service":"vantage-main-server","env":"development","msg":"operations_registry.compatibility_read","observability_level":"info","category":"admin","workflow":"operations_registry"}
{"level":"info","time":"2026-09-19T02:49:32.224Z","service":"vantage-main-server","env":"development","msg":"operations_registry.compatibility_read","observability_level":"info","category":"admin","workflow":"operations_registry"}
✔ falls back to canonical defaults when Mongo is unreachable (20018.278ms)
✔ missing Redis URL or token returns a null client (3.1739ms)
✔ UPSTASH_* names construct a client and KV_* aliases do too (3.8931ms)
✔ read-only token, KV_URL, and REDIS_URL are not used for the client (0.7283ms)
✔ test runner never publishes Daily Operations Redis writes (0.8465ms)
✔ TEST_MODE also keeps Daily Operations Redis publish off (1.0492ms)
✔ missing credentials keep publish off even outside the TEST_MODE flag (0.6933ms)
✔ Redis stream key uses VERCEL_ENV production or preview, otherwise local (1.0929ms)
✔ collection names use the test prefix in the test runner (2.0081ms)
✔ parseEmployeeBookingAutoMatchRules preserves Exact Job Booking Attach order (4.4749ms)
✔ parseEmployeeBookingAutoMatchRules accepts none (0.7854ms)
✔ parseEmployeeBookingAutoMatchRules rejects duplicates (1.2103ms)
✔ parseEmployeeBookingAutoMatchRules rejects retired phone, LID, and email rules (0.6428ms)
✔ getEmployeeBookingMatchingConfig defaults to Exact Job Booking Attach (0.873ms)
✔ getEmployeeBookingMatchingConfig reads env values (0.6458ms)
✔ snapshotEmployeeBookingAutoMatchPolicy uses parsed config, not a raw env string (0.5978ms)
✔ Google service account env var name constants match the production / test names (1.7825ms)
✔ Google service account env var selectors swap to the *_TEST_* names in test mode (2.4124ms)
✔ completion redirect must match configured trusted admin origin (2.6058ms)
✔ localhost completion redirect is rejected in production (0.486ms)
✔ production detection follows NODE_ENV and VERCEL_ENV (4.1501ms)
✔ owner email allowlist keeps the primary identity and unions extras (3.649ms)
✔ owner email allowlist rejects blank or duplicate extras (0.5689ms)
✔ [AC-31] foundation execution mode is historical without activation and permanent before cutoff (2.3648ms)
✔ [AC-31] foundation channel never changes execution mode (0.5988ms)
✔ lifecycle flags default to processing true, shadow true, and all effects false (1.6736ms)
✔ malformed lifecycle flag values fail closed (0.8809ms)
✔ blank Granot webhook secret is treated as missing configuration (2.5213ms)
✔ lifecycle queue topic is environment scoped (0.9263ms)
✔ lifecycle queue publishing stays off in the test runner and unapproved environments (0.8818ms)
✔ lead messaging mode defaults invalid and missing values to disabled (3.4771ms)
✔ lead messaging credentials use only definite environment variables (2.7173ms)
✔ lead messaging queue topic is environment scoped and test-safe (1.844ms)
✔ Granot create-if-missing SMS stays off unless the env flag is an explicit boolean true (4.2441ms)
✔ quiet-hours scheduling is off unless the env flag is exactly true (1.4292ms)
✔ lead messaging abuse guards have safe defaults and env overrides (5.3082ms)
✔ a successful confirmation text is accepted, sent, or delivered (15.6241ms)
✔ observability is disabled inside the test runner even with opt-in flags (3.6024ms)
✔ node test runner disables observability writes even when explicitly allowed (0.9472ms)
✔ bootstrap test runner marker survives env cleanup (1.1238ms)
✔ ALLOW_TEST_OBSERVABILITY is ignored on Vercel runtimes (3.6873ms)
✔ zip-state and auth capture flags are off while observability is disabled (1.242ms)
✔ node test runner always forces test observability collections (1.2376ms)
✔ write mode parses values while test runner still blocks collection writes (1.4716ms)
✔ collection names follow runtime TEST_MODE by default (0.8444ms)
✔ collection mode production/test override TEST_MODE (0.7902ms)
✔ collection prefix is applied to default names (0.8056ms)
✔ custom collection mode cannot override forced test collections in the test runner (1.9154ms)
✔ event min level and info capture gate persistence (0.8972ms)
✔ owner-visible info events can bypass general info suppression (0.6854ms)
✔ email mode defaults to log_only and immediate levels default to critical (0.9882ms)
✔ owner events parse from csv (0.555ms)
✔ config validation keeps test collections under custom mode in the test runner (0.7654ms)
✔ Google reporting delivery kill switch is fail-closed (2.2734ms)
✔ Google reporting delivery kill switch accepts only explicit true (0.5804ms)
✔ isTestMode is true only for the literal string 'true' after trim/lowercasing (2.7101ms)
✔ shouldWriteSourceLeadSheets is false by default and only true for the literal 'true' (1.0011ms)
✔ getMongoDatabaseName swaps between the prod and test databases on TEST_MODE (0.7349ms)
✔ getRuntimeSheetContainerEnvVar prefixes TEST_ in test mode and is identity otherwise (0.5386ms)
✔ getRequiredEnv throws when the env var is missing or blank, with the var name in the message (1.3364ms)
✔ sheet container id helpers route through the TEST_-prefixed env var in test mode (1.047ms)
✔ getSourceLeadSheetContainerId returns undefined for not_provided (no source sheet env var) (0.2509ms)
✔ getSourceLeadSheetContainerId returns undefined for paid_overflow (Master Sheets only) (0.2518ms)
✔ getSheetSyncMode defaults to legacy and parses known values (3.0059ms)
✔ queue topic is env-scoped and overridable (1.0336ms)
✔ budgets default below documented Google limits and parse overrides (1.2946ms)
✔ drain guardrails default to fast queue draining and parse overrides (1.0879ms)
✔ shouldPublishSheetSyncQueue stays off outside production Vercel (8.4773ms)
✔ isVercelFunctionRuntimeEnv requires hosted runtime markers (2.0218ms)
✔ shouldPublishSheetSyncQueue is always off during the test runner (0.944ms)
✔ shouldPublishSheetSyncQueue keeps test runner guard after env cleanup (0.5872ms)
✔ coalescing keys follow the design doc shape (0.8828ms)
✔ delete resources supersede their matching upsert keys (0.9962ms)
✔ priority ordering: deletes > booking > cancellation > create > update (0.9618ms)
✔ maps Initial Price cubic feet onto the Drop Downs Linehaul ranges (1.8286ms)
✔ treats Binding Estimate Fee as automatic, not an owner dropdown (0.5075ms)
✔ rules for a Service stay inside that Service (1.4233ms)
{"level":"info","time":"2026-09-19T02:44:31.591Z","service":"vantage-main-server","env":"development","msg":"logger.test.circular","data":{"name":"ring","self":"[Circular]"}}
✔ logger does not throw when an object passed to info() contains a circular reference (3.4687ms)
✔ logger does not throw when an object passed to info() contains BigInt values (0.6053ms)
✔ logger does not throw when err key is a non-Error value (0.8683ms)
✔ logger does not throw when given undefined or null payloads (0.4997ms)
✔ logger exposes the pino API the codebase relies on (0.3609ms)
{"level":"info","time":"2026-09-19T02:44:31.595Z","service":"vantage-main-server","env":"development","msg":"logger.test.bigint","pos":1234567890123456789,"neg":-9876543210123456789}
{"level":"error","time":"2026-09-19T02:44:31.596Z","service":"vantage-main-server","env":"development","err":"plain string error","msg":"logger.test.string_err"}
{"level":"error","time":"2026-09-19T02:44:31.596Z","service":"vantage-main-server","env":"development","err":{"code":"E_BAD","details":{"a":1}},"msg":"logger.test.object_err"}
{"level":"error","time":"2026-09-19T02:44:31.596Z","service":"vantage-main-server","env":"development","err":null,"msg":"logger.test.null_err"}
{"level":"error","time":"2026-09-19T02:44:31.596Z","service":"vantage-main-server","env":"development","msg":"logger.test.undefined_err"}
{"level":"info","time":"2026-09-19T02:44:31.596Z","service":"vantage-main-server","env":"development","msg":"plain string message"}
{"level":"info","time":"2026-09-19T02:44:31.596Z","service":"vantage-main-server","env":"development","msg":"logger.test.empty"}
{"level":"warn","time":"2026-09-19T02:44:31.597Z","service":"vantage-main-server","env":"development","msg":"logger.test.warn_no_data"}
✔ requireApiSecret accepts the global API secret on any v1 route (4.5092ms)
✔ requireApiSecret accepts a source-scoped key for its configured route (3.1183ms)
✔ requireApiSecret accepts a source-scoped key for configured call lead route (1.4627ms)
✔ requireApiSecret rejects a scoped key on a different route (4.5474ms)
✔ requireApiSecret rejects a scoped key for a different source company (1.5264ms)
✔ requireApiSecret rejects Sales plus Customer Service Bearer on form-lead data routes (2.0213ms)
✔ requireApiSecret allows Sales plus Customer Service Bearer on Tariff Adjustment Submit (14.1643ms)
✔ requireApiSecret rejects Sales-only Bearer on tariff, form-lead, and Enrichment apply routes (1.6057ms)
✔ requireApiSecret allows Customer Service Bearer on Tariff Adjustment Submit (2.1119ms)
✔ requireApiSecret rejects Customer Service Bearer on form-lead data routes (2.2977ms)
✔ requireApiSecret allows Owner Bearer on Tariff Adjustment Submit (4.7862ms)
✔ requireApiSecret rejects unknown secrets (9.48ms)
✔ [AC-01] both valid secrets store header_secret and still validate the body (6.0181ms)
✔ [AC-01] one valid form authenticates; missing, wrong, nonscalar, and mismatched dual secrets do not (1.2621ms)
✔ [AC-01][AC-35] middleware deletes the body credential before 500, 401, and success (2.5801ms)
✔ [AC-01] nonscalar header or body forms are unauthorized and still strip the body key (0.7386ms)
✔ [AC-01][AC-35] delete helper removes the body credential without exposing it (1.3646ms)
✔ [AC-08][AC-12] CallLead defaults quoted/post_to_granot false and has exact provenance paths (37.6364ms)
✔ [AC-12] Call quoted and ingested snapshot/origin are immutable after insert (5.5122ms)
✔ [AC-12] new Call rows reject legacy_unknown and malformed provenance (29.4795ms)
✔ [AC-12] CallLead receiver-agent enum gains granot_username_match (0.7616ms)
✔ [AC-07] CallLead declares the three exact S08 indexes and no unique Lead Job index (3.4381ms)
✔ [AC-14] RingCentral original caller evidence is required and immutable (10.4272ms)
✔ CancelledLead persists the four correlation snapshot fields (21.6152ms)
✔ CancelledLead correlation snapshots are immutable after insert (11.6902ms)
✔ CancelledLead snapshot index is named and not auto-unique (1.7648ms)
✔ [AC-21] command execution model keeps unique origin/idempotency and command_id indexes (3.7426ms)
✔ [AC-32] origin enum accepts the four command origins and nested applied result (1.5885ms)
✔ [AC-21] legacy top-level refs/warnings derive the stored applied result without rewrite (0.8814ms)
✔ [AC-32] EntityChange model uses the named collection and four exact indexes (5.9436ms)
✔ [AC-32] EntityChange requires adjacent nonnegative revisions and matching changed_paths (35.0414ms)
✔ [AC-32] contact/address and delete fields are reference_only with no raw values (28.9863ms)
✔ [AC-32] EntityChange serialization omits payload, headers, secrets, and unmasked contact (25.426ms)
✔ [AC-32] EntityChange save and query hooks reject post-insert mutation (8.0356ms)
✔ [AC-10] [AC-11] FormLead declares exact origin, snapshot, job, and provenance paths (38.9558ms)
✔ [AC-03] Form Job Number is distinct from Tracking Reference ref_no (2.753ms)
✔ [AC-10] ingested Form snapshots and origin are immutable after insert (10.9498ms)
✔ [AC-10] new Form rows cannot use legacy_unknown or legacy_baseline (6.3055ms)
✔ [AC-07][AC-08] trusted Form may omit move size/date without inventing facts (25.2408ms)
✔ [AC-12] FormLead receiver-agent enum gains granot_username_match and keeps compatibility (0.331ms)
✔ [AC-07] FormLead declares the four exact S08 indexes and no unique Lead Job index (2.5233ms)
✔ [AC-38] GranotAutomationSource declares an optional CRM reference and non-unique lookup index (2.3323ms)
▶ GranotBookingDiscrepancy
  ✔ [AC-26][AC-35][AC-36] fixes Booking reasons and exact partial indexes (3.5455ms)
  ✔ [AC-26][AC-36] rejects Release reasons and unsafe resolved/evidence mutation (36.3212ms)
✔ GranotBookingDiscrepancy (42.5982ms)
▶ GranotBookingReconciliationCase model
  ✔ [AC-20] declares the exact six named indexes and open partial uniqueness (4.2738ms)
  ✔ [AC-18] validates exact defaults, enums, evidence shape, and bounded context (31.7564ms)
  ✔ [AC-20] rejects mutation of existing evidence IDs and every resolved-row write (3.8204ms)
✔ GranotBookingReconciliationCase model (42.1382ms)
✔ GranotCrmSource keeps the operational CSV collection and model name (4.2964ms)
✔ legacy and new rows default to disabled deferred observation-only policy (16.4896ms)
✔ declares the three named lifecycle indexes without removing CSV uniqueness (2.1063ms)
✔ normalized labels use NFKC, trim, collapse, lowercase, and reject empty/control/bidi (0.8506ms)
✔ model writes reject illegal Call/Form/mixed/ambiguous routes (25.1391ms)
✔ referral_booking and deferred reject Lead routes and non-observation policies (6.6002ms)
✔ enabled source_scoped_lead requires active same-company matching-channel refs and policy version (2.5405ms)
✔ disabled rows may keep reviewed policy but still reject structurally illegal routes (0.6197ms)
✔ client-supplied normalized labels that disagree with the server fail closed (0.7159ms)
✔ [AC-31] Activation model is write-once with a unique key index (4.7026ms)
✔ [AC-31] Activation rejects unknown keys and post-insert mutation (35.655ms)
✔ [AC-05] Observation model uses the named collection and mongoose name (7.8083ms)
✔ [AC-05][AC-06][AC-25][AC-29] declares exactly six named indexes and unique receipt_id only (2.9433ms)
✔ [AC-05][AC-06][AC-25] frozen Observation enums are not widened (0.4188ms)
✔ [AC-05] Observation documents reject unknown kinds, results, and issue codes (38.4966ms)
✔ [AC-05] Observation documents omit processing, target, policy, and effect fields (4.2048ms)
✔ [AC-05] model save and query hooks reject post-insert Observation mutation (21.9096ms)
✔ [AC-02] receipt keeps the physical collection and mongoose model name (7.5768ms)
✔ [AC-02] declares only the five named Section 9.1 indexes (2.5988ms)
✔ [AC-02] unique operation-id index is partial and payload hash index is never unique (1.0608ms)
✔ [AC-02] webhook receipts require route_event_class and forbid channel_operation_kind (26.529ms)
✔ [AC-02] extension and automation receipts require operation kind and operation id (13.0882ms)
✔ [AC-02] operation-id validation rejects empty, overlong, control, bidi, and wrong-channel shapes (8.7636ms)
✔ [AC-02] last_error.message is capped at 500 characters (4.7397ms)
✔ [AC-02] legacy capture-shaped create is rejected after compatibility retirement (2.7377ms)
✔ [AC-02] model save rejects post-insert evidence mutation (20.4329ms)
✔ [AC-02] query updates reject non-processing operators and evidence paths (5.8617ms)
✔ [AC-02] replace and delete query hooks reject evidence mutation (8.5566ms)
✔ [AC-32] Record Link model declares the three named indexes including partial unique job (5.4537ms)
✔ [AC-32] Record Link establishment defaults and snapshot normalize back to the Job Number (19.5052ms)
✔ [AC-23][AC-32] disputed active links remain lookup-visible and correction supersession is narrowly allowlisted (3.7396ms)
✔ [AC-32] Record Link query hooks reject replace and delete (3.7968ms)
▶ GranotReleaseDiscrepancy
  ✔ [AC-27][AC-35][AC-36] fixes Release reasons and separate indexes (3.7249ms)
  ✔ [AC-27][AC-36] accepts only Release reason rows (36.9531ms)
✔ GranotReleaseDiscrepancy (42.7731ms)
▶ GranotReleaseReconciliationCase model
  ✔ [AC-25][AC-36] requires deterministic Booking identity and declares the five Release indexes (50.8711ms)
  ✔ [AC-35][AC-36] strips forbidden transport fields and enforces revisions plus immutable guards (18.4887ms)
✔ GranotReleaseReconciliationCase model (71.84ms)
✔ LeadConversation unique recording index is the only unique index (2.9116ms)
✔ LeadConversation schema declares the seven contract indexes (1.424ms)
✔ LeadConversation validates a complete seeded conversation (27.0325ms)
✔ LeadConversation rejects an invented match method (5.1764ms)
✔ LeadMessage validates normalized FormLead relationship and message snapshot (19.8913ms)
✔ LeadMessage unique SID index excludes unsent documents (0.9431ms)
✔ LeadMessage rejects unsupported lifecycle states (4.9336ms)
✔ LeadMessageRateLimit validates atomic reservation buckets (10.918ms)
✔ RingCentral assignments enforce one active assignment per route with a supported partial index (3.0831ms)
✔ [AC-02] Decision model uses the named collection and four named indexes (5.4842ms)
✔ [AC-02] Decision defaults empty arrays and rejects invented outcomes (21.156ms)
✔ [AC-02] Decision documents omit copied contact and payload fields (2.8826ms)
✔ [AC-28] Referral Decision preserves exact reviewed source policy without a Lead Source Scope (12.6615ms)
✔ [AC-02] Decision save and query hooks reject post-insert mutation (7.332ms)
✔ [AC-21] all four aggregates default to nonnegative integer domain_revision 0 (41.5724ms)
✔ [AC-21] invalid revisions and one-sided last-change metadata fail validation (147.8895ms)
✔ [AC-21] __v is not the lifecycle revision contract (46.3928ms)
✔ [AC-32] genuinely new aggregates receive a server history boundary and ignore client supply (46.1506ms)
✔ [AC-32] change_history_started_at is write-once outside the migration seam (25.0547ms)
✔ [AC-32] existing public/admin DTOs cannot set lifecycle revision metadata (43.1585ms)
✔ [AC-21] Booking unique normalized-Job index is named and is not a unique Lead Job index (5.9128ms)
✔ [AC-32] historical schemas remain readable and do not gain revision fields (1.0745ms)
✔ booking reconciliation cron requires CRON_SECRET (64.8114ms)
✔ booking reconciliation cron rejects wrong secret (20.173ms)
✔ Owner can read the conversation list without transcript text (111.1331ms)
✔ by-lead list does not include transcript or summary text (17.3828ms)
✔ Owner detail includes the redacted transcript (86.3174ms)
✔ audio-url writes an audit row and is Owner-only (23.9098ms)
✔ CPL correction drain requires configured cron authentication (124.3299ms)
✔ CPL correction drain rejects an invalid cron secret (16.8738ms)
✔ Owner snapshot includes yesterday_by_now, company zeros, and wordpress_form (85.5973ms)
✔ Admin without Owner is 403 on every Daily Operations method (133.4354ms)
✔ missing API secret is 401 (18.4987ms)
✔ events page is newest-first and forwards cursor, lane, and limit (20.0131ms)
✔ Owner live SSE emits snapshot then Redis event; lane query is ignored (24.3074ms)
✔ Owner live SSE with Last-Event-ID skips snapshot (10.686ms)
✔ Owner rebuild returns counters-replaced, events not deleted (13.4277ms)
✔ close cron rejects missing secret header and missing CRON_SECRET (67.2452ms)
✔ [AC-33] Form and Call apply routes remain registered on the v1 surface (8.0769ms)
✔ [AC-33] Owner Form apply captures a statement and never a quoted patch (174.1196ms)
✔ [AC-35] Admin, secret, and unauthenticated apply create no receipt (104.9495ms)
✔ [AC-02] strict Zod rejects unknown outer keys, invalid IDs, and booking action on snapshot apply (40.4571ms)
✔ [AC-33] Call enrichment accepts a bounded batch in input order and rejects duplicate operation IDs (51.9137ms)
✔ [AC-33] booked reconciliation permits only booking_action_apply (32.11ms)
✔ [AC-33] no extension apply path imports or invokes the legacy patch services (0.6177ms)
✔ [AC-35] validation errors omit raw statement values (8.4858ms)
✔ Owner can list Extension Users (230.0413ms)
✔ Admin cannot list, create, PATCH, or DELETE Extension Users (159.8776ms)
✔ Owner can create an Extension User with roles (25.5142ms)
✔ Owner cannot create an Extension User with empty roles or leftover employee (37.8355ms)
✔ create rejects an invalid payload and a duplicate email (65.1197ms)
✔ Owner can PATCH and DELETE an Extension User (30.6646ms)
✔ PATCH treats an empty password as omitted and requires another field (24.5972ms)
✔ unknown Extension User id is 404 and invalid ObjectId is 400 (77.0608ms)
✔ Granot automation exposes the durable admin run contract (4.4974ms)
✔ Granot run schema carries immutable plan and durable control fields (42.2638ms)
✔ Granot source catalog persists exact labels and ships all requested defaults (9.9777ms)
✔ Granot source schema requires one or two unique supported workflows (18.9044ms)
✔ [AC-35] run details project lifecycle receipt IDs without raw statements or payloads (71.0152ms)
✔ Granot queue contention defers to a durable continuation (2.3883ms)
✔ [AC-38] Granot CRM source update accepts create_if_missing and rejects client normalized labels (8.9307ms)
✔ [AC-38] Granot CRM source mutations require a 10-1000 character reason (1.9297ms)
✔ [AC-38] Registry projections and update schemas omit payload and contact fields (0.9735ms)
✔ Owner Granot create schema accepts one_feed intent and rejects unknown keys (4.4329ms)
✔ Owner Granot create schema rejects a short reason and raw lifecycle fields (1.1127ms)
✔ outbound SMS Owner schema no longer accepts daily_cap (1.2657ms)
✔ [AC-37] Owner requeue route returns 200 {ok:true,data} (180.9158ms)
✔ [AC-37] Admin without Owner cannot requeue (17.3388ms)
✔ [AC-37] invalid requeue body is GRANOT_VALIDATION_FAILED (27.8431ms)
✔ [AC-18] [AC-19] read list applies the exact default queue for Owner/Admin (25.2163ms)
✔ [AC-25][AC-35] read list forwards the explicit Release discriminants (11.0739ms)
✔ [AC-35] unsigned lifecycle reads are denied before projection (9.8238ms)
✔ [AC-35] strict case filters reject unknown keys with a safe 400 (5.7633ms)
✔ [AC-35] [AC-39] case detail has safe 404 and exact read envelope (15.2296ms)
✔ creating observation is Owner-only and returns the Booked statement for a booking case (14.7294ms)
✔ creating observation returns the Release statement for a cancellation intake (5.0199ms)
✔ [AC-35] candidate browser is Owner-only for source and all scope and performs a read (10.9388ms)
✔ [AC-40] Lead timeline validates model/ID and preserves generic missing Lead envelope (30.8966ms)
✔ [AC-20] Job timeline is readable by Admin and strictly bounds pagination (31.3349ms)
✔ [AC-35][AC-36] discrepancy list/detail are signed reads with strict filters (22.9326ms)
{"level":"info","time":"2026-09-19T02:44:48.788Z","service":"vantage-main-server","env":"development","msg":"granot_lifecycle.owner_command.applied","observability_level":"info","category":"admin","workflow":"granot_lifecycle"}
{"level":"info","time":"2026-09-19T02:44:48.816Z","service":"vantage-main-server","env":"development","msg":"granot_lifecycle.owner_command.applied","observability_level":"info","category":"admin","workflow":"granot_lifecycle"}
{"level":"info","time":"2026-09-19T02:44:48.817Z","service":"vantage-main-server","env":"development","msg":"granot_lifecycle.booking_discrepancy.resolved","observability_level":"info","category":"admin","workflow":"granot_lifecycle"}
{"level":"info","time":"2026-09-19T02:44:48.849Z","service":"vantage-main-server","env":"development","msg":"granot_lifecycle.owner_command.applied","observability_level":"info","category":"admin","workflow":"granot_lifecycle"}
{"level":"info","time":"2026-09-19T02:44:48.856Z","service":"vantage-main-server","env":"development","msg":"granot_lifecycle.booking_discrepancy.resolved","observability_level":"info","category":"admin","workflow":"granot_lifecycle"}
✔ [AC-23][AC-36] discrepancy commands are Owner-only, strict, and route-own identity (120.609ms)
{"level":"info","time":"2026-09-19T02:44:48.891Z","service":"vantage-main-server","env":"development","msg":"granot_lifecycle.owner_command.applied","observability_level":"info","category":"admin","workflow":"granot_lifecycle"}
{"level":"info","time":"2026-09-19T02:44:48.892Z","service":"vantage-main-server","env":"development","msg":"granot_lifecycle.booking_case.resolved","observability_level":"info","category":"admin","workflow":"granot_lifecycle"}
✔ [AC-21] [AC-22] Owner confirm route requires one idempotency header and returns 201 (23.7703ms)
✔ [AC-22] Admin cannot invoke confirm Booking (25.7677ms)
{"level":"info","time":"2026-09-19T02:44:48.954Z","service":"vantage-main-server","env":"development","msg":"granot_lifecycle.owner_command.applied","observability_level":"info","category":"admin","workflow":"granot_lifecycle"}
{"level":"info","time":"2026-09-19T02:44:48.955Z","service":"vantage-main-server","env":"development","msg":"granot_lifecycle.booking_case.resolved","observability_level":"info","category":"admin","workflow":"granot_lifecycle"}
✔ [AC-21] [AC-24] Owner update route is strict, idempotent-envelope only, and returns 200 (46.713ms)
{"level":"info","time":"2026-09-19T02:44:49.014Z","service":"vantage-main-server","env":"development","msg":"granot_lifecycle.owner_command.applied","observability_level":"info","category":"admin","workflow":"granot_lifecycle"}
{"level":"info","time":"2026-09-19T02:44:49.015Z","service":"vantage-main-server","env":"development","msg":"granot_lifecycle.booking_case.resolved","observability_level":"info","category":"admin","workflow":"granot_lifecycle"}
✔ [AC-28] Owner Referral create route accepts only revision plus official fields (56.2099ms)
{"level":"info","time":"2026-09-19T02:44:49.049Z","service":"vantage-main-server","env":"development","msg":"granot_lifecycle.owner_command.applied","observability_level":"info","category":"admin","workflow":"granot_lifecycle"}
{"level":"info","time":"2026-09-19T02:44:49.050Z","service":"vantage-main-server","env":"development","msg":"granot_lifecycle.booking_case.resolved","observability_level":"info","category":"admin","workflow":"granot_lifecycle"}
✔ [AC-20] [AC-32] Owner No Action accepts optional reason metadata and Admin is denied (29.5509ms)
{"level":"info","time":"2026-09-19T02:44:49.080Z","service":"vantage-main-server","env":"development","msg":"granot_lifecycle.owner_command.applied","observability_level":"info","category":"admin","workflow":"granot_lifecycle"}
{"level":"info","time":"2026-09-19T02:44:49.081Z","service":"vantage-main-server","env":"development","msg":"granot_lifecycle.booking_case.resolved","observability_level":"info","category":"admin","workflow":"granot_lifecycle"}
{"level":"warn","time":"2026-09-19T02:44:49.094Z","service":"vantage-main-server","env":"development","msg":"granot_lifecycle.owner_command.conflict","observability_level":"warn","category":"admin","workflow":"granot_lifecycle"}
{"level":"warn","time":"2026-09-19T02:44:49.110Z","service":"vantage-main-server","env":"development","msg":"granot_lifecycle.owner_command.conflict","observability_level":"warn","category":"admin","workflow":"granot_lifecycle"}
✔ [AC-R9] Owner booking-case confirm-cancellation succeeds and rejects create-missing posture (60.8381ms)
{"level":"info","time":"2026-09-19T02:44:49.131Z","service":"vantage-main-server","env":"development","msg":"granot_lifecycle.owner_command.applied","observability_level":"info","category":"admin","workflow":"granot_lifecycle"}
{"level":"info","time":"2026-09-19T02:44:49.132Z","service":"vantage-main-server","env":"development","msg":"granot_lifecycle.release_case.resolved","observability_level":"info","category":"admin","workflow":"granot_lifecycle"}
{"level":"info","time":"2026-09-19T02:44:49.140Z","service":"vantage-main-server","env":"development","msg":"granot_lifecycle.owner_command.applied","observability_level":"info","category":"admin","workflow":"granot_lifecycle"}
{"level":"info","time":"2026-09-19T02:44:49.141Z","service":"vantage-main-server","env":"development","msg":"granot_lifecycle.release_case.resolved","observability_level":"info","category":"admin","workflow":"granot_lifecycle"}
{"level":"info","time":"2026-09-19T02:44:49.158Z","service":"vantage-main-server","env":"development","msg":"granot_lifecycle.owner_command.applied","observability_level":"info","category":"admin","workflow":"granot_lifecycle"}
{"level":"info","time":"2026-09-19T02:44:49.159Z","service":"vantage-main-server","env":"development","msg":"granot_lifecycle.release_case.resolved","observability_level":"info","category":"admin","workflow":"granot_lifecycle"}
✔ [AC-25] [AC-32] Release Owner routes are strict, idempotent, and use exact statuses (41.4552ms)
✔ Owner can search webhook receipts; Admin cannot; unsigned is denied (37.6832ms)
✔ receipt search booking_action=release with lead_created is 400; booking_action alone implies booking_status_changed (16.4981ms)
✔ Owner can open the live webhook SSE stream; Admin cannot (41.0055ms)
✔ [AC-31][AC-35] Owner and Admin can read the health envelope without raw payload keys (28.8496ms)
✔ returns 500 when CRON_SECRET is not configured (61.4409ms)
✔ returns 401 when the secret does not match (12.5743ms)
{"level":"info","time":"2026-09-19T02:44:50.465Z","service":"vantage-main-server","env":"development","msg":"granot_lifecycle.cron.run.completed","trigger":"cron","skipped":false,"scanned":1,"claimed":1,"completed":1,"retried":0,"dead_lettered":0,"recovered":0,"lease_lost":0}
{"level":"info","time":"2026-09-19T02:44:50.467Z","service":"vantage-main-server","env":"development","msg":"granot_lifecycle.cron.run.completed","observability_level":"info","category":"cron","workflow":"granot_lifecycle"}
✔ processing-enabled cron returns a bounded summary and no payload values (28.5793ms)
✔ vercel.json registers the five-minute lifecycle drain cron (8.9735ms)
✔ [AC-01] missing configuration returns 500 and reaches neither capture nor publisher (128.4984ms)
✔ [AC-01] missing, wrong, nonscalar, and mismatched dual secrets return exact 401 and create no receipt (66.714ms)
✔ [AC-01][AC-35] JSON body, form body, and header secrets authenticate and strip the credential before capture (75.6136ms)
✔ [AC-01] both valid secrets attach header_secret after the body is also validated (6.7594ms)
✔ [AC-02] unused Granot field additions or omissions are captured as-is and still return 202 (6.5885ms)
✔ [AC-02] capture happens before 202 and uses the invoked route class (27.0389ms)
{"level":"error","time":"2026-09-19T02:44:48.466Z","service":"vantage-main-server","env":"development","msg":"granot_lifecycle.capture.failed","error_code":"technical_failure","observation_channel":"granot_webhook","route_event_class":"priority_updated"}
{"level":"error","time":"2026-09-19T02:44:48.468Z","service":"vantage-main-server","env":"development","msg":"granot_lifecycle.capture.failed","observability_level":"error","category":"mongo","workflow":"granot_lifecycle_capture"}
✔ [AC-01] capture failure returns safe 503, creates no publish, and stays distinct from queue failure (10.743ms)
{"level":"error","time":"2026-09-19T02:44:48.488Z","service":"vantage-main-server","env":"development","msg":"granot_lifecycle.queue.publish_failed","error_code":"technical_failure","receipt_id":"rece…pt-2","observation_channel":"granot_webhook","route_event_class":"lead_created"}
✔ [AC-02] publish failure cannot change 202 or the accepted receipt (20.8543ms)
✔ Owner Job Number timeline read returns the assembler DTO (93.7916ms)
✔ Admin cannot read the owner Job Number timeline (14.1825ms)
✔ typed miss returns not_found without an event list (38.2265ms)
✔ Owner recent official booking examples return only Job Numbers (11.064ms)
{"level":"error","time":"2026-09-19T02:44:51.706Z","service":"vantage-main-server","env":"development","err":{"type":"Error","message":"mongo connection string leaked","stack":"Error: mongo connection string leaked\n    at read (C:\\Users\\Pinda\\Proyectos\\vantage\\vantage-main-server\\src\\routes\\job-number-timeline-admin.routes.test.ts:205:15)\n    at <anonymous> (C:\\Users\\Pinda\\Proyectos\\vantage\\vantage-main-server\\src\\routes\\job-number-timeline-admin.routes.ts:85:26)\n    at process.processTicksAndRejections (node:internal/process/task_queues:104:5)"},"request_id":"req-jnt-1789785891699","msg":"job-number-timeline.admin.unhandled"}
✔ unhandled timeline read failure does not echo error.message (20.017ms)
✔ Admin cannot read recent official booking examples (13.7294ms)
✔ lead-source-setups schema rejects unknown keys and derived internals (11.7239ms)
✔ lead-source-setups schema requires a 10-1000 character reason (23.9765ms)
✔ projection query schemas reject unknown keys (2.5206ms)
✔ error envelope parity uses RegistryError.toHttpBody and Zod unrecognized keys (4.128ms)
✔ returns 500 when CRON_SECRET is not configured (64.8921ms)
✔ returns 401 when the cron secret does not match (15.5503ms)
✔ accepts the x-cron-secret header (10.6057ms)
✔ [AC-17] a disabled Call Log sync never claims the lease (12.3124ms)
✔ [AC-17] lease contention is a bounded skip, not an HTTP 500 (15.6778ms)
✔ [AC-17] a successful run returns the bounded lease/cursor summary (35.1282ms)
{"level":"error","time":"2026-09-19T02:44:53.063Z","service":"vantage-main-server","env":"development","msg":"ringcentral.cron.call_log_sync.failed","errorName":"Error"}
✔ [AC-17] a genuine failure stays safe and non-sensitive (30.6321ms)
✔ [AC-17] vercel.json schedules the Call Log sync every 30 minutes (3.3853ms)
✔ CSI-04 admin routes: Owner guard, flag-off 404, scope, validation, idempotency, error mapping; reads never call a writer (484.4402ms)
✔ admin router is mounted in v1.routes.ts after the CSI boundary router (1.2897ms)
✔ real v1 guard + CSI boundary keeps Owner and scoped service authority separate (490.4552ms)
✔ CSI cron routes: cron auth, flag-off and lease_held skips, never a provider body (433.7105ms)
{"level":"error","time":"2026-09-19T02:45:02.847Z","service":"vantage-main-server","env":"development","msg":"sales_intelligence.cron.call_log_reconcile.failed","errorName":"Error"}
✔ CSI cron routes: a throwing service maps to a bounded 500 without provider content (90.5529ms)
✔ vercel.json registers the CSI-03 crons and the queue consumer trigger (a handler file alone is not registration) (1.2468ms)
✔ app.ts mounts the CSI cron router before the v1 guard like the other cron routers (0.658ms)
✔ returns 500 when CRON_SECRET is not configured (112.4864ms)
✔ returns 401 when the secret does not match (9.7436ms)
✔ skips the drain (no DB work) when mode is not queued (15.1143ms)
✔ accepts a bearer token matching CRON_SECRET (9.5893ms)
✔ source label mapping create rejects unknown keys (5.4638ms)
✔ source label mapping create rejects a client-supplied normalized_label (1.018ms)
✔ source label mapping mutations require a 10-1000 character reason (2.641ms)
✔ label resolution preview rejects unknown keys and is read-only shape (1.4264ms)
✔ error envelope parity uses RegistryError.toHttpBody and Zod unrecognized keys (2.6535ms)
{"level":"info","time":"2026-09-19T02:44:56.851Z","service":"vantage-main-server","env":"development","msg":"tariff_adjustment.append.succeeded","actor_kind":"user","actor_role":"owner","actor_email":"owner@example.invalid","appended":2,"tab_name":"Master"}
✔ Owner can append two Tariff Adjustment rows (220.0493ms)
{"level":"info","time":"2026-09-19T02:44:56.908Z","service":"vantage-main-server","env":"development","msg":"tariff_adjustment.append.succeeded","actor_kind":"user","actor_role":"sales+customer_service","actor_email":"employee@example.invalid","appended":2,"tab_name":"Master"}
✔ Employee can append two Tariff Adjustment rows (14.0206ms)
{"level":"info","time":"2026-09-19T02:44:56.917Z","service":"vantage-main-server","env":"development","msg":"tariff_adjustment.append.succeeded","actor_kind":"user","actor_role":"customer_service","actor_email":"customer_service@example.invalid","appended":2,"tab_name":"Master"}
✔ Customer Service can append two Tariff Adjustment rows (8.0755ms)
{"level":"info","time":"2026-09-19T02:44:56.925Z","service":"vantage-main-server","env":"development","msg":"tariff_adjustment.append.succeeded","actor_kind":"secret","appended":2,"tab_name":"Master"}
✔ x-api-secret actors can append two Tariff Adjustment rows (6.9284ms)
{"level":"warn","time":"2026-09-19T02:44:56.936Z","service":"vantage-main-server","env":"development","msg":"tariff_adjustment.append.failed","actor_kind":"user","actor_role":"sales+customer_service","actor_email":"employee@example.invalid","error":"[\n  {\n    \"code\": \"unrecognized_keys\",\n    \"keys\": [\n      \"job_no\"\n    ],\n    \"path\": [],\n    \"message\": \"Unrecognized key: \\\"job_no\\\"\"\n  }\n]"}
✔ rejects customer and job identifiers (13.1206ms)
{"level":"info","time":"2026-09-19T02:44:56.960Z","service":"vantage-main-server","env":"development","msg":"tariff_adjustment.append.succeeded","actor_kind":"user","actor_role":"owner","actor_email":"owner@example.invalid","appended":2,"tab_name":"Master"}
✔ stamps today's date when effective_date is omitted (23.7325ms)
{"level":"info","time":"2026-09-19T02:44:56.969Z","service":"vantage-main-server","env":"development","msg":"tariff_adjustment.append.succeeded","actor_kind":"user","actor_role":"owner","actor_email":"owner@example.invalid","appended":1,"tab_name":"Master"}
✔ Owner can append a Linehaul-only payload (7.507ms)
{"level":"info","time":"2026-09-19T02:44:56.994Z","service":"vantage-main-server","env":"development","msg":"tariff_adjustment.append.succeeded","actor_kind":"user","actor_role":"owner","actor_email":"owner@example.invalid","appended":2,"tab_name":"Master"}
✔ Owner can append Linehaul plus an owner-written service (32.7808ms)
{"level":"info","time":"2026-09-19T02:44:57.025Z","service":"vantage-main-server","env":"development","msg":"tariff_adjustment.append.succeeded","actor_kind":"user","actor_role":"owner","actor_email":"owner@example.invalid","appended":3,"tab_name":"Master"}
✔ Owner can append three matching rows (26.1794ms)
{"level":"warn","time":"2026-09-19T02:44:57.045Z","service":"vantage-main-server","env":"development","msg":"tariff_adjustment.append.failed","actor_kind":"user","actor_role":"owner","actor_email":"owner@example.invalid","error":"[\n  {\n    \"origin\": \"array\",\n    \"code\": \"too_small\",\n    \"minimum\": 1,\n    \"inclusive\": true,\n    \"path\": [\n      \"rows\"\n    ],\n    \"message\": \"Too small: expected array to have >=1 items\"\n  },\n  {\n    \"code\": \"custom\",\n    \"path\": [\n      \"rows\"\n    ],\n    \"message\": \"rows must include at least one Linehaul\"\n  }\n]"}
✔ rejects an empty rows array (17.5318ms)
{"level":"warn","time":"2026-09-19T02:44:57.054Z","service":"vantage-main-server","env":"development","msg":"tariff_adjustment.append.failed","actor_kind":"user","actor_role":"owner","actor_email":"owner@example.invalid","error":"[\n  {\n    \"code\": \"custom\",\n    \"path\": [\n      \"rows\"\n    ],\n    \"message\": \"rows must include at least one Linehaul\"\n  }\n]"}
✔ rejects a payload with no Linehaul row (5.957ms)
{"level":"warn","time":"2026-09-19T02:44:57.060Z","service":"vantage-main-server","env":"development","msg":"tariff_adjustment.append.failed","actor_kind":"user","actor_role":"owner","actor_email":"owner@example.invalid","error":"[\n  {\n    \"code\": \"custom\",\n    \"path\": [\n      \"rows\"\n    ],\n    \"message\": \"pickup_zone must be identical on all Tariff Adjustment rows\"\n  }\n]"}
✔ rejects three rows with a mismatched pickup_zone (6.3969ms)
✔ Operations Registry entities expose complete lifecycle CRUD surfaces (4.5292ms)
✔ GET /api/v1/admin/agents is browse only — catalog list is /catalog/agents (0.6945ms)
✔ admin analytics receiver-agent reports have GET routes (0.6435ms)
✔ Owner Extension User routes are registered (0.9446ms)
✔ Owner conversation read routes are registered (1.0821ms)
✔ employee booking reconciliation routes are registered (0.6359ms)
✔ Tariff Adjustment Submit route is registered (0.8588ms)
✔ Granot form-lead resolution route is registered before the id route (0.9194ms)
✔ Granot sync expected filter enforces fill-only and empty receiver fields (3.0103ms)
✔ Lead Source projection and setup routes are registered next to overview (2.5959ms)
✔ legacy CPL rates remain read-only after temporal schedule cutover (0.5148ms)
✔ temporal CPL schedule and correction routes are registered (0.3589ms)
✔ admin browse builds filters, pagination, sorting, and response shape (45.728ms)
✔ admin form lead browse q includes snapshot contact paths (16.7566ms)
✔ admin form lead browse name email and phone include snapshot paths (2.4844ms)
✔ admin duplicate form lead browse uses the same contact paths (2.0475ms)
✔ admin form lead browse excludes duplicates by default (1.9962ms)
✔ admin form lead browse filters past move dates relative to timestamp (5.7491ms)
✔ admin form lead browse can invert the past move date filter (1.5886ms)
✔ admin form lead browse filters receiver agent by ObjectId equality (5.3011ms)
✔ admin form lead browse matches source_granularity_key exactly and does not substring-match source_company (5.6169ms)
✔ admin form lead browse still accepts source_company as bookmark compatibility (2.0162ms)
✔ admin booked lead browse filters source company slugs on the source field (2.513ms)
✔ admin booked lead browse resolves legacy source company labels onto source (1.0963ms)
✔ admin booked lead browse filters leadless bookings (2.5088ms)
✔ admin agents browse returns metrics for list rows (3.7212ms)
✔ admin agents browse applies date range to booked lead metrics (3.923ms)
✔ admin agents browse matches catalog names case-insensitively (8.0391ms)
✔ admin agents browse matches allocations on normalized_name when display name differs (1.064ms)
✔ admin agents browse returns zero metric fields for agents without bookings (0.906ms)
✔ admin form lead browse can filter to duplicates only (0.8029ms)
✔ admin call lead browse q and phone include snapshot contact paths (1.3336ms)
✔ admin call lead browse Manual attach filters (name/email/phone without q) include snapshot paths (1.3802ms)
✔ admin call lead browse excludes duplicates by default (1.9782ms)
✔ admin call lead browse can filter to duplicates only (3.859ms)
✔ admin form lead browse no_sync true is exact true, not presence (3.9173ms)
✔ admin form lead browse no_sync false uses $ne true so missing-field rows count (1.3986ms)
✔ admin form lead browse omit does not mention no_sync (1.4029ms)
✔ admin call lead browse no_sync true is exact true, not presence (0.8797ms)
✔ admin call lead browse no_sync false uses $ne true so missing-field rows count (0.9034ms)
✔ admin call lead browse omit does not mention no_sync (1.2695ms)
✔ admin detail lookup returns normalized production record (1.6868ms)
✔ admin agent detail returns metrics consistent with browse enrichment (18.0958ms)
✔ admin historical browse uses historical models and remains read-only (1.6626ms)
✔ global admin search form leads include Granot snapshot contact paths (8.6921ms)
✔ global admin search returns grouped results (1.8136ms)
✔ admin agents export includes booking metric columns (3.8148ms)
✔ admin CSV export uses browse rows and escapes CSV body (13.7079ms)
✔ csv helper emits text/csv-compatible header and rows (0.5775ms)
✔ getAdminFacets production builds a structured catalog from first-class collections (32.8969ms)
✔ getAdminFacets historical builds distinct rows and overlays production identity (8.8413ms)
✔ getAdminFacets historical empty granularity distincts do not fail (3.3466ms)
✔ getAdminFacets combined keeps registry owner_label and historical-only extras (3.8267ms)
✔ registry facets invalidation evicts the production and historical catalog caches (39.2645ms)
✔ getSheetSyncHealth aggregates job counts and derives backlog age (3.9559ms)
✔ listSheetSyncJobs builds a filtered, paginated query (8.7632ms)
✔ retrySheetSyncJobs re-queues failed jobs by default and reports the count (4.1203ms)
✔ retrySheetSyncJobs starts an admin drain instead of publishing a queue wake-up (1.6092ms)
✔ retrySheetSyncJobs is a no-op when nothing matches (0.9181ms)
✔ agent browse metrics match keys are lowercased strings, not regexes (26.5552ms)
✔ agent browse metrics count distinct bookings and take this agent's binder share (2.3733ms)
✔ agent browse metrics date range filters book_date and skips Agent createdAt (2.2144ms)
✔ agent browse metrics omit a date match when from/to are absent (1.6862ms)
✔ lookupAgentBrowseMetrics uses name or normalized_name and returns zeros when unmatched (0.5398ms)
✔ even Binder split uses integer cents and gives the leftover cent to the primary Agent (8.4302ms)
✔ Best Relocation allocation resolves an existing inactive agent (4.1655ms)
✔ primary booking allocation becomes Best Relocation receiver attribution (1.3649ms)
✔ primary booking allocation does not replace existing receiver attribution (0.5102ms)
✔ automatic CRM username receiver matching excludes inactive Agents (4.2651ms)
✔ findAgentByGranotCrmUsername prefers embedded granot_identity username (4.0356ms)
✔ findAgentByGranotCrmUsername never reads the retained flat compatibility field (0.9096ms)
✔ CRM username receiver match never overwrites an existing receiver (1.5734ms)
✔ analytics validation accepts report filters and rejects invalid report names (35.3859ms)
✔ sourceGranularityMatch filters derived key only and wins over source_company (4.7935ms)
✔ analytics booked lead filters start with a leading date match (1.2946ms)
✔ booked lead source attribution falls back to the employee source snapshot (1.7735ms)
✔ leadMatch matches historical slug options and channel-scoped company slugs (5.6981ms)
✔ combined source analytics merge by stable text dimension instead of ids (2.1981ms)
✔ combined revenue trend merges rows by date period (1.0953ms)
✔ combined source analytics merge parent metrics and keep company-only extras as leaves (2.9348ms)
✔ combined receiver-agent analytics merge production rows and keep historical warning metadata (0.8962ms)
✔ combined SMS conversion merge keeps production rows and historical warning metadata (0.8261ms)
✔ analytics CSV export uses the selected report rows (8.0773ms)
✔ source hierarchy CSV rows emit leaves or a childless company, never both (0.4689ms)
✔ combined hierarchy CSV does not duplicate its production contribution (0.3087ms)
✔ lead cost excludes duplicate form leads and unmatched call leads (14.3691ms)
✔ overviewQuerySchema accepts database_scope (4.7111ms)
✔ rollingLast7DaysWindow spans seven days ending now (1.2855ms)
✔ mergeOverviewAllTime merges combined totals and clears production-only lead cost (2.3054ms)
✔ mergeOverviewAllTime keeps lead cost for production scope (1.7649ms)
✔ mergeOverviewAllTime clears lead cost for historical scope (0.8721ms)
✔ receiver-agent analytics use persisted CPL without rate-period status (29.8204ms)
✔ SMS booked rate uses successfully texted Leads as the denominator (2.9667ms)
✔ an empty texted-lead cohort is a zero rate, not missing data (0.8599ms)
✔ historical scope does not read Lead Messages (1.722ms)
✔ production SMS conversion matches successful statuses and official booked refs (5.7158ms)
✔ source hierarchy uses registry labels and rolls additive child metrics (5.8547ms)
✔ source hierarchy retains unknown granularity in parent totals (0.5921ms)
✔ source hierarchy folds normalized company and granularity collisions (0.7328ms)
✔ nestSourceCompanyRows seeds catalog children including zeros (1.0993ms)
✔ company-only source rows use domain labels and never create children (0.6291ms)
✔ historical source performance stays company-only without registry data (11.3848ms)
✔ historical funnel recomputes company rates and has no children (3.1585ms)
✔ normalizes observed sheet move sizes into the model enum (4.9955ms)
✔ restores leading zeroes dropped from formatted ZIP cells (2.0768ms)
✔ decodes Google Sheets serial timestamps as owner-facing UTC components (6.295ms)
✔ call parser accepts a combined Google Sheets serial timestamp (6.2102ms)
✔ parsers preserve source-row provenance and skip formula sentinels (24.1912ms)
✔ duplicate booking jobs collapse into split allocations without doubling deposit (15.2112ms)
✔ plan orders leads, attached booking, and cancellation with response bindings (16.4363ms)
✔ refund discovery keeps contradictory LID evidence below auto-cancel threshold (13.4492ms)
✔ live apply refuses to send the secret to an unpinned host (1.9787ms)
✔ booking preflight uses filtered admin lookup and skips an existing job (5.4333ms)
✔ call preflight recognizes the route's bare-array response (2.6734ms)
✔ unique Tracking Reference adopts the existing Form Lead and does not create (5.522ms)
✔ two Form Leads sharing a Tracking Reference become an ambiguous conflict (0.8156ms)
✔ phone + name + same New York day adopts when Tracking Reference misses (4.6967ms)
✔ two phone + name + date Form Leads conflict instead of creating (1.6096ms)
✔ no identity and no phone-name-date match stays a create (1.4872ms)
✔ pre-cutoff Form Leads are ignored by phone-name-date adoption (0.9446ms)
✔ canonical adoption remaps remaining creates and leaves receipt outcomes alone (2.4682ms)
✔ Best Relocation import capability requires the Best Relocation source (2.7725ms)
✔ ordinary booking requests do not receive import capability (0.371ms)
✔ Best Relocation call lookup is source-scoped before mutation (5.8108ms)
✔ Form Lead + id attaches with booking_origin owner_booking and no case (9.4769ms)
✔ Owner Call Lead unique job attaches with booking_origin owner_booking (6.0174ms)
✔ Owner Call Lead with no Call Lead row is pending owner_booking no_match (5.492ms)
✔ Owner Call Lead with two job matches is pending multiple_matches, not a 409 (0.8427ms)
✔ Best Relocation import Call Lead still uses the from-source resolver (1.7082ms)
✔ letter prefixes are equivalent to the same Granot digit core (3.2193ms)
✔ equivalent job filter matches exact, core, and letter-prefixed variants (2.2805ms)
✔ equivalent snapshot filter remaps to the indexed cancellation snapshot field (0.5312ms)
✔ atomic employee Lead claim does not rewrite the existing CPL (8.3318ms)
✔ concurrent booking claims allow only one booking to claim a lead (12.2475ms)
✔ reconciliation mirror can preserve Lead source CPL (17.4246ms)
✔ import Call Lead resolver still 409s when two Call Leads share a job (8.2958ms)
✔ Owner leadless create opens owner_booking case and sets booking_origin (48.3045ms)
✔ Best Relocation import leadless keeps external_sheet_ingestion and no booking_origin (3.9888ms)
✔ owner snapshot uses Call phone or customer phone, else not provided (14.242ms)
✔ evaluateOwnerCallLeadMatch links a unique Call Lead Job Number (34.4212ms)
✔ evaluateOwnerCallLeadMatch is pending multiple_matches for two Call Leads with the same job (12.186ms)
✔ evaluateOwnerCallLeadMatch is pending no_match when no Call Lead has the job (2.5058ms)
✔ evaluateOwnerCallLeadMatch does not attach on phone of a different Call Lead (1.3824ms)
✔ Owner pending case snapshot fills spec §4.6 fields and origin owner_booking (1.643ms)
✔ Referral Booking create does not open a Booking Lead Reconciliation Case (2.0054ms)
✔ cancellation snapshots stamp four fields from a surviving Booking (5.9388ms)
✔ cancellation snapshots normalize job_no when Booking normalized field is missing (2.0672ms)
✔ cancellation snapshots stay null without a recoverable Booking job (0.6334ms)
✔ cancellation snapshots refuse silent inference from contact-shaped fields (0.2936ms)
✔ create-path stamp keeps ObjectId lead ref (0.9671ms)
✔ getBookedLeadForCancellation allows explicitly authorized imported leadless booking (19.4383ms)
✔ CancelledLead validates an unresolved employee Booking without Lead metadata (36.7856ms)
✔ active catalog list excludes inactive rows by default (6.397ms)
✔ agent resolution rejects inactive or unknown names (1.9689ms)
✔ agent resolution can include an existing inactive agent (1.9743ms)
✔ merchant resolution returns canonical display name (0.8ms)
✔ list projection keeps cost cents and does not treat them as leaked summary text (7.2772ms)
✔ list projection still rejects a top-level transcript or summary field (1.7141ms)
✔ redactTranscript redacts a Luhn-valid card spoken as digit groups plus CVV, expiry, SSN, and routing (3.445ms)
✔ redactTranscript does not redact a job number, spoken phone, or cubic-feet figure (0.6511ms)
✔ an unvalidated 16-digit sequence that fails Luhn is left alone (0.3786ms)
✔ spoken digit runs of seven or more are redacted without changing existing payment rules (0.4739ms)
✔ parseConversationArtifact splits summary and transcript (3.239ms)
✔ buildSeededTranscript redacts before the text is stored (1.9225ms)
✔ hasCrmMismatch is true only when the section contradicts CRM (0.6191ms)
✔ Gateway adapter sends configured model, makes one call, keeps timing optional and never logs warnings (4503.124ms)
✔ Gateway errors do not expose provider bodies and do not internally retry (23.9901ms)
✔ Blob bytes/digest validated and missing billing never becomes estimated actual cost (0.8462ms)
{"level":"info","time":"2026-09-19T02:45:27.222Z","service":"vantage-main-server","env":"development","msg":"operations_registry.compatibility_read","observability_level":"info","category":"admin","workflow":"operations_registry"}
✔ listCplRates seeds any missing slots and returns all 14 rates (16.4294ms)
{"level":"info","time":"2026-09-19T02:45:22.676Z","service":"vantage-main-server","env":"development","msg":"crm.form_lead.submit.started","leadId":"6aadf7425026873696138d66","endpoint":"https://lead.hellomoving.com/LEADSGWHTTP.lidgw?&API_ID=[redacted]&MOVERREF=[redacted]","payload":{"label":"Main Site Forms","firstname":"J***","lastname":"C***","ozip":"sha256:ce6d2151873f","dzip":"sha256:9a1f53dc5d98","email":"j***@example.com","phone1":"***2222","movesize":"2 Bedrooms","movedte":"5/28/2026","notes":"sha256:81da1dce6ae7","leadno":"sha256:7b6d8986d052"}}
✔ submitFormLeadToCrm POSTs to the Granot lead gateway with the urlencoded payload (31.2843ms)
✔ submitFormLeadToCrm reports ok=true with the response body and payload on HTTP 200 (3.7811ms)
✔ submitFormLeadToCrm reports ok=false with response body on HTTP error (15.4358ms)
✔ submitFormLeadToCrm catches network errors and returns ok=false with status 0 and an error message (195.043ms)
✔ submitFormLeadToCrm forwards companyLabel as the Granot label (4.0396ms)
{"level":"info","time":"2026-09-19T02:45:22.678Z","service":"vantage-main-server","env":"development","msg":"crm.form_lead.submit.started","observability_level":"info","category":"crm","workflow":"crm_submit","source_company":"not_provided","entity_id":"6aadf7425026873696138d66"}
{"level":"info","time":"2026-09-19T02:45:22.682Z","service":"vantage-main-server","env":"development","msg":"crm.form_lead.submit.completed","leadId":"6aadf7425026873696138d66","endpoint":"https://lead.hellomoving.com/LEADSGWHTTP.lidgw?&API_ID=[redacted]&MOVERREF=[redacted]","status":200,"responseText":"OK"}
{"level":"info","time":"2026-09-19T02:45:22.682Z","service":"vantage-main-server","env":"development","msg":"crm.form_lead.submit.completed","observability_level":"info","category":"crm","workflow":"crm_submit","source_company":"not_provided","entity_id":"6aadf7425026873696138d66"}
{"level":"info","time":"2026-09-19T02:45:22.687Z","service":"vantage-main-server","env":"development","msg":"crm.form_lead.submit.started","leadId":"6aadf7425026873696138d67","endpoint":"https://lead.hellomoving.com/LEADSGWHTTP.lidgw?&API_ID=[redacted]&MOVERREF=[redacted]","payload":{"label":"Main Site Forms","firstname":"J***","lastname":"C***","ozip":"sha256:ce6d2151873f","dzip":"sha256:9a1f53dc5d98","email":"j***@example.com","phone1":"***2222","movesize":"2 Bedrooms","movedte":"5/28/2026","notes":"sha256:81da1dce6ae7","leadno":"sha256:7b6d8986d052"}}
{"level":"info","time":"2026-09-19T02:45:22.687Z","service":"vantage-main-server","env":"development","msg":"crm.form_lead.submit.started","observability_level":"info","category":"crm","workflow":"crm_submit","source_company":"not_provided","entity_id":"6aadf7425026873696138d67"}
{"level":"info","time":"2026-09-19T02:45:22.688Z","service":"vantage-main-server","env":"development","msg":"crm.form_lead.submit.completed","leadId":"6aadf7425026873696138d67","endpoint":"https://lead.hellomoving.com/LEADSGWHTTP.lidgw?&API_ID=[redacted]&MOVERREF=[redacted]","status":200,"responseText":"Granot accepted lead 42"}
{"level":"info","time":"2026-09-19T02:45:22.688Z","service":"vantage-main-server","env":"development","msg":"crm.form_lead.submit.completed","observability_level":"info","category":"crm","workflow":"crm_submit","source_company":"not_provided","entity_id":"6aadf7425026873696138d67"}
{"level":"info","time":"2026-09-19T02:45:22.690Z","service":"vantage-main-server","env":"development","msg":"crm.form_lead.submit.started","leadId":"6aadf7425026873696138d68","endpoint":"https://lead.hellomoving.com/LEADSGWHTTP.lidgw?&API_ID=[redacted]&MOVERREF=[redacted]","payload":{"label":"Main Site Forms","firstname":"J***","lastname":"C***","ozip":"sha256:ce6d2151873f","dzip":"sha256:9a1f53dc5d98","email":"j***@example.com","phone1":"***2222","movesize":"2 Bedrooms","movedte":"5/28/2026","notes":"sha256:81da1dce6ae7","leadno":"sha256:7b6d8986d052"}}
{"level":"info","time":"2026-09-19T02:45:22.691Z","service":"vantage-main-server","env":"development","msg":"crm.form_lead.submit.started","observability_level":"info","category":"crm","workflow":"crm_submit","source_company":"not_provided","entity_id":"6aadf7425026873696138d68"}
{"level":"info","time":"2026-09-19T02:45:22.691Z","service":"vantage-main-server","env":"development","msg":"crm.form_lead.submit.http_error","leadId":"6aadf7425026873696138d68","endpoint":"https://lead.hellomoving.com/LEADSGWHTTP.lidgw?&API_ID=[redacted]&MOVERREF=[redacted]","status":400,"responseText":"bad request"}
{"level":"error","time":"2026-09-19T02:45:22.692Z","service":"vantage-main-server","env":"development","msg":"crm.form_lead.submit.http_error","observability_level":"error","category":"crm","workflow":"crm_submit","source_company":"not_provided","entity_id":"6aadf7425026873696138d68"}
{"level":"info","time":"2026-09-19T02:45:22.774Z","service":"vantage-main-server","env":"development","msg":"crm.form_lead.submit.started","leadId":"6aadf7425026873696138d69","endpoint":"https://lead.hellomoving.com/LEADSGWHTTP.lidgw?&API_ID=[redacted]&MOVERREF=[redacted]","payload":{"label":"Main Site Forms","firstname":"J***","lastname":"C***","ozip":"sha256:ce6d2151873f","dzip":"sha256:9a1f53dc5d98","email":"j***@example.com","phone1":"***2222","movesize":"2 Bedrooms","movedte":"5/28/2026","notes":"sha256:81da1dce6ae7","leadno":"sha256:7b6d8986d052"}}
{"level":"info","time":"2026-09-19T02:45:22.774Z","service":"vantage-main-server","env":"development","msg":"crm.form_lead.submit.started","observability_level":"info","category":"crm","workflow":"crm_submit","source_company":"not_provided","entity_id":"6aadf7425026873696138d69"}
{"level":"error","time":"2026-09-19T02:45:22.776Z","service":"vantage-main-server","env":"development","err":{"type":"Error","message":"ECONNRESET","stack":"Error: ECONNRESET\n    at <anonymous> (C:\\Users\\Pinda\\Proyectos\\vantage\\vantage-main-server\\src\\services\\crm\\crm.service.test.ts:126:11)\n    at globalThis.fetch (C:\\Users\\Pinda\\Proyectos\\vantage\\vantage-main-server\\src\\services\\crm\\crm.service.test.ts:43:12)\n    at submitFormLeadToCrm (C:\\Users\\Pinda\\Proyectos\\vantage\\vantage-main-server\\src\\services\\crm\\crm.service.ts:74:28)\n    at async TestContext.<anonymous> (C:\\Users\\Pinda\\Proyectos\\vantage\\vantage-main-server\\src\\services\\crm\\crm.service.test.ts:129:18)\n    at async Test.run (node:internal/test_runner/test:1332:7)\n    at async Test.processPendingSubtests (node:internal/test_runner/test:911:7)"},"msg":"crm.form_lead.submit.failed","leadId":"6aadf7425026873696138d69","endpoint":"https://lead.hellomoving.com/LEADSGWHTTP.lidgw?&API_ID=[redacted]&MOVERREF=[redacted]","msg":"CRM form lead submission failed"}
{"level":"error","time":"2026-09-19T02:45:22.898Z","service":"vantage-main-server","env":"development","msg":"crm.form_lead.submit.failed","observability_level":"error","category":"crm","workflow":"crm_submit","source_company":"not_provided","entity_id":"6aadf7425026873696138d69"}
{"level":"info","time":"2026-09-19T02:45:22.902Z","service":"vantage-main-server","env":"development","msg":"crm.form_lead.submit.started","leadId":"6aadf7425026873696138d6a","endpoint":"https://lead.hellomoving.com/LEADSGWHTTP.lidgw?&API_ID=[redacted]&MOVERREF=[redacted]","payload":{"label":"BestRelocation","firstname":"J***","lastname":"C***","ozip":"sha256:ce6d2151873f","dzip":"sha256:9a1f53dc5d98","email":"j***@example.com","phone1":"***2222","movesize":"2 Bedrooms","movedte":"5/28/2026","notes":"sha256:81da1dce6ae7","leadno":"sha256:7b6d8986d052"}}
{"level":"info","time":"2026-09-19T02:45:22.902Z","service":"vantage-main-server","env":"development","msg":"crm.form_lead.submit.started","observability_level":"info","category":"crm","workflow":"crm_submit","source_company":"not_provided","entity_id":"6aadf7425026873696138d6a"}
{"level":"info","time":"2026-09-19T02:45:22.903Z","service":"vantage-main-server","env":"development","msg":"crm.form_lead.submit.completed","leadId":"6aadf7425026873696138d6a","endpoint":"https://lead.hellomoving.com/LEADSGWHTTP.lidgw?&API_ID=[redacted]&MOVERREF=[redacted]","status":200,"responseText":"OK"}
{"level":"info","time":"2026-09-19T02:45:22.903Z","service":"vantage-main-server","env":"development","msg":"crm.form_lead.submit.completed","observability_level":"info","category":"crm","workflow":"crm_submit","source_company":"not_provided","entity_id":"6aadf7425026873696138d6a"}
✔ CRM env var name constants are stable and match what is read at module load (5.124ms)
✔ CRM_FORM_LEAD_ENDPOINT is the Granot lead gateway URL with API_ID and MOVERREF params (0.6053ms)
✔ crmEndpointForLog redacts API_ID and MOVERREF values from the endpoint URL (0.5549ms)
✔ crmEndpointForLog defaults to the module-loaded CRM_FORM_LEAD_ENDPOINT and never leaks credentials (0.5099ms)
✔ splitNameForCrm returns empty firstname and lastname for blank input (2.9539ms)
✔ splitNameForCrm duplicates a single token into firstname and lastname (0.4219ms)
✔ splitNameForCrm takes the first and last token for multi-word names (0.32ms)
✔ formatCrmMoveDate preserves the UTC calendar date as unpadded M/D/YYYY (0.3667ms)
✔ buildCrmFormLeadPayload defaults label to CRM_FORM_LEAD_LABEL when blank (10.1877ms)
✔ [AC-03] buildCrmFormLeadPayload uses the provider ref_no as Granot leadno (1.2477ms)
✔ [AC-03] Form Job Number parity does not reinterpret ref_no as CRM leadno (1.4241ms)
✔ [AC-03] buildCrmFormLeadPayload carries lid in notes without using it for identity (1.1078ms)
✔ [AC-03] buildCrmFormLeadPayload leaves leadno blank for the not-provided sentinel (1.1109ms)
✔ buildCrmFormLeadPayload maps lead fields onto the Granot wire shape (3.4481ms)
✔ [AC-08] CRM payload does not invent an absent trusted Granot move date (1.0247ms)
✔ summarizeCrmPayloadForLog masks PII and fingerprints identifiers and locations (2.404ms)
✔ summarizeCrmPayloadForLog handles blank PII fields without throwing (1.3711ms)
✔ upsertCustomerFromBookingContact matches by phone when provided (4.3506ms)
✔ upsertCustomerFromBookingContact falls back to lead phone when customer phone is blank (1.4201ms)
✔ upsertCustomerFromBookingContact matches by normalized name when phone is absent (0.9546ms)
✔ upsertCustomerFromLead allows name-only leads (0.6615ms)
✔ close sets yesterday status closed when it is still open (5.6294ms)
✔ close is a no-op when yesterday is already closed (0.9791ms)
✔ close also seals older open days, not only yesterday (0.7618ms)
✔ 2026-06-01T03:00:00.000Z maps to the NY day 2026-05-31 (2.4677ms)
✔ first day seed has 24 hourly buckets and known Source Company slugs (3.3844ms)
✔ metric_touches expand hourly.* onto the NY hour and always bump revision (0.4785ms)
✔ already-expanded hourly paths stay as written (0.3222ms)
✔ dotted increments apply onto a seeded day including hourly buckets (0.6814ms)
✔ previousEasternDayKey walks the NY calendar, not UTC midnight (0.7721ms)
✔ florida timestamp bounds are UTC wall-clock of the day key (0.697ms)
✔ eastern instant bounds start at NY midnight, not UTC midnight (0.8888ms)
✔ sumHourlyThrough is pace 0..currentNyHour, not the full day (0.866ms)
✔ first open emits snapshot then tails Redis envelopes as event plus metrics (6.8174ms)
✔ valid Last-Event-ID skips snapshot and continues from the cursor (5.5592ms)
✔ invalid Last-Event-ID is treated as first open and emits snapshot (1.9306ms)
✔ missing Redis uses Mongo tail oldest-after-cursor and still emits facts (1.8364ms)
✔ a burst of facts in one wake keeps every touch in the metrics frame (1.4699ms)
✔ Redis throw degrades to Mongo tail for that loop (1.3827ms)
✔ replica-lag skip retries the same Redis id and does not drop the event (1.3533ms)
✔ lane query is ignored — one socket emits every Daily Operations Event (1.4567ms)
✔ heartbeat fires after 15s idle and has no id (2.5479ms)
✔ parseDailyOperationsXread reads object and flat-array field shapes (0.9105ms)
✔ test runner never constructs an Upstash client for the live isolate (0.3654ms)
✔ rebuild of an open day replaces counters and never deletes events (4.047ms)
✔ rebuild refuses a closed day and leaves counters and events alone (3.0246ms)
✔ rebuild of a missing open day still writes seeded counters (1.5061ms)
✔ rebuild rejects a deleteEvents hook so events stay append-only (9.798ms)
{"level":"warn","time":"2026-09-19T02:45:19.547Z","service":"vantage-main-server","env":"development","msg":"daily_operations.redis.xadd_failed","kind":"form_lead.created","day":"2026-05-31","err":{"type":"Error","message":"upstash unavailable","stack":"Error: upstash unavailable\n    at Object.xadd (C:\\Users\\Pinda\\Proyectos\\vantage\\vantage-main-server\\src\\services\\dailyOperations\\recordDailyOperationsFact.test.ts:254:15)\n    at publishRedisDoorbell (C:\\Users\\Pinda\\Proyectos\\vantage\\vantage-main-server\\src\\services\\dailyOperations\\recordDailyOperationsFact.ts:200:34)\n    at recordDailyOperationsFact (C:\\Users\\Pinda\\Proyectos\\vantage\\vantage-main-server\\src\\services\\dailyOperations\\recordDailyOperationsFact.ts:307:11)\n    at async TestContext.<anonymous> (C:\\Users\\Pinda\\Proyectos\\vantage\\vantage-main-server\\src\\services\\dailyOperations\\recordDailyOperationsFact.test.ts:249:18)\n    at async Test.run (node:internal/test_runner/test:1332:7)\n    at async Test.processPendingSubtests (node:internal/test_runner/test:911:7)"}}
✔ unique dedupe_key insert increments the named metric_touches (10.0952ms)
✔ duplicate dedupe_key is a no-op: no second increment and no XADD (2.1085ms)
✔ closed day skips increment and records empty metric_touches (1.2482ms)
✔ missing Redis client still persists the event and day increment (1.0838ms)
✔ test runner never constructs a publish that would call Upstash (0.8739ms)
✔ Redis XADD failure is swallowed and does not fail the fact (7.7599ms)
✔ successful XADD stores redis_stream_id and only envelope fields (2.0408ms)
✔ writer never throws when stores fail (1.8294ms)
✔ test sink captures when stores are not injected (0.9331ms)
✔ granot.minted increments decisions only and sheet sync increments only its own panel counter (0.7326ms)
{"level":"error","time":"2026-09-19T02:45:19.557Z","service":"vantage-main-server","env":"development","msg":"daily_operations.record_fact_failed","kind":"form_lead.created","err":{"type":"Error","message":"mongo down","stack":"Error: mongo down\n    at Object.insertEvent (C:\\Users\\Pinda\\Proyectos\\vantage\\vantage-main-server\\src\\services\\dailyOperations\\recordDailyOperationsFact.test.ts:326:15)\n    at recordDailyOperationsFact (C:\\Users\\Pinda\\Proyectos\\vantage\\vantage-main-server\\src\\services\\dailyOperations\\recordDailyOperationsFact.ts:261:35)\n    at TestContext.<anonymous> (C:\\Users\\Pinda\\Proyectos\\vantage\\vantage-main-server\\src\\services\\dailyOperations\\recordDailyOperationsFact.test.ts:323:24)\n    at Test.runInAsyncScope (node:async_hooks:227:14)\n    at Test.run (node:internal/test_runner/test:1325:25)\n    at Test.processPendingSubtests (node:internal/test_runner/test:911:18)\n    at Test.postRun (node:internal/test_runner/test:1465:19)\n    at Test.run (node:internal/test_runner/test:1390:12)\n    at async Test.processPendingSubtests (node:internal/test_runner/test:911:7)"}}
{"level":"info","time":"2026-09-19T02:45:30.737Z","service":"vantage-main-server","env":"development","msg":"call_lead.create.sheet_sync.disabled","resource":"source_lead","leadModel":"CallLead","leadId":"507f1f77bcf86cd799439011"}
✔ Form create increments leads.form + origin + company once (9.7035ms)
✔ Duplicate Form increments leads.duplicate_form only (1.0827ms)
✔ reused WordPress lead does not call the writer (0.5662ms)
✔ zip 33101 + state not_found counts the Lead and records exception.zip_missing (1.5975ms)
✔ Call unmatched increments leads.unmatched_call only (2.7493ms)
✔ Call zip present + blank state is a zip miss and still counts the Lead (5.6618ms)
✔ quiet hours at 02:14 ET record text.deferred with 8:00 AM send_at and no messages.successful (5.6926ms)
✔ 07:00 ET send records text.sent only (5.842ms)
✔ first sent/delivered after deferred records text.sent once (3.4159ms)
✔ status callback terminal fail records text.failed (1.0799ms)
✔ unapplied status callback does not call the writer (0.4501ms)
✔ dispatchOrQueue skipped path records text.skipped (3.1226ms)
✔ completeCallLeadIngestion records call_lead.created once via the sink (3.9829ms)
✔ CRM HTTP fail records exception.crm_failed (15.8801ms)
✔ RingCentral adoption conflict records exception.adoption_conflict and not a Call Lead create (2.6696ms)
✔ duplicate booking submission helper is not used — skip is kind duplicate at finalize (1.1109ms)
✔ employee pending booking increments employee_pending and not a kind bucket (0.5775ms)
✔ cancellation.created uses cancellation:<id>:created (1.0807ms)
✔ writer sink captures without stores and does not require Mongo (0.4674ms)
✔ zipMissSides treats not_found and blank as a miss only when a zip is present (0.3323ms)
{"level":"info","time":"2026-09-19T02:45:30.738Z","service":"vantage-main-server","env":"development","msg":"lead.call.created","observability_level":"info","category":"lead","workflow":"call_lead_create","source_company":"tbm_leads","entity_id":"507f1f77bcf86cd799439011"}
{"level":"info","time":"2026-09-19T02:45:30.751Z","service":"vantage-main-server","env":"development","msg":"crm.form_lead.submit.started","leadId":"507f1f77bcf86cd799439011","endpoint":"https://lead.hellomoving.com/LEADSGWHTTP.lidgw?&API_ID=[redacted]&MOVERREF=[redacted]","payload":{"label":"Main Site Forms","firstname":"J***","lastname":"C***","ozip":"sha256:ce6d2151873f","dzip":"sha256:9a1f53dc5d98","email":"j***@example.com","phone1":"***2222","movesize":"14","movedte":"","notes":"","leadno":""}}
{"level":"info","time":"2026-09-19T02:45:30.751Z","service":"vantage-main-server","env":"development","msg":"crm.form_lead.submit.started","observability_level":"info","category":"crm","workflow":"crm_submit","source_company":"tbm_leads","entity_id":"507f1f77bcf86cd799439011"}
{"level":"info","time":"2026-09-19T02:45:30.754Z","service":"vantage-main-server","env":"development","msg":"crm.form_lead.submit.http_error","leadId":"507f1f77bcf86cd799439011","endpoint":"https://lead.hellomoving.com/LEADSGWHTTP.lidgw?&API_ID=[redacted]&MOVERREF=[redacted]","status":400,"responseText":"bad request"}
{"level":"error","time":"2026-09-19T02:45:30.754Z","service":"vantage-main-server","env":"development","msg":"crm.form_lead.submit.http_error","observability_level":"error","category":"crm","workflow":"crm_submit","source_company":"tbm_leads","entity_id":"507f1f77bcf86cd799439011"}
{"level":"info","time":"2026-09-19T02:45:30.757Z","service":"vantage-main-server","env":"development","msg":"ringcentral.ingest.processed","action":"dry_run","writeMode":"dry_run","duplicate":false,"duplicateReason":"unique","ingestionSource":"webhook","telephonySessionId":"u20-session","callLogId":null,"sourceCompany":"main_site","durationSeconds":180,"callLeadId":null}
✔ applyBestRelocationPlan is not a Daily Operations hook site (36.2863ms)
✔ persistLeadMessageIntent is not a Daily Operations hook site (14.8403ms)
✔ completeFormLeadIngestion hooks after the reused-lead return (21.7473ms)
✔ duplicate booking finalize returns before the Daily Operations writer (15.89ms)
✔ Sheet Sync job outcomes record one deduped fact per job and outcome with a metric touch (3.3018ms)
✔ the drainer records Sheet Sync facts on synced and failed jobs, never on coalesced duplicates or deferrals (38.6818ms)
✔ completeCallLeadIngestion is the only Call Lead volume hook (41.7845ms)
✔ lead_created capture increments webhook class only (12.2763ms)
✔ priority_updated capture increments webhook class only (0.8187ms)
✔ Booked payload at capture increments class and booked once (1.1034ms)
✔ Release payload at capture increments class and release once (0.7356ms)
✔ Releas token classifies as release (0.798ms)
✔ unclassified booking_status_changed increments class only (0.9362ms)
✔ granot.minted touches decisions.minted only and does not increment leads.* (2.1798ms)
✔ outcome card parent_receipt_id pairs to the receipt card (0.8061ms)
✔ linked outcome uses parent_receipt_id and decisions.linked (0.8551ms)
✔ synchronize conflict pending does not record granot.linked (1.1329ms)
✔ processor maps observe / pending_match / unmatched and skips mint/link (8.4812ms)
✔ intake opened increments intakes.opened; refresh does not (26.2243ms)
✔ process-time Booked increments booked only when capture did not classify (1.1693ms)
✔ Booked increments those buckets once when capture already classified (0.7054ms)
✔ dead letter uses exception:dead_letter:<receiptId> (0.5766ms)
✔ receipt kind and dedupe follow spec §14 (0.3408ms)
✔ captureChannelOperationReceipt is not a Daily Operations hook site (43.5769ms)
✔ createLeadFromGranot finalize records granot.minted after existing after-commit work (14.7425ms)
✔ synchronizeLeadFromGranot pending carries outcome and provenance (1.7377ms)
✔ logProcessingCompletion records observe/pending/unmatched when no lead finalize ran (1.7329ms)
✔ dead letter hook is the drainer entered seam, not the 202 path (2.4735ms)
✔ webhook capture hooks after persist and before return (1.9827ms)
✔ missing open day returns seeded zeros, not 404 (21.7202ms)
✔ sheet_sync touches increment the day and surface on the snapshot; pre-hook days read zero (2.5867ms)
✔ missing yesterday yields null totals so the UI can show a dash (1.6855ms)
✔ yesterday_by_now is hourly 0..currentNyHour, not the full yesterday (2.0038ms)
✔ day_before and day_before_by_now come from the third NY day; missing day is null (1.9418ms)
✔ every SOURCE_COMPANIES slug is present including zeros (1.4089ms)
✔ wordpress_form is a present key even when zero (1.0054ms)
✔ intakes.still_open and texts.held_now are live queries, not day increments (0.9044ms)
✔ GET snapshot does not mutate loaded day documents (0.8842ms)
✔ events cursor is occurred_at ISO plus event id, parsed at the last colon (0.7031ms)
✔ events page is newest-first for the NY day and returns next_cursor (1.9229ms)
✔ test runner reports redis.configured false without constructing a client (1.851ms)
{"level":"info","time":"2026-09-19T02:45:33.391Z","service":"vantage-main-server","env":"development","msg":"domain_command.applied","observability_level":"info","category":"admin","workflow":"canonical_domain_command","entity_id":"lead-admin"}
✔ [AC-21] command execution model has durable origin/idempotency uniqueness (5.4663ms)
✔ invalid command context fails before database access (6.8006ms)
✔ external ingestion rejects human executors and incomplete provenance (1.2188ms)
✔ [AC-21] four origins validate exactly; Granot and RingCentral identities cannot be client-forged (10.0057ms)
✔ [AC-21] replay returns stored applied result; checksum reuse conflicts; compatibility adapter is one-way (4.1615ms)
✔ [AC-21] failed command leaves no successful execution outcome (1.1978ms)
✔ [AC-21] stable now and preallocated IDs survive a transaction callback retry (1.6168ms)
✔ [AC-32] observation_channel must agree with the initiator path (0.8432ms)
✔ [AC-21] compatibility API-secret and scoped-key system actors validate for vantage_admin (2.5548ms)
✔ owner idempotency key helper preserves the 8-200 printable envelope (0.8381ms)
✔ call-lead command validates DTO without an unsupported ingestion field (14.6131ms)
{"level":"info","time":"2026-09-19T02:45:33.393Z","service":"vantage-main-server","env":"development","msg":"domain_command.applied","observability_level":"info","category":"admin","workflow":"canonical_domain_command","entity_id":"lead-1","run_id":"run-1"}
{"level":"info","time":"2026-09-19T02:45:33.395Z","service":"vantage-main-server","env":"development","msg":"domain_command.replayed","observability_level":"info","category":"admin","workflow":"canonical_domain_command","entity_id":"lead-1","run_id":"run-1"}
{"level":"info","time":"2026-09-19T02:45:33.401Z","service":"vantage-main-server","env":"development","msg":"domain_command.applied","observability_level":"info","category":"admin","workflow":"canonical_domain_command","entity_id":"lead-retry","run_id":"run-1"}
{"level":"info","time":"2026-09-19T02:45:33.404Z","service":"vantage-main-server","env":"development","msg":"domain_command.applied","observability_level":"info","category":"admin","workflow":"canonical_domain_command","entity_id":"lead-secret"}
{"level":"info","time":"2026-09-19T02:45:33.405Z","service":"vantage-main-server","env":"development","msg":"domain_command.applied","observability_level":"info","category":"admin","workflow":"canonical_domain_command","entity_id":"lead-scoped"}
✔ [AC-21] transaction-bound internals do not open nested transactions or finalize Sheets (51.8238ms)
✔ canonical command modules do not depend on transport or Google adapters (6.2437ms)
✔ durable actor factories mint the fixed Granot and RingCentral identities (0.5597ms)
✔ [AC-32] existing write context factory hashes payload and never stores credentials (0.6376ms)
✔ [AC-32] v1 write routes enter existing adapters and do not patch models (7.2286ms)
✔ runExistingUpdateSourceOwnedLead still uses updateSourceOwnedLead and pending source_lead update (2.4616ms)
✔ [AC-32] existing write adapters persist Changes inside the executor and keep later commands disabled (2.3261ms)
﹣ [AC-21] [AC-32] replica existing write commits Command/Change/revision/outbox; replay and rollback do not (2.8666ms) # Replica-set proof requires TEST_MODE=true before process start.
✔ [AC-32] contact and address paths are reference_only; low-risk paths stay stored (3.4614ms)
✔ [AC-32] Change builders omit raw contact values and emit deterministic paths (28.6122ms)
✔ [AC-32] no-op field collection emits no Change descriptors (3.9856ms)
✔ FORM and CALL CHANGE_PATHS include no_sync so a flip is not a silent no-op (0.4632ms)
✔ collectDocumentFieldChanges reports no_sync when it flips and no-ops when unchanged (1.3903ms)
✔ existing write context maps an Owner extension user to an owner actor (25.0785ms)
✔ existing write context maps Owner plus Sales to an owner actor (0.5681ms)
✔ existing write context rejects sales extension user (1.1088ms)
✔ existing write context rejects customer_service extension user (0.3389ms)
✔ existing write context rejects sales+customer_service extension user (0.3291ms)
﹣ [AC-21] replica executor: exact stored-result replay, checksum conflict, and no second mutation (2.2956ms) # Replica-set proof is opt-in via GRANOT_LIFECYCLE_REPLICA_TESTS=true.
﹣ [AC-21] replica executor: same-key commit race has one winner and exact replay of the stored result (2.5245ms) # Replica-set proof is opt-in via GRANOT_LIFECYCLE_REPLICA_TESTS=true.
﹣ [AC-21] replica executor: expected-revision loser is DOMAIN_REVISION_CONFLICT with no Decision/Command (0.6622ms) # Replica-set proof is opt-in via GRANOT_LIFECYCLE_REPLICA_TESTS=true.
﹣ [AC-32] replica executor: Receipt/Observation/Decision causal IDs persist; rollback leaves zero partial rows (0.4605ms) # Replica-set proof is opt-in via GRANOT_LIFECYCLE_REPLICA_TESTS=true.
﹣ [AC-21] replica executor: stable now and preallocated IDs survive callback retry (4.3089ms) # Replica-set proof is opt-in via GRANOT_LIFECYCLE_REPLICA_TESTS=true.
﹣ [AC-32] replica executor: persist failure rolls back Decision, aggregate, and Command (0.5356ms) # Replica-set proof is opt-in via GRANOT_LIFECYCLE_REPLICA_TESTS=true.
﹣ [AC-32] replica executor: post-commit finalize never runs on rollback (0.4286ms) # Replica-set proof is opt-in via GRANOT_LIFECYCLE_REPLICA_TESTS=true.
﹣ [AC-32] replica executor: no Sheet/queue/email/CRM call occurs before commit (0.4854ms) # Replica-set proof is opt-in via GRANOT_LIFECYCLE_REPLICA_TESTS=true.
✔ canonical JSON is stable across object insertion order (4.6751ms)
✔ canonical JSON rejects unsupported values (1.0656ms)
✔ effective capability requires all three gates (1.716ms)
✔ provider failures classify and retry deterministically (1.66ms)
✔ fenced in-memory leases reject stale epochs (1.5369ms)
✔ model-backed lease schema carries unique scope and fencing epoch (1.6842ms)
✔ run fake enforces status graph, lease fencing, and monotonic checkpoints (3.97ms)
✔ system actors remain distinct and metadata is sanitized (2.854ms)
✔ listBookingLeadReconciliationCases returns admin-facing summary fields (5.9036ms)
✔ getBookingLeadReconciliationCase returns detail fields consumed by admin (4.8709ms)
✔ searchBookingLeadCandidates returns compact case-aware results with a cursor (4.0984ms)
✔ searchBookingLeadCandidates Call q and contact filters include snapshot paths (24.8142ms)
✔ searchBookingLeadCandidates returns Granot and ingested contact snapshots (8.0024ms)
✔ dismissing an owner_booking pending case leaves the Booking Leadless (9.2554ms)
✔ reopenBookingLeadReconciliation guards status and live booking before rematch (18.8757ms)
✔ assembleEmployeeBookingOptions joins active granularities to active companies (6.7473ms)
✔ assembleEmployeeBookingOptions ignores unknown company ids (0.7477ms)
✔ candidate query detects the 26th matching lead instead of proving false uniqueness (10.383ms)
✔ candidate snapshots keep Granot and ingested contact for owner display (1.4049ms)
✔ candidate query tags a unique Form Lead Job Number as job_no (2.6782ms)
✔ evaluateEmployeeBookingMatch auto-links a unique Call Lead Job Number (5.3908ms)
✔ evaluateEmployeeBookingMatch auto-links a unique Form Lead Job Number on form channel (1.3627ms)
✔ evaluateEmployeeBookingMatch treats two Call Leads with the same Job Number as multiple_matches (3.1034ms)
✔ evaluateEmployeeBookingMatch leaves same-phone no-job as pending no_match (1.9388ms)
✔ evaluateEmployeeBookingMatch never auto-links LID, email, or phone under Exact Job Booking Attach (4.219ms)
✔ evaluateEmployeeBookingMatch never auto-links when candidate query overflowed (2.4931ms)
✔ evaluateEmployeeBookingMatch returns channel_conflict for opposite-channel-only Job Number (0.9107ms)
✔ evaluateEmployeeBookingMatch respects none policy (1.022ms)
✔ evaluateEmployeeBookingMatch treats contradictory phone/name signals as a hard conflict (0.8992ms)
✔ evaluateEmployeeBookingMatch blocks Job Number and Phone pointing to different Leads (0.6488ms)
✔ evaluateEmployeeBookingMatch does not auto-link a different same-company granularity (0.5689ms)
✔ evaluateEmployeeBookingMatch rematch attaches only after a unique job appears (0.7384ms)
✔ test-mode migration apply remains available with --apply (2.2681ms)
✔ production migration apply requires explicit confirmation (0.8822ms)
✔ test mode cannot apply to the production database without production confirmation (0.4142ms)
✔ production migration apply rejects an unexpected connected database (0.3139ms)
✔ production migration apply accepts explicit confirmation on the production database (0.2878ms)
✔ collectNormalizedCollisions groups normalized duplicates (12.4786ms)
✔ reportHasBlockingCollisions flags booking identity collisions (1.928ms)
✔ submission collision preflight ignores bookings outside the partial unique index scope (0.4813ms)
✔ deriveTrustedOwnerActor rejects bare api secret actor (18.4547ms)
✔ deriveTrustedOwnerActor accepts trusted owner headers with primary secret (2.4857ms)
✔ deriveTrustedOwnerActor accepts owner users directly (24.8729ms)
✔ deriveTrustedOwnerActor rejects non-owner users and bare secrets (0.9969ms)
✔ assertExactWarningOverrides requires exact current overrideable warnings (0.6443ms)
✔ assertAllowedCaseAction allows only valid transitions (1.9386ms)
✔ assertLiveBookingState blocks cancelled and invalid booking states (2.7447ms)
✔ applyCursorFilter uses date plus id tie-break (4.0483ms)
✔ decodeDateIdCursor rejects malformed dates and object ids (2.4373ms)
{"level":"info","time":"2026-09-19T02:45:37.887Z","service":"vantage-main-server","env":"development","msg":"mongo.dns.servers_configured","servers":["8.8.8.8","1.1.1.1"]}
✔ cold rematch connects to Mongo before attempting a lease or model operation (39.5393ms)
✔ rematch snapshots Exact Job Booking Attach, not the retired five-rule list (2.583ms)
✔ rematch evaluator attaches only when a unique Call Lead job appears (3.7499ms)
✔ call lead enrichment prefers source-compatible Job Number matches when the row has a Job Number (29.0708ms)
✔ call lead enrichment blocks sync when phone matches only across assigned source companies (4.8453ms)
✔ syncCallLeadEnrichment does not write when source match is conflict (2.9329ms)
✔ call lead enrichment can claim an unassigned phone-matched call lead source (3.7191ms)
✔ preview does not write live phone, name, or email (29.6852ms)
✔ conflicting stored Job Number is not overwritten (35.3586ms)
✔ row Job on Lead A plus Granot phone equal to Lead B ANI selects A (25.134ms)
✔ contact-only Granot card diff is updateable (28.1382ms)
✔ preview phone rung does not query granot_contact_snapshot (1.8904ms)
✔ parseEnrichmentRow enriches valid cities while ignoring zero and comma placeholders (3.4418ms)
✔ AppError defaults to INTERNAL code and 500 status when no options are given (3.1929ms)
✔ AppError preserves code, statusCode, internalMessage, cause, and metadata from options (2.0622ms)
✔ AppError.toLog returns a safe, structured summary of public fields plus log-only context (1.4845ms)
✔ AppError.toLog omits cause/internalMessage/metadata when they are not provided (0.5835ms)
✔ AppError.toLog handles string causes and unserializable causes without throwing (11.0663ms)
✔ AppError does NOT expose internalMessage or cause via its public message field (0.4048ms)
✔ BadRequestError defaults to 400 and BAD_REQUEST code (2.6463ms)
✔ ValidationError defaults to 400 and VALIDATION code (1.7742ms)
✔ UnauthorizedError defaults to 401 and UNAUTHORIZED code (0.3901ms)
✔ NotFoundError defaults to 404 and NOT_FOUND code (0.3476ms)
✔ ConflictError defaults to 409 and CONFLICT code (0.3441ms)
✔ IntegrationError defaults to 502 and INTEGRATION code (0.3281ms)
✔ subclasses allow callers to override the default statusCode without losing the code (0.2818ms)
✔ subclasses carry their constructor name (useful for log filters) (0.3808ms)
✔ subclasses are all instanceof AppError and Error (22.4308ms)
✔ createExtensionUser persists canonical roles and never returns the secret (4.6713ms)
✔ createExtensionUser rejects a duplicate email (1.7176ms)
✔ listExtensionUsers returns roles and dual-reads leftover employee (0.7832ms)
✔ toAdminExtensionUser dual-reads leftover employee as Sales plus Customer Service (0.4427ms)
✔ updateExtensionUser bumps token_version only on actual email, password, or roles change (1.8134ms)
✔ updateExtensionUser rejects a duplicate email with the create message (1.0274ms)
✔ updateExtensionUser returns not found for a missing id (0.7369ms)
✔ deleteExtensionUser removes the row so the email can be reused (0.785ms)
✔ deleteExtensionUser returns not found for a missing id (0.605ms)
✔ fetchDriveFileMetadata maps 404 distinctly from 403 access denied (7.2116ms)
✔ fetchDriveFileMetadata maps provider failures to integration errors (1.3712ms)
✔ Google refresh tokens round-trip through authenticated encryption (6.4626ms)
✔ encrypted Google refresh tokens are bound to the owner identity (1.3408ms)
✔ OAuth state is stored as a deterministic SHA-256 digest (0.859ms)
✔ Google Drive folder IDs can be read from IDs or shared URLs (0.5969ms)
✔ invalid Google Drive folder IDs are rejected (1.0229ms)
✔ a requested folder is created under the normalized configured parent (1.8806ms)
✔ public Google OAuth config excludes server secrets (3.7825ms)
✔ sanitized Google Drive connection status excludes configured owner email (0.5807ms)
✔ sanitized Google Drive connection status excludes refresh credentials (0.6928ms)
✔ Picker bootstrap allowlist rejects unexpected response fields (2.3354ms)
✔ reporting ownership marker round-trips and matches destination ID (0.6989ms)
✔ allowed OAuth scopes reject overgrant and extra scopes (2.6213ms)
✔ OAuth scope normalization is order-insensitive (1.8348ms)
✔ Google userinfo.email URI is treated as the email scope (0.3382ms)
✔ google drive owner auth accepts the signed owner admin proxy (53.9292ms)
✔ google drive owner auth rejects scoped API keys (4.6141ms)
✔ google drive owner auth accepts an allowlisted extra owner email (2.024ms)
✔ google drive owner auth rejects a signed owner outside the allowlist (1.7155ms)
✔ google drive owner auth requires signed owner matching configured identity (24.9485ms)
✔ sanitized google drive API errors do not expose configured owner email (2.1635ms)
✔ callback failure logs use stable categories without provider text (1.446ms)
✔ drive metadata validation rejects wrong mime types (4.2917ms)
✔ drive metadata validation rejects trashed files (0.7141ms)
✔ drive metadata validation rejects non-owned files (0.6297ms)
✔ picker nonce and selection references hash to stable digests (0.9758ms)
✔ invalid picker selection preserves nonce until metadata validates (13.4159ms)
✔ picker nonce replay is rejected after successful verification (2.0089ms)
✔ concurrent valid picker verifications issue at most one selection reference (2.8879ms)
✔ invalid selection reference metadata preserves reference until validation passes (4.8698ms)
✔ denylisted workbook preserves reference until denylist clears (21.1834ms)
✔ denylist configuration fails closed without consuming reference (15.1147ms)
✔ selection reference replay is rejected after successful consume (53.9301ms)
✔ concurrent valid selection reference consumes yield at most one winner (1.8076ms)
✔ extractStateCodeFromGoogleGeocodeResponse uses postal address state code (15.5965ms)
✔ extractStateCodeFromGoogleGeocodeResponse converts state component name (1.5387ms)
✔ Form Lead that is not a Duplicate Lead expects Master Leads Forms (7.7256ms)
✔ Duplicate Form Lead expects Master Leads Duplicates (0.7103ms)
✔ Bad Lead expects the primary tab and Bad Leads (0.5267ms)
✔ Call Lead that is not a Duplicate Lead expects Master Leads Calls (1.6856ms)
✔ Duplicate Call Lead expects Master Leads Duplicate Calls (1.9295ms)
✔ Unmatched Call Lead is not expected on Master Leads (0.7029ms)
✔ ordinary No-Sync Form Lead skips Master Leads with no_sync (0.3118ms)
✔ ordinary No-Sync Call Lead skips Master Leads with no_sync (0.2994ms)
✔ No-Sync + Bad Lead still expects today's Bad tabs (0.4575ms)
✔ No-Sync + Duplicate Call Lead still expects Duplicate Calls (0.4488ms)
✔ Booking expects Master Booked Booked Deals (0.3651ms)
✔ Cancellation expects Master Booked Cancelled Deals (0.5084ms)
✔ formatDateOnly returns ISO date prefix (2.5272ms)
✔ formatTimestamp uses owner-facing UTC clock components (0.5573ms)
✔ booleanCell maps booleans to sheet strings (0.3147ms)
✔ localCell maps values to local/long_distance (0.4004ms)
✔ optionalLocalCell returns empty string when blank (0.3667ms)
✔ bookedCell, bookedDateCell, cancelledCell, quotedCell map booleans to labels (1.97ms)
✔ overThresholdCell returns label or blank (0.8576ms)
✔ formatNumber stringifies finite numbers and elides null/undefined/NaN (1.0585ms)
✔ primaryBookingAgent returns first agent name snapshot (5.4974ms)
✔ splitCell only flags true splits when there are at least two named allocations with non-zero amounts (2.6996ms)
✔ formLeadToRow projects fields in the documented header order (1.3393ms)
✔ formLeadToRow defaults missing ref_no to 'not provided' (0.4441ms)
✔ lead projections use exact GetMovers source labels (17.4164ms)
✔ formLeadToRow clears booking reporting columns after booking deletion (0.6994ms)
✔ callLeadToRow projects fields in the documented header order (0.5738ms)
✔ callLeadToRow clears booking reporting columns after booking deletion (0.5251ms)
✔ bookedLeadToRow projects allocations, customer, and lead ref (1.0352ms)
✔ bookedLeadToRow writes form source label from canonical slug (0.5299ms)
✔ bookedLeadToRow writes call source label from canonical slug (0.6899ms)
✔ bookedLeadToRow resolves legacy source labels before writing (0.3509ms)
✔ bookedLeadToRow projects referral customer name and blank lead ref (0.3933ms)
✔ bookedLeadToRow projects leadless booking source label and blank lead ref (0.3064ms)
✔ cancelledLeadToRow projects cancellation fields (0.4382ms)
✔ cancelledLeadToRow leaves cancel_date blank when missing (0.2193ms)
✔ rowsFromValues maps Mongo ID cells and keeps evidence columns (2.8143ms)
✔ found Form Lead returns Master Leads Forms evidence and a sheet link (36.4495ms)
✔ missing Form Lead stays missing and can attach an open Sheet Sync job (0.7867ms)
✔ Form Lead on Duplicates when Forms was expected is wrong_tab (0.7318ms)
✔ unmatched Call Lead is not_expected and does not read tabs (0.5334ms)
✔ ordinary No-Sync Form Lead is not_expected and does not read tabs (0.8937ms)
✔ ordinary No-Sync Call Lead is not_expected and does not read tabs (0.604ms)
✔ No-Sync + Bad Lead uses today's Bad expected tabs, not the no_sync skip (1.0803ms)
✔ No-Sync + Duplicate Call Lead uses today's Duplicate Calls tab, not the no_sync skip (0.9327ms)
✔ ordinary Call missing from Calls is still missing (1.0217ms)
✔ unknown Mongo id is not_found (1.0439ms)
✔ Bad Lead found on Forms but missing Bad Leads is still found with a missing tab (0.7229ms)
✔ Booking found on Booked Deals (0.64ms)
✔ preserves request order and dedupes ids (1.0786ms)
✔ ensureTabsAndHeaders expands an undersized existing grid without shrinking it (4.7881ms)
✔ Master Leads provisions a dedicated Duplicate Calls tab (3.9349ms)
✔ Duplicate Calls tab reuses the Calls headers (1.3922ms)
✔ duplicate-call sync targets resolve to the Calls headers (0.4218ms)
✔ duplicate-call master target ensures the Master Leads tab set (0.5476ms)
✔ Master Leads provisions Bad Leads with form headers (0.5312ms)
✔ Bad Leads master target ensures the Master Leads tab set (0.274ms)
✔ buildGranotCrmCsvObjectKeys creates latest/meta/history paths (3.8859ms)
✔ buildRegistryKey follows CRM origin host (0.7468ms)
✔ parseGranotCsv normalizes headers and skips total rows (3.6864ms)
✔ [AC-03] form identity vocabulary excludes lids while allowing Mongo id as a secondary lookup (5.6643ms)
✔ [AC-03] form planning gives exact FormLead.ref_no priority over every fallback (2.9973ms)
✔ exact identity wins but surfaces a source-company mismatch warning (1.1449ms)
✔ duplicate exact FormLead.ref_no candidates are a conflict (0.8492ms)
✔ [AC-03] form planning falls back only after FormLead.ref_no has no match (1.7919ms)
✔ [AC-03] form planning resolves an ObjectId ref_no only after exact field lookup misses (0.9776ms)
✔ fallback ties resolve by source company then quoted prior (0.505ms)
✔ fallback refuses a sole candidate from a different source company (0.8872ms)
✔ fallback does not select a lead from name alone (0.6282ms)
✔ fallback scores only candidates that pass the source-company gate (0.9516ms)
✔ form patch has extension parity and fills only missing locations (1.4955ms)
✔ [AC-33] form planning labels Booked Jobs and Follow Up sections separately (1.9239ms)
✔ apply deployment gate is explicit (0.3685ms)
✔ form patch never overwrites an existing receiver (0.451ms)
✔ source report parsing returns both Granot lead sections with job numbers (37.7806ms)
✔ source report parsing finds Granot's nested tables after centered headings (13.537ms)
✔ content hashes ignore per-login Granot session tokens (17.9075ms)
✔ collected rows map to existing call-lead endpoint payloads (7.6783ms)
✔ call-lead payloads never expose or interpret Granot ref_no (7.1802ms)
✔ collector follows the Granot report flow and records absent sources (36.2366ms)
✔ collector retries the full flow when the source page expires the session (20.9865ms)
✔ collector rejects impossible date windows before contacting Granot (1.6296ms)
✔ [AC-33] Form Follow Up statement keeps raw Priority, separate user/rep, and location aliases (3.6585ms)
✔ [AC-33] Form Booked statement is booking_action_apply with raw Booked evidence (1.4959ms)
✔ [AC-33] Call enrichment statement does not collapse user/rep (0.5873ms)
✔ [AC-33] Call Booked statement keeps raw Booked and does not infer Release (0.5982ms)
✔ [AC-02] oversized ${run_id}:${action_id} is rejected before plan lock (1.2126ms)
✔ [AC-02] schema-v1 plans fail closed as RUN_REPLAN_REQUIRED (0.5564ms)
✔ [AC-02] sealing a collected plan stores schema v2 lifecycle_apply before checksum (1.2033ms)
✔ pending lifecycle outcomes keep the run applying (0.7748ms)
✔ run-group creation inserts two correlated compatible queued children (5.6828ms)
✔ run-group validation completes before any child insertion (1.6844ms)
✔ call plan previews convert Mongo ObjectIds before checksumming (5.0685ms)
✔ form expected filters do not cast empty strings as ObjectIds (0.8757ms)
✔ [AC-02] applyRun has no runtime path to legacy Form/Call/Booked mutation services (25.0467ms)
✔ source IDs canonicalize case before lookup and duplicate validation (5.9816ms)
✔ source partitioning keeps only compatible IDs in each child snapshot (0.7663ms)
✔ [AC-38] unavailable resolve issues keep INVALID_GRANOT_SOURCES and per-source codes (1.4282ms)
✔ run-group resolve asks each source only for operations its Registry routes permit (0.8369ms)
✔ a source with no matching Registry route still fails the asked operation (0.5027ms)
✔ [AC-38] resolve never treats label or supported_operations as semantic authority (0.6312ms)
✔ source partitioning rejects an empty selected workflow (0.3812ms)
﹣ [AC-21] replica CAS: one winner increments once; loser is DOMAIN_REVISION_CONFLICT (2.2838ms) # Replica-set proof is opt-in via GRANOT_LIFECYCLE_REPLICA_TESTS=true.
✔ [AC-21] CAS primitive requires { _id, domain_revision } and names DOMAIN_REVISION_CONFLICT (7.7464ms)
✔ [AC-37][AC-38] Unit 30 rollout alert codes stay frozen (8.4047ms)
✔ [AC-37] oldest due fires only after 15 minutes plus 10 minutes continuity (3.6354ms)
✔ [AC-31] insufficient data never recovers an active alert (0.399ms)
✔ [AC-37] any current dead letter fires and zero is ok (0.414ms)
✔ [AC-37] capture 503 and claim-recovery windows use exact thresholds (0.4702ms)
✔ [AC-31] empty p95 and source-rate samples are insufficient_data, not success (0.4372ms)
✔ [AC-31] p95 uses deterministic nearest-rank and the 10-minute threshold (0.5725ms)
✔ [AC-38] RingCentral lease and enabled-source ambiguity rate stay bounded (0.5142ms)
✔ [AC-37] repeated evaluation does not fan out: only open/clear transitions emit (0.3398ms)
✔ [AC-05] planner conversion keeplisted Priority/Quoted/move paths and drops derived metadata (27.5962ms)
✔ [AC-05] quoted:false is rejected and no write path sets it false (1.3329ms)
✔ snapshot-only Call plan converts and keeps live phone off contact_changed_paths (0.9004ms)
✔ [AC-10] [AC-12] contact leaves stay on current-contact paths; snapshot is not a contact leaf (0.7913ms)
✔ [AC-11] FormLead destination_zip is allowed and CallLead delivery_zip is required instead (0.6451ms)
✔ [AC-32] forbidden metadata, extra paths, and unsorted path lists are rejected (1.4189ms)
✔ [AC-32] contact hash is stable and omits values from the checksum helper output (11.2335ms)
﹣ [AC-02] concurrent automation operation ID + same hash yields one receipt (2.5725ms) # Replica-set proof requires TEST_MODE=true before process start.
﹣ [AC-02] concurrent automation operation ID + different hash has one winner and 409 (0.6387ms) # Replica-set proof requires TEST_MODE=true before process start.
﹣ [AC-02][AC-33] automation apply captures one receipt, replays it, and writes zero forbidden collections (0.7782ms) # Replica-set proof requires TEST_MODE=true before process start.
✔ [AC-02][AC-33] automation apply captures granot_http_automation then claimAndProcessOrPoll (3.9355ms)
✔ [AC-02] exact replay returns the stored terminal receipt without another capture (0.8242ms)
✔ [AC-02] accepted_for_processing yields a nonterminal receipt for the same operation ID (0.5386ms)
✔ pending_match stays accepted_for_processing until a terminal Decision exists (0.4352ms)
✔ dead-lettered receipts become bounded technical_failure (0.65ms)
✔ processing disabled leaves the durable receipt recoverable (0.4056ms)
✔ [AC-38] missing automation reference is visible and unavailable for apply (2.6036ms)
✔ [AC-38] invalid referenced Registry row is missing_reference, not a label fallback (0.4967ms)
✔ [AC-38] multiple normalized Registry matches make the automation source ambiguous (0.4143ms)
✔ [AC-38] disabled, lifecycle-disabled, or deferred Registry rows cannot be applied (0.4294ms)
✔ [AC-38] Call routes cannot satisfy a form_leads apply selection (0.9389ms)
✔ [AC-09] ready Form policy permits form_leads and never uses supported_operations as authority (1.6509ms)
﹣ [AC-21][AC-22][AC-23][AC-32] replica confirm is atomic, replay-safe, exact, and source-preserving (4.5923ms) # Replica-set proof requires TEST_MODE=true before process start.
﹣ [AC-22][AC-23] inactive catalog failure leaves the whole effect set invisible (1.6707ms) # Replica-set proof requires TEST_MODE=true before process start.
﹣ [AC-21] simultaneous confirms produce one winner and no duplicate effects (0.7179ms) # Replica-set proof requires TEST_MODE=true before process start.
﹣ [AC-20][AC-21][AC-24][AC-32] replica update fully replaces official fields with one causal chain (0.8331ms) # Replica-set proof requires TEST_MODE=true before process start.
﹣ [AC-20][AC-21][AC-32] replica No Action resolves only case and Command with exact replay (0.5471ms) # Replica-set proof requires TEST_MODE=true before process start.
﹣ [AC-24][AC-32] replica update rolls back atomically after every persisted write boundary (0.7859ms) # Replica-set proof requires TEST_MODE=true before process start.
﹣ [AC-21] replica update versus No Action has one case-revision winner (2.3085ms) # Replica-set proof requires TEST_MODE=true before process start.
﹣ Confirm omit selected_lead with unique high suggestion attaches and queues booking_chain (4.8351ms) # Replica-set proof requires TEST_MODE=true before process start.
﹣ Confirm omit selected_lead with medium-only suggestion creates a Leadless Booking (0.8706ms) # Replica-set proof requires TEST_MODE=true before process start.
﹣ Confirm Owner-selected medium attaches that Lead (2.8968ms) # Replica-set proof requires TEST_MODE=true before process start.
﹣ Confirm lost claim fails closed and does not fall through to Leadless (0.7322ms) # Replica-set proof requires TEST_MODE=true before process start.
﹣ Update Existing Booking on a Granot Leadless Booking writes official fields and Master Booked only (0.7965ms) # Replica-set proof requires TEST_MODE=true before process start.
▶ selectBookingIntakeLatestAction
  ✔ returns undefined for empty evidence (1.9109ms)
  ✔ returns priority_5 when that is the only action (0.6322ms)
  ✔ ignores priority_5 when booked or release evidence exists (0.8288ms)
  ✔ selects the temporally latest booked or release action (23.6819ms)
  ✔ tie-breaks same captured_at with higher Observation id hex (1.3644ms)
✔ selectBookingIntakeLatestAction (49.4084ms)
﹣ [AC-R9] Confirm Cancellation succeeds only for AC-R3 posture and replays (3.2708ms) # Replica-set proof requires TEST_MODE=true before process start.
﹣ [AC-R9] create-missing + latest Release writes no Cancellation (0.6804ms) # Replica-set proof requires TEST_MODE=true before process start.
﹣ [AC-R9] latest Booked on review mode is GRANOT_CASE_REVISION_CONFLICT and writes no Cancellation (0.5622ms) # Replica-set proof requires TEST_MODE=true before process start.
﹣ [AC-R9] booking commands disabled is POLICY_BLOCKED even when release command flags are true (0.7134ms) # Replica-set proof requires TEST_MODE=true before process start.
﹣ [AC-RRF-01][AC-RRF-06] Release-first Referral review No Action closes the case only (0.5131ms) # Replica-set proof requires TEST_MODE=true before process start.
﹣ [AC-RRF-02] Release-first Referral review Update keeps one Booking (0.5728ms) # Replica-set proof requires TEST_MODE=true before process start.
﹣ [AC-RRF-03] Release-first review latest Booked Cancel is GRANOT_CASE_REVISION_CONFLICT (0.9446ms) # Replica-set proof requires TEST_MODE=true before process start.
﹣ [AC-RRF-03] Release-first review latest Release Cancel creates Cancellation without a Lead (0.6277ms) # Replica-set proof requires TEST_MODE=true before process start.
﹣ [AC-RRF-05] Release-first Referral review dead Registry is GRANOT_POLICY_BLOCKED (0.53ms) # Replica-set proof requires TEST_MODE=true before process start.
﹣ [AC-RRF-01] Release-first Referral review job mismatch or pre-activation is GRANOT_IDENTITY_CONFLICT (0.57ms) # Replica-set proof requires TEST_MODE=true before process start.
▶ assertBookingIntakeCancelAllowed
  ✔ allows open review_existing_booking with latest Release (3.4135ms)
  ✔ rejects create_missing_booking even when latest action is Release (2.6032ms)
  ✔ rejects create_referral_booking even when latest action is Release (0.3505ms)
  ✔ rejects review_existing_booking when latest action is Booked (0.2792ms)
  ✔ rejects a resolved review case even when latest action is Release (3.3744ms)
✔ assertBookingIntakeCancelAllowed (13.2184ms)
▶ isAcceptedReferralPolicyAction
  ✔ [AC-RRF-01] review_existing_booking + first action release → accept (0.5691ms)
  ✔ [AC-RRF-02] review_existing_booking + first action booked → accept (0.8135ms)
  ✔ [AC-RRF-01] create_referral_booking + first action booked → accept (21.9025ms)
  ✔ [AC-RRF-01] first action priority_5 / missing / unknown / empty → reject (0.396ms)
✔ isAcceptedReferralPolicyAction (24.3203ms)
✔ [AC-P1] Priority 5 then Booked selects the preceding Priority Update (13.0131ms)
✔ [AC-P2] Booked that carries Priority 5 with no preceding Priority Update (0.6243ms)
✔ [AC-P3] Booked without valid canonical 5 is booked_without_priority_5 (1.2607ms)
✔ [AC-P4] later Priority 5 is read-time only and does not become preceding (0.9922ms)
✔ equal temporal tuple is neither preceding nor later (2.0104ms)
✔ other jobs are ignored and lead_created Priority 5 is not preceding (0.6329ms)
✔ latest older Priority 5 wins when several precede Booked (0.4626ms)
✔ throws without a Booked creating Observation or Job Number (0.957ms)
✔ isCanonicalPriorityFive requires valid canonical 5 (0.3949ms)
✔ wire and list projections keep IDs, times, route, and Priority only (3.4841ms)
﹣ [AC-28][AC-32] replica simultaneous Referral evidence opens one lead-free case and preserves Decision source policy (2.4819ms) # Replica-set proof requires TEST_MODE=true before process start.
﹣ [AC-18][AC-20][AC-32][AC-36] replica races converge, replay dedupes, and resolved rows advance max+1 (0.9846ms) # Replica-set proof requires TEST_MODE=true before process start.
﹣ [AC-20] replica candidate refresh splits owner and evidence revisions (0.4649ms) # Replica-set proof requires TEST_MODE=true before process start.
﹣ [AC-20][AC-32] replica transaction rolls back case create, refresh, and Decision failures (0.5253ms) # Replica-set proof requires TEST_MODE=true before process start.
﹣ [AC-P8] replica persists pairing on Booked open, replay is a no-op, later Priority 5 does not write (0.7068ms) # Replica-set proof requires TEST_MODE=true before process start.
﹣ [AC-R1] replica later Releas appends Release evidence on the same open Booked case (0.5084ms) # Replica-set proof requires TEST_MODE=true before process start.
﹣ [AC-R2] replica Releas first opens create-missing; later Booked refreshes the same case (0.5116ms) # Replica-set proof requires TEST_MODE=true before process start.
﹣ [AC-R7] replica later Releas after resolve opens sequence+1 create-missing; no Release case (0.5385ms) # Replica-set proof requires TEST_MODE=true before process start.
﹣ [AC-R7] replica later Releas after resolve opens sequence+1 review when Booking is still active (0.5604ms) # Replica-set proof requires TEST_MODE=true before process start.
﹣ [AC-R8] replica exact Release Observation replay is a no-op (0.7906ms) # Replica-set proof requires TEST_MODE=true before process start.
{"level":"info","time":"2026-09-19T02:45:56.087Z","service":"vantage-main-server","env":"development","msg":"granot_lifecycle.booking_case.opened","observability_level":"info","category":"booking","workflow":"granot_booking_reconciliation"}
✔ [AC-35] candidate browser preserves source scope metadata and override warning (2.6827ms)
▶ Booking Reconciliation classification
  ✔ [AC-18] Priority 5 never opens or refreshes a Booking case (12.8677ms)
  ✔ [AC-18a] Referral Priority 5 only remains not_booking_evidence (0.7785ms)
  ✔ [AC-19] actual Booked opens create-missing or review-existing and never treats ambiguity as no-case (0.6568ms)
  ✔ [AC-28][AC-39] delegates employee work, routes cancellation, and owns Referral cases (1.6642ms)
  ✔ [AC-40] excludes Bad/Duplicate or ambiguous suggestions (0.8699ms)
  ✔ [AC-18][AC-19] projects only canonical eligible candidates and bounds refresh to 24 hours (1.1567ms)
✔ Booking Reconciliation classification (19.5484ms)
▶ Booking Reconciliation persistence
  ✔ [AC-19] atomically opens one create-missing case with causal evidence and Decision (22.1343ms)
  ✔ does not increment booked again when capture already classified Booked (3.585ms)
  ✔ [AC-20] refreshes new evidence without staling case revision and dedupes Observation replay (14.2867ms)
  ✔ Observation replay does not increment Daily Operations intake again (2.1354ms)
  ✔ [AC-28] opens and refreshes a Referral case without Source Scope or Lead suggestion (2.5423ms)
  ✔ [AC-20] allocates next sequence after a resolved case and never reopens it (2.6199ms)
  ✔ [AC-P1][AC-P8] persists Booked pairing snapshot, replay is a no-op, later Priority 5 does not write (2.9395ms)
  ✔ [AC-P1] persist snapshot is priority_5_then_booked and evidence is Booked only (2.3566ms)
  ✔ [AC-P5] Releas/Release with no official Booking opens a booked booking case with release evidence (2.4452ms)
  ✔ [AC-R1] later Releas appends Release evidence on the same open Booked case (17.8571ms)
  ✔ [AC-R2] Releas first opens create-missing; later Booked refreshes the same case (1.7951ms)
  ✔ [AC-R3] official active Booking + Releas opens review_existing_booking with release evidence (0.8422ms)
  ✔ [AC-R4] officially cancelled Booking + Releas is already_current and writes no booking case (0.786ms)
  ✔ [AC-R5] officially cancelled Booking + Booked still opens booked_after_official_cancellation (0.4557ms)
  ✔ [AC-R6] identity conflict on Release opens a release_* discrepancy and no booking case (0.8715ms)
  ✔ [AC-P2][AC-P3][AC-P4] second Booked refreshes evidence and pairing snapshot (2.3261ms)
  ✔ [AC-39] fails closed when expected employee reconciliation work is absent (0.5776ms)
  ✔ actual Booked on a Granot official Leadless Booking opens review_existing_booking (2.0165ms)
✔ Booking Reconciliation persistence (84.953ms)
{"level":"info","time":"2026-09-19T02:45:56.106Z","service":"vantage-main-server","env":"development","msg":"granot_lifecycle.booking_case.opened","observability_level":"info","category":"booking","workflow":"granot_booking_reconciliation"}
{"level":"info","time":"2026-09-19T02:45:56.108Z","service":"vantage-main-server","env":"development","msg":"granot_lifecycle.booking_case.opened","observability_level":"info","category":"booking","workflow":"granot_booking_reconciliation"}
{"level":"info","time":"2026-09-19T02:45:56.110Z","service":"vantage-main-server","env":"development","msg":"granot_lifecycle.booking_case.refreshed","observability_level":"info","category":"booking","workflow":"granot_booking_reconciliation"}
{"level":"info","time":"2026-09-19T02:45:56.122Z","service":"vantage-main-server","env":"development","msg":"granot_lifecycle.booking_case.opened","observability_level":"info","category":"booking","workflow":"granot_booking_reconciliation"}
{"level":"info","time":"2026-09-19T02:45:56.123Z","service":"vantage-main-server","env":"development","msg":"granot_lifecycle.booking_case.refreshed","observability_level":"info","category":"booking","workflow":"granot_booking_reconciliation"}
{"level":"info","time":"2026-09-19T02:45:56.125Z","service":"vantage-main-server","env":"development","msg":"granot_lifecycle.booking_case.opened","observability_level":"info","category":"booking","workflow":"granot_booking_reconciliation"}
{"level":"info","time":"2026-09-19T02:45:56.126Z","service":"vantage-main-server","env":"development","msg":"granot_lifecycle.booking_case.refreshed","observability_level":"info","category":"booking","workflow":"granot_booking_reconciliation"}
{"level":"info","time":"2026-09-19T02:45:56.127Z","service":"vantage-main-server","env":"development","msg":"granot_lifecycle.booking_case.opened","observability_level":"info","category":"booking","workflow":"granot_booking_reconciliation"}
{"level":"info","time":"2026-09-19T02:45:56.128Z","service":"vantage-main-server","env":"development","msg":"granot_lifecycle.booking_case.opened","observability_level":"info","category":"booking","workflow":"granot_booking_reconciliation"}
{"level":"info","time":"2026-09-19T02:45:56.130Z","service":"vantage-main-server","env":"development","msg":"granot_lifecycle.booking_case.opened","observability_level":"info","category":"booking","workflow":"granot_booking_reconciliation"}
{"level":"info","time":"2026-09-19T02:45:56.131Z","service":"vantage-main-server","env":"development","msg":"granot_lifecycle.booking_case.refreshed","observability_level":"info","category":"booking","workflow":"granot_booking_reconciliation"}
{"level":"info","time":"2026-09-19T02:45:56.134Z","service":"vantage-main-server","env":"development","msg":"granot_lifecycle.booking_case.opened","observability_level":"info","category":"booking","workflow":"granot_booking_reconciliation"}
{"level":"info","time":"2026-09-19T02:45:56.136Z","service":"vantage-main-server","env":"development","msg":"granot_lifecycle.booking_case.opened","observability_level":"info","category":"booking","workflow":"granot_booking_reconciliation"}
{"level":"info","time":"2026-09-19T02:45:56.152Z","service":"vantage-main-server","env":"development","msg":"granot_lifecycle.booking_case.opened","observability_level":"info","category":"booking","workflow":"granot_booking_reconciliation"}
{"level":"info","time":"2026-09-19T02:45:56.154Z","service":"vantage-main-server","env":"development","msg":"granot_lifecycle.booking_case.refreshed","observability_level":"info","category":"booking","workflow":"granot_booking_reconciliation"}
{"level":"info","time":"2026-09-19T02:45:56.156Z","service":"vantage-main-server","env":"development","msg":"granot_lifecycle.booking_case.opened","observability_level":"info","category":"booking","workflow":"granot_booking_reconciliation"}
{"level":"info","time":"2026-09-19T02:45:56.157Z","service":"vantage-main-server","env":"development","msg":"granot_lifecycle.booking_case.refreshed","observability_level":"info","category":"booking","workflow":"granot_booking_reconciliation"}
{"level":"info","time":"2026-09-19T02:45:56.158Z","service":"vantage-main-server","env":"development","msg":"granot_lifecycle.booking_case.opened","observability_level":"info","category":"booking","workflow":"granot_booking_reconciliation"}
{"level":"info","time":"2026-09-19T02:45:56.161Z","service":"vantage-main-server","env":"development","msg":"granot_lifecycle.booking_case.opened","observability_level":"info","category":"booking","workflow":"granot_booking_reconciliation"}
{"level":"info","time":"2026-09-19T02:45:56.162Z","service":"vantage-main-server","env":"development","msg":"granot_lifecycle.booking_case.refreshed","observability_level":"info","category":"booking","workflow":"granot_booking_reconciliation"}
{"level":"info","time":"2026-09-19T02:45:56.164Z","service":"vantage-main-server","env":"development","msg":"granot_lifecycle.booking_case.opened","observability_level":"info","category":"booking","workflow":"granot_booking_reconciliation"}
✔ [AC-01][AC-35] capture writes a complete v2 webhook receipt with proven auth and no later fields (8.3925ms)
✔ [AC-01][AC-35] header allowlist keeps only the five bounded names (0.8538ms)
✔ [AC-02][AC-35] hashes the credential-redacted payload after allowlisting headers (1.3332ms)
✔ [AC-02] identical webhook deliveries stay distinct receipts and may share the diagnostic hash (3.1629ms)
✔ [AC-01] capture refuses an unproven authentication method before persist (1.8604ms)
✔ [AC-02][AC-33][AC-35] extension channel capture stores one browser_extension receipt and redacts credentials (1.7748ms)
✔ [AC-02] same extension operation ID + same hash replays the existing receipt (1.2524ms)
✔ [AC-02] same extension operation ID + different hash is GRANOT_OPERATION_IDEMPOTENCY_CONFLICT (1.0097ms)
✔ webhook capture records a Daily Operations receipt fact after persist (1.3143ms)
✔ booking_status_changed Booked payload records granot.booked at capture (1.4927ms)
✔ identical webhook deliveries increment Daily Operations once per receipt (1.0724ms)
✔ extension channel capture does not record a Daily Operations fact (0.5549ms)
✔ Booked webhook capture increments class and booked once (0.7582ms)
✔ unclassified booking_status_changed increments class only (0.8678ms)
✔ channel capture replay does not increment Daily Operations (1.3188ms)
✔ [AC-02] automation channel capture stores one granot_http_automation receipt (1.2876ms)
✔ [AC-02] same automation operation ID + different kind is GRANOT_OPERATION_IDEMPOTENCY_CONFLICT (1.4537ms)
✔ Owner selected_lead attaches even when the suggestion is medium (3.436ms)
✔ no selected_lead and a unique high suggestion auto-attaches (0.5278ms)
✔ no selected_lead and a medium-only suggestion stays Leadless (0.2901ms)
✔ no selected_lead and no suggestion stays Leadless (0.2563ms)
✔ source_scoped_contact never auto-attaches even if confidence were high (0.3157ms)
✔ Sheet intents distinguish attached Confirm from Leadless Confirm and Update (0.6337ms)
✔ Referral is not a Granot official Leadless Booking (0.3545ms)
﹣ Connect happy path attaches the Lead, writes EntityChange, and queues booking_chain (2.1062ms) # Replica-set proof is opt-in via GRANOT_LIFECYCLE_REPLICA_TESTS=true.
﹣ Connect already_satisfied on the exact same Lead writes no new Change (0.579ms) # Replica-set proof is opt-in via GRANOT_LIFECYCLE_REPLICA_TESTS=true.
﹣ Connect exact Idempotency-Key replay returns the durable result (0.3561ms) # Replica-set proof is opt-in via GRANOT_LIFECYCLE_REPLICA_TESTS=true.
﹣ Connect rejects Referral, cancelled, already-booked Lead, and stale revision (0.4797ms) # Replica-set proof is opt-in via GRANOT_LIFECYCLE_REPLICA_TESTS=true.
﹣ Connect flag-off is POLICY_BLOCKED (0.352ms) # Replica-set proof is opt-in via GRANOT_LIFECYCLE_REPLICA_TESTS=true.
✔ Connect sheet intent is booking_chain / booked_lead.connect_lead (3.4926ms)
✔ only Granot official Leadless Bookings without an open case are connectable (0.6101ms)
✔ Connect rejects owner_booking and employee_booking Leadless and any open case (0.7215ms)
✔ Eligible Connect Leads exclude Duplicate, Bad, cancelled, booked, and unmatched Call Leads (13.1487ms)
✔ Source assignment prefers Record Link scope, then employee snapshot, then booking source slug (1.4449ms)
✔ Lead matches booking source on company id, granularity, or slug (0.4378ms)
✔ evaluateConnectPreconditions attaches an eligible unbooked Lead (0.412ms)
✔ already_satisfied when the Booking already has this exact Lead (0.3873ms)
✔ IDENTITY_CONFLICT when the Booking already has a different Lead (0.4493ms)
✔ IDENTITY_CONFLICT when another Booking already owns the Lead (2.966ms)
✔ Referral, cancelled, Duplicate, Bad, and unmatched Call Leads are rejected (0.7461ms)
✔ stale booking revision fails closed (0.3007ms)
✔ out-of-scope without override is rejected; with reason it connects (2.9087ms)
✔ empty Connect q does not dump the book (11.5273ms)
✔ Connect Form q hits snapshot paths and omits ineligible Leads (19.724ms)
✔ Connect Call q hits snapshot paths and excludes unmatched Call Leads (3.4855ms)
✔ Connect Call q for Granot-only phone hits snapshot phone paths (5.7044ms)
✔ Connect candidates fail closed on Referral, cancelled, and open-case Bookings (24.2577ms)
﹣ [AC-08] replica concurrent same-Observation replay commits one atomic Form creation chain (3.1079ms) # Replica-set proof requires TEST_MODE=true before process start.
﹣ [AC-08][AC-09] replica Call phone is pending, Job-only is not_applicable, and fabricates no telephony (0.7918ms) # Replica-set proof requires TEST_MODE=true before process start.
﹣ [AC-08] replica Call creation rejects missing or multiple active route assignments (0.6169ms) # Replica-set proof requires TEST_MODE=true before process start.
﹣ [AC-07][AC-08] replica competing scoped Call phone identity creates nothing (0.3967ms) # Replica-set proof requires TEST_MODE=true before process start.
﹣ Race A: existing RingCentral Call Lead synchronizes even with adoption off (0.5913ms) # Replica-set proof requires TEST_MODE=true before process start.
﹣ [AC-08] replica exact replay returns stored refs; checksum conflict creates no partial state (1.2173ms) # Replica-set proof requires TEST_MODE=true before process start.
﹣ [AC-08] replica rollback after reserved-link identity race leaves zero orphan effects (0.5813ms) # Replica-set proof requires TEST_MODE=true before process start.
﹣ [AC-07][AC-08] replica concurrent same-job writers keep one Lead and one active link (0.5857ms) # Replica-set proof requires TEST_MODE=true before process start.
﹣ [AC-07][AC-08] replica processor race replans the loser through Unit 18 (0.943ms) # Replica-set proof requires TEST_MODE=true before process start.
﹣ [AC-08] replica rolls back Lead/link/Change/Decision/Command/outbox stage failures (0.9192ms) # Replica-set proof requires TEST_MODE=true before process start.
✔ [AC-08] idempotency key is observation-scoped and stable (8.0857ms)
✔ [AC-08] checksum covers Observation, model, source-scope, policy version, and creation semantics (5.0508ms)
✔ [AC-08] checksum never includes raw transport envelope or secret-bearing headers (0.8986ms)
✔ [AC-08] command envelope rejects invalid Observation, missing provenance, and wrong idempotency key (6.1259ms)
✔ create_if_missing SMS handoff requires the resolved Lead Source ID from source_scope (0.8747ms)
✔ observation-load create guard allows lead_created only (0.4005ms)
✔ command rejects priority_updated even for Call create_if_missing (0.3946ms)
✔ executeCreation requested_effect stays lead_created (2.5327ms)
✔ both Granot phone-fence sites run without the adoption flag; Job-only still skips (1.9246ms)
✔ booking intake selection prefers the latest Booked evidence (3.8536ms)
✔ booking intake selection falls back to the latest creating evidence (0.5317ms)
✔ booking intake selection prefers latest Release when the case has only Release evidence (0.6346ms)
✔ booking intake selection prefers Booked when Booked and Release evidence both exist (0.2503ms)
✔ booking intake creating observation returns the credential-redacted Booked statement (4.7207ms)
✔ booking intake creating observation is absent for missing booking cases (0.4701ms)
✔ [AC-P1] creating observation includes pairing and the preceding Priority 5 snapshot (1.6988ms)
✔ [AC-P3] Booked-without-5 still returns 200 with the Booked statement and no paired snapshot (0.8215ms)
✔ Release-only booking case creating observation is preferred_release with null pairing (1.0535ms)
✔ Booked plus Release booking case creating observation stays preferred_booked (0.9595ms)
✔ [AC-P6] historical Priority-5-only remains latest_creating with null pairing (0.6523ms)
✔ cancellation intake selection prefers the latest Release evidence (0.4907ms)
✔ cancellation intake creating observation returns the credential-redacted Release statement (1.1953ms)
✔ intake creating observation uses the booking statement when both collections could match (1.1845ms)
✔ intake creating observation is absent when neither case exists (0.5268ms)
{"level":"info","time":"2026-09-19T02:46:03.050Z","service":"vantage-main-server","env":"development","msg":"granot_lifecycle.processing.completed","receipt_id":"6aad…5ed0","observation_id":"6aad…5ed1","decision_id":"6aad…5ed4","attempt":1,"execution_mode":"historical_shadow","outcome":"linked","reason_code":"record_link_established","duration_ms":9}
✔ [AC-33] equivalent webhook and extension statements normalize to the same identity and Priority (7.0257ms)
✔ [AC-33] equivalent shadow processor outcomes match and produce zero changed paths (17.786ms)
✔ [AC-02][AC-33] apply-item envelope unwraps to the statement without a second policy (1.3681ms)
✔ [AC-02][AC-33] equivalent webhook and automation statements share Observation identity (0.9227ms)
✔ [AC-33] equivalent webhook and automation shadow desired-state outcomes match (3.8154ms)
✔ [AC-33] equivalent live webhook, extension, and automation desired states match (10.5857ms)
{"level":"info","time":"2026-09-19T02:46:03.052Z","service":"vantage-main-server","env":"development","msg":"granot_lifecycle.processing.completed","observability_level":"info","category":"mongo","workflow":"granot_lifecycle"}
{"level":"info","time":"2026-09-19T02:46:03.054Z","service":"vantage-main-server","env":"development","msg":"granot_lifecycle.processing.completed","receipt_id":"6aad…5ed2","observation_id":"6aad…5ed3","decision_id":"6aad…5ed6","attempt":1,"execution_mode":"historical_shadow","outcome":"linked","reason_code":"record_link_established","duration_ms":1}
{"level":"info","time":"2026-09-19T02:46:03.055Z","service":"vantage-main-server","env":"development","msg":"granot_lifecycle.processing.completed","observability_level":"info","category":"mongo","workflow":"granot_lifecycle"}
{"level":"info","time":"2026-09-19T02:46:03.061Z","service":"vantage-main-server","env":"development","msg":"granot_lifecycle.processing.completed","receipt_id":"6aad…5ed8","observation_id":"6aad…5ed9","decision_id":"6aad…5edc","attempt":1,"execution_mode":"historical_shadow","outcome":"linked","reason_code":"record_link_established","duration_ms":2}
{"level":"info","time":"2026-09-19T02:46:03.061Z","service":"vantage-main-server","env":"development","msg":"granot_lifecycle.processing.completed","observability_level":"info","category":"mongo","workflow":"granot_lifecycle"}
{"level":"info","time":"2026-09-19T02:46:03.062Z","service":"vantage-main-server","env":"development","msg":"granot_lifecycle.processing.completed","receipt_id":"6aad…5eda","observation_id":"6aad…5edb","decision_id":"6aad…5ede","attempt":1,"execution_mode":"historical_shadow","outcome":"linked","reason_code":"record_link_established","duration_ms":1}
{"level":"info","time":"2026-09-19T02:46:03.062Z","service":"vantage-main-server","env":"development","msg":"granot_lifecycle.processing.completed","observability_level":"info","category":"mongo","workflow":"granot_lifecycle"}
{"level":"info","time":"2026-09-19T02:46:03.069Z","service":"vantage-main-server","env":"development","msg":"granot_lifecycle.processing.completed","receipt_id":"6aad…5ee0","observation_id":"6aad…5ee1","decision_id":"6aad…5ee2","attempt":1,"execution_mode":"live","outcome":"applied","reason_code":"lead_state_changed","duration_ms":6}
{"level":"info","time":"2026-09-19T02:46:03.069Z","service":"vantage-main-server","env":"development","msg":"granot_lifecycle.processing.completed","observability_level":"info","category":"mongo","workflow":"granot_lifecycle"}
{"level":"info","time":"2026-09-19T02:46:03.071Z","service":"vantage-main-server","env":"development","msg":"granot_lifecycle.processing.completed","receipt_id":"6aad…5ee4","observation_id":"6aad…5ee5","decision_id":"6aad…5ee6","attempt":1,"execution_mode":"live","outcome":"applied","reason_code":"lead_state_changed","duration_ms":2}
{"level":"info","time":"2026-09-19T02:46:03.071Z","service":"vantage-main-server","env":"development","msg":"granot_lifecycle.processing.completed","observability_level":"info","category":"mongo","workflow":"granot_lifecycle"}
{"level":"info","time":"2026-09-19T02:46:03.073Z","service":"vantage-main-server","env":"development","msg":"granot_lifecycle.processing.completed","receipt_id":"6aad…5ee8","observation_id":"6aad…5ee9","decision_id":"6aad…5eea","attempt":1,"execution_mode":"live","outcome":"applied","reason_code":"lead_state_changed","duration_ms":1}
{"level":"info","time":"2026-09-19T02:46:03.073Z","service":"vantage-main-server","env":"development","msg":"granot_lifecycle.processing.completed","observability_level":"info","category":"mongo","workflow":"granot_lifecycle"}
﹣ [AC-36] partial unique index allows one open fingerprint and a resolved history row (3.9011ms) # Replica proof requires testvantagemovers.
﹣ [AC-35][AC-36] No Action is exactly replayable and a revision race has one winner with zero Changes/Sheets (0.8611ms) # Replica proof requires testvantagemovers.
﹣ [AC-26][AC-36] re-evaluation leaves an unchanged current conflict open and exactly replays (0.4486ms) # Replica proof requires testvantagemovers.
﹣ [AC-23][AC-35] correction atomically preserves the old link and Lead scope with two Changes and zero official/Sheet effects (0.5666ms) # Replica proof requires testvantagemovers.
﹣ [AC-23][AC-36] correction failure after Change writes rolls back link, discrepancy, Command, and Changes (0.599ms) # Replica proof requires testvantagemovers.
{"level":"info","time":"2026-09-19T02:46:03.775Z","service":"vantage-main-server","env":"development","msg":"granot_lifecycle.booking_discrepancy.opened","observability_level":"info","category":"admin","workflow":"granot_discrepancy"}
▶ Granot discrepancy fingerprint
  ✔ [AC-35][AC-36] freezes versioned canonical non-PII identity (2.3378ms)
  ✔ [AC-26][AC-27][AC-35] includes every null identity key and excludes evidence/display data (1.5338ms)
✔ Granot discrepancy fingerprint (5.9348ms)
▶ Granot discrepancy persistence
  ✔ [AC-26][AC-36] opens, refreshes, and exactly deduplicates one fingerprint (12.1469ms)
✔ Granot discrepancy persistence (12.4414ms)
{"level":"info","time":"2026-09-19T02:46:03.779Z","service":"vantage-main-server","env":"development","msg":"granot_lifecycle.booking_discrepancy.refreshed","observability_level":"info","category":"admin","workflow":"granot_discrepancy"}
﹣ [AC-30] replica-set two claimants have one winner (2.7686ms) # Replica-set proof requires TEST_MODE=true before process start.
﹣ [AC-30] replica-set expired lease recovers and stale owner cannot finalize (0.746ms) # Replica-set proof requires TEST_MODE=true before process start.
﹣ [AC-30] replica-set attempt 10 dead-letters with zero Decision (0.4254ms) # Replica-set proof requires TEST_MODE=true before process start.
﹣ [AC-37] replica-set concurrent requeue has one winner and one audit (0.5731ms) # Replica-set proof requires TEST_MODE=true before process start.
﹣ [AC-30] replica-set queue and cron due scan share the claim fence (0.4289ms) # Replica-set proof requires TEST_MODE=true before process start.
{"level":"info","time":"2026-09-19T02:46:05.408Z","service":"vantage-main-server","env":"development","msg":"granot_lifecycle.claim.recovered","observability_level":"info","category":"mongo","workflow":"granot_lifecycle","entity_id":"6aadf7...9356"}
✔ claim predicate and update match Section 26 exactly (8.0788ms)
✔ [AC-30] foundation terminal processor outcomes complete and reset technical budget (4.6853ms)
✔ [AC-30] foundation pending_match increments match_attempt once and does not consume technical budget (2.8614ms)
✔ [AC-30] foundation pending_match at 24 hours completes and is not scheduled further (1.2608ms)
✔ [AC-30] foundation insufficient_creation_data completes and is never converted to pending match (1.8224ms)
✔ [AC-30] foundation unknown outcome fails closed as a technical contract error (15.2608ms)
✔ [AC-30] foundation dependency failure creates no Decision and schedules technical retry (3.7886ms)
✔ [AC-30] foundation consecutive technical failure 10 dead-letters with a safe error (3.1325ms)
✔ two claimants have one winner and an unexpired lease cannot be stolen (1.2087ms)
✔ expired lease recovers and increments the recovery counter only after success (8.7384ms)
✔ stale owner cannot renew or finalize (0.7425ms)
✔ processing disabled skips without claiming (0.6159ms)
✔ [AC-30] foundation historical shadow drain creates no forbidden aggregate effects (0.8416ms)
✔ synchronous loser polls at most five seconds and never starts a second processor (1.6357ms)
✔ synchronous completed work returns the stored processor result (0.639ms)
✔ queue wakeup parser accepts only { receipt_id } (0.9311ms)
﹣ [AC-02] concurrent same operation ID + same hash yields one receipt (1.7375ms) # Replica-set proof is opt-in via GRANOT_LIFECYCLE_REPLICA_TESTS=true.
﹣ [AC-02] concurrent same operation ID + different hash has one winner and 409 (0.491ms) # Replica-set proof is opt-in via GRANOT_LIFECYCLE_REPLICA_TESTS=true.
✔ [AC-33][AC-35] apply captures a browser_extension receipt then claim/process-or-poll (5.9926ms)
✔ [AC-02] replayed capture still returns the stored processor result (0.6049ms)
✔ [AC-02] accepted_for_processing keeps the same operation ID for refresh (0.5393ms)
✔ [AC-33] expected_target disagreement is a non-syncable conflict and never an override (0.4928ms)
✔ [AC-35] compatibility messages are fixed and never echo payload values (0.3085ms)
✔ [AC-32] temporal comparator treats a missing stored winner as newer (2.1271ms)
✔ [AC-32] temporal comparator compares captured_at before Observation ObjectId (0.4208ms)
✔ [AC-32] equal captured_at uses lowercase 24-character Observation ObjectId hex (0.5713ms)
✔ [AC-32] exact same temporal tuple is same and never a second winner (0.3681ms)
✔ [AC-32] no source, channel, or Priority can be encoded in the temporal tuple (6.1251ms)
✔ [AC-39] Booking without a Lead returns Booking Lead Reconciliation delegation only (5.8132ms)
✔ [AC-04] module portion multiple current Bookings are an operational Job conflict (0.7851ms)
✔ [AC-07] module portion Record Link model mismatch is a hard conflict (0.9765ms)
✔ missing Record Link Lead is a hard conflict and not a contact fallback (0.748ms)
✔ [AC-07] module portion Call ladder never queries phone without Source Granularity (2.1349ms)
✔ Booking owner that differs from a contact candidate is conflict evidence, not reassignment (4.9809ms)
﹣ [AC-07] replica identity is read-only across lifecycle and aggregate collections (4.8883ms) # Replica-set proof requires TEST_MODE=true before process start.
﹣ [AC-13] replica cross-field Agent username contradiction returns no suggestion (0.9235ms) # Replica-set proof requires TEST_MODE=true before process start.
﹣ [AC-39] replica Booking without Lead delegates and writes no case (2.0013ms) # Replica-set proof requires TEST_MODE=true before process start.
﹣ replica active Record Link lookup is findOne and writes nothing (1.0729ms) # Replica-set proof requires TEST_MODE=true before process start.
﹣ [AC-04] replica Call Job query is granularity-scoped and read-only (1.867ms) # Replica-set proof requires TEST_MODE=true before process start.
✔ [AC-09] identity portion missing or invalid route never queries a Lead (5.544ms)
✔ [AC-29] identity portion deferred policy and provider type never enter a Lead ladder (0.7891ms)
✔ [AC-03] exact Form ref_no match verifies Source Scope and does not post (1.6364ms)
✔ [AC-03] valid 24-character ObjectId compatibility lookup remains a later rung (0.9337ms)
✔ [AC-03] blank or not-provided Form reference is never queried (1.1039ms)
✔ [AC-04] Form ref with conflicting Source Scope is a hard conflict and stops contact fallback (0.8514ms)
✔ [AC-04] Call Job outside resolved Source Granularity is never a global match (1.4004ms)
✔ [AC-04] Record Link Source Scope conflict does not continue the Form ladder (0.9207ms)
✔ [AC-04] Booking owner with conflicting Source Scope is conflict evidence (0.765ms)
✔ [AC-07] identity portion returns one deterministic Form target and never queries globally (1.3039ms)
✔ current and immutable Form contact values dedupe to one candidate (0.6172ms)
✔ job-only Record Link is evidence and the Form ladder continues (0.4683ms)
✔ usable Record Link with agreeing scope stops on granot_record_link (0.5174ms)
✔ Duplicate Form Lead is ineligible on exact identity (0.4451ms)
✔ Bad Form Lead is priority_only from strong exact identity and excluded from contact matching (0.6246ms)
✔ inbound letter prefix is the same Job as Granot digits (1.6867ms)
✔ conflicting nonempty Job Numbers are a hard conflict (0.4222ms)
✔ multiple eligible Form contact candidates are ambiguous (0.4612ms)
✔ Call Job rung is scoped and Duplicate Call Leads remain readable (0.5966ms)
✔ Call unique Job wins when Observation phone matches a different Lead (0.4631ms)
✔ Call with no Job on the Lead still binds by operational phone (0.5266ms)
✔ two eligible Call Jobs are a conflict (0.4492ms)
✔ Call phone query omits granot_contact_snapshot (1.0458ms)
✔ Call current and ingested phones dedupe to one Lead (0.4745ms)
✔ [AC-08] multiple scoped Call phone candidates are a creation conflict (0.5989ms)
✔ [AC-13] identity portion equal usernames suggest one active Agent and never mutate (0.8959ms)
✔ [AC-13] identity portion differing user and rep block Agent suggestion (0.3936ms)
✔ [AC-13] more than one active Agent for one username returns no suggestion (0.4341ms)
✔ Referral policy returns leadless context and performs no Lead search (0.529ms)
✔ [AC-35] portion last_error strips payload, credentials, and contact text (3.635ms)
✔ [AC-35] portion last_error keeps a bounded safe code and short message (1.1731ms)
✔ unknown error codes collapse to a bounded technical class (0.7063ms)
✔ [AC-10] WordPress submitted contact and Granot snapshot stay separately identifiable and masked (5.9599ms)
✔ [AC-05] all listed Priority forms canonicalize into desired state; only 1/5 enrich and set quoted true (10.2181ms)
✔ [AC-05] leading-zero canonical 5 enriches; no Priority plans quoted false (1.0167ms)
✔ [AC-06] malformed Priority Update is invalid and plans nothing (1.7621ms)
✔ [AC-06] malformed Priority on Lead Created/Booked/Release skips Priority and continues (1.0666ms)
✔ [AC-07] matched Lead Created selects one target and never plans a second Lead (2.5022ms)
✔ [AC-08] create_if_missing with minimum data authorizes the gated creation command (0.9646ms)
✔ [AC-08] incomplete create_if_missing is exact insufficient_creation_data (0.5687ms)
✔ [AC-09] Local vs long-distance route result controls Form minimum-data eligibility (2.6881ms)
✔ [AC-10] WordPress primary contact and immutable snapshot never enter changed paths (0.8862ms)
✔ [AC-11] WordPress immutable move snapshot and Vantage move_size stay unchanged (3.4776ms)
✔ [AC-12] RingCentral Call qualified contact plans Granot Contact Snapshot only (1.1888ms)
✔ granot_lead_created Call later different Granot phone plans snapshot only (0.8058ms)
✔ Priority 8 Call Lead does not plan Granot Contact Snapshot (0.5388ms)
✔ [AC-13] empty receiver fills from one active Agent at a non-1/5 Priority (1.4087ms)
✔ [AC-13] Agent conflict or existing receiver never overwrites (1.3482ms)
✔ [AC-30] link_only pending match persists the next offset and becomes unmatched at 24h (11.1402ms)
✔ [AC-30] incomplete creation data is never scheduled as pending match (0.4478ms)
✔ [AC-32] no-op desired state creates no changed paths (0.8992ms)
✔ Call Lead snapshot formatting-only Granot contact does not remanufacture a change (0.4604ms)
✔ WordPress snapshot formatting-only Granot contact does not remanufacture a change (0.421ms)
✔ [AC-32] older temporal winner is stale and plans no desired-state effect (0.3311ms)
✔ Bad exact Form target plans only valid Priority; Duplicate has no target (0.4662ms)
✔ letter-prefixed Lead Job matches Granot digits and does not conflict (0.8879ms)
✔ equivalent formatting does not manufacture a Job Number change (0.3637ms)
✔ observation_only policy stays evidence-only (0.234ms)
✔ Call create_if_missing + priority_updated + unmatched + Job is not eligible (0.3278ms)
✔ Call create_if_missing + lead_created stays eligible (0.2918ms)
✔ Form create_if_missing + lead_created stays eligible (0.3758ms)
✔ Call link_only + priority_updated is not eligible (0.2399ms)
✔ Form create_if_missing + priority_updated is not eligible (0.2851ms)
✔ Call create_if_missing + booking_status_changed is not eligible (0.267ms)
✔ invalid Call priority_updated never creates even with create_if_missing (0.3129ms)
✔ SSE snapshot then streams newer receipts and heartbeats before closing (3.6397ms)
✔ SSE reconnect with Last-Event-ID skips the snapshot and continues from the cursor (0.7474ms)
✔ [AC-L4] late intake_link emits receipt_updated without advancing the capture cursor (1.3077ms)
✔ SSE does not emit receipt_updated for a brand-new receipt just sent as receipt (1.4042ms)
✔ extractLiveWebhookLead reads name, contact, job, and move fields from a Granot body (3.2246ms)
✔ projectLiveWebhookReceipt keeps webhook lead facts and strips credential keys (3.3444ms)
✔ projectLiveWebhookReceipt ignores extension receipts and unknown event classes (0.3975ms)
✔ live receipt event ids round-trip captured_at and receipt_id (1.7245ms)
✔ [AC-L1] lead_created and priority_updated keep observation_id but never a non-null intake_link (2.7511ms)
✔ [AC-L2] booking_status_changed links the unique booking case that holds the Observation (1.4897ms)
✔ [AC-L3] empty, unsupported, or discrepancy-only booking_status_changed never gets an intake_link (2.4718ms)
✔ [AC-L5] two receipts on the same job only link the Observation that is on the case (7.7621ms)
✔ duplicate booking cases for one Observation fail closed and record an operational event (1.0616ms)
✔ missing Observation yields null observation_id and intake_link (0.6748ms)
✔ [AC-35] portion Unit 08 metrics accept only bounded error-code labels (2.3744ms)
✔ [AC-31][AC-35] Section 33 metric names stay exact and receipt labels stay closed (3.0097ms)
✔ [AC-18][AC-19] Booking-case gauge is current cardinality, not an evidence counter (0.8563ms)
✔ [AC-05][AC-06] one receipt upserts one Observation and sequential reprocess reuses it (6.1933ms)
✔ [AC-05] concurrent same-candidate inserts collapse to one stored row (1.1375ms)
✔ [AC-05] a differing candidate fails closed and does not overwrite stored evidence (1.6499ms)
✔ [AC-06] invalid and unsupported results persist as completed classifications (1.1288ms)
✔ [AC-05] technical insert failure creates no partial second row (0.4944ms)
✔ [AC-05][AC-29] upsertGranotObservation normalizes an already-read receipt without Registry or aggregate fields (2.6422ms)
✔ [AC-05][AC-06][AC-25][AC-29] every Unit 01 fixture produces the expected normalized facts (28.8548ms)
✔ [AC-05] Priority 0, 1, 5, 8, 05, all-zero, and 12-digit retain raw/canonical/valid without enrichment (1.6315ms)
✔ [AC-06] missing or malformed Priority invalidates Priority Update only (1.6237ms)
✔ [AC-25] exact Booked, Releas, and Release aliases normalize; Released and prefixes do not (0.6433ms)
✔ [AC-29] type=AUTO stays provider context and does not supply source classification (0.6656ms)
✔ [AC-05] webhook, extension, and automation parity fixtures share normalized business fields (1.9829ms)
✔ [AC-06] lead_created payload event type is accepted case-insensitively (0.3795ms)
✔ [AC-06] non-object payload and route/event conflicts persist as terminal invalid vocabulary (0.7918ms)
✔ [AC-06] unsupported Booking Action is not upgraded or downgraded by Priority (0.4186ms)
✔ [AC-05][AC-29] source, identity, contact, move, money, and agent rules cover NFKC, bounds, and invalid dates (52.0539ms)
✔ [AC-05] omitted service_type and unused cubic_rate do not change extracted webhook facts (0.8441ms)
✔ [AC-05] display money never becomes domain command input (0.5981ms)
✔ fixture inventory paths normalize Windows and POSIX separators identically (2.2706ms)
✔ [AC-03][AC-05][AC-06][AC-29] every committed fixture satisfies the strict contract (6.5387ms)
✔ [AC-03][AC-05][AC-06][AC-29] invalid fixture authority and metadata combinations are rejected (11.8161ms)
✔ [AC-03] identity fixtures preserve exact-reference priority and blank compatibility boundaries (0.6267ms)
✔ [AC-05] valid Priority fixtures freeze raw and canonical values without false downgrade authority (0.7182ms)
✔ [AC-06] malformed Priority and exact Booking Action aliases retain independent behavior (1.1134ms)
✔ [AC-29] source labels remain separate from provider type and deferred effects (0.8664ms)
✔ [AC-05][AC-06] equivalent statements seed cross-channel normalization parity (0.8541ms)
✔ [AC-03][AC-05][AC-06][AC-29] scanner accepts all schema-validated fixture sources (1053.652ms)
✔ [AC-03][AC-05][AC-06][AC-29] scanner rejects injected sensitive material with safe locations only (384.5781ms)
✔ [AC-03][AC-05][AC-06][AC-29] scanner rejects raw and prohibited fixture source paths (0.6093ms)
✔ [AC-03][AC-05][AC-06][AC-29] recursive inventory rejects alternate durable fixture sources (22.8739ms)
{"level":"info","time":"2026-09-19T02:46:12.579Z","service":"vantage-main-server","env":"development","msg":"granot_lifecycle.booking_case.opened","observability_level":"info","category":"admin","workflow":"granot_lifecycle"}
✔ [AC-35][AC-37] Unit 30 event catalog is frozen and aliases are one-way (4.6663ms)
✔ [AC-35] sanitizer drops payload, contact, credentials, and free-form reason text (1.0168ms)
✔ [AC-35] sanitizer masks identifiers case-insensitively and retains bounded conflict codes (0.4035ms)
✔ [AC-35] unknown catalog keys are dropped and emission never throws (3.1674ms)
✔ [AC-31][AC-37] apply/replay/conflict stay distinguishable and replay emits no resolve (1.3171ms)
✔ [AC-35] owner command conflicts increment closed codes only (1.7502ms)
{"level":"info","time":"2026-09-19T02:46:12.581Z","service":"vantage-main-server","env":"development","msg":"granot_lifecycle.owner_command.applied","observability_level":"info","category":"admin","workflow":"granot_lifecycle"}
{"level":"info","time":"2026-09-19T02:46:12.582Z","service":"vantage-main-server","env":"development","msg":"granot_lifecycle.booking_case.resolved","observability_level":"info","category":"admin","workflow":"granot_lifecycle"}
{"level":"info","time":"2026-09-19T02:46:12.582Z","service":"vantage-main-server","env":"development","msg":"granot_lifecycle.owner_command.replayed","observability_level":"info","category":"admin","workflow":"granot_lifecycle"}
{"level":"warn","time":"2026-09-19T02:46:12.583Z","service":"vantage-main-server","env":"development","msg":"granot_lifecycle.owner_command.conflict","observability_level":"warn","category":"admin","workflow":"granot_lifecycle"}
{"level":"warn","time":"2026-09-19T02:46:12.583Z","service":"vantage-main-server","env":"development","msg":"granot_lifecycle.owner_command.conflict","observability_level":"warn","category":"admin","workflow":"granot_lifecycle"}
﹣ [AC-31][AC-35][AC-37][AC-38] replica health counts come from Mongo and do not mutate official facts (3.1351ms) # Replica-set proof requires TEST_MODE=true before process start.
{"level":"info","time":"2026-09-19T02:46:13.664Z","service":"vantage-main-server","env":"development","msg":"granot_lifecycle.activation.committed","activation_id":"6aadf7...c092","activated_at":"2026-08-17T16:00:00.000Z","processor_version":"granot-lifecycle-processor-v1","request_id":"req-activation-test"}
✔ [AC-31] foundation Owner activation is write-once and returns a safe projection (7.933ms)
✔ [AC-31] foundation Admin without Owner cannot activate (0.806ms)
✔ [AC-31] activation audit failure cannot roll back the committed activation (0.897ms)
﹣ [AC-31] foundation replica-set concurrent activation has one winner (0.5242ms) # Replica-set proof is opt-in via GRANOT_LIFECYCLE_REPLICA_TESTS=true.
✔ [AC-37] Owner requeue moves dead_letter to pending without replacing evidence (1.7591ms)
✔ [AC-37] requeue audit failure cannot roll back the receipt transition (1.0018ms)
✔ [AC-37] requeue of completed or claimed work conflicts and creates no audit (2.5159ms)
✔ [AC-37] missing receipt returns GRANOT_RECEIPT_NOT_FOUND (0.8964ms)
✔ [AC-37] Admin without Owner cannot requeue (0.5006ms)
✔ [AC-35] portion activation projection omits reason and actor PII (0.6394ms)
{"level":"info","time":"2026-09-19T02:46:13.669Z","service":"vantage-main-server","env":"development","msg":"granot_lifecycle.activation.committed","activation_id":"6aadf7...c093","activated_at":"2026-08-17T16:00:00.000Z","processor_version":"granot-lifecycle-processor-v1","request_id":"req-activation-test"}
{"level":"info","time":"2026-09-19T02:46:13.672Z","service":"vantage-main-server","env":"development","msg":"granot_lifecycle.manual_requeue.committed","receipt_id":"6aadf7...c094","prior_state":"dead_letter","new_state":"pending","manual_requeue_count":1,"request_id":"req-activation-test"}
{"level":"info","time":"2026-09-19T02:46:13.673Z","service":"vantage-main-server","env":"development","msg":"granot_lifecycle.manual_requeue.committed","receipt_id":"6aadf7...c096","prior_state":"dead_letter","new_state":"pending","manual_requeue_count":1,"request_id":"req-activation-test"}
﹣ [AC-32] replica temporal CAS one winner advances metadata without revision/Change/outbox (5.219ms) # Replica-set proof requires TEST_MODE=true before process start.
﹣ [AC-32] replica concurrent temporal loser re-evaluates stale and does not persist already_current (1.2962ms) # Replica-set proof requires TEST_MODE=true before process start.
{"level":"info","time":"2026-09-19T02:46:18.009Z","service":"vantage-main-server","env":"development","msg":"granot_lifecycle.processing.completed","receipt_id":"6aad…f460","observation_id":"6aad…f45f","decision_id":"6aad…f464","attempt":1,"execution_mode":"live","outcome":"pending_match","reason_code":"pending_source_scoped_match","duration_ms":33}
✔ [AC-18] processor does not invoke Booking reconciliation for Priority 5 (58.2904ms)
✔ [AC-18] Priority 5 with booking cases enabled still applies lead desired-state (73.0554ms)
✔ [AC-18][AC-19] processor invokes Booking reconciliation only in live gate-enabled posture (28.5731ms)
✔ [AC-25][AC-26][AC-27][AC-P5] processor invokes Booking reconciliation for live gate-enabled Release evidence (5.9273ms)
✔ [AC-26][AC-27][AC-36][AC-R6] processor persists Release identity conflict through the discrepancy module (3.1636ms)
✔ [AC-R4] officially cancelled Booking + Release is already_current via Booking reconciliation (9.4903ms)
✔ Release booking-case early-return does not invoke synchronizeLeadFromGranot (7.4101ms)
✔ [AC-02] portion identical webhook evidence in two receipts creates two Decisions (4.0078ms)
✔ [AC-02] portion same observation/attempt replay returns one Decision (3.1113ms)
✔ [AC-02] portion a differing stored Decision is an integrity failure (3.3276ms)
✔ [AC-31] foundation pre-activation receipts stay historical and create no live effects (1.4416ms)
✔ [AC-31] foundation live-shadow Decisions are not promoted and mutate no Record Link (1.6507ms)
✔ [AC-32] portion historical establishment, confirmation, and conflict keep one active link (5.4067ms)
✔ [AC-32] portion invalid, unsupported, and unclassified paths create no link or forbidden effects (2.748ms)
✔ processing disabled refuses unless a test supplies config (0.7188ms)
✔ [AC-31] foundation live configuration with no match stays pending and mutates no Lead (1.4482ms)
﹣ [AC-32] portion replica-set Decision+link persist atomically and unique job races keep one active link (0.7581ms) # Replica-set proof requires TEST_MODE=true before process start.
✔ [AC-07] shadow matched Lead Created records one target and never claims a second Lead (44.1005ms)
✔ [AC-08] foundation eligible create_if_missing stays suppressed with no reservation (27.1044ms)
✔ [AC-30] processor emits terminal unmatched at 24 hours (5.0652ms)
✔ [AC-06] malformed Priority on Lead Created continues independent identity work (2.4801ms)
✔ [AC-32] shadow no-op already_current writes no Change, Sheet, or Record Link (21.1813ms)
✔ [AC-32] live test posture advances metadata-only winner and does not emit Change (2.3055ms)
✔ [AC-32] CAS loser re-evaluates as stale and never persists already_current (3.2842ms)
✔ gate snapshot uses real policy facts in stable eight-name order (20.3472ms)
✔ [AC-35] portion Decision metrics use only bounded enum labels (1.6085ms)
✔ [AC-05][AC-07] live authorized matched write invokes synchronizeLeadFromGranot once (22.6952ms)
✔ [AC-32] live applied Decision replays without a second command after the Lead is current (6.0721ms)
✔ [AC-32] lost live command race replans as stale and never persists applied (26.8358ms)
✔ [AC-32] already_current exact link does not invoke the command (1.7007ms)
✔ [AC-32] stale classification does not invoke the command (30.7513ms)
✔ [AC-32] inactive Source Company is policy_blocked and never invokes the command (5.5489ms)
✔ [AC-07] live already_current with no active link still invokes association (5.0825ms)
✔ [AC-08] live eligible no-match invokes createLeadFromGranot once with the exact no-patch command (18.7932ms)
✔ [AC-08] live authorized Job-only Call invokes creation and multiple candidates block it (22.0356ms)
✔ RingCentral-origin Call Lead plus later Granot Call observation synchronizes and does not create (4.706ms)
✔ fence identity race replans Call create_if_missing onto the RingCentral Call Lead (4.0607ms)
✔ Call Job versus phone pointing at two Leads is job_number_conflict and never creates (2.7248ms)
✔ [AC-07] live matched Lead Created never invokes createLeadFromGranot (2.3991ms)
✔ [AC-07] identity race winner replans through Unit 18 and never retries blind creation (4.6088ms)
✔ [AC-07] lead-less active link reservation replans as record-link conflict (6.3266ms)
✔ [AC-07] unrelated duplicate-key failures remain technical errors (2.0071ms)
✔ [AC-08] disabled, shadow, incomplete, and route-failure paths create no command (6.2324ms)
✔ [AC-09] live Form same states select Local; differing states select long-distance; invalid ZIP/state create no command (6.2034ms)
✔ pending_match records granot.pending_match with parent_receipt_id (1.8291ms)
✔ unmatched records granot.unmatched and created is not minted by the processor (2.3011ms)
✔ same observation/attempt replay does not increment Daily Operations again (2.8479ms)
{"level":"info","time":"2026-09-19T02:46:18.013Z","service":"vantage-main-server","env":"development","msg":"granot_lifecycle.processing.completed","observability_level":"info","category":"mongo","workflow":"granot_lifecycle"}
{"level":"info","time":"2026-09-19T02:46:18.095Z","service":"vantage-main-server","env":"development","msg":"granot_lifecycle.processing.completed","receipt_id":"6aad…f466","observation_id":"6aad…f465","decision_id":"6aad…f46b","attempt":1,"execution_mode":"live","outcome":"applied","reason_code":"lead_state_changed","duration_ms":68}
{"level":"info","time":"2026-09-19T02:46:18.095Z","service":"vantage-main-server","env":"development","msg":"granot_lifecycle.processing.completed","observability_level":"info","category":"mongo","workflow":"granot_lifecycle"}
{"level":"info","time":"2026-09-19T02:46:18.122Z","service":"vantage-main-server","env":"development","msg":"granot_lifecycle.processing.completed","receipt_id":"6aad…f46e","observation_id":"6aad…f46d","decision_id":"6aad…f472","attempt":1,"execution_mode":"live","outcome":"linked","reason_code":"booking_case_opened","duration_ms":1}
{"level":"info","time":"2026-09-19T02:46:18.122Z","service":"vantage-main-server","env":"development","msg":"granot_lifecycle.processing.completed","observability_level":"info","category":"mongo","workflow":"granot_lifecycle"}
{"level":"info","time":"2026-09-19T02:46:18.123Z","service":"vantage-main-server","env":"development","msg":"granot_lifecycle.processing.completed","receipt_id":"6aad…f46e","observation_id":"6aad…f46d","decision_id":"6aad…f477","attempt":1,"execution_mode":"live","outcome":"pending_match","reason_code":"pending_source_scoped_match","duration_ms":1}
{"level":"info","time":"2026-09-19T02:46:18.123Z","service":"vantage-main-server","env":"development","msg":"granot_lifecycle.processing.completed","observability_level":"info","category":"mongo","workflow":"granot_lifecycle"}
{"level":"info","time":"2026-09-19T02:46:18.128Z","service":"vantage-main-server","env":"development","msg":"granot_lifecycle.processing.completed","receipt_id":"6aad…f479","observation_id":"6aad…f478","decision_id":"6aad…f47d","attempt":1,"execution_mode":"live","outcome":"linked","reason_code":"booking_case_opened","duration_ms":3}
{"level":"info","time":"2026-09-19T02:46:18.128Z","service":"vantage-main-server","env":"development","msg":"granot_lifecycle.processing.completed","observability_level":"info","category":"mongo","workflow":"granot_lifecycle"}
{"level":"info","time":"2026-09-19T02:46:18.130Z","service":"vantage-main-server","env":"development","msg":"granot_lifecycle.processing.completed","receipt_id":"6aad…f479","observation_id":"6aad…f478","decision_id":"6aad…f482","attempt":1,"execution_mode":"live","outcome":"pending_match","reason_code":"pending_source_scoped_match","duration_ms":0}
{"level":"info","time":"2026-09-19T02:46:18.130Z","service":"vantage-main-server","env":"development","msg":"granot_lifecycle.processing.completed","observability_level":"info","category":"mongo","workflow":"granot_lifecycle"}
{"level":"info","time":"2026-09-19T02:46:18.133Z","service":"vantage-main-server","env":"development","msg":"granot_lifecycle.processing.completed","receipt_id":"6aad…f484","observation_id":"6aad…f483","decision_id":"6aad…f488","attempt":1,"execution_mode":"live","outcome":"conflict","reason_code":"release_discrepancy_opened","duration_ms":1}
{"level":"info","time":"2026-09-19T02:46:18.133Z","service":"vantage-main-server","env":"development","msg":"granot_lifecycle.processing.completed","observability_level":"info","category":"mongo","workflow":"granot_lifecycle"}
{"level":"info","time":"2026-09-19T02:46:18.141Z","service":"vantage-main-server","env":"development","msg":"granot_lifecycle.processing.completed","receipt_id":"6aad…f48b","observation_id":"6aad…f48a","decision_id":"6aad…f490","attempt":1,"execution_mode":"live","outcome":"already_current","reason_code":"booking_already_cancelled","duration_ms":7}
{"level":"info","time":"2026-09-19T02:46:18.141Z","service":"vantage-main-server","env":"development","msg":"granot_lifecycle.processing.completed","observability_level":"info","category":"mongo","workflow":"granot_lifecycle"}
{"level":"info","time":"2026-09-19T02:46:18.148Z","service":"vantage-main-server","env":"development","msg":"granot_lifecycle.processing.completed","receipt_id":"6aad…f492","observation_id":"6aad…f491","decision_id":"6aad…f497","attempt":1,"execution_mode":"live","outcome":"linked","reason_code":"booking_case_opened","duration_ms":2}
{"level":"info","time":"2026-09-19T02:46:18.148Z","service":"vantage-main-server","env":"development","msg":"granot_lifecycle.processing.completed","observability_level":"info","category":"mongo","workflow":"granot_lifecycle"}
{"level":"info","time":"2026-09-19T02:46:18.150Z","service":"vantage-main-server","env":"development","msg":"granot_lifecycle.processing.completed","receipt_id":"6aad…f492","observation_id":"6aad…f491","decision_id":"6aad…f49c","attempt":1,"execution_mode":"live","outcome":"linked","reason_code":"booking_case_refreshed","duration_ms":1}
{"level":"info","time":"2026-09-19T02:46:18.150Z","service":"vantage-main-server","env":"development","msg":"granot_lifecycle.processing.completed","observability_level":"info","category":"mongo","workflow":"granot_lifecycle"}
{"level":"info","time":"2026-09-19T02:46:18.153Z","service":"vantage-main-server","env":"development","msg":"granot_lifecycle.processing.completed","receipt_id":"6aad…f49f","observation_id":"6aad…f49e","decision_id":"6aad…f4a9","attempt":1,"execution_mode":"historical_shadow","outcome":"linked","reason_code":"record_link_established","duration_ms":2}
{"level":"info","time":"2026-09-19T02:46:18.153Z","service":"vantage-main-server","env":"development","msg":"granot_lifecycle.processing.completed","observability_level":"info","category":"mongo","workflow":"granot_lifecycle"}
{"level":"info","time":"2026-09-19T02:46:18.154Z","service":"vantage-main-server","env":"development","msg":"granot_lifecycle.processing.completed","receipt_id":"6aad…f4a0","observation_id":"6aad…f4a1","decision_id":"6aad…f4ab","attempt":1,"execution_mode":"historical_shadow","outcome":"linked","reason_code":"record_link_established","duration_ms":1}
{"level":"info","time":"2026-09-19T02:46:18.155Z","service":"vantage-main-server","env":"development","msg":"granot_lifecycle.processing.completed","observability_level":"info","category":"mongo","workflow":"granot_lifecycle"}
{"level":"info","time":"2026-09-19T02:46:18.157Z","service":"vantage-main-server","env":"development","msg":"granot_lifecycle.processing.completed","receipt_id":"6aad…f4ae","observation_id":"6aad…f4ad","decision_id":"6aad…f4b2","attempt":1,"execution_mode":"historical_shadow","outcome":"linked","reason_code":"record_link_established","duration_ms":2}
{"level":"info","time":"2026-09-19T02:46:18.157Z","service":"vantage-main-server","env":"development","msg":"granot_lifecycle.processing.completed","observability_level":"info","category":"mongo","workflow":"granot_lifecycle"}
{"level":"info","time":"2026-09-19T02:46:18.163Z","service":"vantage-main-server","env":"development","msg":"granot_lifecycle.processing.completed","receipt_id":"6aad…f4be","observation_id":"6aad…f4bd","decision_id":"6aad…f4c2","attempt":1,"execution_mode":"historical_shadow","outcome":"linked","reason_code":"record_link_established","duration_ms":1}
{"level":"info","time":"2026-09-19T02:46:18.163Z","service":"vantage-main-server","env":"development","msg":"granot_lifecycle.processing.completed","observability_level":"info","category":"mongo","workflow":"granot_lifecycle"}
{"level":"info","time":"2026-09-19T02:46:18.164Z","service":"vantage-main-server","env":"development","msg":"granot_lifecycle.processing.completed","receipt_id":"6aad…f4c5","observation_id":"6aad…f4c4","decision_id":"6aad…f4c9","attempt":1,"execution_mode":"live_shadow","outcome":"pending_match","reason_code":"pending_source_scoped_match","duration_ms":0}
{"level":"info","time":"2026-09-19T02:46:18.164Z","service":"vantage-main-server","env":"development","msg":"granot_lifecycle.processing.completed","observability_level":"info","category":"mongo","workflow":"granot_lifecycle"}
{"level":"info","time":"2026-09-19T02:46:18.166Z","service":"vantage-main-server","env":"development","msg":"granot_lifecycle.processing.completed","receipt_id":"6aad…f4ce","observation_id":"6aad…f4cd","decision_id":"6aad…f4cf","attempt":1,"execution_mode":"historical_shadow","outcome":"linked","reason_code":"record_link_established","duration_ms":1}
{"level":"info","time":"2026-09-19T02:46:18.166Z","service":"vantage-main-server","env":"development","msg":"granot_lifecycle.processing.completed","observability_level":"info","category":"mongo","workflow":"granot_lifecycle"}
{"level":"info","time":"2026-09-19T02:46:18.167Z","service":"vantage-main-server","env":"development","msg":"granot_lifecycle.processing.completed","receipt_id":"6aad…f4d1","observation_id":"6aad…f4d2","decision_id":"6aad…f4d4","attempt":1,"execution_mode":"historical_shadow","outcome":"linked","reason_code":"record_link_confirmed","duration_ms":1}
{"level":"info","time":"2026-09-19T02:46:18.167Z","service":"vantage-main-server","env":"development","msg":"granot_lifecycle.processing.completed","observability_level":"info","category":"mongo","workflow":"granot_lifecycle"}
{"level":"info","time":"2026-09-19T02:46:18.169Z","service":"vantage-main-server","env":"development","msg":"granot_lifecycle.processing.completed","receipt_id":"6aad…f4d7","observation_id":"6aad…f4d8","decision_id":"6aad…f4db","attempt":1,"execution_mode":"historical_shadow","outcome":"conflict","reason_code":"record_link_conflict","duration_ms":2}
{"level":"info","time":"2026-09-19T02:46:18.170Z","service":"vantage-main-server","env":"development","msg":"granot_lifecycle.processing.completed","observability_level":"info","category":"mongo","workflow":"granot_lifecycle"}
{"level":"info","time":"2026-09-19T02:46:18.171Z","service":"vantage-main-server","env":"development","msg":"granot_lifecycle.processing.completed","receipt_id":"6aad…f4dd","observation_id":"6aad…f4dc","decision_id":"6aad…f4e2","attempt":1,"execution_mode":"historical_shadow","outcome":"invalid","reason_code":"invalid_priority_update","duration_ms":0}
{"level":"info","time":"2026-09-19T02:46:18.171Z","service":"vantage-main-server","env":"development","msg":"granot_lifecycle.processing.completed","observability_level":"info","category":"mongo","workflow":"granot_lifecycle"}
{"level":"info","time":"2026-09-19T02:46:18.172Z","service":"vantage-main-server","env":"development","msg":"granot_lifecycle.processing.completed","receipt_id":"6aad…f4e4","observation_id":"6aad…f4e3","decision_id":"6aad…f4e9","attempt":1,"execution_mode":"historical_shadow","outcome":"unsupported","reason_code":"unsupported_booking_action","duration_ms":0}
{"level":"info","time":"2026-09-19T02:46:18.172Z","service":"vantage-main-server","env":"development","msg":"granot_lifecycle.processing.completed","observability_level":"info","category":"mongo","workflow":"granot_lifecycle"}
{"level":"info","time":"2026-09-19T02:46:18.173Z","service":"vantage-main-server","env":"development","msg":"granot_lifecycle.processing.completed","receipt_id":"6aad…f4eb","observation_id":"6aad…f4ea","decision_id":"6aad…f4ed","attempt":1,"execution_mode":"historical_shadow","outcome":"policy_blocked","reason_code":"source_unclassified","duration_ms":1}
{"level":"info","time":"2026-09-19T02:46:18.173Z","service":"vantage-main-server","env":"development","msg":"granot_lifecycle.processing.completed","observability_level":"info","category":"mongo","workflow":"granot_lifecycle"}
{"level":"info","time":"2026-09-19T02:46:18.175Z","service":"vantage-main-server","env":"development","msg":"granot_lifecycle.processing.completed","receipt_id":"6aad…f4f5","observation_id":"6aad…f4f4","decision_id":"6aad…f4f9","attempt":1,"execution_mode":"live","outcome":"pending_match","reason_code":"pending_source_scoped_match","duration_ms":1}
{"level":"info","time":"2026-09-19T02:46:18.175Z","service":"vantage-main-server","env":"development","msg":"granot_lifecycle.processing.completed","observability_level":"info","category":"mongo","workflow":"granot_lifecycle"}
{"level":"info","time":"2026-09-19T02:46:18.203Z","service":"vantage-main-server","env":"development","msg":"granot_lifecycle.processing.completed","receipt_id":"6aad…f4fb","observation_id":"6aad…f4fa","decision_id":"6aad…f500","attempt":1,"execution_mode":"live_shadow","outcome":"policy_blocked","reason_code":"shadow_effect_suppressed","duration_ms":4}
{"level":"info","time":"2026-09-19T02:46:18.203Z","service":"vantage-main-server","env":"development","msg":"granot_lifecycle.processing.completed","observability_level":"info","category":"mongo","workflow":"granot_lifecycle"}
{"level":"info","time":"2026-09-19T02:46:18.223Z","service":"vantage-main-server","env":"development","msg":"granot_lifecycle.processing.completed","receipt_id":"6aad…f502","observation_id":"6aad…f501","decision_id":"6aad…f506","attempt":1,"execution_mode":"live_shadow","outcome":"policy_blocked","reason_code":"shadow_effect_suppressed","duration_ms":1}
{"level":"info","time":"2026-09-19T02:46:18.223Z","service":"vantage-main-server","env":"development","msg":"granot_lifecycle.processing.completed","observability_level":"info","category":"mongo","workflow":"granot_lifecycle"}
{"level":"info","time":"2026-09-19T02:46:18.252Z","service":"vantage-main-server","env":"development","msg":"granot_lifecycle.processing.completed","receipt_id":"6aad…f508","observation_id":"6aad…f507","decision_id":"6aad…f50c","attempt":9,"execution_mode":"live_shadow","outcome":"unmatched","reason_code":"match_window_expired","duration_ms":3}
{"level":"info","time":"2026-09-19T02:46:18.252Z","service":"vantage-main-server","env":"development","msg":"granot_lifecycle.processing.completed","observability_level":"info","category":"mongo","workflow":"granot_lifecycle"}
{"level":"info","time":"2026-09-19T02:46:18.255Z","service":"vantage-main-server","env":"development","msg":"granot_lifecycle.processing.completed","receipt_id":"6aad…f50e","observation_id":"6aad…f50d","decision_id":"6aad…f513","attempt":1,"execution_mode":"live_shadow","outcome":"policy_blocked","reason_code":"shadow_effect_suppressed","duration_ms":1}
{"level":"info","time":"2026-09-19T02:46:18.255Z","service":"vantage-main-server","env":"development","msg":"granot_lifecycle.processing.completed","observability_level":"info","category":"mongo","workflow":"granot_lifecycle"}
{"level":"info","time":"2026-09-19T02:46:18.257Z","service":"vantage-main-server","env":"development","msg":"granot_lifecycle.processing.completed","receipt_id":"6aad…f515","observation_id":"6aad…f514","decision_id":"6aad…f51a","attempt":1,"execution_mode":"live_shadow","outcome":"already_current","reason_code":"desired_state_already_current","duration_ms":1}
{"level":"info","time":"2026-09-19T02:46:18.257Z","service":"vantage-main-server","env":"development","msg":"granot_lifecycle.processing.completed","observability_level":"info","category":"mongo","workflow":"granot_lifecycle"}
{"level":"info","time":"2026-09-19T02:46:18.278Z","service":"vantage-main-server","env":"development","msg":"granot_lifecycle.processing.completed","receipt_id":"6aad…f51c","observation_id":"6aad…f51b","decision_id":"6aad…f525","attempt":1,"execution_mode":"live","outcome":"already_current","reason_code":"desired_state_already_current","duration_ms":0}
{"level":"info","time":"2026-09-19T02:46:18.279Z","service":"vantage-main-server","env":"development","msg":"granot_lifecycle.processing.completed","observability_level":"info","category":"mongo","workflow":"granot_lifecycle"}
{"level":"info","time":"2026-09-19T02:46:18.282Z","service":"vantage-main-server","env":"development","msg":"granot_lifecycle.processing.completed","receipt_id":"6aad…f527","observation_id":"6aad…f526","decision_id":"6aad…f532","attempt":1,"execution_mode":"live","outcome":"stale","reason_code":"older_than_temporal_winner","duration_ms":2}
{"level":"info","time":"2026-09-19T02:46:18.282Z","service":"vantage-main-server","env":"development","msg":"granot_lifecycle.processing.completed","observability_level":"info","category":"mongo","workflow":"granot_lifecycle"}
{"level":"info","time":"2026-09-19T02:46:18.303Z","service":"vantage-main-server","env":"development","msg":"granot_lifecycle.processing.completed","receipt_id":"6aad…f534","observation_id":"6aad…f533","decision_id":"6aad…f538","attempt":1,"execution_mode":"historical_shadow","outcome":"linked","reason_code":"record_link_established","duration_ms":18}
{"level":"info","time":"2026-09-19T02:46:18.303Z","service":"vantage-main-server","env":"development","msg":"granot_lifecycle.processing.completed","observability_level":"info","category":"mongo","workflow":"granot_lifecycle"}
{"level":"info","time":"2026-09-19T02:46:18.305Z","service":"vantage-main-server","env":"development","msg":"granot_lifecycle.processing.completed","receipt_id":"6aad…f53b","observation_id":"6aad…f53a","decision_id":"6aad…f53f","attempt":1,"execution_mode":"historical_shadow","outcome":"linked","reason_code":"record_link_established","duration_ms":2}
{"level":"info","time":"2026-09-19T02:46:18.305Z","service":"vantage-main-server","env":"development","msg":"granot_lifecycle.processing.completed","observability_level":"info","category":"mongo","workflow":"granot_lifecycle"}
{"level":"info","time":"2026-09-19T02:46:18.327Z","service":"vantage-main-server","env":"development","msg":"granot_lifecycle.processing.completed","receipt_id":"6aad…f542","observation_id":"6aad…f541","decision_id":"6aad…f547","attempt":1,"execution_mode":"live","outcome":"applied","reason_code":"lead_state_changed","duration_ms":10}
{"level":"info","time":"2026-09-19T02:46:18.327Z","service":"vantage-main-server","env":"development","msg":"granot_lifecycle.processing.completed","observability_level":"info","category":"mongo","workflow":"granot_lifecycle"}
{"level":"info","time":"2026-09-19T02:46:18.360Z","service":"vantage-main-server","env":"development","msg":"granot_lifecycle.processing.completed","receipt_id":"6aad…f554","observation_id":"6aad…f553","decision_id":"6aad…f561","attempt":1,"execution_mode":"live","outcome":"stale","reason_code":"older_than_temporal_winner","duration_ms":25}
{"level":"info","time":"2026-09-19T02:46:18.360Z","service":"vantage-main-server","env":"development","msg":"granot_lifecycle.processing.completed","observability_level":"info","category":"mongo","workflow":"granot_lifecycle"}
{"level":"info","time":"2026-09-19T02:46:18.381Z","service":"vantage-main-server","env":"development","msg":"granot_lifecycle.processing.completed","receipt_id":"6aad…f563","observation_id":"6aad…f562","decision_id":"6aad…f56c","attempt":1,"execution_mode":"live","outcome":"already_current","reason_code":"desired_state_already_current","duration_ms":0}
{"level":"info","time":"2026-09-19T02:46:18.382Z","service":"vantage-main-server","env":"development","msg":"granot_lifecycle.processing.completed","observability_level":"info","category":"mongo","workflow":"granot_lifecycle"}
{"level":"info","time":"2026-09-19T02:46:18.412Z","service":"vantage-main-server","env":"development","msg":"granot_lifecycle.processing.completed","receipt_id":"6aad…f56e","observation_id":"6aad…f56d","decision_id":"6aad…f577","attempt":1,"execution_mode":"live","outcome":"stale","reason_code":"older_than_temporal_winner","duration_ms":1}
{"level":"info","time":"2026-09-19T02:46:18.412Z","service":"vantage-main-server","env":"development","msg":"granot_lifecycle.processing.completed","observability_level":"info","category":"mongo","workflow":"granot_lifecycle"}
{"level":"info","time":"2026-09-19T02:46:18.414Z","service":"vantage-main-server","env":"development","msg":"granot_lifecycle.processing.completed","receipt_id":"6aad…f579","observation_id":"6aad…f578","decision_id":"6aad…f57e","attempt":1,"execution_mode":"live","outcome":"policy_blocked","reason_code":"target_source_company_inactive","duration_ms":1}
{"level":"info","time":"2026-09-19T02:46:18.418Z","service":"vantage-main-server","env":"development","msg":"granot_lifecycle.processing.completed","observability_level":"info","category":"mongo","workflow":"granot_lifecycle"}
{"level":"info","time":"2026-09-19T02:46:18.423Z","service":"vantage-main-server","env":"development","msg":"granot_lifecycle.processing.completed","receipt_id":"6aad…f580","observation_id":"6aad…f57f","decision_id":"6aad…f585","attempt":1,"execution_mode":"live","outcome":"linked","reason_code":"record_link_established","duration_ms":3}
{"level":"info","time":"2026-09-19T02:46:18.423Z","service":"vantage-main-server","env":"development","msg":"granot_lifecycle.processing.completed","observability_level":"info","category":"mongo","workflow":"granot_lifecycle"}
{"level":"info","time":"2026-09-19T02:46:18.428Z","service":"vantage-main-server","env":"development","msg":"granot_lifecycle.processing.completed","receipt_id":"6aad…f588","observation_id":"6aad…f587","decision_id":"6aad…f58d","attempt":1,"execution_mode":"live","outcome":"created","reason_code":"lead_created_authorized","duration_ms":4}
{"level":"info","time":"2026-09-19T02:46:18.429Z","service":"vantage-main-server","env":"development","msg":"granot_lifecycle.processing.completed","observability_level":"info","category":"mongo","workflow":"granot_lifecycle"}
{"level":"info","time":"2026-09-19T02:46:18.462Z","service":"vantage-main-server","env":"development","msg":"granot_lifecycle.processing.completed","receipt_id":"6aad…f592","observation_id":"6aad…f591","decision_id":"6aad…f596","attempt":1,"execution_mode":"live","outcome":"created","reason_code":"lead_created_authorized","duration_ms":17}
{"level":"info","time":"2026-09-19T02:46:18.463Z","service":"vantage-main-server","env":"development","msg":"granot_lifecycle.processing.completed","observability_level":"info","category":"mongo","workflow":"granot_lifecycle"}
{"level":"info","time":"2026-09-19T02:46:18.463Z","service":"vantage-main-server","env":"development","msg":"granot_lifecycle.processing.completed","receipt_id":"6aad…f592","observation_id":"6aad…f591","decision_id":"6aad…f59f","attempt":1,"execution_mode":"live","outcome":"conflict","reason_code":"multiple_eligible_matches","duration_ms":0}
{"level":"info","time":"2026-09-19T02:46:18.464Z","service":"vantage-main-server","env":"development","msg":"granot_lifecycle.processing.completed","observability_level":"info","category":"mongo","workflow":"granot_lifecycle"}
{"level":"info","time":"2026-09-19T02:46:18.467Z","service":"vantage-main-server","env":"development","msg":"granot_lifecycle.processing.completed","receipt_id":"6aad…f5a2","observation_id":"6aad…f5a1","decision_id":"6aad…f5a6","attempt":1,"execution_mode":"live","outcome":"applied","reason_code":"lead_state_changed","duration_ms":1}
{"level":"info","time":"2026-09-19T02:46:18.467Z","service":"vantage-main-server","env":"development","msg":"granot_lifecycle.processing.completed","observability_level":"info","category":"mongo","workflow":"granot_lifecycle"}
{"level":"info","time":"2026-09-19T02:46:18.468Z","service":"vantage-main-server","env":"development","msg":"granot_lifecycle.processing.completed","receipt_id":"6aad…f5a9","observation_id":"6aad…f5a8","decision_id":"6aad…f5ad","attempt":1,"execution_mode":"live","outcome":"applied","reason_code":"lead_state_changed","duration_ms":1}
{"level":"info","time":"2026-09-19T02:46:18.469Z","service":"vantage-main-server","env":"development","msg":"granot_lifecycle.processing.completed","observability_level":"info","category":"mongo","workflow":"granot_lifecycle"}
{"level":"info","time":"2026-09-19T02:46:18.474Z","service":"vantage-main-server","env":"development","msg":"granot_lifecycle.processing.completed","receipt_id":"6aad…f5b0","observation_id":"6aad…f5af","decision_id":"6aad…f5b7","attempt":1,"execution_mode":"live","outcome":"applied","reason_code":"lead_state_changed","duration_ms":3}
{"level":"info","time":"2026-09-19T02:46:18.474Z","service":"vantage-main-server","env":"development","msg":"granot_lifecycle.processing.completed","observability_level":"info","category":"mongo","workflow":"granot_lifecycle"}
{"level":"info","time":"2026-09-19T02:46:18.476Z","service":"vantage-main-server","env":"development","msg":"granot_lifecycle.processing.completed","receipt_id":"6aad…f5ba","observation_id":"6aad…f5b9","decision_id":"6aad…f5c0","attempt":1,"execution_mode":"live","outcome":"conflict","reason_code":"job_number_conflict","duration_ms":1}
{"level":"info","time":"2026-09-19T02:46:18.476Z","service":"vantage-main-server","env":"development","msg":"granot_lifecycle.processing.completed","observability_level":"info","category":"mongo","workflow":"granot_lifecycle"}
{"level":"info","time":"2026-09-19T02:46:18.479Z","service":"vantage-main-server","env":"development","msg":"granot_lifecycle.processing.completed","receipt_id":"6aad…f5c2","observation_id":"6aad…f5c1","decision_id":"6aad…f5c8","attempt":1,"execution_mode":"live","outcome":"applied","reason_code":"lead_state_changed","duration_ms":1}
{"level":"info","time":"2026-09-19T02:46:18.479Z","service":"vantage-main-server","env":"development","msg":"granot_lifecycle.processing.completed","observability_level":"info","category":"mongo","workflow":"granot_lifecycle"}
{"level":"info","time":"2026-09-19T02:46:18.482Z","service":"vantage-main-server","env":"development","msg":"granot_lifecycle.processing.completed","receipt_id":"6aad…f5cb","observation_id":"6aad…f5ca","decision_id":"6aad…f5d3","attempt":1,"execution_mode":"live","outcome":"applied","reason_code":"lead_state_changed","duration_ms":2}
{"level":"info","time":"2026-09-19T02:46:18.483Z","service":"vantage-main-server","env":"development","msg":"granot_lifecycle.processing.completed","observability_level":"info","category":"mongo","workflow":"granot_lifecycle"}
{"level":"info","time":"2026-09-19T02:46:18.490Z","service":"vantage-main-server","env":"development","msg":"granot_lifecycle.processing.completed","receipt_id":"6aad…f5d6","observation_id":"6aad…f5d5","decision_id":"6aad…f5dd","attempt":1,"execution_mode":"live","outcome":"conflict","reason_code":"record_link_conflict","duration_ms":5}
{"level":"info","time":"2026-09-19T02:46:18.490Z","service":"vantage-main-server","env":"development","msg":"granot_lifecycle.processing.completed","observability_level":"info","category":"mongo","workflow":"granot_lifecycle"}
{"level":"info","time":"2026-09-19T02:46:18.494Z","service":"vantage-main-server","env":"development","msg":"granot_lifecycle.processing.completed","receipt_id":"6aad…f5e7","observation_id":"6aad…f5e6","decision_id":"6aad…f5ec","attempt":1,"execution_mode":"live","outcome":"policy_blocked","reason_code":"global_effect_disabled","duration_ms":1}
{"level":"info","time":"2026-09-19T02:46:18.495Z","service":"vantage-main-server","env":"development","msg":"granot_lifecycle.processing.completed","observability_level":"info","category":"mongo","workflow":"granot_lifecycle"}
{"level":"info","time":"2026-09-19T02:46:18.496Z","service":"vantage-main-server","env":"development","msg":"granot_lifecycle.processing.completed","receipt_id":"6aad…f5e7","observation_id":"6aad…f5e6","decision_id":"6aad…f5ed","attempt":1,"execution_mode":"live_shadow","outcome":"policy_blocked","reason_code":"shadow_effect_suppressed","duration_ms":1}
{"level":"info","time":"2026-09-19T02:46:18.496Z","service":"vantage-main-server","env":"development","msg":"granot_lifecycle.processing.completed","observability_level":"info","category":"mongo","workflow":"granot_lifecycle"}
{"level":"info","time":"2026-09-19T02:46:18.497Z","service":"vantage-main-server","env":"development","msg":"granot_lifecycle.processing.completed","receipt_id":"6aad…f5ef","observation_id":"6aad…f5ee","decision_id":"6aad…f5f0","attempt":1,"execution_mode":"live","outcome":"insufficient_creation_data","reason_code":"missing_creation_contact","duration_ms":0}
{"level":"info","time":"2026-09-19T02:46:18.497Z","service":"vantage-main-server","env":"development","msg":"granot_lifecycle.processing.completed","observability_level":"info","category":"mongo","workflow":"granot_lifecycle"}
{"level":"info","time":"2026-09-19T02:46:18.498Z","service":"vantage-main-server","env":"development","msg":"granot_lifecycle.processing.completed","receipt_id":"6aad…f5e7","observation_id":"6aad…f5e6","decision_id":"6aad…f5f3","attempt":1,"execution_mode":"live","outcome":"insufficient_creation_data","reason_code":"missing_creation_route_data","duration_ms":0}
{"level":"info","time":"2026-09-19T02:46:18.498Z","service":"vantage-main-server","env":"development","msg":"granot_lifecycle.processing.completed","observability_level":"info","category":"mongo","workflow":"granot_lifecycle"}
{"level":"info","time":"2026-09-19T02:46:18.501Z","service":"vantage-main-server","env":"development","msg":"granot_lifecycle.processing.completed","receipt_id":"6aad…f5f9","observation_id":"6aad…f5f8","decision_id":"6aad…f5fa","attempt":1,"execution_mode":"live","outcome":"created","reason_code":"lead_created_authorized","duration_ms":1}
{"level":"info","time":"2026-09-19T02:46:18.501Z","service":"vantage-main-server","env":"development","msg":"granot_lifecycle.processing.completed","observability_level":"info","category":"mongo","workflow":"granot_lifecycle"}
{"level":"info","time":"2026-09-19T02:46:18.503Z","service":"vantage-main-server","env":"development","msg":"granot_lifecycle.processing.completed","receipt_id":"6aad…f5ff","observation_id":"6aad…f5fe","decision_id":"6aad…f600","attempt":1,"execution_mode":"live","outcome":"created","reason_code":"lead_created_authorized","duration_ms":1}
{"level":"info","time":"2026-09-19T02:46:18.503Z","service":"vantage-main-server","env":"development","msg":"granot_lifecycle.processing.completed","observability_level":"info","category":"mongo","workflow":"granot_lifecycle"}
{"level":"info","time":"2026-09-19T02:46:18.504Z","service":"vantage-main-server","env":"development","msg":"granot_lifecycle.processing.completed","receipt_id":"6aad…f605","observation_id":"6aad…f604","decision_id":"6aad…f606","attempt":1,"execution_mode":"live","outcome":"insufficient_creation_data","reason_code":"missing_creation_route_data","duration_ms":1}
{"level":"info","time":"2026-09-19T02:46:18.504Z","service":"vantage-main-server","env":"development","msg":"granot_lifecycle.processing.completed","observability_level":"info","category":"mongo","workflow":"granot_lifecycle"}
{"level":"info","time":"2026-09-19T02:46:18.505Z","service":"vantage-main-server","env":"development","msg":"granot_lifecycle.processing.completed","receipt_id":"6aad…f608","observation_id":"6aad…f607","decision_id":"6aad…f609","attempt":1,"execution_mode":"live","outcome":"insufficient_creation_data","reason_code":"missing_creation_route_data","duration_ms":1}
{"level":"info","time":"2026-09-19T02:46:18.505Z","service":"vantage-main-server","env":"development","msg":"granot_lifecycle.processing.completed","observability_level":"info","category":"mongo","workflow":"granot_lifecycle"}
{"level":"info","time":"2026-09-19T02:46:18.506Z","service":"vantage-main-server","env":"development","msg":"granot_lifecycle.processing.completed","receipt_id":"6aad…f60b","observation_id":"6aad…f60a","decision_id":"6aad…f60f","attempt":1,"execution_mode":"live","outcome":"pending_match","reason_code":"pending_source_scoped_match","duration_ms":0}
{"level":"info","time":"2026-09-19T02:46:18.507Z","service":"vantage-main-server","env":"development","msg":"granot_lifecycle.processing.completed","observability_level":"info","category":"mongo","workflow":"granot_lifecycle"}
{"level":"info","time":"2026-09-19T02:46:18.508Z","service":"vantage-main-server","env":"development","msg":"granot_lifecycle.processing.completed","receipt_id":"6aad…f611","observation_id":"6aad…f610","decision_id":"6aad…f615","attempt":9,"execution_mode":"live_shadow","outcome":"unmatched","reason_code":"match_window_expired","duration_ms":0}
{"level":"info","time":"2026-09-19T02:46:18.508Z","service":"vantage-main-server","env":"development","msg":"granot_lifecycle.processing.completed","observability_level":"info","category":"mongo","workflow":"granot_lifecycle"}
{"level":"info","time":"2026-09-19T02:46:18.509Z","service":"vantage-main-server","env":"development","msg":"granot_lifecycle.processing.completed","receipt_id":"6aad…f617","observation_id":"6aad…f616","decision_id":"6aad…f61c","attempt":1,"execution_mode":"live","outcome":"created","reason_code":"lead_created_authorized","duration_ms":0}
{"level":"info","time":"2026-09-19T02:46:18.509Z","service":"vantage-main-server","env":"development","msg":"granot_lifecycle.processing.completed","observability_level":"info","category":"mongo","workflow":"granot_lifecycle"}
{"level":"info","time":"2026-09-19T02:46:18.511Z","service":"vantage-main-server","env":"development","msg":"granot_lifecycle.processing.completed","receipt_id":"6aad…f621","observation_id":"6aad…f620","decision_id":"6aad…f625","attempt":1,"execution_mode":"live","outcome":"pending_match","reason_code":"pending_source_scoped_match","duration_ms":1}
{"level":"info","time":"2026-09-19T02:46:18.511Z","service":"vantage-main-server","env":"development","msg":"granot_lifecycle.processing.completed","observability_level":"info","category":"mongo","workflow":"granot_lifecycle"}
✔ Form q for a Granot-only name includes granot_contact_snapshot.name (5.6992ms)
✔ Form q for an ingested-only email includes ingested_contact_snapshot.email (1.6551ms)
✔ Form q for a typed phone substring hits live and snapshot phone paths (1.0028ms)
✔ Form q still hits job_no and ref_no (0.9176ms)
✔ Call q includes ingested and Granot snapshot contact paths (1.3722ms)
✔ empty q still pins ranked identity; explicit q still pins nothing (2.4679ms)
✔ Form item with a snapshot returns known_contacts.granot and live contact stays Form submitted (8.918ms)
✔ Form item without a snapshot omits known_contacts.granot (0.8819ms)
✔ listGranotLifecycleCaseCandidates Form q uses snapshot paths, excludes Duplicate/Bad, and maps known_contacts (23.258ms)
✔ listGranotLifecycleCaseCandidates Call q uses snapshot paths and maps known_contacts (2.2581ms)
✔ listGranotLifecycleCaseCandidates Call q for Granot-only phone hits snapshot phone paths (2.3916ms)
﹣ [AC-18][AC-20][AC-35][AC-39] replica lifecycle reads leave aggregate and effect collection counts unchanged (3.1207ms) # Replica-set proof requires TEST_MODE=true before process start.
✔ [AC-35] Job path normalization rejects empty values (5.6883ms)
✔ [AC-35] the discrepancy queue still masks the contact it never asks anyone to call (0.7022ms)
✔ an intake names the customer the Owner has to call, and falls back to how to reach them (0.4086ms)
✔ [AC-23] candidate ranking pins the suggested Lead, then high confidence, and is stable (2.3895ms)
✔ intake case detail hands the Owner the whole contact, not an initial and four digits (0.6606ms)
✔ [AC-20] [AC-36] [AC-40] timeline order is stable and evidence is not collapsed (4.4193ms)
✔ [AC-35] lifecycle DTO recursive guard rejects raw transport and credentials (0.772ms)
✔ list deterministic booking exposes the official id and public-cancel eligibility (1.0605ms)
✔ [AC-31] health flag names match the ten centralized lifecycle flags and do not promote effects (5.3856ms)
✔ [AC-37] due work includes expired claims and excludes unexpired claimed leases (7.8556ms)
✔ [AC-P7] list compact pairing matches the creating Booked class and omits Release rows (15.8861ms)
✔ [AC-P4][AC-P6][AC-P7] detail pairing includes later Priority 5 and is null for historical Priority 5 only (1.2683ms)
✔ [AC-R10] default intakes list is booking-only; kind=release still lists historical Release cases (10.3705ms)
✔ list latest_action uses booking-intake selection so later Priority 5 cannot win (0.7584ms)
✔ [AC-R3] pairing is omitted on a Release-only booking case (5.1238ms)
✔ [AC-R3] capabilities matrix follows spec §7 and hides Confirm Cancellation when commands are off (1.5157ms)
{"level":"info","time":"2026-09-19T02:46:18.624Z","service":"vantage-main-server","env":"development","msg":"granot_lifecycle.queue.publish_skipped","receipt_id":"rece…skip","observation_channel":"granot_webhook"}
✔ [AC-35] publisher is skipped in the test runner and never sends a queue message (6.4159ms)
✔ [AC-02][AC-35] publisher sends exactly { receipt_id } when publishing is enabled (0.9283ms)
✔ [AC-35] publish failure is observed safely and does not throw (2.3851ms)
{"level":"info","time":"2026-09-19T02:46:18.629Z","service":"vantage-main-server","env":"development","msg":"granot_lifecycle.queue.published","receipt_id":"rece…pt-1","observation_channel":"granot_webhook"}
{"level":"error","time":"2026-09-19T02:46:18.631Z","service":"vantage-main-server","env":"development","msg":"granot_lifecycle.queue.publish_failed","error_code":"technical_failure","receipt_id":"rece…iled","observation_channel":"granot_webhook"}
{"level":"error","time":"2026-09-19T02:46:18.632Z","service":"vantage-main-server","env":"development","msg":"granot_lifecycle.queue.publish_failed","observability_level":"error","category":"queue","workflow":"granot_lifecycle_queue","entity_id":"receip...iled"}
✔ [AC-02][AC-35] hashes canonical credential-redacted JSON as lowercase SHA-256 hex (5.4371ms)
✔ [AC-35] reports removed credential-key counts only and never values (0.714ms)
✔ [AC-35] leaves non-credential keys untouched and starts counts at zero (0.4046ms)
✔ [AC-02] identical redacted payloads produce the same hash and remain distinct receipts later (0.3668ms)
✔ [AC-02] received legacy processing translates to pending defaults only (0.5334ms)
✔ [AC-02] refused legacy processing statuses are not translated (0.3051ms)
✔ [AC-02][AC-35] legacy webhook fill uses 34.1 mapping, legacy_unknown, and count-only redaction (4.8507ms)
✔ channel filter excludes browser_extension and granot_http_automation receipts (26.5519ms)
✔ ref_no hits an Observation, a pending receipt fallback, and misses others (2.7699ms)
✔ job_no hits an Observation, a pending receipt fallback, and misses others (2.2906ms)
✔ name hits an Observation, a pending receipt fallback, and misses others (1.9713ms)
✔ phone hits an Observation, a pending receipt fallback, and misses others (1.5034ms)
✔ email hits an Observation, a pending receipt fallback, and misses others (1.9615ms)
✔ source_company_id and booking_action ignore pending receipts (6.6746ms)
✔ booking_action booked and release are distinct (7.7646ms)
✔ payload event_type cannot reroute route_event_class (2.5777ms)
✔ lead_created and priority_updated never return a booking action on the DTO (2.147ms)
✔ Owner list returns unmasked contact and credential-redacted granot_statement (3.6567ms)
✔ pending receipt and empty Observation phone or email fill from the redacted payload (1.1951ms)
✔ cursor page is stable newest-first (3.0413ms)
✔ intake_case_id joins the booking case by Job Number, including lead_created (0.815ms)
✔ empty find lists newest webhook receipts first (0.9372ms)
✔ opaque cursor encoder matches the case-list keyset shape (0.5334ms)
﹣ [AC-28][AC-32] replica Referral creation is exact, lead-free, atomic, and replay-safe (9.326ms) # Replica-set proof requires TEST_MODE=true before process start.
﹣ [AC-28] already-satisfied Referral evidence resolves without a second Booking (2.5374ms) # Replica-set proof requires TEST_MODE=true before process start.
﹣ [AC-28] existing Referral Booking supports official update and case-only No Action without a Lead (4.3341ms) # Replica-set proof requires TEST_MODE=true before process start.
﹣ [AC-28][AC-32] competing Owners converge and policy drift fails closed (1.032ms) # Replica-set proof requires TEST_MODE=true before process start.
﹣ [AC-28][AC-32] Referral creation rolls back after every persisted boundary (6.7193ms) # Replica-set proof requires TEST_MODE=true before process start.
✔ [AC-28] Referral Booking exposes the canonical command name (6.5056ms)
✔ [AC-28] Referral Booking rejects non-Owner authority before storage access (2.3075ms)
﹣ [AC-21][AC-25][AC-32] Release No Action resolves only case and Command with exact replay (4.0773ms) # Replica-set proof requires TEST_MODE=true before process start.
﹣ [AC-21][AC-25][AC-32] Release Update Booking fully replaces official fields atomically (1.0399ms) # Replica-set proof requires TEST_MODE=true before process start.
﹣ [AC-21][AC-25][AC-26][AC-32] Confirm Cancellation writes one complete causal chain (1.33ms) # Replica-set proof requires TEST_MODE=true before process start.
﹣ [AC-26][AC-32] a verified current Cancellation resolves already-satisfied without another effect (0.5232ms) # Replica-set proof requires TEST_MODE=true before process start.
﹣ [AC-25][AC-32] verified Referral Booking cancels without fabricating a Lead mirror (0.6525ms) # Replica-set proof requires TEST_MODE=true before process start.
﹣ Confirm Granot Cancellation succeeds on a Granot official Leadless Booking without a Lead mirror (0.4666ms) # Replica-set proof requires TEST_MODE=true before process start.
﹣ [AC-21] all pairwise Release commands have exactly one case-revision winner (0.6791ms) # Replica-set proof requires TEST_MODE=true before process start.
﹣ [AC-32] Cancellation, update, and No Action roll back after every write boundary (0.6953ms) # Replica-set proof requires TEST_MODE=true before process start.
﹣ [AC-25][AC-32][AC-36] Release races converge, replay dedupes, and resolved rows advance max+1 (4.8311ms) # Replica-set proof requires TEST_MODE=true before process start.
﹣ [AC-25][AC-31][AC-32] refresh splits revisions and Decision failure rolls back create and refresh (0.744ms) # Replica-set proof requires TEST_MODE=true before process start.
﹣ [AC-25][AC-29][AC-40] Booking and Release cases coexist without forbidden side effects (0.85ms) # Replica-set proof requires TEST_MODE=true before process start.
{"level":"info","time":"2026-09-19T02:46:30.135Z","service":"vantage-main-server","env":"development","msg":"granot_lifecycle.release_case.opened","observability_level":"info","category":"booking","workflow":"granot_release_reconciliation"}
▶ Release Reconciliation classification
  ✔ [AC-25] active deterministic Booking opens Release review even without a Lead (5.6406ms)
  ✔ [AC-26] already officially cancelled Release is already-current and never a case (0.6986ms)
  ✔ [AC-27] missing Booking and exact identity conflicts route to the typed discrepancy seam (0.7551ms)
  ✔ [AC-40] ignores non-Release evidence and never contact-selects a Booking (0.4452ms)
✔ Release Reconciliation classification (10.5167ms)
▶ Release Reconciliation persistence
  ✔ [AC-25] atomically opens and refreshes one Release case with immutable opening Booking revision (19.0544ms)
✔ Release Reconciliation persistence (19.4975ms)
{"level":"info","time":"2026-09-19T02:46:30.140Z","service":"vantage-main-server","env":"development","msg":"granot_lifecycle.release_case.refreshed","observability_level":"info","category":"booking","workflow":"granot_release_reconciliation"}
✔ [AC-35] lifecycle failure logs contain bounded codes and masked identifiers only (4.8822ms)
✔ [AC-30] foundation technical retry uses exact exponential cap and 0-25% jitter (1.9975ms)
✔ [AC-30] foundation pending-match offsets are absolute from captured_at (4.2632ms)
✔ [AC-30] foundation still-failed match at or after 24 hours is not scheduled (0.5203ms)
✔ [AC-30] foundation sync poll backoff stays bounded inside five seconds (0.4811ms)
✔ [AC-38] zero, multiple, inactive, and ambiguous runtime matches never pick a row or route (13.2841ms)
✔ [AC-38] policy cache cannot serve a precommit snapshot (0.8323ms)
✔ [AC-09] Best Relocation Form same valid states select local; different select long-distance; invalid select none (2.3634ms)
✔ [AC-29] deferred Paid Overflow and Auto authorize no effect; payload type is not classification input (0.9282ms)
✔ [AC-04] ineligible Source Scope fails gates and provides no reassignment output (1.3481ms)
✔ gate evaluator snapshots every layer in stable order and maps deferred vs policy_blocked (8.2175ms)
✔ [AC-28] reviewed Referral reconciliation treats absent Lead scope gates as not applicable (2.2626ms)
✔ source-policy suite never imports the Twilio adapter (0.9824ms)
✔ twelve policy × effect outcomes are independent for link, enrich, create, and text (1.1143ms)
✔ a later store edit does not mutate an already-returned SourcePolicySnapshot (0.753ms)
﹣ [AC-05][AC-07][AC-10][AC-11][AC-32] replica WordPress matched write is one causal transaction (3.5135ms) # Replica-set proof requires TEST_MODE=true before process start.
﹣ [AC-12] replica RingCentral Call qualified contact writes snapshot only (0.7203ms) # Replica-set proof requires TEST_MODE=true before process start.
﹣ [AC-12] replica Granot-created Form contact becomes current and keeps origin (0.4462ms) # Replica-set proof requires TEST_MODE=true before process start.
﹣ [AC-13] replica Agent fills only an empty receiver through one active match (0.7251ms) # Replica-set proof requires TEST_MODE=true before process start.
﹣ [AC-05] replica Bad Form stores Priority only and Duplicate never becomes a target (0.9153ms) # Replica-set proof requires TEST_MODE=true before process start.
﹣ [AC-07][AC-32] replica establish, attach, confirm, and duplicate-key race (4.5286ms) # Replica-set proof requires TEST_MODE=true before process start.
﹣ [AC-32] replica revision race has one winner and rolls back the losing transaction (1.2718ms) # Replica-set proof requires TEST_MODE=true before process start.
﹣ [AC-32] replica equal-time Observation tie-break admits only the greater ObjectId (1.5799ms) # Replica-set proof requires TEST_MODE=true before process start.
✔ [AC-32] command refuses shadow or disabled Lead writes before the executor (9.0912ms)
✔ [AC-32] command refuses a failed gate snapshot before the executor (0.9842ms)
✔ [AC-32] Granot command context requires the processor actor and webhook initiator (1.7196ms)
✔ receiver fill derives catalog name snapshot and set_at off the planner (2.8081ms)
✔ Changed in Granot ignores US country-code phone formatting (1.3114ms)
✔ Changed in Granot ignores email case and name capitalization (0.3619ms)
✔ Changed in Granot ignores Granot first/last split of a name-only form submit (0.6827ms)
✔ Changed in Granot stays true when Granot last name adds another person (0.3194ms)
✔ Changed in Granot stays true for a different person or reach path (0.3447ms)
✔ Call Lead synchronize persists Granot Contact Snapshot and leaves live phone unchanged (6.8948ms)
✔ [AC-07] trusted Granot Form validator may omit move_size and forces post_to_granot=false (13.7087ms)
✔ [AC-07] trusted Granot Form validator rejects caller override of post_to_granot (10.635ms)
✔ [AC-07] trusted Granot Call validator allows Job Number without phone and forces post_to_granot=false (1.9463ms)
✔ [AC-07] trusted Granot validators reject public lifecycle metadata keys (2.524ms)
✔ [AC-03][AC-05][AC-06][AC-29] shared lifecycle vocabulary remains exact (1.5289ms)
✔ Form duplicate classification isolates cutoff cohorts and exact granularities (29.0037ms)
✔ matched modern production duplicate outcome is preserved (6.7213ms)
✔ Call duplicates use earlier non-duplicate anchors in inclusive 90-day exact-granularity window (0.6935ms)
✔ Form Fill is time-unbounded and Source Company scoped after Form classification (0.4209ms)
✔ classification fails closed without exact granularity (1.0399ms)
✔ manifest bytes and hash are stable for identical reviewed inputs (59.8392ms)
✔ manifest identity is deterministic when the caller does not supply one (11.4343ms)
✔ manifest parser rejects modified bytes (5.3095ms)
✔ rehearsal and production target guards fail closed (2.3858ms)
✔ migration context cannot be enabled outside the canonical local adapter (4.0636ms)
✔ exact normalization applies NFKC, whitespace collapse, and case folding (6.8051ms)
✔ agent parsing removes terminal metadata and preserves slash order (2.6027ms)
✔ agent parsing rejects repeated and unrecognized separators (1.4829ms)
✔ customer parsing preserves compound display text as one customer (0.6899ms)
✔ money parser uses cents and rejects blank, negative, and over-precision (0.9075ms)
✔ integer-cent allocations are exact for one, two, and three agents (1.0975ms)
✔ Eastern parser handles DST and the reviewed malformed-year correction (60.6162ms)
✔ Google serial dates are interpreted as Eastern wall-clock values (1.731ms)
✔ planner produces a schema-valid deterministic manifest for a new source and form lead (290.73ms)
✔ rollback restores exact values and unsets fields that were originally absent (6.3723ms)
✔ update validation accepts a production nested object path (3.6517ms)
✔ update validation rejects an unknown nested object path (1.1762ms)
✔ recurring source window starts at New York midnight on 2026-04-30 (4.7703ms)
✔ stable managed identity survives row reordering (13.779ms)
✔ preview never repairs missing managed identities (4.2979ms)
✔ leased identity repair writes empty cells once and verifies read-back (4.069ms)
✔ copied managed identities block repair instead of falling back to row number (4.5878ms)
✔ malformed managed identities block inspection (0.8282ms)
✔ identity repair never overwrites a value added after inspection (1.2433ms)
✔ identity repair uses atomic empty-cell replacement (4.5981ms)
✔ application plan is immutable and material changes alter its checksum (36.2631ms)
✔ unmatched booking becomes leadless plus one reconciliation conflict (6.6804ms)
✔ LID_BestRelo remains matching evidence and never becomes an action (5.5255ms)
✔ unmatched refund is blocking and cannot guess a cancellation (13.9287ms)
✔ refund matches below the calibrated threshold never cancel (8.6219ms)
✔ review-only refund evidence does not consume a later corroborated match (10.3537ms)
✔ invalid source rows become isolated conflict actions (9.275ms)
✔ three-way update permits only unchanged canonical source-owned fields (2.5792ms)
✔ persistence schemas enforce receipt uniqueness and required indexes (1.7481ms)
✔ ingestion run graph makes all terminal states immutable (0.3056ms)
✔ heartbeat gates skip before source reads (0.4035ms)
✔ apply worker mutates domain state only through canonical commands (155.7984ms)
✔ read paths use readonly Sheets scope and repair has a separate writer (15.9026ms)
✔ worker final and failure transitions remain lease-fenced (30.2692ms)
✔ pre-cutoff observations never enter the application plan (28.1676ms)
✔ refund application window uses Timestamp with exact half-open boundaries (19.5376ms)
✔ one new form lead and one linked refund map to single create actions (10.1009ms)
✔ identical evidence is classified unchanged across replans (8.2098ms)
✔ source evidence reappearance uses the applied baseline, not conflicts (0.4078ms)
✔ missing-source actions preserve canonical refs and never delete (0.385ms)
✔ bootstrap adoption remaps creates to receipt-only adopt_existing (4.4797ms)
✔ bootstrap adopts nonduplicate calls using DST-aware persisted timestamps (39.8048ms)
✔ apply resumes from checkpoint without replaying successful actions (9.0516ms)
✔ adopt_existing Form Lead supplies the Booking lead_ref without creating a second Lead (4.4146ms)
✔ failed lead dependency blocks dependent booking and continues independently (6.7819ms)
✔ concurrent apply lease acquisition admits only one owner (0.6005ms)
✔ altered plan checksum is rejected before any mutation (5.8363ms)
✔ health signals alert on structural and growth thresholds (0.7146ms)
✔ conflict resolve route delegates booking attach to canonical command (49.5484ms)
✔ ingestion route errors never expose provider or source details (0.9412ms)
✔ WordPress walk-back (47.5715ms)
✔ Lead updated headline omits changed paths (5.1377ms)
✔ Granot-born (1.8755ms)
✔ Latest attempt only (1.097ms)
✔ Granularity filter (0.6758ms)
✔ No contact match (2.6846ms)
✔ Priority 5 is not Booked (1.4078ms)
✔ Case is not a Booking (1.8246ms)
✔ Equivalent Job Number (2.6455ms)
✔ Sheet Sync walk-back (2.2604ms)
✔ Sheet Sync after official Booking (1.4354ms)
✔ Unresolved Lead has no source-lead Sheet Sync (0.9015ms)
✔ orphan cancellation without snapshot is not a first-hop survivor (0.9909ms)
✔ Typed search not_found (0.3696ms)
✔ Typed equivalent search (4.0958ms)
✔ blank Job Number is invalid_job_number (0.973ms)
✔ assemble is a pure function over injected rows (5.6353ms)
✔ text policy skip is not applicable rather than attention (39.6741ms)
✔ open booking intake yields active stage and no official booking (4.0799ms)
✔ resolved finalizing booking case without fact yields attention (2.3361ms)
✔ ordinary booked job has no cancellation attention (4.2701ms)
✔ resolved release case without cancellation yields attention (2.3989ms)
✔ official cancellation determines cancelled outcome (2.7319ms)
✔ contradictory official chronology yields contradictory outcome (3.0945ms)
✔ synced sheet job still reports google destination unverified (3.9129ms)
✔ wordpress-born golden includes wordpress receipt limitation (3.165ms)
✔ later Granot receipt does not clear wordpress receipt limitation (2.8584ms)
✔ ringcentral-born golden bounds confidence with the cursor (3.0374ms)
✔ move completion and multi query appear only as limitations (5.0239ms)
✔ open cancellation intake does not become official cancelled outcome (3.5918ms)
✔ unresolved lead without official fact is unknown and lead unresolved (1.6941ms)
✔ snapshot-only cancellation is a found cancelled page (1.5746ms)
✔ orphan cancellation without snapshot yields orphan attention (1.2169ms)
✔ sheet sync pending too long uses the module default threshold (2.1201ms)
✔ terminal sheet failure yields sheet sync terminal failure (1.5319ms)
✔ disagreeing source scopes yield source scope conflict (3.6636ms)
✔ applied decision without entity change yields processing evidence gap (1.154ms)
✔ applied decision linked by entity change decision id is not a processing evidence gap (1.2702ms)
✔ Masking (38.7961ms)
✔ module WordPress walk-back matches assemble headlines (47.449ms)
✔ module Granot-born (4.4481ms)
✔ module latest Decision attempt only (2.268ms)
✔ module intake is not official Booking (2.5086ms)
✔ module equivalent Job Number (2.8256ms)
✔ module Sheet Sync joins by entity ID (2.5947ms)
✔ module redacts contact, SMS body, and raw payloads (8.1641ms)
✔ module typed search not_found (1.0946ms)
✔ module company/granularity mismatch is filtered_out (0.9077ms)
✔ module without now still stamps assembled_at after reads (1.7449ms)
✔ module now sets assembled_at after reads (1.4027ms)
✔ normalizeTypedJobNo trims and uppercases (2.7546ms)
✔ jobsEquivalent treats letter prefix as the same Job Number (0.6655ms)
✔ recent official booking examples stay capped at three and newest book_date first (6.0285ms)
✔ recent official booking examples skip rows without a Job Number and never copy contact (0.8831ms)
✔ schema_version is job_timeline.v2 on ok pages (47.753ms)
✔ source receipt and lead creation remain separate events (12.474ms)
✔ wordpress creation reports no invented receipt event (4.2871ms)
✔ timeline emits wordpress source_received only when the receipt exists (4.3478ms)
✔ dual clocks order by occurred time and preserve recorded time (2.6937ms)
✔ related receipt decision change and sheet rows share activity id (2.0785ms)
✔ activity grouping does not remove original evidence events (2.1403ms)
✔ orphan cancellation is not attached without durable job snapshot (1.5241ms)
✔ cancellation snapshot restores exact job correlation (2.1344ms)
✔ event cap returns explicit truncation limitation (34.1077ms)
✔ serialized v2 page contains no forbidden fields or contact (38.8552ms)
✔ golden pages cover origin and official-fact shapes (14.2242ms)
✔ skipped ringcentral ledger row is not a source receipt (1.1582ms)
✔ v1 fields remain populated on enhanced events (1.1075ms)
{"level":"info","time":"2026-09-19T02:46:34.157Z","service":"vantage-main-server","env":"development","msg":"lead_messaging.granot_created.already_sent","observationId":"6aadf78a12da562534144c12"}
✔ Granot SMS gates evaluate every named gate and report the first blocker (2.6794ms)
✔ link_only never texts even when every other gate passes (5.1464ms)
✔ not_attested blocks even when outbound_sms.enabled is somehow true (0.4838ms)
✔ renderer substitutes allowlisted placeholders and always appends one opt-out (3.627ms)
✔ sendGranotCreatedLeadConfirmation never throws and reports already_sent on duplicate key (7.5809ms)
✔ create_if_missing texting uses the resolved Lead Source ID and never looks up by label (1.2026ms)
✔ Twilio adapter stays un-called on gate decisions and persist/dispatch stubs (1.6137ms)
✔ link_only enrich path sends nothing even when persist/dispatch are provided (1.304ms)
✔ replaying one observation twice yields at most one persist, bounded by identity (2.9629ms)
{"level":"info","time":"2026-09-19T02:46:34.162Z","service":"vantage-main-server","env":"development","msg":"lead_messaging.granot_created.blocked","observationId":"6aadf78a12da562534144c1b","blockedReason":"source_policy_create_if_missing","leadModel":"FormLead"}
{"level":"info","time":"2026-09-19T02:46:34.163Z","service":"vantage-main-server","env":"development","msg":"lead_messaging.granot_created.blocked","observationId":"6aadf78a12da562534144c1f","blockedReason":"source_policy_create_if_missing","leadModel":"FormLead"}
{"level":"info","time":"2026-09-19T02:46:34.166Z","service":"vantage-main-server","env":"development","msg":"lead_messaging.granot_created.already_sent","observationId":"6aadf78a12da562534144c23"}
{"level":"error","time":"2026-09-19T02:46:33.781Z","service":"vantage-main-server","env":"development","err":{"type":"Error","message":"quiet-hours scheduling failed","stack":"Error: quiet-hours scheduling failed\n    at dispatch (C:\\Users\\Pinda\\Proyectos\\vantage\\vantage-main-server\\src\\services\\leadMessaging\\leadMessaging.service.test.ts:404:15)\n    at dispatchOrQueuePersistedLeadMessage (C:\\Users\\Pinda\\Proyectos\\vantage\\vantage-main-server\\src\\services\\leadMessaging\\leadMessaging.service.ts:274:44)\n    at TestContext.<anonymous> (C:\\Users\\Pinda\\Proyectos\\vantage\\vantage-main-server\\src\\services\\leadMessaging\\leadMessaging.service.test.ts:395:27)\n    at async Test.run (node:internal/test_runner/test:1332:7)\n    at async Test.processPendingSubtests (node:internal/test_runner/test:911:7)"},"msg":"lead_messaging.post_persist_dispatch_failed","leadMessageId":"6aadf7892bd33a64821c1379","leadId":"6aadf7892bd33a64821c137b"}
✔ confirmation builder retains the approved server-side copy (3.9187ms)
✔ confirmation builder derives the first name from a combined name (0.5651ms)
✔ overnight deferral stays off until quiet hours are explicitly enabled (0.8003ms)
✔ form-lead SMS send input defers overnight Eastern traffic to 8:00 AM via Twilio (1.4346ms)
✔ Twilio schedule window rejects sendAt values Twilio would 400 (1.223ms)
✔ overnight deferral fails closed when the Messaging Service SID is missing (0.608ms)
✔ SMS destinations are normalized to E.164 when safely possible (0.6685ms)
✔ disabled mode is a dispatch-time kill switch (7.5504ms)
✔ test mode is also enforced at dispatch time (1.0235ms)
✔ intent persistence gates strictly on parsed true consent (2.4275ms)
✔ duplicate, disabled, and test modes cannot send (3.8771ms)
✔ Granot persist shape shares one capacity reservation and does not require form consent (1.5645ms)
✔ destination policy decisions persist as non-retryable skips (0.7612ms)
✔ 429 and definite connection failures are retryable (0.7165ms)
✔ ambiguous timeouts are never automatically retried (0.8295ms)
✔ retry budget stops automatic retries (0.4357ms)
✔ status callbacks do not regress or replace terminal outcomes (0.9641ms)
✔ scheduled provider status can advance to queued, sent, or failed (2.4491ms)
✔ post-persist dispatch never rejects the form-lead create path (40.7283ms)
{"level":"error","time":"2026-09-19T02:46:33.816Z","service":"vantage-main-server","env":"development","err":{"type":"Error","message":"event write failed after Twilio accepted","stack":"Error: event write failed after Twilio accepted\n    at dispatch (C:\\Users\\Pinda\\Proyectos\\vantage\\vantage-main-server\\src\\services\\leadMessaging\\leadMessaging.service.test.ts:423:15)\n    at dispatchOrQueuePersistedLeadMessage (C:\\Users\\Pinda\\Proyectos\\vantage\\vantage-main-server\\src\\services\\leadMessaging\\leadMessaging.service.ts:274:44)\n    at TestContext.<anonymous> (C:\\Users\\Pinda\\Proyectos\\vantage\\vantage-main-server\\src\\services\\leadMessaging\\leadMessaging.service.test.ts:414:33)\n    at async Test.run (node:internal/test_runner/test:1332:7)\n    at async Test.processPendingSubtests (node:internal/test_runner/test:911:7)"},"msg":"lead_messaging.post_persist_dispatch_failed","leadMessageId":"6aadf7892bd33a64821c1379","leadId":"6aadf7892bd33a64821c137c"}
✔ midnight through 6:59 AM Eastern defers to 8:00 AM the same Eastern day (8.5122ms)
✔ 7:00 AM Eastern and later send immediately (0.6841ms)
✔ immediate Twilio payloads keep the existing from-number send shape (3.6516ms)
✔ scheduled Twilio payloads require a Messaging Service and use fixed sendAt (10.4286ms)
✔ status callback validation uses the exact configured URL and primary token (11.7851ms)
✔ builds signed-callback-compatible TwiML that forwards to RingCentral (91.8174ms)
✔ defaults forwarding to the Vantage RingCentral number (1.0866ms)
✔ rejects a forwarding loop (1.2755ms)
✔ completed callback hangs up the parent call (0.9788ms)
✔ lead source catalog seeds legacy companies and resolves granularities (11.721ms)
✔ all legacy source labels resolve through the lead source catalog (7.5902ms)
✔ lead source catalog seeds production and test databases independently (6.1675ms)
{"level":"info","time":"2026-09-19T02:46:36.836Z","service":"vantage-main-server","env":"development","msg":"call_lead.create.sheet_sync.disabled","resource":"source_lead","leadModel":"CallLead","leadId":"507f1f77bcf86cd799439011"}
✔ rememberBothCallSheetTabsForTombstone includes Calls and Duplicate Calls fallbacks (9.5219ms)
✔ rememberBothCallSheetTabsForTombstone preserves known rows from sheet_sync (2.5625ms)
✔ completeCallLeadIngestion records lead.call.created after commit and skips form-fill when false (13.8335ms)
✔ completeCallLeadIngestion records form-fill only when Form Fill is true (2.9742ms)
✔ completeCallLeadIngestion reports missing CPL after the write, not as a CRM post (3.4262ms)
✔ Admin and Best Relocation origins never set Duplicate Lead; public ingest is vantage_admin (2.4322ms)
✔ [AC-12] RingCentral Call provenance is ringcentral, quoted false, transport stays nested (1.3338ms)
✔ correctCallLead refuses Duplicate Lead on a Booked Call Lead (4.3071ms)
{"level":"info","time":"2026-09-19T02:46:36.838Z","service":"vantage-main-server","env":"development","msg":"lead.call.created","observability_level":"info","category":"lead","workflow":"call_lead_create","source_company":"tbm_leads","entity_id":"507f1f77bcf86cd799439011"}
{"level":"info","time":"2026-09-19T02:46:36.846Z","service":"vantage-main-server","env":"development","msg":"call_lead.create.sheet_sync.disabled","resource":"source_lead","leadModel":"CallLead","leadId":"507f1f77bcf86cd799439011"}
{"level":"info","time":"2026-09-19T02:46:36.847Z","service":"vantage-main-server","env":"development","msg":"lead.call.created","observability_level":"info","category":"lead","workflow":"call_lead_create","source_company":"tbm_leads","entity_id":"507f1f77bcf86cd799439011"}
{"level":"info","time":"2026-09-19T02:46:36.847Z","service":"vantage-main-server","env":"development","msg":"lead.call.form_fill_detected","observability_level":"info","category":"lead","workflow":"call_lead_create","source_company":"tbm_leads","entity_id":"507f1f77bcf86cd799439011"}
{"level":"info","time":"2026-09-19T02:46:36.849Z","service":"vantage-main-server","env":"development","msg":"call_lead.create.sheet_sync.disabled","resource":"source_lead","leadModel":"CallLead","leadId":"507f1f77bcf86cd799439011"}
{"level":"error","time":"2026-09-19T02:46:36.851Z","service":"vantage-main-server","env":"development","msg":"lead.cpl.missing_rate","observability_level":"error","category":"lead","workflow":"lead_cpl_resolution","source_company":"tbm_leads","entity_id":"507f1f77bcf86cd799439011"}
{"level":"info","time":"2026-09-19T02:46:36.851Z","service":"vantage-main-server","env":"development","msg":"lead.call.created","observability_level":"info","category":"lead","workflow":"call_lead_create","source_company":"tbm_leads","entity_id":"507f1f77bcf86cd799439011"}
✔ correctCallLead maps a missing receiver agent to 404 (66.7645ms)
✔ correctCallLead skips Sheet Sync when nothing material changed (16.8006ms)
✔ listRecentCallLeads keeps a Duplicate Lead in the last 200 (1.2434ms)
✔ removeCallLead refuses a Booked Call Lead without cascade (0.9579ms)
✔ refuseToMarkABookedCallAsDuplicate does not mention no_sync (17.226ms)
✔ correctCallLead does not throw ConflictError when marking no_sync on booked or duplicate (15.4173ms)
✔ Admin Call create stamps no_sync from origin and skips call_lead.create outbox when true (73.8162ms)
✔ Admin Call omit stamps no_sync true; RingCentral client true stamps false (31.0205ms)
✔ CallLead schema defaults no_sync to false so missing-field documents stay syncable (0.3806ms)
✔ begin remembers Sheet Sync before commit; complete dispatches and records owner events (33.4366ms)
✔ form duplicate check matches an earlier lead by email within exact granularity (5.6915ms)
✔ form duplicate check matches existing lead by phone within exact granularity (0.9429ms)
✔ form duplicate check does not fall back from exact granularity to company (3.7216ms)
✔ form duplicate check allows single identifier duplicate matches (1.0036ms)
✔ form duplicate check ignores regex candidates that fail exact phone verification (1.039ms)
✔ form duplicate check skips lookup when no usable identifier exists (0.6287ms)
✔ findFormLeadForEnrichment does not return a Duplicate Lead (7.5049ms)
✔ findFormLeadForEnrichment is not found when the Form Lead is missing (1.2014ms)
✔ correctFormLead refuses quoted and cubic feet on a Duplicate Lead (4.431ms)
✔ refuseIllegalCorrections does not mention no_sync (33.0542ms)
✔ correctFormLead does not throw ConflictError when marking no_sync on booked, duplicate, or bad (3.2631ms)
✔ correctFormLead refuses Bad Lead on duplicate, Booked, or Cancelled (3.2268ms)
✔ removeFormLead refuses a Booked Form Lead without cascade (4.6007ms)
✔ [AC-10] WordPress and Admin Form create paths derive exact origins (0.9786ms)
✔ Admin Form create omit stores no_sync true and skips form_lead.create outbox (6.6826ms)
✔ Admin Form omit stamps no_sync true; opt-in false and WordPress client true stamp correctly (18.0499ms)
✔ FormLead schema defaults no_sync to false so missing-field documents stay syncable (0.3106ms)
✔ [AC-10] Form updates cannot carry internal snapshot or origin fields (1.2798ms)
✔ lead CPL resolution uses the stored Eastern business calendar day (5.7285ms)
✔ duplicate Call Lead snapshots retain base-period evidence at zero (2.3825ms)
✔ missing rates remain compatibility zero with a cleared period reference (2.3209ms)
✔ [AC-10] Form origin derivation uses trusted entry points and fails closed (2.7626ms)
✔ [AC-12] Call origin derivation uses trusted entry points and fails closed (0.567ms)
✔ [AC-10] [AC-11] creation provenance captures ingested snapshots with trusted now (2.2937ms)
✔ [AC-12] Call creation provenance forces quoted false and captured_at_ingestion (0.5745ms)
✔ noSyncOnCreate defaults true for vantage_admin and ignores other-origin client true (0.3462ms)
✔ [AC-07] omitForbiddenLeadLifecycleFields strips internal metadata from updates (0.3659ms)
✔ deriveLocal is local only when both states match (5.0019ms)
✔ deriveFormLeadLocal treats not_found on either side as a Local Move (0.6934ms)
✔ deriveFormLeadLocal still classifies two known states (0.4056ms)
✔ normalizeState keeps the not_found sentinel and uppercases codes (0.9422ms)
﹣ [AC-10] [AC-11] replica WordPress Form create captures origin and snapshots atomically (2.6007ms) # Replica-set proof requires TEST_MODE=true before process start.
﹣ [AC-10] replica Form origin/snapshot insert rolls back with the Lead (0.8141ms) # Replica-set proof requires TEST_MODE=true before process start.
﹣ [AC-12] replica RingCentral Call create captures origin, quoted false, and rolls back atomically (0.5945ms) # Replica-set proof requires TEST_MODE=true before process start.
✔ lead source assignment persists owner-created registry sources (3.2624ms)
✔ lead source assignment retries a valid fallback alias after exact lookup misses (0.6223ms)
✔ classifies a different legacy source company as conflict (2.432ms)
✔ classifies a genuinely unassigned Lead as unassigned (0.4955ms)
✔ receipt exists before Lead create on the authorized path (12.9008ms)
✔ duplicates collapse on the idempotency key (3.9147ms)
✔ unauthorized or keyless WordPress create does not write a receipt (0.7482ms)
✔ unattached receipt refuses a second Lead create (1.8215ms)
✔ attach failure does not leave a creatable second Lead (0.921ms)
✔ capture failure aborts Lead create (0.5307ms)
✔ seed catalog has unique Granot Carrier Codes and DOTs (1.9921ms)
✔ seed plan sets missing codes and leaves matching codes alone (0.8629ms)
✔ carrier normalization collapses whitespace and lowercases names (2.9471ms)
✔ carrier CSV parser normalizes headers and rejects duplicate compound identities (1.5752ms)
✔ carrier CSV parser rejects duplicate Granot Carrier Codes (0.7748ms)
✔ carrier list defaults to active rows and applies q across searchable fields (5.8607ms)
✔ patch import creates missing carriers and reactivates changed existing carriers (5.0418ms)
✔ replace import deactivates active carriers missing from the uploaded CSV (1.1839ms)
✔ phone classification: external, company DID, extension, withheld, service code, malformed (3.8589ms)
✔ provider account resolution never fabricates or silently picks between accounts (1.4435ms)
✔ window start honors the twelve-hour floor and the cursor overlap (0.5675ms)
✔ coverage: complete rolling window advances cursor and watermark, closes covered gaps (0.774ms)
✔ coverage: partial page failure never advances complete-through and records the missing range (1.9856ms)
✔ coverage: gap repair removes a repaired gap, narrows a partially repaired one, and never drops gaps past the bound (1.0275ms)
✔ import boundary: numberActivity never imports qualification, ingest, convergence or Lead write services (30.56ms)
✔ normalizeDirectory reduces provider records to the snapshot shape deterministically; digest is order-independent (7.7506ms)
✔ fetcher issues the documented account, extension, phone-number and call-queue reads over the shared client (0.9938ms)
✔ capture-projection dedupe key is the provider uuid, falling back to the receipt id only when the uuid is absent (5.4653ms)
✔ queue topic is env-scoped and never published from a test runner (4.231ms)
✔ fan-out: flag off means no job and no publish; a non-durable receipt is skipped honestly (2.7626ms)
{"level":"warn","time":"2026-09-19T02:46:51.603Z","service":"vantage-main-server","env":"development","msg":"sales_intelligence.capture.fanout.enqueue_timeout","receiptId":"6aadf79bcac1704e7a0b3037","timeoutMs":20}
✔ fan-out: the acknowledgement waits a bounded time for the job transaction; a slow transaction is reported, not awaited forever (43.7931ms)
✔ fan-out: job is durable before publish; publish failure keeps the enqueued job; enqueue failure is bounded (2.8718ms)
✔ publish wake-up: gated, best-effort, never throws (6.5971ms)
✔ wake-up payload is exactly { job_id } with a 24-hex id (5.2299ms)
✔ worker: unclaimable job (completed, leased elsewhere, foreign stage) does nothing (1.8249ms)
✔ worker: loads the stored receipt, passes the job id as request_id, completes with a bounded per-session result (4.6081ms)
✔ worker: deterministic per-session failures (account_unresolved) complete the job with the error visible; retryable ones retry with partial result (10.174ms)
✔ worker: missing receipt is schema_invalid (bounded retries), lease loss during completion is reported not retried (1.8037ms)
{"level":"error","time":"2026-09-19T02:46:51.613Z","service":"vantage-main-server","env":"development","msg":"sales_intelligence.capture.fanout.enqueue_failed","receiptId":"6aadf79bcac1704e7a0b303c","errorName":"Error","errorCode":null}
{"level":"error","time":"2026-09-19T02:46:51.620Z","service":"vantage-main-server","env":"development","msg":"sales_intelligence.queue.publish_failed","jobId":"6aadf79bcac1704e7a0b303e","errorName":"Error"}
{"level":"warn","time":"2026-09-19T02:46:51.645Z","service":"vantage-main-server","env":"development","msg":"sales_intelligence.capture.projection.lease_lost","jobId":"6aadf79bcac1704e7a0b304a"}
✔ terminal party statuses stay in parity with the qualification evaluator (3.5415ms)
✔ inbound queue call projects all directions of evidence: parties, connection, terminal, external number (12.1975ms)
✔ duplicate webhook delivery is a semantic no-op: no revision, fenced per party (22.1282ms)
✔ one party's sequence never suppresses another party in the same delivery (1.57ms)
✔ out-of-order and late events never regress terminal or connected facts (1.9749ms)
✔ Call Log is authoritative: result/duration survive a late webhook terminal event (7.5222ms)
✔ identical Call Log replay and older lastModifiedTime never create a new revision or regress facts (5.4688ms)
✔ transfer with multiple recordings keeps every leg and recording, counted once as one interaction (2.7629ms)
✔ delayed recording evidence after terminal is surfaced as new recording ids (3.1421ms)
✔ voicemail is provider evidence; connected is not human; outbound unanswered stays unknown (3.5633ms)
✔ internal, withheld and malformed observations keep provider evidence without a customer identity (3.9766ms)
✔ review fix: an unknown short caller id is malformed, never a fabricated extension that makes a customer call Internal (1.3558ms)
✔ review fix: a party event missing `direction` does not turn an outbound customer call into a sticky Internal (2.6317ms)
✔ review fix: a stale Call Log record never regresses leg-level result or duration (1.9603ms)
✔ review fix: legs_overflow_count is monotone across records and not double counted on merge (41.0103ms)
✔ session-id only Call Log record resolves to fallback identity and gains the strongest basis when bridged (1.2939ms)
✔ Call Log first, webhook later: the extension party is adopted, not duplicated (2.1436ms)
✔ mergeProjections requires same account and folds evidence without dropping recordings (2.3791ms)
✔ no directory snapshot keeps roles unknown instead of guessing (1.8179ms)
✔ parseSearchTerm: e164, suffix, term and formatting (4.2127ms)
✔ term regex characters are escaped and anchored as a prefix (5.2972ms)
✔ number cursor round trip; garbage is INVALID_INPUT (4.8646ms)
✔ buildNumberSearchFilter: hygiene, attachment, range, term and keyset cursor (5.1382ms)
✔ timeline total order: happened_at desc, kind asc, id desc; isAfterCursor is strict (14.4658ms)
✔ keysetAfterCursor mirrors isAfterCursor for a fixed kind (11.8486ms)
✔ mergeTimeline: k-way merge, dedupe on (kind,id), cursor only when more remain (37.8913ms)
✔ NUMBER_DTO_FIXTURES parse against their schemas; CSI-01 detail data is a subset of the CSI-04 detail data (66.9596ms)
✔ recount replays stored canonical interactions through the CSI-02 counting rules and derives search terms from evidence only (64.7822ms)
✔ recount is idempotent: recounting the rebuilt fields yields the same fields; a fresh recount equals incremental rollups (13.8921ms)
✔ incident severity comparison ranks critical above error and warn (2.2035ms)
✔ event filter keeps exact-match fields exact (7.787ms)
✔ event filter matches lead name partially and case-insensitively (1.0062ms)
✔ event filter escapes regex metacharacters in lead inputs (0.8444ms)
✔ event filter matches phone digits across formatting (1.2535ms)
✔ event filter supports partial phone digit search (5.5709ms)
✔ event filter builds date window and text search (16.8825ms)
✔ facets query schema coerces dates and strips unknown params (9.8058ms)
✔ incident filter applies partial lead matching and q regex OR (3.0304ms)
✔ fingerprint is deterministic for the same inputs (1.8618ms)
✔ fingerprint differs by event key and environment (0.5423ms)
✔ explicit dedupeKey takes precedence over composed fields (0.3639ms)
✔ normalized error messages group transient differences (0.5314ms)
✔ dedupe key is human-readable and stable (0.3476ms)
✔ returns all-null for missing identity (2.8681ms)
✔ trims name/phone and lowercases email (0.6471ms)
✔ empty strings become null (0.4663ms)
✔ returns empty object for nullish or non-object details (3.6397ms)
✔ truncates long strings to 500 characters with ellipsis (1.0899ms)
✔ collapses oversized arrays and deep objects (0.6002ms)
✔ normalizes dates and drops unsupported values (5.2885ms)
✔ replaces details exceeding byte budget with a truncation marker (1.1612ms)
✔ canonicalize sorts object keys and serializes dates deterministically (16.9035ms)
✔ result hash is stable for identical inputs regardless of key order (0.8582ms)
✔ result hash changes when result data changes (0.7667ms)
✔ isOperationalReportKey validates known keys (0.4247ms)
✔ registry denies exact IDs and normalized Google spreadsheet URLs (4.0658ms)
✔ production registry fails closed when required registration is absent (1.2252ms)
✔ spreadsheet normalization is strict and masking does not expose IDs (0.9333ms)
✔ registration groups compose without mutable global state (0.5431ms)
✔ Stage 2 registers both ingestion sources as production-required (0.5145ms)
✔ registry agent list excludes inactive rows by default (6.1191ms)
✔ registry merchant list supports include_inactive (0.8488ms)
{"level":"info","time":"2026-09-19T02:46:48.631Z","service":"vantage-main-server","env":"development","msg":"cpl_correction.completed","observability_level":"info","category":"admin","workflow":"cpl_correction","entity_id":"6aadf7988162ba8952bfd3da"}
✔ computeCplCorrectionPreviewHash is stable for normalized selection and impact (5.5948ms)
✔ previewCplCorrection returns deterministic hash and bounded sample (4.7692ms)
✔ preview hashes full Lead state and reports full counts beyond its sample (1.7261ms)
✔ Form duplicate flags do not invoke Call duplicate-zero CPL semantics (0.9297ms)
✔ createCplCorrection rejects stale preview hash (2.9034ms)
✔ createCplCorrection rejects changed schedule revision (0.9221ms)
✔ createCplCorrection commits audit metadata without lead payloads (13.2236ms)
✔ correction jobs exclude Leads inserted after the reviewed preview (6.8472ms)
✔ correction jobs fail visibly when reviewed Lead state changes (2.5671ms)
✔ correction jobs fail when a reviewed Lead disappears (2.8926ms)
✔ processCplCorrectionBatch resumes after expired lease (3.479ms)
✔ overlapping workers do not double-correct the same lead (2.3868ms)
✔ re-entering a completed batch is a no-op (3.3523ms)
✔ cancellation stops future batches without corrupting completed work (3.8872ms)
✔ partial failure records failed count and resumes remaining leads (5.706ms)
✔ analytics invalidation seam fires once after successful completion with changes (2.4671ms)
✔ analytics handoff failure does not downgrade completed corrections (4.0168ms)
✔ normalizeCplCorrectionSelection converts inclusive business dates (2.0464ms)
✔ correction windows query pseudo-UTC Lead timestamps across DST (2.5111ms)
{"level":"warn","time":"2026-09-19T02:46:48.634Z","service":"vantage-main-server","env":"development","msg":"cpl_correction.lead_failed","observability_level":"warn","category":"admin","workflow":"cpl_correction","entity_id":"6aadf7988162ba8952bfd3db"}
{"level":"error","time":"2026-09-19T02:46:48.637Z","service":"vantage-main-server","env":"development","msg":"cpl_correction.reviewed_target_missing","observability_level":"error","category":"admin","workflow":"cpl_correction","entity_id":"6aadf7988162ba8952bfd3dc"}
{"level":"info","time":"2026-09-19T02:46:48.640Z","service":"vantage-main-server","env":"development","msg":"cpl_correction.progress","observability_level":"info","category":"admin","workflow":"cpl_correction","entity_id":"6aadf7988162ba8952bfd3dd"}
{"level":"info","time":"2026-09-19T02:46:48.641Z","service":"vantage-main-server","env":"development","msg":"cpl_correction.completed","observability_level":"info","category":"admin","workflow":"cpl_correction","entity_id":"6aadf7988162ba8952bfd3dd"}
{"level":"info","time":"2026-09-19T02:46:48.643Z","service":"vantage-main-server","env":"development","msg":"cpl_correction.completed","observability_level":"info","category":"admin","workflow":"cpl_correction","entity_id":"6aadf7988162ba8952bfd3de"}
{"level":"info","time":"2026-09-19T02:46:48.647Z","service":"vantage-main-server","env":"development","msg":"cpl_correction.completed","observability_level":"info","category":"admin","workflow":"cpl_correction","entity_id":"6aadf7988162ba8952bfd3df"}
{"level":"info","time":"2026-09-19T02:46:48.649Z","service":"vantage-main-server","env":"development","msg":"cpl_correction.progress","observability_level":"info","category":"admin","workflow":"cpl_correction","entity_id":"6aadf7988162ba8952bfd3e0"}
{"level":"info","time":"2026-09-19T02:46:48.650Z","service":"vantage-main-server","env":"development","msg":"cpl_correction.cancelled","observability_level":"info","category":"admin","workflow":"cpl_correction","entity_id":"6aadf7988162ba8952bfd3e0"}
{"level":"warn","time":"2026-09-19T02:46:48.655Z","service":"vantage-main-server","env":"development","msg":"cpl_correction.lead_failed","observability_level":"warn","category":"admin","workflow":"cpl_correction","entity_id":"6aadf7988162ba8952bfd3e1"}
{"level":"info","time":"2026-09-19T02:46:48.657Z","service":"vantage-main-server","env":"development","msg":"cpl_correction.progress","observability_level":"info","category":"admin","workflow":"cpl_correction","entity_id":"6aadf7988162ba8952bfd3e1"}
{"level":"info","time":"2026-09-19T02:46:48.657Z","service":"vantage-main-server","env":"development","msg":"cpl_correction.completed","observability_level":"info","category":"admin","workflow":"cpl_correction","entity_id":"6aadf7988162ba8952bfd3e1"}
{"level":"info","time":"2026-09-19T02:46:48.659Z","service":"vantage-main-server","env":"development","msg":"cpl_correction.completed","observability_level":"info","category":"admin","workflow":"cpl_correction","entity_id":"6aadf7988162ba8952bfd3e2"}
{"level":"info","time":"2026-09-19T02:46:48.662Z","service":"vantage-main-server","env":"development","msg":"cpl_correction.completed","observability_level":"info","category":"admin","workflow":"cpl_correction","entity_id":"6aadf7988162ba8952bfd3e3"}
{"level":"error","time":"2026-09-19T02:46:48.662Z","service":"vantage-main-server","env":"development","msg":"cpl_correction.analytics_handoff_failed","observability_level":"error","category":"admin","workflow":"cpl_correction","entity_id":"6aadf7988162ba8952bfd3e3"}
✔ dollarsToCents accepts canonical non-negative precision (2.8905ms)
✔ dollarsToCents rejects negatives, unsafe values, and more than two decimals (1.6181ms)
✔ business dates convert New York local midnight across spring DST (1.4364ms)
✔ business dates convert New York local midnight across fall DST (0.6452ms)
✔ owner inclusive end converts to next local midnight exclusive (0.6367ms)
✔ business date conversion rejects malformed and impossible dates (0.582ms)
✔ active schedule validation accepts contiguous periods and explicit zero (1.6789ms)
✔ active schedule validation rejects gaps, overlaps, and missing open end (2.4937ms)
✔ inactive schedules may be incomplete but remain ordered and non-overlapping (1.5473ms)
✔ simple construction ignores unchanged rates and preserves future periods (2.6821ms)
✔ simple construction splits history and replaces future coverage (1.7512ms)
✔ advanced operations add, split, correct, and replace schedules (3.6466ms)
✔ resolver uses inclusive start and exclusive end business timestamp (1.0231ms)
✔ resolver distinguishes missing, duplicate zero, and not applicable (0.5067ms)
✔ advanced command returns safe stale revision state without writes (2.2055ms)
✔ simple command validates every changed granularity before writing atomically (10.1591ms)
✔ simple command ignores unchanged rows and increments changed rows once (2.8323ms)
✔ simple command ignores an unchanged row without revision comparison (0.9575ms)
✔ CplRatePeriod model declares the three schedule lookup indexes (1.4116ms)
✔ toSmsView defaults a missing policy to off and not attested (2.7233ms)
✔ setGranotCrmSourceOutboundSms rejects non-owners and not_attested enable (11.0683ms)
✔ listRecentGranotCrmSourceSms never returns a message body (0.9167ms)
✔ enabling SMS is rejected unless lead_created_policy is create_if_missing (2.9578ms)
✔ editing a template increments template_version and leaves enabled false (1.791ms)
✔ RegistryError exposes stable registry_code and remediation in HTTP body (3.1841ms)
✔ RegistryError maps registry codes to app log codes without changing legacy error field (0.4646ms)
✔ [AC-38] automation reference write is audited and invalidates caches only after commit (14.4565ms)
✔ [AC-38] replay of the same automation reference is a no-op write (1.3419ms)
✔ [AC-38] audit failure leaves the automation reference unapplied (2.1617ms)
✔ Admin actors cannot write automation references (1.6984ms)
✔ Admin and missing-reason actors cannot mutate Granot CRM source policy (5.3773ms)
✔ [AC-38] Owner create validates inside the transaction and pairs one sanitized granot_crm_source audit (16.4842ms)
✔ [AC-38] audit failure rolls back mutation and does not invalidate caches (7.4266ms)
✔ duplicate request IDs remain a stable replay conflict (3.698ms)
✔ inactive or mismatched references fail closed and do not write (2.2605ms)
✔ setGranotCrmSourceLifecycleEnabled reuses the audited Owner command (2.9623ms)
✔ read-after-write does not return a cached precommit policy projection (1.11ms)
﹣ [AC-38] replica-set create commits mutation and audit together then invalidates caches (3.2031ms) # Replica-set proof requires TEST_MODE=true before process start.
✔ changing lead_created_policy away from create_if_missing turns SMS off on the stored document (2.1101ms)
✔ normalizeSourceLabel applies NFKC (9.0531ms)
✔ normalizeSourceLabel collapses internal whitespace (18.0054ms)
✔ normalizeSourceLabel trims (0.569ms)
✔ normalizeSourceLabel lowercases (0.4695ms)
✔ normalizeSourceLabel folds full-width characters (11.6708ms)
✔ normalizeSourceLabel collapses a non-breaking space (0.8968ms)
✔ create rejects a client-supplied normalized_label (19.9217ms)
✔ create rejects a change_reason shorter than 10 or longer than 1000 (1.7061ms)
✔ create validation order: Feed exists, belongs to Lead Source, is active, then collision (11.449ms)
✔ unique index is defined separately from the service collision check (8.6404ms)
✔ create writes through the registry audit trail (8.9544ms)
✔ there is no in-place destination edit; correction is deactivate then create (3.9664ms)
✔ schema validation rejects a mismatched normalized_label (25.4323ms)
✔ schema validation rejects post-create changes to destination fields (5.9846ms)
✔ resolveLabelToFeed returns not_found without throwing (2.1975ms)
✔ resolveLabelToFeed returns ambiguous when two active mappings collide (0.9661ms)
✔ listLabelMappings filters by Feed, Lead Source, and namespace (2.732ms)
✔ consultStaticSourceLabelMap increments the instrumented counter (0.7708ms)
✔ derives company_slug and granularity_key like paid_overflow (13.2881ms)
✔ creates one inactive lead source and feed and returns the readiness plan (15.75ms)
✔ skippable Granot still creates a valid inactive lead source and feed (9.7741ms)
✔ collision on company_slug writes nothing (2.4819ms)
✔ crm_label collision against an active same-channel feed writes nothing (1.6265ms)
✔ alias collision names both sides and writes nothing (1.9285ms)
✔ granot label collision writes nothing (1.4832ms)
✔ mid-transaction feed failure leaves none of the three (1.8187ms)
✔ Paid Overflow-shaped setup creates a new first-class feed and leaves paid_overflow alone (2.2213ms)
✔ preview runs the same validation and writes nothing (1.873ms)
✔ preview reports every collision type without writing (2.0942ms)
✔ translation table maps handling and arrival policy exactly (4.552ms)
✔ one_feed create is inactive, SMS-off, one any route, lead_model derived from the Feed (12.1473ms)
✔ one_feed Call Feed derives CallLead (1.8589ms)
✔ Owner create accepts an inactive Feed on an inactive Lead Source as a draft (2.1883ms)
✔ submitted lead_source_id that disagrees with the Feed is rejected naming both sides (2.3253ms)
✔ watch_only with a non-null destination is rejected (0.9309ms)
✔ duplicate normalized name is rejected before write (0.9954ms)
✔ short reason is rejected after the name check (0.6132ms)
✔ form_by_move_type with two Call Feeds is rejected (1.0655ms)
✔ form_by_move_type with two local Feeds is rejected (0.9609ms)
✔ form_by_move_type with the same Feed twice is rejected (0.7128ms)
✔ form_by_move_type with Feeds from different Lead Sources is rejected (0.6846ms)
✔ form_by_move_type writes two FormLead routes keyed by move type (1.6146ms)
✔ referral_booking translates to referral disposition and observation_only (1.1415ms)
✔ watch_only translates to deferred and observation_only (1.1961ms)
✔ non-Owner actors cannot create a Granot name (1.0847ms)
✔ banned-term constant is the shared six-term list (4.0248ms)
✔ ORS-3 detail projection Owner strings stay inside the language deck (17.3797ms)
✔ translation table covers every code health.ts can emit (3.4378ms)
✔ every translation has a non-empty owner action and deep link (0.9281ms)
✔ unknown codes surface as themselves and are never dropped (0.6761ms)
✔ active RingCentral validation failure uses the stopped-filing sentence (0.2954ms)
✔ assignment inconsistency states the operational cost with the number (0.2941ms)
✔ source registry health reports invalid defaults and deterministic conflicts (9.4007ms)
✔ source registry health reports active granularity under inactive company (1.2675ms)
✔ CPL health discloses invalid active schedules and unresolved production Leads (1.4573ms)
✔ runtime health discloses stale cache service and remaining compatibility reads (0.7707ms)
✔ label mapping health reports an invalid destination and a collision (0.7909ms)
✔ Registry Health renders with an empty mappings collection (0.2435ms)
✔ Granot health findings raise on one fixture each and stay quiet on a healthy source (3.2647ms)
✔ detail returns every connection in one request for §7.2 (24.4484ms)
✔ two move-type feeds keep separate label sets (6.8601ms)
✔ empty states are present sections, never absent (10.0238ms)
✔ list and detail stay under the round-trip bound and write nothing (6.981ms)
✔ Owner-facing finding strings keep implementation words out of copy (10.5334ms)
✔ withRegistryMutation rolls back when audit insert fails (6.149ms)
✔ withRegistryMutation invalidates caches only after commit (1.2076ms)
✔ duplicate mutation request IDs fail as a stable replay conflict (1.4768ms)
✔ granot_crm_source audit failure still rolls back and skips cache invalidation (1.4977ms)
✔ invalidateRegistryCaches deduplicates keys for listeners (0.666ms)
✔ assignment DTO carries Lead Source and Feed labels from one bounded join (16.7008ms)
✔ reassignment request carrying a company ID is still rejected (4.867ms)
✔ activation still rejects an inactive or non-call feed (3.8686ms)
✔ dependency preview no longer returns a hardcoded can_deactivate gate (1.0035ms)
✔ RingCentral snapshot resolves historical assignment intervals (3.9231ms)
✔ RingCentral snapshot rejects unknown and interval gaps (0.6755ms)
✔ RingCentral snapshot excludes inactive source targets (1.6666ms)
✔ active RingCentral snapshot number listing excludes closed history (1.4695ms)
✔ cache invalidation discards an in-flight stale refresh (1.2572ms)
✔ M5 account validator shares one RingCentral inventory load across numbers (2.7056ms)
{"level":"info","time":"2026-09-19T02:46:58.435Z","service":"vantage-main-server","env":"development","msg":"operations_registry.compatibility_read","observability_level":"info","category":"admin","workflow":"operations_registry"}
✔ runtime telemetry exposes bounded resolver health and compatibility counters (6.7009ms)
✔ durable compatibility recording falls back locally when persistence is unavailable (3.2073ms)
✔ durable compatibility events merge across process-local telemetry (0.6178ms)
✔ sanitizeRegistrySnapshot redacts secret-like keys (4.1391ms)
✔ sanitizeRegistrySnapshot bounds oversized nested payloads (7.0663ms)
✔ sanitizeRegistrySnapshot returns null for empty snapshots (0.7222ms)
✔ first-class Source Granularity applies draft and revision defaults (40.9338ms)
✔ Source Company defaults sheet projection to derived import (17.9397ms)
✔ source company write schema rejects embedded granularities and active flag (16.4589ms)
✔ owner-created dynamic source resolves by exact identifier (4.2699ms)
✔ active company default resolves only to an active same-channel record (0.9807ms)
✔ a company identifier falls through to its default when it is not a granularity alias (0.6962ms)
✔ local classification resolves the matching active granularity before the default (0.609ms)
✔ fallback aliases choose the unique highest priority candidate (0.6846ms)
✔ an inferred unknown company identifier can resolve as a global alias in one pass (0.6514ms)
✔ equal-priority fallback ambiguity fails deterministically (1.9928ms)
✔ inactive exact records and inactive defaults do not resolve (0.5972ms)
✔ all legacy source-label fixtures preserve company attribution (2.9122ms)
✔ resolves without touching the static map (2.2129ms)
✔ empty collection falls back to the static map and emits exactly one compatibility-read event (0.7863ms)
✔ ambiguous mapping fails closed and does not consult the static map (0.7982ms)
✔ inactive-Feed mapping fails closed and does not fall back to the static map (0.8547ms)
✔ canonical payload normalizes email, role, method, and path (6.1078ms)
✔ verifyRegistryActor accepts a valid owner signature (2.7343ms)
✔ verifyRegistryActor rejects admin role for owner-only mutation (1.9989ms)
✔ verifyRegistryActor allows admin read access with valid signature (1.3813ms)
✔ verifyRegistryActor rejects missing signature headers (1.9699ms)
✔ verifyRegistryActor rejects expired signatures outside replay window (1.149ms)
✔ verifyRegistryActor rejects tampered signatures (0.9649ms)
✔ verifyRegistryActor rejects method/path mismatches (1.0467ms)
✔ verifyAdminActorSignature uses constant-time comparison semantics (0.5947ms)
✔ preview unsigned compatibility is disabled in production (1.163ms)
✔ preview unsigned compatibility never authorizes mutations (0.7245ms)
✔ unsigned preview reads require a unique request ID (0.809ms)
✔ exported header names match dashboard proxy contract (0.4071ms)
✔ extension owner Bearer auth can read agent catalog without signed proxy headers (0.523ms)
✔ extension owner Bearer auth can create agents without signed proxy headers (0.4437ms)
✔ extension owner Bearer auth cannot mutate non-catalog registry routes (0.6187ms)
✔ extension sales Bearer auth is not a registry actor (0.7062ms)
✔ extension Sales plus Customer Service Bearer auth is not a registry actor (0.6775ms)
✔ booked reconciliation can preview phone/source matched unbooked call lead updates (18.4562ms)
✔ booked reconciliation does not globally phone-match across assigned source companies (2.2406ms)
✔ booked reconciliation warns but allows idempotent sync when phone-matched lead has a different job_no (2.458ms)
✔ booked reconciliation prefers phone/source candidates without conflicting job_no (2.674ms)
✔ Path B phone fallback does not read granot_contact_snapshot as identity (7.3275ms)
✔ ownerIdentitySnapshotFromEmail persists snake_case keys required by ReportingDestination (3.4466ms)
✔ ReportingDestination rejects camelCase owner identity snapshots (20.576ms)
✔ ReportingDestination accepts snake_case owner identity from helper (2.7788ms)
✔ Stage 4 stream resumes without duplicates and preserves checksum state (8.6949ms)
✔ Stage 4 stream validates current page dependencies before and after query (2.0358ms)
✔ Stage 4 source read-through is supplied once as a valid UTC instant (0.94ms)
✔ manifest builds once and validations are page-targeted across pages (2.8758ms)
✔ resume validates the complete manifest before reopening reader (1.4165ms)
✔ mapped contributing dependency fails before output without O(N) validation (1.65ms)
✔ columnIndexFromLetters matches Google A1 columns including ZZ (4.8106ms)
✔ createHiddenStagingTab stamps markers on a default 26-column Google sheet (4.901ms)
✔ writeOwnershipAndRunMarkers expands an existing 26-column sheet (1.3146ms)
✔ writeValuesRaw expands a default grid before writing past the last row (2.1184ms)
✔ registered container confirmed 404 is treated as cleaned_not_found (2.2536ms)
✔ 403 access denied remains refetch_blocked and does not complete run (0.7323ms)
✔ transient provider error remains refetch_blocked and does not complete run (0.4362ms)
✔ confirmed 404 completes run when all registered containers are cleaned (0.2452ms)
✔ partial attempt A cleaned then failed B completes only after B is cleaned on next run (0.2734ms)
✔ live harness prerequisites fail closed when OAuth export root is absent (24.3767ms)
✔ live harness rejects service-account credentials including local file env vars (9.2056ms)
✔ live harness skips without calling Google when prerequisites are absent (5.9568ms)
✔ PII-safe evidence masks file IDs and omits sensitive detail keys (1.3236ms)
✔ live harness evidence log contains no raw PII field names (0.981ms)
✔ buildLiveTestRunTag produces unique synthetic tags (1.4468ms)
✔ buildLiveTestAppProperties marks harness_container artifacts for janitor selection (0.4646ms)
✔ transient failure wrapper exhausts injected failures (0.3011ms)
✔ positively marked live test artifact requires export root, age, and marker (0.8018ms)
✔ live test google api factory receives explicit OAuth2Client (2.224ms)
✔ live test google api factory rejects service-account env indicators (2.2296ms)
✔ needs_janitor cleanup status remains janitor-eligible (2.1951ms)
✔ registry binding rejects copied-marker sibling not registered for run (2.1849ms)
✔ registry binding rejects export root mismatch (0.4224ms)
✔ denylist proof accepts only OPERATIONAL_WORKBOOK rejection code (0.8165ms)
✔ picker parent mismatch fails before destination denylist check (19.114ms)
✔ export folder env snapshot restores unset variable after early throw path (4.3901ms)
✔ export folder env snapshot restores prior value when variable was set (0.7183ms)
✔ live test run tag format enforces configured prefix pattern (11.3932ms)
✔ direct-child invariant rejects nested artifacts (10.7249ms)
✔ known harness run evidence requires harness_container role and markers (1.7988ms)
✔ recursive evidence sanitizer redacts nested sensitive values (13.6368ms)
✔ sanitizeLiveTestString redacts embedded Drive URLs and bearer tokens (13.1595ms)
✔ structured cleanup errors mask file IDs instead of concatenating raw IDs (0.5282ms)
✔ service-account indicators include env, local file vars, and credential file names (16.4418ms)
✔ janitor returns no-op when live tests are disabled (2.2046ms)
✔ worker transient hook consumes only configured run (0.5276ms)
✔ janitor selects only positively marked harness_container folders under export root (6.5898ms)
✔ janitor requires persisted harness-run registry authorization (0.6803ms)
✔ janitor honors optional run-tag prefix filter (0.5772ms)
✔ isPositivelyMarkedHarnessContainer rejects non-folder roles and young artifacts (0.4502ms)
✔ isPositivelyMarkedLiveTestArtifact rejects young artifacts (0.4388ms)
✔ promotion plan: fresh reserve when ready and no prior reservation (2.627ms)
✔ promotion plan: takeover recovers applied rename without competing promote (0.6668ms)
✔ promotion plan: takeover of not-applied rename takes new reservation (0.3275ms)
✔ promotion plan: ambiguous google state preserves prior-tab safety (0.4764ms)
✔ promotion reservation filter requires active lease and prior generation (5.3219ms)
✔ promotion lease interleaving: expiry before provider abandons mutate (0.9586ms)
✔ promotion lease interleaving: expiry during provider blocks stale CAS (0.4702ms)
✔ promotion lease interleaving: stale response after takeover cannot CAS (0.5273ms)
✔ promotion lease interleaving: takeover recovers applied rename via CAS only (0.4251ms)
✔ promotion lease interleaving: takeover of not-applied rename re-reserves then promotes (0.5267ms)
✔ promotion CAS requires provider_applied, not merely reserved (0.3051ms)
✔ transient TX errors are not classified as stale (0.5443ms)
✔ catalog contains exactly three code-defined @1 datasets and complete contracts (9.9897ms)
✔ owner sorts reject internal and duplicate terms and append ASC tie-breakers (2.2544ms)
✔ deployment allowlist defaults, narrows, and rejects unknown or duplicate tokens (2.0491ms)
✔ strict request contracts reject caller scope and arbitrary dataset filters (15.2795ms)
✔ request bounds and formula-safe labels fail before database work (89.9291ms)
✔ cancel wire contract requires idempotencyKey (admin clients must send it) (3.2423ms)
✔ New York date boundaries are half-open across 23 and 25 hour days (297.5728ms)
✔ rolling windows are strict, bounded, fresh, and DST-aware (230.2093ms)
✔ source performance aggregates all related bookings with approved semantics (1.5783ms)
✔ CPL unresolved semantics exclude resolved zero and not-applicable states (0.6704ms)
✔ source performance grouping uses stable IDs and ignores label drift (8.4322ms)
✔ representative policies retain temporal and outcome or exception variation (3.5278ms)
✔ lead detail primary booking is one-row deterministic and prefers active state (15.8201ms)
✔ keyset cursor covers rows once and checksums are deterministic (4.9379ms)
✔ destination port is injectable and fails closed on safety or checksum drift (1.9181ms)
✔ destination verification timestamps must be finite, fresh, and not future-skewed (2.8256ms)
✔ destination validation binds identity and strategy-specific shape (5.2694ms)
✔ unresolved cancellation pipeline scopes through canonical booking attribution (2.006ms)
✔ every orphan predicate narrows granularities per parent company (0.6132ms)
✔ confirmation binds stable destination identity; health refresh stays valid (3.2238ms)
✔ owner destination checksum treats zero available cells as a real capacity, not missing (0.6758ms)
✔ confirmation evidence binds actor, idempotency key, and immutable fingerprint (4.5062ms)
✔ concurrent confirmation duplicate keys are recognized without a 500 race (0.369ms)
✔ snapshot adapter contract records a token and fails closed when unavailable (0.62ms)
✔ unchanged leadless booking manifest entries retain job and source fingerprints (18.1228ms)
✔ changed leadless booking job or source data invalidates its manifest entry (4.7641ms)
✔ sample evidence is keyed opaque HMAC rather than raw SHA (1.4981ms)
✔ execution package mandates literal RAW spreadsheet writes (2.7102ms)
✔ query budgets reject oversized materialization and page requests before reads (1.0261ms)
✔ estimates distinguish exact and safe upper bounds without truncation (1.1748ms)
✔ run failures are fixed safe envelopes and unsafe fields are never exposed (2.8152ms)
✔ reporting lifecycle audit payloads contain only safe identifiers and counts (1.1254ms)
✔ source read-through capture is fenced by active lease owner and epoch (2.2169ms)
✔ revision checksum survives Mongo minimize of empty filters (2.4294ms)
✔ revision checksum verification detects tampering and bulk mutation is blocked (2.0037ms)
✔ unexpected reporting errors serialize to a generic 500 response (0.7523ms)
✔ reporting routes preserve RegistryError status and reject malformed IDs (2.6814ms)
✔ reporting routes surface destination AppErrors instead of a generic 500 (1.032ms)
✔ incomplete operational workbook safety fails closed without leaking keys (4.3436ms)
✔ reporting routes expose the deployment kill switch without leaking config (2.241ms)
✔ run confirmation HMAC uses VANTAGE_API_SECRET when API_SECRET is unset (5.4138ms)
✔ missing reporting confirmation secrets fail closed with a safe 503 (6.0166ms)
✔ persistence models expose required indexes and immutable revision middleware (3.3796ms)
✔ regression 1: queue consumer registers Stage 4 foundation before work (2.8956ms)
✔ regression 4: read-back recomputes deterministic content checksum (13.2051ms)
✔ regression 5: published managed tab verified before staging and promotion (7.8524ms)
✔ regression 6: cleanup does not overwrite delivery terminal status (20.9914ms)
✔ regression 7: artifact creation recovers one positively marked artifact (17.2222ms)
✔ regression 8: resume always fully validates persisted manifest entries/maps (1.4606ms)
✔ regression 9: trash requires ownedByMe, MIME, identity, and Drive appProperties (2.0617ms)
✔ regression 11: promotion ambiguity preserves old tab and never deletes by name (2.5616ms)
✔ regression: empty report checksum equals initial accumulator (1.0818ms)
✔ regression 2/3: lease fence helpers abort on false without Google side effects (776.3803ms)
✔ regression 8b: resume validates entries even with no stream checkpoint (0.5305ms)
✔ regression 10: cancel requires and replays idempotency keys (31.8223ms)
✔ regression 2b: destination CAS after promotion updates managed immutable id (36.8013ms)
✔ regression: upper-bound verification never reads estimate headroom (18.8282ms)
✔ regression: title change resolved by immutable sheet ID on resume (3.2063ms)
✔ regression: ambiguous marker tampering refuses promotion (46.2799ms)
✔ regression: destination lineage accepts proven replace_tab advancement (57.6042ms)
✔ regression: phase-aware transition skips advanced status without LEASE_LOST (5.474ms)
✔ regression: delivery fence rejects forged fence fields and stale epoch predicate (3.39ms)
✔ regression: stale-worker fence bind loses to lease takeover (28.1872ms)
✔ regression: LeaseLost after promote CAS never terminal-fails run (14.5755ms)
✔ regression: retryable provider abandon does not terminal-fail (16.739ms)
✔ regression: snapshot terminal consistency refuses delivery-completed + run-failed (18.135ms)
✔ regression: fence bind TX interleaves with lease takeover (5.3716ms)
✔ regression: already-promoted recovery requires content verify not title-only (45.6451ms)
✔ regression: CAS-resume path refuses tampered markers and trailing edits (22.9373ms)
✔ regression: worker maps destination ReportingErrors to destination failures (2.0471ms)
✔ regression: Google 400 marker write maps to INTERNAL_FAILURE with provider_status (16.443ms)
✔ regression: destination stable identity ignores volatile health timestamps (23.7525ms)
✔ acceptance 10: denylist rejects every registered operational workbook id (6.753ms)
✔ acceptance 11: human-created tab takeover is refused by staging ownership markers (6.5205ms)
✔ acceptance 12: capacity feedback refuses silent truncation (1.0254ms)
✔ acceptance 13/14: bounded RAW writes, idempotent replay, and checksum-safe progress (25.398ms)
✔ acceptance 13: ambiguous provider timeout replays exact range after read-back (2.4972ms)
✔ acceptance 15/16: staging verification/promotion and failed replacement preserves old tab (5.3793ms)
✔ acceptance 17: incomplete snapshot cleanup only trashes positively marked workbooks (1.73ms)
✔ cleanup janitor never trashes a completed snapshot artifact (3.3394ms)
✔ acceptance 19: PII is excluded from provider failures, checkpoints, and delivery reads (3.4512ms)
✔ RAW semantics reject formula-shaped cells and require literal serialization (0.9097ms)
✔ persisted manifests reject row payloads and validate resume identity (1.5187ms)
✔ lease fencing failure codes remain typed and PII-safe (0.6552ms)
✔ operational workbook denylist rejects registered workbook IDs (3.8765ms)
✔ operational workbook denylist fails closed when configuration is incomplete (1.1695ms)
✔ managed tab verification rejects human-created name collisions (3.9429ms)
✔ managed tab verification rejects tabs without a Vantage ownership marker (1.4896ms)
✔ managed tab verification accepts a matching Vantage marker (2.959ms)
✔ destination snapshot validation rejects operational workbook matches (2.5814ms)
✔ managed tab rename preserves immutable sheet ID and revalidates ownership (1.1905ms)
✔ destination read projection omits connection and actor credentials (1.2638ms)
✔ destination snapshot validation rejects stale health timestamps (1.4175ms)
✔ replace-tab capacity subtracts every existing workbook grid (48.6817ms)
✔ replace-tab capacity fails closed without grid metadata (1.1467ms)
✔ reporting observability defines operational alert event keys (13.9138ms)
✔ findReportingStuckRuns respects phase age threshold (17.7748ms)
✔ normalizePhoneNumberToE164Like handles common RingCentral number shapes (4.4775ms)
✔ RingCentral inbound target numbers resolve to configured source metadata (1.983ms)
✔ RingCentral source labels are consistent with source company mapping (0.4702ms)
✔ normalizer preserves telephony facts before registry qualification (1.9753ms)
✔ normalizer uses an explicit provider call start and never notification time (1.2175ms)
✔ candidate folding preserves answeredAt from an older delayed event (1.5068ms)
✔ sample answered inbound event is pending immediately and qualifies after elapsed buffer (1.2299ms)
✔ evaluator rejects outbound calls (0.5937ms)
✔ evaluator rejects inbound calls to unknown numbers (0.3974ms)
✔ evaluator keeps live inbound target calls candidate until answered (0.4426ms)
✔ evaluator rejects terminal inbound target calls that were not answered (0.33ms)
✔ evaluator distinguishes live and terminal answered calls under 120 seconds (0.3954ms)
✔ evaluator qualifies inbound target calls answered over 120 seconds (0.5467ms)
✔ evaluator rejects missed calls without answered evidence (2.3736ms)
﹣ [AC-17] Unit 21 replica lease, cursor, overlap, and rescan proof (2.3391ms) # Replica-set proof is opt-in via GRANOT_LIFECYCLE_REPLICA_TESTS=true.
✔ [AC-17] lease owner identity is bounded, opaque, and per invocation (2.2735ms)
✔ [AC-17] masked owner is a short stable digest and never leaks the owner (0.7856ms)
✔ [AC-17] singleton key index contract is the exact unique key index (8.2466ms)
✔ persisted run failure codes are a bounded, non-sensitive set (0.6833ms)
﹣ [AC-17] Mongo state lease elects exactly one winner (1.1269ms) # Replica-set proof is opt-in via GRANOT_LIFECYCLE_REPLICA_TESTS=true.
{"level":"info","time":"2026-09-19T02:47:16.517Z","service":"vantage-main-server","env":"development","msg":"ringcentral.call_log_sync.lease_contended","leaseOwnerHash":"e0e92466da53"}
✔ [AC-17] the lease loser performs no provider, route, ingest, or state work (26.2088ms)
✔ [AC-17] two overlapping invocations produce exactly one winner (6.6366ms)
✔ [AC-17] the winner claims before any provider or ingest work (2.6053ms)
✔ [AC-17] a complete successful run advances the cursor exactly once (2.0552ms)
✔ [AC-17] every failure stage leaves the cursor unchanged (4.8126ms)
✔ [AC-17] an observed provider throttle is counted and blocks cursor movement (2.7311ms)
✔ [AC-17] a run with no throttling reports zero throttles (5.0017ms)
✔ [AC-17] terminal write failure loses the fence and moves no cursor (4.4705ms)
✔ [AC-17] losing the lease mid-run stops work and writes nothing (2.8847ms)
✔ [AC-17] the lease is renewed while long work remains (3.0663ms)
✔ [AC-17] a failed fenced error write degrades to a PII-safe lease-lost event (1.7465ms)
✔ [AC-17] expired-lease recovery is reported without erasing terminal facts (1.444ms)
✔ [AC-17] the rolling lookback stays exactly 12 hours for a first run (1.7001ms)
✔ [AC-17] the rolling lookback stays exactly 12 hours at a 30-minute cadence (1.2856ms)
✔ [AC-17] a cursor older than the floor keeps its overlap window (1.1765ms)
✔ [AC-17] the winner's window end is its own claim instant (1.7678ms)
✔ [AC-17] pagination stops at a short page and continues through full pages (1.209ms)
✔ a newest-first Call Log page ingests oldest-first so same-run Duplicate Leads classify (1.1638ms)
✔ Call Log pages across a newest-first split still ingest oldest-first in one run (1.5138ms)
✔ [AC-17] Call Log telemetry and events carry no caller or provider content (1.085ms)
✔ [AC-17] emitted lease events expose only a masked owner and bounded fields (1.0357ms)
✔ [AC-17] the run summary itself exposes no caller data (0.8853ms)
{"level":"info","time":"2026-09-19T02:47:16.519Z","service":"vantage-main-server","env":"development","msg":"ringcentral.call_log_sync.lease_contended","observability_level":"info","category":"ringcentral","workflow":"ringcentral_call_log_sync","run_id":"2026-08-18T12:00:00.000Z"}
{"level":"info","time":"2026-09-19T02:47:16.527Z","service":"vantage-main-server","env":"development","msg":"ringcentral.call_log_sync.started","observability_level":"info","category":"ringcentral","workflow":"ringcentral_call_log_sync","run_id":"2026-08-18T12:00:00.000Z"}
{"level":"info","time":"2026-09-19T02:47:16.527Z","service":"vantage-main-server","env":"development","msg":"ringcentral.call_log_sync.lease_contended","leaseOwnerHash":"8cefb43f6f11"}
{"level":"info","time":"2026-09-19T02:47:16.527Z","service":"vantage-main-server","env":"development","msg":"ringcentral.call_log_sync.lease_contended","observability_level":"info","category":"ringcentral","workflow":"ringcentral_call_log_sync","run_id":"2026-08-18T12:00:00.000Z"}
{"level":"info","time":"2026-09-19T02:47:16.528Z","service":"vantage-main-server","env":"development","msg":"ringcentral.call_log_sync.completed","ranAt":"2026-08-18T12:00:00.000Z","windowFrom":"2026-08-18T00:00:00.000Z","windowTo":"2026-08-18T12:00:00.000Z","leaseOwnerHash":"7408b41fbeb6","leaseAcquired":true,"leaseRecovered":false,"leaseLost":false,"skipped":false,"skipReason":null,"runtimeMs":0,"fetchedRecords":0,"candidateRecords":0,"qualifiedRecords":0,"ingestActions":{"lead_created":0,"lead_created_duplicate":0,"lead_adopted":0,"lead_adopted_duplicate":0,"shadow_recorded":0,"dry_run":0,"skipped_already_processed":0},"adoptedRecords":0,"adoptionConflicts":0,"throttledResponses":0,"leadsCreated":0,"duplicatesFlagged":0,"cursorAdvanced":true,"errors":[]}
{"level":"info","time":"2026-09-19T02:47:16.529Z","service":"vantage-main-server","env":"development","msg":"ringcentral.call_log_sync.completed","observability_level":"info","category":"ringcentral","workflow":"ringcentral_call_log_sync","run_id":"2026-08-18T12:00:00.000Z"}
{"level":"info","time":"2026-09-19T02:47:16.531Z","service":"vantage-main-server","env":"development","msg":"ringcentral.call_log_sync.started","observability_level":"info","category":"ringcentral","workflow":"ringcentral_call_log_sync","run_id":"2026-08-18T12:00:00.000Z"}
{"level":"info","time":"2026-09-19T02:47:16.532Z","service":"vantage-main-server","env":"development","msg":"ringcentral.call_log_sync.completed","ranAt":"2026-08-18T12:00:00.000Z","windowFrom":"2026-08-18T00:00:00.000Z","windowTo":"2026-08-18T12:00:00.000Z","leaseOwnerHash":"e0e92466da53","leaseAcquired":true,"leaseRecovered":false,"leaseLost":false,"skipped":false,"skipReason":null,"runtimeMs":30,"fetchedRecords":1,"candidateRecords":1,"qualifiedRecords":1,"ingestActions":{"lead_created":0,"lead_created_duplicate":0,"lead_adopted":0,"lead_adopted_duplicate":0,"shadow_recorded":0,"dry_run":1,"skipped_already_processed":0},"adoptedRecords":0,"adoptionConflicts":0,"throttledResponses":0,"leadsCreated":0,"duplicatesFlagged":0,"cursorAdvanced":true,"errors":[]}
{"level":"info","time":"2026-09-19T02:47:16.533Z","service":"vantage-main-server","env":"development","msg":"ringcentral.call_log_sync.completed","observability_level":"info","category":"ringcentral","workflow":"ringcentral_call_log_sync","run_id":"2026-08-18T12:00:00.000Z"}
{"level":"info","time":"2026-09-19T02:47:16.534Z","service":"vantage-main-server","env":"development","msg":"ringcentral.call_log_sync.started","observability_level":"info","category":"ringcentral","workflow":"ringcentral_call_log_sync","run_id":"2026-08-18T12:00:00.000Z"}
{"level":"info","time":"2026-09-19T02:47:16.535Z","service":"vantage-main-server","env":"development","msg":"ringcentral.call_log_sync.completed","ranAt":"2026-08-18T12:00:00.000Z","windowFrom":"2026-08-18T00:00:00.000Z","windowTo":"2026-08-18T12:00:00.000Z","leaseOwnerHash":"e0e92466da53","leaseAcquired":true,"leaseRecovered":false,"leaseLost":false,"skipped":false,"skipReason":null,"runtimeMs":40,"fetchedRecords":2,"candidateRecords":2,"qualifiedRecords":2,"ingestActions":{"lead_created":0,"lead_created_duplicate":1,"lead_adopted":1,"lead_adopted_duplicate":0,"shadow_recorded":0,"dry_run":0,"skipped_already_processed":0},"adoptedRecords":1,"adoptionConflicts":1,"throttledResponses":0,"leadsCreated":1,"duplicatesFlagged":1,"cursorAdvanced":true,"errors":[]}
{"level":"info","time":"2026-09-19T02:47:16.535Z","service":"vantage-main-server","env":"development","msg":"ringcentral.call_log_sync.completed","observability_level":"info","category":"ringcentral","workflow":"ringcentral_call_log_sync","run_id":"2026-08-18T12:00:00.000Z"}
{"level":"info","time":"2026-09-19T02:47:16.537Z","service":"vantage-main-server","env":"development","msg":"ringcentral.call_log_sync.started","observability_level":"info","category":"ringcentral","workflow":"ringcentral_call_log_sync","run_id":"2026-08-18T12:00:00.000Z"}
{"level":"error","time":"2026-09-19T02:47:16.537Z","service":"vantage-main-server","env":"development","msg":"ringcentral.call_log_sync.failed","leaseOwnerHash":"e0e92466da53","stage":"route_snapshot","errorCode":"route_snapshot_failed","windowFrom":"2026-08-18T00:00:00.000Z","windowTo":"2026-08-18T12:00:00.000Z"}
{"level":"error","time":"2026-09-19T02:47:16.537Z","service":"vantage-main-server","env":"development","msg":"ringcentral.call_log_sync.failed","observability_level":"error","category":"ringcentral","workflow":"ringcentral_call_log_sync","run_id":"2026-08-18T12:00:00.000Z"}
{"level":"info","time":"2026-09-19T02:47:16.538Z","service":"vantage-main-server","env":"development","msg":"ringcentral.call_log_sync.started","observability_level":"info","category":"ringcentral","workflow":"ringcentral_call_log_sync","run_id":"2026-08-18T12:00:00.000Z"}
{"level":"error","time":"2026-09-19T02:47:16.538Z","service":"vantage-main-server","env":"development","msg":"ringcentral.call_log_sync.failed","leaseOwnerHash":"e0e92466da53","stage":"provider_fetch","errorCode":"provider_request_failed","windowFrom":"2026-08-18T00:00:00.000Z","windowTo":"2026-08-18T12:00:00.000Z"}
{"level":"error","time":"2026-09-19T02:47:16.538Z","service":"vantage-main-server","env":"development","msg":"ringcentral.call_log_sync.failed","observability_level":"error","category":"ringcentral","workflow":"ringcentral_call_log_sync","run_id":"2026-08-18T12:00:00.000Z"}
{"level":"info","time":"2026-09-19T02:47:16.539Z","service":"vantage-main-server","env":"development","msg":"ringcentral.call_log_sync.started","observability_level":"info","category":"ringcentral","workflow":"ringcentral_call_log_sync","run_id":"2026-08-18T12:00:00.000Z"}
{"level":"error","time":"2026-09-19T02:47:16.539Z","service":"vantage-main-server","env":"development","msg":"ringcentral.call_log_sync.failed","leaseOwnerHash":"e0e92466da53","stage":"provider_fetch","errorCode":"provider_throttled","windowFrom":"2026-08-18T00:00:00.000Z","windowTo":"2026-08-18T12:00:00.000Z"}
{"level":"error","time":"2026-09-19T02:47:16.539Z","service":"vantage-main-server","env":"development","msg":"ringcentral.call_log_sync.failed","observability_level":"error","category":"ringcentral","workflow":"ringcentral_call_log_sync","run_id":"2026-08-18T12:00:00.000Z"}
{"level":"info","time":"2026-09-19T02:47:16.539Z","service":"vantage-main-server","env":"development","msg":"ringcentral.call_log_sync.started","observability_level":"info","category":"ringcentral","workflow":"ringcentral_call_log_sync","run_id":"2026-08-18T12:00:00.000Z"}
{"level":"error","time":"2026-09-19T02:47:16.540Z","service":"vantage-main-server","env":"development","msg":"ringcentral.call_log_sync.failed","leaseOwnerHash":"e0e92466da53","stage":"ingest","errorCode":"ingest_failed","windowFrom":"2026-08-18T00:00:00.000Z","windowTo":"2026-08-18T12:00:00.000Z"}
{"level":"error","time":"2026-09-19T02:47:16.540Z","service":"vantage-main-server","env":"development","msg":"ringcentral.call_log_sync.failed","observability_level":"error","category":"ringcentral","workflow":"ringcentral_call_log_sync","run_id":"2026-08-18T12:00:00.000Z"}
{"level":"info","time":"2026-09-19T02:47:16.541Z","service":"vantage-main-server","env":"development","msg":"ringcentral.call_log_sync.started","observability_level":"info","category":"ringcentral","workflow":"ringcentral_call_log_sync","run_id":"2026-08-18T12:00:00.000Z"}
{"level":"error","time":"2026-09-19T02:47:16.542Z","service":"vantage-main-server","env":"development","msg":"ringcentral.call_log_sync.failed","leaseOwnerHash":"e0e92466da53","stage":"provider_fetch","errorCode":"provider_throttled","windowFrom":"2026-08-18T00:00:00.000Z","windowTo":"2026-08-18T12:00:00.000Z"}
{"level":"error","time":"2026-09-19T02:47:16.542Z","service":"vantage-main-server","env":"development","msg":"ringcentral.call_log_sync.failed","observability_level":"error","category":"ringcentral","workflow":"ringcentral_call_log_sync","run_id":"2026-08-18T12:00:00.000Z"}
{"level":"info","time":"2026-09-19T02:47:16.547Z","service":"vantage-main-server","env":"development","msg":"ringcentral.call_log_sync.started","observability_level":"info","category":"ringcentral","workflow":"ringcentral_call_log_sync","run_id":"2026-08-18T12:00:00.000Z"}
{"level":"info","time":"2026-09-19T02:47:16.547Z","service":"vantage-main-server","env":"development","msg":"ringcentral.call_log_sync.completed","ranAt":"2026-08-18T12:00:00.000Z","windowFrom":"2026-08-18T00:00:00.000Z","windowTo":"2026-08-18T12:00:00.000Z","leaseOwnerHash":"e0e92466da53","leaseAcquired":true,"leaseRecovered":false,"leaseLost":false,"skipped":false,"skipReason":null,"runtimeMs":30,"fetchedRecords":1,"candidateRecords":1,"qualifiedRecords":1,"ingestActions":{"lead_created":0,"lead_created_duplicate":0,"lead_adopted":0,"lead_adopted_duplicate":0,"shadow_recorded":0,"dry_run":1,"skipped_already_processed":0},"adoptedRecords":0,"adoptionConflicts":0,"throttledResponses":0,"leadsCreated":0,"duplicatesFlagged":0,"cursorAdvanced":true,"errors":[]}
{"level":"info","time":"2026-09-19T02:47:16.548Z","service":"vantage-main-server","env":"development","msg":"ringcentral.call_log_sync.completed","observability_level":"info","category":"ringcentral","workflow":"ringcentral_call_log_sync","run_id":"2026-08-18T12:00:00.000Z"}
{"level":"info","time":"2026-09-19T02:47:16.551Z","service":"vantage-main-server","env":"development","msg":"ringcentral.call_log_sync.started","observability_level":"info","category":"ringcentral","workflow":"ringcentral_call_log_sync","run_id":"2026-08-18T12:00:00.000Z"}
{"level":"warn","time":"2026-09-19T02:47:16.552Z","service":"vantage-main-server","env":"development","msg":"ringcentral.call_log_sync.lease_lost","leaseOwnerHash":"e0e92466da53","stage":"state_write"}
{"level":"warn","time":"2026-09-19T02:47:16.552Z","service":"vantage-main-server","env":"development","msg":"ringcentral.call_log_sync.lease_lost","observability_level":"warn","category":"ringcentral","workflow":"ringcentral_call_log_sync","run_id":"2026-08-18T12:00:00.000Z"}
{"level":"info","time":"2026-09-19T02:47:16.556Z","service":"vantage-main-server","env":"development","msg":"ringcentral.call_log_sync.started","observability_level":"info","category":"ringcentral","workflow":"ringcentral_call_log_sync","run_id":"2026-08-18T12:00:00.000Z"}
{"level":"warn","time":"2026-09-19T02:47:16.556Z","service":"vantage-main-server","env":"development","msg":"ringcentral.call_log_sync.lease_lost","leaseOwnerHash":"e0e92466da53","stage":"lease"}
{"level":"warn","time":"2026-09-19T02:47:16.556Z","service":"vantage-main-server","env":"development","msg":"ringcentral.call_log_sync.lease_lost","observability_level":"warn","category":"ringcentral","workflow":"ringcentral_call_log_sync","run_id":"2026-08-18T12:00:00.000Z"}
{"level":"info","time":"2026-09-19T02:47:16.559Z","service":"vantage-main-server","env":"development","msg":"ringcentral.call_log_sync.started","observability_level":"info","category":"ringcentral","workflow":"ringcentral_call_log_sync","run_id":"2026-08-18T12:00:00.000Z"}
{"level":"info","time":"2026-09-19T02:47:16.560Z","service":"vantage-main-server","env":"development","msg":"ringcentral.call_log_sync.completed","ranAt":"2026-08-18T12:00:00.000Z","windowFrom":"2026-08-18T00:00:00.000Z","windowTo":"2026-08-18T12:00:00.000Z","leaseOwnerHash":"e0e92466da53","leaseAcquired":true,"leaseRecovered":false,"leaseLost":false,"skipped":false,"skipReason":null,"runtimeMs":80,"fetchedRecords":6,"candidateRecords":6,"qualifiedRecords":6,"ingestActions":{"lead_created":0,"lead_created_duplicate":0,"lead_adopted":0,"lead_adopted_duplicate":0,"shadow_recorded":0,"dry_run":6,"skipped_already_processed":0},"adoptedRecords":0,"adoptionConflicts":0,"throttledResponses":0,"leadsCreated":0,"duplicatesFlagged":0,"cursorAdvanced":true,"errors":[]}
{"level":"info","time":"2026-09-19T02:47:16.560Z","service":"vantage-main-server","env":"development","msg":"ringcentral.call_log_sync.completed","observability_level":"info","category":"ringcentral","workflow":"ringcentral_call_log_sync","run_id":"2026-08-18T12:00:00.000Z"}
{"level":"info","time":"2026-09-19T02:47:16.562Z","service":"vantage-main-server","env":"development","msg":"ringcentral.call_log_sync.started","observability_level":"info","category":"ringcentral","workflow":"ringcentral_call_log_sync","run_id":"2026-08-18T12:00:00.000Z"}
{"level":"warn","time":"2026-09-19T02:47:16.562Z","service":"vantage-main-server","env":"development","msg":"ringcentral.call_log_sync.lease_lost","leaseOwnerHash":"e0e92466da53","stage":"route_snapshot"}
{"level":"warn","time":"2026-09-19T02:47:16.563Z","service":"vantage-main-server","env":"development","msg":"ringcentral.call_log_sync.lease_lost","observability_level":"warn","category":"ringcentral","workflow":"ringcentral_call_log_sync","run_id":"2026-08-18T12:00:00.000Z"}
{"level":"info","time":"2026-09-19T02:47:16.564Z","service":"vantage-main-server","env":"development","msg":"ringcentral.call_log_sync.started","observability_level":"info","category":"ringcentral","workflow":"ringcentral_call_log_sync","run_id":"2026-08-18T12:00:00.000Z"}
{"level":"warn","time":"2026-09-19T02:47:16.564Z","service":"vantage-main-server","env":"development","msg":"ringcentral.call_log_sync.lease_recovered","leaseOwnerHash":"e0e92466da53"}
{"level":"warn","time":"2026-09-19T02:47:16.564Z","service":"vantage-main-server","env":"development","msg":"ringcentral.call_log_sync.lease_recovered","observability_level":"warn","category":"ringcentral","workflow":"ringcentral_call_log_sync","run_id":"2026-08-18T12:00:00.000Z"}
{"level":"info","time":"2026-09-19T02:47:16.564Z","service":"vantage-main-server","env":"development","msg":"ringcentral.call_log_sync.completed","ranAt":"2026-08-18T12:00:00.000Z","windowFrom":"2026-08-18T00:00:00.000Z","windowTo":"2026-08-18T12:00:00.000Z","leaseOwnerHash":"e0e92466da53","leaseAcquired":true,"leaseRecovered":true,"leaseLost":false,"skipped":false,"skipReason":null,"runtimeMs":20,"fetchedRecords":0,"candidateRecords":0,"qualifiedRecords":0,"ingestActions":{"lead_created":0,"lead_created_duplicate":0,"lead_adopted":0,"lead_adopted_duplicate":0,"shadow_recorded":0,"dry_run":0,"skipped_already_processed":0},"adoptedRecords":0,"adoptionConflicts":0,"throttledResponses":0,"leadsCreated":0,"duplicatesFlagged":0,"cursorAdvanced":true,"errors":[]}
{"level":"info","time":"2026-09-19T02:47:16.564Z","service":"vantage-main-server","env":"development","msg":"ringcentral.call_log_sync.completed","observability_level":"info","category":"ringcentral","workflow":"ringcentral_call_log_sync","run_id":"2026-08-18T12:00:00.000Z"}
{"level":"info","time":"2026-09-19T02:47:16.566Z","service":"vantage-main-server","env":"development","msg":"ringcentral.call_log_sync.started","observability_level":"info","category":"ringcentral","workflow":"ringcentral_call_log_sync","run_id":"2026-08-18T12:00:00.000Z"}
{"level":"info","time":"2026-09-19T02:47:16.566Z","service":"vantage-main-server","env":"development","msg":"ringcentral.call_log_sync.completed","ranAt":"2026-08-18T12:00:00.000Z","windowFrom":"2026-08-18T00:00:00.000Z","windowTo":"2026-08-18T12:00:00.000Z","leaseOwnerHash":"e0e92466da53","leaseAcquired":true,"leaseRecovered":false,"leaseLost":false,"skipped":false,"skipReason":null,"runtimeMs":20,"fetchedRecords":0,"candidateRecords":0,"qualifiedRecords":0,"ingestActions":{"lead_created":0,"lead_created_duplicate":0,"lead_adopted":0,"lead_adopted_duplicate":0,"shadow_recorded":0,"dry_run":0,"skipped_already_processed":0},"adoptedRecords":0,"adoptionConflicts":0,"throttledResponses":0,"leadsCreated":0,"duplicatesFlagged":0,"cursorAdvanced":true,"errors":[]}
{"level":"info","time":"2026-09-19T02:47:16.566Z","service":"vantage-main-server","env":"development","msg":"ringcentral.call_log_sync.completed","observability_level":"info","category":"ringcentral","workflow":"ringcentral_call_log_sync","run_id":"2026-08-18T12:00:00.000Z"}
{"level":"info","time":"2026-09-19T02:47:16.567Z","service":"vantage-main-server","env":"development","msg":"ringcentral.call_log_sync.started","observability_level":"info","category":"ringcentral","workflow":"ringcentral_call_log_sync","run_id":"2026-08-18T12:00:00.000Z"}
{"level":"info","time":"2026-09-19T02:47:16.567Z","service":"vantage-main-server","env":"development","msg":"ringcentral.call_log_sync.completed","ranAt":"2026-08-18T12:00:00.000Z","windowFrom":"2026-08-18T00:00:00.000Z","windowTo":"2026-08-18T12:00:00.000Z","leaseOwnerHash":"e0e92466da53","leaseAcquired":true,"leaseRecovered":false,"leaseLost":false,"skipped":false,"skipReason":null,"runtimeMs":20,"fetchedRecords":0,"candidateRecords":0,"qualifiedRecords":0,"ingestActions":{"lead_created":0,"lead_created_duplicate":0,"lead_adopted":0,"lead_adopted_duplicate":0,"shadow_recorded":0,"dry_run":0,"skipped_already_processed":0},"adoptedRecords":0,"adoptionConflicts":0,"throttledResponses":0,"leadsCreated":0,"duplicatesFlagged":0,"cursorAdvanced":true,"errors":[]}
{"level":"info","time":"2026-09-19T02:47:16.568Z","service":"vantage-main-server","env":"development","msg":"ringcentral.call_log_sync.completed","observability_level":"info","category":"ringcentral","workflow":"ringcentral_call_log_sync","run_id":"2026-08-18T12:00:00.000Z"}
{"level":"info","time":"2026-09-19T02:47:16.569Z","service":"vantage-main-server","env":"development","msg":"ringcentral.call_log_sync.started","observability_level":"info","category":"ringcentral","workflow":"ringcentral_call_log_sync","run_id":"2026-08-18T12:00:00.000Z"}
{"level":"info","time":"2026-09-19T02:47:16.569Z","service":"vantage-main-server","env":"development","msg":"ringcentral.call_log_sync.completed","ranAt":"2026-08-18T12:00:00.000Z","windowFrom":"2026-08-17T15:45:00.000Z","windowTo":"2026-08-18T12:00:00.000Z","leaseOwnerHash":"e0e92466da53","leaseAcquired":true,"leaseRecovered":false,"leaseLost":false,"skipped":false,"skipReason":null,"runtimeMs":20,"fetchedRecords":0,"candidateRecords":0,"qualifiedRecords":0,"ingestActions":{"lead_created":0,"lead_created_duplicate":0,"lead_adopted":0,"lead_adopted_duplicate":0,"shadow_recorded":0,"dry_run":0,"skipped_already_processed":0},"adoptedRecords":0,"adoptionConflicts":0,"throttledResponses":0,"leadsCreated":0,"duplicatesFlagged":0,"cursorAdvanced":true,"errors":[]}
{"level":"info","time":"2026-09-19T02:47:16.569Z","service":"vantage-main-server","env":"development","msg":"ringcentral.call_log_sync.completed","observability_level":"info","category":"ringcentral","workflow":"ringcentral_call_log_sync","run_id":"2026-08-18T12:00:00.000Z"}
{"level":"info","time":"2026-09-19T02:47:16.570Z","service":"vantage-main-server","env":"development","msg":"ringcentral.call_log_sync.started","observability_level":"info","category":"ringcentral","workflow":"ringcentral_call_log_sync","run_id":"2026-08-18T12:00:00.000Z"}
{"level":"info","time":"2026-09-19T02:47:16.571Z","service":"vantage-main-server","env":"development","msg":"ringcentral.call_log_sync.completed","ranAt":"2026-08-18T12:00:00.000Z","windowFrom":"2026-08-18T00:00:00.000Z","windowTo":"2026-08-18T12:00:00.000Z","leaseOwnerHash":"e0e92466da53","leaseAcquired":true,"leaseRecovered":false,"leaseLost":false,"skipped":false,"skipReason":null,"runtimeMs":20,"fetchedRecords":0,"candidateRecords":0,"qualifiedRecords":0,"ingestActions":{"lead_created":0,"lead_created_duplicate":0,"lead_adopted":0,"lead_adopted_duplicate":0,"shadow_recorded":0,"dry_run":0,"skipped_already_processed":0},"adoptedRecords":0,"adoptionConflicts":0,"throttledResponses":0,"leadsCreated":0,"duplicatesFlagged":0,"cursorAdvanced":true,"errors":[]}
{"level":"info","time":"2026-09-19T02:47:16.571Z","service":"vantage-main-server","env":"development","msg":"ringcentral.call_log_sync.completed","observability_level":"info","category":"ringcentral","workflow":"ringcentral_call_log_sync","run_id":"2026-08-18T12:00:00.000Z"}
{"level":"info","time":"2026-09-19T02:47:16.572Z","service":"vantage-main-server","env":"development","msg":"ringcentral.call_log_sync.started","observability_level":"info","category":"ringcentral","workflow":"ringcentral_call_log_sync","run_id":"2026-08-18T12:00:00.000Z"}
{"level":"info","time":"2026-09-19T02:47:16.572Z","service":"vantage-main-server","env":"development","msg":"ringcentral.call_log_sync.completed","ranAt":"2026-08-18T12:00:00.000Z","windowFrom":"2026-08-18T00:00:00.000Z","windowTo":"2026-08-18T12:00:00.000Z","leaseOwnerHash":"e0e92466da53","leaseAcquired":true,"leaseRecovered":false,"leaseLost":false,"skipped":false,"skipReason":null,"runtimeMs":60,"fetchedRecords":3,"candidateRecords":3,"qualifiedRecords":3,"ingestActions":{"lead_created":0,"lead_created_duplicate":0,"lead_adopted":0,"lead_adopted_duplicate":0,"shadow_recorded":0,"dry_run":3,"skipped_already_processed":0},"adoptedRecords":0,"adoptionConflicts":0,"throttledResponses":0,"leadsCreated":0,"duplicatesFlagged":0,"cursorAdvanced":true,"errors":[]}
{"level":"info","time":"2026-09-19T02:47:16.572Z","service":"vantage-main-server","env":"development","msg":"ringcentral.call_log_sync.completed","observability_level":"info","category":"ringcentral","workflow":"ringcentral_call_log_sync","run_id":"2026-08-18T12:00:00.000Z"}
{"level":"info","time":"2026-09-19T02:47:16.573Z","service":"vantage-main-server","env":"development","msg":"ringcentral.call_log_sync.started","observability_level":"info","category":"ringcentral","workflow":"ringcentral_call_log_sync","run_id":"2026-08-18T12:00:00.000Z"}
{"level":"info","time":"2026-09-19T02:47:16.573Z","service":"vantage-main-server","env":"development","msg":"ringcentral.call_log_sync.completed","ranAt":"2026-08-18T12:00:00.000Z","windowFrom":"2026-08-18T00:00:00.000Z","windowTo":"2026-08-18T12:00:00.000Z","leaseOwnerHash":"e0e92466da53","leaseAcquired":true,"leaseRecovered":false,"leaseLost":false,"skipped":false,"skipReason":null,"runtimeMs":40,"fetchedRecords":2,"candidateRecords":2,"qualifiedRecords":2,"ingestActions":{"lead_created":0,"lead_created_duplicate":0,"lead_adopted":0,"lead_adopted_duplicate":0,"shadow_recorded":0,"dry_run":2,"skipped_already_processed":0},"adoptedRecords":0,"adoptionConflicts":0,"throttledResponses":0,"leadsCreated":0,"duplicatesFlagged":0,"cursorAdvanced":true,"errors":[]}
{"level":"info","time":"2026-09-19T02:47:16.573Z","service":"vantage-main-server","env":"development","msg":"ringcentral.call_log_sync.completed","observability_level":"info","category":"ringcentral","workflow":"ringcentral_call_log_sync","run_id":"2026-08-18T12:00:00.000Z"}
{"level":"info","time":"2026-09-19T02:47:16.575Z","service":"vantage-main-server","env":"development","msg":"ringcentral.call_log_sync.started","observability_level":"info","category":"ringcentral","workflow":"ringcentral_call_log_sync","run_id":"2026-08-18T12:00:00.000Z"}
{"level":"info","time":"2026-09-19T02:47:16.575Z","service":"vantage-main-server","env":"development","msg":"ringcentral.call_log_sync.completed","ranAt":"2026-08-18T12:00:00.000Z","windowFrom":"2026-08-18T00:00:00.000Z","windowTo":"2026-08-18T12:00:00.000Z","leaseOwnerHash":"e0e92466da53","leaseAcquired":true,"leaseRecovered":false,"leaseLost":false,"skipped":false,"skipReason":null,"runtimeMs":60,"fetchedRecords":2,"candidateRecords":2,"qualifiedRecords":2,"ingestActions":{"lead_created":0,"lead_created_duplicate":0,"lead_adopted":0,"lead_adopted_duplicate":0,"shadow_recorded":0,"dry_run":2,"skipped_already_processed":0},"adoptedRecords":0,"adoptionConflicts":0,"throttledResponses":0,"leadsCreated":0,"duplicatesFlagged":0,"cursorAdvanced":true,"errors":[]}
{"level":"info","time":"2026-09-19T02:47:16.575Z","service":"vantage-main-server","env":"development","msg":"ringcentral.call_log_sync.completed","observability_level":"info","category":"ringcentral","workflow":"ringcentral_call_log_sync","run_id":"2026-08-18T12:00:00.000Z"}
{"level":"info","time":"2026-09-19T02:47:16.576Z","service":"vantage-main-server","env":"development","msg":"ringcentral.call_log_sync.started","observability_level":"info","category":"ringcentral","workflow":"ringcentral_call_log_sync","run_id":"2026-08-18T12:00:00.000Z"}
{"level":"error","time":"2026-09-19T02:47:16.576Z","service":"vantage-main-server","env":"development","msg":"ringcentral.call_log_sync.failed","leaseOwnerHash":"e0e92466da53","stage":"ingest","errorCode":"ingest_failed","windowFrom":"2026-08-18T00:00:00.000Z","windowTo":"2026-08-18T12:00:00.000Z"}
{"level":"error","time":"2026-09-19T02:47:16.576Z","service":"vantage-main-server","env":"development","msg":"ringcentral.call_log_sync.failed","observability_level":"error","category":"ringcentral","workflow":"ringcentral_call_log_sync","run_id":"2026-08-18T12:00:00.000Z"}
{"level":"info","time":"2026-09-19T02:47:16.577Z","service":"vantage-main-server","env":"development","msg":"ringcentral.call_log_sync.started","observability_level":"info","category":"ringcentral","workflow":"ringcentral_call_log_sync","run_id":"2026-08-18T12:00:00.000Z"}
{"level":"info","time":"2026-09-19T02:47:16.577Z","service":"vantage-main-server","env":"development","msg":"ringcentral.call_log_sync.completed","ranAt":"2026-08-18T12:00:00.000Z","windowFrom":"2026-08-18T00:00:00.000Z","windowTo":"2026-08-18T12:00:00.000Z","leaseOwnerHash":"e0e92466da53","leaseAcquired":true,"leaseRecovered":false,"leaseLost":false,"skipped":false,"skipReason":null,"runtimeMs":30,"fetchedRecords":1,"candidateRecords":1,"qualifiedRecords":1,"ingestActions":{"lead_created":0,"lead_created_duplicate":0,"lead_adopted":0,"lead_adopted_duplicate":0,"shadow_recorded":0,"dry_run":1,"skipped_already_processed":0},"adoptedRecords":0,"adoptionConflicts":0,"throttledResponses":0,"leadsCreated":0,"duplicatesFlagged":0,"cursorAdvanced":true,"errors":[]}
{"level":"info","time":"2026-09-19T02:47:16.577Z","service":"vantage-main-server","env":"development","msg":"ringcentral.call_log_sync.completed","observability_level":"info","category":"ringcentral","workflow":"ringcentral_call_log_sync","run_id":"2026-08-18T12:00:00.000Z"}
{"level":"info","time":"2026-09-19T02:47:16.578Z","service":"vantage-main-server","env":"development","msg":"ringcentral.call_log_sync.started","observability_level":"info","category":"ringcentral","workflow":"ringcentral_call_log_sync","run_id":"2026-08-18T12:00:00.000Z"}
{"level":"info","time":"2026-09-19T02:47:16.578Z","service":"vantage-main-server","env":"development","msg":"ringcentral.call_log_sync.completed","ranAt":"2026-08-18T12:00:00.000Z","windowFrom":"2026-08-18T00:00:00.000Z","windowTo":"2026-08-18T12:00:00.000Z","leaseOwnerHash":"e0e92466da53","leaseAcquired":true,"leaseRecovered":false,"leaseLost":false,"skipped":false,"skipReason":null,"runtimeMs":30,"fetchedRecords":1,"candidateRecords":1,"qualifiedRecords":1,"ingestActions":{"lead_created":0,"lead_created_duplicate":0,"lead_adopted":1,"lead_adopted_duplicate":0,"shadow_recorded":0,"dry_run":0,"skipped_already_processed":0},"adoptedRecords":1,"adoptionConflicts":0,"throttledResponses":0,"leadsCreated":0,"duplicatesFlagged":0,"cursorAdvanced":true,"errors":[]}
{"level":"info","time":"2026-09-19T02:47:16.578Z","service":"vantage-main-server","env":"development","msg":"ringcentral.call_log_sync.completed","observability_level":"info","category":"ringcentral","workflow":"ringcentral_call_log_sync","run_id":"2026-08-18T12:00:00.000Z"}
✔ qualifies an inbound answered call over 120s to a mapped toll-free (8.5706ms)
✔ qualifies a GetMovers inbound call log record (0.6904ms)
✔ rejects a call under 120 seconds (0.4561ms)
✔ rejects an outbound call (0.3909ms)
✔ rejects a call to an unmapped number (0.3739ms)
✔ rejects a missed (unanswered) call (0.5514ms)
✔ matches target number across call legs and picks the inbound caller (0.5519ms)
✔ aggregates a multi-party session and qualifies the canonical queue party over 120s (3.3579ms)
✔ uses answered agent lifecycle timing when the target queue leg disconnects early (10.7419ms)
✔ rejects a session that disconnected under 120 seconds (0.5068ms)
✔ a live (non-terminal) call over 120s qualifies but is not ingest-eligible (0.5814ms)
✔ an outbound-only session is not a lead (0.7026ms)
﹣ [AC-14][AC-15][AC-16] Unit 20 replica adoption, conflict continuation, races, and rollback (2.8837ms) # Replica-set proof is opt-in via GRANOT_LIFECYCLE_REPLICA_TESTS=true.
✔ [AC-14] one exact immutable-phone candidate is selected without guessing (10.5851ms)
✔ [AC-16] zero and multiple candidates remain explicit outcomes (2.6564ms)
✔ [AC-14][AC-16] candidate window is inclusive at exactly plus/minus 12 hours (0.6091ms)
✔ [AC-14][AC-16] exact boundaries qualify and one millisecond outside does not (0.9323ms)
✔ [AC-16] missing call start fails adoption closed without querying candidates (1.4994ms)
✔ [AC-16] Job-only/missing-phone input is never an adoption candidate (0.6842ms)
✔ adoption match key stays exact Source Granularity plus ingested phone (1.0921ms)
✔ [AC-16] different Source Granularity with the same phone is not an adoption candidate (2.5148ms)
✔ [AC-14] current-contact drift cannot replace immutable creation phone (0.8405ms)
✔ [AC-14] telephony session wins over call-log identity (5.7793ms)
✔ [AC-14] adoption statuses are terminal replay outcomes (0.5887ms)
✔ [AC-14] call-log race fence is declared unique and sparse (0.4586ms)
✔ recording adapter uses fixed account endpoints and discards contentUri (85.2732ms)
✔ streaming client shares JWT refresh once, returns headers and forbids redirects (3.5538ms)
✔ recording deadline bounds stalled token acquisition and unauthorized refresh (25.8132ms)
{"level":"info","time":"2026-09-19T02:47:20.929Z","service":"vantage-main-server","env":"development","msg":"ringcentral.ingest.skipped_already_processed","telephonySessionId":"u20-session","callLogId":null,"previousStatus":"lead_adopted","ingestionSource":"webhook"}
✔ [AC-14] telephony replay returns before adoption candidate work (20.527ms)
✔ [AC-14][AC-15] adoption occurs before duplicate classification and suppresses create (2.974ms)
✔ [AC-16] no adoption candidate continues through normal ingest (1.9154ms)
✔ [AC-14] webhook and Call Log descriptors enter equivalent convergence (0.8781ms)
✔ [AC-14] call-log-only create fails closed before candidate or Lead work without indexes (23.6595ms)
✔ adoption off still creates a RingCentral-origin Call Lead (documented Race B twin) (3.7249ms)
✔ RingCentral ingest lock stays gated on the adoption flag (1.4053ms)
{"level":"info","time":"2026-09-19T02:47:20.937Z","service":"vantage-main-server","env":"development","msg":"ringcentral.ingest.processed","action":"dry_run","writeMode":"dry_run","duplicate":false,"duplicateReason":"unique","ingestionSource":"webhook","telephonySessionId":"u20-session","callLogId":null,"sourceCompany":"main_site","durationSeconds":180,"callLeadId":null}
{"level":"info","time":"2026-09-19T02:47:20.966Z","service":"vantage-main-server","env":"development","msg":"ringcentral.ingest.processed","action":"lead_created","writeMode":"create","duplicate":false,"duplicateReason":"unique","ingestionSource":"webhook","telephonySessionId":"u20-session","callLogId":null,"sourceCompany":"main_site","durationSeconds":180,"callLeadId":"507f1f77bcf86cd799439099"}
✔ first call from a caller is unique (4.5378ms)
✔ a second call from the same caller + source within the window is a duplicate (0.9543ms)
✔ the same telephony session is not counted as its own duplicate (0.5914ms)
✔ [AC-15] the same call-log identity is not counted as its own duplicate (0.5261ms)
✔ a call with no caller phone cannot be classified as a duplicate (0.341ms)
✔ phone numbers in different formats still match as duplicates (0.973ms)
✔ duplicate lookup uses the earlier-only 90-day window (1.2782ms)
✔ same caller and source exactly 90 days apart is a duplicate (1.4411ms)
✔ same caller and source more than 90 days apart is unique (1.422ms)
✔ different source is scoped out by the duplicate lookup (1.2337ms)
✔ [AC-15] adopted Lead id is excluded from duplicate classification (0.8748ms)
✔ [AC-15][AC-16] unresolved Granot candidates do not create false duplicates (1.1147ms)
✔ [AC-15] adopted Granot candidate from another physical call remains eligible (1.4716ms)
✔ [AC-15] future Leads are outside the earlier-only duplicate window (3.3599ms)
✔ builder: mode all is the account telephony path with no direction filter and no withRecordings; inbound builder is byte-for-byte unchanged (6.2287ms)
✔ classification: owned+matching managed by health; owned inbound-only and foreign same-address subscriptions are never managed (1.8563ms)
✔ plan/apply: noop when healthy, create when none owned, foreign same-address subscription is reported and untouched (5.1239ms)
✔ renewal: expiring owned subscription is renewed; renewing a foreign id is refused before any provider call (6.8311ms)
✔ repair: blacklisted owned subscription is deleted, marked and recreated; a foreign id is never deleted or replaced (1.8548ms)
✔ health edges: unknown expiry is renew-due; unknown or missing status is reported and never repaired (review finding 6) (2.2272ms)
✔ ownership evidence fails closed: create without a recordable store surfaces the created id instead of orphaning it (review finding 7) (1.4637ms)
✔ provider adapter builds the exact RingCentral subscription requests over the shared client (1.7148ms)
{"level":"info","time":"2026-09-19T02:47:26.097Z","service":"vantage-main-server","env":"development","msg":"ringcentral.webhook.received","receivedAt":"2026-09-19T02:47:26.086Z","method":"POST","validationTokenPresent":true,"contentType":"application/json","userAgent":"node","eventHeaders":{},"subscriptionId":null,"telephonySessionId":null,"partyId":null,"event":"/restapi/v1.0/account/~/telephony/sessions"}
{"level":"info","time":"2026-09-19T02:47:26.107Z","service":"vantage-main-server","env":"development","msg":"ringcentral.webhook.capture.mongo_unavailable_logged","capture":{"provider":"ringcentral","receivedAt":{},"validationTokenPresent":true,"headers":{"host":"127.0.0.1:49679","connection":"keep-alive","content-type":"application/json","validation-token":"synthetic-validation","accept":"*/*","accept-language":"*","sec-fetch-mode":"cors","user-agent":"node","accept-encoding":"gzip, deflate","content-length":"80"},"rawBody":{"uuid":"echo-1","event":"/restapi/v1.0/account/~/telephony/sessions","body":{}},"normalizedPreview":{"subscriptionId":null,"event":"/restapi/v1.0/account/~/telephony/sessions","uuid":"echo-1","timestamp":null,"telephonySessionId":null,"sessionId":null,"partyId":null,"direction":null,"statusCode":null,"fromPhoneNumber":null,"fromName":null,"toPhoneNumber":null,"toName":null,"extensionId":null,"extensionNumber":null},"uuid":"echo-1","event":"/restapi/v1.0/account/~/telephony/sessions"}}
{"level":"info","time":"2026-09-19T02:47:26.109Z","service":"vantage-main-server","env":"development","msg":"ringcentral.webhook.processing.disabled","subscriptionId":null,"telephonySessionId":null}
{"level":"info","time":"2026-09-19T02:47:26.163Z","service":"vantage-main-server","env":"development","msg":"ringcentral.webhook.received","receivedAt":"2026-09-19T02:47:26.163Z","method":"POST","validationTokenPresent":false,"contentType":"application/json","userAgent":"node","eventHeaders":{},"subscriptionId":null,"telephonySessionId":null,"partyId":null,"event":null}
{"level":"info","time":"2026-09-19T02:47:26.164Z","service":"vantage-main-server","env":"development","msg":"ringcentral.webhook.capture.mongo_unavailable_logged","capture":{"provider":"ringcentral","receivedAt":{},"validationTokenPresent":false,"headers":{"host":"127.0.0.1:49679","connection":"keep-alive","content-type":"application/json","accept":"*/*","accept-language":"*","sec-fetch-mode":"cors","user-agent":"node","accept-encoding":"gzip, deflate","content-length":"27"},"rawBody":{"uuid":"echo-2","body":{}},"normalizedPreview":{"subscriptionId":null,"event":null,"uuid":"echo-2","timestamp":null,"telephonySessionId":null,"sessionId":null,"partyId":null,"direction":null,"statusCode":null,"fromPhoneNumber":null,"fromName":null,"toPhoneNumber":null,"toName":null,"extensionId":null,"extensionNumber":null},"uuid":"echo-2"}}
{"level":"info","time":"2026-09-19T02:47:26.164Z","service":"vantage-main-server","env":"development","msg":"ringcentral.webhook.processing.disabled","subscriptionId":null,"telephonySessionId":null}
✔ validation echo: the route echoes Validation-Token on a 200 and fans out only a durable receipt (579.3369ms)
✔ generated MCP prompt, envelope and every tool exactly match server authority (52.1473ms)
✔ closed tool arguments reject authority, operators, arbitrary URLs and excessive pages (9.6951ms)
✔ RingCentral search derives account/phone, bounds pages and excludes unrelated/provider-private content (63.4344ms)
✔ RingCentral reads disabled by default; invalid bounds and caller-supplied authority never reach provider (3.8055ms)
✔ call detail requires prior server admission and rechecks returned subject and id (7.566ms)
✔ provider errors are coverage failures with no raw body; unknown pagination never claims complete (55.5495ms)
✔ Job Timeline requires authorized resolved Lead and matching server-derived source (0.8529ms)
✔ operational dataset facilitator is closed, paginated, revision-bound, and treats query as literal data (155.8894ms)
✔ fixed provider HTTP adapter uses cached token GET only, no refresh, redirects, alternate host or unbounded body (47.6602ms)
✔ cursor cannot change run, filter, or smuggle a Mongo operator (31.6804ms)
✔ relevance derives only from authorized lead edges and full normalized number (3.5085ms)
✔ projection excludes operational secrets and redacts untrusted free text (2.1144ms)
✔ response contract retains unknown speaker and nullable timing and rejects extra authority (35.1852ms)
✔ phone equality is Likely; exact session authorizes only that interaction and account (2.8562ms)
✔ overlaps are ambiguous; nonoverlapping moves and outside-overlap events stay independent (3.1165ms)
✔ unique current Attached outranks candidates; competing Attached blocks; reject and detach persist (1.0622ms)
✔ Form and Call windows include boundaries; later snapshots never backdate identity (4.3252ms)
✔ actual attachment queue and five-minute cron registrations, disabled worker skips without Mongo (9.7679ms)
✔ Owner attachment routes and cron recovery: authority, scope, flag, strict payload, CAS mapping and read-only GET (627.6524ms)
✔ eligibility: all five accepted contexts, both Lead models, exclusions and absent upstream inputs (3.6636ms)
✔ media stream hashes actual bytes, uses immutable account key and cleans transient file (133.0252ms)
✔ media rejects declared and streamed oversize, mismatched length/type and arbitrary audio (68.5332ms)
✔ Retry-After seconds, HTTP date and default (7.3314ms)
✔ text-only transcript retains unknown speakers and unavailable timing (54.9209ms)
✔ provider timing and actual speaker survive cross-boundary payment redaction (1.787ms)
✔ invalid provider timing is unavailable; pricing is configured and rounded to integer cents (1.1203ms)
✔ CSI-12 five-minute cron, authentication, flag-off and default recovery/queue wiring (239.7875ms)
✔ CSI-11 queue stages, cron schedule, auth, flag-off and lease-held wiring (197.5922ms)
✔ CSI-11 modules never import qualification, Lead writers, budgets, STT or LLMs (6.5022ms)
✔ CSI route templates expand only the closed run paths and methods (4.424ms)
✔ Owner analysis commands bind exact output and source evidence (9.5463ms)
✔ published DTO fixtures preserve undated and review-only rows and unknown coverage (1.7513ms)
✔ accepted policy defaults and invalid schedules (51.2201ms)
✔ strict commands allow undated independent actions and reject operational injection (33.7721ms)
✔ Grok review: empty channels/evidence and duplicate assessment are rejected; no locator gate (15.9843ms)
✔ all CSI model accessors honor isolated database routing without suffix collections (89.9826ms)
✔ signed run token requires scoped principal, live run, dataset, nonce, expiry, subject and tool (8.6122ms)
✔ single-attempt adapter never retries a non-idempotent submission, including 401/429/timeout (4.7477ms)
✔ Direct chat must have exactly the two reviewed people; supports provider member objects (18.2089ms)
✔ SMS and pager use JWT sender and correct endpoint contract (21.9879ms)
✔ repair receipt requires exact ID, sender and Direct membership, not matching text/time (54.943ms)
✔ repair receipt rejects a Direct chat response for a different chat ID (47.3515ms)
✔ body/customer destination policy handles canonical, formatted and full-width representations (46.3619ms)
✔ versioned templates limit customer identity; purpose/version/client chat are strict (26.0437ms)
✔ optional channels default off (20.1156ms)
✔ documented nudge controls take precedence; aliases cannot widen an explicit channel allowlist (3.5456ms)
✔ nudge routes enforce signed Owner, feature, strict input, idempotency; GET never dispatches (429.0231ms)
✔ repair cron is authenticated, disabled without DB, registered every five minutes (39.1555ms)
✔ 30/15/1440 clocks, Friday close, Sunday, DST and independent weekly calendar (46.2687ms)
✔ day-only waits end at close; Attention next opening; explicit Sunday honoured; ambiguity undated (47.0928ms)
✔ all three actions including undated; snooze preserves contractual overdue and other reasons (27.4275ms)
✔ inbound human versus missed/provider connected; attempts fulfill callback only and retain outcome (17.3438ms)
✔ wait coexistence, official closure precedence, planning denies stale and Owner effects (10.0343ms)
✔ worker, cron and recovery registrations exist without enabling production flags (2.1572ms)
✔ exact names remain proposed; alias ties, duplicate names, missing names and non-Users remain explicit (7.9156ms)
✔ account scope, half-open reassignment, retirement and review authority (2.1542ms)
✔ period validation compares instants and rejects unknown input keys (13.4649ms)
✔ registered identity worker is a flag-off no-op (2.9731ms)
✔ all five Rep routes enforce Owner, strict contracts, scope, flags and idempotency header (533.3646ms)
✔ minute recovery invokes registered bounded rep stage, honors flag and cron authentication (39.1666ms)
✔ call lead browse q includes Granot snapshot name (31.8023ms)
✔ call lead browse phone matches the typed string on live and snapshot paths (10.7347ms)
✔ Call Lead Search phone ORs live, ingested, and Granot snapshot paths (25.2819ms)
✔ Call Lead Search name ORs ingested and Granot name paths (4.4574ms)
✔ Call Lead Search email ORs ingested and Granot email paths (0.9977ms)
✔ Call Lead Search keeps OR across phone, name, and email (1.0363ms)
✔ form lead browse q includes Granot snapshot name (33.0685ms)
✔ form lead browse name includes ingested and Granot name paths (3.0586ms)
✔ form lead browse email includes ingested and Granot email paths (7.5913ms)
✔ form lead browse phone matches the typed string on live and snapshot paths (2.2273ms)
✔ form lead browse empty query finds all leads including duplicates (4.6709ms)
✔ form lead browse result card omits snapshot objects (2.0306ms)
✔ form lead search excludes duplicate quarantine leads by default (4.993ms)
✔ form lead search includes duplicate quarantine leads when requested (2.7412ms)
{"level":"info","time":"2026-09-19T02:47:27.700Z","service":"vantage-main-server","env":"development","msg":"sheet_sync.drain.quota_deferral","spreadsheetId":"sheet-1","tabName":"Calls","writes":1}
✔ batches existing-row updates and new-row appends into one call each (9.1589ms)
✔ deletes rows in descending order in a single batchUpdate (5.3983ms)
✔ missing delete rows are an idempotent success (no API call) (1ms)
✔ defers all writes when the read-quota reservation is denied (2.2459ms)
✔ partial failure: update call fails but appends still succeed (2.3856ms)
✔ append batches are split by configured row guardrail (1.5932ms)
✔ buildTabRowMap maps Mongo IDs to 1-based row numbers (0.5607ms)
✔ QuotaLimiter grants within budget and denies (with rollback) past it (1.347ms)
{"level":"info","time":"2026-09-19T02:47:29.386Z","service":"vantage-main-server","env":"development","msg":"sheet_sync.drain.call_lead.created_on_unmatched.skipped","leadId":"6aadf7c1be317c789f94fd07"}
✔ jobPlanner registers mongoose models required for booked-lead populate (3.1852ms)
✔ planJobWrites turns a tombstone's previous_targets into delete writes (4.5934ms)
✔ planJobWrites skips tombstone targets with unknown headers (0.8676ms)
✔ planJobWrites limits retrying tombstones to target_hints (0.8072ms)
✔ planJobWrites returns a single empty plan when a tombstone has no targets (0.8145ms)
✔ planJobWrites dual-writes bad form leads to Forms and Master Bad Leads (5.0296ms)
✔ planJobWrites deletes stale Master Bad Leads row when bad_lead is cleared (2.1181ms)
✔ planJobWrites deletes stale Calls row when duplicate call lead lacks sheet_sync metadata (5.3776ms)
✔ ordinary No-Sync Form deletes Forms only and does not upsert (1.6377ms)
✔ ordinary No-Sync Call deletes Calls only and does not upsert (2.5411ms)
✔ Booking Chain + ordinary No-Sync Call upserts Booked Deals and deletes Calls (3.9056ms)
✔ Unmatched Call without no_sync stays an empty plan with no deletes (4.145ms)
✔ no_sync + bad_lead matches today's Bad Form dual-write (2.9129ms)
✔ no_sync + Call duplicate matches today's Duplicate Calls plan (2.1133ms)
✔ Form Duplicate upserts Duplicates and does not delete leftover Forms (1.6645ms)
✔ no_sync + Form duplicate matches today's Form Duplicate plan (2.4015ms)
✔ clear no_sync on an ordinary Form upserts Forms (1.9957ms)
✔ isNoSyncLead is false for missing / false / null (1.5747ms)
✔ noSyncAppliesToNormalTabs is false when duplicate or bad_lead (0.5606ms)
{"level":"info","time":"2026-09-19T02:47:46.901Z","service":"vantage-main-server","env":"development","msg":"sheet_sync.outbox.enqueued","coalescingKey":"source_lead:FormLead:6aadf7d23fe4130c43608476","resource":"source_lead","operation":"form_lead.create","jobId":"6aadf7d23fe4130c43608477","dueAt":"2026-09-19T02:47:49.900Z","priority":60}
✔ enqueueSheetSyncJob writes a coalescing upsert keyed by entity (9.6994ms)
✔ enqueueSheetSyncJob threads the caller session for atomic commit (1.2554ms)
✔ enqueueSheetSyncTombstone cancels the superseded upsert then writes the delete (2.0966ms)
✔ persistSheetSyncIntent only writes the outbox in queued mode (1.5901ms)
{"level":"info","time":"2026-09-19T02:47:46.907Z","service":"vantage-main-server","env":"development","msg":"sheet_sync.outbox.enqueued","coalescingKey":"booking_chain:b1","resource":"booking_chain","operation":"booked_lead.update","jobId":"6aadf7d23fe4130c43608478","dueAt":"2026-09-19T02:47:49.907Z","priority":80}
{"level":"info","time":"2026-09-19T02:47:46.909Z","service":"vantage-main-server","env":"development","msg":"sheet_sync.outbox.upsert_superseded_by_delete","supersededKey":"source_lead:CallLead:lead-1","cancelled":1}
{"level":"info","time":"2026-09-19T02:47:46.909Z","service":"vantage-main-server","env":"development","msg":"sheet_sync.outbox.tombstone_enqueued","coalescingKey":"delete_source_lead:CallLead:lead-1","resource":"delete_source_lead","operation":"call_lead.delete","jobId":"6aadf7d23fe4130c43608479","mongoId":"lead-1"}
{"level":"info","time":"2026-09-19T02:47:46.911Z","service":"vantage-main-server","env":"development","msg":"sheet_sync.outbox.enqueued","coalescingKey":"source_lead:CallLead:lead-9","resource":"source_lead","operation":"call_lead.update","jobId":"6aadf7d23fe4130c4360847a","dueAt":"2026-09-19T02:47:49.911Z","priority":50}
✔ syncSourceLead evaluates no_sync before unmatched and deletes ordinary tabs without the facade (23.4204ms)
✔ projects tariff rows into Timestamp through Carrier columns (5.3647ms)
✔ resolves a Granot Carrier Code to the Moving Carrier name and DOT (3.4663ms)
✔ appends both service rows with resolved Carrier and never upserts by identifier (73.9148ms)
✔ appends Linehaul plus a free-text Service row (1.2165ms)
✔ refuses an empty append (0.6681ms)
✔ hasBbbRedaction detects BBB PII redaction tokens (1.7576ms)
✔ listTestimonialsQuerySchema coerces pagination and boolean filters (6.8741ms)
✔ buildTestimonialFilter applies only provided query flags (3.4677ms)
✔ adminTestimonialsQuerySchema coerces admin filters and sort direction (5.9258ms)
✔ buildAdminTestimonialFilter applies reviewer, rating, customer, and date filters (3.2654ms)
✔ listTestimonials returns paginated landing-page items (5.3551ms)
✔ listAdminTestimonials returns admin fields and applies requested sort (3.6126ms)
✔ listAdminTestimonialReviewerNames returns sorted unique non-empty names (3.2711ms)
{"level":"warn","time":"2026-09-19T02:47:48.939Z","service":"vantage-main-server","env":"development","msg":"source_lead.update.booking_missing","operation":"call_lead.update","leadModel":"CallLead","leadId":"6aadf7d499acbbff47e39d95","bookingId":"6aadf7d499acbbff47e39d96"}
✔ booked call lead refreshes attached booking customer and local (27.2842ms)
✔ booked form lead refreshes attached booking customer and local (5.0536ms)
✔ unbooked lead keeps source lead sync target (1.9701ms)
✔ stale booking reference falls back to source lead sync (3.5253ms)
✔ mismatched booking reference falls back to source lead sync (2.4604ms)
{"level":"warn","time":"2026-09-19T02:47:48.943Z","service":"vantage-main-server","env":"development","msg":"source_lead.update.booking_mismatch","operation":"call_lead.update","leadModel":"CallLead","leadId":"6aadf7d499acbbff47e39d97","bookingId":"6aadf7d499acbbff47e39d98","bookingLeadModel":"FormLead","bookingLeadId":"6aadf7d499acbbff47e39d99"}
✔ V1ServiceError preserves the original (message, statusCode = 400) constructor signature (2.4726ms)
✔ V1ServiceError is an AppError (single instanceof handles both legacy and typed throws) (0.604ms)
✔ V1ServiceError keeps its historical `name` so existing log filters match (0.2933ms)
✔ V1ServiceError maps its statusCode onto a stable error code for logs (0.3744ms)
✔ parseFloridaCalendarDate stores YYYY-MM-DD as Florida calendar midnight UTC (3.2899ms)
✔ formatFloridaCalendarDate renders stored calendar dates without local timezone drift (7.6935ms)
✔ floridaCalendarToday uses the America/New_York calendar day (8.3291ms)
✔ floridaCalendarDateInputValue returns YYYY-MM-DD in Florida time (0.51ms)
✔ toFloridaTimestamp stores Eastern daylight time clock components (1.2843ms)
✔ toFloridaTimestamp stores Eastern standard time clock components (0.3485ms)
✔ easternDateTimeParts reads America/New_York wall clock in standard and daylight time (1.6836ms)
✔ easternWallClockToUtc maps 8:00 AM Eastern to the matching UTC instant (0.9994ms)
✔ escapeSheetTitleForRange wraps plain titles in single quotes (1.9733ms)
✔ escapeSheetTitleForRange doubles single quotes inside a sheet title (0.7887ms)
✔ escapeSheetTitleForRange preserves whitespace and non-quote punctuation (0.3451ms)
✔ extractRowNumberFromRange parses single-cell updates (0.485ms)
✔ extractRowNumberFromRange parses appended row ranges (0.415ms)
✔ extractRowNumberFromRange returns undefined for missing or malformed input (0.3039ms)
✔ generateLeadId returns unique established-format identifiers (4.1734ms)
✔ parseGranotCityState accepts multi-word cities and normalizes state (3.1254ms)
✔ Granot location parsing rejects placeholder and malformed values (0.8509ms)
✔ isObjectIdString accepts 24-char hex ids (3.0881ms)
✔ toObjectId parses hex strings (10.289ms)
✔ toObjectIdOrUndefined maps empty values to undefined (0.5177ms)
✔ job-number-timeline loader does not value-import ObjectId from mongodb (31.2989ms)
✔ newObjectIdHex returns a distinct 24-char hex id (12.9241ms)
✔ normalizePhoneNumberForStorage strips US formatting and leading country code (1.8904ms)
✔ normalizePhoneNumberForStorage preserves unrecognized phone values (0.5087ms)
✔ normalizePhoneNumberForStorage preserves explicit foreign numbers (0.4475ms)
✔ normalizePhoneNumberForMatch keeps existing last-ten-digits matching behavior (0.4668ms)
✔ normalizePhoneNumberForMatch uses full foreign number digits (0.3285ms)
✔ rep promise and customer callback request stay distinct kinds (48.2259ms)
✔ multiple commitments accept an undated action without inventing a due date (3.3542ms)
✔ voicemail with unknown speaker is valid and is not human conversation (4.0464ms)
✔ contact restriction is schema-valid without closing Outreach (7.6176ms)
✔ owner-instruction disagreement cites the exact instruction revision (4.7044ms)
✔ rejects extra operational fields on the envelope and nested objects (6.5425ms)
✔ rejects malformed evidence references (9.3881ms)
✔ rejects unknown finding kinds, duplicate keys, and dangling finding_keys (2.2815ms)
✔ schema validation does not authorize evidence or apply business effects (1.2312ms)
✔ enforces document 10 engineering bounds (10.2248ms)
✔ createCallLeadSchema accepts a job_no-only call lead (10.3957ms)
✔ updateFormLeadSchema accepts canonical pickup and delivery cities (3.8291ms)
✔ createCallLeadSchema rejects call leads without phone_number or job_no (1.7527ms)
✔ createBookedLeadFromSourceSchema accepts CallLead booking with only call_job_no (3.2945ms)
✔ createReferralBookingSchema accepts owner-facing referral booking fields (1.7162ms)
✔ createReferralBookingSchema accepts optional customer_phone (0.5153ms)
✔ createBookedLeadFromSourceSchema accepts optional customer contact fields (1.8853ms)
✔ createCustomerSchema accepts name-only customers (0.9864ms)
✔ createReferralBookingSchema rejects server-owned referral source fields (0.9934ms)
✔ createLeadlessBookingSchema accepts owner-facing leadless booking fields (1.8977ms)
✔ createLeadlessBookingSchema accepts booking without customer contact fields (0.4426ms)
✔ createLeadlessBookingSchema rejects server-owned leadless flags (0.5035ms)
✔ createBookedLeadSchema accepts FormLead booking by Mongo id without job_no (2.2609ms)
✔ createBookedLeadFromSourceSchema accepts transient CallLead booking phone (0.5914ms)
✔ createBookedLeadFromSourceSchema accepts CallLead booking with only phone on Best Relocation import (0.3575ms)
✔ createBookedLeadFromSourceSchema rejects Owner Call Lead booking with only phone (0.5058ms)
✔ createBookedLeadFromSourceSchema rejects CallLead booking without job or phone (0.3863ms)
✔ createFormLeadSchema does not accept duplicate from clients (2.663ms)
✔ createFormLeadSchema does not accept bad_lead from clients (0.7003ms)
✔ createFormLeadSchema accepts optional lid from clients (0.7192ms)
✔ createFormLeadSchema accepts Best Relocation UUID identity and sheet flags (0.6595ms)
✔ createFormLeadSchema rejects malformed lid values (0.7787ms)
✔ updateFormLeadSchema accepts duplicate for backfill and admin patches (0.485ms)
✔ updateFormLeadSchema accepts and clears bad_lead reasons (1.2491ms)
✔ createFormLeadSchema accepts optional wordpress_submission_key (1.5192ms)
✔ createFormLeadSchema defaults post_to_granot to false when omitted (0.7605ms)
✔ createFormLeadSchema defaults an omitted or blank ref_no (1.0265ms)
✔ createFormLeadSchema accepts first and last name without name (0.5348ms)
✔ createFormLeadSchema rejects payloads without any name fields (1.0091ms)
✔ createFormLeadSchema accepts post_to_granot boolean false (0.5881ms)
✔ createFormLeadSchema accepts post_to_granot string false (0.3339ms)
✔ createFormLeadSchema accepts boolean sms_consent (0.5612ms)
✔ createFormLeadSchema coerces string sms_consent values (0.4516ms)
✔ createFormLeadSchema accepts typo emails as plain strings (0.3414ms)
✔ createCallLeadSchema does not accept server-owned flags from clients (0.4746ms)
✔ createCallLeadSchema accepts imported qualification flags (0.3364ms)
✔ createCallLeadSchema accepts optional first and last name (0.4054ms)
✔ createCallLeadSchema accepts Best Relocation Inbounds webhook payload (0.6238ms)
✔ bookedCallLeadReconciliationBatchSchema accepts Booked Jobs CRM rows (2.2878ms)
✔ CallLead model validates job_no-only identity (19.6966ms)
✔ CallLead model stores form_fill when computed by the service (4.0119ms)
✔ BookedLead model validates phone-only CallLead bookings without job_no (10.7529ms)
✔ BookedLead model validates leadless referral bookings (3.6921ms)
✔ BookedLead model validates leadless bookings without lead linkage (3.3851ms)
✔ BookedLead model still requires lead linkage for non-referral bookings (5.9238ms)
✔ FormLead model stores duplicate quarantine flag (4.6424ms)
✔ FormLead model stores bad_lead enum values (3.4449ms)
✔ FormLead model and update validation support lossless legacy bad-tab provenance (2.9311ms)
✔ FormLead model rejects unknown bad_lead values (3.4208ms)
✔ FormLead model defaults missing state fields to not_found (2.5438ms)
✔ CallLead model rejects identity-less documents (3.3629ms)
✔ FormLead model accepts receiver_agent provenance fields (3.376ms)
✔ FormLead model rejects an unknown receiver_agent_source value (3.7127ms)
✔ CallLead model accepts receiver_agent provenance fields (2.3557ms)
✔ updateFormLeadSchema accepts receiver_agent linking fields (0.8679ms)
✔ updateCallLeadSchema accepts receiver_agent linking fields (4.1441ms)
✔ searchFormLeadsSchema accepts typo emails as plain strings (2.6279ms)
✔ searchFormLeadsSchema accepts include_duplicates to search quarantined leads (0.4227ms)
✔ resolveGranotFormLeadSchema keeps provider refs and requires a Granot source (1.3308ms)
✔ granotFormLeadSyncSchema separates the patch from its source precondition (6.4124ms)
✔ browseFormLeadsQuerySchema allows an empty query (view all) with defaults (2.2318ms)
✔ browseFormLeadsQuerySchema accepts a standalone source_company filter (0.4767ms)
✔ browseFormLeadsQuerySchema coerces booked and limit query strings (0.3973ms)
✔ browseFormLeadsQuerySchema rejects unknown keys (0.6114ms)
✔ browseCallLeadsQuerySchema accepts job_no and full-text q (1.2301ms)
✔ [AC-07] [AC-10] public/admin Form create and patch reject internal lifecycle metadata (12.6357ms)
✔ [AC-12] public/admin Call create and patch reject internal lifecycle metadata (8.9715ms)
✔ create and update Form and Call schemas accept optional no_sync (1.5874ms)
✔ [AC-07] ordinary Form create still requires move_size; ordinary Call still requires phone or job_no (1.2564ms)
✔ create and update Cancellation schemas reject client-supplied correlation snapshots (13.6222ms)
✔ reconciliation list query accepts owner_booking origin (8.152ms)
✔ create-and-attach validates Form Lead fields for its selected model (7.4457ms)
✔ create-and-attach requires Phone or Job Number for a Call Lead (1.9211ms)
✔ [AC-31] foundation activation input is strict and bounded (6.0541ms)
✔ [AC-37] requeue reason is strict 10-500 and rejects unknown keys (1.6637ms)
✔ [AC-35] portion lifecycle error envelopes stay raw-free (0.3394ms)
✔ [AC-34] extension apply item requires lowercase UUID v4 and raw statement scalars (4.7581ms)
✔ [AC-02] batch rejects duplicate operation IDs and more than 100 items (1.4342ms)
✔ [AC-23][AC-35][AC-36] discrepancy filters and Owner bodies are strict and revision guarded (7.8229ms)
✔ receipt search query is strict, normalizes identity, and implies booking_status_changed (5.5543ms)
✔ [AC-18] [AC-19] case list query is strict, bounded, and validates date order (3.0807ms)
✔ [AC-35] candidate and timeline queries reject unsafe cursor/contact shapes (2.1943ms)
✔ [AC-40] Lead timeline accepts only the exact model union and ObjectId (1.3513ms)
✔ [AC-22] confirm Booking input is strict and validates exact official cents (5.1938ms)
✔ Connect Booking to Lead input is strict and requires selected_lead (3.1067ms)
✔ Connect candidate query allows empty q and rejects unknown keys (1.5304ms)
✔ [AC-28] Referral Booking input accepts only case revision and strict official details (2.0092ms)
✔ [AC-22] confirm Booking accepts one or two unique Agents and rejects a matching secondary (0.7968ms)
✔ [AC-24] update Booking is a strict complete replacement with both revisions (2.2415ms)
✔ [AC-20] Booking No Action reasons are independently optional and strict (1.2738ms)
✔ [AC-25] Confirm Cancellation accepts only strict official fields with exact date and cents (2.2817ms)
✔ lead message admin query applies bounded pagination (7.4415ms)
✔ manual retry requires explicit confirmation (1.5253ms)
✔ Simple CPL validation requires revisions and cents-precise nonnegative amounts (14.4357ms)
✔ Advanced CPL validation accepts only explicit discriminated commands (2.4614ms)
✔ Correction preview validates an inclusive ordered business-date window (2.6343ms)
✔ catalog update accepts Granot username correction with optional reason (8.2877ms)
✔ catalog update rejects reason-only payloads (3.5796ms)
✔ Source Company writes reject embedded granularities and compatibility defaults (4.3674ms)
✔ Source Granularity create requires a first-class company ObjectId (3.2001ms)
✔ Source Granularity update rejects immutable identity fields (2.2142ms)
✔ source activation and resolution preview parse contract fields (22.5214ms)
✔ createTariffAdjustmentsSchema accepts two shared-field service rows (10.8836ms)
✔ createTariffAdjustmentsSchema accepts a Linehaul-only payload (1.8723ms)
✔ createTariffAdjustmentsSchema accepts Linehaul plus an owner-written service (0.5961ms)
✔ createTariffAdjustmentsSchema accepts three matching rows (0.6352ms)
✔ createTariffAdjustmentsSchema allows omitted effective_date when all rows omit it (1.034ms)
✔ createTariffAdjustmentsSchema rejects an empty rows array (2.6196ms)
✔ createTariffAdjustmentsSchema rejects more than 20 rows (1.5419ms)
✔ createTariffAdjustmentsSchema requires at least one Linehaul row (0.5763ms)
✔ createTariffAdjustmentsSchema requires shared fields to match (0.5822ms)
✔ createTariffAdjustmentsSchema rejects three rows with a mismatched pickup_zone (1.5679ms)
✔ createTariffAdjustmentsSchema requires a 5-digit ZIP and a carrier (1.316ms)
✔ createTariffAdjustmentsSchema rejects a Service and Rule that are not a Drop Downs pair (1.1721ms)
✔ createTariffAdjustmentsSchema rejects customer and job identifiers (3.5509ms)
ℹ tests 2536
ℹ suites 13
ℹ pass 2422
ℹ fail 0
ℹ cancelled 0
ℹ skipped 114
ℹ todo 0
ℹ duration_ms 305170.7352
