✔ consumer accepts only { receipt_id } (10.16ms)
✔ vercel.json registers queue/v2beta topic granot-lifecycle-events* (4.8191ms)
✔ consumer accepts only { job_id } (8.3723ms)
✔ vercel.json registers queue/v2beta topic sales-intelligence-events* (1.5976ms)
✔ loadVantageApiConfig requires VANTAGE_API_SECRET (2.2186ms)
✔ loadVantageApiConfig defaults to production and never echoes the secret (0.6395ms)
✔ production write guard (0.8287ms)
✔ buildVantageApiUrl joins path and query (0.5829ms)
✔ historical analysis stamps only surviving Booking job evidence (2.3528ms)
✔ historical analysis leaves missing Booking links as remainder (0.3902ms)
✔ historical analysis does not infer a job from a Booking without job fields (0.2723ms)
✔ already-stamped historical rows are not remainder and are not reapplied (0.2558ms)
✔ inventory summary lists remainder ids only (1.6423ms)
✔ roles-array report maps leftover singular role per spec §3.3 (3.4254ms)
✔ already-has-roles rows do not bump token_version and will not apply (0.9223ms)
✔ roles-array summary counts convert versus already-has-roles (11.8484ms)
✔ sales backfill remaps the three production Employee emails and increments token_version (3.247ms)
✔ sales backfill is a no-op when those emails are already Sales (0.4737ms)
✔ sales backfill leaves jbell, kylm, and ringram unchanged (0.5219ms)
✔ sales backfill summary counts remap versus leave-alone rows (0.5839ms)
✔ September 2026 window is the Florida-stamped calendar month (4.3423ms)
✔ filter is Form Leads in the month with a not_found state (2.0784ms)
✔ classify marks long_distance unknown-state rows for update (0.5764ms)
✔ classify skips rows that are already local (0.2834ms)
✔ summary counts needs_update versus already_local (0.5763ms)
✔ unique idempotency index is named and unique (9.6004ms)
✔ report-first index inventory names present vs missing (2.1099ms)
✔ CLI unknown flags fail closed (7.4852ms)
✔ CLI production gate (1.5711ms)
✔ CLI render requires --job-no (0.3753ms)
✔ CLI and load stay zero-mutation (7.4057ms)
✔ CLI render uses the production module (0.7964ms)
✔ Discover score (35.8943ms)
✔ activity grouping preserves every event id (116.8885ms)
✔ proof notes alias Job Numbers and pick required shapes (48.2843ms)
✔ collection count deltas stay empty when counts match (2.4446ms)
✔ percentile uses the ceiling rank (0.5772ms)
✔ observation Job filter remaps equivalentNormalizedJobFilter onto identity.normalized_job_no (2.7206ms)
✔ successful text is accepted, sent, or delivered (1.9174ms)
✔ conversion rate is zero when the cohort is empty (1.5833ms)
✔ two successful messages for one Lead count once (0.5088ms)
✔ SMS booked rate is booked among successfully texted Leads, not all Leads (0.7486ms)
✔ receiver-agent booked and cancelled both use received Leads as the denominator (0.7416ms)
✔ blank Job Number is rejected before any search (3.1972ms)
✔ Booked / Releas without booking_status_changed is rejected (1.4381ms)
✔ equivalent Job Numbers resolve to the same hit set (24.401ms)
✔ event class keeps route_event_class, not payload event_type aliases (0.8638ms)
✔ booking_status_changed Booked and Releas are two granularities (0.8316ms)
✔ Priority 5 is not Booked (0.4386ms)
✔ latest Decision attempt only, and commands attach by observation provenance (0.5082ms)
✔ a command on another Job does not leak into this Job's timeline seed (0.3409ms)
✔ matching roles set authenticates even when order differs (2.0689ms)
✔ set mismatch, missing roles, missing version, email drift, inactive, and deleted fail (0.5007ms)
✔ leftover employee stored role matches Sales plus Customer Service claims (0.365ms)
✔ refresh rejects a stale token_version (0.3775ms)
✔ issueTokens writes roles and token_version onto the access token (9.6536ms)
✔ PublicExtensionUser is id, email, and roles (0.6598ms)
✔ getExtensionUserFromAccessToken uses the matcher through an injected lookup (26.2617ms)
✔ access token includes roles and token_version (10.0868ms)
✔ singular role tokens and missing claims fail access verify (4.5354ms)
✔ isAccessTokenPayload requires current roles and numeric token_version (0.4275ms)
✔ refresh token still signs and verifies sub plus token_version (2.3563ms)
✔ hasExtensionRole Owner checks pass for Owner unions and fail for Sales plus Customer Service (0.531ms)
✔ lead sheet headers include booked date on Forms and Calls tabs (2.1036ms)
✔ call sheet headers omit owner-hidden descriptive and location columns (0.3835ms)
✔ lead sheet configuration includes duplicate and form fill surfaces (0.2862ms)
✔ source label mapping accepts Granot compact BestRelocation labels (0.457ms)
✔ top10_leads sheet label is Top 10 Forms while legacy labels still resolve (0.4317ms)
✔ 10 Best inbound labels resolve to tbm_leads (0.3448ms)
✔ GetMovers labels resolve to get_movers_leads (0.3648ms)
✔ Paid Overflow labels resolve to paid_overflow (0.3298ms)
✔ lead sheet source company labels are precise by lead type (0.6188ms)
✔ getBookingReconciliationConfig defaults rematch reasons to matching_unavailable and no_match (4.3502ms)
✔ parseBookingReconciliationReasons rejects unknown values (2.0021ms)
✔ getBookingReconciliationConfig reads configured delays and limits (1.6971ms)
{"level":"info","time":"2026-09-19T03:05:30.426Z","service":"vantage-main-server","env":"development","msg":"operations_registry.compatibility_read","observability_level":"info","category":"admin","workflow":"operations_registry"}
{"level":"info","time":"2026-09-19T03:05:50.546Z","service":"vantage-main-server","env":"development","msg":"operations_registry.compatibility_read","observability_level":"info","category":"admin","workflow":"operations_registry"}
{"level":"info","time":"2026-09-19T03:06:10.617Z","service":"vantage-main-server","env":"development","msg":"operations_registry.compatibility_read","observability_level":"info","category":"admin","workflow":"operations_registry"}
{"level":"info","time":"2026-09-19T03:06:30.679Z","service":"vantage-main-server","env":"development","msg":"operations_registry.compatibility_read","observability_level":"info","category":"admin","workflow":"operations_registry"}
✔ simple-rate sources return their configured CPL for both form and call leads (80886.5418ms)
{"level":"info","time":"2026-09-19T03:06:50.747Z","service":"vantage-main-server","env":"development","msg":"operations_registry.compatibility_read","observability_level":"info","category":"admin","workflow":"operations_registry"}
{"level":"info","time":"2026-09-19T03:07:10.917Z","service":"vantage-main-server","env":"development","msg":"operations_registry.compatibility_read","observability_level":"info","category":"admin","workflow":"operations_registry"}
{"level":"info","time":"2026-09-19T03:07:31.082Z","service":"vantage-main-server","env":"development","msg":"operations_registry.compatibility_read","observability_level":"info","category":"admin","workflow":"operations_registry"}
{"level":"info","time":"2026-09-19T03:07:51.133Z","service":"vantage-main-server","env":"development","msg":"operations_registry.compatibility_read","observability_level":"info","category":"admin","workflow":"operations_registry"}
{"level":"info","time":"2026-09-19T03:08:11.228Z","service":"vantage-main-server","env":"development","msg":"operations_registry.compatibility_read","observability_level":"info","category":"admin","workflow":"operations_registry"}
✔ best_relocation_leads splits form CPL by local vs long_distance but not call CPL (100696.2126ms)
✔ not_provided always reports CPL 0 without querying CplRate (30214.7777ms)
{"level":"info","time":"2026-09-19T03:09:01.850Z","service":"vantage-main-server","env":"development","msg":"operations_registry.compatibility_read","observability_level":"info","category":"admin","workflow":"operations_registry"}
{"level":"info","time":"2026-09-19T03:09:22.004Z","service":"vantage-main-server","env":"development","msg":"operations_registry.compatibility_read","observability_level":"info","category":"admin","workflow":"operations_registry"}
{"level":"info","time":"2026-09-19T03:09:42.225Z","service":"vantage-main-server","env":"development","msg":"operations_registry.compatibility_read","observability_level":"info","category":"admin","workflow":"operations_registry"}
✔ legacy source labels are normalized before CPL lookup (60689.4904ms)
{"level":"info","time":"2026-09-19T03:10:02.379Z","service":"vantage-main-server","env":"development","msg":"operations_registry.compatibility_read","observability_level":"info","category":"admin","workflow":"operations_registry"}
{"level":"info","time":"2026-09-19T03:10:12.470Z","service":"vantage-main-server","env":"development","msg":"operations_registry.compatibility_read","observability_level":"info","category":"admin","workflow":"operations_registry"}
✔ falls back to canonical defaults when Mongo is unreachable (20185.9461ms)
✔ missing Redis URL or token returns a null client (2.8919ms)
✔ UPSTASH_* names construct a client and KV_* aliases do too (7.8985ms)
✔ read-only token, KV_URL, and REDIS_URL are not used for the client (1.0731ms)
✔ test runner never publishes Daily Operations Redis writes (0.5756ms)
✔ TEST_MODE also keeps Daily Operations Redis publish off (1.2068ms)
✔ missing credentials keep publish off even outside the TEST_MODE flag (0.606ms)
✔ Redis stream key uses VERCEL_ENV production or preview, otherwise local (0.8724ms)
✔ collection names use the test prefix in the test runner (2.1691ms)
✔ parseEmployeeBookingAutoMatchRules preserves Exact Job Booking Attach order (3.5512ms)
✔ parseEmployeeBookingAutoMatchRules accepts none (0.4867ms)
✔ parseEmployeeBookingAutoMatchRules rejects duplicates (1.1289ms)
✔ parseEmployeeBookingAutoMatchRules rejects retired phone, LID, and email rules (0.6541ms)
✔ getEmployeeBookingMatchingConfig defaults to Exact Job Booking Attach (0.7879ms)
✔ getEmployeeBookingMatchingConfig reads env values (0.5644ms)
✔ snapshotEmployeeBookingAutoMatchPolicy uses parsed config, not a raw env string (0.5665ms)
✔ Google service account env var name constants match the production / test names (1.5275ms)
✔ Google service account env var selectors swap to the *_TEST_* names in test mode (0.8333ms)
✔ completion redirect must match configured trusted admin origin (12.0611ms)
✔ localhost completion redirect is rejected in production (0.479ms)
✔ production detection follows NODE_ENV and VERCEL_ENV (0.504ms)
✔ owner email allowlist keeps the primary identity and unions extras (2.0028ms)
✔ owner email allowlist rejects blank or duplicate extras (0.6574ms)
✔ [AC-31] foundation execution mode is historical without activation and permanent before cutoff (1.8909ms)
✔ [AC-31] foundation channel never changes execution mode (0.3738ms)
✔ lifecycle flags default to processing true, shadow true, and all effects false (1.7939ms)
✔ malformed lifecycle flag values fail closed (0.9746ms)
✔ blank Granot webhook secret is treated as missing configuration (2.6457ms)
✔ lifecycle queue topic is environment scoped (0.8951ms)
✔ lifecycle queue publishing stays off in the test runner and unapproved environments (0.7351ms)
✔ lead messaging mode defaults invalid and missing values to disabled (2.6818ms)
✔ lead messaging credentials use only definite environment variables (3.4643ms)
✔ lead messaging queue topic is environment scoped and test-safe (0.9783ms)
✔ Granot create-if-missing SMS stays off unless the env flag is an explicit boolean true (3.6644ms)
✔ quiet-hours scheduling is off unless the env flag is exactly true (1.5311ms)
✔ lead messaging abuse guards have safe defaults and env overrides (1.7146ms)
✔ a successful confirmation text is accepted, sent, or delivered (2.4452ms)
✔ observability is disabled inside the test runner even with opt-in flags (3.1529ms)
✔ node test runner disables observability writes even when explicitly allowed (0.7954ms)
✔ bootstrap test runner marker survives env cleanup (1.358ms)
✔ ALLOW_TEST_OBSERVABILITY is ignored on Vercel runtimes (0.8968ms)
✔ zip-state and auth capture flags are off while observability is disabled (1.2493ms)
✔ node test runner always forces test observability collections (0.8236ms)
✔ write mode parses values while test runner still blocks collection writes (0.856ms)
✔ collection names follow runtime TEST_MODE by default (0.7243ms)
✔ collection mode production/test override TEST_MODE (0.7715ms)
✔ collection prefix is applied to default names (0.7718ms)
✔ custom collection mode cannot override forced test collections in the test runner (2.8329ms)
✔ event min level and info capture gate persistence (1.1365ms)
✔ owner-visible info events can bypass general info suppression (0.974ms)
✔ email mode defaults to log_only and immediate levels default to critical (2.6786ms)
✔ owner events parse from csv (0.5854ms)
✔ config validation keeps test collections under custom mode in the test runner (0.7044ms)
✔ Google reporting delivery kill switch is fail-closed (1.9379ms)
✔ Google reporting delivery kill switch accepts only explicit true (0.3952ms)
✔ isTestMode is true only for the literal string 'true' after trim/lowercasing (2.7268ms)
✔ shouldWriteSourceLeadSheets is false by default and only true for the literal 'true' (0.9902ms)
✔ getMongoDatabaseName swaps between the prod and test databases on TEST_MODE (0.5878ms)
✔ getRuntimeSheetContainerEnvVar prefixes TEST_ in test mode and is identity otherwise (0.5296ms)
✔ getRequiredEnv throws when the env var is missing or blank, with the var name in the message (1.3908ms)
✔ sheet container id helpers route through the TEST_-prefixed env var in test mode (1.9523ms)
✔ getSourceLeadSheetContainerId returns undefined for not_provided (no source sheet env var) (0.3132ms)
✔ getSourceLeadSheetContainerId returns undefined for paid_overflow (Master Sheets only) (0.2747ms)
✔ getSheetSyncMode defaults to legacy and parses known values (3.5512ms)
✔ queue topic is env-scoped and overridable (0.794ms)
✔ budgets default below documented Google limits and parse overrides (0.8944ms)
✔ drain guardrails default to fast queue draining and parse overrides (0.7424ms)
✔ shouldPublishSheetSyncQueue stays off outside production Vercel (0.7941ms)
✔ isVercelFunctionRuntimeEnv requires hosted runtime markers (0.7818ms)
✔ shouldPublishSheetSyncQueue is always off during the test runner (0.5021ms)
✔ shouldPublishSheetSyncQueue keeps test runner guard after env cleanup (0.4887ms)
✔ coalescing keys follow the design doc shape (0.7673ms)
✔ delete resources supersede their matching upsert keys (0.7393ms)
✔ priority ordering: deletes > booking > cancellation > create > update (0.7146ms)
✔ maps Initial Price cubic feet onto the Drop Downs Linehaul ranges (2.5061ms)
✔ treats Binding Estimate Fee as automatic, not an owner dropdown (0.5497ms)
✔ rules for a Service stay inside that Service (1.4115ms)
{"level":"info","time":"2026-09-19T03:04:54.833Z","service":"vantage-main-server","env":"development","msg":"logger.test.circular","data":{"name":"ring","self":"[Circular]"}}
✔ logger does not throw when an object passed to info() contains a circular reference (3.8673ms)
✔ logger does not throw when an object passed to info() contains BigInt values (0.798ms)
✔ logger does not throw when err key is a non-Error value (1.2278ms)
✔ logger does not throw when given undefined or null payloads (0.6165ms)
✔ logger exposes the pino API the codebase relies on (8.4233ms)
{"level":"info","time":"2026-09-19T03:04:54.840Z","service":"vantage-main-server","env":"development","msg":"logger.test.bigint","pos":1234567890123456789,"neg":-9876543210123456789}
{"level":"error","time":"2026-09-19T03:04:54.841Z","service":"vantage-main-server","env":"development","err":"plain string error","msg":"logger.test.string_err"}
{"level":"error","time":"2026-09-19T03:04:54.841Z","service":"vantage-main-server","env":"development","err":{"code":"E_BAD","details":{"a":1}},"msg":"logger.test.object_err"}
{"level":"error","time":"2026-09-19T03:04:54.841Z","service":"vantage-main-server","env":"development","err":null,"msg":"logger.test.null_err"}
{"level":"error","time":"2026-09-19T03:04:54.841Z","service":"vantage-main-server","env":"development","msg":"logger.test.undefined_err"}
{"level":"info","time":"2026-09-19T03:04:54.842Z","service":"vantage-main-server","env":"development","msg":"plain string message"}
{"level":"info","time":"2026-09-19T03:04:54.842Z","service":"vantage-main-server","env":"development","msg":"logger.test.empty"}
{"level":"warn","time":"2026-09-19T03:04:54.842Z","service":"vantage-main-server","env":"development","msg":"logger.test.warn_no_data"}
✔ requireApiSecret accepts the global API secret on any v1 route (9.1106ms)
✔ requireApiSecret accepts a source-scoped key for its configured route (3.3663ms)
✔ requireApiSecret accepts a source-scoped key for configured call lead route (3.3076ms)
✔ requireApiSecret rejects a scoped key on a different route (4.6933ms)
✔ requireApiSecret rejects a scoped key for a different source company (2.9536ms)
✔ requireApiSecret rejects Sales plus Customer Service Bearer on form-lead data routes (3.248ms)
✔ requireApiSecret allows Sales plus Customer Service Bearer on Tariff Adjustment Submit (3.7203ms)
✔ requireApiSecret rejects Sales-only Bearer on tariff, form-lead, and Enrichment apply routes (1.4067ms)
✔ requireApiSecret allows Customer Service Bearer on Tariff Adjustment Submit (0.6427ms)
✔ requireApiSecret rejects Customer Service Bearer on form-lead data routes (0.7699ms)
✔ requireApiSecret allows Owner Bearer on Tariff Adjustment Submit (0.5121ms)
✔ requireApiSecret rejects unknown secrets (0.931ms)
✔ [AC-01] both valid secrets store header_secret and still validate the body (3.6212ms)
✔ [AC-01] one valid form authenticates; missing, wrong, nonscalar, and mismatched dual secrets do not (0.9948ms)
✔ [AC-01][AC-35] middleware deletes the body credential before 500, 401, and success (2.4243ms)
✔ [AC-01] nonscalar header or body forms are unauthorized and still strip the body key (0.609ms)
✔ [AC-01][AC-35] delete helper removes the body credential without exposing it (0.5993ms)
✔ [AC-08][AC-12] CallLead defaults quoted/post_to_granot false and has exact provenance paths (36.9343ms)
✔ [AC-12] Call quoted and ingested snapshot/origin are immutable after insert (8.0165ms)
✔ [AC-12] new Call rows reject legacy_unknown and malformed provenance (42.3926ms)
✔ [AC-12] CallLead receiver-agent enum gains granot_username_match (0.4813ms)
✔ [AC-07] CallLead declares the three exact S08 indexes and no unique Lead Job index (3.4919ms)
✔ [AC-14] RingCentral original caller evidence is required and immutable (8.0539ms)
✔ CancelledLead persists the four correlation snapshot fields (26.8499ms)
✔ CancelledLead correlation snapshots are immutable after insert (16.0398ms)
✔ CancelledLead snapshot index is named and not auto-unique (1.6397ms)
✔ [AC-21] command execution model keeps unique origin/idempotency and command_id indexes (3.7046ms)
✔ [AC-32] origin enum accepts the four command origins and nested applied result (2.7461ms)
✔ [AC-21] legacy top-level refs/warnings derive the stored applied result without rewrite (1.2543ms)
✔ [AC-32] EntityChange model uses the named collection and four exact indexes (7.07ms)
✔ [AC-32] EntityChange requires adjacent nonnegative revisions and matching changed_paths (63.5986ms)
✔ [AC-32] contact/address and delete fields are reference_only with no raw values (20.8633ms)
✔ [AC-32] EntityChange serialization omits payload, headers, secrets, and unmasked contact (67.69ms)
✔ [AC-32] EntityChange save and query hooks reject post-insert mutation (12.4947ms)
✔ [AC-10] [AC-11] FormLead declares exact origin, snapshot, job, and provenance paths (48.4229ms)
✔ [AC-03] Form Job Number is distinct from Tracking Reference ref_no (2.9526ms)
✔ [AC-10] ingested Form snapshots and origin are immutable after insert (14.4383ms)
✔ [AC-10] new Form rows cannot use legacy_unknown or legacy_baseline (8.4812ms)
✔ [AC-07][AC-08] trusted Form may omit move size/date without inventing facts (37.3494ms)
✔ [AC-12] FormLead receiver-agent enum gains granot_username_match and keeps compatibility (0.2907ms)
✔ [AC-07] FormLead declares the four exact S08 indexes and no unique Lead Job index (2.5284ms)
✔ [AC-38] GranotAutomationSource declares an optional CRM reference and non-unique lookup index (2.5151ms)
▶ GranotBookingDiscrepancy
  ✔ [AC-26][AC-35][AC-36] fixes Booking reasons and exact partial indexes (3.1432ms)
  ✔ [AC-26][AC-36] rejects Release reasons and unsafe resolved/evidence mutation (25.6951ms)
✔ GranotBookingDiscrepancy (31.0111ms)
▶ GranotBookingReconciliationCase model
  ✔ [AC-20] declares the exact six named indexes and open partial uniqueness (3.9663ms)
  ✔ [AC-18] validates exact defaults, enums, evidence shape, and bounded context (35.7559ms)
  ✔ [AC-20] rejects mutation of existing evidence IDs and every resolved-row write (2.8815ms)
✔ GranotBookingReconciliationCase model (45.2922ms)
✔ GranotCrmSource keeps the operational CSV collection and model name (5.117ms)
✔ legacy and new rows default to disabled deferred observation-only policy (19.1503ms)
✔ declares the three named lifecycle indexes without removing CSV uniqueness (2.0446ms)
✔ normalized labels use NFKC, trim, collapse, lowercase, and reject empty/control/bidi (0.8791ms)
✔ model writes reject illegal Call/Form/mixed/ambiguous routes (49.0103ms)
✔ referral_booking and deferred reject Lead routes and non-observation policies (5.1415ms)
✔ enabled source_scoped_lead requires active same-company matching-channel refs and policy version (1.3559ms)
✔ disabled rows may keep reviewed policy but still reject structurally illegal routes (0.6937ms)
✔ client-supplied normalized labels that disagree with the server fail closed (5.8301ms)
✔ [AC-31] Activation model is write-once with a unique key index (4.3507ms)
✔ [AC-31] Activation rejects unknown keys and post-insert mutation (36.905ms)
✔ [AC-05] Observation model uses the named collection and mongoose name (5.7109ms)
✔ [AC-05][AC-06][AC-25][AC-29] declares exactly six named indexes and unique receipt_id only (2.6362ms)
✔ [AC-05][AC-06][AC-25] frozen Observation enums are not widened (0.3667ms)
✔ [AC-05] Observation documents reject unknown kinds, results, and issue codes (59.8091ms)
✔ [AC-05] Observation documents omit processing, target, policy, and effect fields (14.7845ms)
✔ [AC-05] model save and query hooks reject post-insert Observation mutation (15.45ms)
✔ [AC-02] receipt keeps the physical collection and mongoose model name (12.5056ms)
✔ [AC-02] declares only the five named Section 9.1 indexes (1.9744ms)
✔ [AC-02] unique operation-id index is partial and payload hash index is never unique (1.1254ms)
✔ [AC-02] webhook receipts require route_event_class and forbid channel_operation_kind (27.8563ms)
✔ [AC-02] extension and automation receipts require operation kind and operation id (13.8145ms)
✔ [AC-02] operation-id validation rejects empty, overlong, control, bidi, and wrong-channel shapes (30.7819ms)
✔ [AC-02] last_error.message is capped at 500 characters (5.568ms)
✔ [AC-02] legacy capture-shaped create is rejected after compatibility retirement (2.8594ms)
✔ [AC-02] model save rejects post-insert evidence mutation (7.9539ms)
✔ [AC-02] query updates reject non-processing operators and evidence paths (1.8922ms)
✔ [AC-02] replace and delete query hooks reject evidence mutation (5.7401ms)
✔ [AC-32] Record Link model declares the three named indexes including partial unique job (10.8842ms)
✔ [AC-32] Record Link establishment defaults and snapshot normalize back to the Job Number (59.9947ms)
✔ [AC-23][AC-32] disputed active links remain lookup-visible and correction supersession is narrowly allowlisted (54.6477ms)
✔ [AC-32] Record Link query hooks reject replace and delete (48.8363ms)
▶ GranotReleaseDiscrepancy
  ✔ [AC-27][AC-35][AC-36] fixes Release reasons and separate indexes (2.767ms)
  ✔ [AC-27][AC-36] accepts only Release reason rows (41.958ms)
✔ GranotReleaseDiscrepancy (47.3257ms)
▶ GranotReleaseReconciliationCase model
  ✔ [AC-25][AC-36] requires deterministic Booking identity and declares the five Release indexes (45.2695ms)
  ✔ [AC-35][AC-36] strips forbidden transport fields and enforces revisions plus immutable guards (17.702ms)
✔ GranotReleaseReconciliationCase model (66.6207ms)
✔ LeadConversation unique recording index is the only unique index (2.7741ms)
✔ LeadConversation schema declares the seven contract indexes (1.3919ms)
✔ LeadConversation validates a complete seeded conversation (22.7963ms)
✔ LeadConversation rejects an invented match method (12.8472ms)
✔ LeadMessage validates normalized FormLead relationship and message snapshot (23.2188ms)
✔ LeadMessage unique SID index excludes unsent documents (0.9138ms)
✔ LeadMessage rejects unsupported lifecycle states (5.8041ms)
✔ LeadMessageRateLimit validates atomic reservation buckets (33.5804ms)
✔ RingCentral assignments enforce one active assignment per route with a supported partial index (4.4773ms)
✔ [AC-02] Decision model uses the named collection and four named indexes (12.0584ms)
✔ [AC-02] Decision defaults empty arrays and rejects invented outcomes (24.3403ms)
✔ [AC-02] Decision documents omit copied contact and payload fields (2.6763ms)
✔ [AC-28] Referral Decision preserves exact reviewed source policy without a Lead Source Scope (28.5865ms)
✔ [AC-02] Decision save and query hooks reject post-insert mutation (7.4706ms)
✔ [AC-21] all four aggregates default to nonnegative integer domain_revision 0 (65.9751ms)
✔ [AC-21] invalid revisions and one-sided last-change metadata fail validation (86.2223ms)
✔ [AC-21] __v is not the lifecycle revision contract (6.4435ms)
✔ [AC-32] genuinely new aggregates receive a server history boundary and ignore client supply (2.5556ms)
✔ [AC-32] change_history_started_at is write-once outside the migration seam (3.8582ms)
✔ [AC-32] existing public/admin DTOs cannot set lifecycle revision metadata (29.989ms)
✔ [AC-21] Booking unique normalized-Job index is named and is not a unique Lead Job index (2.4267ms)
✔ [AC-32] historical schemas remain readable and do not gain revision fields (0.4477ms)
✔ booking reconciliation cron requires CRON_SECRET (483.9777ms)
✔ booking reconciliation cron rejects wrong secret (72.627ms)
✔ Owner can read the conversation list without transcript text (657.6934ms)
✔ by-lead list does not include transcript or summary text (79.5267ms)
✔ Owner detail includes the redacted transcript (36.8685ms)
✔ audio-url writes an audit row and is Owner-only (26.2206ms)
✔ CPL correction drain requires configured cron authentication (771.479ms)
✔ CPL correction drain rejects an invalid cron secret (19.2359ms)
✔ Owner snapshot includes yesterday_by_now, company zeros, and wordpress_form (401.3709ms)
✔ Admin without Owner is 403 on every Daily Operations method (370.5593ms)
✔ missing API secret is 401 (12.1561ms)
✔ events page is newest-first and forwards cursor, lane, and limit (10.321ms)
✔ Owner live SSE emits snapshot then Redis event; lane query is ignored (14.7458ms)
✔ Owner live SSE with Last-Event-ID skips snapshot (12.9241ms)
✔ Owner rebuild returns counters-replaced, events not deleted (8.3849ms)
✔ close cron rejects missing secret header and missing CRON_SECRET (48.6758ms)
✔ [AC-33] Form and Call apply routes remain registered on the v1 surface (11.7728ms)
✔ [AC-33] Owner Form apply captures a statement and never a quoted patch (1881.4049ms)
✔ [AC-35] Admin, secret, and unauthenticated apply create no receipt (243.3303ms)
✔ [AC-02] strict Zod rejects unknown outer keys, invalid IDs, and booking action on snapshot apply (92.2604ms)
✔ [AC-33] Call enrichment accepts a bounded batch in input order and rejects duplicate operation IDs (21.2368ms)
✔ [AC-33] booked reconciliation permits only booking_action_apply (39.692ms)
✔ [AC-33] no extension apply path imports or invokes the legacy patch services (0.7101ms)
✔ [AC-35] validation errors omit raw statement values (13.488ms)
✔ Owner can list Extension Users (531.2126ms)
✔ Admin cannot list, create, PATCH, or DELETE Extension Users (87.4652ms)
✔ Owner can create an Extension User with roles (12.0438ms)
✔ Owner cannot create an Extension User with empty roles or leftover employee (26.9069ms)
✔ create rejects an invalid payload and a duplicate email (31.8616ms)
✔ Owner can PATCH and DELETE an Extension User (19.579ms)
✔ PATCH treats an empty password as omitted and requires another field (31.139ms)
✔ unknown Extension User id is 404 and invalid ObjectId is 400 (61.4534ms)
✔ Granot automation exposes the durable admin run contract (4.3665ms)
✔ Granot run schema carries immutable plan and durable control fields (28.1216ms)
✔ Granot source catalog persists exact labels and ships all requested defaults (1.8784ms)
✔ Granot source schema requires one or two unique supported workflows (23.0519ms)
✔ [AC-35] run details project lifecycle receipt IDs without raw statements or payloads (399.972ms)
✔ Granot queue contention defers to a durable continuation (103.5667ms)
✔ [AC-38] Granot CRM source update accepts create_if_missing and rejects client normalized labels (12.1796ms)
✔ [AC-38] Granot CRM source mutations require a 10-1000 character reason (4.6084ms)
✔ [AC-38] Registry projections and update schemas omit payload and contact fields (1.2125ms)
✔ Owner Granot create schema accepts one_feed intent and rejects unknown keys (3.3716ms)
✔ Owner Granot create schema rejects a short reason and raw lifecycle fields (0.9814ms)
✔ outbound SMS Owner schema no longer accepts daily_cap (1.1665ms)
✔ [AC-37] Owner requeue route returns 200 {ok:true,data} (1050.7681ms)
✔ [AC-37] Admin without Owner cannot requeue (35.9943ms)
✔ [AC-37] invalid requeue body is GRANOT_VALIDATION_FAILED (23.763ms)
✔ [AC-18] [AC-19] read list applies the exact default queue for Owner/Admin (32.0993ms)
✔ [AC-25][AC-35] read list forwards the explicit Release discriminants (95.6055ms)
✔ [AC-35] unsigned lifecycle reads are denied before projection (74.3435ms)
✔ [AC-35] strict case filters reject unknown keys with a safe 400 (102.7276ms)
✔ [AC-35] [AC-39] case detail has safe 404 and exact read envelope (162.1603ms)
✔ creating observation is Owner-only and returns the Booked statement for a booking case (32.811ms)
✔ creating observation returns the Release statement for a cancellation intake (8.445ms)
✔ [AC-35] candidate browser is Owner-only for source and all scope and performs a read (21.5891ms)
✔ [AC-40] Lead timeline validates model/ID and preserves generic missing Lead envelope (61.4795ms)
✔ [AC-20] Job timeline is readable by Admin and strictly bounds pagination (11.5259ms)
✔ [AC-35][AC-36] discrepancy list/detail are signed reads with strict filters (39.5442ms)
{"level":"info","time":"2026-09-19T03:05:25.743Z","service":"vantage-main-server","env":"development","msg":"granot_lifecycle.owner_command.applied","observability_level":"info","category":"admin","workflow":"granot_lifecycle"}
{"level":"info","time":"2026-09-19T03:05:25.786Z","service":"vantage-main-server","env":"development","msg":"granot_lifecycle.owner_command.applied","observability_level":"info","category":"admin","workflow":"granot_lifecycle"}
{"level":"info","time":"2026-09-19T03:05:25.787Z","service":"vantage-main-server","env":"development","msg":"granot_lifecycle.booking_discrepancy.resolved","observability_level":"info","category":"admin","workflow":"granot_lifecycle"}
{"level":"info","time":"2026-09-19T03:05:25.813Z","service":"vantage-main-server","env":"development","msg":"granot_lifecycle.owner_command.applied","observability_level":"info","category":"admin","workflow":"granot_lifecycle"}
{"level":"info","time":"2026-09-19T03:05:25.814Z","service":"vantage-main-server","env":"development","msg":"granot_lifecycle.booking_discrepancy.resolved","observability_level":"info","category":"admin","workflow":"granot_lifecycle"}
✔ [AC-23][AC-36] discrepancy commands are Owner-only, strict, and route-own identity (91.7729ms)
{"level":"info","time":"2026-09-19T03:05:25.831Z","service":"vantage-main-server","env":"development","msg":"granot_lifecycle.owner_command.applied","observability_level":"info","category":"admin","workflow":"granot_lifecycle"}
{"level":"info","time":"2026-09-19T03:05:25.833Z","service":"vantage-main-server","env":"development","msg":"granot_lifecycle.booking_case.resolved","observability_level":"info","category":"admin","workflow":"granot_lifecycle"}
✔ [AC-21] [AC-22] Owner confirm route requires one idempotency header and returns 201 (31.6046ms)
✔ [AC-22] Admin cannot invoke confirm Booking (11.8949ms)
{"level":"info","time":"2026-09-19T03:05:25.868Z","service":"vantage-main-server","env":"development","msg":"granot_lifecycle.owner_command.applied","observability_level":"info","category":"admin","workflow":"granot_lifecycle"}
{"level":"info","time":"2026-09-19T03:05:25.870Z","service":"vantage-main-server","env":"development","msg":"granot_lifecycle.booking_case.resolved","observability_level":"info","category":"admin","workflow":"granot_lifecycle"}
✔ [AC-21] [AC-24] Owner update route is strict, idempotent-envelope only, and returns 200 (26.6046ms)
{"level":"info","time":"2026-09-19T03:05:25.898Z","service":"vantage-main-server","env":"development","msg":"granot_lifecycle.owner_command.applied","observability_level":"info","category":"admin","workflow":"granot_lifecycle"}
{"level":"info","time":"2026-09-19T03:05:25.898Z","service":"vantage-main-server","env":"development","msg":"granot_lifecycle.booking_case.resolved","observability_level":"info","category":"admin","workflow":"granot_lifecycle"}
✔ [AC-28] Owner Referral create route accepts only revision plus official fields (35.1123ms)
{"level":"info","time":"2026-09-19T03:05:25.939Z","service":"vantage-main-server","env":"development","msg":"granot_lifecycle.owner_command.applied","observability_level":"info","category":"admin","workflow":"granot_lifecycle"}
{"level":"info","time":"2026-09-19T03:05:25.939Z","service":"vantage-main-server","env":"development","msg":"granot_lifecycle.booking_case.resolved","observability_level":"info","category":"admin","workflow":"granot_lifecycle"}
✔ [AC-20] [AC-32] Owner No Action accepts optional reason metadata and Admin is denied (19.8014ms)
{"level":"info","time":"2026-09-19T03:05:25.968Z","service":"vantage-main-server","env":"development","msg":"granot_lifecycle.owner_command.applied","observability_level":"info","category":"admin","workflow":"granot_lifecycle"}
{"level":"info","time":"2026-09-19T03:05:25.970Z","service":"vantage-main-server","env":"development","msg":"granot_lifecycle.booking_case.resolved","observability_level":"info","category":"admin","workflow":"granot_lifecycle"}
{"level":"warn","time":"2026-09-19T03:05:26.004Z","service":"vantage-main-server","env":"development","msg":"granot_lifecycle.owner_command.conflict","observability_level":"warn","category":"admin","workflow":"granot_lifecycle"}
{"level":"warn","time":"2026-09-19T03:05:26.030Z","service":"vantage-main-server","env":"development","msg":"granot_lifecycle.owner_command.conflict","observability_level":"warn","category":"admin","workflow":"granot_lifecycle"}
✔ [AC-R9] Owner booking-case confirm-cancellation succeeds and rejects create-missing posture (103.9935ms)
{"level":"info","time":"2026-09-19T03:05:26.057Z","service":"vantage-main-server","env":"development","msg":"granot_lifecycle.owner_command.applied","observability_level":"info","category":"admin","workflow":"granot_lifecycle"}
{"level":"info","time":"2026-09-19T03:05:26.057Z","service":"vantage-main-server","env":"development","msg":"granot_lifecycle.release_case.resolved","observability_level":"info","category":"admin","workflow":"granot_lifecycle"}
{"level":"info","time":"2026-09-19T03:05:26.082Z","service":"vantage-main-server","env":"development","msg":"granot_lifecycle.owner_command.applied","observability_level":"info","category":"admin","workflow":"granot_lifecycle"}
{"level":"info","time":"2026-09-19T03:05:26.083Z","service":"vantage-main-server","env":"development","msg":"granot_lifecycle.release_case.resolved","observability_level":"info","category":"admin","workflow":"granot_lifecycle"}
{"level":"info","time":"2026-09-19T03:05:26.093Z","service":"vantage-main-server","env":"development","msg":"granot_lifecycle.owner_command.applied","observability_level":"info","category":"admin","workflow":"granot_lifecycle"}
{"level":"info","time":"2026-09-19T03:05:26.094Z","service":"vantage-main-server","env":"development","msg":"granot_lifecycle.release_case.resolved","observability_level":"info","category":"admin","workflow":"granot_lifecycle"}
✔ [AC-25] [AC-32] Release Owner routes are strict, idempotent, and use exact statuses (64.3422ms)
✔ Owner can search webhook receipts; Admin cannot; unsigned is denied (26.7561ms)
✔ receipt search booking_action=release with lead_created is 400; booking_action alone implies booking_status_changed (34.8346ms)
✔ Owner can open the live webhook SSE stream; Admin cannot (27.0651ms)
✔ [AC-31][AC-35] Owner and Admin can read the health envelope without raw payload keys (12.5338ms)
✔ returns 500 when CRON_SECRET is not configured (478.7401ms)
✔ returns 401 when the secret does not match (7.9693ms)
{"level":"info","time":"2026-09-19T03:05:27.417Z","service":"vantage-main-server","env":"development","msg":"granot_lifecycle.cron.run.completed","trigger":"cron","skipped":false,"scanned":1,"claimed":1,"completed":1,"retried":0,"dead_lettered":0,"recovered":0,"lease_lost":0}
{"level":"info","time":"2026-09-19T03:05:27.419Z","service":"vantage-main-server","env":"development","msg":"granot_lifecycle.cron.run.completed","observability_level":"info","category":"cron","workflow":"granot_lifecycle"}
✔ processing-enabled cron returns a bounded summary and no payload values (31.5865ms)
✔ vercel.json registers the five-minute lifecycle drain cron (10.7153ms)
✔ [AC-01] missing configuration returns 500 and reaches neither capture nor publisher (720.5999ms)
✔ [AC-01] missing, wrong, nonscalar, and mismatched dual secrets return exact 401 and create no receipt (185.3566ms)
✔ [AC-01][AC-35] JSON body, form body, and header secrets authenticate and strip the credential before capture (183.2216ms)
✔ [AC-01] both valid secrets attach header_secret after the body is also validated (12.8629ms)
✔ [AC-02] unused Granot field additions or omissions are captured as-is and still return 202 (36.9965ms)
✔ [AC-02] capture happens before 202 and uses the invoked route class (48.69ms)
{"level":"error","time":"2026-09-19T03:05:17.375Z","service":"vantage-main-server","env":"development","msg":"granot_lifecycle.capture.failed","error_code":"technical_failure","observation_channel":"granot_webhook","route_event_class":"priority_updated"}
{"level":"error","time":"2026-09-19T03:05:17.379Z","service":"vantage-main-server","env":"development","msg":"granot_lifecycle.capture.failed","observability_level":"error","category":"mongo","workflow":"granot_lifecycle_capture"}
✔ [AC-01] capture failure returns safe 503, creates no publish, and stays distinct from queue failure (13.8847ms)
{"level":"error","time":"2026-09-19T03:05:17.400Z","service":"vantage-main-server","env":"development","msg":"granot_lifecycle.queue.publish_failed","error_code":"technical_failure","receipt_id":"rece…pt-2","observation_channel":"granot_webhook","route_event_class":"lead_created"}
✔ [AC-02] publish failure cannot change 202 or the accepted receipt (21.2976ms)
✔ Owner Job Number timeline read returns the assembler DTO (787.4519ms)
✔ Admin cannot read the owner Job Number timeline (15.4288ms)
✔ typed miss returns not_found without an event list (6.8823ms)
✔ Owner recent official booking examples return only Job Numbers (8.229ms)
{"level":"error","time":"2026-09-19T03:05:43.124Z","service":"vantage-main-server","env":"development","err":{"type":"Error","message":"mongo connection string leaked","stack":"Error: mongo connection string leaked\n    at read (C:\\Users\\Pinda\\Proyectos\\vantage\\vantage-main-server\\.git\\vantage-quality\\runs\\1789786268819-98e1193c\\workspace\\src\\routes\\job-number-timeline-admin.routes.test.ts:205:15)\n    at <anonymous> (C:\\Users\\Pinda\\Proyectos\\vantage\\vantage-main-server\\.git\\vantage-quality\\runs\\1789786268819-98e1193c\\workspace\\src\\routes\\job-number-timeline-admin.routes.ts:85:26)\n    at process.processTicksAndRejections (node:internal/process/task_queues:104:5)"},"request_id":"req-jnt-1789787143109","msg":"job-number-timeline.admin.unhandled"}
✔ unhandled timeline read failure does not echo error.message (56.1827ms)
✔ Admin cannot read recent official booking examples (122.3703ms)
✔ lead-source-setups schema rejects unknown keys and derived internals (6.2513ms)
✔ lead-source-setups schema requires a 10-1000 character reason (1.2304ms)
✔ projection query schemas reject unknown keys (1.378ms)
✔ error envelope parity uses RegistryError.toHttpBody and Zod unrecognized keys (2.3152ms)
✔ returns 500 when CRON_SECRET is not configured (257.5528ms)
✔ returns 401 when the cron secret does not match (19.1046ms)
✔ accepts the x-cron-secret header (16.4855ms)
✔ [AC-17] a disabled Call Log sync never claims the lease (14.3202ms)
✔ [AC-17] lease contention is a bounded skip, not an HTTP 500 (12.8858ms)
✔ [AC-17] a successful run returns the bounded lease/cursor summary (5.9318ms)
{"level":"error","time":"2026-09-19T03:05:43.351Z","service":"vantage-main-server","env":"development","msg":"ringcentral.cron.call_log_sync.failed","errorName":"Error"}
✔ [AC-17] a genuine failure stays safe and non-sensitive (7.1946ms)
✔ [AC-17] vercel.json schedules the Call Log sync every 30 minutes (12.2413ms)
✔ CSI-04 admin routes: Owner guard, flag-off 404, scope, validation, idempotency, error mapping; reads never call a writer (1357.1554ms)
✔ admin router is mounted in v1.routes.ts after the CSI boundary router (2.0497ms)
✔ real v1 guard + CSI boundary keeps Owner and scoped service authority separate (423.9278ms)
✔ CSI cron routes: cron auth, flag-off and lease_held skips, never a provider body (629.8757ms)
{"level":"error","time":"2026-09-19T03:05:47.824Z","service":"vantage-main-server","env":"development","msg":"sales_intelligence.cron.call_log_reconcile.failed","errorName":"Error"}
✔ CSI cron routes: a throwing service maps to a bounded 500 without provider content (60.4093ms)
✔ vercel.json registers the CSI-03 crons and the queue consumer trigger (a handler file alone is not registration) (1.3589ms)
✔ app.ts mounts the CSI cron router before the v1 guard like the other cron routers (15.9544ms)
✔ returns 500 when CRON_SECRET is not configured (131.9417ms)
✔ returns 401 when the secret does not match (15.2791ms)
✔ skips the drain (no DB work) when mode is not queued (11.7177ms)
✔ accepts a bearer token matching CRON_SECRET (10.6104ms)
✔ source label mapping create rejects unknown keys (7.7395ms)
✔ source label mapping create rejects a client-supplied normalized_label (1.3379ms)
✔ source label mapping mutations require a 10-1000 character reason (1.8887ms)
✔ label resolution preview rejects unknown keys and is read-only shape (2.2858ms)
✔ error envelope parity uses RegistryError.toHttpBody and Zod unrecognized keys (4.4818ms)
{"level":"info","time":"2026-09-19T03:05:36.709Z","service":"vantage-main-server","env":"development","msg":"tariff_adjustment.append.succeeded","actor_kind":"user","actor_role":"owner","actor_email":"owner@example.invalid","appended":2,"tab_name":"Master"}
✔ Owner can append two Tariff Adjustment rows (221.9561ms)
{"level":"info","time":"2026-09-19T03:05:36.762Z","service":"vantage-main-server","env":"development","msg":"tariff_adjustment.append.succeeded","actor_kind":"user","actor_role":"sales+customer_service","actor_email":"employee@example.invalid","appended":2,"tab_name":"Master"}
✔ Employee can append two Tariff Adjustment rows (25.537ms)
{"level":"info","time":"2026-09-19T03:05:36.777Z","service":"vantage-main-server","env":"development","msg":"tariff_adjustment.append.succeeded","actor_kind":"user","actor_role":"customer_service","actor_email":"customer_service@example.invalid","appended":2,"tab_name":"Master"}
✔ Customer Service can append two Tariff Adjustment rows (15.4766ms)
{"level":"info","time":"2026-09-19T03:05:36.786Z","service":"vantage-main-server","env":"development","msg":"tariff_adjustment.append.succeeded","actor_kind":"secret","appended":2,"tab_name":"Master"}
✔ x-api-secret actors can append two Tariff Adjustment rows (8.5566ms)
{"level":"warn","time":"2026-09-19T03:05:36.796Z","service":"vantage-main-server","env":"development","msg":"tariff_adjustment.append.failed","actor_kind":"user","actor_role":"sales+customer_service","actor_email":"employee@example.invalid","error":"[\n  {\n    \"code\": \"unrecognized_keys\",\n    \"keys\": [\n      \"job_no\"\n    ],\n    \"path\": [],\n    \"message\": \"Unrecognized key: \\\"job_no\\\"\"\n  }\n]"}
✔ rejects customer and job identifiers (10.3752ms)
{"level":"info","time":"2026-09-19T03:05:36.805Z","service":"vantage-main-server","env":"development","msg":"tariff_adjustment.append.succeeded","actor_kind":"user","actor_role":"owner","actor_email":"owner@example.invalid","appended":2,"tab_name":"Master"}
✔ stamps today's date when effective_date is omitted (7.0359ms)
{"level":"info","time":"2026-09-19T03:05:36.812Z","service":"vantage-main-server","env":"development","msg":"tariff_adjustment.append.succeeded","actor_kind":"user","actor_role":"owner","actor_email":"owner@example.invalid","appended":1,"tab_name":"Master"}
✔ Owner can append a Linehaul-only payload (13.2693ms)
{"level":"info","time":"2026-09-19T03:05:36.837Z","service":"vantage-main-server","env":"development","msg":"tariff_adjustment.append.succeeded","actor_kind":"user","actor_role":"owner","actor_email":"owner@example.invalid","appended":2,"tab_name":"Master"}
✔ Owner can append Linehaul plus an owner-written service (28.9515ms)
{"level":"info","time":"2026-09-19T03:05:36.866Z","service":"vantage-main-server","env":"development","msg":"tariff_adjustment.append.succeeded","actor_kind":"user","actor_role":"owner","actor_email":"owner@example.invalid","appended":3,"tab_name":"Master"}
✔ Owner can append three matching rows (22.6724ms)
{"level":"warn","time":"2026-09-19T03:05:36.893Z","service":"vantage-main-server","env":"development","msg":"tariff_adjustment.append.failed","actor_kind":"user","actor_role":"owner","actor_email":"owner@example.invalid","error":"[\n  {\n    \"origin\": \"array\",\n    \"code\": \"too_small\",\n    \"minimum\": 1,\n    \"inclusive\": true,\n    \"path\": [\n      \"rows\"\n    ],\n    \"message\": \"Too small: expected array to have >=1 items\"\n  },\n  {\n    \"code\": \"custom\",\n    \"path\": [\n      \"rows\"\n    ],\n    \"message\": \"rows must include at least one Linehaul\"\n  }\n]"}
✔ rejects an empty rows array (33.2388ms)
{"level":"warn","time":"2026-09-19T03:05:36.918Z","service":"vantage-main-server","env":"development","msg":"tariff_adjustment.append.failed","actor_kind":"user","actor_role":"owner","actor_email":"owner@example.invalid","error":"[\n  {\n    \"code\": \"custom\",\n    \"path\": [\n      \"rows\"\n    ],\n    \"message\": \"rows must include at least one Linehaul\"\n  }\n]"}
✔ rejects a payload with no Linehaul row (17.6183ms)
{"level":"warn","time":"2026-09-19T03:05:36.933Z","service":"vantage-main-server","env":"development","msg":"tariff_adjustment.append.failed","actor_kind":"user","actor_role":"owner","actor_email":"owner@example.invalid","error":"[\n  {\n    \"code\": \"custom\",\n    \"path\": [\n      \"rows\"\n    ],\n    \"message\": \"pickup_zone must be identical on all Tariff Adjustment rows\"\n  }\n]"}
✔ rejects three rows with a mismatched pickup_zone (10.4358ms)
✔ Operations Registry entities expose complete lifecycle CRUD surfaces (5.1027ms)
✔ GET /api/v1/admin/agents is browse only — catalog list is /catalog/agents (0.709ms)
✔ admin analytics receiver-agent reports have GET routes (1.4602ms)
✔ Owner Extension User routes are registered (1.1016ms)
✔ Owner conversation read routes are registered (0.6452ms)
✔ employee booking reconciliation routes are registered (0.3941ms)
✔ Tariff Adjustment Submit route is registered (0.5424ms)
✔ Granot form-lead resolution route is registered before the id route (0.7788ms)
✔ Granot sync expected filter enforces fill-only and empty receiver fields (3.2641ms)
✔ Lead Source projection and setup routes are registered next to overview (4.3399ms)
✔ legacy CPL rates remain read-only after temporal schedule cutover (0.6104ms)
✔ temporal CPL schedule and correction routes are registered (0.4713ms)
✔ admin browse builds filters, pagination, sorting, and response shape (33.6795ms)
✔ admin form lead browse q includes snapshot contact paths (3.1958ms)
✔ admin form lead browse name email and phone include snapshot paths (3.7742ms)
✔ admin duplicate form lead browse uses the same contact paths (1.9661ms)
✔ admin form lead browse excludes duplicates by default (1.8551ms)
✔ admin form lead browse filters past move dates relative to timestamp (1.7913ms)
✔ admin form lead browse can invert the past move date filter (1.7587ms)
✔ admin form lead browse filters receiver agent by ObjectId equality (7.8492ms)
✔ admin form lead browse matches source_granularity_key exactly and does not substring-match source_company (5.519ms)
✔ admin form lead browse still accepts source_company as bookmark compatibility (1.8899ms)
✔ admin booked lead browse filters source company slugs on the source field (2.1049ms)
✔ admin booked lead browse resolves legacy source company labels onto source (1.2614ms)
✔ admin booked lead browse filters leadless bookings (1.1591ms)
✔ admin agents browse returns metrics for list rows (3.4927ms)
✔ admin agents browse applies date range to booked lead metrics (4.3494ms)
✔ admin agents browse matches catalog names case-insensitively (1.4609ms)
✔ admin agents browse matches allocations on normalized_name when display name differs (0.8517ms)
✔ admin agents browse returns zero metric fields for agents without bookings (1.3633ms)
✔ admin form lead browse can filter to duplicates only (0.9797ms)
✔ admin call lead browse q and phone include snapshot contact paths (2.3793ms)
✔ admin call lead browse Manual attach filters (name/email/phone without q) include snapshot paths (2.5551ms)
✔ admin call lead browse excludes duplicates by default (1.8586ms)
✔ admin call lead browse can filter to duplicates only (1.0336ms)
✔ admin form lead browse no_sync true is exact true, not presence (1.1226ms)
✔ admin form lead browse no_sync false uses $ne true so missing-field rows count (1.0872ms)
✔ admin form lead browse omit does not mention no_sync (0.716ms)
✔ admin call lead browse no_sync true is exact true, not presence (0.6769ms)
✔ admin call lead browse no_sync false uses $ne true so missing-field rows count (0.9702ms)
✔ admin call lead browse omit does not mention no_sync (0.7278ms)
✔ admin detail lookup returns normalized production record (1.7882ms)
✔ admin agent detail returns metrics consistent with browse enrichment (3.1025ms)
✔ admin historical browse uses historical models and remains read-only (1.1967ms)
✔ global admin search form leads include Granot snapshot contact paths (3.7694ms)
✔ global admin search returns grouped results (1.4924ms)
✔ admin agents export includes booking metric columns (2.6371ms)
✔ admin CSV export uses browse rows and escapes CSV body (2.0574ms)
✔ csv helper emits text/csv-compatible header and rows (0.4777ms)
✔ getAdminFacets production builds a structured catalog from first-class collections (9.9121ms)
✔ getAdminFacets historical builds distinct rows and overlays production identity (5.7124ms)
✔ getAdminFacets historical empty granularity distincts do not fail (6.9879ms)
✔ getAdminFacets combined keeps registry owner_label and historical-only extras (5.7907ms)
✔ registry facets invalidation evicts the production and historical catalog caches (3.9244ms)
✔ getSheetSyncHealth aggregates job counts and derives backlog age (5.1679ms)
✔ listSheetSyncJobs builds a filtered, paginated query (2.9097ms)
✔ retrySheetSyncJobs re-queues failed jobs by default and reports the count (3.1347ms)
✔ retrySheetSyncJobs starts an admin drain instead of publishing a queue wake-up (1.0966ms)
✔ retrySheetSyncJobs is a no-op when nothing matches (0.7955ms)
✔ agent browse metrics match keys are lowercased strings, not regexes (51.4359ms)
✔ agent browse metrics count distinct bookings and take this agent's binder share (2.2123ms)
✔ agent browse metrics date range filters book_date and skips Agent createdAt (5.949ms)
✔ agent browse metrics omit a date match when from/to are absent (5.0445ms)
✔ lookupAgentBrowseMetrics uses name or normalized_name and returns zeros when unmatched (7.7525ms)
✔ even Binder split uses integer cents and gives the leftover cent to the primary Agent (6.8224ms)
✔ Best Relocation allocation resolves an existing inactive agent (5.0177ms)
✔ primary booking allocation becomes Best Relocation receiver attribution (1.0204ms)
✔ primary booking allocation does not replace existing receiver attribution (0.6184ms)
✔ automatic CRM username receiver matching excludes inactive Agents (4.1701ms)
✔ findAgentByGranotCrmUsername prefers embedded granot_identity username (5.4322ms)
✔ findAgentByGranotCrmUsername never reads the retained flat compatibility field (0.7443ms)
✔ CRM username receiver match never overwrites an existing receiver (0.7221ms)
✔ analytics validation accepts report filters and rejects invalid report names (8.5751ms)
✔ sourceGranularityMatch filters derived key only and wins over source_company (4.9325ms)
✔ analytics booked lead filters start with a leading date match (1.2927ms)
✔ booked lead source attribution falls back to the employee source snapshot (1.9142ms)
✔ leadMatch matches historical slug options and channel-scoped company slugs (6.3445ms)
✔ combined source analytics merge by stable text dimension instead of ids (46.0227ms)
✔ combined revenue trend merges rows by date period (7.2374ms)
✔ combined source analytics merge parent metrics and keep company-only extras as leaves (10.9904ms)
✔ combined receiver-agent analytics merge production rows and keep historical warning metadata (9.1074ms)
✔ combined SMS conversion merge keeps production rows and historical warning metadata (0.9134ms)
✔ analytics CSV export uses the selected report rows (14.1164ms)
✔ source hierarchy CSV rows emit leaves or a childless company, never both (0.7045ms)
✔ combined hierarchy CSV does not duplicate its production contribution (0.5132ms)
✔ lead cost excludes duplicate form leads and unmatched call leads (14.3299ms)
✔ overviewQuerySchema accepts database_scope (12.4578ms)
✔ rollingLast7DaysWindow spans seven days ending now (0.6796ms)
✔ mergeOverviewAllTime merges combined totals and clears production-only lead cost (2.5526ms)
✔ mergeOverviewAllTime keeps lead cost for production scope (0.9918ms)
✔ mergeOverviewAllTime clears lead cost for historical scope (0.266ms)
✔ receiver-agent analytics use persisted CPL without rate-period status (9.7515ms)
✔ SMS booked rate uses successfully texted Leads as the denominator (4.1112ms)
✔ an empty texted-lead cohort is a zero rate, not missing data (0.808ms)
✔ historical scope does not read Lead Messages (4.4678ms)
✔ production SMS conversion matches successful statuses and official booked refs (12.6272ms)
✔ source hierarchy uses registry labels and rolls additive child metrics (7.3395ms)
✔ source hierarchy retains unknown granularity in parent totals (0.7622ms)
✔ source hierarchy folds normalized company and granularity collisions (0.7356ms)
✔ nestSourceCompanyRows seeds catalog children including zeros (2.191ms)
✔ company-only source rows use domain labels and never create children (0.7393ms)
✔ historical source performance stays company-only without registry data (20.0948ms)
✔ historical funnel recomputes company rates and has no children (3.8689ms)
✔ normalizes observed sheet move sizes into the model enum (3.0951ms)
✔ restores leading zeroes dropped from formatted ZIP cells (0.634ms)
✔ decodes Google Sheets serial timestamps as owner-facing UTC components (1.138ms)
✔ call parser accepts a combined Google Sheets serial timestamp (1.4744ms)
✔ parsers preserve source-row provenance and skip formula sentinels (5.2017ms)
✔ duplicate booking jobs collapse into split allocations without doubling deposit (7.3485ms)
✔ plan orders leads, attached booking, and cancellation with response bindings (11.1384ms)
✔ refund discovery keeps contradictory LID evidence below auto-cancel threshold (8.8586ms)
✔ live apply refuses to send the secret to an unpinned host (1.9376ms)
✔ booking preflight uses filtered admin lookup and skips an existing job (5.6231ms)
✔ call preflight recognizes the route's bare-array response (2.41ms)
✔ unique Tracking Reference adopts the existing Form Lead and does not create (8.557ms)
✔ two Form Leads sharing a Tracking Reference become an ambiguous conflict (0.9027ms)
✔ phone + name + same New York day adopts when Tracking Reference misses (8.1718ms)
✔ two phone + name + date Form Leads conflict instead of creating (2.8614ms)
✔ no identity and no phone-name-date match stays a create (0.8982ms)
✔ pre-cutoff Form Leads are ignored by phone-name-date adoption (0.6085ms)
✔ canonical adoption remaps remaining creates and leaves receipt outcomes alone (2.5364ms)
✔ Best Relocation import capability requires the Best Relocation source (3.2039ms)
✔ ordinary booking requests do not receive import capability (0.7022ms)
✔ Best Relocation call lookup is source-scoped before mutation (2.1745ms)
✔ Form Lead + id attaches with booking_origin owner_booking and no case (6.2033ms)
✔ Owner Call Lead unique job attaches with booking_origin owner_booking (1.6538ms)
✔ Owner Call Lead with no Call Lead row is pending owner_booking no_match (6.6493ms)
✔ Owner Call Lead with two job matches is pending multiple_matches, not a 409 (0.5526ms)
✔ Best Relocation import Call Lead still uses the from-source resolver (5.3709ms)
✔ letter prefixes are equivalent to the same Granot digit core (3.5652ms)
✔ equivalent job filter matches exact, core, and letter-prefixed variants (1.9787ms)
✔ equivalent snapshot filter remaps to the indexed cancellation snapshot field (0.6008ms)
✔ atomic employee Lead claim does not rewrite the existing CPL (6.2388ms)
✔ concurrent booking claims allow only one booking to claim a lead (43.9023ms)
✔ reconciliation mirror can preserve Lead source CPL (3.8002ms)
✔ import Call Lead resolver still 409s when two Call Leads share a job (5.1755ms)
✔ Owner leadless create opens owner_booking case and sets booking_origin (121.5316ms)
✔ Best Relocation import leadless keeps external_sheet_ingestion and no booking_origin (43.7619ms)
✔ owner snapshot uses Call phone or customer phone, else not provided (4.6515ms)
✔ evaluateOwnerCallLeadMatch links a unique Call Lead Job Number (6.1293ms)
✔ evaluateOwnerCallLeadMatch is pending multiple_matches for two Call Leads with the same job (0.905ms)
✔ evaluateOwnerCallLeadMatch is pending no_match when no Call Lead has the job (0.5798ms)
✔ evaluateOwnerCallLeadMatch does not attach on phone of a different Call Lead (1.3091ms)
✔ Owner pending case snapshot fills spec §4.6 fields and origin owner_booking (4.6402ms)
✔ Referral Booking create does not open a Booking Lead Reconciliation Case (2.062ms)
✔ cancellation snapshots stamp four fields from a surviving Booking (3.4488ms)
✔ cancellation snapshots normalize job_no when Booking normalized field is missing (1.5267ms)
✔ cancellation snapshots stay null without a recoverable Booking job (0.4901ms)
✔ cancellation snapshots refuse silent inference from contact-shaped fields (0.3758ms)
✔ create-path stamp keeps ObjectId lead ref (0.8695ms)
✔ getBookedLeadForCancellation allows explicitly authorized imported leadless booking (63.7681ms)
✔ CancelledLead validates an unresolved employee Booking without Lead metadata (19.9075ms)
✔ active catalog list excludes inactive rows by default (5.8202ms)
✔ agent resolution rejects inactive or unknown names (2.0953ms)
✔ agent resolution can include an existing inactive agent (0.9645ms)
✔ merchant resolution returns canonical display name (0.8722ms)
✔ list projection keeps cost cents and does not treat them as leaked summary text (7.7785ms)
✔ list projection still rejects a top-level transcript or summary field (2.8403ms)
✔ redactTranscript redacts a Luhn-valid card spoken as digit groups plus CVV, expiry, SSN, and routing (4.0176ms)
✔ redactTranscript does not redact a job number, spoken phone, or cubic-feet figure (0.4439ms)
✔ an unvalidated 16-digit sequence that fails Luhn is left alone (0.3311ms)
✔ spoken digit runs of seven or more are redacted without changing existing payment rules (0.5438ms)
✔ parseConversationArtifact splits summary and transcript (4.9228ms)
✔ buildSeededTranscript redacts before the text is stored (1.8132ms)
✔ hasCrmMismatch is true only when the section contradicts CRM (0.5883ms)
✔ Gateway adapter sends configured model, makes one call, keeps timing optional and never logs warnings (4217.4046ms)
✔ Gateway errors do not expose provider bodies and do not internally retry (73.706ms)
✔ Blob bytes/digest validated and missing billing never becomes estimated actual cost (1.0119ms)
{"level":"info","time":"2026-09-19T03:06:16.089Z","service":"vantage-main-server","env":"development","msg":"operations_registry.compatibility_read","observability_level":"info","category":"admin","workflow":"operations_registry"}
✔ listCplRates seeds any missing slots and returns all 14 rates (21.5572ms)
{"level":"info","time":"2026-09-19T03:06:10.927Z","service":"vantage-main-server","env":"development","msg":"crm.form_lead.submit.started","leadId":"6aadfc229e17c53136784172","endpoint":"https://lead.hellomoving.com/LEADSGWHTTP.lidgw?&API_ID=[redacted]&MOVERREF=[redacted]","payload":{"label":"Main Site Forms","firstname":"J***","lastname":"C***","ozip":"sha256:ce6d2151873f","dzip":"sha256:9a1f53dc5d98","email":"j***@example.com","phone1":"***2222","movesize":"2 Bedrooms","movedte":"5/28/2026","notes":"sha256:81da1dce6ae7","leadno":"sha256:7b6d8986d052"}}
✔ submitFormLeadToCrm POSTs to the Granot lead gateway with the urlencoded payload (36.2137ms)
✔ submitFormLeadToCrm reports ok=true with the response body and payload on HTTP 200 (3.9459ms)
✔ submitFormLeadToCrm reports ok=false with response body on HTTP error (4.7535ms)
✔ submitFormLeadToCrm catches network errors and returns ok=false with status 0 and an error message (6.6709ms)
✔ submitFormLeadToCrm forwards companyLabel as the Granot label (2.977ms)
{"level":"info","time":"2026-09-19T03:06:10.929Z","service":"vantage-main-server","env":"development","msg":"crm.form_lead.submit.started","observability_level":"info","category":"crm","workflow":"crm_submit","source_company":"not_provided","entity_id":"6aadfc229e17c53136784172"}
{"level":"info","time":"2026-09-19T03:06:10.944Z","service":"vantage-main-server","env":"development","msg":"crm.form_lead.submit.completed","leadId":"6aadfc229e17c53136784172","endpoint":"https://lead.hellomoving.com/LEADSGWHTTP.lidgw?&API_ID=[redacted]&MOVERREF=[redacted]","status":200,"responseText":"OK"}
{"level":"info","time":"2026-09-19T03:06:10.944Z","service":"vantage-main-server","env":"development","msg":"crm.form_lead.submit.completed","observability_level":"info","category":"crm","workflow":"crm_submit","source_company":"not_provided","entity_id":"6aadfc229e17c53136784172"}
{"level":"info","time":"2026-09-19T03:06:10.950Z","service":"vantage-main-server","env":"development","msg":"crm.form_lead.submit.started","leadId":"6aadfc229e17c53136784173","endpoint":"https://lead.hellomoving.com/LEADSGWHTTP.lidgw?&API_ID=[redacted]&MOVERREF=[redacted]","payload":{"label":"Main Site Forms","firstname":"J***","lastname":"C***","ozip":"sha256:ce6d2151873f","dzip":"sha256:9a1f53dc5d98","email":"j***@example.com","phone1":"***2222","movesize":"2 Bedrooms","movedte":"5/28/2026","notes":"sha256:81da1dce6ae7","leadno":"sha256:7b6d8986d052"}}
{"level":"info","time":"2026-09-19T03:06:10.951Z","service":"vantage-main-server","env":"development","msg":"crm.form_lead.submit.started","observability_level":"info","category":"crm","workflow":"crm_submit","source_company":"not_provided","entity_id":"6aadfc229e17c53136784173"}
{"level":"info","time":"2026-09-19T03:06:10.952Z","service":"vantage-main-server","env":"development","msg":"crm.form_lead.submit.completed","leadId":"6aadfc229e17c53136784173","endpoint":"https://lead.hellomoving.com/LEADSGWHTTP.lidgw?&API_ID=[redacted]&MOVERREF=[redacted]","status":200,"responseText":"Granot accepted lead 42"}
{"level":"info","time":"2026-09-19T03:06:10.952Z","service":"vantage-main-server","env":"development","msg":"crm.form_lead.submit.completed","observability_level":"info","category":"crm","workflow":"crm_submit","source_company":"not_provided","entity_id":"6aadfc229e17c53136784173"}
{"level":"info","time":"2026-09-19T03:06:10.954Z","service":"vantage-main-server","env":"development","msg":"crm.form_lead.submit.started","leadId":"6aadfc229e17c53136784174","endpoint":"https://lead.hellomoving.com/LEADSGWHTTP.lidgw?&API_ID=[redacted]&MOVERREF=[redacted]","payload":{"label":"Main Site Forms","firstname":"J***","lastname":"C***","ozip":"sha256:ce6d2151873f","dzip":"sha256:9a1f53dc5d98","email":"j***@example.com","phone1":"***2222","movesize":"2 Bedrooms","movedte":"5/28/2026","notes":"sha256:81da1dce6ae7","leadno":"sha256:7b6d8986d052"}}
{"level":"info","time":"2026-09-19T03:06:10.954Z","service":"vantage-main-server","env":"development","msg":"crm.form_lead.submit.started","observability_level":"info","category":"crm","workflow":"crm_submit","source_company":"not_provided","entity_id":"6aadfc229e17c53136784174"}
{"level":"info","time":"2026-09-19T03:06:10.955Z","service":"vantage-main-server","env":"development","msg":"crm.form_lead.submit.http_error","leadId":"6aadfc229e17c53136784174","endpoint":"https://lead.hellomoving.com/LEADSGWHTTP.lidgw?&API_ID=[redacted]&MOVERREF=[redacted]","status":400,"responseText":"bad request"}
{"level":"error","time":"2026-09-19T03:06:10.955Z","service":"vantage-main-server","env":"development","msg":"crm.form_lead.submit.http_error","observability_level":"error","category":"crm","workflow":"crm_submit","source_company":"not_provided","entity_id":"6aadfc229e17c53136784174"}
{"level":"info","time":"2026-09-19T03:06:10.959Z","service":"vantage-main-server","env":"development","msg":"crm.form_lead.submit.started","leadId":"6aadfc229e17c53136784175","endpoint":"https://lead.hellomoving.com/LEADSGWHTTP.lidgw?&API_ID=[redacted]&MOVERREF=[redacted]","payload":{"label":"Main Site Forms","firstname":"J***","lastname":"C***","ozip":"sha256:ce6d2151873f","dzip":"sha256:9a1f53dc5d98","email":"j***@example.com","phone1":"***2222","movesize":"2 Bedrooms","movedte":"5/28/2026","notes":"sha256:81da1dce6ae7","leadno":"sha256:7b6d8986d052"}}
{"level":"info","time":"2026-09-19T03:06:10.959Z","service":"vantage-main-server","env":"development","msg":"crm.form_lead.submit.started","observability_level":"info","category":"crm","workflow":"crm_submit","source_company":"not_provided","entity_id":"6aadfc229e17c53136784175"}
{"level":"error","time":"2026-09-19T03:06:10.959Z","service":"vantage-main-server","env":"development","err":{"type":"Error","message":"ECONNRESET","stack":"Error: ECONNRESET\n    at <anonymous> (C:\\Users\\Pinda\\Proyectos\\vantage\\vantage-main-server\\.git\\vantage-quality\\runs\\1789786268819-98e1193c\\workspace\\src\\services\\crm\\crm.service.test.ts:126:11)\n    at globalThis.fetch (C:\\Users\\Pinda\\Proyectos\\vantage\\vantage-main-server\\.git\\vantage-quality\\runs\\1789786268819-98e1193c\\workspace\\src\\services\\crm\\crm.service.test.ts:43:12)\n    at submitFormLeadToCrm (C:\\Users\\Pinda\\Proyectos\\vantage\\vantage-main-server\\.git\\vantage-quality\\runs\\1789786268819-98e1193c\\workspace\\src\\services\\crm\\crm.service.ts:74:28)\n    at async TestContext.<anonymous> (C:\\Users\\Pinda\\Proyectos\\vantage\\vantage-main-server\\.git\\vantage-quality\\runs\\1789786268819-98e1193c\\workspace\\src\\services\\crm\\crm.service.test.ts:129:18)\n    at async Test.run (node:internal/test_runner/test:1332:7)\n    at async Test.processPendingSubtests (node:internal/test_runner/test:911:7)"},"msg":"crm.form_lead.submit.failed","leadId":"6aadfc229e17c53136784175","endpoint":"https://lead.hellomoving.com/LEADSGWHTTP.lidgw?&API_ID=[redacted]&MOVERREF=[redacted]","msg":"CRM form lead submission failed"}
{"level":"error","time":"2026-09-19T03:06:10.963Z","service":"vantage-main-server","env":"development","msg":"crm.form_lead.submit.failed","observability_level":"error","category":"crm","workflow":"crm_submit","source_company":"not_provided","entity_id":"6aadfc229e17c53136784175"}
{"level":"info","time":"2026-09-19T03:06:10.966Z","service":"vantage-main-server","env":"development","msg":"crm.form_lead.submit.started","leadId":"6aadfc229e17c53136784176","endpoint":"https://lead.hellomoving.com/LEADSGWHTTP.lidgw?&API_ID=[redacted]&MOVERREF=[redacted]","payload":{"label":"BestRelocation","firstname":"J***","lastname":"C***","ozip":"sha256:ce6d2151873f","dzip":"sha256:9a1f53dc5d98","email":"j***@example.com","phone1":"***2222","movesize":"2 Bedrooms","movedte":"5/28/2026","notes":"sha256:81da1dce6ae7","leadno":"sha256:7b6d8986d052"}}
{"level":"info","time":"2026-09-19T03:06:10.966Z","service":"vantage-main-server","env":"development","msg":"crm.form_lead.submit.started","observability_level":"info","category":"crm","workflow":"crm_submit","source_company":"not_provided","entity_id":"6aadfc229e17c53136784176"}
{"level":"info","time":"2026-09-19T03:06:10.967Z","service":"vantage-main-server","env":"development","msg":"crm.form_lead.submit.completed","leadId":"6aadfc229e17c53136784176","endpoint":"https://lead.hellomoving.com/LEADSGWHTTP.lidgw?&API_ID=[redacted]&MOVERREF=[redacted]","status":200,"responseText":"OK"}
{"level":"info","time":"2026-09-19T03:06:10.967Z","service":"vantage-main-server","env":"development","msg":"crm.form_lead.submit.completed","observability_level":"info","category":"crm","workflow":"crm_submit","source_company":"not_provided","entity_id":"6aadfc229e17c53136784176"}
✔ CRM env var name constants are stable and match what is read at module load (1.7992ms)
✔ CRM_FORM_LEAD_ENDPOINT is the Granot lead gateway URL with API_ID and MOVERREF params (0.8163ms)
✔ crmEndpointForLog redacts API_ID and MOVERREF values from the endpoint URL (0.5847ms)
✔ crmEndpointForLog defaults to the module-loaded CRM_FORM_LEAD_ENDPOINT and never leaks credentials (1.7307ms)
✔ splitNameForCrm returns empty firstname and lastname for blank input (4.2336ms)
✔ splitNameForCrm duplicates a single token into firstname and lastname (0.6351ms)
✔ splitNameForCrm takes the first and last token for multi-word names (0.4297ms)
✔ formatCrmMoveDate preserves the UTC calendar date as unpadded M/D/YYYY (0.5072ms)
✔ buildCrmFormLeadPayload defaults label to CRM_FORM_LEAD_LABEL when blank (13.3751ms)
✔ [AC-03] buildCrmFormLeadPayload uses the provider ref_no as Granot leadno (1.1875ms)
✔ [AC-03] Form Job Number parity does not reinterpret ref_no as CRM leadno (1.2157ms)
✔ [AC-03] buildCrmFormLeadPayload carries lid in notes without using it for identity (1.1331ms)
✔ [AC-03] buildCrmFormLeadPayload leaves leadno blank for the not-provided sentinel (0.9454ms)
✔ buildCrmFormLeadPayload maps lead fields onto the Granot wire shape (23.2833ms)
✔ [AC-08] CRM payload does not invent an absent trusted Granot move date (1.6013ms)
✔ summarizeCrmPayloadForLog masks PII and fingerprints identifiers and locations (2.4307ms)
✔ summarizeCrmPayloadForLog handles blank PII fields without throwing (1.9135ms)
✔ upsertCustomerFromBookingContact matches by phone when provided (5.853ms)
✔ upsertCustomerFromBookingContact falls back to lead phone when customer phone is blank (0.6943ms)
✔ upsertCustomerFromBookingContact matches by normalized name when phone is absent (0.6921ms)
✔ upsertCustomerFromLead allows name-only leads (0.9166ms)
✔ close sets yesterday status closed when it is still open (4.1885ms)
✔ close is a no-op when yesterday is already closed (0.6519ms)
✔ close also seals older open days, not only yesterday (0.4902ms)
✔ 2026-06-01T03:00:00.000Z maps to the NY day 2026-05-31 (2.1273ms)
✔ first day seed has 24 hourly buckets and known Source Company slugs (2.5936ms)
✔ metric_touches expand hourly.* onto the NY hour and always bump revision (0.5183ms)
✔ already-expanded hourly paths stay as written (0.363ms)
✔ dotted increments apply onto a seeded day including hourly buckets (0.7761ms)
✔ previousEasternDayKey walks the NY calendar, not UTC midnight (0.6954ms)
✔ florida timestamp bounds are UTC wall-clock of the day key (0.8071ms)
✔ eastern instant bounds start at NY midnight, not UTC midnight (0.9092ms)
✔ sumHourlyThrough is pace 0..currentNyHour, not the full day (0.6188ms)
✔ first open emits snapshot then tails Redis envelopes as event plus metrics (5.3269ms)
✔ valid Last-Event-ID skips snapshot and continues from the cursor (2.389ms)
✔ invalid Last-Event-ID is treated as first open and emits snapshot (1.7873ms)
✔ missing Redis uses Mongo tail oldest-after-cursor and still emits facts (1.435ms)
✔ a burst of facts in one wake keeps every touch in the metrics frame (3.8663ms)
✔ Redis throw degrades to Mongo tail for that loop (1.9702ms)
✔ replica-lag skip retries the same Redis id and does not drop the event (2.3961ms)
✔ lane query is ignored — one socket emits every Daily Operations Event (2.6161ms)
✔ heartbeat fires after 15s idle and has no id (1.6225ms)
✔ parseDailyOperationsXread reads object and flat-array field shapes (1.1753ms)
✔ test runner never constructs an Upstash client for the live isolate (0.471ms)
✔ rebuild of an open day replaces counters and never deletes events (19.3656ms)
✔ rebuild refuses a closed day and leaves counters and events alone (1.9317ms)
✔ rebuild of a missing open day still writes seeded counters (0.8895ms)
✔ rebuild rejects a deleteEvents hook so events stay append-only (1.5901ms)
{"level":"warn","time":"2026-09-19T03:06:07.150Z","service":"vantage-main-server","env":"development","msg":"daily_operations.redis.xadd_failed","kind":"form_lead.created","day":"2026-05-31","err":{"type":"Error","message":"upstash unavailable","stack":"Error: upstash unavailable\n    at Object.xadd (C:\\Users\\Pinda\\Proyectos\\vantage\\vantage-main-server\\.git\\vantage-quality\\runs\\1789786268819-98e1193c\\workspace\\src\\services\\dailyOperations\\recordDailyOperationsFact.test.ts:254:15)\n    at publishRedisDoorbell (C:\\Users\\Pinda\\Proyectos\\vantage\\vantage-main-server\\.git\\vantage-quality\\runs\\1789786268819-98e1193c\\workspace\\src\\services\\dailyOperations\\recordDailyOperationsFact.ts:200:34)\n    at recordDailyOperationsFact (C:\\Users\\Pinda\\Proyectos\\vantage\\vantage-main-server\\.git\\vantage-quality\\runs\\1789786268819-98e1193c\\workspace\\src\\services\\dailyOperations\\recordDailyOperationsFact.ts:307:11)\n    at async TestContext.<anonymous> (C:\\Users\\Pinda\\Proyectos\\vantage\\vantage-main-server\\.git\\vantage-quality\\runs\\1789786268819-98e1193c\\workspace\\src\\services\\dailyOperations\\recordDailyOperationsFact.test.ts:249:18)\n    at async Test.run (node:internal/test_runner/test:1332:7)\n    at async Test.processPendingSubtests (node:internal/test_runner/test:911:7)"}}
✔ unique dedupe_key insert increments the named metric_touches (22.4ms)
✔ duplicate dedupe_key is a no-op: no second increment and no XADD (3.7867ms)
✔ closed day skips increment and records empty metric_touches (3.5873ms)
✔ missing Redis client still persists the event and day increment (1.5721ms)
✔ test runner never constructs a publish that would call Upstash (1.9933ms)
✔ Redis XADD failure is swallowed and does not fail the fact (29.0433ms)
✔ successful XADD stores redis_stream_id and only envelope fields (6.5337ms)
✔ writer never throws when stores fail (4.9985ms)
✔ test sink captures when stores are not injected (0.8807ms)
✔ granot.minted increments decisions only and sheet sync increments only its own panel counter (20.8237ms)
{"level":"error","time":"2026-09-19T03:06:07.183Z","service":"vantage-main-server","env":"development","msg":"daily_operations.record_fact_failed","kind":"form_lead.created","err":{"type":"Error","message":"mongo down","stack":"Error: mongo down\n    at Object.insertEvent (C:\\Users\\Pinda\\Proyectos\\vantage\\vantage-main-server\\.git\\vantage-quality\\runs\\1789786268819-98e1193c\\workspace\\src\\services\\dailyOperations\\recordDailyOperationsFact.test.ts:326:15)\n    at recordDailyOperationsFact (C:\\Users\\Pinda\\Proyectos\\vantage\\vantage-main-server\\.git\\vantage-quality\\runs\\1789786268819-98e1193c\\workspace\\src\\services\\dailyOperations\\recordDailyOperationsFact.ts:261:35)\n    at TestContext.<anonymous> (C:\\Users\\Pinda\\Proyectos\\vantage\\vantage-main-server\\.git\\vantage-quality\\runs\\1789786268819-98e1193c\\workspace\\src\\services\\dailyOperations\\recordDailyOperationsFact.test.ts:323:24)\n    at Test.runInAsyncScope (node:async_hooks:227:14)\n    at Test.run (node:internal/test_runner/test:1325:25)\n    at Test.processPendingSubtests (node:internal/test_runner/test:911:18)\n    at Test.postRun (node:internal/test_runner/test:1465:19)\n    at Test.run (node:internal/test_runner/test:1390:12)\n    at async Test.processPendingSubtests (node:internal/test_runner/test:911:7)"}}
{"level":"info","time":"2026-09-19T03:06:22.175Z","service":"vantage-main-server","env":"development","msg":"call_lead.create.sheet_sync.disabled","resource":"source_lead","leadModel":"CallLead","leadId":"507f1f77bcf86cd799439011"}
✔ Form create increments leads.form + origin + company once (8.419ms)
✔ Duplicate Form increments leads.duplicate_form only (1.4223ms)
✔ reused WordPress lead does not call the writer (0.6361ms)
✔ zip 33101 + state not_found counts the Lead and records exception.zip_missing (1.6214ms)
✔ Call unmatched increments leads.unmatched_call only (1.3747ms)
✔ Call zip present + blank state is a zip miss and still counts the Lead (1.6186ms)
✔ quiet hours at 02:14 ET record text.deferred with 8:00 AM send_at and no messages.successful (2.2374ms)
✔ 07:00 ET send records text.sent only (1.8623ms)
✔ first sent/delivered after deferred records text.sent once (6.143ms)
✔ status callback terminal fail records text.failed (4.2535ms)
✔ unapplied status callback does not call the writer (0.6375ms)
✔ dispatchOrQueue skipped path records text.skipped (10.0263ms)
✔ completeCallLeadIngestion records call_lead.created once via the sink (11.5688ms)
✔ CRM HTTP fail records exception.crm_failed (13.0721ms)
✔ RingCentral adoption conflict records exception.adoption_conflict and not a Call Lead create (3.2239ms)
✔ duplicate booking submission helper is not used — skip is kind duplicate at finalize (1.0506ms)
✔ employee pending booking increments employee_pending and not a kind bucket (0.5266ms)
✔ cancellation.created uses cancellation:<id>:created (2.0372ms)
✔ writer sink captures without stores and does not require Mongo (0.5104ms)
✔ zipMissSides treats not_found and blank as a miss only when a zip is present (0.6159ms)
{"level":"info","time":"2026-09-19T03:06:22.185Z","service":"vantage-main-server","env":"development","msg":"lead.call.created","observability_level":"info","category":"lead","workflow":"call_lead_create","source_company":"tbm_leads","entity_id":"507f1f77bcf86cd799439011"}
{"level":"info","time":"2026-09-19T03:06:22.194Z","service":"vantage-main-server","env":"development","msg":"crm.form_lead.submit.started","leadId":"507f1f77bcf86cd799439011","endpoint":"https://lead.hellomoving.com/LEADSGWHTTP.lidgw?&API_ID=[redacted]&MOVERREF=[redacted]","payload":{"label":"Main Site Forms","firstname":"J***","lastname":"C***","ozip":"sha256:ce6d2151873f","dzip":"sha256:9a1f53dc5d98","email":"j***@example.com","phone1":"***2222","movesize":"14","movedte":"","notes":"","leadno":""}}
{"level":"info","time":"2026-09-19T03:06:22.194Z","service":"vantage-main-server","env":"development","msg":"crm.form_lead.submit.started","observability_level":"info","category":"crm","workflow":"crm_submit","source_company":"tbm_leads","entity_id":"507f1f77bcf86cd799439011"}
{"level":"info","time":"2026-09-19T03:06:22.198Z","service":"vantage-main-server","env":"development","msg":"crm.form_lead.submit.http_error","leadId":"507f1f77bcf86cd799439011","endpoint":"https://lead.hellomoving.com/LEADSGWHTTP.lidgw?&API_ID=[redacted]&MOVERREF=[redacted]","status":400,"responseText":"bad request"}
{"level":"error","time":"2026-09-19T03:06:22.198Z","service":"vantage-main-server","env":"development","msg":"crm.form_lead.submit.http_error","observability_level":"error","category":"crm","workflow":"crm_submit","source_company":"tbm_leads","entity_id":"507f1f77bcf86cd799439011"}
{"level":"info","time":"2026-09-19T03:06:22.202Z","service":"vantage-main-server","env":"development","msg":"ringcentral.ingest.processed","action":"dry_run","writeMode":"dry_run","duplicate":false,"duplicateReason":"unique","ingestionSource":"webhook","telephonySessionId":"u20-session","callLogId":null,"sourceCompany":"main_site","durationSeconds":180,"callLeadId":null}
✔ applyBestRelocationPlan is not a Daily Operations hook site (101.5247ms)
✔ persistLeadMessageIntent is not a Daily Operations hook site (19.7278ms)
✔ completeFormLeadIngestion hooks after the reused-lead return (8.7161ms)
✔ duplicate booking finalize returns before the Daily Operations writer (6.3491ms)
✔ Sheet Sync job outcomes record one deduped fact per job and outcome with a metric touch (3.4676ms)
✔ the drainer records Sheet Sync facts on synced and failed jobs, never on coalesced duplicates or deferrals (16.4064ms)
✔ completeCallLeadIngestion is the only Call Lead volume hook (27.0697ms)
✔ lead_created capture increments webhook class only (10.6769ms)
✔ priority_updated capture increments webhook class only (0.965ms)
✔ Booked payload at capture increments class and booked once (1.2112ms)
✔ Release payload at capture increments class and release once (0.8234ms)
✔ Releas token classifies as release (0.6305ms)
✔ unclassified booking_status_changed increments class only (1.157ms)
✔ granot.minted touches decisions.minted only and does not increment leads.* (2.5855ms)
✔ outcome card parent_receipt_id pairs to the receipt card (0.9658ms)
✔ linked outcome uses parent_receipt_id and decisions.linked (0.9613ms)
✔ synchronize conflict pending does not record granot.linked (0.535ms)
✔ processor maps observe / pending_match / unmatched and skips mint/link (0.9531ms)
✔ intake opened increments intakes.opened; refresh does not (1.165ms)
✔ process-time Booked increments booked only when capture did not classify (1.0389ms)
✔ Booked increments those buckets once when capture already classified (0.668ms)
✔ dead letter uses exception:dead_letter:<receiptId> (0.5491ms)
✔ receipt kind and dedupe follow spec §14 (0.3374ms)
✔ captureChannelOperationReceipt is not a Daily Operations hook site (38.7017ms)
✔ createLeadFromGranot finalize records granot.minted after existing after-commit work (33.8761ms)
✔ synchronizeLeadFromGranot pending carries outcome and provenance (22.8919ms)
✔ logProcessingCompletion records observe/pending/unmatched when no lead finalize ran (33.0469ms)
✔ dead letter hook is the drainer entered seam, not the 202 path (44.4659ms)
✔ webhook capture hooks after persist and before return (47.3774ms)
✔ missing open day returns seeded zeros, not 404 (10.6004ms)
✔ sheet_sync touches increment the day and surface on the snapshot; pre-hook days read zero (3.3579ms)
✔ missing yesterday yields null totals so the UI can show a dash (1.7759ms)
✔ yesterday_by_now is hourly 0..currentNyHour, not the full yesterday (6.3068ms)
✔ day_before and day_before_by_now come from the third NY day; missing day is null (5.8081ms)
✔ every SOURCE_COMPANIES slug is present including zeros (3.6665ms)
✔ wordpress_form is a present key even when zero (1.0693ms)
✔ intakes.still_open and texts.held_now are live queries, not day increments (0.748ms)
✔ GET snapshot does not mutate loaded day documents (0.6931ms)
✔ events cursor is occurred_at ISO plus event id, parsed at the last colon (0.823ms)
✔ events page is newest-first for the NY day and returns next_cursor (2.05ms)
✔ test runner reports redis.configured false without constructing a client (2.3304ms)
{"level":"info","time":"2026-09-19T03:06:22.617Z","service":"vantage-main-server","env":"development","msg":"domain_command.applied","observability_level":"info","category":"admin","workflow":"canonical_domain_command","entity_id":"lead-admin"}
✔ [AC-21] command execution model has durable origin/idempotency uniqueness (3.7957ms)
✔ invalid command context fails before database access (1.5291ms)
✔ external ingestion rejects human executors and incomplete provenance (0.8929ms)
✔ [AC-21] four origins validate exactly; Granot and RingCentral identities cannot be client-forged (11.5917ms)
✔ [AC-21] replay returns stored applied result; checksum reuse conflicts; compatibility adapter is one-way (4.2652ms)
✔ [AC-21] failed command leaves no successful execution outcome (0.9481ms)
✔ [AC-21] stable now and preallocated IDs survive a transaction callback retry (1.4524ms)
✔ [AC-32] observation_channel must agree with the initiator path (0.7252ms)
✔ [AC-21] compatibility API-secret and scoped-key system actors validate for vantage_admin (5.1494ms)
✔ owner idempotency key helper preserves the 8-200 printable envelope (0.8467ms)
✔ call-lead command validates DTO without an unsupported ingestion field (14.9458ms)
{"level":"info","time":"2026-09-19T03:06:22.623Z","service":"vantage-main-server","env":"development","msg":"domain_command.applied","observability_level":"info","category":"admin","workflow":"canonical_domain_command","entity_id":"lead-1","run_id":"run-1"}
{"level":"info","time":"2026-09-19T03:06:22.625Z","service":"vantage-main-server","env":"development","msg":"domain_command.replayed","observability_level":"info","category":"admin","workflow":"canonical_domain_command","entity_id":"lead-1","run_id":"run-1"}
{"level":"info","time":"2026-09-19T03:06:22.628Z","service":"vantage-main-server","env":"development","msg":"domain_command.applied","observability_level":"info","category":"admin","workflow":"canonical_domain_command","entity_id":"lead-retry","run_id":"run-1"}
{"level":"info","time":"2026-09-19T03:06:22.632Z","service":"vantage-main-server","env":"development","msg":"domain_command.applied","observability_level":"info","category":"admin","workflow":"canonical_domain_command","entity_id":"lead-secret"}
{"level":"info","time":"2026-09-19T03:06:22.634Z","service":"vantage-main-server","env":"development","msg":"domain_command.applied","observability_level":"info","category":"admin","workflow":"canonical_domain_command","entity_id":"lead-scoped"}
✔ [AC-21] transaction-bound internals do not open nested transactions or finalize Sheets (181.1986ms)
✔ canonical command modules do not depend on transport or Google adapters (45.9309ms)
✔ durable actor factories mint the fixed Granot and RingCentral identities (1.4586ms)
✔ [AC-32] existing write context factory hashes payload and never stores credentials (0.5794ms)
✔ [AC-32] v1 write routes enter existing adapters and do not patch models (19.6629ms)
✔ runExistingUpdateSourceOwnedLead still uses updateSourceOwnedLead and pending source_lead update (15.8025ms)
✔ [AC-32] existing write adapters persist Changes inside the executor and keep later commands disabled (10.2155ms)
﹣ [AC-21] [AC-32] replica existing write commits Command/Change/revision/outbox; replay and rollback do not (5.6077ms) # Replica-set proof is opt-in via GRANOT_LIFECYCLE_REPLICA_TESTS=true.
✔ [AC-32] contact and address paths are reference_only; low-risk paths stay stored (6.281ms)
✔ [AC-32] Change builders omit raw contact values and emit deterministic paths (60.2667ms)
✔ [AC-32] no-op field collection emits no Change descriptors (0.5422ms)
✔ FORM and CALL CHANGE_PATHS include no_sync so a flip is not a silent no-op (0.2329ms)
✔ collectDocumentFieldChanges reports no_sync when it flips and no-ops when unchanged (1.7406ms)
✔ existing write context maps an Owner extension user to an owner actor (31.5282ms)
✔ existing write context maps Owner plus Sales to an owner actor (0.9501ms)
✔ existing write context rejects sales extension user (1.2468ms)
✔ existing write context rejects customer_service extension user (0.7932ms)
✔ existing write context rejects sales+customer_service extension user (0.4083ms)
﹣ [AC-21] replica executor: exact stored-result replay, checksum conflict, and no second mutation (2.1619ms) # Replica-set proof is opt-in via GRANOT_LIFECYCLE_REPLICA_TESTS=true.
﹣ [AC-21] replica executor: same-key commit race has one winner and exact replay of the stored result (0.5537ms) # Replica-set proof is opt-in via GRANOT_LIFECYCLE_REPLICA_TESTS=true.
﹣ [AC-21] replica executor: expected-revision loser is DOMAIN_REVISION_CONFLICT with no Decision/Command (2.8942ms) # Replica-set proof is opt-in via GRANOT_LIFECYCLE_REPLICA_TESTS=true.
﹣ [AC-32] replica executor: Receipt/Observation/Decision causal IDs persist; rollback leaves zero partial rows (0.4897ms) # Replica-set proof is opt-in via GRANOT_LIFECYCLE_REPLICA_TESTS=true.
﹣ [AC-21] replica executor: stable now and preallocated IDs survive callback retry (0.5785ms) # Replica-set proof is opt-in via GRANOT_LIFECYCLE_REPLICA_TESTS=true.
﹣ [AC-32] replica executor: persist failure rolls back Decision, aggregate, and Command (0.3758ms) # Replica-set proof is opt-in via GRANOT_LIFECYCLE_REPLICA_TESTS=true.
﹣ [AC-32] replica executor: post-commit finalize never runs on rollback (0.4167ms) # Replica-set proof is opt-in via GRANOT_LIFECYCLE_REPLICA_TESTS=true.
﹣ [AC-32] replica executor: no Sheet/queue/email/CRM call occurs before commit (0.3444ms) # Replica-set proof is opt-in via GRANOT_LIFECYCLE_REPLICA_TESTS=true.
✔ canonical JSON is stable across object insertion order (9.28ms)
✔ canonical JSON rejects unsupported values (1.1023ms)
✔ effective capability requires all three gates (1.6852ms)
✔ provider failures classify and retry deterministically (1.3807ms)
✔ fenced in-memory leases reject stale epochs (0.9359ms)
✔ model-backed lease schema carries unique scope and fencing epoch (0.9972ms)
✔ run fake enforces status graph, lease fencing, and monotonic checkpoints (1.3745ms)
✔ system actors remain distinct and metadata is sanitized (0.8945ms)
✔ listBookingLeadReconciliationCases returns admin-facing summary fields (12.4005ms)
✔ getBookingLeadReconciliationCase returns detail fields consumed by admin (2.7237ms)
✔ searchBookingLeadCandidates returns compact case-aware results with a cursor (6.6153ms)
✔ searchBookingLeadCandidates Call q and contact filters include snapshot paths (4.802ms)
✔ searchBookingLeadCandidates returns Granot and ingested contact snapshots (9.5571ms)
✔ dismissing an owner_booking pending case leaves the Booking Leadless (4.6911ms)
✔ reopenBookingLeadReconciliation guards status and live booking before rematch (1.4012ms)
✔ assembleEmployeeBookingOptions joins active granularities to active companies (15.8552ms)
✔ assembleEmployeeBookingOptions ignores unknown company ids (0.4871ms)
✔ candidate query detects the 26th matching lead instead of proving false uniqueness (11.5555ms)
✔ candidate snapshots keep Granot and ingested contact for owner display (1.8915ms)
✔ candidate query tags a unique Form Lead Job Number as job_no (16.6978ms)
✔ evaluateEmployeeBookingMatch auto-links a unique Call Lead Job Number (4.1604ms)
✔ evaluateEmployeeBookingMatch auto-links a unique Form Lead Job Number on form channel (0.8183ms)
✔ evaluateEmployeeBookingMatch treats two Call Leads with the same Job Number as multiple_matches (2.0657ms)
✔ evaluateEmployeeBookingMatch leaves same-phone no-job as pending no_match (1.0477ms)
✔ evaluateEmployeeBookingMatch never auto-links LID, email, or phone under Exact Job Booking Attach (0.8538ms)
✔ evaluateEmployeeBookingMatch never auto-links when candidate query overflowed (0.7588ms)
✔ evaluateEmployeeBookingMatch returns channel_conflict for opposite-channel-only Job Number (0.7184ms)
✔ evaluateEmployeeBookingMatch respects none policy (0.674ms)
✔ evaluateEmployeeBookingMatch treats contradictory phone/name signals as a hard conflict (10.0953ms)
✔ evaluateEmployeeBookingMatch blocks Job Number and Phone pointing to different Leads (1.0722ms)
✔ evaluateEmployeeBookingMatch does not auto-link a different same-company granularity (0.637ms)
✔ evaluateEmployeeBookingMatch rematch attaches only after a unique job appears (0.958ms)
✔ test-mode migration apply remains available with --apply (1.9997ms)
✔ production migration apply requires explicit confirmation (1.0817ms)
✔ test mode cannot apply to the production database without production confirmation (0.4609ms)
✔ production migration apply rejects an unexpected connected database (0.3314ms)
✔ production migration apply accepts explicit confirmation on the production database (0.3092ms)
✔ collectNormalizedCollisions groups normalized duplicates (6.5853ms)
✔ reportHasBlockingCollisions flags booking identity collisions (5.6464ms)
✔ submission collision preflight ignores bookings outside the partial unique index scope (2.4578ms)
✔ deriveTrustedOwnerActor rejects bare api secret actor (4.2545ms)
✔ deriveTrustedOwnerActor accepts trusted owner headers with primary secret (1.8566ms)
✔ deriveTrustedOwnerActor accepts owner users directly (0.4791ms)
✔ deriveTrustedOwnerActor rejects non-owner users and bare secrets (0.539ms)
✔ assertExactWarningOverrides requires exact current overrideable warnings (0.7818ms)
✔ assertAllowedCaseAction allows only valid transitions (0.9077ms)
✔ assertLiveBookingState blocks cancelled and invalid booking states (1.5345ms)
✔ applyCursorFilter uses date plus id tie-break (4.5968ms)
✔ decodeDateIdCursor rejects malformed dates and object ids (1.1834ms)
✔ cold rematch connects to Mongo before attempting a lease or model operation (5.9448ms)
✔ rematch snapshots Exact Job Booking Attach, not the retired five-rule list (4.1661ms)
✔ rematch evaluator attaches only when a unique Call Lead job appears (2.1005ms)
✔ call lead enrichment prefers source-compatible Job Number matches when the row has a Job Number (16.1696ms)
✔ call lead enrichment blocks sync when phone matches only across assigned source companies (3.466ms)
✔ syncCallLeadEnrichment does not write when source match is conflict (3.0584ms)
✔ call lead enrichment can claim an unassigned phone-matched call lead source (2.4408ms)
✔ preview does not write live phone, name, or email (2.8431ms)
✔ conflicting stored Job Number is not overwritten (2.3244ms)
✔ row Job on Lead A plus Granot phone equal to Lead B ANI selects A (11.4789ms)
✔ contact-only Granot card diff is updateable (4.2348ms)
✔ preview phone rung does not query granot_contact_snapshot (1.1353ms)
✔ parseEnrichmentRow enriches valid cities while ignoring zero and comma placeholders (4.3778ms)
✔ AppError defaults to INTERNAL code and 500 status when no options are given (1.9757ms)
✔ AppError preserves code, statusCode, internalMessage, cause, and metadata from options (2.125ms)
✔ AppError.toLog returns a safe, structured summary of public fields plus log-only context (3.5117ms)
✔ AppError.toLog omits cause/internalMessage/metadata when they are not provided (1.4222ms)
✔ AppError.toLog handles string causes and unserializable causes without throwing (0.5859ms)
✔ AppError does NOT expose internalMessage or cause via its public message field (0.4971ms)
✔ BadRequestError defaults to 400 and BAD_REQUEST code (21.3441ms)
✔ ValidationError defaults to 400 and VALIDATION code (3.1967ms)
✔ UnauthorizedError defaults to 401 and UNAUTHORIZED code (0.5594ms)
✔ NotFoundError defaults to 404 and NOT_FOUND code (0.3753ms)
✔ ConflictError defaults to 409 and CONFLICT code (0.4008ms)
✔ IntegrationError defaults to 502 and INTEGRATION code (0.3499ms)
✔ subclasses allow callers to override the default statusCode without losing the code (1.0081ms)
✔ subclasses carry their constructor name (useful for log filters) (0.7203ms)
✔ subclasses are all instanceof AppError and Error (1.7803ms)
✔ createExtensionUser persists canonical roles and never returns the secret (7.995ms)
✔ createExtensionUser rejects a duplicate email (2.0089ms)
✔ listExtensionUsers returns roles and dual-reads leftover employee (0.9406ms)
✔ toAdminExtensionUser dual-reads leftover employee as Sales plus Customer Service (0.3696ms)
✔ updateExtensionUser bumps token_version only on actual email, password, or roles change (2.1149ms)
✔ updateExtensionUser rejects a duplicate email with the create message (0.78ms)
✔ updateExtensionUser returns not found for a missing id (0.7715ms)
✔ deleteExtensionUser removes the row so the email can be reused (1.1013ms)
✔ deleteExtensionUser returns not found for a missing id (0.5871ms)
✔ fetchDriveFileMetadata maps 404 distinctly from 403 access denied (7.2789ms)
✔ fetchDriveFileMetadata maps provider failures to integration errors (2.2907ms)
✔ Google refresh tokens round-trip through authenticated encryption (10.9305ms)
✔ encrypted Google refresh tokens are bound to the owner identity (1.3852ms)
✔ OAuth state is stored as a deterministic SHA-256 digest (0.8849ms)
✔ Google Drive folder IDs can be read from IDs or shared URLs (0.6016ms)
✔ invalid Google Drive folder IDs are rejected (1.1683ms)
✔ a requested folder is created under the normalized configured parent (2.1507ms)
✔ public Google OAuth config excludes server secrets (3.4816ms)
✔ sanitized Google Drive connection status excludes configured owner email (0.4703ms)
✔ sanitized Google Drive connection status excludes refresh credentials (0.4731ms)
✔ Picker bootstrap allowlist rejects unexpected response fields (1.4898ms)
✔ reporting ownership marker round-trips and matches destination ID (0.6096ms)
✔ allowed OAuth scopes reject overgrant and extra scopes (3.1353ms)
✔ OAuth scope normalization is order-insensitive (1.763ms)
✔ Google userinfo.email URI is treated as the email scope (0.5175ms)
✔ google drive owner auth accepts the signed owner admin proxy (9.9809ms)
✔ google drive owner auth rejects scoped API keys (1.8029ms)
✔ google drive owner auth accepts an allowlisted extra owner email (1.8651ms)
✔ google drive owner auth rejects a signed owner outside the allowlist (2.1083ms)
✔ google drive owner auth requires signed owner matching configured identity (1.2233ms)
✔ sanitized google drive API errors do not expose configured owner email (2.6579ms)
✔ callback failure logs use stable categories without provider text (1.1031ms)
✔ drive metadata validation rejects wrong mime types (4.1251ms)
✔ drive metadata validation rejects trashed files (0.5846ms)
✔ drive metadata validation rejects non-owned files (0.4261ms)
✔ picker nonce and selection references hash to stable digests (2.0793ms)
✔ invalid picker selection preserves nonce until metadata validates (11.6416ms)
✔ picker nonce replay is rejected after successful verification (7.9469ms)
✔ concurrent valid picker verifications issue at most one selection reference (4.2767ms)
✔ invalid selection reference metadata preserves reference until validation passes (22.6989ms)
✔ denylisted workbook preserves reference until denylist clears (17.3621ms)
✔ denylist configuration fails closed without consuming reference (8.6875ms)
✔ selection reference replay is rejected after successful consume (1.6731ms)
✔ concurrent valid selection reference consumes yield at most one winner (9.5027ms)
✔ extractStateCodeFromGoogleGeocodeResponse uses postal address state code (2.2482ms)
✔ extractStateCodeFromGoogleGeocodeResponse converts state component name (0.6202ms)
✔ Form Lead that is not a Duplicate Lead expects Master Leads Forms (3.7084ms)
✔ Duplicate Form Lead expects Master Leads Duplicates (0.5756ms)
✔ Bad Lead expects the primary tab and Bad Leads (0.4128ms)
✔ Call Lead that is not a Duplicate Lead expects Master Leads Calls (0.3954ms)
✔ Duplicate Call Lead expects Master Leads Duplicate Calls (0.3626ms)
✔ Unmatched Call Lead is not expected on Master Leads (0.2889ms)
✔ ordinary No-Sync Form Lead skips Master Leads with no_sync (0.2484ms)
✔ ordinary No-Sync Call Lead skips Master Leads with no_sync (0.2723ms)
✔ No-Sync + Bad Lead still expects today's Bad tabs (0.3604ms)
✔ No-Sync + Duplicate Call Lead still expects Duplicate Calls (0.4922ms)
✔ Booking expects Master Booked Booked Deals (0.4367ms)
✔ Cancellation expects Master Booked Cancelled Deals (0.2943ms)
✔ formatDateOnly returns ISO date prefix (2.8621ms)
✔ formatTimestamp uses owner-facing UTC clock components (0.5586ms)
✔ booleanCell maps booleans to sheet strings (0.3341ms)
✔ localCell maps values to local/long_distance (0.3415ms)
✔ optionalLocalCell returns empty string when blank (0.434ms)
✔ bookedCell, bookedDateCell, cancelledCell, quotedCell map booleans to labels (2.6568ms)
✔ overThresholdCell returns label or blank (0.3616ms)
✔ formatNumber stringifies finite numbers and elides null/undefined/NaN (2.1617ms)
✔ primaryBookingAgent returns first agent name snapshot (1.5523ms)
✔ splitCell only flags true splits when there are at least two named allocations with non-zero amounts (0.6851ms)
✔ formLeadToRow projects fields in the documented header order (2.7281ms)
✔ formLeadToRow defaults missing ref_no to 'not provided' (0.6367ms)
✔ lead projections use exact GetMovers source labels (1.037ms)
✔ formLeadToRow clears booking reporting columns after booking deletion (0.4543ms)
✔ callLeadToRow projects fields in the documented header order (0.5318ms)
✔ callLeadToRow clears booking reporting columns after booking deletion (1.4241ms)
✔ bookedLeadToRow projects allocations, customer, and lead ref (1.422ms)
✔ bookedLeadToRow writes form source label from canonical slug (0.5527ms)
✔ bookedLeadToRow writes call source label from canonical slug (0.3963ms)
✔ bookedLeadToRow resolves legacy source labels before writing (0.415ms)
✔ bookedLeadToRow projects referral customer name and blank lead ref (1.2696ms)
✔ bookedLeadToRow projects leadless booking source label and blank lead ref (1.3273ms)
✔ cancelledLeadToRow projects cancellation fields (1.1799ms)
✔ cancelledLeadToRow leaves cancel_date blank when missing (0.4024ms)
✔ rowsFromValues maps Mongo ID cells and keeps evidence columns (4.3509ms)
✔ found Form Lead returns Master Leads Forms evidence and a sheet link (8.5723ms)
✔ missing Form Lead stays missing and can attach an open Sheet Sync job (0.7678ms)
✔ Form Lead on Duplicates when Forms was expected is wrong_tab (0.872ms)
✔ unmatched Call Lead is not_expected and does not read tabs (0.7542ms)
✔ ordinary No-Sync Form Lead is not_expected and does not read tabs (0.5803ms)
✔ ordinary No-Sync Call Lead is not_expected and does not read tabs (0.4736ms)
✔ No-Sync + Bad Lead uses today's Bad expected tabs, not the no_sync skip (1.5674ms)
✔ No-Sync + Duplicate Call Lead uses today's Duplicate Calls tab, not the no_sync skip (1.2624ms)
✔ ordinary Call missing from Calls is still missing (1.049ms)
✔ unknown Mongo id is not_found (5.5098ms)
✔ Bad Lead found on Forms but missing Bad Leads is still found with a missing tab (1.1061ms)
✔ Booking found on Booked Deals (0.8747ms)
✔ preserves request order and dedupes ids (1.0599ms)
✔ ensureTabsAndHeaders expands an undersized existing grid without shrinking it (4.285ms)
✔ Master Leads provisions a dedicated Duplicate Calls tab (2.0411ms)
✔ Duplicate Calls tab reuses the Calls headers (0.894ms)
✔ duplicate-call sync targets resolve to the Calls headers (3.5442ms)
✔ duplicate-call master target ensures the Master Leads tab set (0.8306ms)
✔ Master Leads provisions Bad Leads with form headers (0.3718ms)
✔ Bad Leads master target ensures the Master Leads tab set (0.4978ms)
✔ buildGranotCrmCsvObjectKeys creates latest/meta/history paths (3.3372ms)
✔ buildRegistryKey follows CRM origin host (0.6233ms)
✔ parseGranotCsv normalizes headers and skips total rows (3.942ms)
✔ [AC-03] form identity vocabulary excludes lids while allowing Mongo id as a secondary lookup (6.5929ms)
✔ [AC-03] form planning gives exact FormLead.ref_no priority over every fallback (4.3403ms)
✔ exact identity wins but surfaces a source-company mismatch warning (1.3464ms)
✔ duplicate exact FormLead.ref_no candidates are a conflict (0.8274ms)
✔ [AC-03] form planning falls back only after FormLead.ref_no has no match (4.5033ms)
✔ [AC-03] form planning resolves an ObjectId ref_no only after exact field lookup misses (2.843ms)
✔ fallback ties resolve by source company then quoted prior (0.5827ms)
✔ fallback refuses a sole candidate from a different source company (0.8607ms)
✔ fallback does not select a lead from name alone (10.2189ms)
✔ fallback scores only candidates that pass the source-company gate (5.983ms)
✔ form patch has extension parity and fills only missing locations (13.6671ms)
✔ [AC-33] form planning labels Booked Jobs and Follow Up sections separately (1.3226ms)
✔ apply deployment gate is explicit (0.3648ms)
✔ form patch never overwrites an existing receiver (0.41ms)
✔ source report parsing returns both Granot lead sections with job numbers (32.8295ms)
✔ source report parsing finds Granot's nested tables after centered headings (13.0857ms)
✔ content hashes ignore per-login Granot session tokens (49.5567ms)
✔ collected rows map to existing call-lead endpoint payloads (72.3653ms)
✔ call-lead payloads never expose or interpret Granot ref_no (24.8666ms)
✔ collector follows the Granot report flow and records absent sources (47.375ms)
✔ collector retries the full flow when the source page expires the session (18.801ms)
✔ collector rejects impossible date windows before contacting Granot (1.1461ms)
✔ [AC-33] Form Follow Up statement keeps raw Priority, separate user/rep, and location aliases (4.5172ms)
✔ [AC-33] Form Booked statement is booking_action_apply with raw Booked evidence (3.4833ms)
✔ [AC-33] Call enrichment statement does not collapse user/rep (1.4455ms)
✔ [AC-33] Call Booked statement keeps raw Booked and does not infer Release (0.6094ms)
✔ [AC-02] oversized ${run_id}:${action_id} is rejected before plan lock (2.1656ms)
✔ [AC-02] schema-v1 plans fail closed as RUN_REPLAN_REQUIRED (0.8025ms)
✔ [AC-02] sealing a collected plan stores schema v2 lifecycle_apply before checksum (1.4146ms)
✔ pending lifecycle outcomes keep the run applying (1.9369ms)
✔ run-group creation inserts two correlated compatible queued children (11.2261ms)
✔ run-group validation completes before any child insertion (2.232ms)
✔ call plan previews convert Mongo ObjectIds before checksumming (9.6733ms)
✔ form expected filters do not cast empty strings as ObjectIds (1.2652ms)
✔ [AC-02] applyRun has no runtime path to legacy Form/Call/Booked mutation services (57.444ms)
✔ source IDs canonicalize case before lookup and duplicate validation (8.8807ms)
✔ source partitioning keeps only compatible IDs in each child snapshot (0.6487ms)
✔ [AC-38] unavailable resolve issues keep INVALID_GRANOT_SOURCES and per-source codes (2.1387ms)
✔ run-group resolve asks each source only for operations its Registry routes permit (1.2171ms)
✔ a source with no matching Registry route still fails the asked operation (1.2104ms)
✔ [AC-38] resolve never treats label or supported_operations as semantic authority (0.8518ms)
✔ source partitioning rejects an empty selected workflow (0.9591ms)
﹣ [AC-21] replica CAS: one winner increments once; loser is DOMAIN_REVISION_CONFLICT (2.0228ms) # Replica-set proof is opt-in via GRANOT_LIFECYCLE_REPLICA_TESTS=true.
✔ [AC-21] CAS primitive requires { _id, domain_revision } and names DOMAIN_REVISION_CONFLICT (10.8332ms)
✔ [AC-37][AC-38] Unit 30 rollout alert codes stay frozen (9.8353ms)
✔ [AC-37] oldest due fires only after 15 minutes plus 10 minutes continuity (3.486ms)
✔ [AC-31] insufficient data never recovers an active alert (1.8477ms)
✔ [AC-37] any current dead letter fires and zero is ok (1.1437ms)
✔ [AC-37] capture 503 and claim-recovery windows use exact thresholds (2.3586ms)
✔ [AC-31] empty p95 and source-rate samples are insufficient_data, not success (0.4808ms)
✔ [AC-31] p95 uses deterministic nearest-rank and the 10-minute threshold (8.1631ms)
✔ [AC-38] RingCentral lease and enabled-source ambiguity rate stay bounded (2.2949ms)
✔ [AC-37] repeated evaluation does not fan out: only open/clear transitions emit (0.4774ms)
✔ [AC-05] planner conversion keeplisted Priority/Quoted/move paths and drops derived metadata (26.0086ms)
✔ [AC-05] quoted:false is rejected and no write path sets it false (1.7138ms)
✔ snapshot-only Call plan converts and keeps live phone off contact_changed_paths (0.7804ms)
✔ [AC-10] [AC-12] contact leaves stay on current-contact paths; snapshot is not a contact leaf (0.3827ms)
✔ [AC-11] FormLead destination_zip is allowed and CallLead delivery_zip is required instead (0.5342ms)
✔ [AC-32] forbidden metadata, extra paths, and unsorted path lists are rejected (1.4538ms)
✔ [AC-32] contact hash is stable and omits values from the checksum helper output (4.8747ms)
﹣ [AC-02] concurrent automation operation ID + same hash yields one receipt (4.225ms) # Replica-set proof is opt-in via GRANOT_LIFECYCLE_REPLICA_TESTS=true.
﹣ [AC-02] concurrent automation operation ID + different hash has one winner and 409 (0.5709ms) # Replica-set proof is opt-in via GRANOT_LIFECYCLE_REPLICA_TESTS=true.
﹣ [AC-02][AC-33] automation apply captures one receipt, replays it, and writes zero forbidden collections (0.4885ms) # Replica-set proof is opt-in via GRANOT_LIFECYCLE_REPLICA_TESTS=true.
✔ [AC-02][AC-33] automation apply captures granot_http_automation then claimAndProcessOrPoll (3.6994ms)
✔ [AC-02] exact replay returns the stored terminal receipt without another capture (0.5719ms)
✔ [AC-02] accepted_for_processing yields a nonterminal receipt for the same operation ID (2.1094ms)
✔ pending_match stays accepted_for_processing until a terminal Decision exists (0.4872ms)
✔ dead-lettered receipts become bounded technical_failure (2.339ms)
✔ processing disabled leaves the durable receipt recoverable (1.6127ms)
✔ [AC-38] missing automation reference is visible and unavailable for apply (2.1733ms)
✔ [AC-38] invalid referenced Registry row is missing_reference, not a label fallback (0.4388ms)
✔ [AC-38] multiple normalized Registry matches make the automation source ambiguous (0.3735ms)
✔ [AC-38] disabled, lifecycle-disabled, or deferred Registry rows cannot be applied (0.4301ms)
✔ [AC-38] Call routes cannot satisfy a form_leads apply selection (0.7299ms)
✔ [AC-09] ready Form policy permits form_leads and never uses supported_operations as authority (2.618ms)
﹣ [AC-21][AC-22][AC-23][AC-32] replica confirm is atomic, replay-safe, exact, and source-preserving (6.3783ms) # Replica-set proof is opt-in via GRANOT_LIFECYCLE_REPLICA_TESTS=true.
﹣ [AC-22][AC-23] inactive catalog failure leaves the whole effect set invisible (1.2951ms) # Replica-set proof is opt-in via GRANOT_LIFECYCLE_REPLICA_TESTS=true.
﹣ [AC-21] simultaneous confirms produce one winner and no duplicate effects (0.5828ms) # Replica-set proof is opt-in via GRANOT_LIFECYCLE_REPLICA_TESTS=true.
﹣ [AC-20][AC-21][AC-24][AC-32] replica update fully replaces official fields with one causal chain (0.6128ms) # Replica-set proof is opt-in via GRANOT_LIFECYCLE_REPLICA_TESTS=true.
﹣ [AC-20][AC-21][AC-32] replica No Action resolves only case and Command with exact replay (1.3187ms) # Replica-set proof is opt-in via GRANOT_LIFECYCLE_REPLICA_TESTS=true.
﹣ [AC-24][AC-32] replica update rolls back atomically after every persisted write boundary (22.3618ms) # Replica-set proof is opt-in via GRANOT_LIFECYCLE_REPLICA_TESTS=true.
﹣ [AC-21] replica update versus No Action has one case-revision winner (24.1346ms) # Replica-set proof is opt-in via GRANOT_LIFECYCLE_REPLICA_TESTS=true.
﹣ Confirm omit selected_lead with unique high suggestion attaches and queues booking_chain (16.3554ms) # Replica-set proof is opt-in via GRANOT_LIFECYCLE_REPLICA_TESTS=true.
﹣ Confirm omit selected_lead with medium-only suggestion creates a Leadless Booking (0.7768ms) # Replica-set proof is opt-in via GRANOT_LIFECYCLE_REPLICA_TESTS=true.
﹣ Confirm Owner-selected medium attaches that Lead (0.9593ms) # Replica-set proof is opt-in via GRANOT_LIFECYCLE_REPLICA_TESTS=true.
﹣ Confirm lost claim fails closed and does not fall through to Leadless (0.634ms) # Replica-set proof is opt-in via GRANOT_LIFECYCLE_REPLICA_TESTS=true.
﹣ Update Existing Booking on a Granot Leadless Booking writes official fields and Master Booked only (0.5306ms) # Replica-set proof is opt-in via GRANOT_LIFECYCLE_REPLICA_TESTS=true.
▶ selectBookingIntakeLatestAction
  ✔ returns undefined for empty evidence (2.3158ms)
  ✔ returns priority_5 when that is the only action (0.4608ms)
  ✔ ignores priority_5 when booked or release evidence exists (0.3462ms)
  ✔ selects the temporally latest booked or release action (0.509ms)
  ✔ tie-breaks same captured_at with higher Observation id hex (0.2534ms)
✔ selectBookingIntakeLatestAction (7.0093ms)
﹣ [AC-R9] Confirm Cancellation succeeds only for AC-R3 posture and replays (4.3426ms) # Replica-set proof is opt-in via GRANOT_LIFECYCLE_REPLICA_TESTS=true.
﹣ [AC-R9] create-missing + latest Release writes no Cancellation (1.1809ms) # Replica-set proof is opt-in via GRANOT_LIFECYCLE_REPLICA_TESTS=true.
﹣ [AC-R9] latest Booked on review mode is GRANOT_CASE_REVISION_CONFLICT and writes no Cancellation (0.6458ms) # Replica-set proof is opt-in via GRANOT_LIFECYCLE_REPLICA_TESTS=true.
﹣ [AC-R9] booking commands disabled is POLICY_BLOCKED even when release command flags are true (0.3868ms) # Replica-set proof is opt-in via GRANOT_LIFECYCLE_REPLICA_TESTS=true.
﹣ [AC-RRF-01][AC-RRF-06] Release-first Referral review No Action closes the case only (0.4509ms) # Replica-set proof is opt-in via GRANOT_LIFECYCLE_REPLICA_TESTS=true.
﹣ [AC-RRF-02] Release-first Referral review Update keeps one Booking (0.5989ms) # Replica-set proof is opt-in via GRANOT_LIFECYCLE_REPLICA_TESTS=true.
﹣ [AC-RRF-03] Release-first review latest Booked Cancel is GRANOT_CASE_REVISION_CONFLICT (0.3439ms) # Replica-set proof is opt-in via GRANOT_LIFECYCLE_REPLICA_TESTS=true.
﹣ [AC-RRF-03] Release-first review latest Release Cancel creates Cancellation without a Lead (0.4229ms) # Replica-set proof is opt-in via GRANOT_LIFECYCLE_REPLICA_TESTS=true.
﹣ [AC-RRF-05] Release-first Referral review dead Registry is GRANOT_POLICY_BLOCKED (0.397ms) # Replica-set proof is opt-in via GRANOT_LIFECYCLE_REPLICA_TESTS=true.
﹣ [AC-RRF-01] Release-first Referral review job mismatch or pre-activation is GRANOT_IDENTITY_CONFLICT (0.5748ms) # Replica-set proof is opt-in via GRANOT_LIFECYCLE_REPLICA_TESTS=true.
▶ assertBookingIntakeCancelAllowed
  ✔ allows open review_existing_booking with latest Release (21.2021ms)
  ✔ rejects create_missing_booking even when latest action is Release (1.7359ms)
  ✔ rejects create_referral_booking even when latest action is Release (0.3389ms)
  ✔ rejects review_existing_booking when latest action is Booked (0.5689ms)
  ✔ rejects a resolved review case even when latest action is Release (0.2687ms)
✔ assertBookingIntakeCancelAllowed (30.3009ms)
▶ isAcceptedReferralPolicyAction
  ✔ [AC-RRF-01] review_existing_booking + first action release → accept (0.4474ms)
  ✔ [AC-RRF-02] review_existing_booking + first action booked → accept (0.3475ms)
  ✔ [AC-RRF-01] create_referral_booking + first action booked → accept (0.2747ms)
  ✔ [AC-RRF-01] first action priority_5 / missing / unknown / empty → reject (0.3531ms)
✔ isAcceptedReferralPolicyAction (2.2691ms)
✔ [AC-P1] Priority 5 then Booked selects the preceding Priority Update (3.8265ms)
✔ [AC-P2] Booked that carries Priority 5 with no preceding Priority Update (0.5887ms)
✔ [AC-P3] Booked without valid canonical 5 is booked_without_priority_5 (1.3918ms)
✔ [AC-P4] later Priority 5 is read-time only and does not become preceding (0.5297ms)
✔ equal temporal tuple is neither preceding nor later (0.384ms)
✔ other jobs are ignored and lead_created Priority 5 is not preceding (0.4417ms)
✔ latest older Priority 5 wins when several precede Booked (0.3742ms)
✔ throws without a Booked creating Observation or Job Number (1.7092ms)
✔ isCanonicalPriorityFive requires valid canonical 5 (0.8382ms)
✔ wire and list projections keep IDs, times, route, and Priority only (3.7714ms)
﹣ [AC-28][AC-32] replica simultaneous Referral evidence opens one lead-free case and preserves Decision source policy (4.6994ms) # Replica-set proof is opt-in via GRANOT_LIFECYCLE_REPLICA_TESTS=true.
﹣ [AC-18][AC-20][AC-32][AC-36] replica races converge, replay dedupes, and resolved rows advance max+1 (0.5743ms) # Replica-set proof is opt-in via GRANOT_LIFECYCLE_REPLICA_TESTS=true.
﹣ [AC-20] replica candidate refresh splits owner and evidence revisions (0.3467ms) # Replica-set proof is opt-in via GRANOT_LIFECYCLE_REPLICA_TESTS=true.
﹣ [AC-20][AC-32] replica transaction rolls back case create, refresh, and Decision failures (1.1302ms) # Replica-set proof is opt-in via GRANOT_LIFECYCLE_REPLICA_TESTS=true.
﹣ [AC-P8] replica persists pairing on Booked open, replay is a no-op, later Priority 5 does not write (2.2252ms) # Replica-set proof is opt-in via GRANOT_LIFECYCLE_REPLICA_TESTS=true.
﹣ [AC-R1] replica later Releas appends Release evidence on the same open Booked case (5.5218ms) # Replica-set proof is opt-in via GRANOT_LIFECYCLE_REPLICA_TESTS=true.
﹣ [AC-R2] replica Releas first opens create-missing; later Booked refreshes the same case (5.773ms) # Replica-set proof is opt-in via GRANOT_LIFECYCLE_REPLICA_TESTS=true.
﹣ [AC-R7] replica later Releas after resolve opens sequence+1 create-missing; no Release case (1.2379ms) # Replica-set proof is opt-in via GRANOT_LIFECYCLE_REPLICA_TESTS=true.
﹣ [AC-R7] replica later Releas after resolve opens sequence+1 review when Booking is still active (8.7049ms) # Replica-set proof is opt-in via GRANOT_LIFECYCLE_REPLICA_TESTS=true.
﹣ [AC-R8] replica exact Release Observation replay is a no-op (0.9288ms) # Replica-set proof is opt-in via GRANOT_LIFECYCLE_REPLICA_TESTS=true.
{"level":"info","time":"2026-09-19T03:06:48.542Z","service":"vantage-main-server","env":"development","msg":"granot_lifecycle.booking_case.opened","observability_level":"info","category":"booking","workflow":"granot_booking_reconciliation"}
✔ [AC-35] candidate browser preserves source scope metadata and override warning (23.7977ms)
▶ Booking Reconciliation classification
  ✔ [AC-18] Priority 5 never opens or refreshes a Booking case (16.2957ms)
  ✔ [AC-18a] Referral Priority 5 only remains not_booking_evidence (1.2127ms)
  ✔ [AC-19] actual Booked opens create-missing or review-existing and never treats ambiguity as no-case (0.7712ms)
  ✔ [AC-28][AC-39] delegates employee work, routes cancellation, and owns Referral cases (2.0688ms)
  ✔ [AC-40] excludes Bad/Duplicate or ambiguous suggestions (0.7568ms)
  ✔ [AC-18][AC-19] projects only canonical eligible candidates and bounds refresh to 24 hours (2.9087ms)
✔ Booking Reconciliation classification (26.1867ms)
▶ Booking Reconciliation persistence
  ✔ [AC-19] atomically opens one create-missing case with causal evidence and Decision (14.5458ms)
  ✔ does not increment booked again when capture already classified Booked (3.4401ms)
  ✔ [AC-20] refreshes new evidence without staling case revision and dedupes Observation replay (7.3219ms)
  ✔ Observation replay does not increment Daily Operations intake again (9.6419ms)
  ✔ [AC-28] opens and refreshes a Referral case without Source Scope or Lead suggestion (2.5531ms)
  ✔ [AC-20] allocates next sequence after a resolved case and never reopens it (19.8637ms)
  ✔ [AC-P1][AC-P8] persists Booked pairing snapshot, replay is a no-op, later Priority 5 does not write (13.341ms)
  ✔ [AC-P1] persist snapshot is priority_5_then_booked and evidence is Booked only (8.1296ms)
  ✔ [AC-P5] Releas/Release with no official Booking opens a booked booking case with release evidence (1.6553ms)
  ✔ [AC-R1] later Releas appends Release evidence on the same open Booked case (3.1571ms)
  ✔ [AC-R2] Releas first opens create-missing; later Booked refreshes the same case (2.5051ms)
  ✔ [AC-R3] official active Booking + Releas opens review_existing_booking with release evidence (0.9924ms)
  ✔ [AC-R4] officially cancelled Booking + Releas is already_current and writes no booking case (0.6461ms)
  ✔ [AC-R5] officially cancelled Booking + Booked still opens booked_after_official_cancellation (0.5958ms)
  ✔ [AC-R6] identity conflict on Release opens a release_* discrepancy and no booking case (3.3889ms)
  ✔ [AC-P2][AC-P3][AC-P4] second Booked refreshes evidence and pairing snapshot (1.9511ms)
  ✔ [AC-39] fails closed when expected employee reconciliation work is absent (0.5648ms)
  ✔ actual Booked on a Granot official Leadless Booking opens review_existing_booking (1.0853ms)
✔ Booking Reconciliation persistence (98.3328ms)
{"level":"info","time":"2026-09-19T03:06:48.550Z","service":"vantage-main-server","env":"development","msg":"granot_lifecycle.booking_case.opened","observability_level":"info","category":"booking","workflow":"granot_booking_reconciliation"}
{"level":"info","time":"2026-09-19T03:06:48.554Z","service":"vantage-main-server","env":"development","msg":"granot_lifecycle.booking_case.opened","observability_level":"info","category":"booking","workflow":"granot_booking_reconciliation"}
{"level":"info","time":"2026-09-19T03:06:48.557Z","service":"vantage-main-server","env":"development","msg":"granot_lifecycle.booking_case.refreshed","observability_level":"info","category":"booking","workflow":"granot_booking_reconciliation"}
{"level":"info","time":"2026-09-19T03:06:48.564Z","service":"vantage-main-server","env":"development","msg":"granot_lifecycle.booking_case.opened","observability_level":"info","category":"booking","workflow":"granot_booking_reconciliation"}
{"level":"info","time":"2026-09-19T03:06:48.568Z","service":"vantage-main-server","env":"development","msg":"granot_lifecycle.booking_case.refreshed","observability_level":"info","category":"booking","workflow":"granot_booking_reconciliation"}
{"level":"info","time":"2026-09-19T03:06:48.570Z","service":"vantage-main-server","env":"development","msg":"granot_lifecycle.booking_case.opened","observability_level":"info","category":"booking","workflow":"granot_booking_reconciliation"}
{"level":"info","time":"2026-09-19T03:06:48.571Z","service":"vantage-main-server","env":"development","msg":"granot_lifecycle.booking_case.refreshed","observability_level":"info","category":"booking","workflow":"granot_booking_reconciliation"}
{"level":"info","time":"2026-09-19T03:06:48.574Z","service":"vantage-main-server","env":"development","msg":"granot_lifecycle.booking_case.opened","observability_level":"info","category":"booking","workflow":"granot_booking_reconciliation"}
{"level":"info","time":"2026-09-19T03:06:48.576Z","service":"vantage-main-server","env":"development","msg":"granot_lifecycle.booking_case.opened","observability_level":"info","category":"booking","workflow":"granot_booking_reconciliation"}
{"level":"info","time":"2026-09-19T03:06:48.603Z","service":"vantage-main-server","env":"development","msg":"granot_lifecycle.booking_case.opened","observability_level":"info","category":"booking","workflow":"granot_booking_reconciliation"}
{"level":"info","time":"2026-09-19T03:06:48.605Z","service":"vantage-main-server","env":"development","msg":"granot_lifecycle.booking_case.refreshed","observability_level":"info","category":"booking","workflow":"granot_booking_reconciliation"}
{"level":"info","time":"2026-09-19T03:06:48.613Z","service":"vantage-main-server","env":"development","msg":"granot_lifecycle.booking_case.opened","observability_level":"info","category":"booking","workflow":"granot_booking_reconciliation"}
{"level":"info","time":"2026-09-19T03:06:48.614Z","service":"vantage-main-server","env":"development","msg":"granot_lifecycle.booking_case.opened","observability_level":"info","category":"booking","workflow":"granot_booking_reconciliation"}
{"level":"info","time":"2026-09-19T03:06:48.616Z","service":"vantage-main-server","env":"development","msg":"granot_lifecycle.booking_case.opened","observability_level":"info","category":"booking","workflow":"granot_booking_reconciliation"}
{"level":"info","time":"2026-09-19T03:06:48.617Z","service":"vantage-main-server","env":"development","msg":"granot_lifecycle.booking_case.refreshed","observability_level":"info","category":"booking","workflow":"granot_booking_reconciliation"}
{"level":"info","time":"2026-09-19T03:06:48.620Z","service":"vantage-main-server","env":"development","msg":"granot_lifecycle.booking_case.opened","observability_level":"info","category":"booking","workflow":"granot_booking_reconciliation"}
{"level":"info","time":"2026-09-19T03:06:48.621Z","service":"vantage-main-server","env":"development","msg":"granot_lifecycle.booking_case.refreshed","observability_level":"info","category":"booking","workflow":"granot_booking_reconciliation"}
{"level":"info","time":"2026-09-19T03:06:48.622Z","service":"vantage-main-server","env":"development","msg":"granot_lifecycle.booking_case.opened","observability_level":"info","category":"booking","workflow":"granot_booking_reconciliation"}
{"level":"info","time":"2026-09-19T03:06:48.628Z","service":"vantage-main-server","env":"development","msg":"granot_lifecycle.booking_case.opened","observability_level":"info","category":"booking","workflow":"granot_booking_reconciliation"}
{"level":"info","time":"2026-09-19T03:06:48.629Z","service":"vantage-main-server","env":"development","msg":"granot_lifecycle.booking_case.refreshed","observability_level":"info","category":"booking","workflow":"granot_booking_reconciliation"}
{"level":"info","time":"2026-09-19T03:06:48.631Z","service":"vantage-main-server","env":"development","msg":"granot_lifecycle.booking_case.opened","observability_level":"info","category":"booking","workflow":"granot_booking_reconciliation"}
✔ [AC-01][AC-35] capture writes a complete v2 webhook receipt with proven auth and no later fields (14.1624ms)
✔ [AC-01][AC-35] header allowlist keeps only the five bounded names (0.8114ms)
✔ [AC-02][AC-35] hashes the credential-redacted payload after allowlisting headers (1.0979ms)
✔ [AC-02] identical webhook deliveries stay distinct receipts and may share the diagnostic hash (3.9573ms)
✔ [AC-01] capture refuses an unproven authentication method before persist (2.3935ms)
✔ [AC-02][AC-33][AC-35] extension channel capture stores one browser_extension receipt and redacts credentials (1.7935ms)
✔ [AC-02] same extension operation ID + same hash replays the existing receipt (1.6124ms)
✔ [AC-02] same extension operation ID + different hash is GRANOT_OPERATION_IDEMPOTENCY_CONFLICT (2.2641ms)
✔ webhook capture records a Daily Operations receipt fact after persist (1.5382ms)
✔ booking_status_changed Booked payload records granot.booked at capture (1.6003ms)
✔ identical webhook deliveries increment Daily Operations once per receipt (1.2324ms)
✔ extension channel capture does not record a Daily Operations fact (0.5707ms)
✔ Booked webhook capture increments class and booked once (1.5572ms)
✔ unclassified booking_status_changed increments class only (1.6555ms)
✔ channel capture replay does not increment Daily Operations (0.917ms)
✔ [AC-02] automation channel capture stores one granot_http_automation receipt (0.6114ms)
✔ [AC-02] same automation operation ID + different kind is GRANOT_OPERATION_IDEMPOTENCY_CONFLICT (1.1764ms)
✔ Owner selected_lead attaches even when the suggestion is medium (2.9124ms)
✔ no selected_lead and a unique high suggestion auto-attaches (0.4559ms)
✔ no selected_lead and a medium-only suggestion stays Leadless (0.3029ms)
✔ no selected_lead and no suggestion stays Leadless (0.242ms)
✔ source_scoped_contact never auto-attaches even if confidence were high (0.3123ms)
✔ Sheet intents distinguish attached Confirm from Leadless Confirm and Update (0.5816ms)
✔ Referral is not a Granot official Leadless Booking (0.5887ms)
﹣ Connect happy path attaches the Lead, writes EntityChange, and queues booking_chain (3.5101ms) # Replica-set proof is opt-in via GRANOT_LIFECYCLE_REPLICA_TESTS=true.
﹣ Connect already_satisfied on the exact same Lead writes no new Change (0.9066ms) # Replica-set proof is opt-in via GRANOT_LIFECYCLE_REPLICA_TESTS=true.
﹣ Connect exact Idempotency-Key replay returns the durable result (0.5672ms) # Replica-set proof is opt-in via GRANOT_LIFECYCLE_REPLICA_TESTS=true.
﹣ Connect rejects Referral, cancelled, already-booked Lead, and stale revision (2.211ms) # Replica-set proof is opt-in via GRANOT_LIFECYCLE_REPLICA_TESTS=true.
﹣ Connect flag-off is POLICY_BLOCKED (0.5321ms) # Replica-set proof is opt-in via GRANOT_LIFECYCLE_REPLICA_TESTS=true.
✔ Connect sheet intent is booking_chain / booked_lead.connect_lead (3.5365ms)
✔ only Granot official Leadless Bookings without an open case are connectable (0.6464ms)
✔ Connect rejects owner_booking and employee_booking Leadless and any open case (0.8676ms)
✔ Eligible Connect Leads exclude Duplicate, Bad, cancelled, booked, and unmatched Call Leads (0.3998ms)
✔ Source assignment prefers Record Link scope, then employee snapshot, then booking source slug (0.6728ms)
✔ Lead matches booking source on company id, granularity, or slug (3.1737ms)
✔ evaluateConnectPreconditions attaches an eligible unbooked Lead (0.4862ms)
✔ already_satisfied when the Booking already has this exact Lead (0.4176ms)
✔ IDENTITY_CONFLICT when the Booking already has a different Lead (0.3957ms)
✔ IDENTITY_CONFLICT when another Booking already owns the Lead (0.4666ms)
✔ Referral, cancelled, Duplicate, Bad, and unmatched Call Leads are rejected (0.4276ms)
✔ stale booking revision fails closed (0.2244ms)
✔ out-of-scope without override is rejected; with reason it connects (0.4131ms)
✔ empty Connect q does not dump the book (112.3089ms)
✔ Connect Form q hits snapshot paths and omits ineligible Leads (27.9216ms)
✔ Connect Call q hits snapshot paths and excludes unmatched Call Leads (4.5194ms)
✔ Connect Call q for Granot-only phone hits snapshot phone paths (3.6693ms)
✔ Connect candidates fail closed on Referral, cancelled, and open-case Bookings (2.0463ms)
﹣ [AC-08] replica concurrent same-Observation replay commits one atomic Form creation chain (3.7ms) # Replica-set proof is opt-in via GRANOT_LIFECYCLE_REPLICA_TESTS=true.
﹣ [AC-08][AC-09] replica Call phone is pending, Job-only is not_applicable, and fabricates no telephony (2.5303ms) # Replica-set proof is opt-in via GRANOT_LIFECYCLE_REPLICA_TESTS=true.
﹣ [AC-08] replica Call creation rejects missing or multiple active route assignments (2.2705ms) # Replica-set proof is opt-in via GRANOT_LIFECYCLE_REPLICA_TESTS=true.
﹣ [AC-07][AC-08] replica competing scoped Call phone identity creates nothing (1.506ms) # Replica-set proof is opt-in via GRANOT_LIFECYCLE_REPLICA_TESTS=true.
﹣ Race A: existing RingCentral Call Lead synchronizes even with adoption off (1.3685ms) # Replica-set proof is opt-in via GRANOT_LIFECYCLE_REPLICA_TESTS=true.
﹣ [AC-08] replica exact replay returns stored refs; checksum conflict creates no partial state (27.7558ms) # Replica-set proof is opt-in via GRANOT_LIFECYCLE_REPLICA_TESTS=true.
﹣ [AC-08] replica rollback after reserved-link identity race leaves zero orphan effects (25.4892ms) # Replica-set proof is opt-in via GRANOT_LIFECYCLE_REPLICA_TESTS=true.
﹣ [AC-07][AC-08] replica concurrent same-job writers keep one Lead and one active link (66.6599ms) # Replica-set proof is opt-in via GRANOT_LIFECYCLE_REPLICA_TESTS=true.
﹣ [AC-07][AC-08] replica processor race replans the loser through Unit 18 (22.1382ms) # Replica-set proof is opt-in via GRANOT_LIFECYCLE_REPLICA_TESTS=true.
﹣ [AC-08] replica rolls back Lead/link/Change/Decision/Command/outbox stage failures (23.186ms) # Replica-set proof is opt-in via GRANOT_LIFECYCLE_REPLICA_TESTS=true.
✔ [AC-08] idempotency key is observation-scoped and stable (6.5672ms)
✔ [AC-08] checksum covers Observation, model, source-scope, policy version, and creation semantics (3.2231ms)
✔ [AC-08] checksum never includes raw transport envelope or secret-bearing headers (11.6066ms)
✔ [AC-08] command envelope rejects invalid Observation, missing provenance, and wrong idempotency key (40.052ms)
✔ create_if_missing SMS handoff requires the resolved Lead Source ID from source_scope (1.5915ms)
✔ observation-load create guard allows lead_created only (0.795ms)
✔ command rejects priority_updated even for Call create_if_missing (1.0555ms)
✔ executeCreation requested_effect stays lead_created (9.5846ms)
✔ both Granot phone-fence sites run without the adoption flag; Job-only still skips (1.4806ms)
✔ booking intake selection prefers the latest Booked evidence (4.343ms)
✔ booking intake selection falls back to the latest creating evidence (0.6042ms)
✔ booking intake selection prefers latest Release when the case has only Release evidence (0.3397ms)
✔ booking intake selection prefers Booked when Booked and Release evidence both exist (0.328ms)
✔ booking intake creating observation returns the credential-redacted Booked statement (7.3736ms)
✔ booking intake creating observation is absent for missing booking cases (0.5572ms)
✔ [AC-P1] creating observation includes pairing and the preceding Priority 5 snapshot (1.4422ms)
✔ [AC-P3] Booked-without-5 still returns 200 with the Booked statement and no paired snapshot (0.8744ms)
✔ Release-only booking case creating observation is preferred_release with null pairing (0.9044ms)
✔ Booked plus Release booking case creating observation stays preferred_booked (1.0206ms)
✔ [AC-P6] historical Priority-5-only remains latest_creating with null pairing (1.244ms)
✔ cancellation intake selection prefers the latest Release evidence (0.619ms)
✔ cancellation intake creating observation returns the credential-redacted Release statement (1.3396ms)
✔ intake creating observation uses the booking statement when both collections could match (0.9751ms)
✔ intake creating observation is absent when neither case exists (0.4315ms)
{"level":"info","time":"2026-09-19T03:07:04.974Z","service":"vantage-main-server","env":"development","msg":"granot_lifecycle.processing.completed","receipt_id":"6aad…43f4","observation_id":"6aad…43f5","decision_id":"6aad…43f8","attempt":1,"execution_mode":"historical_shadow","outcome":"linked","reason_code":"record_link_established","duration_ms":14}
✔ [AC-33] equivalent webhook and extension statements normalize to the same identity and Priority (32.388ms)
✔ [AC-33] equivalent shadow processor outcomes match and produce zero changed paths (39.1619ms)
✔ [AC-02][AC-33] apply-item envelope unwraps to the statement without a second policy (6.5864ms)
✔ [AC-02][AC-33] equivalent webhook and automation statements share Observation identity (5.2707ms)
✔ [AC-33] equivalent webhook and automation shadow desired-state outcomes match (20.8711ms)
✔ [AC-33] equivalent live webhook, extension, and automation desired states match (22.4462ms)
{"level":"info","time":"2026-09-19T03:07:04.979Z","service":"vantage-main-server","env":"development","msg":"granot_lifecycle.processing.completed","observability_level":"info","category":"mongo","workflow":"granot_lifecycle"}
{"level":"info","time":"2026-09-19T03:07:04.987Z","service":"vantage-main-server","env":"development","msg":"granot_lifecycle.processing.completed","receipt_id":"6aad…43f6","observation_id":"6aad…43f7","decision_id":"6aad…43fa","attempt":1,"execution_mode":"historical_shadow","outcome":"linked","reason_code":"record_link_established","duration_ms":6}
{"level":"info","time":"2026-09-19T03:07:04.987Z","service":"vantage-main-server","env":"development","msg":"granot_lifecycle.processing.completed","observability_level":"info","category":"mongo","workflow":"granot_lifecycle"}
{"level":"info","time":"2026-09-19T03:07:05.022Z","service":"vantage-main-server","env":"development","msg":"granot_lifecycle.processing.completed","receipt_id":"6aad…43fc","observation_id":"6aad…43fd","decision_id":"6aad…4400","attempt":1,"execution_mode":"historical_shadow","outcome":"linked","reason_code":"record_link_established","duration_ms":8}
{"level":"info","time":"2026-09-19T03:07:05.022Z","service":"vantage-main-server","env":"development","msg":"granot_lifecycle.processing.completed","observability_level":"info","category":"mongo","workflow":"granot_lifecycle"}
{"level":"info","time":"2026-09-19T03:07:05.023Z","service":"vantage-main-server","env":"development","msg":"granot_lifecycle.processing.completed","receipt_id":"6aad…43fe","observation_id":"6aad…43ff","decision_id":"6aad…4402","attempt":1,"execution_mode":"historical_shadow","outcome":"linked","reason_code":"record_link_established","duration_ms":1}
{"level":"info","time":"2026-09-19T03:07:05.024Z","service":"vantage-main-server","env":"development","msg":"granot_lifecycle.processing.completed","observability_level":"info","category":"mongo","workflow":"granot_lifecycle"}
{"level":"info","time":"2026-09-19T03:07:05.043Z","service":"vantage-main-server","env":"development","msg":"granot_lifecycle.processing.completed","receipt_id":"6aad…4404","observation_id":"6aad…4405","decision_id":"6aad…4406","attempt":1,"execution_mode":"live","outcome":"applied","reason_code":"lead_state_changed","duration_ms":16}
{"level":"info","time":"2026-09-19T03:07:05.043Z","service":"vantage-main-server","env":"development","msg":"granot_lifecycle.processing.completed","observability_level":"info","category":"mongo","workflow":"granot_lifecycle"}
{"level":"info","time":"2026-09-19T03:07:05.046Z","service":"vantage-main-server","env":"development","msg":"granot_lifecycle.processing.completed","receipt_id":"6aad…4408","observation_id":"6aad…4409","decision_id":"6aad…440a","attempt":1,"execution_mode":"live","outcome":"applied","reason_code":"lead_state_changed","duration_ms":2}
{"level":"info","time":"2026-09-19T03:07:05.046Z","service":"vantage-main-server","env":"development","msg":"granot_lifecycle.processing.completed","observability_level":"info","category":"mongo","workflow":"granot_lifecycle"}
{"level":"info","time":"2026-09-19T03:07:05.048Z","service":"vantage-main-server","env":"development","msg":"granot_lifecycle.processing.completed","receipt_id":"6aad…440c","observation_id":"6aad…440d","decision_id":"6aad…440e","attempt":1,"execution_mode":"live","outcome":"applied","reason_code":"lead_state_changed","duration_ms":2}
{"level":"info","time":"2026-09-19T03:07:05.048Z","service":"vantage-main-server","env":"development","msg":"granot_lifecycle.processing.completed","observability_level":"info","category":"mongo","workflow":"granot_lifecycle"}
﹣ [AC-36] partial unique index allows one open fingerprint and a resolved history row (2.7049ms) # Replica proof is opt-in.
﹣ [AC-35][AC-36] No Action is exactly replayable and a revision race has one winner with zero Changes/Sheets (0.8943ms) # Replica proof is opt-in.
﹣ [AC-26][AC-36] re-evaluation leaves an unchanged current conflict open and exactly replays (0.3909ms) # Replica proof is opt-in.
﹣ [AC-23][AC-35] correction atomically preserves the old link and Lead scope with two Changes and zero official/Sheet effects (0.4469ms) # Replica proof is opt-in.
﹣ [AC-23][AC-36] correction failure after Change writes rolls back link, discrepancy, Command, and Changes (9.0701ms) # Replica proof is opt-in.
{"level":"info","time":"2026-09-19T03:07:06.330Z","service":"vantage-main-server","env":"development","msg":"granot_lifecycle.booking_discrepancy.opened","observability_level":"info","category":"admin","workflow":"granot_discrepancy"}
▶ Granot discrepancy fingerprint
  ✔ [AC-35][AC-36] freezes versioned canonical non-PII identity (5.4781ms)
  ✔ [AC-26][AC-27][AC-35] includes every null identity key and excludes evidence/display data (1.0668ms)
✔ Granot discrepancy fingerprint (9.0918ms)
▶ Granot discrepancy persistence
  ✔ [AC-26][AC-36] opens, refreshes, and exactly deduplicates one fingerprint (40.5013ms)
✔ Granot discrepancy persistence (40.799ms)
{"level":"info","time":"2026-09-19T03:07:06.350Z","service":"vantage-main-server","env":"development","msg":"granot_lifecycle.booking_discrepancy.refreshed","observability_level":"info","category":"admin","workflow":"granot_discrepancy"}
﹣ [AC-30] replica-set two claimants have one winner (2.1677ms) # Replica-set proof is opt-in via GRANOT_LIFECYCLE_REPLICA_TESTS=true.
﹣ [AC-30] replica-set expired lease recovers and stale owner cannot finalize (9.8751ms) # Replica-set proof is opt-in via GRANOT_LIFECYCLE_REPLICA_TESTS=true.
﹣ [AC-30] replica-set attempt 10 dead-letters with zero Decision (0.508ms) # Replica-set proof is opt-in via GRANOT_LIFECYCLE_REPLICA_TESTS=true.
﹣ [AC-37] replica-set concurrent requeue has one winner and one audit (0.4464ms) # Replica-set proof is opt-in via GRANOT_LIFECYCLE_REPLICA_TESTS=true.
﹣ [AC-30] replica-set queue and cron due scan share the claim fence (33.8673ms) # Replica-set proof is opt-in via GRANOT_LIFECYCLE_REPLICA_TESTS=true.
{"level":"info","time":"2026-09-19T03:07:07.774Z","service":"vantage-main-server","env":"development","msg":"granot_lifecycle.claim.recovered","observability_level":"info","category":"mongo","workflow":"granot_lifecycle","entity_id":"6aadfc...9ebd"}
✔ claim predicate and update match Section 26 exactly (15.5821ms)
✔ [AC-30] foundation terminal processor outcomes complete and reset technical budget (21.2881ms)
✔ [AC-30] foundation pending_match increments match_attempt once and does not consume technical budget (12.9224ms)
✔ [AC-30] foundation pending_match at 24 hours completes and is not scheduled further (2.3577ms)
✔ [AC-30] foundation insufficient_creation_data completes and is never converted to pending match (2.1692ms)
✔ [AC-30] foundation unknown outcome fails closed as a technical contract error (3.0076ms)
✔ [AC-30] foundation dependency failure creates no Decision and schedules technical retry (3.9845ms)
✔ [AC-30] foundation consecutive technical failure 10 dead-letters with a safe error (8.0329ms)
✔ two claimants have one winner and an unexpired lease cannot be stolen (14.7211ms)
✔ expired lease recovers and increments the recovery counter only after success (14.9071ms)
✔ stale owner cannot renew or finalize (2.5343ms)
✔ processing disabled skips without claiming (1.103ms)
✔ [AC-30] foundation historical shadow drain creates no forbidden aggregate effects (1.0031ms)
✔ synchronous loser polls at most five seconds and never starts a second processor (3.1055ms)
✔ synchronous completed work returns the stored processor result (0.9938ms)
✔ queue wakeup parser accepts only { receipt_id } (9.3018ms)
﹣ [AC-02] concurrent same operation ID + same hash yields one receipt (1.9765ms) # Replica-set proof is opt-in via GRANOT_LIFECYCLE_REPLICA_TESTS=true.
﹣ [AC-02] concurrent same operation ID + different hash has one winner and 409 (0.5596ms) # Replica-set proof is opt-in via GRANOT_LIFECYCLE_REPLICA_TESTS=true.
✔ [AC-33][AC-35] apply captures a browser_extension receipt then claim/process-or-poll (31.5968ms)
✔ [AC-02] replayed capture still returns the stored processor result (25.3146ms)
✔ [AC-02] accepted_for_processing keeps the same operation ID for refresh (0.6919ms)
✔ [AC-33] expected_target disagreement is a non-syncable conflict and never an override (9.4547ms)
✔ [AC-35] compatibility messages are fixed and never echo payload values (0.6982ms)
✔ [AC-32] temporal comparator treats a missing stored winner as newer (1.8982ms)
✔ [AC-32] temporal comparator compares captured_at before Observation ObjectId (0.4143ms)
✔ [AC-32] equal captured_at uses lowercase 24-character Observation ObjectId hex (0.3061ms)
✔ [AC-32] exact same temporal tuple is same and never a second winner (0.2782ms)
✔ [AC-32] no source, channel, or Priority can be encoded in the temporal tuple (14.0557ms)
✔ [AC-39] Booking without a Lead returns Booking Lead Reconciliation delegation only (5.8075ms)
✔ [AC-04] module portion multiple current Bookings are an operational Job conflict (0.976ms)
✔ [AC-07] module portion Record Link model mismatch is a hard conflict (3.8559ms)
✔ missing Record Link Lead is a hard conflict and not a contact fallback (5.6908ms)
✔ [AC-07] module portion Call ladder never queries phone without Source Granularity (13.5809ms)
✔ Booking owner that differs from a contact candidate is conflict evidence, not reassignment (15.796ms)
﹣ [AC-07] replica identity is read-only across lifecycle and aggregate collections (5.8825ms) # Replica-set proof is opt-in via GRANOT_LIFECYCLE_REPLICA_TESTS=true.
﹣ [AC-13] replica cross-field Agent username contradiction returns no suggestion (0.7683ms) # Replica-set proof is opt-in via GRANOT_LIFECYCLE_REPLICA_TESTS=true.
﹣ [AC-39] replica Booking without Lead delegates and writes no case (1.2035ms) # Replica-set proof is opt-in via GRANOT_LIFECYCLE_REPLICA_TESTS=true.
﹣ replica active Record Link lookup is findOne and writes nothing (0.7075ms) # Replica-set proof is opt-in via GRANOT_LIFECYCLE_REPLICA_TESTS=true.
﹣ [AC-04] replica Call Job query is granularity-scoped and read-only (0.587ms) # Replica-set proof is opt-in via GRANOT_LIFECYCLE_REPLICA_TESTS=true.
✔ [AC-09] identity portion missing or invalid route never queries a Lead (6.7571ms)
✔ [AC-29] identity portion deferred policy and provider type never enter a Lead ladder (0.8955ms)
✔ [AC-03] exact Form ref_no match verifies Source Scope and does not post (1.9526ms)
✔ [AC-03] valid 24-character ObjectId compatibility lookup remains a later rung (1.0255ms)
✔ [AC-03] blank or not-provided Form reference is never queried (1.0973ms)
✔ [AC-04] Form ref with conflicting Source Scope is a hard conflict and stops contact fallback (0.9615ms)
✔ [AC-04] Call Job outside resolved Source Granularity is never a global match (1.8099ms)
✔ [AC-04] Record Link Source Scope conflict does not continue the Form ladder (7.3749ms)
✔ [AC-04] Booking owner with conflicting Source Scope is conflict evidence (0.8508ms)
✔ [AC-07] identity portion returns one deterministic Form target and never queries globally (16.1984ms)
✔ current and immutable Form contact values dedupe to one candidate (10.9183ms)
✔ job-only Record Link is evidence and the Form ladder continues (0.5858ms)
✔ usable Record Link with agreeing scope stops on granot_record_link (0.4809ms)
✔ Duplicate Form Lead is ineligible on exact identity (0.3551ms)
✔ Bad Form Lead is priority_only from strong exact identity and excluded from contact matching (1.0602ms)
✔ inbound letter prefix is the same Job as Granot digits (1.9066ms)
✔ conflicting nonempty Job Numbers are a hard conflict (0.4822ms)
✔ multiple eligible Form contact candidates are ambiguous (0.486ms)
✔ Call Job rung is scoped and Duplicate Call Leads remain readable (0.5114ms)
✔ Call unique Job wins when Observation phone matches a different Lead (0.6804ms)
✔ Call with no Job on the Lead still binds by operational phone (0.436ms)
✔ two eligible Call Jobs are a conflict (0.5384ms)
✔ Call phone query omits granot_contact_snapshot (1.242ms)
✔ Call current and ingested phones dedupe to one Lead (1.2487ms)
✔ [AC-08] multiple scoped Call phone candidates are a creation conflict (2.4393ms)
✔ [AC-13] identity portion equal usernames suggest one active Agent and never mutate (6.8649ms)
✔ [AC-13] identity portion differing user and rep block Agent suggestion (0.5652ms)
✔ [AC-13] more than one active Agent for one username returns no suggestion (0.6304ms)
✔ Referral policy returns leadless context and performs no Lead search (0.5097ms)
✔ [AC-35] portion last_error strips payload, credentials, and contact text (3.7512ms)
✔ [AC-35] portion last_error keeps a bounded safe code and short message (1.3605ms)
✔ unknown error codes collapse to a bounded technical class (0.8075ms)
✔ [AC-10] WordPress submitted contact and Granot snapshot stay separately identifiable and masked (10.248ms)
✔ [AC-05] all listed Priority forms canonicalize into desired state; only 1/5 enrich and set quoted true (15.6106ms)
✔ [AC-05] leading-zero canonical 5 enriches; no Priority plans quoted false (1.1723ms)
✔ [AC-06] malformed Priority Update is invalid and plans nothing (2.4521ms)
✔ [AC-06] malformed Priority on Lead Created/Booked/Release skips Priority and continues (2.1972ms)
✔ [AC-07] matched Lead Created selects one target and never plans a second Lead (9.955ms)
✔ [AC-08] create_if_missing with minimum data authorizes the gated creation command (8.0199ms)
✔ [AC-08] incomplete create_if_missing is exact insufficient_creation_data (6.5398ms)
✔ [AC-09] Local vs long-distance route result controls Form minimum-data eligibility (11.6691ms)
✔ [AC-10] WordPress primary contact and immutable snapshot never enter changed paths (0.9084ms)
✔ [AC-11] WordPress immutable move snapshot and Vantage move_size stay unchanged (0.9006ms)
✔ [AC-12] RingCentral Call qualified contact plans Granot Contact Snapshot only (7.7802ms)
✔ granot_lead_created Call later different Granot phone plans snapshot only (1.2275ms)
✔ Priority 8 Call Lead does not plan Granot Contact Snapshot (0.5551ms)
✔ [AC-13] empty receiver fills from one active Agent at a non-1/5 Priority (8.2839ms)
✔ [AC-13] Agent conflict or existing receiver never overwrites (0.7681ms)
✔ [AC-30] link_only pending match persists the next offset and becomes unmatched at 24h (5.6642ms)
✔ [AC-30] incomplete creation data is never scheduled as pending match (0.364ms)
✔ [AC-32] no-op desired state creates no changed paths (3.7182ms)
✔ Call Lead snapshot formatting-only Granot contact does not remanufacture a change (0.8816ms)
✔ WordPress snapshot formatting-only Granot contact does not remanufacture a change (1.1066ms)
✔ [AC-32] older temporal winner is stale and plans no desired-state effect (0.4141ms)
✔ Bad exact Form target plans only valid Priority; Duplicate has no target (2.3902ms)
✔ letter-prefixed Lead Job matches Granot digits and does not conflict (2.119ms)
✔ equivalent formatting does not manufacture a Job Number change (0.6636ms)
✔ observation_only policy stays evidence-only (3.0507ms)
✔ Call create_if_missing + priority_updated + unmatched + Job is not eligible (2.1985ms)
✔ Call create_if_missing + lead_created stays eligible (8.068ms)
✔ Form create_if_missing + lead_created stays eligible (0.7123ms)
✔ Call link_only + priority_updated is not eligible (0.3206ms)
✔ Form create_if_missing + priority_updated is not eligible (10.67ms)
✔ Call create_if_missing + booking_status_changed is not eligible (0.4812ms)
✔ invalid Call priority_updated never creates even with create_if_missing (0.3429ms)
✔ SSE snapshot then streams newer receipts and heartbeats before closing (3.4294ms)
✔ SSE reconnect with Last-Event-ID skips the snapshot and continues from the cursor (0.6245ms)
✔ [AC-L4] late intake_link emits receipt_updated without advancing the capture cursor (2.1348ms)
✔ SSE does not emit receipt_updated for a brand-new receipt just sent as receipt (1.3586ms)
✔ extractLiveWebhookLead reads name, contact, job, and move fields from a Granot body (3.1161ms)
✔ projectLiveWebhookReceipt keeps webhook lead facts and strips credential keys (3.543ms)
✔ projectLiveWebhookReceipt ignores extension receipts and unknown event classes (0.4679ms)
✔ live receipt event ids round-trip captured_at and receipt_id (4.1929ms)
✔ [AC-L1] lead_created and priority_updated keep observation_id but never a non-null intake_link (3.1986ms)
✔ [AC-L2] booking_status_changed links the unique booking case that holds the Observation (1.0378ms)
✔ [AC-L3] empty, unsupported, or discrepancy-only booking_status_changed never gets an intake_link (1.39ms)
✔ [AC-L5] two receipts on the same job only link the Observation that is on the case (0.6533ms)
✔ duplicate booking cases for one Observation fail closed and record an operational event (0.6669ms)
✔ missing Observation yields null observation_id and intake_link (0.6609ms)
✔ [AC-35] portion Unit 08 metrics accept only bounded error-code labels (2.9114ms)
✔ [AC-31][AC-35] Section 33 metric names stay exact and receipt labels stay closed (2.4541ms)
✔ [AC-18][AC-19] Booking-case gauge is current cardinality, not an evidence counter (0.7142ms)
✔ [AC-05][AC-06] one receipt upserts one Observation and sequential reprocess reuses it (38.7157ms)
✔ [AC-05] concurrent same-candidate inserts collapse to one stored row (1.354ms)
✔ [AC-05] a differing candidate fails closed and does not overwrite stored evidence (16.284ms)
✔ [AC-06] invalid and unsupported results persist as completed classifications (4.437ms)
✔ [AC-05] technical insert failure creates no partial second row (0.5481ms)
✔ [AC-05][AC-29] upsertGranotObservation normalizes an already-read receipt without Registry or aggregate fields (14.5711ms)
✔ [AC-05][AC-06][AC-25][AC-29] every Unit 01 fixture produces the expected normalized facts (20.2753ms)
✔ [AC-05] Priority 0, 1, 5, 8, 05, all-zero, and 12-digit retain raw/canonical/valid without enrichment (2.6784ms)
✔ [AC-06] missing or malformed Priority invalidates Priority Update only (0.5253ms)
✔ [AC-25] exact Booked, Releas, and Release aliases normalize; Released and prefixes do not (0.5442ms)
✔ [AC-29] type=AUTO stays provider context and does not supply source classification (1.7342ms)
✔ [AC-05] webhook, extension, and automation parity fixtures share normalized business fields (1.2491ms)
✔ [AC-06] lead_created payload event type is accepted case-insensitively (3.2715ms)
✔ [AC-06] non-object payload and route/event conflicts persist as terminal invalid vocabulary (0.9727ms)
✔ [AC-06] unsupported Booking Action is not upgraded or downgraded by Priority (0.3716ms)
✔ [AC-05][AC-29] source, identity, contact, move, money, and agent rules cover NFKC, bounds, and invalid dates (49.2147ms)
✔ [AC-05] omitted service_type and unused cubic_rate do not change extracted webhook facts (0.5843ms)
✔ [AC-05] display money never becomes domain command input (0.4412ms)
✔ fixture inventory paths normalize Windows and POSIX separators identically (2.3366ms)
✔ [AC-03][AC-05][AC-06][AC-29] every committed fixture satisfies the strict contract (7.383ms)
✔ [AC-03][AC-05][AC-06][AC-29] invalid fixture authority and metadata combinations are rejected (8.9998ms)
✔ [AC-03] identity fixtures preserve exact-reference priority and blank compatibility boundaries (13.1033ms)
✔ [AC-05] valid Priority fixtures freeze raw and canonical values without false downgrade authority (0.731ms)
✔ [AC-06] malformed Priority and exact Booking Action aliases retain independent behavior (0.4087ms)
✔ [AC-29] source labels remain separate from provider type and deferred effects (0.3908ms)
✔ [AC-05][AC-06] equivalent statements seed cross-channel normalization parity (0.602ms)
✔ [AC-03][AC-05][AC-06][AC-29] scanner accepts all schema-validated fixture sources (1565.4639ms)
✔ [AC-03][AC-05][AC-06][AC-29] scanner rejects injected sensitive material with safe locations only (391.5807ms)
✔ [AC-03][AC-05][AC-06][AC-29] scanner rejects raw and prohibited fixture source paths (2.4553ms)
✔ [AC-03][AC-05][AC-06][AC-29] recursive inventory rejects alternate durable fixture sources (68.6464ms)
{"level":"info","time":"2026-09-19T03:07:30.523Z","service":"vantage-main-server","env":"development","msg":"granot_lifecycle.booking_case.opened","observability_level":"info","category":"admin","workflow":"granot_lifecycle"}
✔ [AC-35][AC-37] Unit 30 event catalog is frozen and aliases are one-way (9.8405ms)
✔ [AC-35] sanitizer drops payload, contact, credentials, and free-form reason text (2.3874ms)
✔ [AC-35] sanitizer masks identifiers case-insensitively and retains bounded conflict codes (0.6838ms)
✔ [AC-35] unknown catalog keys are dropped and emission never throws (5.1855ms)
✔ [AC-31][AC-37] apply/replay/conflict stay distinguishable and replay emits no resolve (6.7726ms)
✔ [AC-35] owner command conflicts increment closed codes only (4.2482ms)
{"level":"info","time":"2026-09-19T03:07:30.530Z","service":"vantage-main-server","env":"development","msg":"granot_lifecycle.owner_command.applied","observability_level":"info","category":"admin","workflow":"granot_lifecycle"}
{"level":"info","time":"2026-09-19T03:07:30.530Z","service":"vantage-main-server","env":"development","msg":"granot_lifecycle.booking_case.resolved","observability_level":"info","category":"admin","workflow":"granot_lifecycle"}
{"level":"info","time":"2026-09-19T03:07:30.531Z","service":"vantage-main-server","env":"development","msg":"granot_lifecycle.owner_command.replayed","observability_level":"info","category":"admin","workflow":"granot_lifecycle"}
{"level":"warn","time":"2026-09-19T03:07:30.536Z","service":"vantage-main-server","env":"development","msg":"granot_lifecycle.owner_command.conflict","observability_level":"warn","category":"admin","workflow":"granot_lifecycle"}
{"level":"warn","time":"2026-09-19T03:07:30.537Z","service":"vantage-main-server","env":"development","msg":"granot_lifecycle.owner_command.conflict","observability_level":"warn","category":"admin","workflow":"granot_lifecycle"}
node:fs:441
    return binding.readFileUtf8(path, stringToFlags(options.flag));
                   ^

Error: UNKNOWN: unknown error, read
    at Object.readFileSync (node:fs:441:20)
    at Object.transformer (C:\Users\Pinda\Proyectos\vantage\vantage-main-server\node_modules\.pnpm\tsx@4.21.0\node_modules\tsx\dist\register-D46fvsV_.cjs:3:859)
    at Module.load (node:internal/modules/cjs/loader:1594:32)
    at Module._load (node:internal/modules/cjs/loader:1396:12)
    at wrapModuleLoad (node:internal/modules/cjs/loader:255:19)
    at Module.require (node:internal/modules/cjs/loader:1617:12)
    at require (node:internal/modules/helpers:153:16)
    at Object.<anonymous> (C:\Users\Pinda\Proyectos\vantage\vantage-main-server\node_modules\.pnpm\semver@7.8.0\node_modules\semver\index.js:19:22)
    at Module._compile (node:internal/modules/cjs/loader:1871:14)
    at Object.transformer (C:\Users\Pinda\Proyectos\vantage\vantage-main-server\node_modules\.pnpm\tsx@4.21.0\node_modules\tsx\dist\register-D46fvsV_.cjs:3:1104) {
  errno: -4094,
  code: 'UNKNOWN',
  syscall: 'read'
}

Node.js v24.18.0
✖ src\services\granotLifecycle\operations.replica.test.ts (28070.7701ms)
{"level":"info","time":"2026-09-19T03:07:29.978Z","service":"vantage-main-server","env":"development","msg":"granot_lifecycle.activation.committed","activation_id":"6aadfc...dfb7","activated_at":"2026-08-17T16:00:00.000Z","processor_version":"granot-lifecycle-processor-v1","request_id":"req-activation-test"}
✔ [AC-31] foundation Owner activation is write-once and returns a safe projection (21.8863ms)
✔ [AC-31] foundation Admin without Owner cannot activate (7.7091ms)
✔ [AC-31] activation audit failure cannot roll back the committed activation (3.8555ms)
﹣ [AC-31] foundation replica-set concurrent activation has one winner (7.28ms) # Replica-set proof is opt-in via GRANOT_LIFECYCLE_REPLICA_TESTS=true.
✔ [AC-37] Owner requeue moves dead_letter to pending without replacing evidence (17.2152ms)
✔ [AC-37] requeue audit failure cannot roll back the receipt transition (6.5907ms)
✔ [AC-37] requeue of completed or claimed work conflicts and creates no audit (109.2873ms)
✔ [AC-37] missing receipt returns GRANOT_RECEIPT_NOT_FOUND (51.6655ms)
✔ [AC-37] Admin without Owner cannot requeue (0.7644ms)
✔ [AC-35] portion activation projection omits reason and actor PII (46.139ms)
{"level":"info","time":"2026-09-19T03:07:30.013Z","service":"vantage-main-server","env":"development","msg":"granot_lifecycle.activation.committed","activation_id":"6aadfc...dfb8","activated_at":"2026-08-17T16:00:00.000Z","processor_version":"granot-lifecycle-processor-v1","request_id":"req-activation-test"}
{"level":"info","time":"2026-09-19T03:07:30.038Z","service":"vantage-main-server","env":"development","msg":"granot_lifecycle.manual_requeue.committed","receipt_id":"6aadfc...dfb9","prior_state":"dead_letter","new_state":"pending","manual_requeue_count":1,"request_id":"req-activation-test"}
{"level":"info","time":"2026-09-19T03:07:30.046Z","service":"vantage-main-server","env":"development","msg":"granot_lifecycle.manual_requeue.committed","receipt_id":"6aadfc...dfbb","prior_state":"dead_letter","new_state":"pending","manual_requeue_count":1,"request_id":"req-activation-test"}
﹣ [AC-32] replica temporal CAS one winner advances metadata without revision/Change/outbox (2.1842ms) # Replica-set proof is opt-in via GRANOT_LIFECYCLE_REPLICA_TESTS=true.
﹣ [AC-32] replica concurrent temporal loser re-evaluates stale and does not persist already_current (0.6998ms) # Replica-set proof is opt-in via GRANOT_LIFECYCLE_REPLICA_TESTS=true.
{"level":"info","time":"2026-09-19T03:07:40.082Z","service":"vantage-main-server","env":"development","msg":"granot_lifecycle.processing.completed","receipt_id":"6aad…288e","observation_id":"6aad…288d","decision_id":"6aad…2892","attempt":1,"execution_mode":"live","outcome":"pending_match","reason_code":"pending_source_scoped_match","duration_ms":49}
✔ [AC-18] processor does not invoke Booking reconciliation for Priority 5 (62.9424ms)
✔ [AC-18] Priority 5 with booking cases enabled still applies lead desired-state (7.9525ms)
✔ [AC-18][AC-19] processor invokes Booking reconciliation only in live gate-enabled posture (16.9088ms)
✔ [AC-25][AC-26][AC-27][AC-P5] processor invokes Booking reconciliation for live gate-enabled Release evidence (22.76ms)
✔ [AC-26][AC-27][AC-36][AC-R6] processor persists Release identity conflict through the discrepancy module (20.5992ms)
✔ [AC-R4] officially cancelled Booking + Release is already_current via Booking reconciliation (38.1542ms)
✔ Release booking-case early-return does not invoke synchronizeLeadFromGranot (6.4666ms)
✔ [AC-02] portion identical webhook evidence in two receipts creates two Decisions (3.7935ms)
✔ [AC-02] portion same observation/attempt replay returns one Decision (2.4908ms)
✔ [AC-02] portion a differing stored Decision is an integrity failure (2.4379ms)
✔ [AC-31] foundation pre-activation receipts stay historical and create no live effects (1.4202ms)
✔ [AC-31] foundation live-shadow Decisions are not promoted and mutate no Record Link (1.6903ms)
✔ [AC-32] portion historical establishment, confirmation, and conflict keep one active link (5.1662ms)
✔ [AC-32] portion invalid, unsupported, and unclassified paths create no link or forbidden effects (3.5862ms)
✔ processing disabled refuses unless a test supplies config (3.843ms)
✔ [AC-31] foundation live configuration with no match stays pending and mutates no Lead (1.3556ms)
﹣ [AC-32] portion replica-set Decision+link persist atomically and unique job races keep one active link (0.644ms) # Replica-set proof is opt-in via GRANOT_LIFECYCLE_REPLICA_TESTS=true.
✔ [AC-07] shadow matched Lead Created records one target and never claims a second Lead (1.609ms)
✔ [AC-08] foundation eligible create_if_missing stays suppressed with no reservation (1.86ms)
✔ [AC-30] processor emits terminal unmatched at 24 hours (2.8555ms)
✔ [AC-06] malformed Priority on Lead Created continues independent identity work (2.5273ms)
✔ [AC-32] shadow no-op already_current writes no Change, Sheet, or Record Link (1.54ms)
✔ [AC-32] live test posture advances metadata-only winner and does not emit Change (1.3261ms)
✔ [AC-32] CAS loser re-evaluates as stale and never persists already_current (2.4246ms)
✔ gate snapshot uses real policy facts in stable eight-name order (1.5626ms)
✔ [AC-35] portion Decision metrics use only bounded enum labels (1.1387ms)
✔ [AC-05][AC-07] live authorized matched write invokes synchronizeLeadFromGranot once (2.1798ms)
✔ [AC-32] live applied Decision replays without a second command after the Lead is current (0.946ms)
✔ [AC-32] lost live command race replans as stale and never persists applied (3.9796ms)
✔ [AC-32] already_current exact link does not invoke the command (1.7092ms)
✔ [AC-32] stale classification does not invoke the command (1.5638ms)
✔ [AC-32] inactive Source Company is policy_blocked and never invokes the command (1.272ms)
✔ [AC-07] live already_current with no active link still invokes association (1.3384ms)
✔ [AC-08] live eligible no-match invokes createLeadFromGranot once with the exact no-patch command (2.7033ms)
✔ [AC-08] live authorized Job-only Call invokes creation and multiple candidates block it (5.0196ms)
✔ RingCentral-origin Call Lead plus later Granot Call observation synchronizes and does not create (3.9846ms)
✔ fence identity race replans Call create_if_missing onto the RingCentral Call Lead (2.7697ms)
✔ Call Job versus phone pointing at two Leads is job_number_conflict and never creates (1.8303ms)
✔ [AC-07] live matched Lead Created never invokes createLeadFromGranot (2.2559ms)
✔ [AC-07] identity race winner replans through Unit 18 and never retries blind creation (10.96ms)
✔ [AC-07] lead-less active link reservation replans as record-link conflict (14.7446ms)
✔ [AC-07] unrelated duplicate-key failures remain technical errors (2.3583ms)
✔ [AC-08] disabled, shadow, incomplete, and route-failure paths create no command (34.8474ms)
✔ [AC-09] live Form same states select Local; differing states select long-distance; invalid ZIP/state create no command (7.7172ms)
✔ pending_match records granot.pending_match with parent_receipt_id (1.7142ms)
✔ unmatched records granot.unmatched and created is not minted by the processor (27.7237ms)
✔ same observation/attempt replay does not increment Daily Operations again (4.362ms)
{"level":"info","time":"2026-09-19T03:07:40.084Z","service":"vantage-main-server","env":"development","msg":"granot_lifecycle.processing.completed","observability_level":"info","category":"mongo","workflow":"granot_lifecycle"}
{"level":"info","time":"2026-09-19T03:07:40.098Z","service":"vantage-main-server","env":"development","msg":"granot_lifecycle.processing.completed","receipt_id":"6aad…2894","observation_id":"6aad…2893","decision_id":"6aad…2899","attempt":1,"execution_mode":"live","outcome":"applied","reason_code":"lead_state_changed","duration_ms":7}
{"level":"info","time":"2026-09-19T03:07:40.098Z","service":"vantage-main-server","env":"development","msg":"granot_lifecycle.processing.completed","observability_level":"info","category":"mongo","workflow":"granot_lifecycle"}
{"level":"info","time":"2026-09-19T03:07:40.100Z","service":"vantage-main-server","env":"development","msg":"granot_lifecycle.processing.completed","receipt_id":"6aad…289c","observation_id":"6aad…289b","decision_id":"6aad…28a0","attempt":1,"execution_mode":"live","outcome":"linked","reason_code":"booking_case_opened","duration_ms":1}
{"level":"info","time":"2026-09-19T03:07:40.100Z","service":"vantage-main-server","env":"development","msg":"granot_lifecycle.processing.completed","observability_level":"info","category":"mongo","workflow":"granot_lifecycle"}
{"level":"info","time":"2026-09-19T03:07:40.101Z","service":"vantage-main-server","env":"development","msg":"granot_lifecycle.processing.completed","receipt_id":"6aad…289c","observation_id":"6aad…289b","decision_id":"6aad…28a5","attempt":1,"execution_mode":"live","outcome":"pending_match","reason_code":"pending_source_scoped_match","duration_ms":0}
{"level":"info","time":"2026-09-19T03:07:40.114Z","service":"vantage-main-server","env":"development","msg":"granot_lifecycle.processing.completed","observability_level":"info","category":"mongo","workflow":"granot_lifecycle"}
{"level":"info","time":"2026-09-19T03:07:40.124Z","service":"vantage-main-server","env":"development","msg":"granot_lifecycle.processing.completed","receipt_id":"6aad…28a7","observation_id":"6aad…28a6","decision_id":"6aad…28ab","attempt":1,"execution_mode":"live","outcome":"linked","reason_code":"booking_case_opened","duration_ms":7}
{"level":"info","time":"2026-09-19T03:07:40.124Z","service":"vantage-main-server","env":"development","msg":"granot_lifecycle.processing.completed","observability_level":"info","category":"mongo","workflow":"granot_lifecycle"}
{"level":"info","time":"2026-09-19T03:07:40.137Z","service":"vantage-main-server","env":"development","msg":"granot_lifecycle.processing.completed","receipt_id":"6aad…28a7","observation_id":"6aad…28a6","decision_id":"6aad…28b0","attempt":1,"execution_mode":"live","outcome":"pending_match","reason_code":"pending_source_scoped_match","duration_ms":12}
{"level":"info","time":"2026-09-19T03:07:40.138Z","service":"vantage-main-server","env":"development","msg":"granot_lifecycle.processing.completed","observability_level":"info","category":"mongo","workflow":"granot_lifecycle"}
{"level":"info","time":"2026-09-19T03:07:40.158Z","service":"vantage-main-server","env":"development","msg":"granot_lifecycle.processing.completed","receipt_id":"6aad…28b2","observation_id":"6aad…28b1","decision_id":"6aad…28b6","attempt":1,"execution_mode":"live","outcome":"conflict","reason_code":"release_discrepancy_opened","duration_ms":19}
{"level":"info","time":"2026-09-19T03:07:40.158Z","service":"vantage-main-server","env":"development","msg":"granot_lifecycle.processing.completed","observability_level":"info","category":"mongo","workflow":"granot_lifecycle"}
{"level":"info","time":"2026-09-19T03:07:40.184Z","service":"vantage-main-server","env":"development","msg":"granot_lifecycle.processing.completed","receipt_id":"6aad…28b9","observation_id":"6aad…28b8","decision_id":"6aad…28be","attempt":1,"execution_mode":"live","outcome":"already_current","reason_code":"booking_already_cancelled","duration_ms":1}
{"level":"info","time":"2026-09-19T03:07:40.184Z","service":"vantage-main-server","env":"development","msg":"granot_lifecycle.processing.completed","observability_level":"info","category":"mongo","workflow":"granot_lifecycle"}
{"level":"info","time":"2026-09-19T03:07:40.200Z","service":"vantage-main-server","env":"development","msg":"granot_lifecycle.processing.completed","receipt_id":"6aad…28c0","observation_id":"6aad…28bf","decision_id":"6aad…28c5","attempt":1,"execution_mode":"live","outcome":"linked","reason_code":"booking_case_opened","duration_ms":2}
{"level":"info","time":"2026-09-19T03:07:40.200Z","service":"vantage-main-server","env":"development","msg":"granot_lifecycle.processing.completed","observability_level":"info","category":"mongo","workflow":"granot_lifecycle"}
{"level":"info","time":"2026-09-19T03:07:40.203Z","service":"vantage-main-server","env":"development","msg":"granot_lifecycle.processing.completed","receipt_id":"6aad…28c0","observation_id":"6aad…28bf","decision_id":"6aad…28ca","attempt":1,"execution_mode":"live","outcome":"linked","reason_code":"booking_case_refreshed","duration_ms":2}
{"level":"info","time":"2026-09-19T03:07:40.203Z","service":"vantage-main-server","env":"development","msg":"granot_lifecycle.processing.completed","observability_level":"info","category":"mongo","workflow":"granot_lifecycle"}
{"level":"info","time":"2026-09-19T03:07:40.206Z","service":"vantage-main-server","env":"development","msg":"granot_lifecycle.processing.completed","receipt_id":"6aad…28cd","observation_id":"6aad…28cc","decision_id":"6aad…28d7","attempt":1,"execution_mode":"historical_shadow","outcome":"linked","reason_code":"record_link_established","duration_ms":1}
{"level":"info","time":"2026-09-19T03:07:40.207Z","service":"vantage-main-server","env":"development","msg":"granot_lifecycle.processing.completed","observability_level":"info","category":"mongo","workflow":"granot_lifecycle"}
{"level":"info","time":"2026-09-19T03:07:40.208Z","service":"vantage-main-server","env":"development","msg":"granot_lifecycle.processing.completed","receipt_id":"6aad…28ce","observation_id":"6aad…28cf","decision_id":"6aad…28d9","attempt":1,"execution_mode":"historical_shadow","outcome":"linked","reason_code":"record_link_established","duration_ms":1}
{"level":"info","time":"2026-09-19T03:07:40.208Z","service":"vantage-main-server","env":"development","msg":"granot_lifecycle.processing.completed","observability_level":"info","category":"mongo","workflow":"granot_lifecycle"}
{"level":"info","time":"2026-09-19T03:07:40.210Z","service":"vantage-main-server","env":"development","msg":"granot_lifecycle.processing.completed","receipt_id":"6aad…28dc","observation_id":"6aad…28db","decision_id":"6aad…28e0","attempt":1,"execution_mode":"historical_shadow","outcome":"linked","reason_code":"record_link_established","duration_ms":1}
{"level":"info","time":"2026-09-19T03:07:40.210Z","service":"vantage-main-server","env":"development","msg":"granot_lifecycle.processing.completed","observability_level":"info","category":"mongo","workflow":"granot_lifecycle"}
{"level":"info","time":"2026-09-19T03:07:40.215Z","service":"vantage-main-server","env":"development","msg":"granot_lifecycle.processing.completed","receipt_id":"6aad…28ec","observation_id":"6aad…28eb","decision_id":"6aad…28f0","attempt":1,"execution_mode":"historical_shadow","outcome":"linked","reason_code":"record_link_established","duration_ms":1}
{"level":"info","time":"2026-09-19T03:07:40.215Z","service":"vantage-main-server","env":"development","msg":"granot_lifecycle.processing.completed","observability_level":"info","category":"mongo","workflow":"granot_lifecycle"}
{"level":"info","time":"2026-09-19T03:07:40.216Z","service":"vantage-main-server","env":"development","msg":"granot_lifecycle.processing.completed","receipt_id":"6aad…28f3","observation_id":"6aad…28f2","decision_id":"6aad…28f7","attempt":1,"execution_mode":"live_shadow","outcome":"pending_match","reason_code":"pending_source_scoped_match","duration_ms":1}
{"level":"info","time":"2026-09-19T03:07:40.216Z","service":"vantage-main-server","env":"development","msg":"granot_lifecycle.processing.completed","observability_level":"info","category":"mongo","workflow":"granot_lifecycle"}
{"level":"info","time":"2026-09-19T03:07:40.218Z","service":"vantage-main-server","env":"development","msg":"granot_lifecycle.processing.completed","receipt_id":"6aad…28fc","observation_id":"6aad…28fb","decision_id":"6aad…28fd","attempt":1,"execution_mode":"historical_shadow","outcome":"linked","reason_code":"record_link_established","duration_ms":1}
{"level":"info","time":"2026-09-19T03:07:40.218Z","service":"vantage-main-server","env":"development","msg":"granot_lifecycle.processing.completed","observability_level":"info","category":"mongo","workflow":"granot_lifecycle"}
{"level":"info","time":"2026-09-19T03:07:40.219Z","service":"vantage-main-server","env":"development","msg":"granot_lifecycle.processing.completed","receipt_id":"6aad…28ff","observation_id":"6aad…2900","decision_id":"6aad…2902","attempt":1,"execution_mode":"historical_shadow","outcome":"linked","reason_code":"record_link_confirmed","duration_ms":1}
{"level":"info","time":"2026-09-19T03:07:40.220Z","service":"vantage-main-server","env":"development","msg":"granot_lifecycle.processing.completed","observability_level":"info","category":"mongo","workflow":"granot_lifecycle"}
{"level":"info","time":"2026-09-19T03:07:40.222Z","service":"vantage-main-server","env":"development","msg":"granot_lifecycle.processing.completed","receipt_id":"6aad…2905","observation_id":"6aad…2906","decision_id":"6aad…2909","attempt":1,"execution_mode":"historical_shadow","outcome":"conflict","reason_code":"record_link_conflict","duration_ms":2}
{"level":"info","time":"2026-09-19T03:07:40.222Z","service":"vantage-main-server","env":"development","msg":"granot_lifecycle.processing.completed","observability_level":"info","category":"mongo","workflow":"granot_lifecycle"}
{"level":"info","time":"2026-09-19T03:07:40.223Z","service":"vantage-main-server","env":"development","msg":"granot_lifecycle.processing.completed","receipt_id":"6aad…290b","observation_id":"6aad…290a","decision_id":"6aad…2910","attempt":1,"execution_mode":"historical_shadow","outcome":"invalid","reason_code":"invalid_priority_update","duration_ms":0}
{"level":"info","time":"2026-09-19T03:07:40.223Z","service":"vantage-main-server","env":"development","msg":"granot_lifecycle.processing.completed","observability_level":"info","category":"mongo","workflow":"granot_lifecycle"}
{"level":"info","time":"2026-09-19T03:07:40.225Z","service":"vantage-main-server","env":"development","msg":"granot_lifecycle.processing.completed","receipt_id":"6aad…2912","observation_id":"6aad…2911","decision_id":"6aad…2917","attempt":1,"execution_mode":"historical_shadow","outcome":"unsupported","reason_code":"unsupported_booking_action","duration_ms":1}
{"level":"info","time":"2026-09-19T03:07:40.225Z","service":"vantage-main-server","env":"development","msg":"granot_lifecycle.processing.completed","observability_level":"info","category":"mongo","workflow":"granot_lifecycle"}
{"level":"info","time":"2026-09-19T03:07:40.225Z","service":"vantage-main-server","env":"development","msg":"granot_lifecycle.processing.completed","receipt_id":"6aad…2919","observation_id":"6aad…2918","decision_id":"6aad…291b","attempt":1,"execution_mode":"historical_shadow","outcome":"policy_blocked","reason_code":"source_unclassified","duration_ms":0}
{"level":"info","time":"2026-09-19T03:07:40.226Z","service":"vantage-main-server","env":"development","msg":"granot_lifecycle.processing.completed","observability_level":"info","category":"mongo","workflow":"granot_lifecycle"}
{"level":"info","time":"2026-09-19T03:07:40.231Z","service":"vantage-main-server","env":"development","msg":"granot_lifecycle.processing.completed","receipt_id":"6aad…2923","observation_id":"6aad…2922","decision_id":"6aad…2927","attempt":1,"execution_mode":"live","outcome":"pending_match","reason_code":"pending_source_scoped_match","duration_ms":1}
{"level":"info","time":"2026-09-19T03:07:40.231Z","service":"vantage-main-server","env":"development","msg":"granot_lifecycle.processing.completed","observability_level":"info","category":"mongo","workflow":"granot_lifecycle"}
{"level":"info","time":"2026-09-19T03:07:40.233Z","service":"vantage-main-server","env":"development","msg":"granot_lifecycle.processing.completed","receipt_id":"6aad…2929","observation_id":"6aad…2928","decision_id":"6aad…292e","attempt":1,"execution_mode":"live_shadow","outcome":"policy_blocked","reason_code":"shadow_effect_suppressed","duration_ms":1}
{"level":"info","time":"2026-09-19T03:07:40.233Z","service":"vantage-main-server","env":"development","msg":"granot_lifecycle.processing.completed","observability_level":"info","category":"mongo","workflow":"granot_lifecycle"}
{"level":"info","time":"2026-09-19T03:07:40.235Z","service":"vantage-main-server","env":"development","msg":"granot_lifecycle.processing.completed","receipt_id":"6aad…2930","observation_id":"6aad…292f","decision_id":"6aad…2934","attempt":1,"execution_mode":"live_shadow","outcome":"policy_blocked","reason_code":"shadow_effect_suppressed","duration_ms":1}
{"level":"info","time":"2026-09-19T03:07:40.235Z","service":"vantage-main-server","env":"development","msg":"granot_lifecycle.processing.completed","observability_level":"info","category":"mongo","workflow":"granot_lifecycle"}
{"level":"info","time":"2026-09-19T03:07:40.237Z","service":"vantage-main-server","env":"development","msg":"granot_lifecycle.processing.completed","receipt_id":"6aad…2936","observation_id":"6aad…2935","decision_id":"6aad…293a","attempt":9,"execution_mode":"live_shadow","outcome":"unmatched","reason_code":"match_window_expired","duration_ms":0}
{"level":"info","time":"2026-09-19T03:07:40.238Z","service":"vantage-main-server","env":"development","msg":"granot_lifecycle.processing.completed","observability_level":"info","category":"mongo","workflow":"granot_lifecycle"}
{"level":"info","time":"2026-09-19T03:07:40.240Z","service":"vantage-main-server","env":"development","msg":"granot_lifecycle.processing.completed","receipt_id":"6aad…293c","observation_id":"6aad…293b","decision_id":"6aad…2941","attempt":1,"execution_mode":"live_shadow","outcome":"policy_blocked","reason_code":"shadow_effect_suppressed","duration_ms":1}
{"level":"info","time":"2026-09-19T03:07:40.240Z","service":"vantage-main-server","env":"development","msg":"granot_lifecycle.processing.completed","observability_level":"info","category":"mongo","workflow":"granot_lifecycle"}
{"level":"info","time":"2026-09-19T03:07:40.242Z","service":"vantage-main-server","env":"development","msg":"granot_lifecycle.processing.completed","receipt_id":"6aad…2943","observation_id":"6aad…2942","decision_id":"6aad…2948","attempt":1,"execution_mode":"live_shadow","outcome":"already_current","reason_code":"desired_state_already_current","duration_ms":0}
{"level":"info","time":"2026-09-19T03:07:40.242Z","service":"vantage-main-server","env":"development","msg":"granot_lifecycle.processing.completed","observability_level":"info","category":"mongo","workflow":"granot_lifecycle"}
{"level":"info","time":"2026-09-19T03:07:40.244Z","service":"vantage-main-server","env":"development","msg":"granot_lifecycle.processing.completed","receipt_id":"6aad…294a","observation_id":"6aad…2949","decision_id":"6aad…2953","attempt":1,"execution_mode":"live","outcome":"already_current","reason_code":"desired_state_already_current","duration_ms":1}
{"level":"info","time":"2026-09-19T03:07:40.244Z","service":"vantage-main-server","env":"development","msg":"granot_lifecycle.processing.completed","observability_level":"info","category":"mongo","workflow":"granot_lifecycle"}
{"level":"info","time":"2026-09-19T03:07:40.246Z","service":"vantage-main-server","env":"development","msg":"granot_lifecycle.processing.completed","receipt_id":"6aad…2955","observation_id":"6aad…2954","decision_id":"6aad…2960","attempt":1,"execution_mode":"live","outcome":"stale","reason_code":"older_than_temporal_winner","duration_ms":1}
{"level":"info","time":"2026-09-19T03:07:40.246Z","service":"vantage-main-server","env":"development","msg":"granot_lifecycle.processing.completed","observability_level":"info","category":"mongo","workflow":"granot_lifecycle"}
{"level":"info","time":"2026-09-19T03:07:40.247Z","service":"vantage-main-server","env":"development","msg":"granot_lifecycle.processing.completed","receipt_id":"6aad…2962","observation_id":"6aad…2961","decision_id":"6aad…2966","attempt":1,"execution_mode":"historical_shadow","outcome":"linked","reason_code":"record_link_established","duration_ms":0}
{"level":"info","time":"2026-09-19T03:07:40.248Z","service":"vantage-main-server","env":"development","msg":"granot_lifecycle.processing.completed","observability_level":"info","category":"mongo","workflow":"granot_lifecycle"}
{"level":"info","time":"2026-09-19T03:07:40.249Z","service":"vantage-main-server","env":"development","msg":"granot_lifecycle.processing.completed","receipt_id":"6aad…2969","observation_id":"6aad…2968","decision_id":"6aad…296d","attempt":1,"execution_mode":"historical_shadow","outcome":"linked","reason_code":"record_link_established","duration_ms":0}
{"level":"info","time":"2026-09-19T03:07:40.249Z","service":"vantage-main-server","env":"development","msg":"granot_lifecycle.processing.completed","observability_level":"info","category":"mongo","workflow":"granot_lifecycle"}
{"level":"info","time":"2026-09-19T03:07:40.251Z","service":"vantage-main-server","env":"development","msg":"granot_lifecycle.processing.completed","receipt_id":"6aad…2970","observation_id":"6aad…296f","decision_id":"6aad…2975","attempt":1,"execution_mode":"live","outcome":"applied","reason_code":"lead_state_changed","duration_ms":1}
{"level":"info","time":"2026-09-19T03:07:40.252Z","service":"vantage-main-server","env":"development","msg":"granot_lifecycle.processing.completed","observability_level":"info","category":"mongo","workflow":"granot_lifecycle"}
{"level":"info","time":"2026-09-19T03:07:40.256Z","service":"vantage-main-server","env":"development","msg":"granot_lifecycle.processing.completed","receipt_id":"6aad…2982","observation_id":"6aad…2981","decision_id":"6aad…298f","attempt":1,"execution_mode":"live","outcome":"stale","reason_code":"older_than_temporal_winner","duration_ms":3}
{"level":"info","time":"2026-09-19T03:07:40.256Z","service":"vantage-main-server","env":"development","msg":"granot_lifecycle.processing.completed","observability_level":"info","category":"mongo","workflow":"granot_lifecycle"}
{"level":"info","time":"2026-09-19T03:07:40.258Z","service":"vantage-main-server","env":"development","msg":"granot_lifecycle.processing.completed","receipt_id":"6aad…2991","observation_id":"6aad…2990","decision_id":"6aad…299a","attempt":1,"execution_mode":"live","outcome":"already_current","reason_code":"desired_state_already_current","duration_ms":1}
{"level":"info","time":"2026-09-19T03:07:40.258Z","service":"vantage-main-server","env":"development","msg":"granot_lifecycle.processing.completed","observability_level":"info","category":"mongo","workflow":"granot_lifecycle"}
{"level":"info","time":"2026-09-19T03:07:40.260Z","service":"vantage-main-server","env":"development","msg":"granot_lifecycle.processing.completed","receipt_id":"6aad…299c","observation_id":"6aad…299b","decision_id":"6aad…29a5","attempt":1,"execution_mode":"live","outcome":"stale","reason_code":"older_than_temporal_winner","duration_ms":1}
{"level":"info","time":"2026-09-19T03:07:40.260Z","service":"vantage-main-server","env":"development","msg":"granot_lifecycle.processing.completed","observability_level":"info","category":"mongo","workflow":"granot_lifecycle"}
{"level":"info","time":"2026-09-19T03:07:40.261Z","service":"vantage-main-server","env":"development","msg":"granot_lifecycle.processing.completed","receipt_id":"6aad…29a7","observation_id":"6aad…29a6","decision_id":"6aad…29ac","attempt":1,"execution_mode":"live","outcome":"policy_blocked","reason_code":"target_source_company_inactive","duration_ms":0}
{"level":"info","time":"2026-09-19T03:07:40.261Z","service":"vantage-main-server","env":"development","msg":"granot_lifecycle.processing.completed","observability_level":"info","category":"mongo","workflow":"granot_lifecycle"}
{"level":"info","time":"2026-09-19T03:07:40.263Z","service":"vantage-main-server","env":"development","msg":"granot_lifecycle.processing.completed","receipt_id":"6aad…29ae","observation_id":"6aad…29ad","decision_id":"6aad…29b3","attempt":1,"execution_mode":"live","outcome":"linked","reason_code":"record_link_established","duration_ms":1}
{"level":"info","time":"2026-09-19T03:07:40.263Z","service":"vantage-main-server","env":"development","msg":"granot_lifecycle.processing.completed","observability_level":"info","category":"mongo","workflow":"granot_lifecycle"}
{"level":"info","time":"2026-09-19T03:07:40.265Z","service":"vantage-main-server","env":"development","msg":"granot_lifecycle.processing.completed","receipt_id":"6aad…29b6","observation_id":"6aad…29b5","decision_id":"6aad…29bb","attempt":1,"execution_mode":"live","outcome":"created","reason_code":"lead_created_authorized","duration_ms":1}
{"level":"info","time":"2026-09-19T03:07:40.265Z","service":"vantage-main-server","env":"development","msg":"granot_lifecycle.processing.completed","observability_level":"info","category":"mongo","workflow":"granot_lifecycle"}
{"level":"info","time":"2026-09-19T03:07:40.269Z","service":"vantage-main-server","env":"development","msg":"granot_lifecycle.processing.completed","receipt_id":"6aad…29c0","observation_id":"6aad…29bf","decision_id":"6aad…29c4","attempt":1,"execution_mode":"live","outcome":"created","reason_code":"lead_created_authorized","duration_ms":3}
{"level":"info","time":"2026-09-19T03:07:40.269Z","service":"vantage-main-server","env":"development","msg":"granot_lifecycle.processing.completed","observability_level":"info","category":"mongo","workflow":"granot_lifecycle"}
{"level":"info","time":"2026-09-19T03:07:40.270Z","service":"vantage-main-server","env":"development","msg":"granot_lifecycle.processing.completed","receipt_id":"6aad…29c0","observation_id":"6aad…29bf","decision_id":"6aad…29cd","attempt":1,"execution_mode":"live","outcome":"conflict","reason_code":"multiple_eligible_matches","duration_ms":1}
{"level":"info","time":"2026-09-19T03:07:40.270Z","service":"vantage-main-server","env":"development","msg":"granot_lifecycle.processing.completed","observability_level":"info","category":"mongo","workflow":"granot_lifecycle"}
{"level":"info","time":"2026-09-19T03:07:40.273Z","service":"vantage-main-server","env":"development","msg":"granot_lifecycle.processing.completed","receipt_id":"6aad…29d0","observation_id":"6aad…29cf","decision_id":"6aad…29d4","attempt":1,"execution_mode":"live","outcome":"applied","reason_code":"lead_state_changed","duration_ms":1}
{"level":"info","time":"2026-09-19T03:07:40.273Z","service":"vantage-main-server","env":"development","msg":"granot_lifecycle.processing.completed","observability_level":"info","category":"mongo","workflow":"granot_lifecycle"}
{"level":"info","time":"2026-09-19T03:07:40.275Z","service":"vantage-main-server","env":"development","msg":"granot_lifecycle.processing.completed","receipt_id":"6aad…29d7","observation_id":"6aad…29d6","decision_id":"6aad…29db","attempt":1,"execution_mode":"live","outcome":"applied","reason_code":"lead_state_changed","duration_ms":1}
{"level":"info","time":"2026-09-19T03:07:40.275Z","service":"vantage-main-server","env":"development","msg":"granot_lifecycle.processing.completed","observability_level":"info","category":"mongo","workflow":"granot_lifecycle"}
{"level":"info","time":"2026-09-19T03:07:40.277Z","service":"vantage-main-server","env":"development","msg":"granot_lifecycle.processing.completed","receipt_id":"6aad…29de","observation_id":"6aad…29dd","decision_id":"6aad…29e5","attempt":1,"execution_mode":"live","outcome":"applied","reason_code":"lead_state_changed","duration_ms":2}
{"level":"info","time":"2026-09-19T03:07:40.277Z","service":"vantage-main-server","env":"development","msg":"granot_lifecycle.processing.completed","observability_level":"info","category":"mongo","workflow":"granot_lifecycle"}
{"level":"info","time":"2026-09-19T03:07:40.279Z","service":"vantage-main-server","env":"development","msg":"granot_lifecycle.processing.completed","receipt_id":"6aad…29e8","observation_id":"6aad…29e7","decision_id":"6aad…29ee","attempt":1,"execution_mode":"live","outcome":"conflict","reason_code":"job_number_conflict","duration_ms":0}
{"level":"info","time":"2026-09-19T03:07:40.279Z","service":"vantage-main-server","env":"development","msg":"granot_lifecycle.processing.completed","observability_level":"info","category":"mongo","workflow":"granot_lifecycle"}
{"level":"info","time":"2026-09-19T03:07:40.282Z","service":"vantage-main-server","env":"development","msg":"granot_lifecycle.processing.completed","receipt_id":"6aad…29f0","observation_id":"6aad…29ef","decision_id":"6aad…29f6","attempt":1,"execution_mode":"live","outcome":"applied","reason_code":"lead_state_changed","duration_ms":1}
{"level":"info","time":"2026-09-19T03:07:40.282Z","service":"vantage-main-server","env":"development","msg":"granot_lifecycle.processing.completed","observability_level":"info","category":"mongo","workflow":"granot_lifecycle"}
{"level":"info","time":"2026-09-19T03:07:40.293Z","service":"vantage-main-server","env":"development","msg":"granot_lifecycle.processing.completed","receipt_id":"6aad…29f9","observation_id":"6aad…29f8","decision_id":"6aad…2a01","attempt":1,"execution_mode":"live","outcome":"applied","reason_code":"lead_state_changed","duration_ms":10}
{"level":"info","time":"2026-09-19T03:07:40.293Z","service":"vantage-main-server","env":"development","msg":"granot_lifecycle.processing.completed","observability_level":"info","category":"mongo","workflow":"granot_lifecycle"}
{"level":"info","time":"2026-09-19T03:07:40.307Z","service":"vantage-main-server","env":"development","msg":"granot_lifecycle.processing.completed","receipt_id":"6aad…2a04","observation_id":"6aad…2a03","decision_id":"6aad…2a0b","attempt":1,"execution_mode":"live","outcome":"conflict","reason_code":"record_link_conflict","duration_ms":1}
{"level":"info","time":"2026-09-19T03:07:40.308Z","service":"vantage-main-server","env":"development","msg":"granot_lifecycle.processing.completed","observability_level":"info","category":"mongo","workflow":"granot_lifecycle"}
{"level":"info","time":"2026-09-19T03:07:40.332Z","service":"vantage-main-server","env":"development","msg":"granot_lifecycle.processing.completed","receipt_id":"6aad…2a15","observation_id":"6aad…2a14","decision_id":"6aad…2a1a","attempt":1,"execution_mode":"live","outcome":"policy_blocked","reason_code":"global_effect_disabled","duration_ms":1}
{"level":"info","time":"2026-09-19T03:07:40.332Z","service":"vantage-main-server","env":"development","msg":"granot_lifecycle.processing.completed","observability_level":"info","category":"mongo","workflow":"granot_lifecycle"}
{"level":"info","time":"2026-09-19T03:07:40.348Z","service":"vantage-main-server","env":"development","msg":"granot_lifecycle.processing.completed","receipt_id":"6aad…2a15","observation_id":"6aad…2a14","decision_id":"6aad…2a1b","attempt":1,"execution_mode":"live_shadow","outcome":"policy_blocked","reason_code":"shadow_effect_suppressed","duration_ms":15}
{"level":"info","time":"2026-09-19T03:07:40.349Z","service":"vantage-main-server","env":"development","msg":"granot_lifecycle.processing.completed","observability_level":"info","category":"mongo","workflow":"granot_lifecycle"}
{"level":"info","time":"2026-09-19T03:07:40.350Z","service":"vantage-main-server","env":"development","msg":"granot_lifecycle.processing.completed","receipt_id":"6aad…2a1d","observation_id":"6aad…2a1c","decision_id":"6aad…2a1e","attempt":1,"execution_mode":"live","outcome":"insufficient_creation_data","reason_code":"missing_creation_contact","duration_ms":1}
{"level":"info","time":"2026-09-19T03:07:40.350Z","service":"vantage-main-server","env":"development","msg":"granot_lifecycle.processing.completed","observability_level":"info","category":"mongo","workflow":"granot_lifecycle"}
{"level":"info","time":"2026-09-19T03:07:40.351Z","service":"vantage-main-server","env":"development","msg":"granot_lifecycle.processing.completed","receipt_id":"6aad…2a15","observation_id":"6aad…2a14","decision_id":"6aad…2a21","attempt":1,"execution_mode":"live","outcome":"insufficient_creation_data","reason_code":"missing_creation_route_data","duration_ms":1}
{"level":"info","time":"2026-09-19T03:07:40.351Z","service":"vantage-main-server","env":"development","msg":"granot_lifecycle.processing.completed","observability_level":"info","category":"mongo","workflow":"granot_lifecycle"}
{"level":"info","time":"2026-09-19T03:07:40.352Z","service":"vantage-main-server","env":"development","msg":"granot_lifecycle.processing.completed","receipt_id":"6aad…2a27","observation_id":"6aad…2a26","decision_id":"6aad…2a28","attempt":1,"execution_mode":"live","outcome":"created","reason_code":"lead_created_authorized","duration_ms":0}
{"level":"info","time":"2026-09-19T03:07:40.353Z","service":"vantage-main-server","env":"development","msg":"granot_lifecycle.processing.completed","observability_level":"info","category":"mongo","workflow":"granot_lifecycle"}
{"level":"info","time":"2026-09-19T03:07:40.353Z","service":"vantage-main-server","env":"development","msg":"granot_lifecycle.processing.completed","receipt_id":"6aad…2a2d","observation_id":"6aad…2a2c","decision_id":"6aad…2a2e","attempt":1,"execution_mode":"live","outcome":"created","reason_code":"lead_created_authorized","duration_ms":0}
{"level":"info","time":"2026-09-19T03:07:40.354Z","service":"vantage-main-server","env":"development","msg":"granot_lifecycle.processing.completed","observability_level":"info","category":"mongo","workflow":"granot_lifecycle"}
{"level":"info","time":"2026-09-19T03:07:40.357Z","service":"vantage-main-server","env":"development","msg":"granot_lifecycle.processing.completed","receipt_id":"6aad…2a33","observation_id":"6aad…2a32","decision_id":"6aad…2a34","attempt":1,"execution_mode":"live","outcome":"insufficient_creation_data","reason_code":"missing_creation_route_data","duration_ms":3}
{"level":"info","time":"2026-09-19T03:07:40.357Z","service":"vantage-main-server","env":"development","msg":"granot_lifecycle.processing.completed","observability_level":"info","category":"mongo","workflow":"granot_lifecycle"}
{"level":"info","time":"2026-09-19T03:07:40.358Z","service":"vantage-main-server","env":"development","msg":"granot_lifecycle.processing.completed","receipt_id":"6aad…2a36","observation_id":"6aad…2a35","decision_id":"6aad…2a37","attempt":1,"execution_mode":"live","outcome":"insufficient_creation_data","reason_code":"missing_creation_route_data","duration_ms":0}
{"level":"info","time":"2026-09-19T03:07:40.358Z","service":"vantage-main-server","env":"development","msg":"granot_lifecycle.processing.completed","observability_level":"info","category":"mongo","workflow":"granot_lifecycle"}
{"level":"info","time":"2026-09-19T03:07:40.360Z","service":"vantage-main-server","env":"development","msg":"granot_lifecycle.processing.completed","receipt_id":"6aad…2a39","observation_id":"6aad…2a38","decision_id":"6aad…2a3d","attempt":1,"execution_mode":"live","outcome":"pending_match","reason_code":"pending_source_scoped_match","duration_ms":0}
{"level":"info","time":"2026-09-19T03:07:40.360Z","service":"vantage-main-server","env":"development","msg":"granot_lifecycle.processing.completed","observability_level":"info","category":"mongo","workflow":"granot_lifecycle"}
{"level":"info","time":"2026-09-19T03:07:40.368Z","service":"vantage-main-server","env":"development","msg":"granot_lifecycle.processing.completed","receipt_id":"6aad…2a3f","observation_id":"6aad…2a3e","decision_id":"6aad…2a43","attempt":9,"execution_mode":"live_shadow","outcome":"unmatched","reason_code":"match_window_expired","duration_ms":0}
{"level":"info","time":"2026-09-19T03:07:40.368Z","service":"vantage-main-server","env":"development","msg":"granot_lifecycle.processing.completed","observability_level":"info","category":"mongo","workflow":"granot_lifecycle"}
{"level":"info","time":"2026-09-19T03:07:40.384Z","service":"vantage-main-server","env":"development","msg":"granot_lifecycle.processing.completed","receipt_id":"6aad…2a45","observation_id":"6aad…2a44","decision_id":"6aad…2a4a","attempt":1,"execution_mode":"live","outcome":"created","reason_code":"lead_created_authorized","duration_ms":15}
{"level":"info","time":"2026-09-19T03:07:40.388Z","service":"vantage-main-server","env":"development","msg":"granot_lifecycle.processing.completed","observability_level":"info","category":"mongo","workflow":"granot_lifecycle"}
{"level":"info","time":"2026-09-19T03:07:40.392Z","service":"vantage-main-server","env":"development","msg":"granot_lifecycle.processing.completed","receipt_id":"6aad…2a4f","observation_id":"6aad…2a4e","decision_id":"6aad…2a53","attempt":1,"execution_mode":"live","outcome":"pending_match","reason_code":"pending_source_scoped_match","duration_ms":3}
{"level":"info","time":"2026-09-19T03:07:40.392Z","service":"vantage-main-server","env":"development","msg":"granot_lifecycle.processing.completed","observability_level":"info","category":"mongo","workflow":"granot_lifecycle"}
✔ Form q for a Granot-only name includes granot_contact_snapshot.name (20.9857ms)
✔ Form q for an ingested-only email includes ingested_contact_snapshot.email (1.4309ms)
✔ Form q for a typed phone substring hits live and snapshot phone paths (1.5703ms)
✔ Form q still hits job_no and ref_no (23.2325ms)
✔ Call q includes ingested and Granot snapshot contact paths (2.5151ms)
✔ empty q still pins ranked identity; explicit q still pins nothing (5.9892ms)
✔ Form item with a snapshot returns known_contacts.granot and live contact stays Form submitted (4.32ms)
✔ Form item without a snapshot omits known_contacts.granot (0.6858ms)
✔ listGranotLifecycleCaseCandidates Form q uses snapshot paths, excludes Duplicate/Bad, and maps known_contacts (23.5493ms)
✔ listGranotLifecycleCaseCandidates Call q uses snapshot paths and maps known_contacts (2.392ms)
✔ listGranotLifecycleCaseCandidates Call q for Granot-only phone hits snapshot phone paths (1.8436ms)
﹣ [AC-18][AC-20][AC-35][AC-39] replica lifecycle reads leave aggregate and effect collection counts unchanged (32.545ms) # Replica-set proof is opt-in via GRANOT_LIFECYCLE_REPLICA_TESTS=true.
✔ [AC-35] Job path normalization rejects empty values (32.5213ms)
✔ [AC-35] the discrepancy queue still masks the contact it never asks anyone to call (0.7827ms)
✔ an intake names the customer the Owner has to call, and falls back to how to reach them (0.3902ms)
✔ [AC-23] candidate ranking pins the suggested Lead, then high confidence, and is stable (2.4631ms)
✔ intake case detail hands the Owner the whole contact, not an initial and four digits (2.2166ms)
✔ [AC-20] [AC-36] [AC-40] timeline order is stable and evidence is not collapsed (13.7434ms)
✔ [AC-35] lifecycle DTO recursive guard rejects raw transport and credentials (0.7492ms)
✔ list deterministic booking exposes the official id and public-cancel eligibility (0.5642ms)
✔ [AC-31] health flag names match the ten centralized lifecycle flags and do not promote effects (0.5697ms)
✔ [AC-37] due work includes expired claims and excludes unexpired claimed leases (0.6149ms)
✔ [AC-P7] list compact pairing matches the creating Booked class and omits Release rows (7.8589ms)
✔ [AC-P4][AC-P6][AC-P7] detail pairing includes later Priority 5 and is null for historical Priority 5 only (1.2247ms)
✔ [AC-R10] default intakes list is booking-only; kind=release still lists historical Release cases (0.5095ms)
✔ list latest_action uses booking-intake selection so later Priority 5 cannot win (2.3469ms)
✔ [AC-R3] pairing is omitted on a Release-only booking case (0.9462ms)
✔ [AC-R3] capabilities matrix follows spec §7 and hides Confirm Cancellation when commands are off (2.7727ms)
{"level":"info","time":"2026-09-19T03:07:37.114Z","service":"vantage-main-server","env":"development","msg":"granot_lifecycle.queue.publish_skipped","receipt_id":"rece…skip","observation_channel":"granot_webhook"}
✔ [AC-35] publisher is skipped in the test runner and never sends a queue message (5.7685ms)
✔ [AC-02][AC-35] publisher sends exactly { receipt_id } when publishing is enabled (1.7031ms)
✔ [AC-35] publish failure is observed safely and does not throw (3.7347ms)
{"level":"info","time":"2026-09-19T03:07:37.120Z","service":"vantage-main-server","env":"development","msg":"granot_lifecycle.queue.published","receipt_id":"rece…pt-1","observation_channel":"granot_webhook"}
{"level":"error","time":"2026-09-19T03:07:37.122Z","service":"vantage-main-server","env":"development","msg":"granot_lifecycle.queue.publish_failed","error_code":"technical_failure","receipt_id":"rece…iled","observation_channel":"granot_webhook"}
{"level":"error","time":"2026-09-19T03:07:37.123Z","service":"vantage-main-server","env":"development","msg":"granot_lifecycle.queue.publish_failed","observability_level":"error","category":"queue","workflow":"granot_lifecycle_queue","entity_id":"receip...iled"}
✔ [AC-02][AC-35] hashes canonical credential-redacted JSON as lowercase SHA-256 hex (3.7301ms)
✔ [AC-35] reports removed credential-key counts only and never values (0.76ms)
✔ [AC-35] leaves non-credential keys untouched and starts counts at zero (0.5183ms)
✔ [AC-02] identical redacted payloads produce the same hash and remain distinct receipts later (0.4703ms)
✔ [AC-02] received legacy processing translates to pending defaults only (0.5695ms)
✔ [AC-02] refused legacy processing statuses are not translated (0.4681ms)
✔ [AC-02][AC-35] legacy webhook fill uses 34.1 mapping, legacy_unknown, and count-only redaction (3.6203ms)
node:fs:441
    return binding.readFileUtf8(path, stringToFlags(options.flag));
                   ^

Error: UNKNOWN: unknown error, read
    at Object.readFileSync (node:fs:441:20)
    at Object.transformer (C:\Users\Pinda\Proyectos\vantage\vantage-main-server\node_modules\.pnpm\tsx@4.21.0\node_modules\tsx\dist\register-D46fvsV_.cjs:3:859)
    at Module.load (node:internal/modules/cjs/loader:1594:32)
    at Module._load (node:internal/modules/cjs/loader:1396:12)
    at wrapModuleLoad (node:internal/modules/cjs/loader:255:19)
    at Module.require (node:internal/modules/cjs/loader:1617:12)
    at require (node:internal/modules/helpers:153:16)
    at Object.<anonymous> (C:\Users\Pinda\Proyectos\vantage\vantage-main-server\node_modules\.pnpm\@sendgrid+helpers@8.0.0\node_modules\@sendgrid\helpers\classes\personalization.js:10:19)
    at Module._compile (node:internal/modules/cjs/loader:1871:14)
    at Object.transformer (C:\Users\Pinda\Proyectos\vantage\vantage-main-server\node_modules\.pnpm\tsx@4.21.0\node_modules\tsx\dist\register-D46fvsV_.cjs:3:1104) {
  errno: -4094,
  code: 'UNKNOWN',
  syscall: 'read'
}

Node.js v24.18.0
✖ src\services\granotLifecycle\receiptSearch.test.ts (23512.6053ms)
﹣ [AC-28][AC-32] replica Referral creation is exact, lead-free, atomic, and replay-safe (6.0187ms) # Replica-set proof is opt-in via GRANOT_LIFECYCLE_REPLICA_TESTS=true.
﹣ [AC-28] already-satisfied Referral evidence resolves without a second Booking (0.6091ms) # Replica-set proof is opt-in via GRANOT_LIFECYCLE_REPLICA_TESTS=true.
﹣ [AC-28] existing Referral Booking supports official update and case-only No Action without a Lead (1.3299ms) # Replica-set proof is opt-in via GRANOT_LIFECYCLE_REPLICA_TESTS=true.
﹣ [AC-28][AC-32] competing Owners converge and policy drift fails closed (1.2117ms) # Replica-set proof is opt-in via GRANOT_LIFECYCLE_REPLICA_TESTS=true.
﹣ [AC-28][AC-32] Referral creation rolls back after every persisted boundary (0.7485ms) # Replica-set proof is opt-in via GRANOT_LIFECYCLE_REPLICA_TESTS=true.
✔ [AC-28] Referral Booking exposes the canonical command name (46.5169ms)
✔ [AC-28] Referral Booking rejects non-Owner authority before storage access (2.2176ms)
﹣ [AC-21][AC-25][AC-32] Release No Action resolves only case and Command with exact replay (5.0899ms) # Replica-set proof is opt-in via GRANOT_LIFECYCLE_REPLICA_TESTS=true.
﹣ [AC-21][AC-25][AC-32] Release Update Booking fully replaces official fields atomically (1.5977ms) # Replica-set proof is opt-in via GRANOT_LIFECYCLE_REPLICA_TESTS=true.
﹣ [AC-21][AC-25][AC-26][AC-32] Confirm Cancellation writes one complete causal chain (1.4014ms) # Replica-set proof is opt-in via GRANOT_LIFECYCLE_REPLICA_TESTS=true.
﹣ [AC-26][AC-32] a verified current Cancellation resolves already-satisfied without another effect (1.1254ms) # Replica-set proof is opt-in via GRANOT_LIFECYCLE_REPLICA_TESTS=true.
﹣ [AC-25][AC-32] verified Referral Booking cancels without fabricating a Lead mirror (26.4709ms) # Replica-set proof is opt-in via GRANOT_LIFECYCLE_REPLICA_TESTS=true.
﹣ Confirm Granot Cancellation succeeds on a Granot official Leadless Booking without a Lead mirror (15.3587ms) # Replica-set proof is opt-in via GRANOT_LIFECYCLE_REPLICA_TESTS=true.
﹣ [AC-21] all pairwise Release commands have exactly one case-revision winner (1.6682ms) # Replica-set proof is opt-in via GRANOT_LIFECYCLE_REPLICA_TESTS=true.
﹣ [AC-32] Cancellation, update, and No Action roll back after every write boundary (10.1106ms) # Replica-set proof is opt-in via GRANOT_LIFECYCLE_REPLICA_TESTS=true.
﹣ [AC-25][AC-32][AC-36] Release races converge, replay dedupes, and resolved rows advance max+1 (7.8766ms) # Replica-set proof is opt-in via GRANOT_LIFECYCLE_REPLICA_TESTS=true.
﹣ [AC-25][AC-31][AC-32] refresh splits revisions and Decision failure rolls back create and refresh (1.0701ms) # Replica-set proof is opt-in via GRANOT_LIFECYCLE_REPLICA_TESTS=true.
﹣ [AC-25][AC-29][AC-40] Booking and Release cases coexist without forbidden side effects (0.8344ms) # Replica-set proof is opt-in via GRANOT_LIFECYCLE_REPLICA_TESTS=true.
{"level":"info","time":"2026-09-19T03:08:07.721Z","service":"vantage-main-server","env":"development","msg":"granot_lifecycle.release_case.opened","observability_level":"info","category":"booking","workflow":"granot_release_reconciliation"}
▶ Release Reconciliation classification
  ✔ [AC-25] active deterministic Booking opens Release review even without a Lead (24.9012ms)
  ✔ [AC-26] already officially cancelled Release is already-current and never a case (0.8917ms)
  ✔ [AC-27] missing Booking and exact identity conflicts route to the typed discrepancy seam (2.2182ms)
  ✔ [AC-40] ignores non-Release evidence and never contact-selects a Booking (0.7265ms)
✔ Release Reconciliation classification (31.399ms)
▶ Release Reconciliation persistence
  ✔ [AC-25] atomically opens and refreshes one Release case with immutable opening Booking revision (11.4698ms)
✔ Release Reconciliation persistence (11.79ms)
{"level":"info","time":"2026-09-19T03:08:07.723Z","service":"vantage-main-server","env":"development","msg":"granot_lifecycle.release_case.refreshed","observability_level":"info","category":"booking","workflow":"granot_release_reconciliation"}
✔ [AC-35] lifecycle failure logs contain bounded codes and masked identifiers only (3.546ms)
✔ [AC-30] foundation technical retry uses exact exponential cap and 0-25% jitter (2.0926ms)
✔ [AC-30] foundation pending-match offsets are absolute from captured_at (3.1855ms)
✔ [AC-30] foundation still-failed match at or after 24 hours is not scheduled (0.4637ms)
✔ [AC-30] foundation sync poll backoff stays bounded inside five seconds (0.4151ms)
✔ [AC-38] zero, multiple, inactive, and ambiguous runtime matches never pick a row or route (5.1894ms)
✔ [AC-38] policy cache cannot serve a precommit snapshot (1.1203ms)
✔ [AC-09] Best Relocation Form same valid states select local; different select long-distance; invalid select none (9.8873ms)
✔ [AC-29] deferred Paid Overflow and Auto authorize no effect; payload type is not classification input (11.3084ms)
✔ [AC-04] ineligible Source Scope fails gates and provides no reassignment output (17.265ms)
✔ gate evaluator snapshots every layer in stable order and maps deferred vs policy_blocked (24.1901ms)
✔ [AC-28] reviewed Referral reconciliation treats absent Lead scope gates as not applicable (2.4539ms)
✔ source-policy suite never imports the Twilio adapter (3.6247ms)
✔ twelve policy × effect outcomes are independent for link, enrich, create, and text (2.1871ms)
✔ a later store edit does not mutate an already-returned SourcePolicySnapshot (1.0277ms)
﹣ [AC-05][AC-07][AC-10][AC-11][AC-32] replica WordPress matched write is one causal transaction (3.0224ms) # Replica-set proof is opt-in via GRANOT_LIFECYCLE_REPLICA_TESTS=true.
﹣ [AC-12] replica RingCentral Call qualified contact writes snapshot only (0.5712ms) # Replica-set proof is opt-in via GRANOT_LIFECYCLE_REPLICA_TESTS=true.
﹣ [AC-12] replica Granot-created Form contact becomes current and keeps origin (0.4831ms) # Replica-set proof is opt-in via GRANOT_LIFECYCLE_REPLICA_TESTS=true.
﹣ [AC-13] replica Agent fills only an empty receiver through one active match (0.487ms) # Replica-set proof is opt-in via GRANOT_LIFECYCLE_REPLICA_TESTS=true.
﹣ [AC-05] replica Bad Form stores Priority only and Duplicate never becomes a target (0.859ms) # Replica-set proof is opt-in via GRANOT_LIFECYCLE_REPLICA_TESTS=true.
﹣ [AC-07][AC-32] replica establish, attach, confirm, and duplicate-key race (1.0223ms) # Replica-set proof is opt-in via GRANOT_LIFECYCLE_REPLICA_TESTS=true.
﹣ [AC-32] replica revision race has one winner and rolls back the losing transaction (0.5832ms) # Replica-set proof is opt-in via GRANOT_LIFECYCLE_REPLICA_TESTS=true.
﹣ [AC-32] replica equal-time Observation tie-break admits only the greater ObjectId (0.5608ms) # Replica-set proof is opt-in via GRANOT_LIFECYCLE_REPLICA_TESTS=true.
✔ [AC-32] command refuses shadow or disabled Lead writes before the executor (71.1252ms)
✔ [AC-32] command refuses a failed gate snapshot before the executor (1.2396ms)
✔ [AC-32] Granot command context requires the processor actor and webhook initiator (26.3496ms)
✔ receiver fill derives catalog name snapshot and set_at off the planner (45.0692ms)
✔ Changed in Granot ignores US country-code phone formatting (48.1897ms)
✔ Changed in Granot ignores email case and name capitalization (0.4615ms)
✔ Changed in Granot ignores Granot first/last split of a name-only form submit (28.1847ms)
✔ Changed in Granot stays true when Granot last name adds another person (1.0549ms)
✔ Changed in Granot stays true for a different person or reach path (56.3588ms)
✔ Call Lead synchronize persists Granot Contact Snapshot and leaves live phone unchanged (52.7363ms)
✔ [AC-07] trusted Granot Form validator may omit move_size and forces post_to_granot=false (10.7485ms)
✔ [AC-07] trusted Granot Form validator rejects caller override of post_to_granot (2.5859ms)
✔ [AC-07] trusted Granot Call validator allows Job Number without phone and forces post_to_granot=false (1.5792ms)
✔ [AC-07] trusted Granot validators reject public lifecycle metadata keys (1.0685ms)
✔ [AC-03][AC-05][AC-06][AC-29] shared lifecycle vocabulary remains exact (1.5333ms)
✔ Form duplicate classification isolates cutoff cohorts and exact granularities (34.9512ms)
✔ matched modern production duplicate outcome is preserved (0.4821ms)
✔ Call duplicates use earlier non-duplicate anchors in inclusive 90-day exact-granularity window (0.6105ms)
✔ Form Fill is time-unbounded and Source Company scoped after Form classification (0.3985ms)
✔ classification fails closed without exact granularity (0.9884ms)
✔ manifest bytes and hash are stable for identical reviewed inputs (116.8465ms)
✔ manifest identity is deterministic when the caller does not supply one (4.3365ms)
✔ manifest parser rejects modified bytes (2.6798ms)
✔ rehearsal and production target guards fail closed (2.4311ms)
✔ migration context cannot be enabled outside the canonical local adapter (0.8106ms)
✔ exact normalization applies NFKC, whitespace collapse, and case folding (2.1359ms)
✔ agent parsing removes terminal metadata and preserves slash order (5.4558ms)
✔ agent parsing rejects repeated and unrecognized separators (1.2094ms)
✔ customer parsing preserves compound display text as one customer (0.5771ms)
✔ money parser uses cents and rejects blank, negative, and over-precision (0.7998ms)
✔ integer-cent allocations are exact for one, two, and three agents (0.8967ms)
✔ Eastern parser handles DST and the reviewed malformed-year correction (52.6381ms)
✔ Google serial dates are interpreted as Eastern wall-clock values (0.8009ms)
✔ planner produces a schema-valid deterministic manifest for a new source and form lead (435.5295ms)
✔ rollback restores exact values and unsets fields that were originally absent (4.7267ms)
✔ update validation accepts a production nested object path (3.828ms)
✔ update validation rejects an unknown nested object path (1.0805ms)
✔ recurring source window starts at New York midnight on 2026-04-30 (5.5044ms)
✔ stable managed identity survives row reordering (15.237ms)
✔ preview never repairs missing managed identities (2.613ms)
✔ leased identity repair writes empty cells once and verifies read-back (2.781ms)
✔ copied managed identities block repair instead of falling back to row number (1.0202ms)
✔ malformed managed identities block inspection (0.5569ms)
✔ identity repair never overwrites a value added after inspection (0.9011ms)
✔ identity repair uses atomic empty-cell replacement (64.3724ms)
✔ application plan is immutable and material changes alter its checksum (73.0878ms)
✔ unmatched booking becomes leadless plus one reconciliation conflict (3.258ms)
✔ LID_BestRelo remains matching evidence and never becomes an action (3.4907ms)
✔ unmatched refund is blocking and cannot guess a cancellation (7.1823ms)
✔ refund matches below the calibrated threshold never cancel (34.0123ms)
✔ review-only refund evidence does not consume a later corroborated match (56.944ms)
✔ invalid source rows become isolated conflict actions (5.4879ms)
✔ three-way update permits only unchanged canonical source-owned fields (1.8033ms)
✔ persistence schemas enforce receipt uniqueness and required indexes (2.1716ms)
✔ ingestion run graph makes all terminal states immutable (0.3783ms)
✔ heartbeat gates skip before source reads (0.4601ms)
✔ apply worker mutates domain state only through canonical commands (264.583ms)
✔ read paths use readonly Sheets scope and repair has a separate writer (89.3439ms)
✔ worker final and failure transitions remain lease-fenced (139.5061ms)
✔ pre-cutoff observations never enter the application plan (92.0574ms)
✔ refund application window uses Timestamp with exact half-open boundaries (18.7428ms)
✔ one new form lead and one linked refund map to single create actions (7.1196ms)
✔ identical evidence is classified unchanged across replans (3.5602ms)
✔ source evidence reappearance uses the applied baseline, not conflicts (0.4116ms)
✔ missing-source actions preserve canonical refs and never delete (1.4572ms)
✔ bootstrap adoption remaps creates to receipt-only adopt_existing (2.6811ms)
✔ bootstrap adopts nonduplicate calls using DST-aware persisted timestamps (12.6647ms)
✔ apply resumes from checkpoint without replaying successful actions (6.58ms)
✔ adopt_existing Form Lead supplies the Booking lead_ref without creating a second Lead (15.2833ms)
✔ failed lead dependency blocks dependent booking and continues independently (7.9906ms)
✔ concurrent apply lease acquisition admits only one owner (0.3083ms)
✔ altered plan checksum is rejected before any mutation (7.2012ms)
✔ health signals alert on structural and growth thresholds (4.0785ms)
✔ conflict resolve route delegates booking attach to canonical command (110.815ms)
✔ ingestion route errors never expose provider or source details (0.8147ms)
✔ WordPress walk-back (53.3109ms)
✔ Lead updated headline omits changed paths (3.827ms)
✔ Granot-born (2.3559ms)
✔ Latest attempt only (1.332ms)
✔ Granularity filter (0.7872ms)
✔ No contact match (2.1439ms)
✔ Priority 5 is not Booked (0.996ms)
✔ Case is not a Booking (1.366ms)
✔ Equivalent Job Number (2.6983ms)
✔ Sheet Sync walk-back (1.8409ms)
✔ Sheet Sync after official Booking (1.2997ms)
✔ Unresolved Lead has no source-lead Sheet Sync (0.6478ms)
✔ orphan cancellation without snapshot is not a first-hop survivor (0.5175ms)
✔ Typed search not_found (0.2987ms)
✔ Typed equivalent search (0.8093ms)
✔ blank Job Number is invalid_job_number (0.2335ms)
✔ assemble is a pure function over injected rows (1.8975ms)
✔ text policy skip is not applicable rather than attention (43.0815ms)
✔ open booking intake yields active stage and no official booking (16.8181ms)
✔ resolved finalizing booking case without fact yields attention (19.9059ms)
✔ ordinary booked job has no cancellation attention (6.4786ms)
✔ resolved release case without cancellation yields attention (6.5392ms)
✔ official cancellation determines cancelled outcome (3.4168ms)
✔ contradictory official chronology yields contradictory outcome (19.135ms)
✔ synced sheet job still reports google destination unverified (2.9132ms)
✔ wordpress-born golden includes wordpress receipt limitation (3.3417ms)
✔ later Granot receipt does not clear wordpress receipt limitation (4.269ms)
✔ ringcentral-born golden bounds confidence with the cursor (18.7093ms)
✔ move completion and multi query appear only as limitations (8.0292ms)
✔ open cancellation intake does not become official cancelled outcome (2.3197ms)
✔ unresolved lead without official fact is unknown and lead unresolved (1.9457ms)
✔ snapshot-only cancellation is a found cancelled page (2.0601ms)
✔ orphan cancellation without snapshot yields orphan attention (10.1624ms)
✔ sheet sync pending too long uses the module default threshold (2.7457ms)
✔ terminal sheet failure yields sheet sync terminal failure (2.0925ms)
✔ disagreeing source scopes yield source scope conflict (2.1369ms)
✔ applied decision without entity change yields processing evidence gap (29.9427ms)
✔ applied decision linked by entity change decision id is not a processing evidence gap (1.3617ms)
✔ Masking (49.09ms)
✔ module WordPress walk-back matches assemble headlines (59.5702ms)
✔ module Granot-born (12.2656ms)
✔ module latest Decision attempt only (1.9054ms)
✔ module intake is not official Booking (12.711ms)
✔ module equivalent Job Number (3.2422ms)
✔ module Sheet Sync joins by entity ID (4.3351ms)
✔ module redacts contact, SMS body, and raw payloads (4.0359ms)
✔ module typed search not_found (0.7385ms)
✔ module company/granularity mismatch is filtered_out (1.2146ms)
✔ module without now still stamps assembled_at after reads (6.2155ms)
✔ module now sets assembled_at after reads (3.7481ms)
✔ normalizeTypedJobNo trims and uppercases (2.8228ms)
✔ jobsEquivalent treats letter prefix as the same Job Number (0.7645ms)
✔ recent official booking examples stay capped at three and newest book_date first (5.5977ms)
✔ recent official booking examples skip rows without a Job Number and never copy contact (0.6562ms)
✔ schema_version is job_timeline.v2 on ok pages (56.8166ms)
✔ source receipt and lead creation remain separate events (5.1689ms)
✔ wordpress creation reports no invented receipt event (18.1849ms)
✔ timeline emits wordpress source_received only when the receipt exists (8.4517ms)
✔ dual clocks order by occurred time and preserve recorded time (2.9323ms)
✔ related receipt decision change and sheet rows share activity id (2.1204ms)
✔ activity grouping does not remove original evidence events (1.896ms)
✔ orphan cancellation is not attached without durable job snapshot (2.2747ms)
✔ cancellation snapshot restores exact job correlation (1.8002ms)
✔ event cap returns explicit truncation limitation (57.2481ms)
✔ serialized v2 page contains no forbidden fields or contact (18.3627ms)
✔ golden pages cover origin and official-fact shapes (28.1168ms)
✔ skipped ringcentral ledger row is not a source receipt (1.5084ms)
✔ v1 fields remain populated on enhanced events (1.6692ms)
{"level":"info","time":"2026-09-19T03:08:23.438Z","service":"vantage-main-server","env":"development","msg":"lead_messaging.granot_created.already_sent","observationId":"6aadfca7f6afac6ac2aa7955"}
✔ Granot SMS gates evaluate every named gate and report the first blocker (11.896ms)
✔ link_only never texts even when every other gate passes (0.5554ms)
✔ not_attested blocks even when outbound_sms.enabled is somehow true (0.3742ms)
✔ renderer substitutes allowlisted placeholders and always appends one opt-out (17.5006ms)
✔ sendGranotCreatedLeadConfirmation never throws and reports already_sent on duplicate key (27.5462ms)
✔ create_if_missing texting uses the resolved Lead Source ID and never looks up by label (1.0768ms)
✔ Twilio adapter stays un-called on gate decisions and persist/dispatch stubs (7.4971ms)
✔ link_only enrich path sends nothing even when persist/dispatch are provided (1.1984ms)
✔ replaying one observation twice yields at most one persist, bounded by identity (2.3107ms)
{"level":"info","time":"2026-09-19T03:08:23.444Z","service":"vantage-main-server","env":"development","msg":"lead_messaging.granot_created.blocked","observationId":"6aadfca7f6afac6ac2aa795e","blockedReason":"source_policy_create_if_missing","leadModel":"FormLead"}
{"level":"info","time":"2026-09-19T03:08:23.449Z","service":"vantage-main-server","env":"development","msg":"lead_messaging.granot_created.blocked","observationId":"6aadfca7f6afac6ac2aa7962","blockedReason":"source_policy_create_if_missing","leadModel":"FormLead"}
{"level":"info","time":"2026-09-19T03:08:23.451Z","service":"vantage-main-server","env":"development","msg":"lead_messaging.granot_created.already_sent","observationId":"6aadfca7f6afac6ac2aa7966"}
{"level":"error","time":"2026-09-19T03:08:23.503Z","service":"vantage-main-server","env":"development","err":{"type":"Error","message":"quiet-hours scheduling failed","stack":"Error: quiet-hours scheduling failed\n    at dispatch (C:\\Users\\Pinda\\Proyectos\\vantage\\vantage-main-server\\.git\\vantage-quality\\runs\\1789786268819-98e1193c\\workspace\\src\\services\\leadMessaging\\leadMessaging.service.test.ts:404:15)\n    at dispatchOrQueuePersistedLeadMessage (C:\\Users\\Pinda\\Proyectos\\vantage\\vantage-main-server\\.git\\vantage-quality\\runs\\1789786268819-98e1193c\\workspace\\src\\services\\leadMessaging\\leadMessaging.service.ts:274:44)\n    at TestContext.<anonymous> (C:\\Users\\Pinda\\Proyectos\\vantage\\vantage-main-server\\.git\\vantage-quality\\runs\\1789786268819-98e1193c\\workspace\\src\\services\\leadMessaging\\leadMessaging.service.test.ts:395:27)\n    at async Test.run (node:internal/test_runner/test:1332:7)\n    at async Test.processPendingSubtests (node:internal/test_runner/test:911:7)"},"msg":"lead_messaging.post_persist_dispatch_failed","leadMessageId":"6aadfca70ed98592ab5ec892","leadId":"6aadfca70ed98592ab5ec894"}
✔ confirmation builder retains the approved server-side copy (14.1977ms)
✔ confirmation builder derives the first name from a combined name (0.9732ms)
✔ overnight deferral stays off until quiet hours are explicitly enabled (13.1747ms)
✔ form-lead SMS send input defers overnight Eastern traffic to 8:00 AM via Twilio (28.2021ms)
✔ Twilio schedule window rejects sendAt values Twilio would 400 (5.8068ms)
✔ overnight deferral fails closed when the Messaging Service SID is missing (1.0939ms)
✔ SMS destinations are normalized to E.164 when safely possible (0.8193ms)
✔ disabled mode is a dispatch-time kill switch (15.4176ms)
✔ test mode is also enforced at dispatch time (8.0888ms)
✔ intent persistence gates strictly on parsed true consent (3.7375ms)
✔ duplicate, disabled, and test modes cannot send (4.9735ms)
✔ Granot persist shape shares one capacity reservation and does not require form consent (1.9914ms)
✔ destination policy decisions persist as non-retryable skips (0.9909ms)
✔ 429 and definite connection failures are retryable (1.0959ms)
✔ ambiguous timeouts are never automatically retried (0.7792ms)
✔ retry budget stops automatic retries (0.4566ms)
✔ status callbacks do not regress or replace terminal outcomes (0.3836ms)
✔ scheduled provider status can advance to queued, sent, or failed (0.2517ms)
✔ post-persist dispatch never rejects the form-lead create path (90.8602ms)
{"level":"error","time":"2026-09-19T03:08:23.567Z","service":"vantage-main-server","env":"development","err":{"type":"Error","message":"event write failed after Twilio accepted","stack":"Error: event write failed after Twilio accepted\n    at dispatch (C:\\Users\\Pinda\\Proyectos\\vantage\\vantage-main-server\\.git\\vantage-quality\\runs\\1789786268819-98e1193c\\workspace\\src\\services\\leadMessaging\\leadMessaging.service.test.ts:423:15)\n    at dispatchOrQueuePersistedLeadMessage (C:\\Users\\Pinda\\Proyectos\\vantage\\vantage-main-server\\.git\\vantage-quality\\runs\\1789786268819-98e1193c\\workspace\\src\\services\\leadMessaging\\leadMessaging.service.ts:274:44)\n    at TestContext.<anonymous> (C:\\Users\\Pinda\\Proyectos\\vantage\\vantage-main-server\\.git\\vantage-quality\\runs\\1789786268819-98e1193c\\workspace\\src\\services\\leadMessaging\\leadMessaging.service.test.ts:414:33)\n    at async Test.run (node:internal/test_runner/test:1332:7)\n    at async Test.processPendingSubtests (node:internal/test_runner/test:911:7)"},"msg":"lead_messaging.post_persist_dispatch_failed","leadMessageId":"6aadfca70ed98592ab5ec892","leadId":"6aadfca70ed98592ab5ec895"}
✔ midnight through 6:59 AM Eastern defers to 8:00 AM the same Eastern day (4.1483ms)
✔ 7:00 AM Eastern and later send immediately (0.7876ms)
✔ immediate Twilio payloads keep the existing from-number send shape (3.8855ms)
✔ scheduled Twilio payloads require a Messaging Service and use fixed sendAt (2.2414ms)
✔ status callback validation uses the exact configured URL and primary token (3.9457ms)
✔ builds signed-callback-compatible TwiML that forwards to RingCentral (40.9475ms)
✔ defaults forwarding to the Vantage RingCentral number (0.8177ms)
✔ rejects a forwarding loop (1.2167ms)
✔ completed callback hangs up the parent call (1.0409ms)
✔ lead source catalog seeds legacy companies and resolves granularities (100.242ms)
✔ all legacy source labels resolve through the lead source catalog (41.4ms)
✔ lead source catalog seeds production and test databases independently (2.1333ms)
{"level":"info","time":"2026-09-19T03:08:30.496Z","service":"vantage-main-server","env":"development","msg":"call_lead.create.sheet_sync.disabled","resource":"source_lead","leadModel":"CallLead","leadId":"507f1f77bcf86cd799439011"}
✔ rememberBothCallSheetTabsForTombstone includes Calls and Duplicate Calls fallbacks (55.1489ms)
✔ rememberBothCallSheetTabsForTombstone preserves known rows from sheet_sync (1.2099ms)
✔ completeCallLeadIngestion records lead.call.created after commit and skips form-fill when false (35.1219ms)
✔ completeCallLeadIngestion records form-fill only when Form Fill is true (1.9895ms)
✔ completeCallLeadIngestion reports missing CPL after the write, not as a CRM post (2.0655ms)
✔ Admin and Best Relocation origins never set Duplicate Lead; public ingest is vantage_admin (4.0102ms)
✔ [AC-12] RingCentral Call provenance is ringcentral, quoted false, transport stays nested (0.7662ms)
✔ correctCallLead refuses Duplicate Lead on a Booked Call Lead (5.2771ms)
{"level":"info","time":"2026-09-19T03:08:30.499Z","service":"vantage-main-server","env":"development","msg":"lead.call.created","observability_level":"info","category":"lead","workflow":"call_lead_create","source_company":"tbm_leads","entity_id":"507f1f77bcf86cd799439011"}
{"level":"info","time":"2026-09-19T03:08:30.523Z","service":"vantage-main-server","env":"development","msg":"call_lead.create.sheet_sync.disabled","resource":"source_lead","leadModel":"CallLead","leadId":"507f1f77bcf86cd799439011"}
{"level":"info","time":"2026-09-19T03:08:30.524Z","service":"vantage-main-server","env":"development","msg":"lead.call.created","observability_level":"info","category":"lead","workflow":"call_lead_create","source_company":"tbm_leads","entity_id":"507f1f77bcf86cd799439011"}
{"level":"info","time":"2026-09-19T03:08:30.524Z","service":"vantage-main-server","env":"development","msg":"lead.call.form_fill_detected","observability_level":"info","category":"lead","workflow":"call_lead_create","source_company":"tbm_leads","entity_id":"507f1f77bcf86cd799439011"}
{"level":"info","time":"2026-09-19T03:08:30.526Z","service":"vantage-main-server","env":"development","msg":"call_lead.create.sheet_sync.disabled","resource":"source_lead","leadModel":"CallLead","leadId":"507f1f77bcf86cd799439011"}
{"level":"error","time":"2026-09-19T03:08:30.526Z","service":"vantage-main-server","env":"development","msg":"lead.cpl.missing_rate","observability_level":"error","category":"lead","workflow":"lead_cpl_resolution","source_company":"tbm_leads","entity_id":"507f1f77bcf86cd799439011"}
{"level":"info","time":"2026-09-19T03:08:30.526Z","service":"vantage-main-server","env":"development","msg":"lead.call.created","observability_level":"info","category":"lead","workflow":"call_lead_create","source_company":"tbm_leads","entity_id":"507f1f77bcf86cd799439011"}
✔ correctCallLead maps a missing receiver agent to 404 (295.6966ms)
✔ correctCallLead skips Sheet Sync when nothing material changed (29.3281ms)
✔ listRecentCallLeads keeps a Duplicate Lead in the last 200 (1.0452ms)
✔ removeCallLead refuses a Booked Call Lead without cascade (0.8513ms)
✔ refuseToMarkABookedCallAsDuplicate does not mention no_sync (59.394ms)
✔ correctCallLead does not throw ConflictError when marking no_sync on booked or duplicate (2.6392ms)
✔ Admin Call create stamps no_sync from origin and skips call_lead.create outbox when true (33.5896ms)
✔ Admin Call omit stamps no_sync true; RingCentral client true stamps false (15.8858ms)
✔ CallLead schema defaults no_sync to false so missing-field documents stay syncable (0.4365ms)
✔ begin remembers Sheet Sync before commit; complete dispatches and records owner events (71.5489ms)
✔ form duplicate check matches an earlier lead by email within exact granularity (15.1711ms)
✔ form duplicate check matches existing lead by phone within exact granularity (1.3353ms)
✔ form duplicate check does not fall back from exact granularity to company (4.0651ms)
✔ form duplicate check allows single identifier duplicate matches (0.9422ms)
✔ form duplicate check ignores regex candidates that fail exact phone verification (1.378ms)
✔ form duplicate check skips lookup when no usable identifier exists (1.5263ms)
✔ findFormLeadForEnrichment does not return a Duplicate Lead (98.5263ms)
✔ findFormLeadForEnrichment is not found when the Form Lead is missing (1.0337ms)
✔ correctFormLead refuses quoted and cubic feet on a Duplicate Lead (1.7581ms)
✔ refuseIllegalCorrections does not mention no_sync (587.0266ms)
✔ correctFormLead does not throw ConflictError when marking no_sync on booked, duplicate, or bad (5.1263ms)
✔ correctFormLead refuses Bad Lead on duplicate, Booked, or Cancelled (2.2398ms)
✔ removeFormLead refuses a Booked Form Lead without cascade (1.6651ms)
✔ [AC-10] WordPress and Admin Form create paths derive exact origins (0.574ms)
✔ Admin Form create omit stores no_sync true and skips form_lead.create outbox (30.4133ms)
✔ Admin Form omit stamps no_sync true; opt-in false and WordPress client true stamp correctly (119.7096ms)
✔ FormLead schema defaults no_sync to false so missing-field documents stay syncable (0.3148ms)
✔ [AC-10] Form updates cannot carry internal snapshot or origin fields (9.8546ms)
✔ lead CPL resolution uses the stored Eastern business calendar day (3.2686ms)
✔ duplicate Call Lead snapshots retain base-period evidence at zero (1.5041ms)
✔ missing rates remain compatibility zero with a cleared period reference (0.6452ms)
✔ [AC-10] Form origin derivation uses trusted entry points and fails closed (4.0871ms)
✔ [AC-12] Call origin derivation uses trusted entry points and fails closed (0.6236ms)
✔ [AC-10] [AC-11] creation provenance captures ingested snapshots with trusted now (6.7116ms)
✔ [AC-12] Call creation provenance forces quoted false and captured_at_ingestion (3.0283ms)
✔ noSyncOnCreate defaults true for vantage_admin and ignores other-origin client true (0.4542ms)
✔ [AC-07] omitForbiddenLeadLifecycleFields strips internal metadata from updates (0.7085ms)
✔ deriveLocal is local only when both states match (56.1942ms)
✔ deriveFormLeadLocal treats not_found on either side as a Local Move (21.0594ms)
✔ deriveFormLeadLocal still classifies two known states (0.451ms)
✔ normalizeState keeps the not_found sentinel and uppercases codes (1.4618ms)
﹣ [AC-10] [AC-11] replica WordPress Form create captures origin and snapshots atomically (3.983ms) # Replica-set proof is opt-in via GRANOT_LIFECYCLE_REPLICA_TESTS=true.
﹣ [AC-10] replica Form origin/snapshot insert rolls back with the Lead (1.4221ms) # Replica-set proof is opt-in via GRANOT_LIFECYCLE_REPLICA_TESTS=true.
﹣ [AC-12] replica RingCentral Call create captures origin, quoted false, and rolls back atomically (0.57ms) # Replica-set proof is opt-in via GRANOT_LIFECYCLE_REPLICA_TESTS=true.
✔ lead source assignment persists owner-created registry sources (58.0765ms)
✔ lead source assignment retries a valid fallback alias after exact lookup misses (1.1793ms)
✔ classifies a different legacy source company as conflict (1.7883ms)
✔ classifies a genuinely unassigned Lead as unassigned (0.4046ms)
✔ receipt exists before Lead create on the authorized path (5.6553ms)
✔ duplicates collapse on the idempotency key (2.6535ms)
✔ unauthorized or keyless WordPress create does not write a receipt (0.6641ms)
✔ unattached receipt refuses a second Lead create (26.4932ms)
✔ attach failure does not leave a creatable second Lead (0.9907ms)
✔ capture failure aborts Lead create (0.5203ms)
✔ seed catalog has unique Granot Carrier Codes and DOTs (1.8786ms)
✔ seed plan sets missing codes and leaves matching codes alone (1.0305ms)
✔ carrier normalization collapses whitespace and lowercases names (3.0554ms)
✔ carrier CSV parser normalizes headers and rejects duplicate compound identities (1.4233ms)
✔ carrier CSV parser rejects duplicate Granot Carrier Codes (0.8304ms)
✔ carrier list defaults to active rows and applies q across searchable fields (30.1806ms)
✔ patch import creates missing carriers and reactivates changed existing carriers (2.5592ms)
✔ replace import deactivates active carriers missing from the uploaded CSV (0.8993ms)
✔ phone classification: external, company DID, extension, withheld, service code, malformed (5.6529ms)
✔ provider account resolution never fabricates or silently picks between accounts (1.4037ms)
✔ window start honors the twelve-hour floor and the cursor overlap (0.5502ms)
✔ coverage: complete rolling window advances cursor and watermark, closes covered gaps (1.0269ms)
✔ coverage: partial page failure never advances complete-through and records the missing range (2.1355ms)
✔ coverage: gap repair removes a repaired gap, narrows a partially repaired one, and never drops gaps past the bound (1.2303ms)
✔ import boundary: numberActivity never imports qualification, ingest, convergence or Lead write services (244.3637ms)
✔ normalizeDirectory reduces provider records to the snapshot shape deterministically; digest is order-independent (95.31ms)
✔ fetcher issues the documented account, extension, phone-number and call-queue reads over the shared client (1.7189ms)
✔ capture-projection dedupe key is the provider uuid, falling back to the receipt id only when the uuid is absent (5.3343ms)
✔ queue topic is env-scoped and never published from a test runner (1.0441ms)
✔ fan-out: flag off means no job and no publish; a non-durable receipt is skipped honestly (2.4396ms)
{"level":"warn","time":"2026-09-19T03:08:43.415Z","service":"vantage-main-server","env":"development","msg":"sales_intelligence.capture.fanout.enqueue_timeout","receiptId":"6aadfcbbcf1586e5b1bc4b7a","timeoutMs":20}
✔ fan-out: the acknowledgement waits a bounded time for the job transaction; a slow transaction is reported, not awaited forever (92.5939ms)
✔ fan-out: job is durable before publish; publish failure keeps the enqueued job; enqueue failure is bounded (23.5629ms)
✔ publish wake-up: gated, best-effort, never throws (2.4396ms)
✔ wake-up payload is exactly { job_id } with a 24-hex id (7.5867ms)
✔ worker: unclaimable job (completed, leased elsewhere, foreign stage) does nothing (2.8554ms)
✔ worker: loads the stored receipt, passes the job id as request_id, completes with a bounded per-session result (4.8856ms)
✔ worker: deterministic per-session failures (account_unresolved) complete the job with the error visible; retryable ones retry with partial result (23.0601ms)
✔ worker: missing receipt is schema_invalid (bounded retries), lease loss during completion is reported not retried (4.2095ms)
{"level":"error","time":"2026-09-19T03:08:43.465Z","service":"vantage-main-server","env":"development","msg":"sales_intelligence.capture.fanout.enqueue_failed","receiptId":"6aadfcbbcf1586e5b1bc4b7f","errorName":"Error","errorCode":null}
{"level":"error","time":"2026-09-19T03:08:43.477Z","service":"vantage-main-server","env":"development","msg":"sales_intelligence.queue.publish_failed","jobId":"6aadfcbbcf1586e5b1bc4b81","errorName":"Error"}
{"level":"warn","time":"2026-09-19T03:08:43.535Z","service":"vantage-main-server","env":"development","msg":"sales_intelligence.capture.projection.lease_lost","jobId":"6aadfcbbcf1586e5b1bc4b8d"}
✔ terminal party statuses stay in parity with the qualification evaluator (4.2441ms)
✔ inbound queue call projects all directions of evidence: parties, connection, terminal, external number (110.3492ms)
✔ duplicate webhook delivery is a semantic no-op: no revision, fenced per party (3.611ms)
✔ one party's sequence never suppresses another party in the same delivery (3.5614ms)
✔ out-of-order and late events never regress terminal or connected facts (2.5821ms)
✔ Call Log is authoritative: result/duration survive a late webhook terminal event (4.4751ms)
✔ identical Call Log replay and older lastModifiedTime never create a new revision or regress facts (2.8938ms)
✔ transfer with multiple recordings keeps every leg and recording, counted once as one interaction (3.0516ms)
✔ delayed recording evidence after terminal is surfaced as new recording ids (2.0646ms)
✔ voicemail is provider evidence; connected is not human; outbound unanswered stays unknown (5.4395ms)
✔ internal, withheld and malformed observations keep provider evidence without a customer identity (3.6689ms)
✔ review fix: an unknown short caller id is malformed, never a fabricated extension that makes a customer call Internal (2.0149ms)
✔ review fix: a party event missing `direction` does not turn an outbound customer call into a sticky Internal (4.1849ms)
✔ review fix: a stale Call Log record never regresses leg-level result or duration (3.494ms)
✔ review fix: legs_overflow_count is monotone across records and not double counted on merge (5.5962ms)
✔ session-id only Call Log record resolves to fallback identity and gains the strongest basis when bridged (1.7835ms)
✔ Call Log first, webhook later: the extension party is adopted, not duplicated (1.1253ms)
✔ mergeProjections requires same account and folds evidence without dropping recordings (2.4619ms)
✔ no directory snapshot keeps roles unknown instead of guessing (1.284ms)
✔ parseSearchTerm: e164, suffix, term and formatting (42.3295ms)
✔ term regex characters are escaped and anchored as a prefix (6.2885ms)
✔ number cursor round trip; garbage is INVALID_INPUT (7.148ms)
✔ buildNumberSearchFilter: hygiene, attachment, range, term and keyset cursor (8.4799ms)
✔ timeline total order: happened_at desc, kind asc, id desc; isAfterCursor is strict (4.8484ms)
✔ keysetAfterCursor mirrors isAfterCursor for a fixed kind (0.601ms)
✔ mergeTimeline: k-way merge, dedupe on (kind,id), cursor only when more remain (1.1834ms)
✔ NUMBER_DTO_FIXTURES parse against their schemas; CSI-01 detail data is a subset of the CSI-04 detail data (81.6157ms)
✔ recount replays stored canonical interactions through the CSI-02 counting rules and derives search terms from evidence only (116.0367ms)
✔ recount is idempotent: recounting the rebuilt fields yields the same fields; a fresh recount equals incremental rollups (3.0232ms)
✔ incident severity comparison ranks critical above error and warn (2.8295ms)
✔ event filter keeps exact-match fields exact (11.5053ms)
✔ event filter matches lead name partially and case-insensitively (0.8399ms)
✔ event filter escapes regex metacharacters in lead inputs (0.7321ms)
✔ event filter matches phone digits across formatting (0.7672ms)
✔ event filter supports partial phone digit search (0.7702ms)
✔ event filter builds date window and text search (25.7654ms)
✔ facets query schema coerces dates and strips unknown params (0.8391ms)
✔ incident filter applies partial lead matching and q regex OR (23.7692ms)
✔ fingerprint is deterministic for the same inputs (1.8296ms)
✔ fingerprint differs by event key and environment (0.5707ms)
✔ explicit dedupeKey takes precedence over composed fields (0.3373ms)
✔ normalized error messages group transient differences (0.5634ms)
✔ dedupe key is human-readable and stable (0.4091ms)
✔ returns all-null for missing identity (3.349ms)
✔ trims name/phone and lowercases email (0.5267ms)
✔ empty strings become null (0.3976ms)
✔ returns empty object for nullish or non-object details (5.7907ms)
✔ truncates long strings to 500 characters with ellipsis (1.0741ms)
✔ collapses oversized arrays and deep objects (0.6432ms)
✔ normalizes dates and drops unsupported values (19.8347ms)
✔ replaces details exceeding byte budget with a truncation marker (0.9086ms)
✔ canonicalize sorts object keys and serializes dates deterministically (2.1766ms)
✔ result hash is stable for identical inputs regardless of key order (4.1567ms)
✔ result hash changes when result data changes (1.2573ms)
✔ isOperationalReportKey validates known keys (0.3861ms)
✔ registry denies exact IDs and normalized Google spreadsheet URLs (5.9012ms)
✔ production registry fails closed when required registration is absent (1.8186ms)
✔ spreadsheet normalization is strict and masking does not expose IDs (0.6397ms)
✔ registration groups compose without mutable global state (0.3868ms)
✔ Stage 2 registers both ingestion sources as production-required (0.4995ms)
✔ registry agent list excludes inactive rows by default (8.0086ms)
✔ registry merchant list supports include_inactive (1.5205ms)
{"level":"info","time":"2026-09-19T03:08:49.626Z","service":"vantage-main-server","env":"development","msg":"cpl_correction.completed","observability_level":"info","category":"admin","workflow":"cpl_correction","entity_id":"6aadfcc11b01bfe2431137f4"}
✔ computeCplCorrectionPreviewHash is stable for normalized selection and impact (6.1044ms)
✔ previewCplCorrection returns deterministic hash and bounded sample (5.2419ms)
✔ preview hashes full Lead state and reports full counts beyond its sample (2.0664ms)
✔ Form duplicate flags do not invoke Call duplicate-zero CPL semantics (1.5562ms)
✔ createCplCorrection rejects stale preview hash (3.3086ms)
✔ createCplCorrection rejects changed schedule revision (1.3829ms)
✔ createCplCorrection commits audit metadata without lead payloads (4.4951ms)
✔ correction jobs exclude Leads inserted after the reviewed preview (12.0789ms)
✔ correction jobs fail visibly when reviewed Lead state changes (2.474ms)
✔ correction jobs fail when a reviewed Lead disappears (2.3495ms)
✔ processCplCorrectionBatch resumes after expired lease (9.3201ms)
✔ overlapping workers do not double-correct the same lead (25.179ms)
✔ re-entering a completed batch is a no-op (36.2758ms)
✔ cancellation stops future batches without corrupting completed work (37.5555ms)
✔ partial failure records failed count and resumes remaining leads (49.9454ms)
✔ analytics invalidation seam fires once after successful completion with changes (1.975ms)
✔ analytics handoff failure does not downgrade completed corrections (3.1957ms)
✔ normalizeCplCorrectionSelection converts inclusive business dates (2.5847ms)
✔ correction windows query pseudo-UTC Lead timestamps across DST (2.4881ms)
{"level":"warn","time":"2026-09-19T03:08:49.630Z","service":"vantage-main-server","env":"development","msg":"cpl_correction.lead_failed","observability_level":"warn","category":"admin","workflow":"cpl_correction","entity_id":"6aadfcc11b01bfe2431137f5"}
{"level":"error","time":"2026-09-19T03:08:49.632Z","service":"vantage-main-server","env":"development","msg":"cpl_correction.reviewed_target_missing","observability_level":"error","category":"admin","workflow":"cpl_correction","entity_id":"6aadfcc11b01bfe2431137f6"}
{"level":"info","time":"2026-09-19T03:08:49.637Z","service":"vantage-main-server","env":"development","msg":"cpl_correction.progress","observability_level":"info","category":"admin","workflow":"cpl_correction","entity_id":"6aadfcc11b01bfe2431137f7"}
{"level":"info","time":"2026-09-19T03:08:49.642Z","service":"vantage-main-server","env":"development","msg":"cpl_correction.completed","observability_level":"info","category":"admin","workflow":"cpl_correction","entity_id":"6aadfcc11b01bfe2431137f7"}
{"level":"info","time":"2026-09-19T03:08:49.667Z","service":"vantage-main-server","env":"development","msg":"cpl_correction.completed","observability_level":"info","category":"admin","workflow":"cpl_correction","entity_id":"6aadfcc11b01bfe2431137f8"}
{"level":"info","time":"2026-09-19T03:08:49.687Z","service":"vantage-main-server","env":"development","msg":"cpl_correction.completed","observability_level":"info","category":"admin","workflow":"cpl_correction","entity_id":"6aadfcc11b01bfe2431137f9"}
{"level":"info","time":"2026-09-19T03:08:49.719Z","service":"vantage-main-server","env":"development","msg":"cpl_correction.progress","observability_level":"info","category":"admin","workflow":"cpl_correction","entity_id":"6aadfcc11b01bfe2431137fa"}
{"level":"info","time":"2026-09-19T03:08:49.720Z","service":"vantage-main-server","env":"development","msg":"cpl_correction.cancelled","observability_level":"info","category":"admin","workflow":"cpl_correction","entity_id":"6aadfcc11b01bfe2431137fa"}
{"level":"warn","time":"2026-09-19T03:08:49.762Z","service":"vantage-main-server","env":"development","msg":"cpl_correction.lead_failed","observability_level":"warn","category":"admin","workflow":"cpl_correction","entity_id":"6aadfcc11b01bfe2431137fb"}
{"level":"info","time":"2026-09-19T03:08:49.777Z","service":"vantage-main-server","env":"development","msg":"cpl_correction.progress","observability_level":"info","category":"admin","workflow":"cpl_correction","entity_id":"6aadfcc11b01bfe2431137fb"}
{"level":"info","time":"2026-09-19T03:08:49.791Z","service":"vantage-main-server","env":"development","msg":"cpl_correction.completed","observability_level":"info","category":"admin","workflow":"cpl_correction","entity_id":"6aadfcc11b01bfe2431137fb"}
{"level":"info","time":"2026-09-19T03:08:49.793Z","service":"vantage-main-server","env":"development","msg":"cpl_correction.completed","observability_level":"info","category":"admin","workflow":"cpl_correction","entity_id":"6aadfcc11b01bfe2431137fc"}
{"level":"info","time":"2026-09-19T03:08:49.796Z","service":"vantage-main-server","env":"development","msg":"cpl_correction.completed","observability_level":"info","category":"admin","workflow":"cpl_correction","entity_id":"6aadfcc11b01bfe2431137fd"}
{"level":"error","time":"2026-09-19T03:08:49.796Z","service":"vantage-main-server","env":"development","msg":"cpl_correction.analytics_handoff_failed","observability_level":"error","category":"admin","workflow":"cpl_correction","entity_id":"6aadfcc11b01bfe2431137fd"}
✔ dollarsToCents accepts canonical non-negative precision (3.8928ms)
✔ dollarsToCents rejects negatives, unsafe values, and more than two decimals (3.4282ms)
✔ business dates convert New York local midnight across spring DST (2.5077ms)
✔ business dates convert New York local midnight across fall DST (0.6399ms)
✔ owner inclusive end converts to next local midnight exclusive (0.5953ms)
✔ business date conversion rejects malformed and impossible dates (0.8052ms)
✔ active schedule validation accepts contiguous periods and explicit zero (1.5088ms)
✔ active schedule validation rejects gaps, overlaps, and missing open end (3.172ms)
✔ inactive schedules may be incomplete but remain ordered and non-overlapping (3.0751ms)
✔ simple construction ignores unchanged rates and preserves future periods (17.1769ms)
✔ simple construction splits history and replaces future coverage (17.4321ms)
✔ advanced operations add, split, correct, and replace schedules (2.8667ms)
✔ resolver uses inclusive start and exclusive end business timestamp (11.2667ms)
✔ resolver distinguishes missing, duplicate zero, and not applicable (0.5594ms)
✔ advanced command returns safe stale revision state without writes (3.1727ms)
✔ simple command validates every changed granularity before writing atomically (3.1365ms)
✔ simple command ignores unchanged rows and increments changed rows once (2.4399ms)
✔ simple command ignores an unchanged row without revision comparison (1.0302ms)
✔ CplRatePeriod model declares the three schedule lookup indexes (1.2722ms)
✔ toSmsView defaults a missing policy to off and not attested (4.5305ms)
✔ setGranotCrmSourceOutboundSms rejects non-owners and not_attested enable (8.6239ms)
✔ listRecentGranotCrmSourceSms never returns a message body (1.4058ms)
✔ enabling SMS is rejected unless lead_created_policy is create_if_missing (2.2519ms)
✔ editing a template increments template_version and leaves enabled false (44.2155ms)
✔ RegistryError exposes stable registry_code and remediation in HTTP body (3.3485ms)
✔ RegistryError maps registry codes to app log codes without changing legacy error field (1.2532ms)
✔ [AC-38] automation reference write is audited and invalidates caches only after commit (39.3554ms)
✔ [AC-38] replay of the same automation reference is a no-op write (46.0691ms)
✔ [AC-38] audit failure leaves the automation reference unapplied (3.0845ms)
✔ Admin actors cannot write automation references (1.2052ms)
✔ Admin and missing-reason actors cannot mutate Granot CRM source policy (26.6779ms)
✔ [AC-38] Owner create validates inside the transaction and pairs one sanitized granot_crm_source audit (8.3068ms)
✔ [AC-38] audit failure rolls back mutation and does not invalidate caches (2.816ms)
✔ duplicate request IDs remain a stable replay conflict (2.1023ms)
✔ inactive or mismatched references fail closed and do not write (2.9861ms)
✔ setGranotCrmSourceLifecycleEnabled reuses the audited Owner command (3.1576ms)
✔ read-after-write does not return a cached precommit policy projection (0.8233ms)
﹣ [AC-38] replica-set create commits mutation and audit together then invalidates caches (1.9483ms) # Replica-set proof is opt-in via GRANOT_LIFECYCLE_REPLICA_TESTS=true.
✔ changing lead_created_policy away from create_if_missing turns SMS off on the stored document (21.6258ms)
✔ normalizeSourceLabel applies NFKC (4.7342ms)
✔ normalizeSourceLabel collapses internal whitespace (0.8077ms)
✔ normalizeSourceLabel trims (0.6092ms)
✔ normalizeSourceLabel lowercases (0.5384ms)
✔ normalizeSourceLabel folds full-width characters (0.7327ms)
✔ normalizeSourceLabel collapses a non-breaking space (0.5627ms)
✔ create rejects a client-supplied normalized_label (2.7359ms)
✔ create rejects a change_reason shorter than 10 or longer than 1000 (1.1598ms)
✔ create validation order: Feed exists, belongs to Lead Source, is active, then collision (28.1447ms)
✔ unique index is defined separately from the service collision check (1.8ms)
✔ create writes through the registry audit trail (2.0842ms)
✔ there is no in-place destination edit; correction is deactivate then create (2.3873ms)
✔ schema validation rejects a mismatched normalized_label (18.3356ms)
✔ schema validation rejects post-create changes to destination fields (5.0471ms)
✔ resolveLabelToFeed returns not_found without throwing (1.5504ms)
✔ resolveLabelToFeed returns ambiguous when two active mappings collide (0.777ms)
✔ listLabelMappings filters by Feed, Lead Source, and namespace (0.7935ms)
✔ consultStaticSourceLabelMap increments the instrumented counter (0.4894ms)
✔ derives company_slug and granularity_key like paid_overflow (8.0999ms)
✔ creates one inactive lead source and feed and returns the readiness plan (63.6969ms)
✔ skippable Granot still creates a valid inactive lead source and feed (22.5121ms)
✔ collision on company_slug writes nothing (35.96ms)
✔ crm_label collision against an active same-channel feed writes nothing (19.2829ms)
✔ alias collision names both sides and writes nothing (45.062ms)
✔ granot label collision writes nothing (1.3172ms)
✔ mid-transaction feed failure leaves none of the three (1.5323ms)
✔ Paid Overflow-shaped setup creates a new first-class feed and leaves paid_overflow alone (2.1427ms)
✔ preview runs the same validation and writes nothing (28.9775ms)
✔ preview reports every collision type without writing (2.7369ms)
✔ translation table maps handling and arrival policy exactly (74.4953ms)
✔ one_feed create is inactive, SMS-off, one any route, lead_model derived from the Feed (7.0698ms)
✔ one_feed Call Feed derives CallLead (1.9998ms)
✔ Owner create accepts an inactive Feed on an inactive Lead Source as a draft (1.6176ms)
✔ submitted lead_source_id that disagrees with the Feed is rejected naming both sides (4.2358ms)
✔ watch_only with a non-null destination is rejected (18.5795ms)
✔ duplicate normalized name is rejected before write (20.5236ms)
✔ short reason is rejected after the name check (0.7433ms)
✔ form_by_move_type with two Call Feeds is rejected (26.7951ms)
✔ form_by_move_type with two local Feeds is rejected (1.4792ms)
✔ form_by_move_type with the same Feed twice is rejected (0.683ms)
✔ form_by_move_type with Feeds from different Lead Sources is rejected (1.2051ms)
✔ form_by_move_type writes two FormLead routes keyed by move type (1.9261ms)
✔ referral_booking translates to referral disposition and observation_only (46.5323ms)
✔ watch_only translates to deferred and observation_only (38.4257ms)
✔ non-Owner actors cannot create a Granot name (0.8341ms)
✔ banned-term constant is the shared six-term list (5.3334ms)
✔ ORS-3 detail projection Owner strings stay inside the language deck (23.1104ms)
✔ translation table covers every code health.ts can emit (3.7391ms)
✔ every translation has a non-empty owner action and deep link (0.744ms)
✔ unknown codes surface as themselves and are never dropped (0.5416ms)
✔ active RingCentral validation failure uses the stopped-filing sentence (0.2063ms)
✔ assignment inconsistency states the operational cost with the number (0.1947ms)
✔ source registry health reports invalid defaults and deterministic conflicts (99.9954ms)
✔ source registry health reports active granularity under inactive company (0.5888ms)
✔ CPL health discloses invalid active schedules and unresolved production Leads (42.0978ms)
✔ runtime health discloses stale cache service and remaining compatibility reads (1.2404ms)
✔ label mapping health reports an invalid destination and a collision (1.5125ms)
✔ Registry Health renders with an empty mappings collection (0.7397ms)
✔ Granot health findings raise on one fixture each and stay quiet on a healthy source (3.465ms)
✔ detail returns every connection in one request for §7.2 (24.7814ms)
✔ two move-type feeds keep separate label sets (4.5465ms)
✔ empty states are present sections, never absent (6.1542ms)
✔ list and detail stay under the round-trip bound and write nothing (120.3829ms)
✔ Owner-facing finding strings keep implementation words out of copy (50.3149ms)
✔ withRegistryMutation rolls back when audit insert fails (7.1439ms)
✔ withRegistryMutation invalidates caches only after commit (1.9009ms)
✔ duplicate mutation request IDs fail as a stable replay conflict (1.4188ms)
✔ granot_crm_source audit failure still rolls back and skips cache invalidation (3.9745ms)
✔ invalidateRegistryCaches deduplicates keys for listeners (19.0565ms)
✔ assignment DTO carries Lead Source and Feed labels from one bounded join (6.8718ms)
✔ reassignment request carrying a company ID is still rejected (34.9855ms)
✔ activation still rejects an inactive or non-call feed (27.3192ms)
✔ dependency preview no longer returns a hardcoded can_deactivate gate (1.3997ms)
✔ RingCentral snapshot resolves historical assignment intervals (4.1992ms)
✔ RingCentral snapshot rejects unknown and interval gaps (0.8855ms)
✔ RingCentral snapshot excludes inactive source targets (2.0808ms)
✔ active RingCentral snapshot number listing excludes closed history (0.6242ms)
✔ cache invalidation discards an in-flight stale refresh (1.6497ms)
✔ M5 account validator shares one RingCentral inventory load across numbers (2.4912ms)
{"level":"info","time":"2026-09-19T03:09:10.084Z","service":"vantage-main-server","env":"development","msg":"operations_registry.compatibility_read","observability_level":"info","category":"admin","workflow":"operations_registry"}
✔ runtime telemetry exposes bounded resolver health and compatibility counters (3.655ms)
✔ durable compatibility recording falls back locally when persistence is unavailable (4.6017ms)
✔ durable compatibility events merge across process-local telemetry (22.8146ms)
✔ sanitizeRegistrySnapshot redacts secret-like keys (4.2949ms)
✔ sanitizeRegistrySnapshot bounds oversized nested payloads (0.6972ms)
✔ sanitizeRegistrySnapshot returns null for empty snapshots (0.7953ms)
✔ first-class Source Granularity applies draft and revision defaults (22.6592ms)
✔ Source Company defaults sheet projection to derived import (11.2988ms)
✔ source company write schema rejects embedded granularities and active flag (7.2243ms)
✔ owner-created dynamic source resolves by exact identifier (4.8316ms)
✔ active company default resolves only to an active same-channel record (0.7273ms)
✔ a company identifier falls through to its default when it is not a granularity alias (0.6624ms)
✔ local classification resolves the matching active granularity before the default (0.6229ms)
✔ fallback aliases choose the unique highest priority candidate (0.8343ms)
✔ an inferred unknown company identifier can resolve as a global alias in one pass (0.6689ms)
✔ equal-priority fallback ambiguity fails deterministically (1.9378ms)
✔ inactive exact records and inactive defaults do not resolve (0.9433ms)
✔ all legacy source-label fixtures preserve company attribution (2.8086ms)
✔ resolves without touching the static map (4.5892ms)
✔ empty collection falls back to the static map and emits exactly one compatibility-read event (1.1527ms)
✔ ambiguous mapping fails closed and does not consult the static map (1.1211ms)
✔ inactive-Feed mapping fails closed and does not fall back to the static map (1.394ms)
✔ canonical payload normalizes email, role, method, and path (2.3347ms)
✔ verifyRegistryActor accepts a valid owner signature (1.9179ms)
✔ verifyRegistryActor rejects admin role for owner-only mutation (1.6178ms)
✔ verifyRegistryActor allows admin read access with valid signature (0.7969ms)
✔ verifyRegistryActor rejects missing signature headers (36.5473ms)
✔ verifyRegistryActor rejects expired signatures outside replay window (2.1825ms)
✔ verifyRegistryActor rejects tampered signatures (0.9883ms)
✔ verifyRegistryActor rejects method/path mismatches (1.3744ms)
✔ verifyAdminActorSignature uses constant-time comparison semantics (1.8208ms)
✔ preview unsigned compatibility is disabled in production (1.3429ms)
✔ preview unsigned compatibility never authorizes mutations (1.0359ms)
✔ unsigned preview reads require a unique request ID (0.8531ms)
✔ exported header names match dashboard proxy contract (0.3126ms)
✔ extension owner Bearer auth can read agent catalog without signed proxy headers (0.5072ms)
✔ extension owner Bearer auth can create agents without signed proxy headers (0.5993ms)
✔ extension owner Bearer auth cannot mutate non-catalog registry routes (0.6666ms)
✔ extension sales Bearer auth is not a registry actor (0.6114ms)
✔ extension Sales plus Customer Service Bearer auth is not a registry actor (0.5711ms)
✔ booked reconciliation can preview phone/source matched unbooked call lead updates (19.5437ms)
✔ booked reconciliation does not globally phone-match across assigned source companies (4.0009ms)
✔ booked reconciliation warns but allows idempotent sync when phone-matched lead has a different job_no (4.4825ms)
✔ booked reconciliation prefers phone/source candidates without conflicting job_no (36.6172ms)
✔ Path B phone fallback does not read granot_contact_snapshot as identity (1.4827ms)
✔ ownerIdentitySnapshotFromEmail persists snake_case keys required by ReportingDestination (29.9857ms)
✔ ReportingDestination rejects camelCase owner identity snapshots (83.5756ms)
✔ ReportingDestination accepts snake_case owner identity from helper (2.7911ms)
✔ Stage 4 stream resumes without duplicates and preserves checksum state (33.9223ms)
✔ Stage 4 stream validates current page dependencies before and after query (2.1185ms)
✔ Stage 4 source read-through is supplied once as a valid UTC instant (0.6901ms)
✔ manifest builds once and validations are page-targeted across pages (3.0069ms)
✔ resume validates the complete manifest before reopening reader (2.3568ms)
✔ mapped contributing dependency fails before output without O(N) validation (1.5223ms)
✔ columnIndexFromLetters matches Google A1 columns including ZZ (4.5342ms)
✔ createHiddenStagingTab stamps markers on a default 26-column Google sheet (4.7251ms)
✔ writeOwnershipAndRunMarkers expands an existing 26-column sheet (1.0887ms)
✔ writeValuesRaw expands a default grid before writing past the last row (2.5006ms)
✔ registered container confirmed 404 is treated as cleaned_not_found (49.0093ms)
✔ 403 access denied remains refetch_blocked and does not complete run (29.9821ms)
✔ transient provider error remains refetch_blocked and does not complete run (39.3952ms)
✔ confirmed 404 completes run when all registered containers are cleaned (1.3264ms)
✔ partial attempt A cleaned then failed B completes only after B is cleaned on next run (1.1583ms)
✔ live harness prerequisites fail closed when OAuth export root is absent (5.0594ms)
✔ live harness rejects service-account credentials including local file env vars (1.4537ms)
✔ live harness skips without calling Google when prerequisites are absent (4.9076ms)
✔ PII-safe evidence masks file IDs and omits sensitive detail keys (1.5551ms)
✔ live harness evidence log contains no raw PII field names (1.4097ms)
✔ buildLiveTestRunTag produces unique synthetic tags (3.8208ms)
✔ buildLiveTestAppProperties marks harness_container artifacts for janitor selection (0.7773ms)
✔ transient failure wrapper exhausts injected failures (0.3565ms)
✔ positively marked live test artifact requires export root, age, and marker (1.0142ms)
✔ live test google api factory receives explicit OAuth2Client (7.3236ms)
✔ live test google api factory rejects service-account env indicators (4.3278ms)
✔ needs_janitor cleanup status remains janitor-eligible (2.2598ms)
✔ registry binding rejects copied-marker sibling not registered for run (1.1494ms)
✔ registry binding rejects export root mismatch (0.5149ms)
✔ denylist proof accepts only OPERATIONAL_WORKBOOK rejection code (1.0023ms)
✔ picker parent mismatch fails before destination denylist check (1.0045ms)
✔ export folder env snapshot restores unset variable after early throw path (0.6312ms)
✔ export folder env snapshot restores prior value when variable was set (0.749ms)
✔ live test run tag format enforces configured prefix pattern (3.6692ms)
✔ direct-child invariant rejects nested artifacts (0.5342ms)
✔ known harness run evidence requires harness_container role and markers (0.9883ms)
✔ recursive evidence sanitizer redacts nested sensitive values (3.7373ms)
✔ sanitizeLiveTestString redacts embedded Drive URLs and bearer tokens (0.7522ms)
✔ structured cleanup errors mask file IDs instead of concatenating raw IDs (0.9255ms)
✔ service-account indicators include env, local file vars, and credential file names (5.8271ms)
✔ janitor returns no-op when live tests are disabled (2.6994ms)
✔ worker transient hook consumes only configured run (0.8708ms)
✔ janitor selects only positively marked harness_container folders under export root (6.0979ms)
✔ janitor requires persisted harness-run registry authorization (29.0022ms)
✔ janitor honors optional run-tag prefix filter (0.8379ms)
✔ isPositivelyMarkedHarnessContainer rejects non-folder roles and young artifacts (0.3967ms)
✔ isPositivelyMarkedLiveTestArtifact rejects young artifacts (1.5223ms)
✔ promotion plan: fresh reserve when ready and no prior reservation (44.6042ms)
✔ promotion plan: takeover recovers applied rename without competing promote (12.5117ms)
✔ promotion plan: takeover of not-applied rename takes new reservation (0.7669ms)
✔ promotion plan: ambiguous google state preserves prior-tab safety (2.7161ms)
✔ promotion reservation filter requires active lease and prior generation (2.4293ms)
✔ promotion lease interleaving: expiry before provider abandons mutate (0.719ms)
✔ promotion lease interleaving: expiry during provider blocks stale CAS (0.2884ms)
✔ promotion lease interleaving: stale response after takeover cannot CAS (0.6174ms)
✔ promotion lease interleaving: takeover recovers applied rename via CAS only (0.3815ms)
✔ promotion lease interleaving: takeover of not-applied rename re-reserves then promotes (0.5673ms)
✔ promotion CAS requires provider_applied, not merely reserved (0.6172ms)
✔ transient TX errors are not classified as stale (0.4487ms)
✔ catalog contains exactly three code-defined @1 datasets and complete contracts (33.1703ms)
✔ owner sorts reject internal and duplicate terms and append ASC tie-breakers (15.4755ms)
✔ deployment allowlist defaults, narrows, and rejects unknown or duplicate tokens (0.8948ms)
✔ strict request contracts reject caller scope and arbitrary dataset filters (33.0877ms)
✔ request bounds and formula-safe labels fail before database work (136.2837ms)
✔ cancel wire contract requires idempotencyKey (admin clients must send it) (27.4144ms)
✔ New York date boundaries are half-open across 23 and 25 hour days (442.1657ms)
✔ rolling windows are strict, bounded, fresh, and DST-aware (404.528ms)
✔ source performance aggregates all related bookings with approved semantics (2.0114ms)
✔ CPL unresolved semantics exclude resolved zero and not-applicable states (1.2918ms)
✔ source performance grouping uses stable IDs and ignores label drift (7.4667ms)
✔ representative policies retain temporal and outcome or exception variation (5.0513ms)
✔ lead detail primary booking is one-row deterministic and prefers active state (2.5177ms)
✔ keyset cursor covers rows once and checksums are deterministic (2.2037ms)
✔ destination port is injectable and fails closed on safety or checksum drift (5.7431ms)
✔ destination verification timestamps must be finite, fresh, and not future-skewed (3.5972ms)
✔ destination validation binds identity and strategy-specific shape (3.1835ms)
✔ unresolved cancellation pipeline scopes through canonical booking attribution (2.2166ms)
✔ every orphan predicate narrows granularities per parent company (1.0425ms)
✔ confirmation binds stable destination identity; health refresh stays valid (7.9697ms)
✔ owner destination checksum treats zero available cells as a real capacity, not missing (0.6959ms)
✔ confirmation evidence binds actor, idempotency key, and immutable fingerprint (1.8138ms)
✔ concurrent confirmation duplicate keys are recognized without a 500 race (0.2692ms)
✔ snapshot adapter contract records a token and fails closed when unavailable (0.5263ms)
✔ unchanged leadless booking manifest entries retain job and source fingerprints (122.8608ms)
✔ changed leadless booking job or source data invalidates its manifest entry (55.0289ms)
✔ sample evidence is keyed opaque HMAC rather than raw SHA (1.4007ms)
✔ execution package mandates literal RAW spreadsheet writes (31.4943ms)
✔ query budgets reject oversized materialization and page requests before reads (4.5208ms)
✔ estimates distinguish exact and safe upper bounds without truncation (0.778ms)
✔ run failures are fixed safe envelopes and unsafe fields are never exposed (1.4069ms)
✔ reporting lifecycle audit payloads contain only safe identifiers and counts (0.9549ms)
✔ source read-through capture is fenced by active lease owner and epoch (0.7893ms)
✔ revision checksum survives Mongo minimize of empty filters (1.6479ms)
✔ revision checksum verification detects tampering and bulk mutation is blocked (1.7878ms)
✔ unexpected reporting errors serialize to a generic 500 response (0.6329ms)
✔ reporting routes preserve RegistryError status and reject malformed IDs (1.2816ms)
✔ reporting routes surface destination AppErrors instead of a generic 500 (0.7729ms)
✔ incomplete operational workbook safety fails closed without leaking keys (0.4606ms)
✔ reporting routes expose the deployment kill switch without leaking config (0.416ms)
✔ run confirmation HMAC uses VANTAGE_API_SECRET when API_SECRET is unset (0.5304ms)
✔ missing reporting confirmation secrets fail closed with a safe 503 (1.1735ms)
✔ persistence models expose required indexes and immutable revision middleware (22.6258ms)
✔ regression 1: queue consumer registers Stage 4 foundation before work (5.1384ms)
✔ regression 4: read-back recomputes deterministic content checksum (11.0406ms)
✔ regression 5: published managed tab verified before staging and promotion (2.3463ms)
✔ regression 6: cleanup does not overwrite delivery terminal status (104.8055ms)
✔ regression 7: artifact creation recovers one positively marked artifact (4.8337ms)
✔ regression 8: resume always fully validates persisted manifest entries/maps (1.215ms)
✔ regression 9: trash requires ownedByMe, MIME, identity, and Drive appProperties (1.3536ms)
✔ regression 11: promotion ambiguity preserves old tab and never deletes by name (23.8566ms)
✔ regression: empty report checksum equals initial accumulator (1.2739ms)
✔ regression 2/3: lease fence helpers abort on false without Google side effects (1822.1924ms)
✔ regression 8b: resume validates entries even with no stream checkpoint (1.5275ms)
✔ regression 10: cancel requires and replays idempotency keys (50.4183ms)
✔ regression 2b: destination CAS after promotion updates managed immutable id (375.8544ms)
✔ regression: upper-bound verification never reads estimate headroom (35.7476ms)
✔ regression: title change resolved by immutable sheet ID on resume (1.8934ms)
✔ regression: ambiguous marker tampering refuses promotion (26.9123ms)
✔ regression: destination lineage accepts proven replace_tab advancement (1642.1782ms)
✔ regression: phase-aware transition skips advanced status without LEASE_LOST (17.6289ms)
✔ regression: delivery fence rejects forged fence fields and stale epoch predicate (2.9676ms)
✔ regression: stale-worker fence bind loses to lease takeover (2.1714ms)
✔ regression: LeaseLost after promote CAS never terminal-fails run (17.9317ms)
✔ regression: retryable provider abandon does not terminal-fail (5.5971ms)
✔ regression: snapshot terminal consistency refuses delivery-completed + run-failed (10.185ms)
✔ regression: fence bind TX interleaves with lease takeover (3.1898ms)
✔ regression: already-promoted recovery requires content verify not title-only (3.0444ms)
✔ regression: CAS-resume path refuses tampered markers and trailing edits (4.2383ms)
✔ regression: worker maps destination ReportingErrors to destination failures (2.1825ms)
✔ regression: Google 400 marker write maps to INTERNAL_FAILURE with provider_status (15.0374ms)
✔ regression: destination stable identity ignores volatile health timestamps (10.4717ms)
✔ acceptance 10: denylist rejects every registered operational workbook id (4.1301ms)
✔ acceptance 11: human-created tab takeover is refused by staging ownership markers (3.241ms)
✔ acceptance 12: capacity feedback refuses silent truncation (1.2285ms)
✔ acceptance 13/14: bounded RAW writes, idempotent replay, and checksum-safe progress (55.6884ms)
✔ acceptance 13: ambiguous provider timeout replays exact range after read-back (18.0946ms)
✔ acceptance 15/16: staging verification/promotion and failed replacement preserves old tab (11.0891ms)
✔ acceptance 17: incomplete snapshot cleanup only trashes positively marked workbooks (53.559ms)
✔ cleanup janitor never trashes a completed snapshot artifact (1.2733ms)
✔ acceptance 19: PII is excluded from provider failures, checkpoints, and delivery reads (64.3612ms)
✔ RAW semantics reject formula-shaped cells and require literal serialization (1.3091ms)
✔ persisted manifests reject row payloads and validate resume identity (1.4128ms)
✔ lease fencing failure codes remain typed and PII-safe (0.6025ms)
✔ operational workbook denylist rejects registered workbook IDs (16.3603ms)
✔ operational workbook denylist fails closed when configuration is incomplete (0.5103ms)
✔ managed tab verification rejects human-created name collisions (17.1523ms)
✔ managed tab verification rejects tabs without a Vantage ownership marker (2.0197ms)
✔ managed tab verification accepts a matching Vantage marker (15.1061ms)
✔ destination snapshot validation rejects operational workbook matches (12.6802ms)
✔ managed tab rename preserves immutable sheet ID and revalidates ownership (1.0462ms)
✔ destination read projection omits connection and actor credentials (1.6158ms)
✔ destination snapshot validation rejects stale health timestamps (0.9448ms)
✔ replace-tab capacity subtracts every existing workbook grid (0.8546ms)
✔ replace-tab capacity fails closed without grid metadata (0.6475ms)
✔ reporting observability defines operational alert event keys (4.4914ms)
✔ findReportingStuckRuns respects phase age threshold (2.0848ms)
✔ normalizePhoneNumberToE164Like handles common RingCentral number shapes (3.6408ms)
✔ RingCentral inbound target numbers resolve to configured source metadata (3.0939ms)
✔ RingCentral source labels are consistent with source company mapping (0.4833ms)
✔ normalizer preserves telephony facts before registry qualification (1.1642ms)
✔ normalizer uses an explicit provider call start and never notification time (1.1458ms)
✔ candidate folding preserves answeredAt from an older delayed event (31.0044ms)
✔ sample answered inbound event is pending immediately and qualifies after elapsed buffer (1.5164ms)
✔ evaluator rejects outbound calls (3.0857ms)
✔ evaluator rejects inbound calls to unknown numbers (0.6387ms)
✔ evaluator keeps live inbound target calls candidate until answered (1.0253ms)
✔ evaluator rejects terminal inbound target calls that were not answered (0.3768ms)
✔ evaluator distinguishes live and terminal answered calls under 120 seconds (0.3905ms)
✔ evaluator qualifies inbound target calls answered over 120 seconds (0.3116ms)
✔ evaluator rejects missed calls without answered evidence (0.2342ms)
﹣ [AC-17] Unit 21 replica lease, cursor, overlap, and rescan proof (1.6402ms) # Replica-set proof is opt-in via GRANOT_LIFECYCLE_REPLICA_TESTS=true.
✔ [AC-17] lease owner identity is bounded, opaque, and per invocation (32.2012ms)
✔ [AC-17] masked owner is a short stable digest and never leaks the owner (3.7091ms)
✔ [AC-17] singleton key index contract is the exact unique key index (2.8267ms)
✔ persisted run failure codes are a bounded, non-sensitive set (0.6464ms)
﹣ [AC-17] Mongo state lease elects exactly one winner (11.9446ms) # Replica-set proof is opt-in via GRANOT_LIFECYCLE_REPLICA_TESTS=true.
{"level":"info","time":"2026-09-19T03:10:04.528Z","service":"vantage-main-server","env":"development","msg":"ringcentral.call_log_sync.lease_contended","leaseOwnerHash":"e0e92466da53"}
✔ [AC-17] the lease loser performs no provider, route, ingest, or state work (8.6157ms)
✔ [AC-17] two overlapping invocations produce exactly one winner (3.4941ms)
✔ [AC-17] the winner claims before any provider or ingest work (3.1012ms)
✔ [AC-17] a complete successful run advances the cursor exactly once (2.8722ms)
✔ [AC-17] every failure stage leaves the cursor unchanged (4.5183ms)
✔ [AC-17] an observed provider throttle is counted and blocks cursor movement (1.2346ms)
✔ [AC-17] a run with no throttling reports zero throttles (1.4474ms)
✔ [AC-17] terminal write failure loses the fence and moves no cursor (1.3731ms)
✔ [AC-17] losing the lease mid-run stops work and writes nothing (1.26ms)
✔ [AC-17] the lease is renewed while long work remains (2.0169ms)
✔ [AC-17] a failed fenced error write degrades to a PII-safe lease-lost event (1.13ms)
✔ [AC-17] expired-lease recovery is reported without erasing terminal facts (1.1715ms)
✔ [AC-17] the rolling lookback stays exactly 12 hours for a first run (0.9764ms)
✔ [AC-17] the rolling lookback stays exactly 12 hours at a 30-minute cadence (0.7074ms)
✔ [AC-17] a cursor older than the floor keeps its overlap window (0.7595ms)
✔ [AC-17] the winner's window end is its own claim instant (0.747ms)
✔ [AC-17] pagination stops at a short page and continues through full pages (0.8498ms)
✔ a newest-first Call Log page ingests oldest-first so same-run Duplicate Leads classify (0.632ms)
✔ Call Log pages across a newest-first split still ingest oldest-first in one run (0.6524ms)
✔ [AC-17] Call Log telemetry and events carry no caller or provider content (1.008ms)
✔ [AC-17] emitted lease events expose only a masked owner and bounded fields (1.5181ms)
✔ [AC-17] the run summary itself exposes no caller data (1.4824ms)
{"level":"info","time":"2026-09-19T03:10:04.529Z","service":"vantage-main-server","env":"development","msg":"ringcentral.call_log_sync.lease_contended","observability_level":"info","category":"ringcentral","workflow":"ringcentral_call_log_sync","run_id":"2026-08-18T12:00:00.000Z"}
{"level":"info","time":"2026-09-19T03:10:04.536Z","service":"vantage-main-server","env":"development","msg":"ringcentral.call_log_sync.started","observability_level":"info","category":"ringcentral","workflow":"ringcentral_call_log_sync","run_id":"2026-08-18T12:00:00.000Z"}
{"level":"info","time":"2026-09-19T03:10:04.536Z","service":"vantage-main-server","env":"development","msg":"ringcentral.call_log_sync.lease_contended","leaseOwnerHash":"8cefb43f6f11"}
{"level":"info","time":"2026-09-19T03:10:04.536Z","service":"vantage-main-server","env":"development","msg":"ringcentral.call_log_sync.lease_contended","observability_level":"info","category":"ringcentral","workflow":"ringcentral_call_log_sync","run_id":"2026-08-18T12:00:00.000Z"}
{"level":"info","time":"2026-09-19T03:10:04.537Z","service":"vantage-main-server","env":"development","msg":"ringcentral.call_log_sync.completed","ranAt":"2026-08-18T12:00:00.000Z","windowFrom":"2026-08-18T00:00:00.000Z","windowTo":"2026-08-18T12:00:00.000Z","leaseOwnerHash":"7408b41fbeb6","leaseAcquired":true,"leaseRecovered":false,"leaseLost":false,"skipped":false,"skipReason":null,"runtimeMs":0,"fetchedRecords":0,"candidateRecords":0,"qualifiedRecords":0,"ingestActions":{"lead_created":0,"lead_created_duplicate":0,"lead_adopted":0,"lead_adopted_duplicate":0,"shadow_recorded":0,"dry_run":0,"skipped_already_processed":0},"adoptedRecords":0,"adoptionConflicts":0,"throttledResponses":0,"leadsCreated":0,"duplicatesFlagged":0,"cursorAdvanced":true,"errors":[]}
{"level":"info","time":"2026-09-19T03:10:04.537Z","service":"vantage-main-server","env":"development","msg":"ringcentral.call_log_sync.completed","observability_level":"info","category":"ringcentral","workflow":"ringcentral_call_log_sync","run_id":"2026-08-18T12:00:00.000Z"}
{"level":"info","time":"2026-09-19T03:10:04.538Z","service":"vantage-main-server","env":"development","msg":"ringcentral.call_log_sync.started","observability_level":"info","category":"ringcentral","workflow":"ringcentral_call_log_sync","run_id":"2026-08-18T12:00:00.000Z"}
{"level":"info","time":"2026-09-19T03:10:04.540Z","service":"vantage-main-server","env":"development","msg":"ringcentral.call_log_sync.completed","ranAt":"2026-08-18T12:00:00.000Z","windowFrom":"2026-08-18T00:00:00.000Z","windowTo":"2026-08-18T12:00:00.000Z","leaseOwnerHash":"e0e92466da53","leaseAcquired":true,"leaseRecovered":false,"leaseLost":false,"skipped":false,"skipReason":null,"runtimeMs":30,"fetchedRecords":1,"candidateRecords":1,"qualifiedRecords":1,"ingestActions":{"lead_created":0,"lead_created_duplicate":0,"lead_adopted":0,"lead_adopted_duplicate":0,"shadow_recorded":0,"dry_run":1,"skipped_already_processed":0},"adoptedRecords":0,"adoptionConflicts":0,"throttledResponses":0,"leadsCreated":0,"duplicatesFlagged":0,"cursorAdvanced":true,"errors":[]}
{"level":"info","time":"2026-09-19T03:10:04.540Z","service":"vantage-main-server","env":"development","msg":"ringcentral.call_log_sync.completed","observability_level":"info","category":"ringcentral","workflow":"ringcentral_call_log_sync","run_id":"2026-08-18T12:00:00.000Z"}
{"level":"info","time":"2026-09-19T03:10:04.542Z","service":"vantage-main-server","env":"development","msg":"ringcentral.call_log_sync.started","observability_level":"info","category":"ringcentral","workflow":"ringcentral_call_log_sync","run_id":"2026-08-18T12:00:00.000Z"}
{"level":"info","time":"2026-09-19T03:10:04.543Z","service":"vantage-main-server","env":"development","msg":"ringcentral.call_log_sync.completed","ranAt":"2026-08-18T12:00:00.000Z","windowFrom":"2026-08-18T00:00:00.000Z","windowTo":"2026-08-18T12:00:00.000Z","leaseOwnerHash":"e0e92466da53","leaseAcquired":true,"leaseRecovered":false,"leaseLost":false,"skipped":false,"skipReason":null,"runtimeMs":40,"fetchedRecords":2,"candidateRecords":2,"qualifiedRecords":2,"ingestActions":{"lead_created":0,"lead_created_duplicate":1,"lead_adopted":1,"lead_adopted_duplicate":0,"shadow_recorded":0,"dry_run":0,"skipped_already_processed":0},"adoptedRecords":1,"adoptionConflicts":1,"throttledResponses":0,"leadsCreated":1,"duplicatesFlagged":1,"cursorAdvanced":true,"errors":[]}
{"level":"info","time":"2026-09-19T03:10:04.543Z","service":"vantage-main-server","env":"development","msg":"ringcentral.call_log_sync.completed","observability_level":"info","category":"ringcentral","workflow":"ringcentral_call_log_sync","run_id":"2026-08-18T12:00:00.000Z"}
{"level":"info","time":"2026-09-19T03:10:04.545Z","service":"vantage-main-server","env":"development","msg":"ringcentral.call_log_sync.started","observability_level":"info","category":"ringcentral","workflow":"ringcentral_call_log_sync","run_id":"2026-08-18T12:00:00.000Z"}
{"level":"error","time":"2026-09-19T03:10:04.545Z","service":"vantage-main-server","env":"development","msg":"ringcentral.call_log_sync.failed","leaseOwnerHash":"e0e92466da53","stage":"route_snapshot","errorCode":"route_snapshot_failed","windowFrom":"2026-08-18T00:00:00.000Z","windowTo":"2026-08-18T12:00:00.000Z"}
{"level":"error","time":"2026-09-19T03:10:04.545Z","service":"vantage-main-server","env":"development","msg":"ringcentral.call_log_sync.failed","observability_level":"error","category":"ringcentral","workflow":"ringcentral_call_log_sync","run_id":"2026-08-18T12:00:00.000Z"}
{"level":"info","time":"2026-09-19T03:10:04.546Z","service":"vantage-main-server","env":"development","msg":"ringcentral.call_log_sync.started","observability_level":"info","category":"ringcentral","workflow":"ringcentral_call_log_sync","run_id":"2026-08-18T12:00:00.000Z"}
{"level":"error","time":"2026-09-19T03:10:04.546Z","service":"vantage-main-server","env":"development","msg":"ringcentral.call_log_sync.failed","leaseOwnerHash":"e0e92466da53","stage":"provider_fetch","errorCode":"provider_request_failed","windowFrom":"2026-08-18T00:00:00.000Z","windowTo":"2026-08-18T12:00:00.000Z"}
{"level":"error","time":"2026-09-19T03:10:04.546Z","service":"vantage-main-server","env":"development","msg":"ringcentral.call_log_sync.failed","observability_level":"error","category":"ringcentral","workflow":"ringcentral_call_log_sync","run_id":"2026-08-18T12:00:00.000Z"}
{"level":"info","time":"2026-09-19T03:10:04.547Z","service":"vantage-main-server","env":"development","msg":"ringcentral.call_log_sync.started","observability_level":"info","category":"ringcentral","workflow":"ringcentral_call_log_sync","run_id":"2026-08-18T12:00:00.000Z"}
{"level":"error","time":"2026-09-19T03:10:04.547Z","service":"vantage-main-server","env":"development","msg":"ringcentral.call_log_sync.failed","leaseOwnerHash":"e0e92466da53","stage":"provider_fetch","errorCode":"provider_throttled","windowFrom":"2026-08-18T00:00:00.000Z","windowTo":"2026-08-18T12:00:00.000Z"}
{"level":"error","time":"2026-09-19T03:10:04.547Z","service":"vantage-main-server","env":"development","msg":"ringcentral.call_log_sync.failed","observability_level":"error","category":"ringcentral","workflow":"ringcentral_call_log_sync","run_id":"2026-08-18T12:00:00.000Z"}
{"level":"info","time":"2026-09-19T03:10:04.547Z","service":"vantage-main-server","env":"development","msg":"ringcentral.call_log_sync.started","observability_level":"info","category":"ringcentral","workflow":"ringcentral_call_log_sync","run_id":"2026-08-18T12:00:00.000Z"}
{"level":"error","time":"2026-09-19T03:10:04.548Z","service":"vantage-main-server","env":"development","msg":"ringcentral.call_log_sync.failed","leaseOwnerHash":"e0e92466da53","stage":"ingest","errorCode":"ingest_failed","windowFrom":"2026-08-18T00:00:00.000Z","windowTo":"2026-08-18T12:00:00.000Z"}
{"level":"error","time":"2026-09-19T03:10:04.548Z","service":"vantage-main-server","env":"development","msg":"ringcentral.call_log_sync.failed","observability_level":"error","category":"ringcentral","workflow":"ringcentral_call_log_sync","run_id":"2026-08-18T12:00:00.000Z"}
{"level":"info","time":"2026-09-19T03:10:04.549Z","service":"vantage-main-server","env":"development","msg":"ringcentral.call_log_sync.started","observability_level":"info","category":"ringcentral","workflow":"ringcentral_call_log_sync","run_id":"2026-08-18T12:00:00.000Z"}
{"level":"error","time":"2026-09-19T03:10:04.549Z","service":"vantage-main-server","env":"development","msg":"ringcentral.call_log_sync.failed","leaseOwnerHash":"e0e92466da53","stage":"provider_fetch","errorCode":"provider_throttled","windowFrom":"2026-08-18T00:00:00.000Z","windowTo":"2026-08-18T12:00:00.000Z"}
{"level":"error","time":"2026-09-19T03:10:04.549Z","service":"vantage-main-server","env":"development","msg":"ringcentral.call_log_sync.failed","observability_level":"error","category":"ringcentral","workflow":"ringcentral_call_log_sync","run_id":"2026-08-18T12:00:00.000Z"}
{"level":"info","time":"2026-09-19T03:10:04.550Z","service":"vantage-main-server","env":"development","msg":"ringcentral.call_log_sync.started","observability_level":"info","category":"ringcentral","workflow":"ringcentral_call_log_sync","run_id":"2026-08-18T12:00:00.000Z"}
{"level":"info","time":"2026-09-19T03:10:04.551Z","service":"vantage-main-server","env":"development","msg":"ringcentral.call_log_sync.completed","ranAt":"2026-08-18T12:00:00.000Z","windowFrom":"2026-08-18T00:00:00.000Z","windowTo":"2026-08-18T12:00:00.000Z","leaseOwnerHash":"e0e92466da53","leaseAcquired":true,"leaseRecovered":false,"leaseLost":false,"skipped":false,"skipReason":null,"runtimeMs":30,"fetchedRecords":1,"candidateRecords":1,"qualifiedRecords":1,"ingestActions":{"lead_created":0,"lead_created_duplicate":0,"lead_adopted":0,"lead_adopted_duplicate":0,"shadow_recorded":0,"dry_run":1,"skipped_already_processed":0},"adoptedRecords":0,"adoptionConflicts":0,"throttledResponses":0,"leadsCreated":0,"duplicatesFlagged":0,"cursorAdvanced":true,"errors":[]}
{"level":"info","time":"2026-09-19T03:10:04.551Z","service":"vantage-main-server","env":"development","msg":"ringcentral.call_log_sync.completed","observability_level":"info","category":"ringcentral","workflow":"ringcentral_call_log_sync","run_id":"2026-08-18T12:00:00.000Z"}
{"level":"info","time":"2026-09-19T03:10:04.552Z","service":"vantage-main-server","env":"development","msg":"ringcentral.call_log_sync.started","observability_level":"info","category":"ringcentral","workflow":"ringcentral_call_log_sync","run_id":"2026-08-18T12:00:00.000Z"}
{"level":"warn","time":"2026-09-19T03:10:04.552Z","service":"vantage-main-server","env":"development","msg":"ringcentral.call_log_sync.lease_lost","leaseOwnerHash":"e0e92466da53","stage":"state_write"}
{"level":"warn","time":"2026-09-19T03:10:04.552Z","service":"vantage-main-server","env":"development","msg":"ringcentral.call_log_sync.lease_lost","observability_level":"warn","category":"ringcentral","workflow":"ringcentral_call_log_sync","run_id":"2026-08-18T12:00:00.000Z"}
{"level":"info","time":"2026-09-19T03:10:04.553Z","service":"vantage-main-server","env":"development","msg":"ringcentral.call_log_sync.started","observability_level":"info","category":"ringcentral","workflow":"ringcentral_call_log_sync","run_id":"2026-08-18T12:00:00.000Z"}
{"level":"warn","time":"2026-09-19T03:10:04.554Z","service":"vantage-main-server","env":"development","msg":"ringcentral.call_log_sync.lease_lost","leaseOwnerHash":"e0e92466da53","stage":"lease"}
{"level":"warn","time":"2026-09-19T03:10:04.554Z","service":"vantage-main-server","env":"development","msg":"ringcentral.call_log_sync.lease_lost","observability_level":"warn","category":"ringcentral","workflow":"ringcentral_call_log_sync","run_id":"2026-08-18T12:00:00.000Z"}
{"level":"info","time":"2026-09-19T03:10:04.555Z","service":"vantage-main-server","env":"development","msg":"ringcentral.call_log_sync.started","observability_level":"info","category":"ringcentral","workflow":"ringcentral_call_log_sync","run_id":"2026-08-18T12:00:00.000Z"}
{"level":"info","time":"2026-09-19T03:10:04.556Z","service":"vantage-main-server","env":"development","msg":"ringcentral.call_log_sync.completed","ranAt":"2026-08-18T12:00:00.000Z","windowFrom":"2026-08-18T00:00:00.000Z","windowTo":"2026-08-18T12:00:00.000Z","leaseOwnerHash":"e0e92466da53","leaseAcquired":true,"leaseRecovered":false,"leaseLost":false,"skipped":false,"skipReason":null,"runtimeMs":80,"fetchedRecords":6,"candidateRecords":6,"qualifiedRecords":6,"ingestActions":{"lead_created":0,"lead_created_duplicate":0,"lead_adopted":0,"lead_adopted_duplicate":0,"shadow_recorded":0,"dry_run":6,"skipped_already_processed":0},"adoptedRecords":0,"adoptionConflicts":0,"throttledResponses":0,"leadsCreated":0,"duplicatesFlagged":0,"cursorAdvanced":true,"errors":[]}
{"level":"info","time":"2026-09-19T03:10:04.556Z","service":"vantage-main-server","env":"development","msg":"ringcentral.call_log_sync.completed","observability_level":"info","category":"ringcentral","workflow":"ringcentral_call_log_sync","run_id":"2026-08-18T12:00:00.000Z"}
{"level":"info","time":"2026-09-19T03:10:04.557Z","service":"vantage-main-server","env":"development","msg":"ringcentral.call_log_sync.started","observability_level":"info","category":"ringcentral","workflow":"ringcentral_call_log_sync","run_id":"2026-08-18T12:00:00.000Z"}
{"level":"warn","time":"2026-09-19T03:10:04.557Z","service":"vantage-main-server","env":"development","msg":"ringcentral.call_log_sync.lease_lost","leaseOwnerHash":"e0e92466da53","stage":"route_snapshot"}
{"level":"warn","time":"2026-09-19T03:10:04.557Z","service":"vantage-main-server","env":"development","msg":"ringcentral.call_log_sync.lease_lost","observability_level":"warn","category":"ringcentral","workflow":"ringcentral_call_log_sync","run_id":"2026-08-18T12:00:00.000Z"}
{"level":"info","time":"2026-09-19T03:10:04.558Z","service":"vantage-main-server","env":"development","msg":"ringcentral.call_log_sync.started","observability_level":"info","category":"ringcentral","workflow":"ringcentral_call_log_sync","run_id":"2026-08-18T12:00:00.000Z"}
{"level":"warn","time":"2026-09-19T03:10:04.558Z","service":"vantage-main-server","env":"development","msg":"ringcentral.call_log_sync.lease_recovered","leaseOwnerHash":"e0e92466da53"}
{"level":"warn","time":"2026-09-19T03:10:04.558Z","service":"vantage-main-server","env":"development","msg":"ringcentral.call_log_sync.lease_recovered","observability_level":"warn","category":"ringcentral","workflow":"ringcentral_call_log_sync","run_id":"2026-08-18T12:00:00.000Z"}
{"level":"info","time":"2026-09-19T03:10:04.559Z","service":"vantage-main-server","env":"development","msg":"ringcentral.call_log_sync.completed","ranAt":"2026-08-18T12:00:00.000Z","windowFrom":"2026-08-18T00:00:00.000Z","windowTo":"2026-08-18T12:00:00.000Z","leaseOwnerHash":"e0e92466da53","leaseAcquired":true,"leaseRecovered":true,"leaseLost":false,"skipped":false,"skipReason":null,"runtimeMs":20,"fetchedRecords":0,"candidateRecords":0,"qualifiedRecords":0,"ingestActions":{"lead_created":0,"lead_created_duplicate":0,"lead_adopted":0,"lead_adopted_duplicate":0,"shadow_recorded":0,"dry_run":0,"skipped_already_processed":0},"adoptedRecords":0,"adoptionConflicts":0,"throttledResponses":0,"leadsCreated":0,"duplicatesFlagged":0,"cursorAdvanced":true,"errors":[]}
{"level":"info","time":"2026-09-19T03:10:04.559Z","service":"vantage-main-server","env":"development","msg":"ringcentral.call_log_sync.completed","observability_level":"info","category":"ringcentral","workflow":"ringcentral_call_log_sync","run_id":"2026-08-18T12:00:00.000Z"}
{"level":"info","time":"2026-09-19T03:10:04.559Z","service":"vantage-main-server","env":"development","msg":"ringcentral.call_log_sync.started","observability_level":"info","category":"ringcentral","workflow":"ringcentral_call_log_sync","run_id":"2026-08-18T12:00:00.000Z"}
{"level":"info","time":"2026-09-19T03:10:04.560Z","service":"vantage-main-server","env":"development","msg":"ringcentral.call_log_sync.completed","ranAt":"2026-08-18T12:00:00.000Z","windowFrom":"2026-08-18T00:00:00.000Z","windowTo":"2026-08-18T12:00:00.000Z","leaseOwnerHash":"e0e92466da53","leaseAcquired":true,"leaseRecovered":false,"leaseLost":false,"skipped":false,"skipReason":null,"runtimeMs":20,"fetchedRecords":0,"candidateRecords":0,"qualifiedRecords":0,"ingestActions":{"lead_created":0,"lead_created_duplicate":0,"lead_adopted":0,"lead_adopted_duplicate":0,"shadow_recorded":0,"dry_run":0,"skipped_already_processed":0},"adoptedRecords":0,"adoptionConflicts":0,"throttledResponses":0,"leadsCreated":0,"duplicatesFlagged":0,"cursorAdvanced":true,"errors":[]}
{"level":"info","time":"2026-09-19T03:10:04.560Z","service":"vantage-main-server","env":"development","msg":"ringcentral.call_log_sync.completed","observability_level":"info","category":"ringcentral","workflow":"ringcentral_call_log_sync","run_id":"2026-08-18T12:00:00.000Z"}
{"level":"info","time":"2026-09-19T03:10:04.560Z","service":"vantage-main-server","env":"development","msg":"ringcentral.call_log_sync.started","observability_level":"info","category":"ringcentral","workflow":"ringcentral_call_log_sync","run_id":"2026-08-18T12:00:00.000Z"}
{"level":"info","time":"2026-09-19T03:10:04.560Z","service":"vantage-main-server","env":"development","msg":"ringcentral.call_log_sync.completed","ranAt":"2026-08-18T12:00:00.000Z","windowFrom":"2026-08-18T00:00:00.000Z","windowTo":"2026-08-18T12:00:00.000Z","leaseOwnerHash":"e0e92466da53","leaseAcquired":true,"leaseRecovered":false,"leaseLost":false,"skipped":false,"skipReason":null,"runtimeMs":20,"fetchedRecords":0,"candidateRecords":0,"qualifiedRecords":0,"ingestActions":{"lead_created":0,"lead_created_duplicate":0,"lead_adopted":0,"lead_adopted_duplicate":0,"shadow_recorded":0,"dry_run":0,"skipped_already_processed":0},"adoptedRecords":0,"adoptionConflicts":0,"throttledResponses":0,"leadsCreated":0,"duplicatesFlagged":0,"cursorAdvanced":true,"errors":[]}
{"level":"info","time":"2026-09-19T03:10:04.561Z","service":"vantage-main-server","env":"development","msg":"ringcentral.call_log_sync.completed","observability_level":"info","category":"ringcentral","workflow":"ringcentral_call_log_sync","run_id":"2026-08-18T12:00:00.000Z"}
{"level":"info","time":"2026-09-19T03:10:04.561Z","service":"vantage-main-server","env":"development","msg":"ringcentral.call_log_sync.started","observability_level":"info","category":"ringcentral","workflow":"ringcentral_call_log_sync","run_id":"2026-08-18T12:00:00.000Z"}
{"level":"info","time":"2026-09-19T03:10:04.561Z","service":"vantage-main-server","env":"development","msg":"ringcentral.call_log_sync.completed","ranAt":"2026-08-18T12:00:00.000Z","windowFrom":"2026-08-17T15:45:00.000Z","windowTo":"2026-08-18T12:00:00.000Z","leaseOwnerHash":"e0e92466da53","leaseAcquired":true,"leaseRecovered":false,"leaseLost":false,"skipped":false,"skipReason":null,"runtimeMs":20,"fetchedRecords":0,"candidateRecords":0,"qualifiedRecords":0,"ingestActions":{"lead_created":0,"lead_created_duplicate":0,"lead_adopted":0,"lead_adopted_duplicate":0,"shadow_recorded":0,"dry_run":0,"skipped_already_processed":0},"adoptedRecords":0,"adoptionConflicts":0,"throttledResponses":0,"leadsCreated":0,"duplicatesFlagged":0,"cursorAdvanced":true,"errors":[]}
{"level":"info","time":"2026-09-19T03:10:04.561Z","service":"vantage-main-server","env":"development","msg":"ringcentral.call_log_sync.completed","observability_level":"info","category":"ringcentral","workflow":"ringcentral_call_log_sync","run_id":"2026-08-18T12:00:00.000Z"}
{"level":"info","time":"2026-09-19T03:10:04.562Z","service":"vantage-main-server","env":"development","msg":"ringcentral.call_log_sync.started","observability_level":"info","category":"ringcentral","workflow":"ringcentral_call_log_sync","run_id":"2026-08-18T12:00:00.000Z"}
{"level":"info","time":"2026-09-19T03:10:04.562Z","service":"vantage-main-server","env":"development","msg":"ringcentral.call_log_sync.completed","ranAt":"2026-08-18T12:00:00.000Z","windowFrom":"2026-08-18T00:00:00.000Z","windowTo":"2026-08-18T12:00:00.000Z","leaseOwnerHash":"e0e92466da53","leaseAcquired":true,"leaseRecovered":false,"leaseLost":false,"skipped":false,"skipReason":null,"runtimeMs":20,"fetchedRecords":0,"candidateRecords":0,"qualifiedRecords":0,"ingestActions":{"lead_created":0,"lead_created_duplicate":0,"lead_adopted":0,"lead_adopted_duplicate":0,"shadow_recorded":0,"dry_run":0,"skipped_already_processed":0},"adoptedRecords":0,"adoptionConflicts":0,"throttledResponses":0,"leadsCreated":0,"duplicatesFlagged":0,"cursorAdvanced":true,"errors":[]}
{"level":"info","time":"2026-09-19T03:10:04.562Z","service":"vantage-main-server","env":"development","msg":"ringcentral.call_log_sync.completed","observability_level":"info","category":"ringcentral","workflow":"ringcentral_call_log_sync","run_id":"2026-08-18T12:00:00.000Z"}
{"level":"info","time":"2026-09-19T03:10:04.563Z","service":"vantage-main-server","env":"development","msg":"ringcentral.call_log_sync.started","observability_level":"info","category":"ringcentral","workflow":"ringcentral_call_log_sync","run_id":"2026-08-18T12:00:00.000Z"}
{"level":"info","time":"2026-09-19T03:10:04.563Z","service":"vantage-main-server","env":"development","msg":"ringcentral.call_log_sync.completed","ranAt":"2026-08-18T12:00:00.000Z","windowFrom":"2026-08-18T00:00:00.000Z","windowTo":"2026-08-18T12:00:00.000Z","leaseOwnerHash":"e0e92466da53","leaseAcquired":true,"leaseRecovered":false,"leaseLost":false,"skipped":false,"skipReason":null,"runtimeMs":60,"fetchedRecords":3,"candidateRecords":3,"qualifiedRecords":3,"ingestActions":{"lead_created":0,"lead_created_duplicate":0,"lead_adopted":0,"lead_adopted_duplicate":0,"shadow_recorded":0,"dry_run":3,"skipped_already_processed":0},"adoptedRecords":0,"adoptionConflicts":0,"throttledResponses":0,"leadsCreated":0,"duplicatesFlagged":0,"cursorAdvanced":true,"errors":[]}
{"level":"info","time":"2026-09-19T03:10:04.563Z","service":"vantage-main-server","env":"development","msg":"ringcentral.call_log_sync.completed","observability_level":"info","category":"ringcentral","workflow":"ringcentral_call_log_sync","run_id":"2026-08-18T12:00:00.000Z"}
{"level":"info","time":"2026-09-19T03:10:04.564Z","service":"vantage-main-server","env":"development","msg":"ringcentral.call_log_sync.started","observability_level":"info","category":"ringcentral","workflow":"ringcentral_call_log_sync","run_id":"2026-08-18T12:00:00.000Z"}
{"level":"info","time":"2026-09-19T03:10:04.564Z","service":"vantage-main-server","env":"development","msg":"ringcentral.call_log_sync.completed","ranAt":"2026-08-18T12:00:00.000Z","windowFrom":"2026-08-18T00:00:00.000Z","windowTo":"2026-08-18T12:00:00.000Z","leaseOwnerHash":"e0e92466da53","leaseAcquired":true,"leaseRecovered":false,"leaseLost":false,"skipped":false,"skipReason":null,"runtimeMs":40,"fetchedRecords":2,"candidateRecords":2,"qualifiedRecords":2,"ingestActions":{"lead_created":0,"lead_created_duplicate":0,"lead_adopted":0,"lead_adopted_duplicate":0,"shadow_recorded":0,"dry_run":2,"skipped_already_processed":0},"adoptedRecords":0,"adoptionConflicts":0,"throttledResponses":0,"leadsCreated":0,"duplicatesFlagged":0,"cursorAdvanced":true,"errors":[]}
{"level":"info","time":"2026-09-19T03:10:04.564Z","service":"vantage-main-server","env":"development","msg":"ringcentral.call_log_sync.completed","observability_level":"info","category":"ringcentral","workflow":"ringcentral_call_log_sync","run_id":"2026-08-18T12:00:00.000Z"}
{"level":"info","time":"2026-09-19T03:10:04.564Z","service":"vantage-main-server","env":"development","msg":"ringcentral.call_log_sync.started","observability_level":"info","category":"ringcentral","workflow":"ringcentral_call_log_sync","run_id":"2026-08-18T12:00:00.000Z"}
{"level":"info","time":"2026-09-19T03:10:04.564Z","service":"vantage-main-server","env":"development","msg":"ringcentral.call_log_sync.completed","ranAt":"2026-08-18T12:00:00.000Z","windowFrom":"2026-08-18T00:00:00.000Z","windowTo":"2026-08-18T12:00:00.000Z","leaseOwnerHash":"e0e92466da53","leaseAcquired":true,"leaseRecovered":false,"leaseLost":false,"skipped":false,"skipReason":null,"runtimeMs":60,"fetchedRecords":2,"candidateRecords":2,"qualifiedRecords":2,"ingestActions":{"lead_created":0,"lead_created_duplicate":0,"lead_adopted":0,"lead_adopted_duplicate":0,"shadow_recorded":0,"dry_run":2,"skipped_already_processed":0},"adoptedRecords":0,"adoptionConflicts":0,"throttledResponses":0,"leadsCreated":0,"duplicatesFlagged":0,"cursorAdvanced":true,"errors":[]}
{"level":"info","time":"2026-09-19T03:10:04.564Z","service":"vantage-main-server","env":"development","msg":"ringcentral.call_log_sync.completed","observability_level":"info","category":"ringcentral","workflow":"ringcentral_call_log_sync","run_id":"2026-08-18T12:00:00.000Z"}
{"level":"info","time":"2026-09-19T03:10:04.565Z","service":"vantage-main-server","env":"development","msg":"ringcentral.call_log_sync.started","observability_level":"info","category":"ringcentral","workflow":"ringcentral_call_log_sync","run_id":"2026-08-18T12:00:00.000Z"}
{"level":"error","time":"2026-09-19T03:10:04.565Z","service":"vantage-main-server","env":"development","msg":"ringcentral.call_log_sync.failed","leaseOwnerHash":"e0e92466da53","stage":"ingest","errorCode":"ingest_failed","windowFrom":"2026-08-18T00:00:00.000Z","windowTo":"2026-08-18T12:00:00.000Z"}
{"level":"error","time":"2026-09-19T03:10:04.565Z","service":"vantage-main-server","env":"development","msg":"ringcentral.call_log_sync.failed","observability_level":"error","category":"ringcentral","workflow":"ringcentral_call_log_sync","run_id":"2026-08-18T12:00:00.000Z"}
{"level":"info","time":"2026-09-19T03:10:04.566Z","service":"vantage-main-server","env":"development","msg":"ringcentral.call_log_sync.started","observability_level":"info","category":"ringcentral","workflow":"ringcentral_call_log_sync","run_id":"2026-08-18T12:00:00.000Z"}
{"level":"info","time":"2026-09-19T03:10:04.567Z","service":"vantage-main-server","env":"development","msg":"ringcentral.call_log_sync.completed","ranAt":"2026-08-18T12:00:00.000Z","windowFrom":"2026-08-18T00:00:00.000Z","windowTo":"2026-08-18T12:00:00.000Z","leaseOwnerHash":"e0e92466da53","leaseAcquired":true,"leaseRecovered":false,"leaseLost":false,"skipped":false,"skipReason":null,"runtimeMs":30,"fetchedRecords":1,"candidateRecords":1,"qualifiedRecords":1,"ingestActions":{"lead_created":0,"lead_created_duplicate":0,"lead_adopted":0,"lead_adopted_duplicate":0,"shadow_recorded":0,"dry_run":1,"skipped_already_processed":0},"adoptedRecords":0,"adoptionConflicts":0,"throttledResponses":0,"leadsCreated":0,"duplicatesFlagged":0,"cursorAdvanced":true,"errors":[]}
{"level":"info","time":"2026-09-19T03:10:04.567Z","service":"vantage-main-server","env":"development","msg":"ringcentral.call_log_sync.completed","observability_level":"info","category":"ringcentral","workflow":"ringcentral_call_log_sync","run_id":"2026-08-18T12:00:00.000Z"}
{"level":"info","time":"2026-09-19T03:10:04.568Z","service":"vantage-main-server","env":"development","msg":"ringcentral.call_log_sync.started","observability_level":"info","category":"ringcentral","workflow":"ringcentral_call_log_sync","run_id":"2026-08-18T12:00:00.000Z"}
{"level":"info","time":"2026-09-19T03:10:04.569Z","service":"vantage-main-server","env":"development","msg":"ringcentral.call_log_sync.completed","ranAt":"2026-08-18T12:00:00.000Z","windowFrom":"2026-08-18T00:00:00.000Z","windowTo":"2026-08-18T12:00:00.000Z","leaseOwnerHash":"e0e92466da53","leaseAcquired":true,"leaseRecovered":false,"leaseLost":false,"skipped":false,"skipReason":null,"runtimeMs":30,"fetchedRecords":1,"candidateRecords":1,"qualifiedRecords":1,"ingestActions":{"lead_created":0,"lead_created_duplicate":0,"lead_adopted":1,"lead_adopted_duplicate":0,"shadow_recorded":0,"dry_run":0,"skipped_already_processed":0},"adoptedRecords":1,"adoptionConflicts":0,"throttledResponses":0,"leadsCreated":0,"duplicatesFlagged":0,"cursorAdvanced":true,"errors":[]}
{"level":"info","time":"2026-09-19T03:10:04.569Z","service":"vantage-main-server","env":"development","msg":"ringcentral.call_log_sync.completed","observability_level":"info","category":"ringcentral","workflow":"ringcentral_call_log_sync","run_id":"2026-08-18T12:00:00.000Z"}
✔ qualifies an inbound answered call over 120s to a mapped toll-free (6.0477ms)
✔ qualifies a GetMovers inbound call log record (2.4966ms)
✔ rejects a call under 120 seconds (0.5806ms)
✔ rejects an outbound call (2.6655ms)
✔ rejects a call to an unmapped number (0.5219ms)
✔ rejects a missed (unanswered) call (0.3854ms)
✔ matches target number across call legs and picks the inbound caller (1.7636ms)
✔ aggregates a multi-party session and qualifies the canonical queue party over 120s (8.8801ms)
✔ uses answered agent lifecycle timing when the target queue leg disconnects early (71.9429ms)
✔ rejects a session that disconnected under 120 seconds (1.0706ms)
✔ a live (non-terminal) call over 120s qualifies but is not ingest-eligible (0.6487ms)
✔ an outbound-only session is not a lead (0.7165ms)
﹣ [AC-14][AC-15][AC-16] Unit 20 replica adoption, conflict continuation, races, and rollback (2.1064ms) # Replica-set proof is opt-in via GRANOT_LIFECYCLE_REPLICA_TESTS=true.
✔ [AC-14] one exact immutable-phone candidate is selected without guessing (8.2487ms)
✔ [AC-16] zero and multiple candidates remain explicit outcomes (0.8871ms)
✔ [AC-14][AC-16] candidate window is inclusive at exactly plus/minus 12 hours (0.4305ms)
✔ [AC-14][AC-16] exact boundaries qualify and one millisecond outside does not (3.5263ms)
✔ [AC-16] missing call start fails adoption closed without querying candidates (0.4973ms)
✔ [AC-16] Job-only/missing-phone input is never an adoption candidate (0.4532ms)
✔ adoption match key stays exact Source Granularity plus ingested phone (3.3994ms)
✔ [AC-16] different Source Granularity with the same phone is not an adoption candidate (0.541ms)
✔ [AC-14] current-contact drift cannot replace immutable creation phone (14.8873ms)
✔ [AC-14] telephony session wins over call-log identity (3.6959ms)
✔ [AC-14] adoption statuses are terminal replay outcomes (0.4829ms)
✔ [AC-14] call-log race fence is declared unique and sparse (0.347ms)
✔ recording adapter uses fixed account endpoints and discards contentUri (67.2147ms)
✔ streaming client shares JWT refresh once, returns headers and forbids redirects (3.1571ms)
✔ recording deadline bounds stalled token acquisition and unauthorized refresh (1.7196ms)
{"level":"info","time":"2026-09-19T03:10:04.730Z","service":"vantage-main-server","env":"development","msg":"ringcentral.ingest.skipped_already_processed","telephonySessionId":"u20-session","callLogId":null,"previousStatus":"lead_adopted","ingestionSource":"webhook"}
✔ [AC-14] telephony replay returns before adoption candidate work (4.4492ms)
✔ [AC-14][AC-15] adoption occurs before duplicate classification and suppresses create (2.5022ms)
✔ [AC-16] no adoption candidate continues through normal ingest (1.016ms)
✔ [AC-14] webhook and Call Log descriptors enter equivalent convergence (0.9112ms)
✔ [AC-14] call-log-only create fails closed before candidate or Lead work without indexes (2.3131ms)
✔ adoption off still creates a RingCentral-origin Call Lead (documented Race B twin) (1.8228ms)
✔ RingCentral ingest lock stays gated on the adoption flag (1.4305ms)
{"level":"info","time":"2026-09-19T03:10:04.736Z","service":"vantage-main-server","env":"development","msg":"ringcentral.ingest.processed","action":"dry_run","writeMode":"dry_run","duplicate":false,"duplicateReason":"unique","ingestionSource":"webhook","telephonySessionId":"u20-session","callLogId":null,"sourceCompany":"main_site","durationSeconds":180,"callLeadId":null}
{"level":"info","time":"2026-09-19T03:10:04.742Z","service":"vantage-main-server","env":"development","msg":"ringcentral.ingest.processed","action":"lead_created","writeMode":"create","duplicate":false,"duplicateReason":"unique","ingestionSource":"webhook","telephonySessionId":"u20-session","callLogId":null,"sourceCompany":"main_site","durationSeconds":180,"callLeadId":"507f1f77bcf86cd799439099"}
✔ first call from a caller is unique (30.1051ms)
✔ a second call from the same caller + source within the window is a duplicate (0.9179ms)
✔ the same telephony session is not counted as its own duplicate (0.7879ms)
✔ [AC-15] the same call-log identity is not counted as its own duplicate (0.7644ms)
✔ a call with no caller phone cannot be classified as a duplicate (0.4166ms)
✔ phone numbers in different formats still match as duplicates (0.7653ms)
✔ duplicate lookup uses the earlier-only 90-day window (1.9979ms)
✔ same caller and source exactly 90 days apart is a duplicate (0.8269ms)
✔ same caller and source more than 90 days apart is unique (0.5377ms)
✔ different source is scoped out by the duplicate lookup (0.6841ms)
✔ [AC-15] adopted Lead id is excluded from duplicate classification (0.9114ms)
✔ [AC-15][AC-16] unresolved Granot candidates do not create false duplicates (0.9775ms)
✔ [AC-15] adopted Granot candidate from another physical call remains eligible (0.8971ms)
✔ [AC-15] future Leads are outside the earlier-only duplicate window (3.7664ms)
✔ builder: mode all is the account telephony path with no direction filter and no withRecordings; inbound builder is byte-for-byte unchanged (11.0066ms)
✔ classification: owned+matching managed by health; owned inbound-only and foreign same-address subscriptions are never managed (1.1462ms)
✔ plan/apply: noop when healthy, create when none owned, foreign same-address subscription is reported and untouched (3.6733ms)
✔ renewal: expiring owned subscription is renewed; renewing a foreign id is refused before any provider call (1.8097ms)
✔ repair: blacklisted owned subscription is deleted, marked and recreated; a foreign id is never deleted or replaced (2.336ms)
✔ health edges: unknown expiry is renew-due; unknown or missing status is reported and never repaired (review finding 6) (1.2154ms)
✔ ownership evidence fails closed: create without a recordable store surfaces the created id instead of orphaning it (review finding 7) (4.1544ms)
✔ provider adapter builds the exact RingCentral subscription requests over the shared client (25.2868ms)
{"level":"info","time":"2026-09-19T03:10:14.096Z","service":"vantage-main-server","env":"development","msg":"ringcentral.webhook.received","receivedAt":"2026-09-19T03:10:14.083Z","method":"POST","validationTokenPresent":true,"contentType":"application/json","userAgent":"node","eventHeaders":{},"subscriptionId":null,"telephonySessionId":null,"partyId":null,"event":"/restapi/v1.0/account/~/telephony/sessions"}
{"level":"info","time":"2026-09-19T03:10:14.115Z","service":"vantage-main-server","env":"development","msg":"ringcentral.webhook.capture.mongo_unavailable_logged","capture":{"provider":"ringcentral","receivedAt":{},"validationTokenPresent":true,"headers":{"host":"127.0.0.1:60699","connection":"keep-alive","content-type":"application/json","validation-token":"synthetic-validation","accept":"*/*","accept-language":"*","sec-fetch-mode":"cors","user-agent":"node","accept-encoding":"gzip, deflate","content-length":"80"},"rawBody":{"uuid":"echo-1","event":"/restapi/v1.0/account/~/telephony/sessions","body":{}},"normalizedPreview":{"subscriptionId":null,"event":"/restapi/v1.0/account/~/telephony/sessions","uuid":"echo-1","timestamp":null,"telephonySessionId":null,"sessionId":null,"partyId":null,"direction":null,"statusCode":null,"fromPhoneNumber":null,"fromName":null,"toPhoneNumber":null,"toName":null,"extensionId":null,"extensionNumber":null},"uuid":"echo-1","event":"/restapi/v1.0/account/~/telephony/sessions"}}
{"level":"info","time":"2026-09-19T03:10:14.131Z","service":"vantage-main-server","env":"development","msg":"ringcentral.webhook.processing.disabled","subscriptionId":null,"telephonySessionId":null}
{"level":"info","time":"2026-09-19T03:10:14.299Z","service":"vantage-main-server","env":"development","msg":"ringcentral.webhook.received","receivedAt":"2026-09-19T03:10:14.298Z","method":"POST","validationTokenPresent":false,"contentType":"application/json","userAgent":"node","eventHeaders":{},"subscriptionId":null,"telephonySessionId":null,"partyId":null,"event":null}
{"level":"info","time":"2026-09-19T03:10:14.299Z","service":"vantage-main-server","env":"development","msg":"ringcentral.webhook.capture.mongo_unavailable_logged","capture":{"provider":"ringcentral","receivedAt":{},"validationTokenPresent":false,"headers":{"host":"127.0.0.1:60699","connection":"keep-alive","content-type":"application/json","accept":"*/*","accept-language":"*","sec-fetch-mode":"cors","user-agent":"node","accept-encoding":"gzip, deflate","content-length":"27"},"rawBody":{"uuid":"echo-2","body":{}},"normalizedPreview":{"subscriptionId":null,"event":null,"uuid":"echo-2","timestamp":null,"telephonySessionId":null,"sessionId":null,"partyId":null,"direction":null,"statusCode":null,"fromPhoneNumber":null,"fromName":null,"toPhoneNumber":null,"toName":null,"extensionId":null,"extensionNumber":null},"uuid":"echo-2"}}
{"level":"info","time":"2026-09-19T03:10:14.299Z","service":"vantage-main-server","env":"development","msg":"ringcentral.webhook.processing.disabled","subscriptionId":null,"telephonySessionId":null}
✔ validation echo: the route echoes Validation-Token on a 200 and fans out only a durable receipt (839.5758ms)
﹣ generated MCP prompt, envelope and every tool exactly match server authority (6.1331ms) # Cross-repository parity runs in multi-repo workspace; isolated server snapshot has no MCP checkout
✔ closed tool arguments reject authority, operators, arbitrary URLs and excessive pages (70.1953ms)
✔ owner-added operational record kinds are citable through the authoritative strict envelope (3.3266ms)
✔ RingCentral search derives account/phone, bounds pages and excludes unrelated/provider-private content (87.6086ms)
✔ RingCentral reads disabled by default; invalid bounds and caller-supplied authority never reach provider (38.1276ms)
✔ call detail requires prior server admission and rechecks returned subject and id (9.145ms)
✔ provider errors are coverage failures with no raw body; unknown pagination never claims complete (3.6169ms)
✔ Job Timeline requires authorized resolved Lead and matching server-derived source (0.806ms)
✔ operational dataset facilitator is closed, paginated, revision-bound, and treats query as literal data (49.4873ms)
✔ fixed provider HTTP adapter uses cached token GET only, no refresh, redirects, alternate host or unbounded body (89.8497ms)
✔ cursor cannot change run, filter, or smuggle a Mongo operator (34.3912ms)
✔ relevance derives only from authorized lead edges and full normalized number (29.0536ms)
✔ projection excludes operational secrets and redacts untrusted free text (2.2433ms)
✔ response contract retains unknown speaker and nullable timing and rejects extra authority (12.1939ms)
✔ phone equality is Likely; exact session authorizes only that interaction and account (3.1041ms)
✔ overlaps are ambiguous; nonoverlapping moves and outside-overlap events stay independent (2.8967ms)
✔ unique current Attached outranks candidates; competing Attached blocks; reject and detach persist (0.6424ms)
✔ Form and Call windows include boundaries; later snapshots never backdate identity (52.4442ms)
✔ actual attachment queue and five-minute cron registrations, disabled worker skips without Mongo (29.9969ms)
✔ Owner attachment routes and cron recovery: authority, scope, flag, strict payload, CAS mapping and read-only GET (1251.9703ms)
✔ eligibility: all five accepted contexts, both Lead models, exclusions and absent upstream inputs (6.2188ms)
✔ media stream hashes actual bytes, uses immutable account key and cleans transient file (192.8372ms)
✔ media rejects declared and streamed oversize, mismatched length/type and arbitrary audio (134.6437ms)
✔ Retry-After seconds, HTTP date and default (0.8691ms)
✔ text-only transcript retains unknown speakers and unavailable timing (69.593ms)
✔ provider timing and actual speaker survive cross-boundary payment redaction (13.3815ms)
✔ invalid provider timing is unavailable; pricing is configured and rounded to integer cents (0.8119ms)
✔ CSI-12 five-minute cron, authentication, flag-off and default recovery/queue wiring (763.7838ms)
✔ CSI-11 queue stages, cron schedule, auth, flag-off and lease-held wiring (578.958ms)
✔ CSI-11 modules never import qualification, Lead writers, budgets, STT or LLMs (99.0194ms)
✔ CSI route templates expand only the closed run paths and methods (45.7322ms)
✔ Owner analysis commands bind exact output and source evidence (21.4577ms)
✔ published DTO fixtures preserve undated and review-only rows and unknown coverage (4.3171ms)
✔ accepted policy defaults and invalid schedules (115.3289ms)
✔ strict commands allow undated independent actions and reject operational injection (265.4048ms)
✔ Grok review: empty channels/evidence and duplicate assessment are rejected; no locator gate (91.5098ms)
✔ all CSI model accessors honor isolated database routing without suffix collections (162.686ms)
✔ signed run token requires scoped principal, live run, dataset, nonce, expiry, subject and tool (32.6312ms)
✔ single-attempt adapter never retries a non-idempotent submission, including 401/429/timeout (25.1193ms)
✔ Direct chat must have exactly the two reviewed people; supports provider member objects (17.1652ms)
✔ SMS and pager use JWT sender and correct endpoint contract (4.6448ms)
✔ repair receipt requires exact ID, sender and Direct membership, not matching text/time (8.9702ms)
✔ repair receipt rejects a Direct chat response for a different chat ID (1.9414ms)
✔ body/customer destination policy handles canonical, formatted and full-width representations (1.8832ms)
✔ versioned templates limit customer identity; purpose/version/client chat are strict (3.2514ms)
✔ optional channels default off (0.8808ms)
✔ documented nudge controls take precedence; aliases cannot widen an explicit channel allowlist (1.4229ms)
✔ nudge routes enforce signed Owner, feature, strict input, idempotency; GET never dispatches (1554.1534ms)
✔ repair cron is authenticated, disabled without DB, registered every five minutes (111.5497ms)
✔ 30/15/1440 clocks, Friday close, Sunday, DST and independent weekly calendar (81.8523ms)
✔ day-only waits end at close; Attention next opening; explicit Sunday honoured; ambiguity undated (40.1203ms)
✔ all three actions including undated; snooze preserves contractual overdue and other reasons (150.2407ms)
✔ inbound human versus missed/provider connected; attempts fulfill callback only and retain outcome (129.7617ms)
✔ wait coexistence, official closure precedence, planning denies stale and Owner effects (17.8351ms)
✔ worker, cron and recovery registrations exist without enabling production flags (18.0911ms)
✔ exact names remain proposed; alias ties, duplicate names, missing names and non-Users remain explicit (27.3403ms)
✔ account scope, half-open reassignment, retirement and review authority (36.4958ms)
✔ period validation compares instants and rejects unknown input keys (46.0187ms)
✔ registered identity worker is a flag-off no-op (1.2853ms)
✔ all five Rep routes enforce Owner, strict contracts, scope, flags and idempotency header (1579.1095ms)
✔ minute recovery invokes registered bounded rep stage, honors flag and cron authentication (78.23ms)
✔ call lead browse q includes Granot snapshot name (35.3832ms)
✔ call lead browse phone matches the typed string on live and snapshot paths (3.804ms)
✔ Call Lead Search phone ORs live, ingested, and Granot snapshot paths (7.2244ms)
✔ Call Lead Search name ORs ingested and Granot name paths (1.54ms)
✔ Call Lead Search email ORs ingested and Granot email paths (1.3455ms)
✔ Call Lead Search keeps OR across phone, name, and email (0.7194ms)
✔ form lead browse q includes Granot snapshot name (29.2425ms)
✔ form lead browse name includes ingested and Granot name paths (1.5046ms)
✔ form lead browse email includes ingested and Granot email paths (1.0031ms)
✔ form lead browse phone matches the typed string on live and snapshot paths (1.4597ms)
✔ form lead browse empty query finds all leads including duplicates (2.6502ms)
✔ form lead browse result card omits snapshot objects (1.2035ms)
✔ form lead search excludes duplicate quarantine leads by default (6.1038ms)
✔ form lead search includes duplicate quarantine leads when requested (0.9343ms)
{"level":"info","time":"2026-09-19T03:10:22.566Z","service":"vantage-main-server","env":"development","msg":"sheet_sync.drain.quota_deferral","spreadsheetId":"sheet-1","tabName":"Calls","writes":1}
✔ batches existing-row updates and new-row appends into one call each (11.1036ms)
✔ deletes rows in descending order in a single batchUpdate (3.3155ms)
✔ missing delete rows are an idempotent success (no API call) (1.6772ms)
✔ defers all writes when the read-quota reservation is denied (2.3902ms)
✔ partial failure: update call fails but appends still succeed (2.3051ms)
✔ append batches are split by configured row guardrail (1.8149ms)
✔ buildTabRowMap maps Mongo IDs to 1-based row numbers (0.7279ms)
✔ QuotaLimiter grants within budget and denies (with rollback) past it (1.5443ms)
{"level":"info","time":"2026-09-19T03:10:27.752Z","service":"vantage-main-server","env":"development","msg":"sheet_sync.drain.call_lead.created_on_unmatched.skipped","leadId":"6aadfd23c948ca833a73c1dc"}
✔ jobPlanner registers mongoose models required for booked-lead populate (2.8767ms)
✔ planJobWrites turns a tombstone's previous_targets into delete writes (5.2596ms)
✔ planJobWrites skips tombstone targets with unknown headers (1.4229ms)
✔ planJobWrites limits retrying tombstones to target_hints (0.8509ms)
✔ planJobWrites returns a single empty plan when a tombstone has no targets (0.643ms)
✔ planJobWrites dual-writes bad form leads to Forms and Master Bad Leads (3.6343ms)
✔ planJobWrites deletes stale Master Bad Leads row when bad_lead is cleared (0.9325ms)
✔ planJobWrites deletes stale Calls row when duplicate call lead lacks sheet_sync metadata (1.699ms)
✔ ordinary No-Sync Form deletes Forms only and does not upsert (1.1608ms)
✔ ordinary No-Sync Call deletes Calls only and does not upsert (1.3732ms)
✔ Booking Chain + ordinary No-Sync Call upserts Booked Deals and deletes Calls (2.3505ms)
✔ Unmatched Call without no_sync stays an empty plan with no deletes (2.9542ms)
✔ no_sync + bad_lead matches today's Bad Form dual-write (1.5712ms)
✔ no_sync + Call duplicate matches today's Duplicate Calls plan (1.2277ms)
✔ Form Duplicate upserts Duplicates and does not delete leftover Forms (0.6558ms)
✔ no_sync + Form duplicate matches today's Form Duplicate plan (1.0404ms)
✔ clear no_sync on an ordinary Form upserts Forms (1.1426ms)
✔ isNoSyncLead is false for missing / false / null (1.7866ms)
✔ noSyncAppliesToNormalTabs is false when duplicate or bad_lead (0.4185ms)
{"level":"info","time":"2026-09-19T03:10:44.434Z","service":"vantage-main-server","env":"development","msg":"sheet_sync.outbox.enqueued","coalescingKey":"source_lead:FormLead:6aadfd341197df21da03be1f","resource":"source_lead","operation":"form_lead.create","jobId":"6aadfd341197df21da03be20","dueAt":"2026-09-19T03:10:47.428Z","priority":60}
✔ enqueueSheetSyncJob writes a coalescing upsert keyed by entity (67.562ms)
✔ enqueueSheetSyncJob threads the caller session for atomic commit (1.1511ms)
✔ enqueueSheetSyncTombstone cancels the superseded upsert then writes the delete (12.4007ms)
✔ persistSheetSyncIntent only writes the outbox in queued mode (17.717ms)
{"level":"info","time":"2026-09-19T03:10:44.492Z","service":"vantage-main-server","env":"development","msg":"sheet_sync.outbox.enqueued","coalescingKey":"booking_chain:b1","resource":"booking_chain","operation":"booked_lead.update","jobId":"6aadfd341197df21da03be21","dueAt":"2026-09-19T03:10:47.492Z","priority":80}
{"level":"info","time":"2026-09-19T03:10:44.504Z","service":"vantage-main-server","env":"development","msg":"sheet_sync.outbox.upsert_superseded_by_delete","supersededKey":"source_lead:CallLead:lead-1","cancelled":1}
{"level":"info","time":"2026-09-19T03:10:44.505Z","service":"vantage-main-server","env":"development","msg":"sheet_sync.outbox.tombstone_enqueued","coalescingKey":"delete_source_lead:CallLead:lead-1","resource":"delete_source_lead","operation":"call_lead.delete","jobId":"6aadfd341197df21da03be22","mongoId":"lead-1"}
{"level":"info","time":"2026-09-19T03:10:44.506Z","service":"vantage-main-server","env":"development","msg":"sheet_sync.outbox.enqueued","coalescingKey":"source_lead:CallLead:lead-9","resource":"source_lead","operation":"call_lead.update","jobId":"6aadfd341197df21da03be23","dueAt":"2026-09-19T03:10:47.506Z","priority":50}
✔ syncSourceLead evaluates no_sync before unmatched and deletes ordinary tabs without the facade (24.5989ms)
✔ projects tariff rows into Timestamp through Carrier columns (3.6533ms)
✔ resolves a Granot Carrier Code to the Moving Carrier name and DOT (4.6258ms)
✔ appends both service rows with resolved Carrier and never upserts by identifier (5.02ms)
✔ appends Linehaul plus a free-text Service row (2.3066ms)
✔ refuses an empty append (1.2812ms)
✔ hasBbbRedaction detects BBB PII redaction tokens (1.9654ms)
✔ listTestimonialsQuerySchema coerces pagination and boolean filters (7.4557ms)
✔ buildTestimonialFilter applies only provided query flags (2.1799ms)
✔ adminTestimonialsQuerySchema coerces admin filters and sort direction (6.0896ms)
✔ buildAdminTestimonialFilter applies reviewer, rating, customer, and date filters (1.5474ms)
✔ listTestimonials returns paginated landing-page items (1.9618ms)
✔ listAdminTestimonials returns admin fields and applies requested sort (2.1958ms)
✔ listAdminTestimonialReviewerNames returns sorted unique non-empty names (3.5941ms)
{"level":"warn","time":"2026-09-19T03:10:51.897Z","service":"vantage-main-server","env":"development","msg":"source_lead.update.booking_missing","operation":"call_lead.update","leadModel":"CallLead","leadId":"6aadfd3b2a2f22e435130e7b","bookingId":"6aadfd3b2a2f22e435130e7c"}
✔ booked call lead refreshes attached booking customer and local (23.8695ms)
✔ booked form lead refreshes attached booking customer and local (3.0917ms)
✔ unbooked lead keeps source lead sync target (1.4948ms)
✔ stale booking reference falls back to source lead sync (7.737ms)
✔ mismatched booking reference falls back to source lead sync (9.553ms)
{"level":"warn","time":"2026-09-19T03:10:51.910Z","service":"vantage-main-server","env":"development","msg":"source_lead.update.booking_mismatch","operation":"call_lead.update","leadModel":"CallLead","leadId":"6aadfd3b2a2f22e435130e7d","bookingId":"6aadfd3b2a2f22e435130e7e","bookingLeadModel":"FormLead","bookingLeadId":"6aadfd3b2a2f22e435130e7f"}
✔ V1ServiceError preserves the original (message, statusCode = 400) constructor signature (2.6437ms)
✔ V1ServiceError is an AppError (single instanceof handles both legacy and typed throws) (0.516ms)
✔ V1ServiceError keeps its historical `name` so existing log filters match (0.3787ms)
✔ V1ServiceError maps its statusCode onto a stable error code for logs (0.4719ms)
✔ parseFloridaCalendarDate stores YYYY-MM-DD as Florida calendar midnight UTC (2.42ms)
✔ formatFloridaCalendarDate renders stored calendar dates without local timezone drift (0.4758ms)
✔ floridaCalendarToday uses the America/New_York calendar day (0.4975ms)
✔ floridaCalendarDateInputValue returns YYYY-MM-DD in Florida time (0.4032ms)
✔ toFloridaTimestamp stores Eastern daylight time clock components (0.5791ms)
✔ toFloridaTimestamp stores Eastern standard time clock components (21.158ms)
✔ easternDateTimeParts reads America/New_York wall clock in standard and daylight time (1.877ms)
✔ easternWallClockToUtc maps 8:00 AM Eastern to the matching UTC instant (0.5227ms)
✔ escapeSheetTitleForRange wraps plain titles in single quotes (1.8874ms)
✔ escapeSheetTitleForRange doubles single quotes inside a sheet title (0.51ms)
✔ escapeSheetTitleForRange preserves whitespace and non-quote punctuation (0.2996ms)
✔ extractRowNumberFromRange parses single-cell updates (0.5593ms)
✔ extractRowNumberFromRange parses appended row ranges (0.4123ms)
✔ extractRowNumberFromRange returns undefined for missing or malformed input (0.3123ms)
✔ generateLeadId returns unique established-format identifiers (3.2ms)
✔ parseGranotCityState accepts multi-word cities and normalizes state (3.7868ms)
✔ Granot location parsing rejects placeholder and malformed values (0.6744ms)
✔ isObjectIdString accepts 24-char hex ids (2.4577ms)
✔ toObjectId parses hex strings (10.7118ms)
✔ toObjectIdOrUndefined maps empty values to undefined (0.3809ms)
✔ job-number-timeline loader does not value-import ObjectId from mongodb (15.2223ms)
✔ newObjectIdHex returns a distinct 24-char hex id (2.3842ms)
✔ normalizePhoneNumberForStorage strips US formatting and leading country code (1.9798ms)
✔ normalizePhoneNumberForStorage preserves unrecognized phone values (0.4029ms)
✔ normalizePhoneNumberForStorage preserves explicit foreign numbers (0.3632ms)
✔ normalizePhoneNumberForMatch keeps existing last-ten-digits matching behavior (0.3847ms)
✔ normalizePhoneNumberForMatch uses full foreign number digits (0.2805ms)
✔ rep promise and customer callback request stay distinct kinds (32.1154ms)
✔ multiple commitments accept an undated action without inventing a due date (2.0195ms)
✔ voicemail with unknown speaker is valid and is not human conversation (1.585ms)
✔ contact restriction is schema-valid without closing Outreach (1.7134ms)
✔ owner-instruction disagreement cites the exact instruction revision (3.1337ms)
✔ rejects extra operational fields on the envelope and nested objects (4.0653ms)
✔ rejects malformed evidence references (4.202ms)
✔ rejects unknown finding kinds, duplicate keys, and dangling finding_keys (11.7198ms)
✔ schema validation does not authorize evidence or apply business effects (2.3845ms)
✔ enforces document 10 engineering bounds (19.6586ms)
✔ createCallLeadSchema accepts a job_no-only call lead (55.6616ms)
✔ updateFormLeadSchema accepts canonical pickup and delivery cities (21.8898ms)
✔ createCallLeadSchema rejects call leads without phone_number or job_no (7.4986ms)
✔ createBookedLeadFromSourceSchema accepts CallLead booking with only call_job_no (9.5956ms)
✔ createReferralBookingSchema accepts owner-facing referral booking fields (1.9046ms)
✔ createReferralBookingSchema accepts optional customer_phone (0.7338ms)
✔ createBookedLeadFromSourceSchema accepts optional customer contact fields (2.2484ms)
✔ createCustomerSchema accepts name-only customers (0.7611ms)
✔ createReferralBookingSchema rejects server-owned referral source fields (0.9256ms)
✔ createLeadlessBookingSchema accepts owner-facing leadless booking fields (1.5761ms)
✔ createLeadlessBookingSchema accepts booking without customer contact fields (0.4684ms)
✔ createLeadlessBookingSchema rejects server-owned leadless flags (0.5413ms)
✔ createBookedLeadSchema accepts FormLead booking by Mongo id without job_no (2.5033ms)
✔ createBookedLeadFromSourceSchema accepts transient CallLead booking phone (0.5798ms)
✔ createBookedLeadFromSourceSchema accepts CallLead booking with only phone on Best Relocation import (0.3446ms)
✔ createBookedLeadFromSourceSchema rejects Owner Call Lead booking with only phone (0.4192ms)
✔ createBookedLeadFromSourceSchema rejects CallLead booking without job or phone (0.3642ms)
✔ createFormLeadSchema does not accept duplicate from clients (6.9044ms)
✔ createFormLeadSchema does not accept bad_lead from clients (1.2042ms)
✔ createFormLeadSchema accepts optional lid from clients (12.683ms)
✔ createFormLeadSchema accepts Best Relocation UUID identity and sheet flags (2.9008ms)
✔ createFormLeadSchema rejects malformed lid values (2.0637ms)
✔ updateFormLeadSchema accepts duplicate for backfill and admin patches (1.2091ms)
✔ updateFormLeadSchema accepts and clears bad_lead reasons (1.3857ms)
✔ createFormLeadSchema accepts optional wordpress_submission_key (1.7691ms)
✔ createFormLeadSchema defaults post_to_granot to false when omitted (0.5755ms)
✔ createFormLeadSchema defaults an omitted or blank ref_no (1.5627ms)
✔ createFormLeadSchema accepts first and last name without name (1.5344ms)
✔ createFormLeadSchema rejects payloads without any name fields (1.197ms)
✔ createFormLeadSchema accepts post_to_granot boolean false (1.0839ms)
✔ createFormLeadSchema accepts post_to_granot string false (0.7022ms)
✔ createFormLeadSchema accepts boolean sms_consent (0.7901ms)
✔ createFormLeadSchema coerces string sms_consent values (1.2477ms)
✔ createFormLeadSchema accepts typo emails as plain strings (0.64ms)
✔ createCallLeadSchema does not accept server-owned flags from clients (0.5386ms)
✔ createCallLeadSchema accepts imported qualification flags (0.5854ms)
✔ createCallLeadSchema accepts optional first and last name (1.8083ms)
✔ createCallLeadSchema accepts Best Relocation Inbounds webhook payload (1.1209ms)
✔ bookedCallLeadReconciliationBatchSchema accepts Booked Jobs CRM rows (5.8385ms)
✔ CallLead model validates job_no-only identity (56.4244ms)
✔ CallLead model stores form_fill when computed by the service (19.4595ms)
✔ BookedLead model validates phone-only CallLead bookings without job_no (24.8368ms)
✔ BookedLead model validates leadless referral bookings (5.8562ms)
✔ BookedLead model validates leadless bookings without lead linkage (14.523ms)
✔ BookedLead model still requires lead linkage for non-referral bookings (4.2393ms)
✔ FormLead model stores duplicate quarantine flag (4.0944ms)
✔ FormLead model stores bad_lead enum values (2.7709ms)
✔ FormLead model and update validation support lossless legacy bad-tab provenance (3.1291ms)
✔ FormLead model rejects unknown bad_lead values (4.1262ms)
✔ FormLead model defaults missing state fields to not_found (2.02ms)
✔ CallLead model rejects identity-less documents (2.089ms)
✔ FormLead model accepts receiver_agent provenance fields (2.0245ms)
✔ FormLead model rejects an unknown receiver_agent_source value (2.4888ms)
✔ CallLead model accepts receiver_agent provenance fields (2.0146ms)
✔ updateFormLeadSchema accepts receiver_agent linking fields (0.8638ms)
✔ updateCallLeadSchema accepts receiver_agent linking fields (4.6823ms)
✔ searchFormLeadsSchema accepts typo emails as plain strings (1.1585ms)
✔ searchFormLeadsSchema accepts include_duplicates to search quarantined leads (0.3618ms)
✔ resolveGranotFormLeadSchema keeps provider refs and requires a Granot source (0.9594ms)
✔ granotFormLeadSyncSchema separates the patch from its source precondition (5.7496ms)
✔ browseFormLeadsQuerySchema allows an empty query (view all) with defaults (1.3944ms)
✔ browseFormLeadsQuerySchema accepts a standalone source_company filter (0.4851ms)
✔ browseFormLeadsQuerySchema coerces booked and limit query strings (0.3937ms)
✔ browseFormLeadsQuerySchema rejects unknown keys (0.3427ms)
✔ browseCallLeadsQuerySchema accepts job_no and full-text q (2.1688ms)
✔ [AC-07] [AC-10] public/admin Form create and patch reject internal lifecycle metadata (33.2935ms)
✔ [AC-12] public/admin Call create and patch reject internal lifecycle metadata (14.2311ms)
✔ create and update Form and Call schemas accept optional no_sync (1.1535ms)
✔ [AC-07] ordinary Form create still requires move_size; ordinary Call still requires phone or job_no (0.9546ms)
✔ create and update Cancellation schemas reject client-supplied correlation snapshots (15.3121ms)
✔ reconciliation list query accepts owner_booking origin (5.8233ms)
✔ create-and-attach validates Form Lead fields for its selected model (11.6423ms)
✔ create-and-attach requires Phone or Job Number for a Call Lead (1.7663ms)
✔ [AC-31] foundation activation input is strict and bounded (9.0487ms)
✔ [AC-37] requeue reason is strict 10-500 and rejects unknown keys (2.2349ms)
✔ [AC-35] portion lifecycle error envelopes stay raw-free (0.4636ms)
✔ [AC-34] extension apply item requires lowercase UUID v4 and raw statement scalars (5.9365ms)
✔ [AC-02] batch rejects duplicate operation IDs and more than 100 items (1.7674ms)
✔ [AC-23][AC-35][AC-36] discrepancy filters and Owner bodies are strict and revision guarded (8.5622ms)
✔ receipt search query is strict, normalizes identity, and implies booking_status_changed (9.7727ms)
✔ [AC-18] [AC-19] case list query is strict, bounded, and validates date order (3.3355ms)
✔ [AC-35] candidate and timeline queries reject unsafe cursor/contact shapes (2.4447ms)
✔ [AC-40] Lead timeline accepts only the exact model union and ObjectId (1.2474ms)
✔ [AC-22] confirm Booking input is strict and validates exact official cents (4.168ms)
✔ Connect Booking to Lead input is strict and requires selected_lead (1.988ms)
✔ Connect candidate query allows empty q and rejects unknown keys (1.1207ms)
✔ [AC-28] Referral Booking input accepts only case revision and strict official details (2.2956ms)
✔ [AC-22] confirm Booking accepts one or two unique Agents and rejects a matching secondary (1.1196ms)
✔ [AC-24] update Booking is a strict complete replacement with both revisions (15.3346ms)
✔ [AC-20] Booking No Action reasons are independently optional and strict (1.3013ms)
✔ [AC-25] Confirm Cancellation accepts only strict official fields with exact date and cents (2.1427ms)
✔ lead message admin query applies bounded pagination (8.5859ms)
✔ manual retry requires explicit confirmation (1.1154ms)
✔ Simple CPL validation requires revisions and cents-precise nonnegative amounts (10.2572ms)
✔ Advanced CPL validation accepts only explicit discriminated commands (6.9516ms)
✔ Correction preview validates an inclusive ordered business-date window (3.213ms)
✔ catalog update accepts Granot username correction with optional reason (7.785ms)
✔ catalog update rejects reason-only payloads (2.0131ms)
✔ Source Company writes reject embedded granularities and compatibility defaults (4.4132ms)
✔ Source Granularity create requires a first-class company ObjectId (3.4412ms)
✔ Source Granularity update rejects immutable identity fields (2.8149ms)
✔ source activation and resolution preview parse contract fields (28.3534ms)
✔ createTariffAdjustmentsSchema accepts two shared-field service rows (8.3476ms)
✔ createTariffAdjustmentsSchema accepts a Linehaul-only payload (1.0253ms)
✔ createTariffAdjustmentsSchema accepts Linehaul plus an owner-written service (0.5157ms)
✔ createTariffAdjustmentsSchema accepts three matching rows (0.6636ms)
✔ createTariffAdjustmentsSchema allows omitted effective_date when all rows omit it (1.0859ms)
✔ createTariffAdjustmentsSchema rejects an empty rows array (1.4506ms)
✔ createTariffAdjustmentsSchema rejects more than 20 rows (2.6943ms)
✔ createTariffAdjustmentsSchema requires at least one Linehaul row (1.2337ms)
✔ createTariffAdjustmentsSchema requires shared fields to match (18.2034ms)
✔ createTariffAdjustmentsSchema rejects three rows with a mismatched pickup_zone (1.634ms)
✔ createTariffAdjustmentsSchema requires a 5-digit ZIP and a carrier (1.3258ms)
✔ createTariffAdjustmentsSchema rejects a Service and Rule that are not a Drop Downs pair (0.6358ms)
✔ createTariffAdjustmentsSchema rejects customer and job identifiers (35.5238ms)
ℹ tests 2522
ℹ suites 13
ℹ pass 2406
ℹ fail 2
ℹ cancelled 0
ℹ skipped 114
ℹ todo 0
ℹ duration_ms 368071.3508

✖ failing tests:

test at src\services\granotLifecycle\operations.replica.test.ts:1:1
✖ src\services\granotLifecycle\operations.replica.test.ts (28070.7701ms)
  'test failed'

test at src\services\granotLifecycle\receiptSearch.test.ts:1:1
✖ src\services\granotLifecycle\receiptSearch.test.ts (23512.6053ms)
  'test failed'
